contract_id,domain_id,domain_name,domain_stars_raw,domain_stars
E3014,HD1,"Staying Healthy: Screenings, Tests and Vaccines",Plan not required to report measure ,
E3014,HD2,Managing Chronic (Long Term) Conditions,Plan not required to report measure ,
E3014,HD3,Member Experience with Health Plan,Plan not required to report measure ,
E3014,HD4,Member Complaints and Changes in the Health Plan's Performance,Plan not required to report measure ,
E3014,HD5,Health Plan Customer Service,Plan not required to report measure ,
E3014,DD1,Drug Plan Customer Service,Not enough data available ,
E3014,DD2,Member Complaints and Changes in the Drug Plan’s Performance,5,5
E3014,DD3,Member Experience with the Drug Plan,5,5
E3014,DD4,Drug Safety and Accuracy of Drug Pricing,4,4
H0022,HD1,"Staying Healthy: Screenings, Tests and Vaccines",Not enough data available ,
H0022,HD2,Managing Chronic (Long Term) Conditions,Not enough data available ,
H0022,HD3,Member Experience with Health Plan,Not enough data available ,
H0022,HD4,Member Complaints and Changes in the Health Plan's Performance,Not enough data available ,
H0022,HD5,Health Plan Customer Service,Not enough data available ,
H0022,DD1,Drug Plan Customer Service,Not enough data available ,
H0022,DD2,Member Complaints and Changes in the Drug Plan’s Performance,Not enough data available ,
H0022,DD3,Member Experience with the Drug Plan,Not enough data available ,
H0022,DD4,Drug Safety and Accuracy of Drug Pricing,Not enough data available,
H0028,HD1,"Staying Healthy: Screenings, Tests and Vaccines",4,4
H0028,HD2,Managing Chronic (Long Term) Conditions,4,4
H0028,HD3,Member Experience with Health Plan,3,3
H0028,HD4,Member Complaints and Changes in the Health Plan's Performance,4,4
H0028,HD5,Health Plan Customer Service,5,5
H0028,DD1,Drug Plan Customer Service,5,5
H0028,DD2,Member Complaints and Changes in the Drug Plan’s Performance,4,4
H0028,DD3,Member Experience with the Drug Plan,4,4
H0028,DD4,Drug Safety and Accuracy of Drug Pricing,3,3
H0029,HD1,"Staying Healthy: Screenings, Tests and Vaccines",Not enough data available ,
H0029,HD2,Managing Chronic (Long Term) Conditions,Not enough data available ,
H0029,HD3,Member Experience with Health Plan,Not enough data available ,
H0029,HD4,Member Complaints and Changes in the Health Plan's Performance,Not enough data available ,
H0029,HD5,Health Plan Customer Service,Not enough data available ,
H0029,DD1,Drug Plan Customer Service,Not enough data available ,
H0029,DD2,Member Complaints and Changes in the Drug Plan’s Performance,Not enough data available ,
H0029,DD3,Member Experience with the Drug Plan,Not enough data available ,
H0029,DD4,Drug Safety and Accuracy of Drug Pricing,Not enough data available,
H0034,HD1,"Staying Healthy: Screenings, Tests and Vaccines",Not enough data available ,
H0034,HD2,Managing Chronic (Long Term) Conditions,1,1
H0034,HD3,Member Experience with Health Plan,Not enough data available ,
H0034,HD4,Member Complaints and Changes in the Health Plan's Performance,2,2
H0034,HD5,Health Plan Customer Service,Not enough data available ,
H0034,DD1,Drug Plan Customer Service,3,3
H0034,DD2,Member Complaints and Changes in the Drug Plan’s Performance,2,2
H0034,DD3,Member Experience with the Drug Plan,Not enough data available ,
H0034,DD4,Drug Safety and Accuracy of Drug Pricing,2,2
H0062,HD1,"Staying Healthy: Screenings, Tests and Vaccines",4,4
H0062,HD2,Managing Chronic (Long Term) Conditions,2,2
H0062,HD3,Member Experience with Health Plan,Not enough data available ,
H0062,HD4,Member Complaints and Changes in the Health Plan's Performance,Not enough data available ,
H0062,HD5,Health Plan Customer Service,Not enough data available ,
H0062,DD1,Drug Plan Customer Service,Not enough data available ,
H0062,DD2,Member Complaints and Changes in the Drug Plan’s Performance,3,3
H0062,DD3,Member Experience with the Drug Plan,Not enough data available ,
H0062,DD4,Drug Safety and Accuracy of Drug Pricing,3,3
H0074,HD1,"Staying Healthy: Screenings, Tests and Vaccines",3,3
H0074,HD2,Managing Chronic (Long Term) Conditions,Not enough data available ,
H0074,HD3,Member Experience with Health Plan,3,3
H0074,HD4,Member Complaints and Changes in the Health Plan's Performance,1,1
H0074,HD5,Health Plan Customer Service,Not enough data available ,
H0074,DD1,Drug Plan Customer Service,5,5
H0074,DD2,Member Complaints and Changes in the Drug Plan’s Performance,2,2
H0074,DD3,Member Experience with the Drug Plan,3,3
H0074,DD4,Drug Safety and Accuracy of Drug Pricing,3,3
H0088,HD1,"Staying Healthy: Screenings, Tests and Vaccines",2,2
H0088,HD2,Managing Chronic (Long Term) Conditions,2,2
H0088,HD3,Member Experience with Health Plan,Not enough data available ,
H0088,HD4,Member Complaints and Changes in the Health Plan's Performance,2,2
H0088,HD5,Health Plan Customer Service,Not enough data available ,
H0088,DD1,Drug Plan Customer Service,5,5
H0088,DD2,Member Complaints and Changes in the Drug Plan’s Performance,2,2
H0088,DD3,Member Experience with the Drug Plan,Not enough data available ,
H0088,DD4,Drug Safety and Accuracy of Drug Pricing,2,2
H0104,HD1,"Staying Healthy: Screenings, Tests and Vaccines",3,3
H0104,HD2,Managing Chronic (Long Term) Conditions,3,3
H0104,HD3,Member Experience with Health Plan,4,4
H0104,HD4,Member Complaints and Changes in the Health Plan's Performance,5,5
H0104,HD5,Health Plan Customer Service,5,5
H0104,DD1,Drug Plan Customer Service,4,4
H0104,DD2,Member Complaints and Changes in the Drug Plan’s Performance,5,5
H0104,DD3,Member Experience with the Drug Plan,3,3
H0104,DD4,Drug Safety and Accuracy of Drug Pricing,3,3
H0107,HD1,"Staying Healthy: Screenings, Tests and Vaccines",4,4
H0107,HD2,Managing Chronic (Long Term) Conditions,3,3
H0107,HD3,Member Experience with Health Plan,4,4
H0107,HD4,Member Complaints and Changes in the Health Plan's Performance,4,4
H0107,HD5,Health Plan Customer Service,4,4
H0107,DD1,Drug Plan Customer Service,4,4
H0107,DD2,Member Complaints and Changes in the Drug Plan’s Performance,4,4
H0107,DD3,Member Experience with the Drug Plan,2,2
H0107,DD4,Drug Safety and Accuracy of Drug Pricing,3,3
H0111,HD1,"Staying Healthy: Screenings, Tests and Vaccines",2,2
H0111,HD2,Managing Chronic (Long Term) Conditions,2,2
H0111,HD3,Member Experience with Health Plan,3,3
H0111,HD4,Member Complaints and Changes in the Health Plan's Performance,2,2
H0111,HD5,Health Plan Customer Service,2,2
H0111,DD1,Drug Plan Customer Service,5,5
H0111,DD2,Member Complaints and Changes in the Drug Plan’s Performance,2,2
H0111,DD3,Member Experience with the Drug Plan,4,4
H0111,DD4,Drug Safety and Accuracy of Drug Pricing,3,3
H0137,HD1,"Staying Healthy: Screenings, Tests and Vaccines",Not enough data available ,
H0137,HD2,Managing Chronic (Long Term) Conditions,Not enough data available ,
H0137,HD3,Member Experience with Health Plan,Not enough data available ,
H0137,HD4,Member Complaints and Changes in the Health Plan's Performance,Not enough data available ,
H0137,HD5,Health Plan Customer Service,Not enough data available ,
H0137,DD1,Drug Plan Customer Service,Not enough data available ,
H0137,DD2,Member Complaints and Changes in the Drug Plan’s Performance,Not enough data available ,
H0137,DD3,Member Experience with the Drug Plan,Not enough data available ,
H0137,DD4,Drug Safety and Accuracy of Drug Pricing,Not enough data available,
H0154,HD1,"Staying Healthy: Screenings, Tests and Vaccines",3,3
H0154,HD2,Managing Chronic (Long Term) Conditions,4,4
H0154,HD3,Member Experience with Health Plan,5,5
H0154,HD4,Member Complaints and Changes in the Health Plan's Performance,4,4
H0154,HD5,Health Plan Customer Service,4,4
H0154,DD1,Drug Plan Customer Service,4,4
H0154,DD2,Member Complaints and Changes in the Drug Plan’s Performance,4,4
H0154,DD3,Member Experience with the Drug Plan,5,5
H0154,DD4,Drug Safety and Accuracy of Drug Pricing,3,3
H0169,HD1,"Staying Healthy: Screenings, Tests and Vaccines",3,3
H0169,HD2,Managing Chronic (Long Term) Conditions,4,4
H0169,HD3,Member Experience with Health Plan,5,5
H0169,HD4,Member Complaints and Changes in the Health Plan's Performance,4,4
H0169,HD5,Health Plan Customer Service,5,5
H0169,DD1,Drug Plan Customer Service,4,4
H0169,DD2,Member Complaints and Changes in the Drug Plan’s Performance,4,4
H0169,DD3,Member Experience with the Drug Plan,5,5
H0169,DD4,Drug Safety and Accuracy of Drug Pricing,4,4
H0174,HD1,"Staying Healthy: Screenings, Tests and Vaccines",3,3
H0174,HD2,Managing Chronic (Long Term) Conditions,3,3
H0174,HD3,Member Experience with Health Plan,3,3
H0174,HD4,Member Complaints and Changes in the Health Plan's Performance,3,3
H0174,HD5,Health Plan Customer Service,3,3
H0174,DD1,Drug Plan Customer Service,5,5
H0174,DD2,Member Complaints and Changes in the Drug Plan’s Performance,3,3
H0174,DD3,Member Experience with the Drug Plan,4,4
H0174,DD4,Drug Safety and Accuracy of Drug Pricing,3,3
H0192,HD1,"Staying Healthy: Screenings, Tests and Vaccines",Not enough data available ,
H0192,HD2,Managing Chronic (Long Term) Conditions,Not enough data available ,
H0192,HD3,Member Experience with Health Plan,Not enough data available ,
H0192,HD4,Member Complaints and Changes in the Health Plan's Performance,Not enough data available ,
H0192,HD5,Health Plan Customer Service,Not enough data available ,
H0192,DD1,Drug Plan Customer Service,Not enough data available ,
H0192,DD2,Member Complaints and Changes in the Drug Plan’s Performance,Not enough data available ,
H0192,DD3,Member Experience with the Drug Plan,Not enough data available ,
H0192,DD4,Drug Safety and Accuracy of Drug Pricing,Not enough data available,
H0251,HD1,"Staying Healthy: Screenings, Tests and Vaccines",2,2
H0251,HD2,Managing Chronic (Long Term) Conditions,3,3
H0251,HD3,Member Experience with Health Plan,5,5
H0251,HD4,Member Complaints and Changes in the Health Plan's Performance,5,5
H0251,HD5,Health Plan Customer Service,4,4
H0251,DD1,Drug Plan Customer Service,Not enough data available ,
H0251,DD2,Member Complaints and Changes in the Drug Plan’s Performance,5,5
H0251,DD3,Member Experience with the Drug Plan,5,5
H0251,DD4,Drug Safety and Accuracy of Drug Pricing,3,3
H0270,HD1,"Staying Healthy: Screenings, Tests and Vaccines",2,2
H0270,HD2,Managing Chronic (Long Term) Conditions,2,2
H0270,HD3,Member Experience with Health Plan,3,3
H0270,HD4,Member Complaints and Changes in the Health Plan's Performance,1,1
H0270,HD5,Health Plan Customer Service,Not enough data available ,
H0270,DD1,Drug Plan Customer Service,5,5
H0270,DD2,Member Complaints and Changes in the Drug Plan’s Performance,2,2
H0270,DD3,Member Experience with the Drug Plan,4,4
H0270,DD4,Drug Safety and Accuracy of Drug Pricing,3,3
H0271,HD1,"Staying Healthy: Screenings, Tests and Vaccines",3,3
H0271,HD2,Managing Chronic (Long Term) Conditions,3,3
H0271,HD3,Member Experience with Health Plan,4,4
H0271,HD4,Member Complaints and Changes in the Health Plan's Performance,4,4
H0271,HD5,Health Plan Customer Service,5,5
H0271,DD1,Drug Plan Customer Service,4,4
H0271,DD2,Member Complaints and Changes in the Drug Plan’s Performance,4,4
H0271,DD3,Member Experience with the Drug Plan,5,5
H0271,DD4,Drug Safety and Accuracy of Drug Pricing,3,3
H0292,HD1,"Staying Healthy: Screenings, Tests and Vaccines",4,4
H0292,HD2,Managing Chronic (Long Term) Conditions,4,4
H0292,HD3,Member Experience with Health Plan,5,5
H0292,HD4,Member Complaints and Changes in the Health Plan's Performance,4,4
H0292,HD5,Health Plan Customer Service,5,5
H0292,DD1,Drug Plan Customer Service,5,5
H0292,DD2,Member Complaints and Changes in the Drug Plan’s Performance,3,3
H0292,DD3,Member Experience with the Drug Plan,5,5
H0292,DD4,Drug Safety and Accuracy of Drug Pricing,3,3
H0294,HD1,"Staying Healthy: Screenings, Tests and Vaccines",4,4
H0294,HD2,Managing Chronic (Long Term) Conditions,4,4
H0294,HD3,Member Experience with Health Plan,3,3
H0294,HD4,Member Complaints and Changes in the Health Plan's Performance,4,4
H0294,HD5,Health Plan Customer Service,5,5
H0294,DD1,Drug Plan Customer Service,4,4
H0294,DD2,Member Complaints and Changes in the Drug Plan’s Performance,4,4
H0294,DD3,Member Experience with the Drug Plan,2,2
H0294,DD4,Drug Safety and Accuracy of Drug Pricing,4,4
H0302,HD1,"Staying Healthy: Screenings, Tests and Vaccines",4,4
H0302,HD2,Managing Chronic (Long Term) Conditions,3,3
H0302,HD3,Member Experience with Health Plan,3,3
H0302,HD4,Member Complaints and Changes in the Health Plan's Performance,4,4
H0302,HD5,Health Plan Customer Service,5,5
H0302,DD1,Drug Plan Customer Service,5,5
H0302,DD2,Member Complaints and Changes in the Drug Plan’s Performance,4,4
H0302,DD3,Member Experience with the Drug Plan,4,4
H0302,DD4,Drug Safety and Accuracy of Drug Pricing,4,4
H0321,HD1,"Staying Healthy: Screenings, Tests and Vaccines",3,3
H0321,HD2,Managing Chronic (Long Term) Conditions,3,3
H0321,HD3,Member Experience with Health Plan,3,3
H0321,HD4,Member Complaints and Changes in the Health Plan's Performance,4,4
H0321,HD5,Health Plan Customer Service,4,4
H0321,DD1,Drug Plan Customer Service,4,4
H0321,DD2,Member Complaints and Changes in the Drug Plan’s Performance,4,4
H0321,DD3,Member Experience with the Drug Plan,4,4
H0321,DD4,Drug Safety and Accuracy of Drug Pricing,3,3
H0332,HD1,"Staying Healthy: Screenings, Tests and Vaccines",5,5
H0332,HD2,Managing Chronic (Long Term) Conditions,4,4
H0332,HD3,Member Experience with Health Plan,5,5
H0332,HD4,Member Complaints and Changes in the Health Plan's Performance,5,5
H0332,HD5,Health Plan Customer Service,5,5
H0332,DD1,Drug Plan Customer Service,4,4
H0332,DD2,Member Complaints and Changes in the Drug Plan’s Performance,5,5
H0332,DD3,Member Experience with the Drug Plan,5,5
H0332,DD4,Drug Safety and Accuracy of Drug Pricing,4,4
H0336,HD1,"Staying Healthy: Screenings, Tests and Vaccines",Not enough data available ,
H0336,HD2,Managing Chronic (Long Term) Conditions,Not enough data available ,
H0336,HD3,Member Experience with Health Plan,Not enough data available ,
H0336,HD4,Member Complaints and Changes in the Health Plan's Performance,Not enough data available ,
H0336,HD5,Health Plan Customer Service,Not enough data available ,
H0336,DD1,Drug Plan Customer Service,Not enough data available ,
H0336,DD2,Member Complaints and Changes in the Drug Plan’s Performance,Not enough data available ,
H0336,DD3,Member Experience with the Drug Plan,Not enough data available ,
H0336,DD4,Drug Safety and Accuracy of Drug Pricing,Not enough data available,
H0342,HD1,"Staying Healthy: Screenings, Tests and Vaccines",Not enough data available ,
H0342,HD2,Managing Chronic (Long Term) Conditions,Not enough data available ,
H0342,HD3,Member Experience with Health Plan,Not enough data available ,
H0342,HD4,Member Complaints and Changes in the Health Plan's Performance,Not enough data available ,
H0342,HD5,Health Plan Customer Service,Not enough data available ,
H0342,DD1,Drug Plan Customer Service,5,5
H0342,DD2,Member Complaints and Changes in the Drug Plan’s Performance,Not enough data available ,
H0342,DD3,Member Experience with the Drug Plan,Not enough data available ,
H0342,DD4,Drug Safety and Accuracy of Drug Pricing,4,4
H0351,HD1,"Staying Healthy: Screenings, Tests and Vaccines",3,3
H0351,HD2,Managing Chronic (Long Term) Conditions,3,3
H0351,HD3,Member Experience with Health Plan,2,2
H0351,HD4,Member Complaints and Changes in the Health Plan's Performance,4,4
H0351,HD5,Health Plan Customer Service,5,5
H0351,DD1,Drug Plan Customer Service,5,5
H0351,DD2,Member Complaints and Changes in the Drug Plan’s Performance,4,4
H0351,DD3,Member Experience with the Drug Plan,2,2
H0351,DD4,Drug Safety and Accuracy of Drug Pricing,3,3
H0354,HD1,"Staying Healthy: Screenings, Tests and Vaccines",4,4
H0354,HD2,Managing Chronic (Long Term) Conditions,4,4
H0354,HD3,Member Experience with Health Plan,4,4
H0354,HD4,Member Complaints and Changes in the Health Plan's Performance,4,4
H0354,HD5,Health Plan Customer Service,4,4
H0354,DD1,Drug Plan Customer Service,3,3
H0354,DD2,Member Complaints and Changes in the Drug Plan’s Performance,5,5
H0354,DD3,Member Experience with the Drug Plan,4,4
H0354,DD4,Drug Safety and Accuracy of Drug Pricing,4,4
H0363,HD1,"Staying Healthy: Screenings, Tests and Vaccines",Not enough data available ,
H0363,HD2,Managing Chronic (Long Term) Conditions,Not enough data available ,
H0363,HD3,Member Experience with Health Plan,Not enough data available ,
H0363,HD4,Member Complaints and Changes in the Health Plan's Performance,Not enough data available ,
H0363,HD5,Health Plan Customer Service,Not enough data available ,
H0363,DD1,Drug Plan Customer Service,2,2
H0363,DD2,Member Complaints and Changes in the Drug Plan’s Performance,Not enough data available ,
H0363,DD3,Member Experience with the Drug Plan,Not enough data available ,
H0363,DD4,Drug Safety and Accuracy of Drug Pricing,5,5
H0422,HD1,"Staying Healthy: Screenings, Tests and Vaccines",5,5
H0422,HD2,Managing Chronic (Long Term) Conditions,Not enough data available ,
H0422,HD3,Member Experience with Health Plan,3,3
H0422,HD4,Member Complaints and Changes in the Health Plan's Performance,Not enough data available ,
H0422,HD5,Health Plan Customer Service,Not enough data available ,
H0422,DD1,Drug Plan Customer Service,4,4
H0422,DD2,Member Complaints and Changes in the Drug Plan’s Performance,Not enough data available ,
H0422,DD3,Member Experience with the Drug Plan,2,2
H0422,DD4,Drug Safety and Accuracy of Drug Pricing,4,4
H0423,HD1,"Staying Healthy: Screenings, Tests and Vaccines",4,4
H0423,HD2,Managing Chronic (Long Term) Conditions,4,4
H0423,HD3,Member Experience with Health Plan,3,3
H0423,HD4,Member Complaints and Changes in the Health Plan's Performance,3,3
H0423,HD5,Health Plan Customer Service,3,3
H0423,DD1,Drug Plan Customer Service,3,3
H0423,DD2,Member Complaints and Changes in the Drug Plan’s Performance,3,3
H0423,DD3,Member Experience with the Drug Plan,2,2
H0423,DD4,Drug Safety and Accuracy of Drug Pricing,4,4
H0432,HD1,"Staying Healthy: Screenings, Tests and Vaccines",3,3
H0432,HD2,Managing Chronic (Long Term) Conditions,3,3
H0432,HD3,Member Experience with Health Plan,5,5
H0432,HD4,Member Complaints and Changes in the Health Plan's Performance,3,3
H0432,HD5,Health Plan Customer Service,5,5
H0432,DD1,Drug Plan Customer Service,4,4
H0432,DD2,Member Complaints and Changes in the Drug Plan’s Performance,4,4
H0432,DD3,Member Experience with the Drug Plan,5,5
H0432,DD4,Drug Safety and Accuracy of Drug Pricing,3,3
H0439,HD1,"Staying Healthy: Screenings, Tests and Vaccines",3,3
H0439,HD2,Managing Chronic (Long Term) Conditions,3,3
H0439,HD3,Member Experience with Health Plan,4,4
H0439,HD4,Member Complaints and Changes in the Health Plan's Performance,4,4
H0439,HD5,Health Plan Customer Service,4,4
H0439,DD1,Drug Plan Customer Service,3,3
H0439,DD2,Member Complaints and Changes in the Drug Plan’s Performance,4,4
H0439,DD3,Member Experience with the Drug Plan,4,4
H0439,DD4,Drug Safety and Accuracy of Drug Pricing,3,3
H0473,HD1,"Staying Healthy: Screenings, Tests and Vaccines",3,3
H0473,HD2,Managing Chronic (Long Term) Conditions,3,3
H0473,HD3,Member Experience with Health Plan,4,4
H0473,HD4,Member Complaints and Changes in the Health Plan's Performance,3,3
H0473,HD5,Health Plan Customer Service,5,5
H0473,DD1,Drug Plan Customer Service,5,5
H0473,DD2,Member Complaints and Changes in the Drug Plan’s Performance,3,3
H0473,DD3,Member Experience with the Drug Plan,4,4
H0473,DD4,Drug Safety and Accuracy of Drug Pricing,2,2
H0480,HD1,"Staying Healthy: Screenings, Tests and Vaccines",Not enough data available ,
H0480,HD2,Managing Chronic (Long Term) Conditions,Not enough data available ,
H0480,HD3,Member Experience with Health Plan,Not enough data available ,
H0480,HD4,Member Complaints and Changes in the Health Plan's Performance,Not enough data available ,
H0480,HD5,Health Plan Customer Service,Not enough data available ,
H0480,DD1,Drug Plan Customer Service,Not enough data available ,
H0480,DD2,Member Complaints and Changes in the Drug Plan’s Performance,Not enough data available ,
H0480,DD3,Member Experience with the Drug Plan,Not enough data available ,
H0480,DD4,Drug Safety and Accuracy of Drug Pricing,Not enough data available,
H0482,HD1,"Staying Healthy: Screenings, Tests and Vaccines",2,2
H0482,HD2,Managing Chronic (Long Term) Conditions,2,2
H0482,HD3,Member Experience with Health Plan,3,3
H0482,HD4,Member Complaints and Changes in the Health Plan's Performance,2,2
H0482,HD5,Health Plan Customer Service,Not enough data available ,
H0482,DD1,Drug Plan Customer Service,5,5
H0482,DD2,Member Complaints and Changes in the Drug Plan’s Performance,3,3
H0482,DD3,Member Experience with the Drug Plan,4,4
H0482,DD4,Drug Safety and Accuracy of Drug Pricing,3,3
H0504,HD1,"Staying Healthy: Screenings, Tests and Vaccines",5,5
H0504,HD2,Managing Chronic (Long Term) Conditions,3,3
H0504,HD3,Member Experience with Health Plan,2,2
H0504,HD4,Member Complaints and Changes in the Health Plan's Performance,4,4
H0504,HD5,Health Plan Customer Service,5,5
H0504,DD1,Drug Plan Customer Service,5,5
H0504,DD2,Member Complaints and Changes in the Drug Plan’s Performance,4,4
H0504,DD3,Member Experience with the Drug Plan,3,3
H0504,DD4,Drug Safety and Accuracy of Drug Pricing,4,4
H0523,HD1,"Staying Healthy: Screenings, Tests and Vaccines",3,3
H0523,HD2,Managing Chronic (Long Term) Conditions,3,3
H0523,HD3,Member Experience with Health Plan,1,1
H0523,HD4,Member Complaints and Changes in the Health Plan's Performance,3,3
H0523,HD5,Health Plan Customer Service,4,4
H0523,DD1,Drug Plan Customer Service,4,4
H0523,DD2,Member Complaints and Changes in the Drug Plan’s Performance,3,3
H0523,DD3,Member Experience with the Drug Plan,3,3
H0523,DD4,Drug Safety and Accuracy of Drug Pricing,4,4
H0524,HD1,"Staying Healthy: Screenings, Tests and Vaccines",5,5
H0524,HD2,Managing Chronic (Long Term) Conditions,4,4
H0524,HD3,Member Experience with Health Plan,2,2
H0524,HD4,Member Complaints and Changes in the Health Plan's Performance,4,4
H0524,HD5,Health Plan Customer Service,3,3
H0524,DD1,Drug Plan Customer Service,1,1
H0524,DD2,Member Complaints and Changes in the Drug Plan’s Performance,4,4
H0524,DD3,Member Experience with the Drug Plan,5,5
H0524,DD4,Drug Safety and Accuracy of Drug Pricing,5,5
H0543,HD1,"Staying Healthy: Screenings, Tests and Vaccines",4,4
H0543,HD2,Managing Chronic (Long Term) Conditions,4,4
H0543,HD3,Member Experience with Health Plan,3,3
H0543,HD4,Member Complaints and Changes in the Health Plan's Performance,4,4
H0543,HD5,Health Plan Customer Service,5,5
H0543,DD1,Drug Plan Customer Service,4,4
H0543,DD2,Member Complaints and Changes in the Drug Plan’s Performance,4,4
H0543,DD3,Member Experience with the Drug Plan,4,4
H0543,DD4,Drug Safety and Accuracy of Drug Pricing,4,4
H0544,HD1,"Staying Healthy: Screenings, Tests and Vaccines",3,3
H0544,HD2,Managing Chronic (Long Term) Conditions,3,3
H0544,HD3,Member Experience with Health Plan,1,1
H0544,HD4,Member Complaints and Changes in the Health Plan's Performance,3,3
H0544,HD5,Health Plan Customer Service,4,4
H0544,DD1,Drug Plan Customer Service,4,4
H0544,DD2,Member Complaints and Changes in the Drug Plan’s Performance,4,4
H0544,DD3,Member Experience with the Drug Plan,2,2
H0544,DD4,Drug Safety and Accuracy of Drug Pricing,3,3
H0562,HD1,"Staying Healthy: Screenings, Tests and Vaccines",4,4
H0562,HD2,Managing Chronic (Long Term) Conditions,3,3
H0562,HD3,Member Experience with Health Plan,2,2
H0562,HD4,Member Complaints and Changes in the Health Plan's Performance,3,3
H0562,HD5,Health Plan Customer Service,4,4
H0562,DD1,Drug Plan Customer Service,5,5
H0562,DD2,Member Complaints and Changes in the Drug Plan’s Performance,4,4
H0562,DD3,Member Experience with the Drug Plan,2,2
H0562,DD4,Drug Safety and Accuracy of Drug Pricing,4,4
H0571,HD1,"Staying Healthy: Screenings, Tests and Vaccines",4,4
H0571,HD2,Managing Chronic (Long Term) Conditions,2,2
H0571,HD3,Member Experience with Health Plan,2,2
H0571,HD4,Member Complaints and Changes in the Health Plan's Performance,4,4
H0571,HD5,Health Plan Customer Service,3,3
H0571,DD1,Drug Plan Customer Service,3,3
H0571,DD2,Member Complaints and Changes in the Drug Plan’s Performance,4,4
H0571,DD3,Member Experience with the Drug Plan,3,3
H0571,DD4,Drug Safety and Accuracy of Drug Pricing,3,3
H0609,HD1,"Staying Healthy: Screenings, Tests and Vaccines",5,5
H0609,HD2,Managing Chronic (Long Term) Conditions,4,4
H0609,HD3,Member Experience with Health Plan,3,3
H0609,HD4,Member Complaints and Changes in the Health Plan's Performance,5,5
H0609,HD5,Health Plan Customer Service,5,5
H0609,DD1,Drug Plan Customer Service,4,4
H0609,DD2,Member Complaints and Changes in the Drug Plan’s Performance,5,5
H0609,DD3,Member Experience with the Drug Plan,4,4
H0609,DD4,Drug Safety and Accuracy of Drug Pricing,4,4
H0624,HD1,"Staying Healthy: Screenings, Tests and Vaccines",3,3
H0624,HD2,Managing Chronic (Long Term) Conditions,4,4
H0624,HD3,Member Experience with Health Plan,4,4
H0624,HD4,Member Complaints and Changes in the Health Plan's Performance,4,4
H0624,HD5,Health Plan Customer Service,5,5
H0624,DD1,Drug Plan Customer Service,4,4
H0624,DD2,Member Complaints and Changes in the Drug Plan’s Performance,4,4
H0624,DD3,Member Experience with the Drug Plan,3,3
H0624,DD4,Drug Safety and Accuracy of Drug Pricing,4,4
H0628,HD1,"Staying Healthy: Screenings, Tests and Vaccines",3,3
H0628,HD2,Managing Chronic (Long Term) Conditions,3,3
H0628,HD3,Member Experience with Health Plan,5,5
H0628,HD4,Member Complaints and Changes in the Health Plan's Performance,3,3
H0628,HD5,Health Plan Customer Service,4,4
H0628,DD1,Drug Plan Customer Service,4,4
H0628,DD2,Member Complaints and Changes in the Drug Plan’s Performance,3,3
H0628,DD3,Member Experience with the Drug Plan,4,4
H0628,DD4,Drug Safety and Accuracy of Drug Pricing,3,3
H0630,HD1,"Staying Healthy: Screenings, Tests and Vaccines",5,5
H0630,HD2,Managing Chronic (Long Term) Conditions,4,4
H0630,HD3,Member Experience with Health Plan,4,4
H0630,HD4,Member Complaints and Changes in the Health Plan's Performance,4,4
H0630,HD5,Health Plan Customer Service,3,3
H0630,DD1,Drug Plan Customer Service,1,1
H0630,DD2,Member Complaints and Changes in the Drug Plan’s Performance,5,5
H0630,DD3,Member Experience with the Drug Plan,5,5
H0630,DD4,Drug Safety and Accuracy of Drug Pricing,5,5
H0672,HD1,"Staying Healthy: Screenings, Tests and Vaccines",3,3
H0672,HD2,Managing Chronic (Long Term) Conditions,4,4
H0672,HD3,Member Experience with Health Plan,2,2
H0672,HD4,Member Complaints and Changes in the Health Plan's Performance,3,3
H0672,HD5,Health Plan Customer Service,4,4
H0672,DD1,Drug Plan Customer Service,3,3
H0672,DD2,Member Complaints and Changes in the Drug Plan’s Performance,3,3
H0672,DD3,Member Experience with the Drug Plan,2,2
H0672,DD4,Drug Safety and Accuracy of Drug Pricing,3,3
H0710,HD1,"Staying Healthy: Screenings, Tests and Vaccines",Not enough data available ,
H0710,HD2,Managing Chronic (Long Term) Conditions,5,5
H0710,HD3,Member Experience with Health Plan,Not enough data available ,
H0710,HD4,Member Complaints and Changes in the Health Plan's Performance,5,5
H0710,HD5,Health Plan Customer Service,4,4
H0710,DD1,Drug Plan Customer Service,4,4
H0710,DD2,Member Complaints and Changes in the Drug Plan’s Performance,5,5
H0710,DD3,Member Experience with the Drug Plan,Not enough data available ,
H0710,DD4,Drug Safety and Accuracy of Drug Pricing,5,5
H0712,HD1,"Staying Healthy: Screenings, Tests and Vaccines",3,3
H0712,HD2,Managing Chronic (Long Term) Conditions,3,3
H0712,HD3,Member Experience with Health Plan,3,3
H0712,HD4,Member Complaints and Changes in the Health Plan's Performance,3,3
H0712,HD5,Health Plan Customer Service,3,3
H0712,DD1,Drug Plan Customer Service,5,5
H0712,DD2,Member Complaints and Changes in the Drug Plan’s Performance,2,2
H0712,DD3,Member Experience with the Drug Plan,3,3
H0712,DD4,Drug Safety and Accuracy of Drug Pricing,3,3
H0724,HD1,"Staying Healthy: Screenings, Tests and Vaccines",2,2
H0724,HD2,Managing Chronic (Long Term) Conditions,2,2
H0724,HD3,Member Experience with Health Plan,3,3
H0724,HD4,Member Complaints and Changes in the Health Plan's Performance,2,2
H0724,HD5,Health Plan Customer Service,Not enough data available ,
H0724,DD1,Drug Plan Customer Service,5,5
H0724,DD2,Member Complaints and Changes in the Drug Plan’s Performance,2,2
H0724,DD3,Member Experience with the Drug Plan,Not enough data available ,
H0724,DD4,Drug Safety and Accuracy of Drug Pricing,3,3
H0738,HD1,"Staying Healthy: Screenings, Tests and Vaccines",Plan too new to be measured ,
H0738,HD2,Managing Chronic (Long Term) Conditions,Plan too new to be measured ,
H0738,HD3,Member Experience with Health Plan,Plan too new to be measured ,
H0738,HD4,Member Complaints and Changes in the Health Plan's Performance,Plan too new to be measured ,
H0738,HD5,Health Plan Customer Service,Plan too new to be measured ,
H0738,DD1,Drug Plan Customer Service,3,3
H0738,DD2,Member Complaints and Changes in the Drug Plan’s Performance,Plan too new to be measured ,
H0738,DD3,Member Experience with the Drug Plan,Plan too new to be measured ,
H0738,DD4,Drug Safety and Accuracy of Drug Pricing,Plan too new to be measured,
H0755,HD1,"Staying Healthy: Screenings, Tests and Vaccines",5,5
H0755,HD2,Managing Chronic (Long Term) Conditions,3,3
H0755,HD3,Member Experience with Health Plan,3,3
H0755,HD4,Member Complaints and Changes in the Health Plan's Performance,3,3
H0755,HD5,Health Plan Customer Service,5,5
H0755,DD1,Drug Plan Customer Service,4,4
H0755,DD2,Member Complaints and Changes in the Drug Plan’s Performance,4,4
H0755,DD3,Member Experience with the Drug Plan,3,3
H0755,DD4,Drug Safety and Accuracy of Drug Pricing,4,4
H0764,HD1,"Staying Healthy: Screenings, Tests and Vaccines",Plan too new to be measured ,
H0764,HD2,Managing Chronic (Long Term) Conditions,Plan too new to be measured ,
H0764,HD3,Member Experience with Health Plan,Plan too new to be measured ,
H0764,HD4,Member Complaints and Changes in the Health Plan's Performance,Plan too new to be measured ,
H0764,HD5,Health Plan Customer Service,Plan too new to be measured ,
H0764,DD1,Drug Plan Customer Service,4,4
H0764,DD2,Member Complaints and Changes in the Drug Plan’s Performance,Plan too new to be measured ,
H0764,DD3,Member Experience with the Drug Plan,Plan too new to be measured ,
H0764,DD4,Drug Safety and Accuracy of Drug Pricing,Plan too new to be measured,
H0783,HD1,"Staying Healthy: Screenings, Tests and Vaccines",Not enough data available ,
H0783,HD2,Managing Chronic (Long Term) Conditions,Not enough data available ,
H0783,HD3,Member Experience with Health Plan,Not enough data available ,
H0783,HD4,Member Complaints and Changes in the Health Plan's Performance,Not enough data available ,
H0783,HD5,Health Plan Customer Service,Not enough data available ,
H0783,DD1,Drug Plan Customer Service,5,5
H0783,DD2,Member Complaints and Changes in the Drug Plan’s Performance,Not enough data available ,
H0783,DD3,Member Experience with the Drug Plan,Not enough data available ,
H0783,DD4,Drug Safety and Accuracy of Drug Pricing,4,4
H0838,HD1,"Staying Healthy: Screenings, Tests and Vaccines",4,4
H0838,HD2,Managing Chronic (Long Term) Conditions,3,3
H0838,HD3,Member Experience with Health Plan,1,1
H0838,HD4,Member Complaints and Changes in the Health Plan's Performance,3,3
H0838,HD5,Health Plan Customer Service,4,4
H0838,DD1,Drug Plan Customer Service,4,4
H0838,DD2,Member Complaints and Changes in the Drug Plan’s Performance,3,3
H0838,DD3,Member Experience with the Drug Plan,2,2
H0838,DD4,Drug Safety and Accuracy of Drug Pricing,2,2
H0845,HD1,"Staying Healthy: Screenings, Tests and Vaccines",Plan too new to be measured ,
H0845,HD2,Managing Chronic (Long Term) Conditions,Plan too new to be measured ,
H0845,HD3,Member Experience with Health Plan,Plan too new to be measured ,
H0845,HD4,Member Complaints and Changes in the Health Plan's Performance,Plan too new to be measured ,
H0845,HD5,Health Plan Customer Service,Plan too new to be measured ,
H0845,DD1,Drug Plan Customer Service,Plan too new to be measured ,
H0845,DD2,Member Complaints and Changes in the Drug Plan’s Performance,Plan too new to be measured ,
H0845,DD3,Member Experience with the Drug Plan,Plan too new to be measured ,
H0845,DD4,Drug Safety and Accuracy of Drug Pricing,Plan too new to be measured,
H0876,HD1,"Staying Healthy: Screenings, Tests and Vaccines",Plan too new to be measured ,
H0876,HD2,Managing Chronic (Long Term) Conditions,Plan too new to be measured ,
H0876,HD3,Member Experience with Health Plan,Plan too new to be measured ,
H0876,HD4,Member Complaints and Changes in the Health Plan's Performance,Plan too new to be measured ,
H0876,HD5,Health Plan Customer Service,Plan too new to be measured ,
H0876,DD1,Drug Plan Customer Service,3,3
H0876,DD2,Member Complaints and Changes in the Drug Plan’s Performance,Plan too new to be measured ,
H0876,DD3,Member Experience with the Drug Plan,Plan too new to be measured ,
H0876,DD4,Drug Safety and Accuracy of Drug Pricing,Plan too new to be measured,
H0885,HD1,"Staying Healthy: Screenings, Tests and Vaccines",3,3
H0885,HD2,Managing Chronic (Long Term) Conditions,3,3
H0885,HD3,Member Experience with Health Plan,4,4
H0885,HD4,Member Complaints and Changes in the Health Plan's Performance,4,4
H0885,HD5,Health Plan Customer Service,4,4
H0885,DD1,Drug Plan Customer Service,5,5
H0885,DD2,Member Complaints and Changes in the Drug Plan’s Performance,5,5
H0885,DD3,Member Experience with the Drug Plan,2,2
H0885,DD4,Drug Safety and Accuracy of Drug Pricing,4,4
H0907,HD1,"Staying Healthy: Screenings, Tests and Vaccines",3,3
H0907,HD2,Managing Chronic (Long Term) Conditions,4,4
H0907,HD3,Member Experience with Health Plan,3,3
H0907,HD4,Member Complaints and Changes in the Health Plan's Performance,2,2
H0907,HD5,Health Plan Customer Service,Not enough data available ,
H0907,DD1,Drug Plan Customer Service,4,4
H0907,DD2,Member Complaints and Changes in the Drug Plan’s Performance,2,2
H0907,DD3,Member Experience with the Drug Plan,4,4
H0907,DD4,Drug Safety and Accuracy of Drug Pricing,3,3
H0908,HD1,"Staying Healthy: Screenings, Tests and Vaccines",2,2
H0908,HD2,Managing Chronic (Long Term) Conditions,2,2
H0908,HD3,Member Experience with Health Plan,3,3
H0908,HD4,Member Complaints and Changes in the Health Plan's Performance,1,1
H0908,HD5,Health Plan Customer Service,5,5
H0908,DD1,Drug Plan Customer Service,5,5
H0908,DD2,Member Complaints and Changes in the Drug Plan’s Performance,1,1
H0908,DD3,Member Experience with the Drug Plan,2,2
H0908,DD4,Drug Safety and Accuracy of Drug Pricing,3,3
H0913,HD1,"Staying Healthy: Screenings, Tests and Vaccines",3,3
H0913,HD2,Managing Chronic (Long Term) Conditions,3,3
H0913,HD3,Member Experience with Health Plan,Not enough data available ,
H0913,HD4,Member Complaints and Changes in the Health Plan's Performance,3,3
H0913,HD5,Health Plan Customer Service,3,3
H0913,DD1,Drug Plan Customer Service,5,5
H0913,DD2,Member Complaints and Changes in the Drug Plan’s Performance,3,3
H0913,DD3,Member Experience with the Drug Plan,4,4
H0913,DD4,Drug Safety and Accuracy of Drug Pricing,3,3
H0927,HD1,"Staying Healthy: Screenings, Tests and Vaccines",Not enough data available ,
H0927,HD2,Managing Chronic (Long Term) Conditions,Not enough data available ,
H0927,HD3,Member Experience with Health Plan,Not enough data available ,
H0927,HD4,Member Complaints and Changes in the Health Plan's Performance,Not enough data available ,
H0927,HD5,Health Plan Customer Service,Not enough data available ,
H0927,DD1,Drug Plan Customer Service,Not enough data available ,
H0927,DD2,Member Complaints and Changes in the Drug Plan’s Performance,Not enough data available ,
H0927,DD3,Member Experience with the Drug Plan,Not enough data available ,
H0927,DD4,Drug Safety and Accuracy of Drug Pricing,Not enough data available,
H0969,HD1,"Staying Healthy: Screenings, Tests and Vaccines",2,2
H0969,HD2,Managing Chronic (Long Term) Conditions,2,2
H0969,HD3,Member Experience with Health Plan,2,2
H0969,HD4,Member Complaints and Changes in the Health Plan's Performance,2,2
H0969,HD5,Health Plan Customer Service,Not enough data available ,
H0969,DD1,Drug Plan Customer Service,5,5
H0969,DD2,Member Complaints and Changes in the Drug Plan’s Performance,3,3
H0969,DD3,Member Experience with the Drug Plan,2,2
H0969,DD4,Drug Safety and Accuracy of Drug Pricing,3,3
H0976,HD1,"Staying Healthy: Screenings, Tests and Vaccines",Plan too new to be measured ,
H0976,HD2,Managing Chronic (Long Term) Conditions,Plan too new to be measured ,
H0976,HD3,Member Experience with Health Plan,Plan too new to be measured ,
H0976,HD4,Member Complaints and Changes in the Health Plan's Performance,Plan too new to be measured ,
H0976,HD5,Health Plan Customer Service,Plan too new to be measured ,
H0976,DD1,Drug Plan Customer Service,Plan too new to be measured ,
H0976,DD2,Member Complaints and Changes in the Drug Plan’s Performance,Plan too new to be measured ,
H0976,DD3,Member Experience with the Drug Plan,Plan too new to be measured ,
H0976,DD4,Drug Safety and Accuracy of Drug Pricing,Plan too new to be measured,
H0978,HD1,"Staying Healthy: Screenings, Tests and Vaccines",Plan too new to be measured ,
H0978,HD2,Managing Chronic (Long Term) Conditions,4,4
H0978,HD3,Member Experience with Health Plan,1,1
H0978,HD4,Member Complaints and Changes in the Health Plan's Performance,2,2
H0978,HD5,Health Plan Customer Service,Plan too new to be measured ,
H0978,DD1,Drug Plan Customer Service,3,3
H0978,DD2,Member Complaints and Changes in the Drug Plan’s Performance,2,2
H0978,DD3,Member Experience with the Drug Plan,3,3
H0978,DD4,Drug Safety and Accuracy of Drug Pricing,5,5
H0982,HD1,"Staying Healthy: Screenings, Tests and Vaccines",3,3
H0982,HD2,Managing Chronic (Long Term) Conditions,3,3
H0982,HD3,Member Experience with Health Plan,5,5
H0982,HD4,Member Complaints and Changes in the Health Plan's Performance,3,3
H0982,HD5,Health Plan Customer Service,Not enough data available ,
H0982,DD1,Drug Plan Customer Service,3,3
H0982,DD2,Member Complaints and Changes in the Drug Plan’s Performance,2,2
H0982,DD3,Member Experience with the Drug Plan,5,5
H0982,DD4,Drug Safety and Accuracy of Drug Pricing,3,3
H1016,HD1,"Staying Healthy: Screenings, Tests and Vaccines",5,5
H1016,HD2,Managing Chronic (Long Term) Conditions,4,4
H1016,HD3,Member Experience with Health Plan,3,3
H1016,HD4,Member Complaints and Changes in the Health Plan's Performance,3,3
H1016,HD5,Health Plan Customer Service,5,5
H1016,DD1,Drug Plan Customer Service,4,4
H1016,DD2,Member Complaints and Changes in the Drug Plan’s Performance,3,3
H1016,DD3,Member Experience with the Drug Plan,3,3
H1016,DD4,Drug Safety and Accuracy of Drug Pricing,3,3
H1019,HD1,"Staying Healthy: Screenings, Tests and Vaccines",4,4
H1019,HD2,Managing Chronic (Long Term) Conditions,4,4
H1019,HD3,Member Experience with Health Plan,3,3
H1019,HD4,Member Complaints and Changes in the Health Plan's Performance,4,4
H1019,HD5,Health Plan Customer Service,5,5
H1019,DD1,Drug Plan Customer Service,3,3
H1019,DD2,Member Complaints and Changes in the Drug Plan’s Performance,4,4
H1019,DD3,Member Experience with the Drug Plan,4,4
H1019,DD4,Drug Safety and Accuracy of Drug Pricing,4,4
H1032,HD1,"Staying Healthy: Screenings, Tests and Vaccines",4,4
H1032,HD2,Managing Chronic (Long Term) Conditions,3,3
H1032,HD3,Member Experience with Health Plan,3,3
H1032,HD4,Member Complaints and Changes in the Health Plan's Performance,3,3
H1032,HD5,Health Plan Customer Service,3,3
H1032,DD1,Drug Plan Customer Service,5,5
H1032,DD2,Member Complaints and Changes in the Drug Plan’s Performance,4,4
H1032,DD3,Member Experience with the Drug Plan,4,4
H1032,DD4,Drug Safety and Accuracy of Drug Pricing,4,4
H1035,HD1,"Staying Healthy: Screenings, Tests and Vaccines",4,4
H1035,HD2,Managing Chronic (Long Term) Conditions,3,3
H1035,HD3,Member Experience with Health Plan,4,4
H1035,HD4,Member Complaints and Changes in the Health Plan's Performance,4,4
H1035,HD5,Health Plan Customer Service,3,3
H1035,DD1,Drug Plan Customer Service,1,1
H1035,DD2,Member Complaints and Changes in the Drug Plan’s Performance,4,4
H1035,DD3,Member Experience with the Drug Plan,5,5
H1035,DD4,Drug Safety and Accuracy of Drug Pricing,4,4
H1036,HD1,"Staying Healthy: Screenings, Tests and Vaccines",4,4
H1036,HD2,Managing Chronic (Long Term) Conditions,4,4
H1036,HD3,Member Experience with Health Plan,4,4
H1036,HD4,Member Complaints and Changes in the Health Plan's Performance,4,4
H1036,HD5,Health Plan Customer Service,5,5
H1036,DD1,Drug Plan Customer Service,5,5
H1036,DD2,Member Complaints and Changes in the Drug Plan’s Performance,4,4
H1036,DD3,Member Experience with the Drug Plan,5,5
H1036,DD4,Drug Safety and Accuracy of Drug Pricing,4,4
H1045,HD1,"Staying Healthy: Screenings, Tests and Vaccines",4,4
H1045,HD2,Managing Chronic (Long Term) Conditions,4,4
H1045,HD3,Member Experience with Health Plan,4,4
H1045,HD4,Member Complaints and Changes in the Health Plan's Performance,5,5
H1045,HD5,Health Plan Customer Service,5,5
H1045,DD1,Drug Plan Customer Service,4,4
H1045,DD2,Member Complaints and Changes in the Drug Plan’s Performance,5,5
H1045,DD3,Member Experience with the Drug Plan,4,4
H1045,DD4,Drug Safety and Accuracy of Drug Pricing,4,4
H1099,HD1,"Staying Healthy: Screenings, Tests and Vaccines",4,4
H1099,HD2,Managing Chronic (Long Term) Conditions,4,4
H1099,HD3,Member Experience with Health Plan,3,3
H1099,HD4,Member Complaints and Changes in the Health Plan's Performance,4,4
H1099,HD5,Health Plan Customer Service,5,5
H1099,DD1,Drug Plan Customer Service,3,3
H1099,DD2,Member Complaints and Changes in the Drug Plan’s Performance,4,4
H1099,DD3,Member Experience with the Drug Plan,4,4
H1099,DD4,Drug Safety and Accuracy of Drug Pricing,4,4
H1109,HD1,"Staying Healthy: Screenings, Tests and Vaccines",4,4
H1109,HD2,Managing Chronic (Long Term) Conditions,4,4
H1109,HD3,Member Experience with Health Plan,4,4
H1109,HD4,Member Complaints and Changes in the Health Plan's Performance,4,4
H1109,HD5,Health Plan Customer Service,Not enough data available ,
H1109,DD1,Drug Plan Customer Service,4,4
H1109,DD2,Member Complaints and Changes in the Drug Plan’s Performance,4,4
H1109,DD3,Member Experience with the Drug Plan,4,4
H1109,DD4,Drug Safety and Accuracy of Drug Pricing,3,3
H1112,HD1,"Staying Healthy: Screenings, Tests and Vaccines",3,3
H1112,HD2,Managing Chronic (Long Term) Conditions,3,3
H1112,HD3,Member Experience with Health Plan,3,3
H1112,HD4,Member Complaints and Changes in the Health Plan's Performance,3,3
H1112,HD5,Health Plan Customer Service,3,3
H1112,DD1,Drug Plan Customer Service,5,5
H1112,DD2,Member Complaints and Changes in the Drug Plan’s Performance,3,3
H1112,DD3,Member Experience with the Drug Plan,4,4
H1112,DD4,Drug Safety and Accuracy of Drug Pricing,3,3
H1119,HD1,"Staying Healthy: Screenings, Tests and Vaccines",Not enough data available ,
H1119,HD2,Managing Chronic (Long Term) Conditions,Not enough data available ,
H1119,HD3,Member Experience with Health Plan,Not enough data available ,
H1119,HD4,Member Complaints and Changes in the Health Plan's Performance,5,5
H1119,HD5,Health Plan Customer Service,Not enough data available ,
H1119,DD1,Drug Plan Customer Service,3,3
H1119,DD2,Member Complaints and Changes in the Drug Plan’s Performance,4,4
H1119,DD3,Member Experience with the Drug Plan,Not enough data available ,
H1119,DD4,Drug Safety and Accuracy of Drug Pricing,5,5
H1170,HD1,"Staying Healthy: Screenings, Tests and Vaccines",5,5
H1170,HD2,Managing Chronic (Long Term) Conditions,4,4
H1170,HD3,Member Experience with Health Plan,3,3
H1170,HD4,Member Complaints and Changes in the Health Plan's Performance,3,3
H1170,HD5,Health Plan Customer Service,2,2
H1170,DD1,Drug Plan Customer Service,1,1
H1170,DD2,Member Complaints and Changes in the Drug Plan’s Performance,4,4
H1170,DD3,Member Experience with the Drug Plan,5,5
H1170,DD4,Drug Safety and Accuracy of Drug Pricing,4,4
H1181,HD1,"Staying Healthy: Screenings, Tests and Vaccines",2,2
H1181,HD2,Managing Chronic (Long Term) Conditions,4,4
H1181,HD3,Member Experience with Health Plan,4,4
H1181,HD4,Member Complaints and Changes in the Health Plan's Performance,3,3
H1181,HD5,Health Plan Customer Service,Not enough data available ,
H1181,DD1,Drug Plan Customer Service,Plan not required to report measure ,
H1181,DD2,Member Complaints and Changes in the Drug Plan’s Performance,Plan not required to report measure ,
H1181,DD3,Member Experience with the Drug Plan,Plan not required to report measure ,
H1181,DD4,Drug Safety and Accuracy of Drug Pricing,Plan not required to report measure,
H1189,HD1,"Staying Healthy: Screenings, Tests and Vaccines",4,4
H1189,HD2,Managing Chronic (Long Term) Conditions,3,3
H1189,HD3,Member Experience with Health Plan,4,4
H1189,HD4,Member Complaints and Changes in the Health Plan's Performance,3,3
H1189,HD5,Health Plan Customer Service,3,3
H1189,DD1,Drug Plan Customer Service,3,3
H1189,DD2,Member Complaints and Changes in the Drug Plan’s Performance,4,4
H1189,DD3,Member Experience with the Drug Plan,2,2
H1189,DD4,Drug Safety and Accuracy of Drug Pricing,3,3
H1206,HD1,"Staying Healthy: Screenings, Tests and Vaccines",Plan too new to be measured ,
H1206,HD2,Managing Chronic (Long Term) Conditions,Plan too new to be measured ,
H1206,HD3,Member Experience with Health Plan,Plan too new to be measured ,
H1206,HD4,Member Complaints and Changes in the Health Plan's Performance,Plan too new to be measured ,
H1206,HD5,Health Plan Customer Service,Plan too new to be measured ,
H1206,DD1,Drug Plan Customer Service,Plan too new to be measured ,
H1206,DD2,Member Complaints and Changes in the Drug Plan’s Performance,Plan too new to be measured ,
H1206,DD3,Member Experience with the Drug Plan,Plan too new to be measured ,
H1206,DD4,Drug Safety and Accuracy of Drug Pricing,Plan too new to be measured,
H1215,HD1,"Staying Healthy: Screenings, Tests and Vaccines",Plan too new to be measured ,
H1215,HD2,Managing Chronic (Long Term) Conditions,3,3
H1215,HD3,Member Experience with Health Plan,3,3
H1215,HD4,Member Complaints and Changes in the Health Plan's Performance,1,1
H1215,HD5,Health Plan Customer Service,Plan too new to be measured ,
H1215,DD1,Drug Plan Customer Service,5,5
H1215,DD2,Member Complaints and Changes in the Drug Plan’s Performance,1,1
H1215,DD3,Member Experience with the Drug Plan,3,3
H1215,DD4,Drug Safety and Accuracy of Drug Pricing,3,3
H1224,HD1,"Staying Healthy: Screenings, Tests and Vaccines",Plan too new to be measured ,
H1224,HD2,Managing Chronic (Long Term) Conditions,Plan too new to be measured ,
H1224,HD3,Member Experience with Health Plan,Plan too new to be measured ,
H1224,HD4,Member Complaints and Changes in the Health Plan's Performance,Plan too new to be measured ,
H1224,HD5,Health Plan Customer Service,Plan too new to be measured ,
H1224,DD1,Drug Plan Customer Service,2,2
H1224,DD2,Member Complaints and Changes in the Drug Plan’s Performance,Plan too new to be measured ,
H1224,DD3,Member Experience with the Drug Plan,Plan too new to be measured ,
H1224,DD4,Drug Safety and Accuracy of Drug Pricing,Plan too new to be measured,
H1225,HD1,"Staying Healthy: Screenings, Tests and Vaccines",4,4
H1225,HD2,Managing Chronic (Long Term) Conditions,3,3
H1225,HD3,Member Experience with Health Plan,2,2
H1225,HD4,Member Complaints and Changes in the Health Plan's Performance,3,3
H1225,HD5,Health Plan Customer Service,3,3
H1225,DD1,Drug Plan Customer Service,4,4
H1225,DD2,Member Complaints and Changes in the Drug Plan’s Performance,4,4
H1225,DD3,Member Experience with the Drug Plan,3,3
H1225,DD4,Drug Safety and Accuracy of Drug Pricing,3,3
H1230,HD1,"Staying Healthy: Screenings, Tests and Vaccines",5,5
H1230,HD2,Managing Chronic (Long Term) Conditions,4,4
H1230,HD3,Member Experience with Health Plan,3,3
H1230,HD4,Member Complaints and Changes in the Health Plan's Performance,4,4
H1230,HD5,Health Plan Customer Service,Not enough data available ,
H1230,DD1,Drug Plan Customer Service,1,1
H1230,DD2,Member Complaints and Changes in the Drug Plan’s Performance,4,4
H1230,DD3,Member Experience with the Drug Plan,5,5
H1230,DD4,Drug Safety and Accuracy of Drug Pricing,5,5
H1248,HD1,"Staying Healthy: Screenings, Tests and Vaccines",4,4
H1248,HD2,Managing Chronic (Long Term) Conditions,4,4
H1248,HD3,Member Experience with Health Plan,5,5
H1248,HD4,Member Complaints and Changes in the Health Plan's Performance,4,4
H1248,HD5,Health Plan Customer Service,Not enough data available ,
H1248,DD1,Drug Plan Customer Service,3,3
H1248,DD2,Member Complaints and Changes in the Drug Plan’s Performance,4,4
H1248,DD3,Member Experience with the Drug Plan,3,3
H1248,DD4,Drug Safety and Accuracy of Drug Pricing,3,3
H1277,HD1,"Staying Healthy: Screenings, Tests and Vaccines",Not enough data available ,
H1277,HD2,Managing Chronic (Long Term) Conditions,Not enough data available ,
H1277,HD3,Member Experience with Health Plan,Not enough data available ,
H1277,HD4,Member Complaints and Changes in the Health Plan's Performance,Not enough data available ,
H1277,HD5,Health Plan Customer Service,Not enough data available ,
H1277,DD1,Drug Plan Customer Service,4,4
H1277,DD2,Member Complaints and Changes in the Drug Plan’s Performance,Not enough data available ,
H1277,DD3,Member Experience with the Drug Plan,Not enough data available ,
H1277,DD4,Drug Safety and Accuracy of Drug Pricing,Not enough data available,
H1278,HD1,"Staying Healthy: Screenings, Tests and Vaccines",4,4
H1278,HD2,Managing Chronic (Long Term) Conditions,3,3
H1278,HD3,Member Experience with Health Plan,3,3
H1278,HD4,Member Complaints and Changes in the Health Plan's Performance,4,4
H1278,HD5,Health Plan Customer Service,5,5
H1278,DD1,Drug Plan Customer Service,4,4
H1278,DD2,Member Complaints and Changes in the Drug Plan’s Performance,4,4
H1278,DD3,Member Experience with the Drug Plan,2,2
H1278,DD4,Drug Safety and Accuracy of Drug Pricing,4,4
H1280,HD1,"Staying Healthy: Screenings, Tests and Vaccines",Plan too new to be measured ,
H1280,HD2,Managing Chronic (Long Term) Conditions,Plan too new to be measured ,
H1280,HD3,Member Experience with Health Plan,Plan too new to be measured ,
H1280,HD4,Member Complaints and Changes in the Health Plan's Performance,Plan too new to be measured ,
H1280,HD5,Health Plan Customer Service,Plan too new to be measured ,
H1280,DD1,Drug Plan Customer Service,1,1
H1280,DD2,Member Complaints and Changes in the Drug Plan’s Performance,Plan too new to be measured ,
H1280,DD3,Member Experience with the Drug Plan,Plan too new to be measured ,
H1280,DD4,Drug Safety and Accuracy of Drug Pricing,Plan too new to be measured,
H1290,HD1,"Staying Healthy: Screenings, Tests and Vaccines",4,4
H1290,HD2,Managing Chronic (Long Term) Conditions,5,5
H1290,HD3,Member Experience with Health Plan,4,4
H1290,HD4,Member Complaints and Changes in the Health Plan's Performance,4,4
H1290,HD5,Health Plan Customer Service,5,5
H1290,DD1,Drug Plan Customer Service,4,4
H1290,DD2,Member Complaints and Changes in the Drug Plan’s Performance,3,3
H1290,DD3,Member Experience with the Drug Plan,5,5
H1290,DD4,Drug Safety and Accuracy of Drug Pricing,4,4
H1302,HD1,"Staying Healthy: Screenings, Tests and Vaccines",2,2
H1302,HD2,Managing Chronic (Long Term) Conditions,Not enough data available ,
H1302,HD3,Member Experience with Health Plan,4,4
H1302,HD4,Member Complaints and Changes in the Health Plan's Performance,5,5
H1302,HD5,Health Plan Customer Service,Not enough data available ,
H1302,DD1,Drug Plan Customer Service,Not enough data available ,
H1302,DD2,Member Complaints and Changes in the Drug Plan’s Performance,Not enough data available ,
H1302,DD3,Member Experience with the Drug Plan,Not enough data available ,
H1302,DD4,Drug Safety and Accuracy of Drug Pricing,Not enough data available,
H1304,HD1,"Staying Healthy: Screenings, Tests and Vaccines",4,4
H1304,HD2,Managing Chronic (Long Term) Conditions,3,3
H1304,HD3,Member Experience with Health Plan,4,4
H1304,HD4,Member Complaints and Changes in the Health Plan's Performance,4,4
H1304,HD5,Health Plan Customer Service,4,4
H1304,DD1,Drug Plan Customer Service,4,4
H1304,DD2,Member Complaints and Changes in the Drug Plan’s Performance,5,5
H1304,DD3,Member Experience with the Drug Plan,3,3
H1304,DD4,Drug Safety and Accuracy of Drug Pricing,3,3
H1339,HD1,"Staying Healthy: Screenings, Tests and Vaccines",Plan too new to be measured ,
H1339,HD2,Managing Chronic (Long Term) Conditions,Plan too new to be measured ,
H1339,HD3,Member Experience with Health Plan,Plan too new to be measured ,
H1339,HD4,Member Complaints and Changes in the Health Plan's Performance,Plan too new to be measured ,
H1339,HD5,Health Plan Customer Service,Plan too new to be measured ,
H1339,DD1,Drug Plan Customer Service,Plan too new to be measured ,
H1339,DD2,Member Complaints and Changes in the Drug Plan’s Performance,Plan too new to be measured ,
H1339,DD3,Member Experience with the Drug Plan,Plan too new to be measured ,
H1339,DD4,Drug Safety and Accuracy of Drug Pricing,Plan too new to be measured,
H1347,HD1,"Staying Healthy: Screenings, Tests and Vaccines",Plan too new to be measured ,
H1347,HD2,Managing Chronic (Long Term) Conditions,Plan too new to be measured ,
H1347,HD3,Member Experience with Health Plan,Plan too new to be measured ,
H1347,HD4,Member Complaints and Changes in the Health Plan's Performance,Plan too new to be measured ,
H1347,HD5,Health Plan Customer Service,Plan too new to be measured ,
H1347,DD1,Drug Plan Customer Service,4,4
H1347,DD2,Member Complaints and Changes in the Drug Plan’s Performance,Plan too new to be measured ,
H1347,DD3,Member Experience with the Drug Plan,Plan too new to be measured ,
H1347,DD4,Drug Safety and Accuracy of Drug Pricing,Plan too new to be measured,
H1350,HD1,"Staying Healthy: Screenings, Tests and Vaccines",3,3
H1350,HD2,Managing Chronic (Long Term) Conditions,3,3
H1350,HD3,Member Experience with Health Plan,4,4
H1350,HD4,Member Complaints and Changes in the Health Plan's Performance,5,5
H1350,HD5,Health Plan Customer Service,4,4
H1350,DD1,Drug Plan Customer Service,4,4
H1350,DD2,Member Complaints and Changes in the Drug Plan’s Performance,5,5
H1350,DD3,Member Experience with the Drug Plan,4,4
H1350,DD4,Drug Safety and Accuracy of Drug Pricing,3,3
H1352,HD1,"Staying Healthy: Screenings, Tests and Vaccines",4,4
H1352,HD2,Managing Chronic (Long Term) Conditions,3,3
H1352,HD3,Member Experience with Health Plan,5,5
H1352,HD4,Member Complaints and Changes in the Health Plan's Performance,4,4
H1352,HD5,Health Plan Customer Service,3,3
H1352,DD1,Drug Plan Customer Service,3,3
H1352,DD2,Member Complaints and Changes in the Drug Plan’s Performance,4,4
H1352,DD3,Member Experience with the Drug Plan,5,5
H1352,DD4,Drug Safety and Accuracy of Drug Pricing,4,4
H1353,HD1,"Staying Healthy: Screenings, Tests and Vaccines",2,2
H1353,HD2,Managing Chronic (Long Term) Conditions,2,2
H1353,HD3,Member Experience with Health Plan,Not enough data available ,
H1353,HD4,Member Complaints and Changes in the Health Plan's Performance,1,1
H1353,HD5,Health Plan Customer Service,4,4
H1353,DD1,Drug Plan Customer Service,5,5
H1353,DD2,Member Complaints and Changes in the Drug Plan’s Performance,2,2
H1353,DD3,Member Experience with the Drug Plan,Not enough data available ,
H1353,DD4,Drug Safety and Accuracy of Drug Pricing,3,3
H1360,HD1,"Staying Healthy: Screenings, Tests and Vaccines",3,3
H1360,HD2,Managing Chronic (Long Term) Conditions,3,3
H1360,HD3,Member Experience with Health Plan,3,3
H1360,HD4,Member Complaints and Changes in the Health Plan's Performance,3,3
H1360,HD5,Health Plan Customer Service,4,4
H1360,DD1,Drug Plan Customer Service,4,4
H1360,DD2,Member Complaints and Changes in the Drug Plan’s Performance,3,3
H1360,DD3,Member Experience with the Drug Plan,4,4
H1360,DD4,Drug Safety and Accuracy of Drug Pricing,4,4
H1365,HD1,"Staying Healthy: Screenings, Tests and Vaccines",4,4
H1365,HD2,Managing Chronic (Long Term) Conditions,4,4
H1365,HD3,Member Experience with Health Plan,4,4
H1365,HD4,Member Complaints and Changes in the Health Plan's Performance,5,5
H1365,HD5,Health Plan Customer Service,Not enough data available ,
H1365,DD1,Drug Plan Customer Service,4,4
H1365,DD2,Member Complaints and Changes in the Drug Plan’s Performance,4,4
H1365,DD3,Member Experience with the Drug Plan,5,5
H1365,DD4,Drug Safety and Accuracy of Drug Pricing,4,4
H1372,HD1,"Staying Healthy: Screenings, Tests and Vaccines",Not enough data available ,
H1372,HD2,Managing Chronic (Long Term) Conditions,Not enough data available ,
H1372,HD3,Member Experience with Health Plan,Not enough data available ,
H1372,HD4,Member Complaints and Changes in the Health Plan's Performance,Not enough data available ,
H1372,HD5,Health Plan Customer Service,Not enough data available ,
H1372,DD1,Drug Plan Customer Service,3,3
H1372,DD2,Member Complaints and Changes in the Drug Plan’s Performance,Not enough data available ,
H1372,DD3,Member Experience with the Drug Plan,Not enough data available ,
H1372,DD4,Drug Safety and Accuracy of Drug Pricing,5,5
H1395,HD1,"Staying Healthy: Screenings, Tests and Vaccines",Plan too new to be measured ,
H1395,HD2,Managing Chronic (Long Term) Conditions,2,2
H1395,HD3,Member Experience with Health Plan,2,2
H1395,HD4,Member Complaints and Changes in the Health Plan's Performance,2,2
H1395,HD5,Health Plan Customer Service,Plan too new to be measured ,
H1395,DD1,Drug Plan Customer Service,5,5
H1395,DD2,Member Complaints and Changes in the Drug Plan’s Performance,2,2
H1395,DD3,Member Experience with the Drug Plan,3,3
H1395,DD4,Drug Safety and Accuracy of Drug Pricing,3,3
H1416,HD1,"Staying Healthy: Screenings, Tests and Vaccines",3,3
H1416,HD2,Managing Chronic (Long Term) Conditions,2,2
H1416,HD3,Member Experience with Health Plan,4,4
H1416,HD4,Member Complaints and Changes in the Health Plan's Performance,3,3
H1416,HD5,Health Plan Customer Service,3,3
H1416,DD1,Drug Plan Customer Service,5,5
H1416,DD2,Member Complaints and Changes in the Drug Plan’s Performance,3,3
H1416,DD3,Member Experience with the Drug Plan,3,3
H1416,DD4,Drug Safety and Accuracy of Drug Pricing,3,3
H1423,HD1,"Staying Healthy: Screenings, Tests and Vaccines",4,4
H1423,HD2,Managing Chronic (Long Term) Conditions,3,3
H1423,HD3,Member Experience with Health Plan,2,2
H1423,HD4,Member Complaints and Changes in the Health Plan's Performance,3,3
H1423,HD5,Health Plan Customer Service,5,5
H1423,DD1,Drug Plan Customer Service,4,4
H1423,DD2,Member Complaints and Changes in the Drug Plan’s Performance,3,3
H1423,DD3,Member Experience with the Drug Plan,1,1
H1423,DD4,Drug Safety and Accuracy of Drug Pricing,4,4
H1426,HD1,"Staying Healthy: Screenings, Tests and Vaccines",Not enough data available ,
H1426,HD2,Managing Chronic (Long Term) Conditions,Not enough data available ,
H1426,HD3,Member Experience with Health Plan,Not enough data available ,
H1426,HD4,Member Complaints and Changes in the Health Plan's Performance,Not enough data available ,
H1426,HD5,Health Plan Customer Service,Not enough data available ,
H1426,DD1,Drug Plan Customer Service,2,2
H1426,DD2,Member Complaints and Changes in the Drug Plan’s Performance,Not enough data available ,
H1426,DD3,Member Experience with the Drug Plan,Not enough data available ,
H1426,DD4,Drug Safety and Accuracy of Drug Pricing,3,3
H1463,HD1,"Staying Healthy: Screenings, Tests and Vaccines",4,4
H1463,HD2,Managing Chronic (Long Term) Conditions,3,3
H1463,HD3,Member Experience with Health Plan,5,5
H1463,HD4,Member Complaints and Changes in the Health Plan's Performance,5,5
H1463,HD5,Health Plan Customer Service,3,3
H1463,DD1,Drug Plan Customer Service,3,3
H1463,DD2,Member Complaints and Changes in the Drug Plan’s Performance,5,5
H1463,DD3,Member Experience with the Drug Plan,4,4
H1463,DD4,Drug Safety and Accuracy of Drug Pricing,4,4
H1468,HD1,"Staying Healthy: Screenings, Tests and Vaccines",4,4
H1468,HD2,Managing Chronic (Long Term) Conditions,4,4
H1468,HD3,Member Experience with Health Plan,4,4
H1468,HD4,Member Complaints and Changes in the Health Plan's Performance,4,4
H1468,HD5,Health Plan Customer Service,5,5
H1468,DD1,Drug Plan Customer Service,5,5
H1468,DD2,Member Complaints and Changes in the Drug Plan’s Performance,5,5
H1468,DD3,Member Experience with the Drug Plan,5,5
H1468,DD4,Drug Safety and Accuracy of Drug Pricing,3,3
H1526,HD1,"Staying Healthy: Screenings, Tests and Vaccines",Plan too new to be measured ,
H1526,HD2,Managing Chronic (Long Term) Conditions,Plan too new to be measured ,
H1526,HD3,Member Experience with Health Plan,Plan too new to be measured ,
H1526,HD4,Member Complaints and Changes in the Health Plan's Performance,Plan too new to be measured ,
H1526,HD5,Health Plan Customer Service,Plan too new to be measured ,
H1526,DD1,Drug Plan Customer Service,Plan too new to be measured ,
H1526,DD2,Member Complaints and Changes in the Drug Plan’s Performance,Plan too new to be measured ,
H1526,DD3,Member Experience with the Drug Plan,Plan too new to be measured ,
H1526,DD4,Drug Safety and Accuracy of Drug Pricing,Plan too new to be measured,
H1537,HD1,"Staying Healthy: Screenings, Tests and Vaccines",5,5
H1537,HD2,Managing Chronic (Long Term) Conditions,4,4
H1537,HD3,Member Experience with Health Plan,4,4
H1537,HD4,Member Complaints and Changes in the Health Plan's Performance,4,4
H1537,HD5,Health Plan Customer Service,4,4
H1537,DD1,Drug Plan Customer Service,Not enough data available ,
H1537,DD2,Member Complaints and Changes in the Drug Plan’s Performance,4,4
H1537,DD3,Member Experience with the Drug Plan,5,5
H1537,DD4,Drug Safety and Accuracy of Drug Pricing,4,4
H1587,HD1,"Staying Healthy: Screenings, Tests and Vaccines",Not enough data available ,
H1587,HD2,Managing Chronic (Long Term) Conditions,3,3
H1587,HD3,Member Experience with Health Plan,Not enough data available ,
H1587,HD4,Member Complaints and Changes in the Health Plan's Performance,5,5
H1587,HD5,Health Plan Customer Service,Not enough data available ,
H1587,DD1,Drug Plan Customer Service,3,3
H1587,DD2,Member Complaints and Changes in the Drug Plan’s Performance,5,5
H1587,DD3,Member Experience with the Drug Plan,Not enough data available ,
H1587,DD4,Drug Safety and Accuracy of Drug Pricing,5,5
H1607,HD1,"Staying Healthy: Screenings, Tests and Vaccines",3,3
H1607,HD2,Managing Chronic (Long Term) Conditions,3,3
H1607,HD3,Member Experience with Health Plan,4,4
H1607,HD4,Member Complaints and Changes in the Health Plan's Performance,4,4
H1607,HD5,Health Plan Customer Service,4,4
H1607,DD1,Drug Plan Customer Service,4,4
H1607,DD2,Member Complaints and Changes in the Drug Plan’s Performance,3,3
H1607,DD3,Member Experience with the Drug Plan,2,2
H1607,DD4,Drug Safety and Accuracy of Drug Pricing,3,3
H1608,HD1,"Staying Healthy: Screenings, Tests and Vaccines",3,3
H1608,HD2,Managing Chronic (Long Term) Conditions,3,3
H1608,HD3,Member Experience with Health Plan,5,5
H1608,HD4,Member Complaints and Changes in the Health Plan's Performance,4,4
H1608,HD5,Health Plan Customer Service,4,4
H1608,DD1,Drug Plan Customer Service,4,4
H1608,DD2,Member Complaints and Changes in the Drug Plan’s Performance,4,4
H1608,DD3,Member Experience with the Drug Plan,4,4
H1608,DD4,Drug Safety and Accuracy of Drug Pricing,4,4
H1609,HD1,"Staying Healthy: Screenings, Tests and Vaccines",4,4
H1609,HD2,Managing Chronic (Long Term) Conditions,4,4
H1609,HD3,Member Experience with Health Plan,3,3
H1609,HD4,Member Complaints and Changes in the Health Plan's Performance,3,3
H1609,HD5,Health Plan Customer Service,3,3
H1609,DD1,Drug Plan Customer Service,4,4
H1609,DD2,Member Complaints and Changes in the Drug Plan’s Performance,3,3
H1609,DD3,Member Experience with the Drug Plan,4,4
H1609,DD4,Drug Safety and Accuracy of Drug Pricing,4,4
H1610,HD1,"Staying Healthy: Screenings, Tests and Vaccines",2,2
H1610,HD2,Managing Chronic (Long Term) Conditions,3,3
H1610,HD3,Member Experience with Health Plan,4,4
H1610,HD4,Member Complaints and Changes in the Health Plan's Performance,4,4
H1610,HD5,Health Plan Customer Service,4,4
H1610,DD1,Drug Plan Customer Service,4,4
H1610,DD2,Member Complaints and Changes in the Drug Plan’s Performance,4,4
H1610,DD3,Member Experience with the Drug Plan,5,5
H1610,DD4,Drug Safety and Accuracy of Drug Pricing,3,3
H1619,HD1,"Staying Healthy: Screenings, Tests and Vaccines",Plan too new to be measured ,
H1619,HD2,Managing Chronic (Long Term) Conditions,Plan too new to be measured ,
H1619,HD3,Member Experience with Health Plan,Plan too new to be measured ,
H1619,HD4,Member Complaints and Changes in the Health Plan's Performance,Plan too new to be measured ,
H1619,HD5,Health Plan Customer Service,Plan too new to be measured ,
H1619,DD1,Drug Plan Customer Service,Plan too new to be measured ,
H1619,DD2,Member Complaints and Changes in the Drug Plan’s Performance,Plan too new to be measured ,
H1619,DD3,Member Experience with the Drug Plan,Plan too new to be measured ,
H1619,DD4,Drug Safety and Accuracy of Drug Pricing,Plan too new to be measured,
H1644,HD1,"Staying Healthy: Screenings, Tests and Vaccines",Not enough data available ,
H1644,HD2,Managing Chronic (Long Term) Conditions,3,3
H1644,HD3,Member Experience with Health Plan,Not enough data available ,
H1644,HD4,Member Complaints and Changes in the Health Plan's Performance,Not enough data available ,
H1644,HD5,Health Plan Customer Service,Not enough data available ,
H1644,DD1,Drug Plan Customer Service,2,2
H1644,DD2,Member Complaints and Changes in the Drug Plan’s Performance,4,4
H1644,DD3,Member Experience with the Drug Plan,Not enough data available ,
H1644,DD4,Drug Safety and Accuracy of Drug Pricing,3,3
H1651,HD1,"Staying Healthy: Screenings, Tests and Vaccines",4,4
H1651,HD2,Managing Chronic (Long Term) Conditions,4,4
H1651,HD3,Member Experience with Health Plan,5,5
H1651,HD4,Member Complaints and Changes in the Health Plan's Performance,5,5
H1651,HD5,Health Plan Customer Service,Not enough data available ,
H1651,DD1,Drug Plan Customer Service,Plan not required to report measure ,
H1651,DD2,Member Complaints and Changes in the Drug Plan’s Performance,Plan not required to report measure ,
H1651,DD3,Member Experience with the Drug Plan,Plan not required to report measure ,
H1651,DD4,Drug Safety and Accuracy of Drug Pricing,Plan not required to report measure,
H1659,HD1,"Staying Healthy: Screenings, Tests and Vaccines",3,3
H1659,HD2,Managing Chronic (Long Term) Conditions,2,2
H1659,HD3,Member Experience with Health Plan,4,4
H1659,HD4,Member Complaints and Changes in the Health Plan's Performance,4,4
H1659,HD5,Health Plan Customer Service,Not enough data available ,
H1659,DD1,Drug Plan Customer Service,4,4
H1659,DD2,Member Complaints and Changes in the Drug Plan’s Performance,4,4
H1659,DD3,Member Experience with the Drug Plan,4,4
H1659,DD4,Drug Safety and Accuracy of Drug Pricing,4,4
H1664,HD1,"Staying Healthy: Screenings, Tests and Vaccines",2,2
H1664,HD2,Managing Chronic (Long Term) Conditions,2,2
H1664,HD3,Member Experience with Health Plan,3,3
H1664,HD4,Member Complaints and Changes in the Health Plan's Performance,2,2
H1664,HD5,Health Plan Customer Service,Not enough data available ,
H1664,DD1,Drug Plan Customer Service,5,5
H1664,DD2,Member Complaints and Changes in the Drug Plan’s Performance,2,2
H1664,DD3,Member Experience with the Drug Plan,3,3
H1664,DD4,Drug Safety and Accuracy of Drug Pricing,3,3
H1666,HD1,"Staying Healthy: Screenings, Tests and Vaccines",4,4
H1666,HD2,Managing Chronic (Long Term) Conditions,2,2
H1666,HD3,Member Experience with Health Plan,3,3
H1666,HD4,Member Complaints and Changes in the Health Plan's Performance,3,3
H1666,HD5,Health Plan Customer Service,4,4
H1666,DD1,Drug Plan Customer Service,4,4
H1666,DD2,Member Complaints and Changes in the Drug Plan’s Performance,3,3
H1666,DD3,Member Experience with the Drug Plan,1,1
H1666,DD4,Drug Safety and Accuracy of Drug Pricing,3,3
H1692,HD1,"Staying Healthy: Screenings, Tests and Vaccines",2,2
H1692,HD2,Managing Chronic (Long Term) Conditions,3,3
H1692,HD3,Member Experience with Health Plan,4,4
H1692,HD4,Member Complaints and Changes in the Health Plan's Performance,4,4
H1692,HD5,Health Plan Customer Service,4,4
H1692,DD1,Drug Plan Customer Service,4,4
H1692,DD2,Member Complaints and Changes in the Drug Plan’s Performance,4,4
H1692,DD3,Member Experience with the Drug Plan,4,4
H1692,DD4,Drug Safety and Accuracy of Drug Pricing,3,3
H1722,HD1,"Staying Healthy: Screenings, Tests and Vaccines",3,3
H1722,HD2,Managing Chronic (Long Term) Conditions,Not enough data available ,
H1722,HD3,Member Experience with Health Plan,Not enough data available ,
H1722,HD4,Member Complaints and Changes in the Health Plan's Performance,Not enough data available ,
H1722,HD5,Health Plan Customer Service,Not enough data available ,
H1722,DD1,Drug Plan Customer Service,5,5
H1722,DD2,Member Complaints and Changes in the Drug Plan’s Performance,3,3
H1722,DD3,Member Experience with the Drug Plan,Not enough data available ,
H1722,DD4,Drug Safety and Accuracy of Drug Pricing,2,2
H1723,HD1,"Staying Healthy: Screenings, Tests and Vaccines",Not enough data available ,
H1723,HD2,Managing Chronic (Long Term) Conditions,Not enough data available ,
H1723,HD3,Member Experience with Health Plan,Not enough data available ,
H1723,HD4,Member Complaints and Changes in the Health Plan's Performance,Not enough data available ,
H1723,HD5,Health Plan Customer Service,Not enough data available ,
H1723,DD1,Drug Plan Customer Service,Not enough data available ,
H1723,DD2,Member Complaints and Changes in the Drug Plan’s Performance,Not enough data available ,
H1723,DD3,Member Experience with the Drug Plan,Not enough data available ,
H1723,DD4,Drug Safety and Accuracy of Drug Pricing,Not enough data available,
H1732,HD1,"Staying Healthy: Screenings, Tests and Vaccines",3,3
H1732,HD2,Managing Chronic (Long Term) Conditions,3,3
H1732,HD3,Member Experience with Health Plan,1,1
H1732,HD4,Member Complaints and Changes in the Health Plan's Performance,2,2
H1732,HD5,Health Plan Customer Service,4,4
H1732,DD1,Drug Plan Customer Service,4,4
H1732,DD2,Member Complaints and Changes in the Drug Plan’s Performance,3,3
H1732,DD3,Member Experience with the Drug Plan,Not enough data available ,
H1732,DD4,Drug Safety and Accuracy of Drug Pricing,3,3
H1737,HD1,"Staying Healthy: Screenings, Tests and Vaccines",5,5
H1737,HD2,Managing Chronic (Long Term) Conditions,Not enough data available ,
H1737,HD3,Member Experience with Health Plan,4,4
H1737,HD4,Member Complaints and Changes in the Health Plan's Performance,Not enough data available ,
H1737,HD5,Health Plan Customer Service,Not enough data available ,
H1737,DD1,Drug Plan Customer Service,3,3
H1737,DD2,Member Complaints and Changes in the Drug Plan’s Performance,Not enough data available ,
H1737,DD3,Member Experience with the Drug Plan,3,3
H1737,DD4,Drug Safety and Accuracy of Drug Pricing,4,4
H1748,HD1,"Staying Healthy: Screenings, Tests and Vaccines",Not enough data available ,
H1748,HD2,Managing Chronic (Long Term) Conditions,Not enough data available ,
H1748,HD3,Member Experience with Health Plan,Not enough data available ,
H1748,HD4,Member Complaints and Changes in the Health Plan's Performance,Not enough data available ,
H1748,HD5,Health Plan Customer Service,Not enough data available ,
H1748,DD1,Drug Plan Customer Service,3,3
H1748,DD2,Member Complaints and Changes in the Drug Plan’s Performance,Not enough data available ,
H1748,DD3,Member Experience with the Drug Plan,Not enough data available ,
H1748,DD4,Drug Safety and Accuracy of Drug Pricing,Not enough data available,
H1774,HD1,"Staying Healthy: Screenings, Tests and Vaccines",Not enough data available ,
H1774,HD2,Managing Chronic (Long Term) Conditions,Not enough data available ,
H1774,HD3,Member Experience with Health Plan,Not enough data available ,
H1774,HD4,Member Complaints and Changes in the Health Plan's Performance,3,3
H1774,HD5,Health Plan Customer Service,Not enough data available ,
H1774,DD1,Drug Plan Customer Service,5,5
H1774,DD2,Member Complaints and Changes in the Drug Plan’s Performance,3,3
H1774,DD3,Member Experience with the Drug Plan,Not enough data available ,
H1774,DD4,Drug Safety and Accuracy of Drug Pricing,4,4
H1787,HD1,"Staying Healthy: Screenings, Tests and Vaccines",Not enough data available ,
H1787,HD2,Managing Chronic (Long Term) Conditions,Not enough data available ,
H1787,HD3,Member Experience with Health Plan,Not enough data available ,
H1787,HD4,Member Complaints and Changes in the Health Plan's Performance,Not enough data available ,
H1787,HD5,Health Plan Customer Service,Not enough data available ,
H1787,DD1,Drug Plan Customer Service,2,2
H1787,DD2,Member Complaints and Changes in the Drug Plan’s Performance,Not enough data available ,
H1787,DD3,Member Experience with the Drug Plan,Not enough data available ,
H1787,DD4,Drug Safety and Accuracy of Drug Pricing,4,4
H1799,HD1,"Staying Healthy: Screenings, Tests and Vaccines",1,1
H1799,HD2,Managing Chronic (Long Term) Conditions,2,2
H1799,HD3,Member Experience with Health Plan,4,4
H1799,HD4,Member Complaints and Changes in the Health Plan's Performance,3,3
H1799,HD5,Health Plan Customer Service,4,4
H1799,DD1,Drug Plan Customer Service,4,4
H1799,DD2,Member Complaints and Changes in the Drug Plan’s Performance,3,3
H1799,DD3,Member Experience with the Drug Plan,4,4
H1799,DD4,Drug Safety and Accuracy of Drug Pricing,2,2
H1822,HD1,"Staying Healthy: Screenings, Tests and Vaccines",3,3
H1822,HD2,Managing Chronic (Long Term) Conditions,4,4
H1822,HD3,Member Experience with Health Plan,1,1
H1822,HD4,Member Complaints and Changes in the Health Plan's Performance,2,2
H1822,HD5,Health Plan Customer Service,Plan too new to be measured ,
H1822,DD1,Drug Plan Customer Service,3,3
H1822,DD2,Member Complaints and Changes in the Drug Plan’s Performance,2,2
H1822,DD3,Member Experience with the Drug Plan,3,3
H1822,DD4,Drug Safety and Accuracy of Drug Pricing,4,4
H1846,HD1,"Staying Healthy: Screenings, Tests and Vaccines",4,4
H1846,HD2,Managing Chronic (Long Term) Conditions,3,3
H1846,HD3,Member Experience with Health Plan,5,5
H1846,HD4,Member Complaints and Changes in the Health Plan's Performance,4,4
H1846,HD5,Health Plan Customer Service,Not enough data available ,
H1846,DD1,Drug Plan Customer Service,4,4
H1846,DD2,Member Complaints and Changes in the Drug Plan’s Performance,4,4
H1846,DD3,Member Experience with the Drug Plan,3,3
H1846,DD4,Drug Safety and Accuracy of Drug Pricing,4,4
H1848,HD1,"Staying Healthy: Screenings, Tests and Vaccines",1,1
H1848,HD2,Managing Chronic (Long Term) Conditions,1,1
H1848,HD3,Member Experience with Health Plan,Not enough data available ,
H1848,HD4,Member Complaints and Changes in the Health Plan's Performance,1,1
H1848,HD5,Health Plan Customer Service,Not enough data available ,
H1848,DD1,Drug Plan Customer Service,5,5
H1848,DD2,Member Complaints and Changes in the Drug Plan’s Performance,2,2
H1848,DD3,Member Experience with the Drug Plan,Not enough data available ,
H1848,DD4,Drug Safety and Accuracy of Drug Pricing,2,2
H1862,HD1,"Staying Healthy: Screenings, Tests and Vaccines",Not enough data available ,
H1862,HD2,Managing Chronic (Long Term) Conditions,Not enough data available ,
H1862,HD3,Member Experience with Health Plan,Not enough data available ,
H1862,HD4,Member Complaints and Changes in the Health Plan's Performance,Not enough data available ,
H1862,HD5,Health Plan Customer Service,Not enough data available ,
H1862,DD1,Drug Plan Customer Service,5,5
H1862,DD2,Member Complaints and Changes in the Drug Plan’s Performance,Not enough data available ,
H1862,DD3,Member Experience with the Drug Plan,Not enough data available ,
H1862,DD4,Drug Safety and Accuracy of Drug Pricing,4,4
H1889,HD1,"Staying Healthy: Screenings, Tests and Vaccines",3,3
H1889,HD2,Managing Chronic (Long Term) Conditions,4,4
H1889,HD3,Member Experience with Health Plan,4,4
H1889,HD4,Member Complaints and Changes in the Health Plan's Performance,4,4
H1889,HD5,Health Plan Customer Service,5,5
H1889,DD1,Drug Plan Customer Service,4,4
H1889,DD2,Member Complaints and Changes in the Drug Plan’s Performance,4,4
H1889,DD3,Member Experience with the Drug Plan,5,5
H1889,DD4,Drug Safety and Accuracy of Drug Pricing,4,4
H1894,HD1,"Staying Healthy: Screenings, Tests and Vaccines",2,2
H1894,HD2,Managing Chronic (Long Term) Conditions,3,3
H1894,HD3,Member Experience with Health Plan,3,3
H1894,HD4,Member Complaints and Changes in the Health Plan's Performance,3,3
H1894,HD5,Health Plan Customer Service,3,3
H1894,DD1,Drug Plan Customer Service,4,4
H1894,DD2,Member Complaints and Changes in the Drug Plan’s Performance,3,3
H1894,DD3,Member Experience with the Drug Plan,3,3
H1894,DD4,Drug Safety and Accuracy of Drug Pricing,3,3
H1914,HD1,"Staying Healthy: Screenings, Tests and Vaccines",4,4
H1914,HD2,Managing Chronic (Long Term) Conditions,3,3
H1914,HD3,Member Experience with Health Plan,2,2
H1914,HD4,Member Complaints and Changes in the Health Plan's Performance,3,3
H1914,HD5,Health Plan Customer Service,4,4
H1914,DD1,Drug Plan Customer Service,5,5
H1914,DD2,Member Complaints and Changes in the Drug Plan’s Performance,2,2
H1914,DD3,Member Experience with the Drug Plan,Not enough data available ,
H1914,DD4,Drug Safety and Accuracy of Drug Pricing,4,4
H1944,HD1,"Staying Healthy: Screenings, Tests and Vaccines",4,4
H1944,HD2,Managing Chronic (Long Term) Conditions,3,3
H1944,HD3,Member Experience with Health Plan,3,3
H1944,HD4,Member Complaints and Changes in the Health Plan's Performance,4,4
H1944,HD5,Health Plan Customer Service,5,5
H1944,DD1,Drug Plan Customer Service,4,4
H1944,DD2,Member Complaints and Changes in the Drug Plan’s Performance,4,4
H1944,DD3,Member Experience with the Drug Plan,2,2
H1944,DD4,Drug Safety and Accuracy of Drug Pricing,4,4
H1947,HD1,"Staying Healthy: Screenings, Tests and Vaccines",3,3
H1947,HD2,Managing Chronic (Long Term) Conditions,2,2
H1947,HD3,Member Experience with Health Plan,4,4
H1947,HD4,Member Complaints and Changes in the Health Plan's Performance,3,3
H1947,HD5,Health Plan Customer Service,Not enough data available ,
H1947,DD1,Drug Plan Customer Service,4,4
H1947,DD2,Member Complaints and Changes in the Drug Plan’s Performance,3,3
H1947,DD3,Member Experience with the Drug Plan,5,5
H1947,DD4,Drug Safety and Accuracy of Drug Pricing,2,2
H1951,HD1,"Staying Healthy: Screenings, Tests and Vaccines",4,4
H1951,HD2,Managing Chronic (Long Term) Conditions,4,4
H1951,HD3,Member Experience with Health Plan,4,4
H1951,HD4,Member Complaints and Changes in the Health Plan's Performance,4,4
H1951,HD5,Health Plan Customer Service,5,5
H1951,DD1,Drug Plan Customer Service,5,5
H1951,DD2,Member Complaints and Changes in the Drug Plan’s Performance,5,5
H1951,DD3,Member Experience with the Drug Plan,5,5
H1951,DD4,Drug Safety and Accuracy of Drug Pricing,3,3
H1961,HD1,"Staying Healthy: Screenings, Tests and Vaccines",4,4
H1961,HD2,Managing Chronic (Long Term) Conditions,4,4
H1961,HD3,Member Experience with Health Plan,5,5
H1961,HD4,Member Complaints and Changes in the Health Plan's Performance,4,4
H1961,HD5,Health Plan Customer Service,4,4
H1961,DD1,Drug Plan Customer Service,4,4
H1961,DD2,Member Complaints and Changes in the Drug Plan’s Performance,5,5
H1961,DD3,Member Experience with the Drug Plan,5,5
H1961,DD4,Drug Safety and Accuracy of Drug Pricing,4,4
H1969,HD1,"Staying Healthy: Screenings, Tests and Vaccines",3,3
H1969,HD2,Managing Chronic (Long Term) Conditions,3,3
H1969,HD3,Member Experience with Health Plan,4,4
H1969,HD4,Member Complaints and Changes in the Health Plan's Performance,4,4
H1969,HD5,Health Plan Customer Service,Not enough data available ,
H1969,DD1,Drug Plan Customer Service,4,4
H1969,DD2,Member Complaints and Changes in the Drug Plan’s Performance,4,4
H1969,DD3,Member Experience with the Drug Plan,3,3
H1969,DD4,Drug Safety and Accuracy of Drug Pricing,4,4
H1977,HD1,"Staying Healthy: Screenings, Tests and Vaccines",Not enough data available ,
H1977,HD2,Managing Chronic (Long Term) Conditions,Not enough data available ,
H1977,HD3,Member Experience with Health Plan,Not enough data available ,
H1977,HD4,Member Complaints and Changes in the Health Plan's Performance,Not enough data available ,
H1977,HD5,Health Plan Customer Service,Not enough data available ,
H1977,DD1,Drug Plan Customer Service,Not enough data available ,
H1977,DD2,Member Complaints and Changes in the Drug Plan’s Performance,Not enough data available ,
H1977,DD3,Member Experience with the Drug Plan,Not enough data available ,
H1977,DD4,Drug Safety and Accuracy of Drug Pricing,Not enough data available,
H1993,HD1,"Staying Healthy: Screenings, Tests and Vaccines",5,5
H1993,HD2,Managing Chronic (Long Term) Conditions,Not enough data available ,
H1993,HD3,Member Experience with Health Plan,3,3
H1993,HD4,Member Complaints and Changes in the Health Plan's Performance,5,5
H1993,HD5,Health Plan Customer Service,Not enough data available ,
H1993,DD1,Drug Plan Customer Service,2,2
H1993,DD2,Member Complaints and Changes in the Drug Plan’s Performance,4,4
H1993,DD3,Member Experience with the Drug Plan,2,2
H1993,DD4,Drug Safety and Accuracy of Drug Pricing,4,4
H1994,HD1,"Staying Healthy: Screenings, Tests and Vaccines",5,5
H1994,HD2,Managing Chronic (Long Term) Conditions,4,4
H1994,HD3,Member Experience with Health Plan,5,5
H1994,HD4,Member Complaints and Changes in the Health Plan's Performance,4,4
H1994,HD5,Health Plan Customer Service,4,4
H1994,DD1,Drug Plan Customer Service,3,3
H1994,DD2,Member Complaints and Changes in the Drug Plan’s Performance,5,5
H1994,DD3,Member Experience with the Drug Plan,5,5
H1994,DD4,Drug Safety and Accuracy of Drug Pricing,4,4
H1997,HD1,"Staying Healthy: Screenings, Tests and Vaccines",4,4
H1997,HD2,Managing Chronic (Long Term) Conditions,4,4
H1997,HD3,Member Experience with Health Plan,3,3
H1997,HD4,Member Complaints and Changes in the Health Plan's Performance,3,3
H1997,HD5,Health Plan Customer Service,Not enough data available ,
H1997,DD1,Drug Plan Customer Service,4,4
H1997,DD2,Member Complaints and Changes in the Drug Plan’s Performance,3,3
H1997,DD3,Member Experience with the Drug Plan,2,2
H1997,DD4,Drug Safety and Accuracy of Drug Pricing,3,3
H2001,HD1,"Staying Healthy: Screenings, Tests and Vaccines",5,5
H2001,HD2,Managing Chronic (Long Term) Conditions,4,4
H2001,HD3,Member Experience with Health Plan,4,4
H2001,HD4,Member Complaints and Changes in the Health Plan's Performance,4,4
H2001,HD5,Health Plan Customer Service,5,5
H2001,DD1,Drug Plan Customer Service,4,4
H2001,DD2,Member Complaints and Changes in the Drug Plan’s Performance,4,4
H2001,DD3,Member Experience with the Drug Plan,4,4
H2001,DD4,Drug Safety and Accuracy of Drug Pricing,4,4
H2029,HD1,"Staying Healthy: Screenings, Tests and Vaccines",4,4
H2029,HD2,Managing Chronic (Long Term) Conditions,Not enough data available ,
H2029,HD3,Member Experience with Health Plan,Not enough data available ,
H2029,HD4,Member Complaints and Changes in the Health Plan's Performance,Not enough data available ,
H2029,HD5,Health Plan Customer Service,Not enough data available ,
H2029,DD1,Drug Plan Customer Service,3,3
H2029,DD2,Member Complaints and Changes in the Drug Plan’s Performance,Not enough data available ,
H2029,DD3,Member Experience with the Drug Plan,Not enough data available ,
H2029,DD4,Drug Safety and Accuracy of Drug Pricing,2,2
H2032,HD1,"Staying Healthy: Screenings, Tests and Vaccines",5,5
H2032,HD2,Managing Chronic (Long Term) Conditions,3,3
H2032,HD3,Member Experience with Health Plan,5,5
H2032,HD4,Member Complaints and Changes in the Health Plan's Performance,4,4
H2032,HD5,Health Plan Customer Service,3,3
H2032,DD1,Drug Plan Customer Service,2,2
H2032,DD2,Member Complaints and Changes in the Drug Plan’s Performance,4,4
H2032,DD3,Member Experience with the Drug Plan,4,4
H2032,DD4,Drug Safety and Accuracy of Drug Pricing,3,3
H2034,HD1,"Staying Healthy: Screenings, Tests and Vaccines",Not enough data available ,
H2034,HD2,Managing Chronic (Long Term) Conditions,3,3
H2034,HD3,Member Experience with Health Plan,Not enough data available ,
H2034,HD4,Member Complaints and Changes in the Health Plan's Performance,Not enough data available ,
H2034,HD5,Health Plan Customer Service,Not enough data available ,
H2034,DD1,Drug Plan Customer Service,1,1
H2034,DD2,Member Complaints and Changes in the Drug Plan’s Performance,Not enough data available ,
H2034,DD3,Member Experience with the Drug Plan,Not enough data available ,
H2034,DD4,Drug Safety and Accuracy of Drug Pricing,3,3
H2056,HD1,"Staying Healthy: Screenings, Tests and Vaccines",2,2
H2056,HD2,Managing Chronic (Long Term) Conditions,3,3
H2056,HD3,Member Experience with Health Plan,3,3
H2056,HD4,Member Complaints and Changes in the Health Plan's Performance,3,3
H2056,HD5,Health Plan Customer Service,4,4
H2056,DD1,Drug Plan Customer Service,4,4
H2056,DD2,Member Complaints and Changes in the Drug Plan’s Performance,3,3
H2056,DD3,Member Experience with the Drug Plan,2,2
H2056,DD4,Drug Safety and Accuracy of Drug Pricing,3,3
H2108,HD1,"Staying Healthy: Screenings, Tests and Vaccines",4,4
H2108,HD2,Managing Chronic (Long Term) Conditions,4,4
H2108,HD3,Member Experience with Health Plan,2,2
H2108,HD4,Member Complaints and Changes in the Health Plan's Performance,3,3
H2108,HD5,Health Plan Customer Service,4,4
H2108,DD1,Drug Plan Customer Service,3,3
H2108,DD2,Member Complaints and Changes in the Drug Plan’s Performance,4,4
H2108,DD3,Member Experience with the Drug Plan,2,2
H2108,DD4,Drug Safety and Accuracy of Drug Pricing,3,3
H2117,HD1,"Staying Healthy: Screenings, Tests and Vaccines",2,2
H2117,HD2,Managing Chronic (Long Term) Conditions,2,2
H2117,HD3,Member Experience with Health Plan,2,2
H2117,HD4,Member Complaints and Changes in the Health Plan's Performance,1,1
H2117,HD5,Health Plan Customer Service,4,4
H2117,DD1,Drug Plan Customer Service,5,5
H2117,DD2,Member Complaints and Changes in the Drug Plan’s Performance,1,1
H2117,DD3,Member Experience with the Drug Plan,2,2
H2117,DD4,Drug Safety and Accuracy of Drug Pricing,3,3
H2128,HD1,"Staying Healthy: Screenings, Tests and Vaccines",Plan too new to be measured ,
H2128,HD2,Managing Chronic (Long Term) Conditions,Plan too new to be measured ,
H2128,HD3,Member Experience with Health Plan,3,3
H2128,HD4,Member Complaints and Changes in the Health Plan's Performance,1,1
H2128,HD5,Health Plan Customer Service,Plan too new to be measured ,
H2128,DD1,Drug Plan Customer Service,5,5
H2128,DD2,Member Complaints and Changes in the Drug Plan’s Performance,1,1
H2128,DD3,Member Experience with the Drug Plan,2,2
H2128,DD4,Drug Safety and Accuracy of Drug Pricing,4,4
H2134,HD1,"Staying Healthy: Screenings, Tests and Vaccines",2,2
H2134,HD2,Managing Chronic (Long Term) Conditions,2,2
H2134,HD3,Member Experience with Health Plan,2,2
H2134,HD4,Member Complaints and Changes in the Health Plan's Performance,3,3
H2134,HD5,Health Plan Customer Service,5,5
H2134,DD1,Drug Plan Customer Service,5,5
H2134,DD2,Member Complaints and Changes in the Drug Plan’s Performance,3,3
H2134,DD3,Member Experience with the Drug Plan,Not enough data available ,
H2134,DD4,Drug Safety and Accuracy of Drug Pricing,2,2
H2162,HD1,"Staying Healthy: Screenings, Tests and Vaccines",Not enough data available ,
H2162,HD2,Managing Chronic (Long Term) Conditions,Not enough data available ,
H2162,HD3,Member Experience with Health Plan,Not enough data available ,
H2162,HD4,Member Complaints and Changes in the Health Plan's Performance,2,2
H2162,HD5,Health Plan Customer Service,Not enough data available ,
H2162,DD1,Drug Plan Customer Service,5,5
H2162,DD2,Member Complaints and Changes in the Drug Plan’s Performance,2,2
H2162,DD3,Member Experience with the Drug Plan,Not enough data available ,
H2162,DD4,Drug Safety and Accuracy of Drug Pricing,3,3
H2168,HD1,"Staying Healthy: Screenings, Tests and Vaccines",4,4
H2168,HD2,Managing Chronic (Long Term) Conditions,4,4
H2168,HD3,Member Experience with Health Plan,3,3
H2168,HD4,Member Complaints and Changes in the Health Plan's Performance,4,4
H2168,HD5,Health Plan Customer Service,Not enough data available ,
H2168,DD1,Drug Plan Customer Service,4,4
H2168,DD2,Member Complaints and Changes in the Drug Plan’s Performance,4,4
H2168,DD3,Member Experience with the Drug Plan,2,2
H2168,DD4,Drug Safety and Accuracy of Drug Pricing,4,4
H2171,HD1,"Staying Healthy: Screenings, Tests and Vaccines",3,3
H2171,HD2,Managing Chronic (Long Term) Conditions,2,2
H2171,HD3,Member Experience with Health Plan,3,3
H2171,HD4,Member Complaints and Changes in the Health Plan's Performance,3,3
H2171,HD5,Health Plan Customer Service,3,3
H2171,DD1,Drug Plan Customer Service,3,3
H2171,DD2,Member Complaints and Changes in the Drug Plan’s Performance,2,2
H2171,DD3,Member Experience with the Drug Plan,4,4
H2171,DD4,Drug Safety and Accuracy of Drug Pricing,3,3
H2172,HD1,"Staying Healthy: Screenings, Tests and Vaccines",5,5
H2172,HD2,Managing Chronic (Long Term) Conditions,4,4
H2172,HD3,Member Experience with Health Plan,3,3
H2172,HD4,Member Complaints and Changes in the Health Plan's Performance,4,4
H2172,HD5,Health Plan Customer Service,3,3
H2172,DD1,Drug Plan Customer Service,1,1
H2172,DD2,Member Complaints and Changes in the Drug Plan’s Performance,4,4
H2172,DD3,Member Experience with the Drug Plan,5,5
H2172,DD4,Drug Safety and Accuracy of Drug Pricing,5,5
H2174,HD1,"Staying Healthy: Screenings, Tests and Vaccines",2,2
H2174,HD2,Managing Chronic (Long Term) Conditions,3,3
H2174,HD3,Member Experience with Health Plan,2,2
H2174,HD4,Member Complaints and Changes in the Health Plan's Performance,3,3
H2174,HD5,Health Plan Customer Service,Not enough data available ,
H2174,DD1,Drug Plan Customer Service,5,5
H2174,DD2,Member Complaints and Changes in the Drug Plan’s Performance,3,3
H2174,DD3,Member Experience with the Drug Plan,2,2
H2174,DD4,Drug Safety and Accuracy of Drug Pricing,3,3
H2185,HD1,"Staying Healthy: Screenings, Tests and Vaccines",Not enough data available ,
H2185,HD2,Managing Chronic (Long Term) Conditions,Not enough data available ,
H2185,HD3,Member Experience with Health Plan,Not enough data available ,
H2185,HD4,Member Complaints and Changes in the Health Plan's Performance,Not enough data available ,
H2185,HD5,Health Plan Customer Service,Not enough data available ,
H2185,DD1,Drug Plan Customer Service,4,4
H2185,DD2,Member Complaints and Changes in the Drug Plan’s Performance,Not enough data available ,
H2185,DD3,Member Experience with the Drug Plan,Not enough data available ,
H2185,DD4,Drug Safety and Accuracy of Drug Pricing,3,3
H2224,HD1,"Staying Healthy: Screenings, Tests and Vaccines",4,4
H2224,HD2,Managing Chronic (Long Term) Conditions,3,3
H2224,HD3,Member Experience with Health Plan,3,3
H2224,HD4,Member Complaints and Changes in the Health Plan's Performance,4,4
H2224,HD5,Health Plan Customer Service,3,3
H2224,DD1,Drug Plan Customer Service,4,4
H2224,DD2,Member Complaints and Changes in the Drug Plan’s Performance,5,5
H2224,DD3,Member Experience with the Drug Plan,Not enough data available ,
H2224,DD4,Drug Safety and Accuracy of Drug Pricing,3,3
H2225,HD1,"Staying Healthy: Screenings, Tests and Vaccines",4,4
H2225,HD2,Managing Chronic (Long Term) Conditions,4,4
H2225,HD3,Member Experience with Health Plan,3,3
H2225,HD4,Member Complaints and Changes in the Health Plan's Performance,4,4
H2225,HD5,Health Plan Customer Service,4,4
H2225,DD1,Drug Plan Customer Service,3,3
H2225,DD2,Member Complaints and Changes in the Drug Plan’s Performance,4,4
H2225,DD3,Member Experience with the Drug Plan,4,4
H2225,DD4,Drug Safety and Accuracy of Drug Pricing,4,4
H2226,HD1,"Staying Healthy: Screenings, Tests and Vaccines",5,5
H2226,HD2,Managing Chronic (Long Term) Conditions,4,4
H2226,HD3,Member Experience with Health Plan,3,3
H2226,HD4,Member Complaints and Changes in the Health Plan's Performance,5,5
H2226,HD5,Health Plan Customer Service,5,5
H2226,DD1,Drug Plan Customer Service,4,4
H2226,DD2,Member Complaints and Changes in the Drug Plan’s Performance,5,5
H2226,DD3,Member Experience with the Drug Plan,4,4
H2226,DD4,Drug Safety and Accuracy of Drug Pricing,4,4
H2230,HD1,"Staying Healthy: Screenings, Tests and Vaccines",5,5
H2230,HD2,Managing Chronic (Long Term) Conditions,4,4
H2230,HD3,Member Experience with Health Plan,3,3
H2230,HD4,Member Complaints and Changes in the Health Plan's Performance,4,4
H2230,HD5,Health Plan Customer Service,4,4
H2230,DD1,Drug Plan Customer Service,3,3
H2230,DD2,Member Complaints and Changes in the Drug Plan’s Performance,4,4
H2230,DD3,Member Experience with the Drug Plan,2,2
H2230,DD4,Drug Safety and Accuracy of Drug Pricing,4,4
H2235,HD1,"Staying Healthy: Screenings, Tests and Vaccines",5,5
H2235,HD2,Managing Chronic (Long Term) Conditions,3,3
H2235,HD3,Member Experience with Health Plan,5,5
H2235,HD4,Member Complaints and Changes in the Health Plan's Performance,4,4
H2235,HD5,Health Plan Customer Service,4,4
H2235,DD1,Drug Plan Customer Service,4,4
H2235,DD2,Member Complaints and Changes in the Drug Plan’s Performance,4,4
H2235,DD3,Member Experience with the Drug Plan,5,5
H2235,DD4,Drug Safety and Accuracy of Drug Pricing,4,4
H2237,HD1,"Staying Healthy: Screenings, Tests and Vaccines",3,3
H2237,HD2,Managing Chronic (Long Term) Conditions,3,3
H2237,HD3,Member Experience with Health Plan,4,4
H2237,HD4,Member Complaints and Changes in the Health Plan's Performance,4,4
H2237,HD5,Health Plan Customer Service,4,4
H2237,DD1,Drug Plan Customer Service,2,2
H2237,DD2,Member Complaints and Changes in the Drug Plan’s Performance,4,4
H2237,DD3,Member Experience with the Drug Plan,4,4
H2237,DD4,Drug Safety and Accuracy of Drug Pricing,3,3
H2246,HD1,"Staying Healthy: Screenings, Tests and Vaccines",Plan too new to be measured ,
H2246,HD2,Managing Chronic (Long Term) Conditions,Plan too new to be measured ,
H2246,HD3,Member Experience with Health Plan,Plan too new to be measured ,
H2246,HD4,Member Complaints and Changes in the Health Plan's Performance,Plan too new to be measured ,
H2246,HD5,Health Plan Customer Service,Plan too new to be measured ,
H2246,DD1,Drug Plan Customer Service,3,3
H2246,DD2,Member Complaints and Changes in the Drug Plan’s Performance,Plan too new to be measured ,
H2246,DD3,Member Experience with the Drug Plan,Plan too new to be measured ,
H2246,DD4,Drug Safety and Accuracy of Drug Pricing,Plan too new to be measured,
H2247,HD1,"Staying Healthy: Screenings, Tests and Vaccines",2,2
H2247,HD2,Managing Chronic (Long Term) Conditions,3,3
H2247,HD3,Member Experience with Health Plan,4,4
H2247,HD4,Member Complaints and Changes in the Health Plan's Performance,3,3
H2247,HD5,Health Plan Customer Service,5,5
H2247,DD1,Drug Plan Customer Service,4,4
H2247,DD2,Member Complaints and Changes in the Drug Plan’s Performance,3,3
H2247,DD3,Member Experience with the Drug Plan,5,5
H2247,DD4,Drug Safety and Accuracy of Drug Pricing,3,3
H2256,HD1,"Staying Healthy: Screenings, Tests and Vaccines",5,5
H2256,HD2,Managing Chronic (Long Term) Conditions,3,3
H2256,HD3,Member Experience with Health Plan,4,4
H2256,HD4,Member Complaints and Changes in the Health Plan's Performance,4,4
H2256,HD5,Health Plan Customer Service,5,5
H2256,DD1,Drug Plan Customer Service,5,5
H2256,DD2,Member Complaints and Changes in the Drug Plan’s Performance,4,4
H2256,DD3,Member Experience with the Drug Plan,2,2
H2256,DD4,Drug Safety and Accuracy of Drug Pricing,4,4
H2261,HD1,"Staying Healthy: Screenings, Tests and Vaccines",5,5
H2261,HD2,Managing Chronic (Long Term) Conditions,4,4
H2261,HD3,Member Experience with Health Plan,3,3
H2261,HD4,Member Complaints and Changes in the Health Plan's Performance,4,4
H2261,HD5,Health Plan Customer Service,5,5
H2261,DD1,Drug Plan Customer Service,3,3
H2261,DD2,Member Complaints and Changes in the Drug Plan’s Performance,4,4
H2261,DD3,Member Experience with the Drug Plan,1,1
H2261,DD4,Drug Safety and Accuracy of Drug Pricing,4,4
H2272,HD1,"Staying Healthy: Screenings, Tests and Vaccines",Plan too new to be measured ,
H2272,HD2,Managing Chronic (Long Term) Conditions,Plan too new to be measured ,
H2272,HD3,Member Experience with Health Plan,Plan too new to be measured ,
H2272,HD4,Member Complaints and Changes in the Health Plan's Performance,Plan too new to be measured ,
H2272,HD5,Health Plan Customer Service,Plan too new to be measured ,
H2272,DD1,Drug Plan Customer Service,4,4
H2272,DD2,Member Complaints and Changes in the Drug Plan’s Performance,Plan too new to be measured ,
H2272,DD3,Member Experience with the Drug Plan,Plan too new to be measured ,
H2272,DD4,Drug Safety and Accuracy of Drug Pricing,Plan too new to be measured,
H2292,HD1,"Staying Healthy: Screenings, Tests and Vaccines",3,3
H2292,HD2,Managing Chronic (Long Term) Conditions,5,5
H2292,HD3,Member Experience with Health Plan,Not enough data available ,
H2292,HD4,Member Complaints and Changes in the Health Plan's Performance,5,5
H2292,HD5,Health Plan Customer Service,5,5
H2292,DD1,Drug Plan Customer Service,4,4
H2292,DD2,Member Complaints and Changes in the Drug Plan’s Performance,5,5
H2292,DD3,Member Experience with the Drug Plan,Not enough data available ,
H2292,DD4,Drug Safety and Accuracy of Drug Pricing,4,4
H2293,HD1,"Staying Healthy: Screenings, Tests and Vaccines",Plan too new to be measured ,
H2293,HD2,Managing Chronic (Long Term) Conditions,Plan too new to be measured ,
H2293,HD3,Member Experience with Health Plan,Plan too new to be measured ,
H2293,HD4,Member Complaints and Changes in the Health Plan's Performance,Plan too new to be measured ,
H2293,HD5,Health Plan Customer Service,Plan too new to be measured ,
H2293,DD1,Drug Plan Customer Service,4,4
H2293,DD2,Member Complaints and Changes in the Drug Plan’s Performance,Plan too new to be measured ,
H2293,DD3,Member Experience with the Drug Plan,Plan too new to be measured ,
H2293,DD4,Drug Safety and Accuracy of Drug Pricing,Plan too new to be measured,
H2320,HD1,"Staying Healthy: Screenings, Tests and Vaccines",4,4
H2320,HD2,Managing Chronic (Long Term) Conditions,4,4
H2320,HD3,Member Experience with Health Plan,4,4
H2320,HD4,Member Complaints and Changes in the Health Plan's Performance,4,4
H2320,HD5,Health Plan Customer Service,4,4
H2320,DD1,Drug Plan Customer Service,5,5
H2320,DD2,Member Complaints and Changes in the Drug Plan’s Performance,5,5
H2320,DD3,Member Experience with the Drug Plan,4,4
H2320,DD4,Drug Safety and Accuracy of Drug Pricing,4,4
H2322,HD1,"Staying Healthy: Screenings, Tests and Vaccines",4,4
H2322,HD2,Managing Chronic (Long Term) Conditions,4,4
H2322,HD3,Member Experience with Health Plan,4,4
H2322,HD4,Member Complaints and Changes in the Health Plan's Performance,5,5
H2322,HD5,Health Plan Customer Service,4,4
H2322,DD1,Drug Plan Customer Service,3,3
H2322,DD2,Member Complaints and Changes in the Drug Plan’s Performance,4,4
H2322,DD3,Member Experience with the Drug Plan,4,4
H2322,DD4,Drug Safety and Accuracy of Drug Pricing,4,4
H2334,HD1,"Staying Healthy: Screenings, Tests and Vaccines",Not enough data available ,
H2334,HD2,Managing Chronic (Long Term) Conditions,Not enough data available ,
H2334,HD3,Member Experience with Health Plan,Not enough data available ,
H2334,HD4,Member Complaints and Changes in the Health Plan's Performance,Not enough data available ,
H2334,HD5,Health Plan Customer Service,Not enough data available ,
H2334,DD1,Drug Plan Customer Service,3,3
H2334,DD2,Member Complaints and Changes in the Drug Plan’s Performance,Not enough data available ,
H2334,DD3,Member Experience with the Drug Plan,Not enough data available ,
H2334,DD4,Drug Safety and Accuracy of Drug Pricing,Not enough data available,
H2354,HD1,"Staying Healthy: Screenings, Tests and Vaccines",4,4
H2354,HD2,Managing Chronic (Long Term) Conditions,4,4
H2354,HD3,Member Experience with Health Plan,4,4
H2354,HD4,Member Complaints and Changes in the Health Plan's Performance,4,4
H2354,HD5,Health Plan Customer Service,4,4
H2354,DD1,Drug Plan Customer Service,3,3
H2354,DD2,Member Complaints and Changes in the Drug Plan’s Performance,5,5
H2354,DD3,Member Experience with the Drug Plan,4,4
H2354,DD4,Drug Safety and Accuracy of Drug Pricing,4,4
H2392,HD1,"Staying Healthy: Screenings, Tests and Vaccines",Not enough data available ,
H2392,HD2,Managing Chronic (Long Term) Conditions,4,4
H2392,HD3,Member Experience with Health Plan,Not enough data available ,
H2392,HD4,Member Complaints and Changes in the Health Plan's Performance,Not enough data available ,
H2392,HD5,Health Plan Customer Service,Not enough data available ,
H2392,DD1,Drug Plan Customer Service,2,2
H2392,DD2,Member Complaints and Changes in the Drug Plan’s Performance,Not enough data available ,
H2392,DD3,Member Experience with the Drug Plan,Not enough data available ,
H2392,DD4,Drug Safety and Accuracy of Drug Pricing,4,4
H2400,HD1,"Staying Healthy: Screenings, Tests and Vaccines",Not enough data available ,
H2400,HD2,Managing Chronic (Long Term) Conditions,4,4
H2400,HD3,Member Experience with Health Plan,Not enough data available ,
H2400,HD4,Member Complaints and Changes in the Health Plan's Performance,Not enough data available ,
H2400,HD5,Health Plan Customer Service,2,2
H2400,DD1,Drug Plan Customer Service,2,2
H2400,DD2,Member Complaints and Changes in the Drug Plan’s Performance,Not enough data available ,
H2400,DD3,Member Experience with the Drug Plan,Not enough data available ,
H2400,DD4,Drug Safety and Accuracy of Drug Pricing,3,3
H2406,HD1,"Staying Healthy: Screenings, Tests and Vaccines",4,4
H2406,HD2,Managing Chronic (Long Term) Conditions,4,4
H2406,HD3,Member Experience with Health Plan,3,3
H2406,HD4,Member Complaints and Changes in the Health Plan's Performance,5,5
H2406,HD5,Health Plan Customer Service,5,5
H2406,DD1,Drug Plan Customer Service,4,4
H2406,DD2,Member Complaints and Changes in the Drug Plan’s Performance,5,5
H2406,DD3,Member Experience with the Drug Plan,4,4
H2406,DD4,Drug Safety and Accuracy of Drug Pricing,4,4
H2416,HD1,"Staying Healthy: Screenings, Tests and Vaccines",3,3
H2416,HD2,Managing Chronic (Long Term) Conditions,4,4
H2416,HD3,Member Experience with Health Plan,4,4
H2416,HD4,Member Complaints and Changes in the Health Plan's Performance,5,5
H2416,HD5,Health Plan Customer Service,Not enough data available ,
H2416,DD1,Drug Plan Customer Service,3,3
H2416,DD2,Member Complaints and Changes in the Drug Plan’s Performance,5,5
H2416,DD3,Member Experience with the Drug Plan,5,5
H2416,DD4,Drug Safety and Accuracy of Drug Pricing,4,4
H2417,HD1,"Staying Healthy: Screenings, Tests and Vaccines",Not enough data available ,
H2417,HD2,Managing Chronic (Long Term) Conditions,Not enough data available ,
H2417,HD3,Member Experience with Health Plan,Not enough data available ,
H2417,HD4,Member Complaints and Changes in the Health Plan's Performance,Not enough data available ,
H2417,HD5,Health Plan Customer Service,Not enough data available ,
H2417,DD1,Drug Plan Customer Service,3,3
H2417,DD2,Member Complaints and Changes in the Drug Plan’s Performance,Not enough data available ,
H2417,DD3,Member Experience with the Drug Plan,Not enough data available ,
H2417,DD4,Drug Safety and Accuracy of Drug Pricing,3,3
H2419,HD1,"Staying Healthy: Screenings, Tests and Vaccines",3,3
H2419,HD2,Managing Chronic (Long Term) Conditions,4,4
H2419,HD3,Member Experience with Health Plan,4,4
H2419,HD4,Member Complaints and Changes in the Health Plan's Performance,5,5
H2419,HD5,Health Plan Customer Service,Not enough data available ,
H2419,DD1,Drug Plan Customer Service,3,3
H2419,DD2,Member Complaints and Changes in the Drug Plan’s Performance,4,4
H2419,DD3,Member Experience with the Drug Plan,4,4
H2419,DD4,Drug Safety and Accuracy of Drug Pricing,4,4
H2422,HD1,"Staying Healthy: Screenings, Tests and Vaccines",4,4
H2422,HD2,Managing Chronic (Long Term) Conditions,3,3
H2422,HD3,Member Experience with Health Plan,3,3
H2422,HD4,Member Complaints and Changes in the Health Plan's Performance,4,4
H2422,HD5,Health Plan Customer Service,Not enough data available ,
H2422,DD1,Drug Plan Customer Service,3,3
H2422,DD2,Member Complaints and Changes in the Drug Plan’s Performance,4,4
H2422,DD3,Member Experience with the Drug Plan,4,4
H2422,DD4,Drug Safety and Accuracy of Drug Pricing,3,3
H2425,HD1,"Staying Healthy: Screenings, Tests and Vaccines",3,3
H2425,HD2,Managing Chronic (Long Term) Conditions,4,4
H2425,HD3,Member Experience with Health Plan,4,4
H2425,HD4,Member Complaints and Changes in the Health Plan's Performance,4,4
H2425,HD5,Health Plan Customer Service,3,3
H2425,DD1,Drug Plan Customer Service,5,5
H2425,DD2,Member Complaints and Changes in the Drug Plan’s Performance,4,4
H2425,DD3,Member Experience with the Drug Plan,4,4
H2425,DD4,Drug Safety and Accuracy of Drug Pricing,4,4
H2450,HD1,"Staying Healthy: Screenings, Tests and Vaccines",3,3
H2450,HD2,Managing Chronic (Long Term) Conditions,3,3
H2450,HD3,Member Experience with Health Plan,4,4
H2450,HD4,Member Complaints and Changes in the Health Plan's Performance,4,4
H2450,HD5,Health Plan Customer Service,5,5
H2450,DD1,Drug Plan Customer Service,Not enough data available ,
H2450,DD2,Member Complaints and Changes in the Drug Plan’s Performance,5,5
H2450,DD3,Member Experience with the Drug Plan,3,3
H2450,DD4,Drug Safety and Accuracy of Drug Pricing,4,4
H2456,HD1,"Staying Healthy: Screenings, Tests and Vaccines",3,3
H2456,HD2,Managing Chronic (Long Term) Conditions,3,3
H2456,HD3,Member Experience with Health Plan,4,4
H2456,HD4,Member Complaints and Changes in the Health Plan's Performance,4,4
H2456,HD5,Health Plan Customer Service,5,5
H2456,DD1,Drug Plan Customer Service,4,4
H2456,DD2,Member Complaints and Changes in the Drug Plan’s Performance,5,5
H2456,DD3,Member Experience with the Drug Plan,4,4
H2456,DD4,Drug Safety and Accuracy of Drug Pricing,3,3
H2458,HD1,"Staying Healthy: Screenings, Tests and Vaccines",3,3
H2458,HD2,Managing Chronic (Long Term) Conditions,4,4
H2458,HD3,Member Experience with Health Plan,4,4
H2458,HD4,Member Complaints and Changes in the Health Plan's Performance,4,4
H2458,HD5,Health Plan Customer Service,3,3
H2458,DD1,Drug Plan Customer Service,3,3
H2458,DD2,Member Complaints and Changes in the Drug Plan’s Performance,4,4
H2458,DD3,Member Experience with the Drug Plan,2,2
H2458,DD4,Drug Safety and Accuracy of Drug Pricing,4,4
H2459,HD1,"Staying Healthy: Screenings, Tests and Vaccines",4,4
H2459,HD2,Managing Chronic (Long Term) Conditions,3,3
H2459,HD3,Member Experience with Health Plan,5,5
H2459,HD4,Member Complaints and Changes in the Health Plan's Performance,4,4
H2459,HD5,Health Plan Customer Service,4,4
H2459,DD1,Drug Plan Customer Service,4,4
H2459,DD2,Member Complaints and Changes in the Drug Plan’s Performance,4,4
H2459,DD3,Member Experience with the Drug Plan,4,4
H2459,DD4,Drug Safety and Accuracy of Drug Pricing,4,4
H2461,HD1,"Staying Healthy: Screenings, Tests and Vaccines",4,4
H2461,HD2,Managing Chronic (Long Term) Conditions,3,3
H2461,HD3,Member Experience with Health Plan,5,5
H2461,HD4,Member Complaints and Changes in the Health Plan's Performance,4,4
H2461,HD5,Health Plan Customer Service,5,5
H2461,DD1,Drug Plan Customer Service,Not enough data available ,
H2461,DD2,Member Complaints and Changes in the Drug Plan’s Performance,4,4
H2461,DD3,Member Experience with the Drug Plan,Not enough data available ,
H2461,DD4,Drug Safety and Accuracy of Drug Pricing,4,4
H2462,HD1,"Staying Healthy: Screenings, Tests and Vaccines",4,4
H2462,HD2,Managing Chronic (Long Term) Conditions,3,3
H2462,HD3,Member Experience with Health Plan,4,4
H2462,HD4,Member Complaints and Changes in the Health Plan's Performance,4,4
H2462,HD5,Health Plan Customer Service,Not enough data available ,
H2462,DD1,Drug Plan Customer Service,Not enough data available ,
H2462,DD2,Member Complaints and Changes in the Drug Plan’s Performance,5,5
H2462,DD3,Member Experience with the Drug Plan,Not enough data available ,
H2462,DD4,Drug Safety and Accuracy of Drug Pricing,Not enough data available,
H2463,HD1,"Staying Healthy: Screenings, Tests and Vaccines",3,3
H2463,HD2,Managing Chronic (Long Term) Conditions,3,3
H2463,HD3,Member Experience with Health Plan,4,4
H2463,HD4,Member Complaints and Changes in the Health Plan's Performance,4,4
H2463,HD5,Health Plan Customer Service,5,5
H2463,DD1,Drug Plan Customer Service,5,5
H2463,DD2,Member Complaints and Changes in the Drug Plan’s Performance,4,4
H2463,DD3,Member Experience with the Drug Plan,3,3
H2463,DD4,Drug Safety and Accuracy of Drug Pricing,3,3
H2478,HD1,"Staying Healthy: Screenings, Tests and Vaccines",Plan too new to be measured ,
H2478,HD2,Managing Chronic (Long Term) Conditions,Plan too new to be measured ,
H2478,HD3,Member Experience with Health Plan,Plan too new to be measured ,
H2478,HD4,Member Complaints and Changes in the Health Plan's Performance,Plan too new to be measured ,
H2478,HD5,Health Plan Customer Service,Plan too new to be measured ,
H2478,DD1,Drug Plan Customer Service,4,4
H2478,DD2,Member Complaints and Changes in the Drug Plan’s Performance,Plan too new to be measured ,
H2478,DD3,Member Experience with the Drug Plan,Plan too new to be measured ,
H2478,DD4,Drug Safety and Accuracy of Drug Pricing,Plan too new to be measured,
H2486,HD1,"Staying Healthy: Screenings, Tests and Vaccines",4,4
H2486,HD2,Managing Chronic (Long Term) Conditions,4,4
H2486,HD3,Member Experience with Health Plan,4,4
H2486,HD4,Member Complaints and Changes in the Health Plan's Performance,3,3
H2486,HD5,Health Plan Customer Service,4,4
H2486,DD1,Drug Plan Customer Service,5,5
H2486,DD2,Member Complaints and Changes in the Drug Plan’s Performance,3,3
H2486,DD3,Member Experience with the Drug Plan,4,4
H2486,DD4,Drug Safety and Accuracy of Drug Pricing,3,3
H2491,HD1,"Staying Healthy: Screenings, Tests and Vaccines",2,2
H2491,HD2,Managing Chronic (Long Term) Conditions,2,2
H2491,HD3,Member Experience with Health Plan,3,3
H2491,HD4,Member Complaints and Changes in the Health Plan's Performance,2,2
H2491,HD5,Health Plan Customer Service,3,3
H2491,DD1,Drug Plan Customer Service,5,5
H2491,DD2,Member Complaints and Changes in the Drug Plan’s Performance,3,3
H2491,DD3,Member Experience with the Drug Plan,4,4
H2491,DD4,Drug Safety and Accuracy of Drug Pricing,3,3
H2506,HD1,"Staying Healthy: Screenings, Tests and Vaccines",Not enough data available ,
H2506,HD2,Managing Chronic (Long Term) Conditions,Not enough data available ,
H2506,HD3,Member Experience with Health Plan,Not enough data available ,
H2506,HD4,Member Complaints and Changes in the Health Plan's Performance,Not enough data available ,
H2506,HD5,Health Plan Customer Service,Not enough data available ,
H2506,DD1,Drug Plan Customer Service,Not enough data available ,
H2506,DD2,Member Complaints and Changes in the Drug Plan’s Performance,Not enough data available ,
H2506,DD3,Member Experience with the Drug Plan,Not enough data available ,
H2506,DD4,Drug Safety and Accuracy of Drug Pricing,Not enough data available,
H2509,HD1,"Staying Healthy: Screenings, Tests and Vaccines",Plan too new to be measured ,
H2509,HD2,Managing Chronic (Long Term) Conditions,Plan too new to be measured ,
H2509,HD3,Member Experience with Health Plan,Plan too new to be measured ,
H2509,HD4,Member Complaints and Changes in the Health Plan's Performance,Plan too new to be measured ,
H2509,HD5,Health Plan Customer Service,Plan too new to be measured ,
H2509,DD1,Drug Plan Customer Service,4,4
H2509,DD2,Member Complaints and Changes in the Drug Plan’s Performance,Plan too new to be measured ,
H2509,DD3,Member Experience with the Drug Plan,Plan too new to be measured ,
H2509,DD4,Drug Safety and Accuracy of Drug Pricing,Plan too new to be measured,
H2526,HD1,"Staying Healthy: Screenings, Tests and Vaccines",Plan too new to be measured ,
H2526,HD2,Managing Chronic (Long Term) Conditions,Plan too new to be measured ,
H2526,HD3,Member Experience with Health Plan,Plan too new to be measured ,
H2526,HD4,Member Complaints and Changes in the Health Plan's Performance,Plan too new to be measured ,
H2526,HD5,Health Plan Customer Service,Plan too new to be measured ,
H2526,DD1,Drug Plan Customer Service,4,4
H2526,DD2,Member Complaints and Changes in the Drug Plan’s Performance,Plan too new to be measured ,
H2526,DD3,Member Experience with the Drug Plan,Plan too new to be measured ,
H2526,DD4,Drug Safety and Accuracy of Drug Pricing,Plan too new to be measured,
H2531,HD1,"Staying Healthy: Screenings, Tests and Vaccines",Not enough data available ,
H2531,HD2,Managing Chronic (Long Term) Conditions,Not enough data available ,
H2531,HD3,Member Experience with Health Plan,Not enough data available ,
H2531,HD4,Member Complaints and Changes in the Health Plan's Performance,Not enough data available ,
H2531,HD5,Health Plan Customer Service,Not enough data available ,
H2531,DD1,Drug Plan Customer Service,Not enough data available ,
H2531,DD2,Member Complaints and Changes in the Drug Plan’s Performance,Not enough data available ,
H2531,DD3,Member Experience with the Drug Plan,Not enough data available ,
H2531,DD4,Drug Safety and Accuracy of Drug Pricing,Not enough data available,
H2533,HD1,"Staying Healthy: Screenings, Tests and Vaccines",Not enough data available ,
H2533,HD2,Managing Chronic (Long Term) Conditions,Not enough data available ,
H2533,HD3,Member Experience with Health Plan,Not enough data available ,
H2533,HD4,Member Complaints and Changes in the Health Plan's Performance,Not enough data available ,
H2533,HD5,Health Plan Customer Service,Not enough data available ,
H2533,DD1,Drug Plan Customer Service,Not enough data available ,
H2533,DD2,Member Complaints and Changes in the Drug Plan’s Performance,Not enough data available ,
H2533,DD3,Member Experience with the Drug Plan,Not enough data available ,
H2533,DD4,Drug Safety and Accuracy of Drug Pricing,Not enough data available,
H2563,HD1,"Staying Healthy: Screenings, Tests and Vaccines",3,3
H2563,HD2,Managing Chronic (Long Term) Conditions,2,2
H2563,HD3,Member Experience with Health Plan,3,3
H2563,HD4,Member Complaints and Changes in the Health Plan's Performance,4,4
H2563,HD5,Health Plan Customer Service,3,3
H2563,DD1,Drug Plan Customer Service,4,4
H2563,DD2,Member Complaints and Changes in the Drug Plan’s Performance,4,4
H2563,DD3,Member Experience with the Drug Plan,2,2
H2563,DD4,Drug Safety and Accuracy of Drug Pricing,3,3
H2577,HD1,"Staying Healthy: Screenings, Tests and Vaccines",4,4
H2577,HD2,Managing Chronic (Long Term) Conditions,3,3
H2577,HD3,Member Experience with Health Plan,3,3
H2577,HD4,Member Complaints and Changes in the Health Plan's Performance,4,4
H2577,HD5,Health Plan Customer Service,5,5
H2577,DD1,Drug Plan Customer Service,4,4
H2577,DD2,Member Complaints and Changes in the Drug Plan’s Performance,4,4
H2577,DD3,Member Experience with the Drug Plan,2,2
H2577,DD4,Drug Safety and Accuracy of Drug Pricing,3,3
H2582,HD1,"Staying Healthy: Screenings, Tests and Vaccines",3,3
H2582,HD2,Managing Chronic (Long Term) Conditions,4,4
H2582,HD3,Member Experience with Health Plan,4,4
H2582,HD4,Member Complaints and Changes in the Health Plan's Performance,4,4
H2582,HD5,Health Plan Customer Service,3,3
H2582,DD1,Drug Plan Customer Service,4,4
H2582,DD2,Member Complaints and Changes in the Drug Plan’s Performance,4,4
H2582,DD3,Member Experience with the Drug Plan,3,3
H2582,DD4,Drug Safety and Accuracy of Drug Pricing,4,4
H2591,HD1,"Staying Healthy: Screenings, Tests and Vaccines",Not enough data available ,
H2591,HD2,Managing Chronic (Long Term) Conditions,Not enough data available ,
H2591,HD3,Member Experience with Health Plan,Not enough data available ,
H2591,HD4,Member Complaints and Changes in the Health Plan's Performance,Not enough data available ,
H2591,HD5,Health Plan Customer Service,Not enough data available ,
H2591,DD1,Drug Plan Customer Service,Not enough data available ,
H2591,DD2,Member Complaints and Changes in the Drug Plan’s Performance,Not enough data available ,
H2591,DD3,Member Experience with the Drug Plan,Not enough data available ,
H2591,DD4,Drug Safety and Accuracy of Drug Pricing,4,4
H2593,HD1,"Staying Healthy: Screenings, Tests and Vaccines",2,2
H2593,HD2,Managing Chronic (Long Term) Conditions,2,2
H2593,HD3,Member Experience with Health Plan,Not enough data available ,
H2593,HD4,Member Complaints and Changes in the Health Plan's Performance,3,3
H2593,HD5,Health Plan Customer Service,3,3
H2593,DD1,Drug Plan Customer Service,4,4
H2593,DD2,Member Complaints and Changes in the Drug Plan’s Performance,4,4
H2593,DD3,Member Experience with the Drug Plan,Not enough data available ,
H2593,DD4,Drug Safety and Accuracy of Drug Pricing,2,2
H2610,HD1,"Staying Healthy: Screenings, Tests and Vaccines",5,5
H2610,HD2,Managing Chronic (Long Term) Conditions,4,4
H2610,HD3,Member Experience with Health Plan,5,5
H2610,HD4,Member Complaints and Changes in the Health Plan's Performance,4,4
H2610,HD5,Health Plan Customer Service,4,4
H2610,DD1,Drug Plan Customer Service,4,4
H2610,DD2,Member Complaints and Changes in the Drug Plan’s Performance,4,4
H2610,DD3,Member Experience with the Drug Plan,5,5
H2610,DD4,Drug Safety and Accuracy of Drug Pricing,4,4
H2624,HD1,"Staying Healthy: Screenings, Tests and Vaccines",5,5
H2624,HD2,Managing Chronic (Long Term) Conditions,4,4
H2624,HD3,Member Experience with Health Plan,5,5
H2624,HD4,Member Complaints and Changes in the Health Plan's Performance,5,5
H2624,HD5,Health Plan Customer Service,Not enough data available ,
H2624,DD1,Drug Plan Customer Service,3,3
H2624,DD2,Member Complaints and Changes in the Drug Plan’s Performance,4,4
H2624,DD3,Member Experience with the Drug Plan,4,4
H2624,DD4,Drug Safety and Accuracy of Drug Pricing,4,4
H2663,HD1,"Staying Healthy: Screenings, Tests and Vaccines",4,4
H2663,HD2,Managing Chronic (Long Term) Conditions,4,4
H2663,HD3,Member Experience with Health Plan,5,5
H2663,HD4,Member Complaints and Changes in the Health Plan's Performance,4,4
H2663,HD5,Health Plan Customer Service,4,4
H2663,DD1,Drug Plan Customer Service,4,4
H2663,DD2,Member Complaints and Changes in the Drug Plan’s Performance,4,4
H2663,DD3,Member Experience with the Drug Plan,4,4
H2663,DD4,Drug Safety and Accuracy of Drug Pricing,4,4
H2686,HD1,"Staying Healthy: Screenings, Tests and Vaccines",Plan too new to be measured ,
H2686,HD2,Managing Chronic (Long Term) Conditions,Plan too new to be measured ,
H2686,HD3,Member Experience with Health Plan,Plan too new to be measured ,
H2686,HD4,Member Complaints and Changes in the Health Plan's Performance,Plan too new to be measured ,
H2686,HD5,Health Plan Customer Service,Plan too new to be measured ,
H2686,DD1,Drug Plan Customer Service,4,4
H2686,DD2,Member Complaints and Changes in the Drug Plan’s Performance,Plan too new to be measured ,
H2686,DD3,Member Experience with the Drug Plan,Plan too new to be measured ,
H2686,DD4,Drug Safety and Accuracy of Drug Pricing,Plan too new to be measured,
H2694,HD1,"Staying Healthy: Screenings, Tests and Vaccines",Plan too new to be measured ,
H2694,HD2,Managing Chronic (Long Term) Conditions,Plan too new to be measured ,
H2694,HD3,Member Experience with Health Plan,Plan too new to be measured ,
H2694,HD4,Member Complaints and Changes in the Health Plan's Performance,Plan too new to be measured ,
H2694,HD5,Health Plan Customer Service,Plan too new to be measured ,
H2694,DD1,Drug Plan Customer Service,1,1
H2694,DD2,Member Complaints and Changes in the Drug Plan’s Performance,Plan too new to be measured ,
H2694,DD3,Member Experience with the Drug Plan,Plan too new to be measured ,
H2694,DD4,Drug Safety and Accuracy of Drug Pricing,Plan too new to be measured,
H2697,HD1,"Staying Healthy: Screenings, Tests and Vaccines",3,3
H2697,HD2,Managing Chronic (Long Term) Conditions,4,4
H2697,HD3,Member Experience with Health Plan,5,5
H2697,HD4,Member Complaints and Changes in the Health Plan's Performance,4,4
H2697,HD5,Health Plan Customer Service,5,5
H2697,DD1,Drug Plan Customer Service,4,4
H2697,DD2,Member Complaints and Changes in the Drug Plan’s Performance,4,4
H2697,DD3,Member Experience with the Drug Plan,4,4
H2697,DD4,Drug Safety and Accuracy of Drug Pricing,4,4
H2715,HD1,"Staying Healthy: Screenings, Tests and Vaccines",Plan too new to be measured ,
H2715,HD2,Managing Chronic (Long Term) Conditions,Plan too new to be measured ,
H2715,HD3,Member Experience with Health Plan,Plan too new to be measured ,
H2715,HD4,Member Complaints and Changes in the Health Plan's Performance,Plan too new to be measured ,
H2715,HD5,Health Plan Customer Service,Plan too new to be measured ,
H2715,DD1,Drug Plan Customer Service,4,4
H2715,DD2,Member Complaints and Changes in the Drug Plan’s Performance,Plan too new to be measured ,
H2715,DD3,Member Experience with the Drug Plan,Plan too new to be measured ,
H2715,DD4,Drug Safety and Accuracy of Drug Pricing,Plan too new to be measured,
H2722,HD1,"Staying Healthy: Screenings, Tests and Vaccines",Not enough data available ,
H2722,HD2,Managing Chronic (Long Term) Conditions,Not enough data available ,
H2722,HD3,Member Experience with Health Plan,Not enough data available ,
H2722,HD4,Member Complaints and Changes in the Health Plan's Performance,Not enough data available ,
H2722,HD5,Health Plan Customer Service,Not enough data available ,
H2722,DD1,Drug Plan Customer Service,3,3
H2722,DD2,Member Complaints and Changes in the Drug Plan’s Performance,Not enough data available ,
H2722,DD3,Member Experience with the Drug Plan,Not enough data available ,
H2722,DD4,Drug Safety and Accuracy of Drug Pricing,3,3
H2737,HD1,"Staying Healthy: Screenings, Tests and Vaccines",5,5
H2737,HD2,Managing Chronic (Long Term) Conditions,Plan too new to be measured ,
H2737,HD3,Member Experience with Health Plan,3,3
H2737,HD4,Member Complaints and Changes in the Health Plan's Performance,4,4
H2737,HD5,Health Plan Customer Service,Plan too new to be measured ,
H2737,DD1,Drug Plan Customer Service,3,3
H2737,DD2,Member Complaints and Changes in the Drug Plan’s Performance,4,4
H2737,DD3,Member Experience with the Drug Plan,2,2
H2737,DD4,Drug Safety and Accuracy of Drug Pricing,4,4
H2752,HD1,"Staying Healthy: Screenings, Tests and Vaccines",Plan too new to be measured ,
H2752,HD2,Managing Chronic (Long Term) Conditions,Plan too new to be measured ,
H2752,HD3,Member Experience with Health Plan,Plan too new to be measured ,
H2752,HD4,Member Complaints and Changes in the Health Plan's Performance,Plan too new to be measured ,
H2752,HD5,Health Plan Customer Service,Plan too new to be measured ,
H2752,DD1,Drug Plan Customer Service,3,3
H2752,DD2,Member Complaints and Changes in the Drug Plan’s Performance,Plan too new to be measured ,
H2752,DD3,Member Experience with the Drug Plan,Plan too new to be measured ,
H2752,DD4,Drug Safety and Accuracy of Drug Pricing,Plan too new to be measured,
H2765,HD1,"Staying Healthy: Screenings, Tests and Vaccines",2,2
H2765,HD2,Managing Chronic (Long Term) Conditions,3,3
H2765,HD3,Member Experience with Health Plan,3,3
H2765,HD4,Member Complaints and Changes in the Health Plan's Performance,5,5
H2765,HD5,Health Plan Customer Service,5,5
H2765,DD1,Drug Plan Customer Service,4,4
H2765,DD2,Member Complaints and Changes in the Drug Plan’s Performance,4,4
H2765,DD3,Member Experience with the Drug Plan,2,2
H2765,DD4,Drug Safety and Accuracy of Drug Pricing,3,3
H2775,HD1,"Staying Healthy: Screenings, Tests and Vaccines",3,3
H2775,HD2,Managing Chronic (Long Term) Conditions,3,3
H2775,HD3,Member Experience with Health Plan,3,3
H2775,HD4,Member Complaints and Changes in the Health Plan's Performance,3,3
H2775,HD5,Health Plan Customer Service,3,3
H2775,DD1,Drug Plan Customer Service,5,5
H2775,DD2,Member Complaints and Changes in the Drug Plan’s Performance,2,2
H2775,DD3,Member Experience with the Drug Plan,2,2
H2775,DD4,Drug Safety and Accuracy of Drug Pricing,3,3
H2782,HD1,"Staying Healthy: Screenings, Tests and Vaccines",4,4
H2782,HD2,Managing Chronic (Long Term) Conditions,3,3
H2782,HD3,Member Experience with Health Plan,2,2
H2782,HD4,Member Complaints and Changes in the Health Plan's Performance,4,4
H2782,HD5,Health Plan Customer Service,Not enough data available ,
H2782,DD1,Drug Plan Customer Service,1,1
H2782,DD2,Member Complaints and Changes in the Drug Plan’s Performance,4,4
H2782,DD3,Member Experience with the Drug Plan,3,3
H2782,DD4,Drug Safety and Accuracy of Drug Pricing,2,2
H2802,HD1,"Staying Healthy: Screenings, Tests and Vaccines",4,4
H2802,HD2,Managing Chronic (Long Term) Conditions,3,3
H2802,HD3,Member Experience with Health Plan,4,4
H2802,HD4,Member Complaints and Changes in the Health Plan's Performance,5,5
H2802,HD5,Health Plan Customer Service,5,5
H2802,DD1,Drug Plan Customer Service,4,4
H2802,DD2,Member Complaints and Changes in the Drug Plan’s Performance,5,5
H2802,DD3,Member Experience with the Drug Plan,4,4
H2802,DD4,Drug Safety and Accuracy of Drug Pricing,3,3
H2816,HD1,"Staying Healthy: Screenings, Tests and Vaccines",2,2
H2816,HD2,Managing Chronic (Long Term) Conditions,2,2
H2816,HD3,Member Experience with Health Plan,4,4
H2816,HD4,Member Complaints and Changes in the Health Plan's Performance,4,4
H2816,HD5,Health Plan Customer Service,Not enough data available ,
H2816,DD1,Drug Plan Customer Service,5,5
H2816,DD2,Member Complaints and Changes in the Drug Plan’s Performance,4,4
H2816,DD3,Member Experience with the Drug Plan,Not enough data available ,
H2816,DD4,Drug Safety and Accuracy of Drug Pricing,4,4
H2819,HD1,"Staying Healthy: Screenings, Tests and Vaccines",Plan too new to be measured ,
H2819,HD2,Managing Chronic (Long Term) Conditions,Plan too new to be measured ,
H2819,HD3,Member Experience with Health Plan,Plan too new to be measured ,
H2819,HD4,Member Complaints and Changes in the Health Plan's Performance,Plan too new to be measured ,
H2819,HD5,Health Plan Customer Service,Plan too new to be measured ,
H2819,DD1,Drug Plan Customer Service,Plan too new to be measured ,
H2819,DD2,Member Complaints and Changes in the Drug Plan’s Performance,Plan too new to be measured ,
H2819,DD3,Member Experience with the Drug Plan,Plan too new to be measured ,
H2819,DD4,Drug Safety and Accuracy of Drug Pricing,Plan too new to be measured,
H2836,HD1,"Staying Healthy: Screenings, Tests and Vaccines",4,4
H2836,HD2,Managing Chronic (Long Term) Conditions,3,3
H2836,HD3,Member Experience with Health Plan,2,2
H2836,HD4,Member Complaints and Changes in the Health Plan's Performance,3,3
H2836,HD5,Health Plan Customer Service,4,4
H2836,DD1,Drug Plan Customer Service,4,4
H2836,DD2,Member Complaints and Changes in the Drug Plan’s Performance,3,3
H2836,DD3,Member Experience with the Drug Plan,2,2
H2836,DD4,Drug Safety and Accuracy of Drug Pricing,4,4
H2853,HD1,"Staying Healthy: Screenings, Tests and Vaccines",3,3
H2853,HD2,Managing Chronic (Long Term) Conditions,Not enough data available ,
H2853,HD3,Member Experience with Health Plan,3,3
H2853,HD4,Member Complaints and Changes in the Health Plan's Performance,2,2
H2853,HD5,Health Plan Customer Service,Not enough data available ,
H2853,DD1,Drug Plan Customer Service,5,5
H2853,DD2,Member Complaints and Changes in the Drug Plan’s Performance,3,3
H2853,DD3,Member Experience with the Drug Plan,3,3
H2853,DD4,Drug Safety and Accuracy of Drug Pricing,4,4
H2879,HD1,"Staying Healthy: Screenings, Tests and Vaccines",2,2
H2879,HD2,Managing Chronic (Long Term) Conditions,3,3
H2879,HD3,Member Experience with Health Plan,3,3
H2879,HD4,Member Complaints and Changes in the Health Plan's Performance,3,3
H2879,HD5,Health Plan Customer Service,Not enough data available ,
H2879,DD1,Drug Plan Customer Service,4,4
H2879,DD2,Member Complaints and Changes in the Drug Plan’s Performance,3,3
H2879,DD3,Member Experience with the Drug Plan,Not enough data available ,
H2879,DD4,Drug Safety and Accuracy of Drug Pricing,2,2
H2915,HD1,"Staying Healthy: Screenings, Tests and Vaccines",2,2
H2915,HD2,Managing Chronic (Long Term) Conditions,3,3
H2915,HD3,Member Experience with Health Plan,4,4
H2915,HD4,Member Complaints and Changes in the Health Plan's Performance,3,3
H2915,HD5,Health Plan Customer Service,5,5
H2915,DD1,Drug Plan Customer Service,5,5
H2915,DD2,Member Complaints and Changes in the Drug Plan’s Performance,3,3
H2915,DD3,Member Experience with the Drug Plan,4,4
H2915,DD4,Drug Safety and Accuracy of Drug Pricing,4,4
H2923,HD1,"Staying Healthy: Screenings, Tests and Vaccines",Plan too new to be measured ,
H2923,HD2,Managing Chronic (Long Term) Conditions,Plan too new to be measured ,
H2923,HD3,Member Experience with Health Plan,Plan too new to be measured ,
H2923,HD4,Member Complaints and Changes in the Health Plan's Performance,Plan too new to be measured ,
H2923,HD5,Health Plan Customer Service,Plan too new to be measured ,
H2923,DD1,Drug Plan Customer Service,4,4
H2923,DD2,Member Complaints and Changes in the Drug Plan’s Performance,Plan too new to be measured ,
H2923,DD3,Member Experience with the Drug Plan,Plan too new to be measured ,
H2923,DD4,Drug Safety and Accuracy of Drug Pricing,Plan too new to be measured,
H2926,HD1,"Staying Healthy: Screenings, Tests and Vaccines",Not enough data available ,
H2926,HD2,Managing Chronic (Long Term) Conditions,Not enough data available ,
H2926,HD3,Member Experience with Health Plan,Not enough data available ,
H2926,HD4,Member Complaints and Changes in the Health Plan's Performance,Not enough data available ,
H2926,HD5,Health Plan Customer Service,Not enough data available ,
H2926,DD1,Drug Plan Customer Service,3,3
H2926,DD2,Member Complaints and Changes in the Drug Plan’s Performance,Not enough data available ,
H2926,DD3,Member Experience with the Drug Plan,Not enough data available ,
H2926,DD4,Drug Safety and Accuracy of Drug Pricing,3,3
H2942,HD1,"Staying Healthy: Screenings, Tests and Vaccines",Plan too new to be measured ,
H2942,HD2,Managing Chronic (Long Term) Conditions,Plan too new to be measured ,
H2942,HD3,Member Experience with Health Plan,Plan too new to be measured ,
H2942,HD4,Member Complaints and Changes in the Health Plan's Performance,Plan too new to be measured ,
H2942,HD5,Health Plan Customer Service,Plan too new to be measured ,
H2942,DD1,Drug Plan Customer Service,1,1
H2942,DD2,Member Complaints and Changes in the Drug Plan’s Performance,Plan too new to be measured ,
H2942,DD3,Member Experience with the Drug Plan,Plan too new to be measured ,
H2942,DD4,Drug Safety and Accuracy of Drug Pricing,Plan too new to be measured,
H2944,HD1,"Staying Healthy: Screenings, Tests and Vaccines",2,2
H2944,HD2,Managing Chronic (Long Term) Conditions,3,3
H2944,HD3,Member Experience with Health Plan,4,4
H2944,HD4,Member Complaints and Changes in the Health Plan's Performance,4,4
H2944,HD5,Health Plan Customer Service,5,5
H2944,DD1,Drug Plan Customer Service,5,5
H2944,DD2,Member Complaints and Changes in the Drug Plan’s Performance,3,3
H2944,DD3,Member Experience with the Drug Plan,3,3
H2944,DD4,Drug Safety and Accuracy of Drug Pricing,3,3
H2960,HD1,"Staying Healthy: Screenings, Tests and Vaccines",5,5
H2960,HD2,Managing Chronic (Long Term) Conditions,4,4
H2960,HD3,Member Experience with Health Plan,4,4
H2960,HD4,Member Complaints and Changes in the Health Plan's Performance,4,4
H2960,HD5,Health Plan Customer Service,3,3
H2960,DD1,Drug Plan Customer Service,3,3
H2960,DD2,Member Complaints and Changes in the Drug Plan’s Performance,4,4
H2960,DD3,Member Experience with the Drug Plan,2,2
H2960,DD4,Drug Safety and Accuracy of Drug Pricing,2,2
H2962,HD1,"Staying Healthy: Screenings, Tests and Vaccines",3,3
H2962,HD2,Managing Chronic (Long Term) Conditions,4,4
H2962,HD3,Member Experience with Health Plan,3,3
H2962,HD4,Member Complaints and Changes in the Health Plan's Performance,4,4
H2962,HD5,Health Plan Customer Service,5,5
H2962,DD1,Drug Plan Customer Service,3,3
H2962,DD2,Member Complaints and Changes in the Drug Plan’s Performance,4,4
H2962,DD3,Member Experience with the Drug Plan,5,5
H2962,DD4,Drug Safety and Accuracy of Drug Pricing,4,4
H3015,HD1,"Staying Healthy: Screenings, Tests and Vaccines",Not enough data available ,
H3015,HD2,Managing Chronic (Long Term) Conditions,1,1
H3015,HD3,Member Experience with Health Plan,Not enough data available ,
H3015,HD4,Member Complaints and Changes in the Health Plan's Performance,Not enough data available ,
H3015,HD5,Health Plan Customer Service,Not enough data available ,
H3015,DD1,Drug Plan Customer Service,3,3
H3015,DD2,Member Complaints and Changes in the Drug Plan’s Performance,Not enough data available ,
H3015,DD3,Member Experience with the Drug Plan,Not enough data available ,
H3015,DD4,Drug Safety and Accuracy of Drug Pricing,1,1
H3038,HD1,"Staying Healthy: Screenings, Tests and Vaccines",Plan too new to be measured ,
H3038,HD2,Managing Chronic (Long Term) Conditions,Plan too new to be measured ,
H3038,HD3,Member Experience with Health Plan,Plan too new to be measured ,
H3038,HD4,Member Complaints and Changes in the Health Plan's Performance,Plan too new to be measured ,
H3038,HD5,Health Plan Customer Service,Plan too new to be measured ,
H3038,DD1,Drug Plan Customer Service,Plan too new to be measured ,
H3038,DD2,Member Complaints and Changes in the Drug Plan’s Performance,Plan too new to be measured ,
H3038,DD3,Member Experience with the Drug Plan,Plan too new to be measured ,
H3038,DD4,Drug Safety and Accuracy of Drug Pricing,Plan too new to be measured,
H3041,HD1,"Staying Healthy: Screenings, Tests and Vaccines",Plan too new to be measured ,
H3041,HD2,Managing Chronic (Long Term) Conditions,Plan too new to be measured ,
H3041,HD3,Member Experience with Health Plan,Plan too new to be measured ,
H3041,HD4,Member Complaints and Changes in the Health Plan's Performance,Plan too new to be measured ,
H3041,HD5,Health Plan Customer Service,Plan too new to be measured ,
H3041,DD1,Drug Plan Customer Service,4,4
H3041,DD2,Member Complaints and Changes in the Drug Plan’s Performance,Plan too new to be measured ,
H3041,DD3,Member Experience with the Drug Plan,Plan too new to be measured ,
H3041,DD4,Drug Safety and Accuracy of Drug Pricing,Plan too new to be measured,
H3047,HD1,"Staying Healthy: Screenings, Tests and Vaccines",2,2
H3047,HD2,Managing Chronic (Long Term) Conditions,2,2
H3047,HD3,Member Experience with Health Plan,3,3
H3047,HD4,Member Complaints and Changes in the Health Plan's Performance,2,2
H3047,HD5,Health Plan Customer Service,Not enough data available ,
H3047,DD1,Drug Plan Customer Service,5,5
H3047,DD2,Member Complaints and Changes in the Drug Plan’s Performance,2,2
H3047,DD3,Member Experience with the Drug Plan,4,4
H3047,DD4,Drug Safety and Accuracy of Drug Pricing,3,3
H3071,HD1,"Staying Healthy: Screenings, Tests and Vaccines",2,2
H3071,HD2,Managing Chronic (Long Term) Conditions,3,3
H3071,HD3,Member Experience with Health Plan,2,2
H3071,HD4,Member Complaints and Changes in the Health Plan's Performance,3,3
H3071,HD5,Health Plan Customer Service,Not enough data available ,
H3071,DD1,Drug Plan Customer Service,3,3
H3071,DD2,Member Complaints and Changes in the Drug Plan’s Performance,3,3
H3071,DD3,Member Experience with the Drug Plan,Not enough data available ,
H3071,DD4,Drug Safety and Accuracy of Drug Pricing,2,2
H3080,HD1,"Staying Healthy: Screenings, Tests and Vaccines",Plan too new to be measured ,
H3080,HD2,Managing Chronic (Long Term) Conditions,Plan too new to be measured ,
H3080,HD3,Member Experience with Health Plan,Plan too new to be measured ,
H3080,HD4,Member Complaints and Changes in the Health Plan's Performance,Plan too new to be measured ,
H3080,HD5,Health Plan Customer Service,Plan too new to be measured ,
H3080,DD1,Drug Plan Customer Service,4,4
H3080,DD2,Member Complaints and Changes in the Drug Plan’s Performance,Plan too new to be measured ,
H3080,DD3,Member Experience with the Drug Plan,Plan too new to be measured ,
H3080,DD4,Drug Safety and Accuracy of Drug Pricing,Plan too new to be measured,
H3113,HD1,"Staying Healthy: Screenings, Tests and Vaccines",3,3
H3113,HD2,Managing Chronic (Long Term) Conditions,3,3
H3113,HD3,Member Experience with Health Plan,3,3
H3113,HD4,Member Complaints and Changes in the Health Plan's Performance,3,3
H3113,HD5,Health Plan Customer Service,4,4
H3113,DD1,Drug Plan Customer Service,4,4
H3113,DD2,Member Complaints and Changes in the Drug Plan’s Performance,3,3
H3113,DD3,Member Experience with the Drug Plan,4,4
H3113,DD4,Drug Safety and Accuracy of Drug Pricing,4,4
H3138,HD1,"Staying Healthy: Screenings, Tests and Vaccines",Plan too new to be measured ,
H3138,HD2,Managing Chronic (Long Term) Conditions,Plan too new to be measured ,
H3138,HD3,Member Experience with Health Plan,Plan too new to be measured ,
H3138,HD4,Member Complaints and Changes in the Health Plan's Performance,Plan too new to be measured ,
H3138,HD5,Health Plan Customer Service,Plan too new to be measured ,
H3138,DD1,Drug Plan Customer Service,Plan too new to be measured ,
H3138,DD2,Member Complaints and Changes in the Drug Plan’s Performance,Plan too new to be measured ,
H3138,DD3,Member Experience with the Drug Plan,Plan too new to be measured ,
H3138,DD4,Drug Safety and Accuracy of Drug Pricing,Plan too new to be measured,
H3146,HD1,"Staying Healthy: Screenings, Tests and Vaccines",4,4
H3146,HD2,Managing Chronic (Long Term) Conditions,3,3
H3146,HD3,Member Experience with Health Plan,4,4
H3146,HD4,Member Complaints and Changes in the Health Plan's Performance,2,2
H3146,HD5,Health Plan Customer Service,4,4
H3146,DD1,Drug Plan Customer Service,4,4
H3146,DD2,Member Complaints and Changes in the Drug Plan’s Performance,3,3
H3146,DD3,Member Experience with the Drug Plan,4,4
H3146,DD4,Drug Safety and Accuracy of Drug Pricing,3,3
H3152,HD1,"Staying Healthy: Screenings, Tests and Vaccines",4,4
H3152,HD2,Managing Chronic (Long Term) Conditions,3,3
H3152,HD3,Member Experience with Health Plan,3,3
H3152,HD4,Member Complaints and Changes in the Health Plan's Performance,4,4
H3152,HD5,Health Plan Customer Service,4,4
H3152,DD1,Drug Plan Customer Service,4,4
H3152,DD2,Member Complaints and Changes in the Drug Plan’s Performance,4,4
H3152,DD3,Member Experience with the Drug Plan,3,3
H3152,DD4,Drug Safety and Accuracy of Drug Pricing,3,3
H3170,HD1,"Staying Healthy: Screenings, Tests and Vaccines",3,3
H3170,HD2,Managing Chronic (Long Term) Conditions,3,3
H3170,HD3,Member Experience with Health Plan,3,3
H3170,HD4,Member Complaints and Changes in the Health Plan's Performance,3,3
H3170,HD5,Health Plan Customer Service,Not enough data available ,
H3170,DD1,Drug Plan Customer Service,4,4
H3170,DD2,Member Complaints and Changes in the Drug Plan’s Performance,3,3
H3170,DD3,Member Experience with the Drug Plan,2,2
H3170,DD4,Drug Safety and Accuracy of Drug Pricing,3,3
H3186,HD1,"Staying Healthy: Screenings, Tests and Vaccines",Plan too new to be measured ,
H3186,HD2,Managing Chronic (Long Term) Conditions,Plan too new to be measured ,
H3186,HD3,Member Experience with Health Plan,Plan too new to be measured ,
H3186,HD4,Member Complaints and Changes in the Health Plan's Performance,Plan too new to be measured ,
H3186,HD5,Health Plan Customer Service,Plan too new to be measured ,
H3186,DD1,Drug Plan Customer Service,2,2
H3186,DD2,Member Complaints and Changes in the Drug Plan’s Performance,Plan too new to be measured ,
H3186,DD3,Member Experience with the Drug Plan,Plan too new to be measured ,
H3186,DD4,Drug Safety and Accuracy of Drug Pricing,Plan too new to be measured,
H3189,HD1,"Staying Healthy: Screenings, Tests and Vaccines",Plan too new to be measured ,
H3189,HD2,Managing Chronic (Long Term) Conditions,Plan too new to be measured ,
H3189,HD3,Member Experience with Health Plan,Plan too new to be measured ,
H3189,HD4,Member Complaints and Changes in the Health Plan's Performance,Plan too new to be measured ,
H3189,HD5,Health Plan Customer Service,Plan too new to be measured ,
H3189,DD1,Drug Plan Customer Service,4,4
H3189,DD2,Member Complaints and Changes in the Drug Plan’s Performance,Plan too new to be measured ,
H3189,DD3,Member Experience with the Drug Plan,Plan too new to be measured ,
H3189,DD4,Drug Safety and Accuracy of Drug Pricing,Plan too new to be measured,
H3192,HD1,"Staying Healthy: Screenings, Tests and Vaccines",3,3
H3192,HD2,Managing Chronic (Long Term) Conditions,3,3
H3192,HD3,Member Experience with Health Plan,4,4
H3192,HD4,Member Complaints and Changes in the Health Plan's Performance,2,2
H3192,HD5,Health Plan Customer Service,4,4
H3192,DD1,Drug Plan Customer Service,4,4
H3192,DD2,Member Complaints and Changes in the Drug Plan’s Performance,3,3
H3192,DD3,Member Experience with the Drug Plan,3,3
H3192,DD4,Drug Safety and Accuracy of Drug Pricing,3,3
H3204,HD1,"Staying Healthy: Screenings, Tests and Vaccines",3,3
H3204,HD2,Managing Chronic (Long Term) Conditions,3,3
H3204,HD3,Member Experience with Health Plan,2,2
H3204,HD4,Member Complaints and Changes in the Health Plan's Performance,4,4
H3204,HD5,Health Plan Customer Service,4,4
H3204,DD1,Drug Plan Customer Service,3,3
H3204,DD2,Member Complaints and Changes in the Drug Plan’s Performance,4,4
H3204,DD3,Member Experience with the Drug Plan,2,2
H3204,DD4,Drug Safety and Accuracy of Drug Pricing,3,3
H3206,HD1,"Staying Healthy: Screenings, Tests and Vaccines",3,3
H3206,HD2,Managing Chronic (Long Term) Conditions,2,2
H3206,HD3,Member Experience with Health Plan,3,3
H3206,HD4,Member Complaints and Changes in the Health Plan's Performance,3,3
H3206,HD5,Health Plan Customer Service,3,3
H3206,DD1,Drug Plan Customer Service,3,3
H3206,DD2,Member Complaints and Changes in the Drug Plan’s Performance,3,3
H3206,DD3,Member Experience with the Drug Plan,2,2
H3206,DD4,Drug Safety and Accuracy of Drug Pricing,3,3
H3219,HD1,"Staying Healthy: Screenings, Tests and Vaccines",4,4
H3219,HD2,Managing Chronic (Long Term) Conditions,4,4
H3219,HD3,Member Experience with Health Plan,4,4
H3219,HD4,Member Complaints and Changes in the Health Plan's Performance,4,4
H3219,HD5,Health Plan Customer Service,4,4
H3219,DD1,Drug Plan Customer Service,5,5
H3219,DD2,Member Complaints and Changes in the Drug Plan’s Performance,4,4
H3219,DD3,Member Experience with the Drug Plan,4,4
H3219,DD4,Drug Safety and Accuracy of Drug Pricing,4,4
H3239,HD1,"Staying Healthy: Screenings, Tests and Vaccines",3,3
H3239,HD2,Managing Chronic (Long Term) Conditions,3,3
H3239,HD3,Member Experience with Health Plan,5,5
H3239,HD4,Member Complaints and Changes in the Health Plan's Performance,3,3
H3239,HD5,Health Plan Customer Service,4,4
H3239,DD1,Drug Plan Customer Service,4,4
H3239,DD2,Member Complaints and Changes in the Drug Plan’s Performance,3,3
H3239,DD3,Member Experience with the Drug Plan,5,5
H3239,DD4,Drug Safety and Accuracy of Drug Pricing,3,3
H3240,HD1,"Staying Healthy: Screenings, Tests and Vaccines",2,2
H3240,HD2,Managing Chronic (Long Term) Conditions,3,3
H3240,HD3,Member Experience with Health Plan,3,3
H3240,HD4,Member Complaints and Changes in the Health Plan's Performance,3,3
H3240,HD5,Health Plan Customer Service,4,4
H3240,DD1,Drug Plan Customer Service,4,4
H3240,DD2,Member Complaints and Changes in the Drug Plan’s Performance,3,3
H3240,DD3,Member Experience with the Drug Plan,3,3
H3240,DD4,Drug Safety and Accuracy of Drug Pricing,3,3
H3251,HD1,"Staying Healthy: Screenings, Tests and Vaccines",4,4
H3251,HD2,Managing Chronic (Long Term) Conditions,3,3
H3251,HD3,Member Experience with Health Plan,1,1
H3251,HD4,Member Complaints and Changes in the Health Plan's Performance,4,4
H3251,HD5,Health Plan Customer Service,4,4
H3251,DD1,Drug Plan Customer Service,4,4
H3251,DD2,Member Complaints and Changes in the Drug Plan’s Performance,4,4
H3251,DD3,Member Experience with the Drug Plan,1,1
H3251,DD4,Drug Safety and Accuracy of Drug Pricing,3,3
H3256,HD1,"Staying Healthy: Screenings, Tests and Vaccines",4,4
H3256,HD2,Managing Chronic (Long Term) Conditions,4,4
H3256,HD3,Member Experience with Health Plan,5,5
H3256,HD4,Member Complaints and Changes in the Health Plan's Performance,3,3
H3256,HD5,Health Plan Customer Service,4,4
H3256,DD1,Drug Plan Customer Service,4,4
H3256,DD2,Member Complaints and Changes in the Drug Plan’s Performance,4,4
H3256,DD3,Member Experience with the Drug Plan,5,5
H3256,DD4,Drug Safety and Accuracy of Drug Pricing,4,4
H3259,HD1,"Staying Healthy: Screenings, Tests and Vaccines",3,3
H3259,HD2,Managing Chronic (Long Term) Conditions,3,3
H3259,HD3,Member Experience with Health Plan,5,5
H3259,HD4,Member Complaints and Changes in the Health Plan's Performance,4,4
H3259,HD5,Health Plan Customer Service,4,4
H3259,DD1,Drug Plan Customer Service,5,5
H3259,DD2,Member Complaints and Changes in the Drug Plan’s Performance,5,5
H3259,DD3,Member Experience with the Drug Plan,5,5
H3259,DD4,Drug Safety and Accuracy of Drug Pricing,2,2
H3274,HD1,"Staying Healthy: Screenings, Tests and Vaccines",Plan too new to be measured ,
H3274,HD2,Managing Chronic (Long Term) Conditions,Plan too new to be measured ,
H3274,HD3,Member Experience with Health Plan,Plan too new to be measured ,
H3274,HD4,Member Complaints and Changes in the Health Plan's Performance,Plan too new to be measured ,
H3274,HD5,Health Plan Customer Service,Plan too new to be measured ,
H3274,DD1,Drug Plan Customer Service,3,3
H3274,DD2,Member Complaints and Changes in the Drug Plan’s Performance,Plan too new to be measured ,
H3274,DD3,Member Experience with the Drug Plan,Plan too new to be measured ,
H3274,DD4,Drug Safety and Accuracy of Drug Pricing,Plan too new to be measured,
H3276,HD1,"Staying Healthy: Screenings, Tests and Vaccines",4,4
H3276,HD2,Managing Chronic (Long Term) Conditions,3,3
H3276,HD3,Member Experience with Health Plan,2,2
H3276,HD4,Member Complaints and Changes in the Health Plan's Performance,3,3
H3276,HD5,Health Plan Customer Service,Not enough data available ,
H3276,DD1,Drug Plan Customer Service,2,2
H3276,DD2,Member Complaints and Changes in the Drug Plan’s Performance,3,3
H3276,DD3,Member Experience with the Drug Plan,2,2
H3276,DD4,Drug Safety and Accuracy of Drug Pricing,3,3
H3288,HD1,"Staying Healthy: Screenings, Tests and Vaccines",3,3
H3288,HD2,Managing Chronic (Long Term) Conditions,3,3
H3288,HD3,Member Experience with Health Plan,3,3
H3288,HD4,Member Complaints and Changes in the Health Plan's Performance,3,3
H3288,HD5,Health Plan Customer Service,3,3
H3288,DD1,Drug Plan Customer Service,4,4
H3288,DD2,Member Complaints and Changes in the Drug Plan’s Performance,3,3
H3288,DD3,Member Experience with the Drug Plan,4,4
H3288,DD4,Drug Safety and Accuracy of Drug Pricing,3,3
H3291,HD1,"Staying Healthy: Screenings, Tests and Vaccines",Not enough data available ,
H3291,HD2,Managing Chronic (Long Term) Conditions,Not enough data available ,
H3291,HD3,Member Experience with Health Plan,Not enough data available ,
H3291,HD4,Member Complaints and Changes in the Health Plan's Performance,5,5
H3291,HD5,Health Plan Customer Service,Not enough data available ,
H3291,DD1,Drug Plan Customer Service,3,3
H3291,DD2,Member Complaints and Changes in the Drug Plan’s Performance,4,4
H3291,DD3,Member Experience with the Drug Plan,Not enough data available ,
H3291,DD4,Drug Safety and Accuracy of Drug Pricing,5,5
H3305,HD1,"Staying Healthy: Screenings, Tests and Vaccines",5,5
H3305,HD2,Managing Chronic (Long Term) Conditions,3,3
H3305,HD3,Member Experience with Health Plan,5,5
H3305,HD4,Member Complaints and Changes in the Health Plan's Performance,4,4
H3305,HD5,Health Plan Customer Service,4,4
H3305,DD1,Drug Plan Customer Service,3,3
H3305,DD2,Member Complaints and Changes in the Drug Plan’s Performance,4,4
H3305,DD3,Member Experience with the Drug Plan,5,5
H3305,DD4,Drug Safety and Accuracy of Drug Pricing,3,3
H3307,HD1,"Staying Healthy: Screenings, Tests and Vaccines",4,4
H3307,HD2,Managing Chronic (Long Term) Conditions,3,3
H3307,HD3,Member Experience with Health Plan,2,2
H3307,HD4,Member Complaints and Changes in the Health Plan's Performance,4,4
H3307,HD5,Health Plan Customer Service,5,5
H3307,DD1,Drug Plan Customer Service,4,4
H3307,DD2,Member Complaints and Changes in the Drug Plan’s Performance,4,4
H3307,DD3,Member Experience with the Drug Plan,1,1
H3307,DD4,Drug Safety and Accuracy of Drug Pricing,3,3
H3312,HD1,"Staying Healthy: Screenings, Tests and Vaccines",3,3
H3312,HD2,Managing Chronic (Long Term) Conditions,4,4
H3312,HD3,Member Experience with Health Plan,3,3
H3312,HD4,Member Complaints and Changes in the Health Plan's Performance,3,3
H3312,HD5,Health Plan Customer Service,3,3
H3312,DD1,Drug Plan Customer Service,4,4
H3312,DD2,Member Complaints and Changes in the Drug Plan’s Performance,4,4
H3312,DD3,Member Experience with the Drug Plan,4,4
H3312,DD4,Drug Safety and Accuracy of Drug Pricing,3,3
H3330,HD1,"Staying Healthy: Screenings, Tests and Vaccines",4,4
H3330,HD2,Managing Chronic (Long Term) Conditions,3,3
H3330,HD3,Member Experience with Health Plan,3,3
H3330,HD4,Member Complaints and Changes in the Health Plan's Performance,4,4
H3330,HD5,Health Plan Customer Service,3,3
H3330,DD1,Drug Plan Customer Service,2,2
H3330,DD2,Member Complaints and Changes in the Drug Plan’s Performance,4,4
H3330,DD3,Member Experience with the Drug Plan,2,2
H3330,DD4,Drug Safety and Accuracy of Drug Pricing,3,3
H3335,HD1,"Staying Healthy: Screenings, Tests and Vaccines",4,4
H3335,HD2,Managing Chronic (Long Term) Conditions,3,3
H3335,HD3,Member Experience with Health Plan,4,4
H3335,HD4,Member Complaints and Changes in the Health Plan's Performance,5,5
H3335,HD5,Health Plan Customer Service,4,4
H3335,DD1,Drug Plan Customer Service,3,3
H3335,DD2,Member Complaints and Changes in the Drug Plan’s Performance,5,5
H3335,DD3,Member Experience with the Drug Plan,4,4
H3335,DD4,Drug Safety and Accuracy of Drug Pricing,4,4
H3342,HD1,"Staying Healthy: Screenings, Tests and Vaccines",4,4
H3342,HD2,Managing Chronic (Long Term) Conditions,Not enough data available ,
H3342,HD3,Member Experience with Health Plan,Not enough data available ,
H3342,HD4,Member Complaints and Changes in the Health Plan's Performance,Not enough data available ,
H3342,HD5,Health Plan Customer Service,Not enough data available ,
H3342,DD1,Drug Plan Customer Service,4,4
H3342,DD2,Member Complaints and Changes in the Drug Plan’s Performance,Not enough data available ,
H3342,DD3,Member Experience with the Drug Plan,Not enough data available ,
H3342,DD4,Drug Safety and Accuracy of Drug Pricing,3,3
H3344,HD1,"Staying Healthy: Screenings, Tests and Vaccines",5,5
H3344,HD2,Managing Chronic (Long Term) Conditions,4,4
H3344,HD3,Member Experience with Health Plan,5,5
H3344,HD4,Member Complaints and Changes in the Health Plan's Performance,5,5
H3344,HD5,Health Plan Customer Service,4,4
H3344,DD1,Drug Plan Customer Service,3,3
H3344,DD2,Member Complaints and Changes in the Drug Plan’s Performance,5,5
H3344,DD3,Member Experience with the Drug Plan,5,5
H3344,DD4,Drug Safety and Accuracy of Drug Pricing,4,4
H3347,HD1,"Staying Healthy: Screenings, Tests and Vaccines",3,3
H3347,HD2,Managing Chronic (Long Term) Conditions,4,4
H3347,HD3,Member Experience with Health Plan,3,3
H3347,HD4,Member Complaints and Changes in the Health Plan's Performance,4,4
H3347,HD5,Health Plan Customer Service,4,4
H3347,DD1,Drug Plan Customer Service,4,4
H3347,DD2,Member Complaints and Changes in the Drug Plan’s Performance,4,4
H3347,DD3,Member Experience with the Drug Plan,3,3
H3347,DD4,Drug Safety and Accuracy of Drug Pricing,3,3
H3351,HD1,"Staying Healthy: Screenings, Tests and Vaccines",5,5
H3351,HD2,Managing Chronic (Long Term) Conditions,3,3
H3351,HD3,Member Experience with Health Plan,4,4
H3351,HD4,Member Complaints and Changes in the Health Plan's Performance,4,4
H3351,HD5,Health Plan Customer Service,4,4
H3351,DD1,Drug Plan Customer Service,3,3
H3351,DD2,Member Complaints and Changes in the Drug Plan’s Performance,4,4
H3351,DD3,Member Experience with the Drug Plan,4,4
H3351,DD4,Drug Safety and Accuracy of Drug Pricing,4,4
H3359,HD1,"Staying Healthy: Screenings, Tests and Vaccines",5,5
H3359,HD2,Managing Chronic (Long Term) Conditions,4,4
H3359,HD3,Member Experience with Health Plan,3,3
H3359,HD4,Member Complaints and Changes in the Health Plan's Performance,4,4
H3359,HD5,Health Plan Customer Service,5,5
H3359,DD1,Drug Plan Customer Service,5,5
H3359,DD2,Member Complaints and Changes in the Drug Plan’s Performance,4,4
H3359,DD3,Member Experience with the Drug Plan,4,4
H3359,DD4,Drug Safety and Accuracy of Drug Pricing,3,3
H3362,HD1,"Staying Healthy: Screenings, Tests and Vaccines",4,4
H3362,HD2,Managing Chronic (Long Term) Conditions,4,4
H3362,HD3,Member Experience with Health Plan,5,5
H3362,HD4,Member Complaints and Changes in the Health Plan's Performance,4,4
H3362,HD5,Health Plan Customer Service,4,4
H3362,DD1,Drug Plan Customer Service,3,3
H3362,DD2,Member Complaints and Changes in the Drug Plan’s Performance,5,5
H3362,DD3,Member Experience with the Drug Plan,5,5
H3362,DD4,Drug Safety and Accuracy of Drug Pricing,4,4
H3379,HD1,"Staying Healthy: Screenings, Tests and Vaccines",4,4
H3379,HD2,Managing Chronic (Long Term) Conditions,4,4
H3379,HD3,Member Experience with Health Plan,4,4
H3379,HD4,Member Complaints and Changes in the Health Plan's Performance,4,4
H3379,HD5,Health Plan Customer Service,5,5
H3379,DD1,Drug Plan Customer Service,4,4
H3379,DD2,Member Complaints and Changes in the Drug Plan’s Performance,4,4
H3379,DD3,Member Experience with the Drug Plan,3,3
H3379,DD4,Drug Safety and Accuracy of Drug Pricing,4,4
H3384,HD1,"Staying Healthy: Screenings, Tests and Vaccines",5,5
H3384,HD2,Managing Chronic (Long Term) Conditions,4,4
H3384,HD3,Member Experience with Health Plan,3,3
H3384,HD4,Member Complaints and Changes in the Health Plan's Performance,4,4
H3384,HD5,Health Plan Customer Service,4,4
H3384,DD1,Drug Plan Customer Service,3,3
H3384,DD2,Member Complaints and Changes in the Drug Plan’s Performance,4,4
H3384,DD3,Member Experience with the Drug Plan,2,2
H3384,DD4,Drug Safety and Accuracy of Drug Pricing,4,4
H3387,HD1,"Staying Healthy: Screenings, Tests and Vaccines",4,4
H3387,HD2,Managing Chronic (Long Term) Conditions,3,3
H3387,HD3,Member Experience with Health Plan,3,3
H3387,HD4,Member Complaints and Changes in the Health Plan's Performance,3,3
H3387,HD5,Health Plan Customer Service,5,5
H3387,DD1,Drug Plan Customer Service,4,4
H3387,DD2,Member Complaints and Changes in the Drug Plan’s Performance,3,3
H3387,DD3,Member Experience with the Drug Plan,4,4
H3387,DD4,Drug Safety and Accuracy of Drug Pricing,4,4
H3388,HD1,"Staying Healthy: Screenings, Tests and Vaccines",5,5
H3388,HD2,Managing Chronic (Long Term) Conditions,4,4
H3388,HD3,Member Experience with Health Plan,5,5
H3388,HD4,Member Complaints and Changes in the Health Plan's Performance,4,4
H3388,HD5,Health Plan Customer Service,4,4
H3388,DD1,Drug Plan Customer Service,3,3
H3388,DD2,Member Complaints and Changes in the Drug Plan’s Performance,4,4
H3388,DD3,Member Experience with the Drug Plan,2,2
H3388,DD4,Drug Safety and Accuracy of Drug Pricing,4,4
H3404,HD1,"Staying Healthy: Screenings, Tests and Vaccines",5,5
H3404,HD2,Managing Chronic (Long Term) Conditions,3,3
H3404,HD3,Member Experience with Health Plan,5,5
H3404,HD4,Member Complaints and Changes in the Health Plan's Performance,5,5
H3404,HD5,Health Plan Customer Service,4,4
H3404,DD1,Drug Plan Customer Service,3,3
H3404,DD2,Member Complaints and Changes in the Drug Plan’s Performance,5,5
H3404,DD3,Member Experience with the Drug Plan,4,4
H3404,DD4,Drug Safety and Accuracy of Drug Pricing,3,3
H3407,HD1,"Staying Healthy: Screenings, Tests and Vaccines",Not enough data available ,
H3407,HD2,Managing Chronic (Long Term) Conditions,Not enough data available ,
H3407,HD3,Member Experience with Health Plan,Not enough data available ,
H3407,HD4,Member Complaints and Changes in the Health Plan's Performance,Not enough data available ,
H3407,HD5,Health Plan Customer Service,Not enough data available ,
H3407,DD1,Drug Plan Customer Service,2,2
H3407,DD2,Member Complaints and Changes in the Drug Plan’s Performance,Not enough data available ,
H3407,DD3,Member Experience with the Drug Plan,Not enough data available ,
H3407,DD4,Drug Safety and Accuracy of Drug Pricing,Not enough data available,
H3416,HD1,"Staying Healthy: Screenings, Tests and Vaccines",4,4
H3416,HD2,Managing Chronic (Long Term) Conditions,3,3
H3416,HD3,Member Experience with Health Plan,5,5
H3416,HD4,Member Complaints and Changes in the Health Plan's Performance,4,4
H3416,HD5,Health Plan Customer Service,Not enough data available ,
H3416,DD1,Drug Plan Customer Service,4,4
H3416,DD2,Member Complaints and Changes in the Drug Plan’s Performance,5,5
H3416,DD3,Member Experience with the Drug Plan,5,5
H3416,DD4,Drug Safety and Accuracy of Drug Pricing,3,3
H3418,HD1,"Staying Healthy: Screenings, Tests and Vaccines",4,4
H3418,HD2,Managing Chronic (Long Term) Conditions,3,3
H3418,HD3,Member Experience with Health Plan,1,1
H3418,HD4,Member Complaints and Changes in the Health Plan's Performance,4,4
H3418,HD5,Health Plan Customer Service,5,5
H3418,DD1,Drug Plan Customer Service,4,4
H3418,DD2,Member Complaints and Changes in the Drug Plan’s Performance,4,4
H3418,DD3,Member Experience with the Drug Plan,2,2
H3418,DD4,Drug Safety and Accuracy of Drug Pricing,4,4
H3419,HD1,"Staying Healthy: Screenings, Tests and Vaccines",Not enough data available ,
H3419,HD2,Managing Chronic (Long Term) Conditions,Not enough data available ,
H3419,HD3,Member Experience with Health Plan,Not enough data available ,
H3419,HD4,Member Complaints and Changes in the Health Plan's Performance,Not enough data available ,
H3419,HD5,Health Plan Customer Service,Not enough data available ,
H3419,DD1,Drug Plan Customer Service,3,3
H3419,DD2,Member Complaints and Changes in the Drug Plan’s Performance,Not enough data available ,
H3419,DD3,Member Experience with the Drug Plan,Not enough data available ,
H3419,DD4,Drug Safety and Accuracy of Drug Pricing,Not enough data available,
H3443,HD1,"Staying Healthy: Screenings, Tests and Vaccines",Plan too new to be measured ,
H3443,HD2,Managing Chronic (Long Term) Conditions,4,4
H3443,HD3,Member Experience with Health Plan,3,3
H3443,HD4,Member Complaints and Changes in the Health Plan's Performance,2,2
H3443,HD5,Health Plan Customer Service,Plan too new to be measured ,
H3443,DD1,Drug Plan Customer Service,4,4
H3443,DD2,Member Complaints and Changes in the Drug Plan’s Performance,2,2
H3443,DD3,Member Experience with the Drug Plan,4,4
H3443,DD4,Drug Safety and Accuracy of Drug Pricing,4,4
H3447,HD1,"Staying Healthy: Screenings, Tests and Vaccines",3,3
H3447,HD2,Managing Chronic (Long Term) Conditions,3,3
H3447,HD3,Member Experience with Health Plan,4,4
H3447,HD4,Member Complaints and Changes in the Health Plan's Performance,3,3
H3447,HD5,Health Plan Customer Service,4,4
H3447,DD1,Drug Plan Customer Service,4,4
H3447,DD2,Member Complaints and Changes in the Drug Plan’s Performance,4,4
H3447,DD3,Member Experience with the Drug Plan,4,4
H3447,DD4,Drug Safety and Accuracy of Drug Pricing,3,3
H3449,HD1,"Staying Healthy: Screenings, Tests and Vaccines",5,5
H3449,HD2,Managing Chronic (Long Term) Conditions,3,3
H3449,HD3,Member Experience with Health Plan,5,5
H3449,HD4,Member Complaints and Changes in the Health Plan's Performance,4,4
H3449,HD5,Health Plan Customer Service,4,4
H3449,DD1,Drug Plan Customer Service,3,3
H3449,DD2,Member Complaints and Changes in the Drug Plan’s Performance,4,4
H3449,DD3,Member Experience with the Drug Plan,4,4
H3449,DD4,Drug Safety and Accuracy of Drug Pricing,3,3
H3467,HD1,"Staying Healthy: Screenings, Tests and Vaccines",Not enough data available ,
H3467,HD2,Managing Chronic (Long Term) Conditions,Not enough data available ,
H3467,HD3,Member Experience with Health Plan,Not enough data available ,
H3467,HD4,Member Complaints and Changes in the Health Plan's Performance,Not enough data available ,
H3467,HD5,Health Plan Customer Service,Not enough data available ,
H3467,DD1,Drug Plan Customer Service,3,3
H3467,DD2,Member Complaints and Changes in the Drug Plan’s Performance,Not enough data available ,
H3467,DD3,Member Experience with the Drug Plan,Not enough data available ,
H3467,DD4,Drug Safety and Accuracy of Drug Pricing,2,2
H3471,HD1,"Staying Healthy: Screenings, Tests and Vaccines",3,3
H3471,HD2,Managing Chronic (Long Term) Conditions,3,3
H3471,HD3,Member Experience with Health Plan,3,3
H3471,HD4,Member Complaints and Changes in the Health Plan's Performance,4,4
H3471,HD5,Health Plan Customer Service,3,3
H3471,DD1,Drug Plan Customer Service,3,3
H3471,DD2,Member Complaints and Changes in the Drug Plan’s Performance,5,5
H3471,DD3,Member Experience with the Drug Plan,2,2
H3471,DD4,Drug Safety and Accuracy of Drug Pricing,3,3
H3499,HD1,"Staying Healthy: Screenings, Tests and Vaccines",2,2
H3499,HD2,Managing Chronic (Long Term) Conditions,3,3
H3499,HD3,Member Experience with Health Plan,3,3
H3499,HD4,Member Complaints and Changes in the Health Plan's Performance,1,1
H3499,HD5,Health Plan Customer Service,5,5
H3499,DD1,Drug Plan Customer Service,5,5
H3499,DD2,Member Complaints and Changes in the Drug Plan’s Performance,1,1
H3499,DD3,Member Experience with the Drug Plan,4,4
H3499,DD4,Drug Safety and Accuracy of Drug Pricing,3,3
H3528,HD1,"Staying Healthy: Screenings, Tests and Vaccines",4,4
H3528,HD2,Managing Chronic (Long Term) Conditions,3,3
H3528,HD3,Member Experience with Health Plan,3,3
H3528,HD4,Member Complaints and Changes in the Health Plan's Performance,5,5
H3528,HD5,Health Plan Customer Service,4,4
H3528,DD1,Drug Plan Customer Service,2,2
H3528,DD2,Member Complaints and Changes in the Drug Plan’s Performance,4,4
H3528,DD3,Member Experience with the Drug Plan,2,2
H3528,DD4,Drug Safety and Accuracy of Drug Pricing,4,4
H3533,HD1,"Staying Healthy: Screenings, Tests and Vaccines",3,3
H3533,HD2,Managing Chronic (Long Term) Conditions,3,3
H3533,HD3,Member Experience with Health Plan,2,2
H3533,HD4,Member Complaints and Changes in the Health Plan's Performance,3,3
H3533,HD5,Health Plan Customer Service,5,5
H3533,DD1,Drug Plan Customer Service,5,5
H3533,DD2,Member Complaints and Changes in the Drug Plan’s Performance,3,3
H3533,DD3,Member Experience with the Drug Plan,2,2
H3533,DD4,Drug Safety and Accuracy of Drug Pricing,3,3
H3536,HD1,"Staying Healthy: Screenings, Tests and Vaccines",3,3
H3536,HD2,Managing Chronic (Long Term) Conditions,3,3
H3536,HD3,Member Experience with Health Plan,3,3
H3536,HD4,Member Complaints and Changes in the Health Plan's Performance,4,4
H3536,HD5,Health Plan Customer Service,Not enough data available ,
H3536,DD1,Drug Plan Customer Service,4,4
H3536,DD2,Member Complaints and Changes in the Drug Plan’s Performance,4,4
H3536,DD3,Member Experience with the Drug Plan,2,2
H3536,DD4,Drug Safety and Accuracy of Drug Pricing,3,3
H3551,HD1,"Staying Healthy: Screenings, Tests and Vaccines",Plan too new to be measured ,
H3551,HD2,Managing Chronic (Long Term) Conditions,Plan too new to be measured ,
H3551,HD3,Member Experience with Health Plan,Plan too new to be measured ,
H3551,HD4,Member Complaints and Changes in the Health Plan's Performance,Plan too new to be measured ,
H3551,HD5,Health Plan Customer Service,Plan too new to be measured ,
H3551,DD1,Drug Plan Customer Service,Plan too new to be measured ,
H3551,DD2,Member Complaints and Changes in the Drug Plan’s Performance,Plan too new to be measured ,
H3551,DD3,Member Experience with the Drug Plan,Plan too new to be measured ,
H3551,DD4,Drug Safety and Accuracy of Drug Pricing,Plan too new to be measured,
H3554,HD1,"Staying Healthy: Screenings, Tests and Vaccines",4,4
H3554,HD2,Managing Chronic (Long Term) Conditions,3,3
H3554,HD3,Member Experience with Health Plan,3,3
H3554,HD4,Member Complaints and Changes in the Health Plan's Performance,3,3
H3554,HD5,Health Plan Customer Service,4,4
H3554,DD1,Drug Plan Customer Service,4,4
H3554,DD2,Member Complaints and Changes in the Drug Plan’s Performance,4,4
H3554,DD3,Member Experience with the Drug Plan,3,3
H3554,DD4,Drug Safety and Accuracy of Drug Pricing,3,3
H3557,HD1,"Staying Healthy: Screenings, Tests and Vaccines",5,5
H3557,HD2,Managing Chronic (Long Term) Conditions,4,4
H3557,HD3,Member Experience with Health Plan,4,4
H3557,HD4,Member Complaints and Changes in the Health Plan's Performance,4,4
H3557,HD5,Health Plan Customer Service,5,5
H3557,DD1,Drug Plan Customer Service,4,4
H3557,DD2,Member Complaints and Changes in the Drug Plan’s Performance,4,4
H3557,DD3,Member Experience with the Drug Plan,4,4
H3557,DD4,Drug Safety and Accuracy of Drug Pricing,4,4
H3561,HD1,"Staying Healthy: Screenings, Tests and Vaccines",4,4
H3561,HD2,Managing Chronic (Long Term) Conditions,3,3
H3561,HD3,Member Experience with Health Plan,1,1
H3561,HD4,Member Complaints and Changes in the Health Plan's Performance,3,3
H3561,HD5,Health Plan Customer Service,4,4
H3561,DD1,Drug Plan Customer Service,5,5
H3561,DD2,Member Complaints and Changes in the Drug Plan’s Performance,4,4
H3561,DD3,Member Experience with the Drug Plan,2,2
H3561,DD4,Drug Safety and Accuracy of Drug Pricing,3,3
H3597,HD1,"Staying Healthy: Screenings, Tests and Vaccines",4,4
H3597,HD2,Managing Chronic (Long Term) Conditions,4,4
H3597,HD3,Member Experience with Health Plan,3,3
H3597,HD4,Member Complaints and Changes in the Health Plan's Performance,4,4
H3597,HD5,Health Plan Customer Service,5,5
H3597,DD1,Drug Plan Customer Service,4,4
H3597,DD2,Member Complaints and Changes in the Drug Plan’s Performance,5,5
H3597,DD3,Member Experience with the Drug Plan,3,3
H3597,DD4,Drug Safety and Accuracy of Drug Pricing,4,4
H3653,HD1,"Staying Healthy: Screenings, Tests and Vaccines",4,4
H3653,HD2,Managing Chronic (Long Term) Conditions,3,3
H3653,HD3,Member Experience with Health Plan,5,5
H3653,HD4,Member Complaints and Changes in the Health Plan's Performance,4,4
H3653,HD5,Health Plan Customer Service,5,5
H3653,DD1,Drug Plan Customer Service,3,3
H3653,DD2,Member Complaints and Changes in the Drug Plan’s Performance,4,4
H3653,DD3,Member Experience with the Drug Plan,3,3
H3653,DD4,Drug Safety and Accuracy of Drug Pricing,3,3
H3655,HD1,"Staying Healthy: Screenings, Tests and Vaccines",3,3
H3655,HD2,Managing Chronic (Long Term) Conditions,3,3
H3655,HD3,Member Experience with Health Plan,4,4
H3655,HD4,Member Complaints and Changes in the Health Plan's Performance,3,3
H3655,HD5,Health Plan Customer Service,4,4
H3655,DD1,Drug Plan Customer Service,4,4
H3655,DD2,Member Complaints and Changes in the Drug Plan’s Performance,4,4
H3655,DD3,Member Experience with the Drug Plan,3,3
H3655,DD4,Drug Safety and Accuracy of Drug Pricing,3,3
H3660,HD1,"Staying Healthy: Screenings, Tests and Vaccines",4,4
H3660,HD2,Managing Chronic (Long Term) Conditions,3,3
H3660,HD3,Member Experience with Health Plan,5,5
H3660,HD4,Member Complaints and Changes in the Health Plan's Performance,4,4
H3660,HD5,Health Plan Customer Service,4,4
H3660,DD1,Drug Plan Customer Service,3,3
H3660,DD2,Member Complaints and Changes in the Drug Plan’s Performance,4,4
H3660,DD3,Member Experience with the Drug Plan,5,5
H3660,DD4,Drug Safety and Accuracy of Drug Pricing,4,4
H3664,HD1,"Staying Healthy: Screenings, Tests and Vaccines",4,4
H3664,HD2,Managing Chronic (Long Term) Conditions,3,3
H3664,HD3,Member Experience with Health Plan,5,5
H3664,HD4,Member Complaints and Changes in the Health Plan's Performance,5,5
H3664,HD5,Health Plan Customer Service,5,5
H3664,DD1,Drug Plan Customer Service,4,4
H3664,DD2,Member Complaints and Changes in the Drug Plan’s Performance,5,5
H3664,DD3,Member Experience with the Drug Plan,5,5
H3664,DD4,Drug Safety and Accuracy of Drug Pricing,4,4
H3668,HD1,"Staying Healthy: Screenings, Tests and Vaccines",4,4
H3668,HD2,Managing Chronic (Long Term) Conditions,3,3
H3668,HD3,Member Experience with Health Plan,5,5
H3668,HD4,Member Complaints and Changes in the Health Plan's Performance,5,5
H3668,HD5,Health Plan Customer Service,4,4
H3668,DD1,Drug Plan Customer Service,4,4
H3668,DD2,Member Complaints and Changes in the Drug Plan’s Performance,5,5
H3668,DD3,Member Experience with the Drug Plan,5,5
H3668,DD4,Drug Safety and Accuracy of Drug Pricing,3,3
H3672,HD1,"Staying Healthy: Screenings, Tests and Vaccines",3,3
H3672,HD2,Managing Chronic (Long Term) Conditions,3,3
H3672,HD3,Member Experience with Health Plan,5,5
H3672,HD4,Member Complaints and Changes in the Health Plan's Performance,5,5
H3672,HD5,Health Plan Customer Service,Not enough data available ,
H3672,DD1,Drug Plan Customer Service,3,3
H3672,DD2,Member Complaints and Changes in the Drug Plan’s Performance,4,4
H3672,DD3,Member Experience with the Drug Plan,5,5
H3672,DD4,Drug Safety and Accuracy of Drug Pricing,4,4
H3706,HD1,"Staying Healthy: Screenings, Tests and Vaccines",4,4
H3706,HD2,Managing Chronic (Long Term) Conditions,3,3
H3706,HD3,Member Experience with Health Plan,4,4
H3706,HD4,Member Complaints and Changes in the Health Plan's Performance,4,4
H3706,HD5,Health Plan Customer Service,5,5
H3706,DD1,Drug Plan Customer Service,3,3
H3706,DD2,Member Complaints and Changes in the Drug Plan’s Performance,4,4
H3706,DD3,Member Experience with the Drug Plan,4,4
H3706,DD4,Drug Safety and Accuracy of Drug Pricing,3,3
H3708,HD1,"Staying Healthy: Screenings, Tests and Vaccines",Not enough data available ,
H3708,HD2,Managing Chronic (Long Term) Conditions,Not enough data available ,
H3708,HD3,Member Experience with Health Plan,Not enough data available ,
H3708,HD4,Member Complaints and Changes in the Health Plan's Performance,Not enough data available ,
H3708,HD5,Health Plan Customer Service,Not enough data available ,
H3708,DD1,Drug Plan Customer Service,2,2
H3708,DD2,Member Complaints and Changes in the Drug Plan’s Performance,Not enough data available ,
H3708,DD3,Member Experience with the Drug Plan,Not enough data available ,
H3708,DD4,Drug Safety and Accuracy of Drug Pricing,4,4
H3727,HD1,"Staying Healthy: Screenings, Tests and Vaccines",Not enough data available ,
H3727,HD2,Managing Chronic (Long Term) Conditions,Not enough data available ,
H3727,HD3,Member Experience with Health Plan,Not enough data available ,
H3727,HD4,Member Complaints and Changes in the Health Plan's Performance,5,5
H3727,HD5,Health Plan Customer Service,4,4
H3727,DD1,Drug Plan Customer Service,3,3
H3727,DD2,Member Complaints and Changes in the Drug Plan’s Performance,4,4
H3727,DD3,Member Experience with the Drug Plan,Not enough data available ,
H3727,DD4,Drug Safety and Accuracy of Drug Pricing,3,3
H3748,HD1,"Staying Healthy: Screenings, Tests and Vaccines",4,4
H3748,HD2,Managing Chronic (Long Term) Conditions,4,4
H3748,HD3,Member Experience with Health Plan,3,3
H3748,HD4,Member Complaints and Changes in the Health Plan's Performance,3,3
H3748,HD5,Health Plan Customer Service,3,3
H3748,DD1,Drug Plan Customer Service,4,4
H3748,DD2,Member Complaints and Changes in the Drug Plan’s Performance,4,4
H3748,DD3,Member Experience with the Drug Plan,3,3
H3748,DD4,Drug Safety and Accuracy of Drug Pricing,4,4
H3749,HD1,"Staying Healthy: Screenings, Tests and Vaccines",4,4
H3749,HD2,Managing Chronic (Long Term) Conditions,3,3
H3749,HD3,Member Experience with Health Plan,4,4
H3749,HD4,Member Complaints and Changes in the Health Plan's Performance,3,3
H3749,HD5,Health Plan Customer Service,5,5
H3749,DD1,Drug Plan Customer Service,4,4
H3749,DD2,Member Complaints and Changes in the Drug Plan’s Performance,4,4
H3749,DD3,Member Experience with the Drug Plan,5,5
H3749,DD4,Drug Safety and Accuracy of Drug Pricing,3,3
H3755,HD1,"Staying Healthy: Screenings, Tests and Vaccines",4,4
H3755,HD2,Managing Chronic (Long Term) Conditions,4,4
H3755,HD3,Member Experience with Health Plan,5,5
H3755,HD4,Member Complaints and Changes in the Health Plan's Performance,5,5
H3755,HD5,Health Plan Customer Service,3,3
H3755,DD1,Drug Plan Customer Service,3,3
H3755,DD2,Member Complaints and Changes in the Drug Plan’s Performance,4,4
H3755,DD3,Member Experience with the Drug Plan,3,3
H3755,DD4,Drug Safety and Accuracy of Drug Pricing,3,3
H3777,HD1,"Staying Healthy: Screenings, Tests and Vaccines",5,5
H3777,HD2,Managing Chronic (Long Term) Conditions,4,4
H3777,HD3,Member Experience with Health Plan,5,5
H3777,HD4,Member Complaints and Changes in the Health Plan's Performance,4,4
H3777,HD5,Health Plan Customer Service,4,4
H3777,DD1,Drug Plan Customer Service,3,3
H3777,DD2,Member Complaints and Changes in the Drug Plan’s Performance,4,4
H3777,DD3,Member Experience with the Drug Plan,4,4
H3777,DD4,Drug Safety and Accuracy of Drug Pricing,3,3
H3794,HD1,"Staying Healthy: Screenings, Tests and Vaccines",4,4
H3794,HD2,Managing Chronic (Long Term) Conditions,4,4
H3794,HD3,Member Experience with Health Plan,5,5
H3794,HD4,Member Complaints and Changes in the Health Plan's Performance,4,4
H3794,HD5,Health Plan Customer Service,5,5
H3794,DD1,Drug Plan Customer Service,4,4
H3794,DD2,Member Complaints and Changes in the Drug Plan’s Performance,4,4
H3794,DD3,Member Experience with the Drug Plan,5,5
H3794,DD4,Drug Safety and Accuracy of Drug Pricing,4,4
H3800,HD1,"Staying Healthy: Screenings, Tests and Vaccines",2,2
H3800,HD2,Managing Chronic (Long Term) Conditions,4,4
H3800,HD3,Member Experience with Health Plan,Not enough data available ,
H3800,HD4,Member Complaints and Changes in the Health Plan's Performance,4,4
H3800,HD5,Health Plan Customer Service,Not enough data available ,
H3800,DD1,Drug Plan Customer Service,2,2
H3800,DD2,Member Complaints and Changes in the Drug Plan’s Performance,4,4
H3800,DD3,Member Experience with the Drug Plan,Not enough data available ,
H3800,DD4,Drug Safety and Accuracy of Drug Pricing,3,3
H3805,HD1,"Staying Healthy: Screenings, Tests and Vaccines",4,4
H3805,HD2,Managing Chronic (Long Term) Conditions,4,4
H3805,HD3,Member Experience with Health Plan,3,3
H3805,HD4,Member Complaints and Changes in the Health Plan's Performance,4,4
H3805,HD5,Health Plan Customer Service,5,5
H3805,DD1,Drug Plan Customer Service,4,4
H3805,DD2,Member Complaints and Changes in the Drug Plan’s Performance,5,5
H3805,DD3,Member Experience with the Drug Plan,3,3
H3805,DD4,Drug Safety and Accuracy of Drug Pricing,4,4
H3810,HD1,"Staying Healthy: Screenings, Tests and Vaccines",2,2
H3810,HD2,Managing Chronic (Long Term) Conditions,3,3
H3810,HD3,Member Experience with Health Plan,3,3
H3810,HD4,Member Complaints and Changes in the Health Plan's Performance,4,4
H3810,HD5,Health Plan Customer Service,4,4
H3810,DD1,Drug Plan Customer Service,1,1
H3810,DD2,Member Complaints and Changes in the Drug Plan’s Performance,4,4
H3810,DD3,Member Experience with the Drug Plan,4,4
H3810,DD4,Drug Safety and Accuracy of Drug Pricing,2,2
H3811,HD1,"Staying Healthy: Screenings, Tests and Vaccines",4,4
H3811,HD2,Managing Chronic (Long Term) Conditions,3,3
H3811,HD3,Member Experience with Health Plan,3,3
H3811,HD4,Member Complaints and Changes in the Health Plan's Performance,4,4
H3811,HD5,Health Plan Customer Service,2,2
H3811,DD1,Drug Plan Customer Service,1,1
H3811,DD2,Member Complaints and Changes in the Drug Plan’s Performance,5,5
H3811,DD3,Member Experience with the Drug Plan,3,3
H3811,DD4,Drug Safety and Accuracy of Drug Pricing,3,3
H3813,HD1,"Staying Healthy: Screenings, Tests and Vaccines",4,4
H3813,HD2,Managing Chronic (Long Term) Conditions,3,3
H3813,HD3,Member Experience with Health Plan,2,2
H3813,HD4,Member Complaints and Changes in the Health Plan's Performance,4,4
H3813,HD5,Health Plan Customer Service,4,4
H3813,DD1,Drug Plan Customer Service,4,4
H3813,DD2,Member Complaints and Changes in the Drug Plan’s Performance,4,4
H3813,DD3,Member Experience with the Drug Plan,1,1
H3813,DD4,Drug Safety and Accuracy of Drug Pricing,3,3
H3814,HD1,"Staying Healthy: Screenings, Tests and Vaccines",2,2
H3814,HD2,Managing Chronic (Long Term) Conditions,2,2
H3814,HD3,Member Experience with Health Plan,3,3
H3814,HD4,Member Complaints and Changes in the Health Plan's Performance,5,5
H3814,HD5,Health Plan Customer Service,Not enough data available ,
H3814,DD1,Drug Plan Customer Service,2,2
H3814,DD2,Member Complaints and Changes in the Drug Plan’s Performance,5,5
H3814,DD3,Member Experience with the Drug Plan,3,3
H3814,DD4,Drug Safety and Accuracy of Drug Pricing,2,2
H3815,HD1,"Staying Healthy: Screenings, Tests and Vaccines",4,4
H3815,HD2,Managing Chronic (Long Term) Conditions,4,4
H3815,HD3,Member Experience with Health Plan,2,2
H3815,HD4,Member Complaints and Changes in the Health Plan's Performance,4,4
H3815,HD5,Health Plan Customer Service,4,4
H3815,DD1,Drug Plan Customer Service,4,4
H3815,DD2,Member Complaints and Changes in the Drug Plan’s Performance,5,5
H3815,DD3,Member Experience with the Drug Plan,3,3
H3815,DD4,Drug Safety and Accuracy of Drug Pricing,5,5
H3817,HD1,"Staying Healthy: Screenings, Tests and Vaccines",4,4
H3817,HD2,Managing Chronic (Long Term) Conditions,3,3
H3817,HD3,Member Experience with Health Plan,3,3
H3817,HD4,Member Complaints and Changes in the Health Plan's Performance,4,4
H3817,HD5,Health Plan Customer Service,5,5
H3817,DD1,Drug Plan Customer Service,4,4
H3817,DD2,Member Complaints and Changes in the Drug Plan’s Performance,5,5
H3817,DD3,Member Experience with the Drug Plan,3,3
H3817,DD4,Drug Safety and Accuracy of Drug Pricing,3,3
H3822,HD1,"Staying Healthy: Screenings, Tests and Vaccines",5,5
H3822,HD2,Managing Chronic (Long Term) Conditions,3,3
H3822,HD3,Member Experience with Health Plan,2,2
H3822,HD4,Member Complaints and Changes in the Health Plan's Performance,3,3
H3822,HD5,Health Plan Customer Service,4,4
H3822,DD1,Drug Plan Customer Service,4,4
H3822,DD2,Member Complaints and Changes in the Drug Plan’s Performance,3,3
H3822,DD3,Member Experience with the Drug Plan,2,2
H3822,DD4,Drug Safety and Accuracy of Drug Pricing,3,3
H3828,HD1,"Staying Healthy: Screenings, Tests and Vaccines",Plan too new to be measured ,
H3828,HD2,Managing Chronic (Long Term) Conditions,Plan too new to be measured ,
H3828,HD3,Member Experience with Health Plan,Plan too new to be measured ,
H3828,HD4,Member Complaints and Changes in the Health Plan's Performance,Plan too new to be measured ,
H3828,HD5,Health Plan Customer Service,Plan too new to be measured ,
H3828,DD1,Drug Plan Customer Service,4,4
H3828,DD2,Member Complaints and Changes in the Drug Plan’s Performance,Plan too new to be measured ,
H3828,DD3,Member Experience with the Drug Plan,Plan too new to be measured ,
H3828,DD4,Drug Safety and Accuracy of Drug Pricing,Plan too new to be measured,
H3832,HD1,"Staying Healthy: Screenings, Tests and Vaccines",5,5
H3832,HD2,Managing Chronic (Long Term) Conditions,3,3
H3832,HD3,Member Experience with Health Plan,4,4
H3832,HD4,Member Complaints and Changes in the Health Plan's Performance,5,5
H3832,HD5,Health Plan Customer Service,4,4
H3832,DD1,Drug Plan Customer Service,3,3
H3832,DD2,Member Complaints and Changes in the Drug Plan’s Performance,4,4
H3832,DD3,Member Experience with the Drug Plan,3,3
H3832,DD4,Drug Safety and Accuracy of Drug Pricing,4,4
H3864,HD1,"Staying Healthy: Screenings, Tests and Vaccines",4,4
H3864,HD2,Managing Chronic (Long Term) Conditions,3,3
H3864,HD3,Member Experience with Health Plan,4,4
H3864,HD4,Member Complaints and Changes in the Health Plan's Performance,4,4
H3864,HD5,Health Plan Customer Service,3,3
H3864,DD1,Drug Plan Customer Service,3,3
H3864,DD2,Member Complaints and Changes in the Drug Plan’s Performance,4,4
H3864,DD3,Member Experience with the Drug Plan,3,3
H3864,DD4,Drug Safety and Accuracy of Drug Pricing,3,3
H3890,HD1,"Staying Healthy: Screenings, Tests and Vaccines",4,4
H3890,HD2,Managing Chronic (Long Term) Conditions,3,3
H3890,HD3,Member Experience with Health Plan,3,3
H3890,HD4,Member Complaints and Changes in the Health Plan's Performance,4,4
H3890,HD5,Health Plan Customer Service,3,3
H3890,DD1,Drug Plan Customer Service,4,4
H3890,DD2,Member Complaints and Changes in the Drug Plan’s Performance,4,4
H3890,DD3,Member Experience with the Drug Plan,2,2
H3890,DD4,Drug Safety and Accuracy of Drug Pricing,3,3
H3907,HD1,"Staying Healthy: Screenings, Tests and Vaccines",4,4
H3907,HD2,Managing Chronic (Long Term) Conditions,4,4
H3907,HD3,Member Experience with Health Plan,5,5
H3907,HD4,Member Complaints and Changes in the Health Plan's Performance,5,5
H3907,HD5,Health Plan Customer Service,5,5
H3907,DD1,Drug Plan Customer Service,3,3
H3907,DD2,Member Complaints and Changes in the Drug Plan’s Performance,5,5
H3907,DD3,Member Experience with the Drug Plan,4,4
H3907,DD4,Drug Safety and Accuracy of Drug Pricing,4,4
H3909,HD1,"Staying Healthy: Screenings, Tests and Vaccines",4,4
H3909,HD2,Managing Chronic (Long Term) Conditions,3,3
H3909,HD3,Member Experience with Health Plan,4,4
H3909,HD4,Member Complaints and Changes in the Health Plan's Performance,5,5
H3909,HD5,Health Plan Customer Service,4,4
H3909,DD1,Drug Plan Customer Service,3,3
H3909,DD2,Member Complaints and Changes in the Drug Plan’s Performance,5,5
H3909,DD3,Member Experience with the Drug Plan,4,4
H3909,DD4,Drug Safety and Accuracy of Drug Pricing,4,4
H3916,HD1,"Staying Healthy: Screenings, Tests and Vaccines",4,4
H3916,HD2,Managing Chronic (Long Term) Conditions,4,4
H3916,HD3,Member Experience with Health Plan,4,4
H3916,HD4,Member Complaints and Changes in the Health Plan's Performance,4,4
H3916,HD5,Health Plan Customer Service,4,4
H3916,DD1,Drug Plan Customer Service,3,3
H3916,DD2,Member Complaints and Changes in the Drug Plan’s Performance,5,5
H3916,DD3,Member Experience with the Drug Plan,5,5
H3916,DD4,Drug Safety and Accuracy of Drug Pricing,4,4
H3923,HD1,"Staying Healthy: Screenings, Tests and Vaccines",4,4
H3923,HD2,Managing Chronic (Long Term) Conditions,4,4
H3923,HD3,Member Experience with Health Plan,4,4
H3923,HD4,Member Complaints and Changes in the Health Plan's Performance,4,4
H3923,HD5,Health Plan Customer Service,4,4
H3923,DD1,Drug Plan Customer Service,2,2
H3923,DD2,Member Complaints and Changes in the Drug Plan’s Performance,4,4
H3923,DD3,Member Experience with the Drug Plan,3,3
H3923,DD4,Drug Safety and Accuracy of Drug Pricing,3,3
H3924,HD1,"Staying Healthy: Screenings, Tests and Vaccines",3,3
H3924,HD2,Managing Chronic (Long Term) Conditions,4,4
H3924,HD3,Member Experience with Health Plan,5,5
H3924,HD4,Member Complaints and Changes in the Health Plan's Performance,4,4
H3924,HD5,Health Plan Customer Service,3,3
H3924,DD1,Drug Plan Customer Service,1,1
H3924,DD2,Member Complaints and Changes in the Drug Plan’s Performance,4,4
H3924,DD3,Member Experience with the Drug Plan,5,5
H3924,DD4,Drug Safety and Accuracy of Drug Pricing,4,4
H3928,HD1,"Staying Healthy: Screenings, Tests and Vaccines",3,3
H3928,HD2,Managing Chronic (Long Term) Conditions,4,4
H3928,HD3,Member Experience with Health Plan,5,5
H3928,HD4,Member Complaints and Changes in the Health Plan's Performance,4,4
H3928,HD5,Health Plan Customer Service,Not enough data available ,
H3928,DD1,Drug Plan Customer Service,4,4
H3928,DD2,Member Complaints and Changes in the Drug Plan’s Performance,4,4
H3928,DD3,Member Experience with the Drug Plan,4,4
H3928,DD4,Drug Safety and Accuracy of Drug Pricing,3,3
H3931,HD1,"Staying Healthy: Screenings, Tests and Vaccines",3,3
H3931,HD2,Managing Chronic (Long Term) Conditions,3,3
H3931,HD3,Member Experience with Health Plan,4,4
H3931,HD4,Member Complaints and Changes in the Health Plan's Performance,4,4
H3931,HD5,Health Plan Customer Service,4,4
H3931,DD1,Drug Plan Customer Service,4,4
H3931,DD2,Member Complaints and Changes in the Drug Plan’s Performance,4,4
H3931,DD3,Member Experience with the Drug Plan,4,4
H3931,DD4,Drug Safety and Accuracy of Drug Pricing,3,3
H3949,HD1,"Staying Healthy: Screenings, Tests and Vaccines",4,4
H3949,HD2,Managing Chronic (Long Term) Conditions,4,4
H3949,HD3,Member Experience with Health Plan,3,3
H3949,HD4,Member Complaints and Changes in the Health Plan's Performance,4,4
H3949,HD5,Health Plan Customer Service,4,4
H3949,DD1,Drug Plan Customer Service,3,3
H3949,DD2,Member Complaints and Changes in the Drug Plan’s Performance,4,4
H3949,DD3,Member Experience with the Drug Plan,3,3
H3949,DD4,Drug Safety and Accuracy of Drug Pricing,4,4
H3952,HD1,"Staying Healthy: Screenings, Tests and Vaccines",4,4
H3952,HD2,Managing Chronic (Long Term) Conditions,4,4
H3952,HD3,Member Experience with Health Plan,4,4
H3952,HD4,Member Complaints and Changes in the Health Plan's Performance,4,4
H3952,HD5,Health Plan Customer Service,4,4
H3952,DD1,Drug Plan Customer Service,3,3
H3952,DD2,Member Complaints and Changes in the Drug Plan’s Performance,5,5
H3952,DD3,Member Experience with the Drug Plan,4,4
H3952,DD4,Drug Safety and Accuracy of Drug Pricing,4,4
H3954,HD1,"Staying Healthy: Screenings, Tests and Vaccines",3,3
H3954,HD2,Managing Chronic (Long Term) Conditions,4,4
H3954,HD3,Member Experience with Health Plan,5,5
H3954,HD4,Member Complaints and Changes in the Health Plan's Performance,4,4
H3954,HD5,Health Plan Customer Service,3,3
H3954,DD1,Drug Plan Customer Service,1,1
H3954,DD2,Member Complaints and Changes in the Drug Plan’s Performance,4,4
H3954,DD3,Member Experience with the Drug Plan,5,5
H3954,DD4,Drug Safety and Accuracy of Drug Pricing,4,4
H3957,HD1,"Staying Healthy: Screenings, Tests and Vaccines",4,4
H3957,HD2,Managing Chronic (Long Term) Conditions,4,4
H3957,HD3,Member Experience with Health Plan,5,5
H3957,HD4,Member Complaints and Changes in the Health Plan's Performance,5,5
H3957,HD5,Health Plan Customer Service,4,4
H3957,DD1,Drug Plan Customer Service,3,3
H3957,DD2,Member Complaints and Changes in the Drug Plan’s Performance,5,5
H3957,DD3,Member Experience with the Drug Plan,5,5
H3957,DD4,Drug Safety and Accuracy of Drug Pricing,4,4
H3959,HD1,"Staying Healthy: Screenings, Tests and Vaccines",3,3
H3959,HD2,Managing Chronic (Long Term) Conditions,4,4
H3959,HD3,Member Experience with Health Plan,5,5
H3959,HD4,Member Complaints and Changes in the Health Plan's Performance,4,4
H3959,HD5,Health Plan Customer Service,4,4
H3959,DD1,Drug Plan Customer Service,4,4
H3959,DD2,Member Complaints and Changes in the Drug Plan’s Performance,4,4
H3959,DD3,Member Experience with the Drug Plan,5,5
H3959,DD4,Drug Safety and Accuracy of Drug Pricing,4,4
H3962,HD1,"Staying Healthy: Screenings, Tests and Vaccines",4,4
H3962,HD2,Managing Chronic (Long Term) Conditions,3,3
H3962,HD3,Member Experience with Health Plan,5,5
H3962,HD4,Member Complaints and Changes in the Health Plan's Performance,5,5
H3962,HD5,Health Plan Customer Service,4,4
H3962,DD1,Drug Plan Customer Service,2,2
H3962,DD2,Member Complaints and Changes in the Drug Plan’s Performance,4,4
H3962,DD3,Member Experience with the Drug Plan,4,4
H3962,DD4,Drug Safety and Accuracy of Drug Pricing,3,3
H3975,HD1,"Staying Healthy: Screenings, Tests and Vaccines",2,2
H3975,HD2,Managing Chronic (Long Term) Conditions,3,3
H3975,HD3,Member Experience with Health Plan,4,4
H3975,HD4,Member Complaints and Changes in the Health Plan's Performance,2,2
H3975,HD5,Health Plan Customer Service,Not enough data available ,
H3975,DD1,Drug Plan Customer Service,5,5
H3975,DD2,Member Complaints and Changes in the Drug Plan’s Performance,2,2
H3975,DD3,Member Experience with the Drug Plan,3,3
H3975,DD4,Drug Safety and Accuracy of Drug Pricing,3,3
H3979,HD1,"Staying Healthy: Screenings, Tests and Vaccines",3,3
H3979,HD2,Managing Chronic (Long Term) Conditions,3,3
H3979,HD3,Member Experience with Health Plan,4,4
H3979,HD4,Member Complaints and Changes in the Health Plan's Performance,4,4
H3979,HD5,Health Plan Customer Service,4,4
H3979,DD1,Drug Plan Customer Service,4,4
H3979,DD2,Member Complaints and Changes in the Drug Plan’s Performance,4,4
H3979,DD3,Member Experience with the Drug Plan,4,4
H3979,DD4,Drug Safety and Accuracy of Drug Pricing,3,3
H4003,HD1,"Staying Healthy: Screenings, Tests and Vaccines",4,4
H4003,HD2,Managing Chronic (Long Term) Conditions,4,4
H4003,HD3,Member Experience with Health Plan,3,3
H4003,HD4,Member Complaints and Changes in the Health Plan's Performance,4,4
H4003,HD5,Health Plan Customer Service,5,5
H4003,DD1,Drug Plan Customer Service,2,2
H4003,DD2,Member Complaints and Changes in the Drug Plan’s Performance,5,5
H4003,DD3,Member Experience with the Drug Plan,5,5
H4003,DD4,Drug Safety and Accuracy of Drug Pricing,3,3
H4004,HD1,"Staying Healthy: Screenings, Tests and Vaccines",4,4
H4004,HD2,Managing Chronic (Long Term) Conditions,4,4
H4004,HD3,Member Experience with Health Plan,4,4
H4004,HD4,Member Complaints and Changes in the Health Plan's Performance,4,4
H4004,HD5,Health Plan Customer Service,5,5
H4004,DD1,Drug Plan Customer Service,2,2
H4004,DD2,Member Complaints and Changes in the Drug Plan’s Performance,4,4
H4004,DD3,Member Experience with the Drug Plan,5,5
H4004,DD4,Drug Safety and Accuracy of Drug Pricing,4,4
H4005,HD1,"Staying Healthy: Screenings, Tests and Vaccines",4,4
H4005,HD2,Managing Chronic (Long Term) Conditions,4,4
H4005,HD3,Member Experience with Health Plan,3,3
H4005,HD4,Member Complaints and Changes in the Health Plan's Performance,5,5
H4005,HD5,Health Plan Customer Service,Not enough data available ,
H4005,DD1,Drug Plan Customer Service,3,3
H4005,DD2,Member Complaints and Changes in the Drug Plan’s Performance,5,5
H4005,DD3,Member Experience with the Drug Plan,5,5
H4005,DD4,Drug Safety and Accuracy of Drug Pricing,4,4
H4007,HD1,"Staying Healthy: Screenings, Tests and Vaccines",4,4
H4007,HD2,Managing Chronic (Long Term) Conditions,4,4
H4007,HD3,Member Experience with Health Plan,4,4
H4007,HD4,Member Complaints and Changes in the Health Plan's Performance,4,4
H4007,HD5,Health Plan Customer Service,5,5
H4007,DD1,Drug Plan Customer Service,3,3
H4007,DD2,Member Complaints and Changes in the Drug Plan’s Performance,5,5
H4007,DD3,Member Experience with the Drug Plan,5,5
H4007,DD4,Drug Safety and Accuracy of Drug Pricing,4,4
H4036,HD1,"Staying Healthy: Screenings, Tests and Vaccines",4,4
H4036,HD2,Managing Chronic (Long Term) Conditions,3,3
H4036,HD3,Member Experience with Health Plan,3,3
H4036,HD4,Member Complaints and Changes in the Health Plan's Performance,5,5
H4036,HD5,Health Plan Customer Service,4,4
H4036,DD1,Drug Plan Customer Service,4,4
H4036,DD2,Member Complaints and Changes in the Drug Plan’s Performance,5,5
H4036,DD3,Member Experience with the Drug Plan,5,5
H4036,DD4,Drug Safety and Accuracy of Drug Pricing,4,4
H4045,HD1,"Staying Healthy: Screenings, Tests and Vaccines",Plan too new to be measured ,
H4045,HD2,Managing Chronic (Long Term) Conditions,Plan too new to be measured ,
H4045,HD3,Member Experience with Health Plan,Plan too new to be measured ,
H4045,HD4,Member Complaints and Changes in the Health Plan's Performance,Plan too new to be measured ,
H4045,HD5,Health Plan Customer Service,Plan too new to be measured ,
H4045,DD1,Drug Plan Customer Service,1,1
H4045,DD2,Member Complaints and Changes in the Drug Plan’s Performance,Plan too new to be measured ,
H4045,DD3,Member Experience with the Drug Plan,Plan too new to be measured ,
H4045,DD4,Drug Safety and Accuracy of Drug Pricing,Plan too new to be measured,
H4054,HD1,"Staying Healthy: Screenings, Tests and Vaccines",Plan too new to be measured ,
H4054,HD2,Managing Chronic (Long Term) Conditions,Plan too new to be measured ,
H4054,HD3,Member Experience with Health Plan,Plan too new to be measured ,
H4054,HD4,Member Complaints and Changes in the Health Plan's Performance,5,5
H4054,HD5,Health Plan Customer Service,Plan too new to be measured ,
H4054,DD1,Drug Plan Customer Service,2,2
H4054,DD2,Member Complaints and Changes in the Drug Plan’s Performance,5,5
H4054,DD3,Member Experience with the Drug Plan,Plan too new to be measured ,
H4054,DD4,Drug Safety and Accuracy of Drug Pricing,3,3
H4073,HD1,"Staying Healthy: Screenings, Tests and Vaccines",2,2
H4073,HD2,Managing Chronic (Long Term) Conditions,2,2
H4073,HD3,Member Experience with Health Plan,3,3
H4073,HD4,Member Complaints and Changes in the Health Plan's Performance,1,1
H4073,HD5,Health Plan Customer Service,4,4
H4073,DD1,Drug Plan Customer Service,5,5
H4073,DD2,Member Complaints and Changes in the Drug Plan’s Performance,1,1
H4073,DD3,Member Experience with the Drug Plan,Plan too new to be measured ,
H4073,DD4,Drug Safety and Accuracy of Drug Pricing,3,3
H4091,HD1,"Staying Healthy: Screenings, Tests and Vaccines",Not enough data available ,
H4091,HD2,Managing Chronic (Long Term) Conditions,4,4
H4091,HD3,Member Experience with Health Plan,Not enough data available ,
H4091,HD4,Member Complaints and Changes in the Health Plan's Performance,5,5
H4091,HD5,Health Plan Customer Service,Not enough data available ,
H4091,DD1,Drug Plan Customer Service,1,1
H4091,DD2,Member Complaints and Changes in the Drug Plan’s Performance,4,4
H4091,DD3,Member Experience with the Drug Plan,Not enough data available ,
H4091,DD4,Drug Safety and Accuracy of Drug Pricing,4,4
H4093,HD1,"Staying Healthy: Screenings, Tests and Vaccines",Not enough data available ,
H4093,HD2,Managing Chronic (Long Term) Conditions,Not enough data available ,
H4093,HD3,Member Experience with Health Plan,Not enough data available ,
H4093,HD4,Member Complaints and Changes in the Health Plan's Performance,Not enough data available ,
H4093,HD5,Health Plan Customer Service,Not enough data available ,
H4093,DD1,Drug Plan Customer Service,2,2
H4093,DD2,Member Complaints and Changes in the Drug Plan’s Performance,Not enough data available ,
H4093,DD3,Member Experience with the Drug Plan,Not enough data available ,
H4093,DD4,Drug Safety and Accuracy of Drug Pricing,4,4
H4094,HD1,"Staying Healthy: Screenings, Tests and Vaccines",4,4
H4094,HD2,Managing Chronic (Long Term) Conditions,4,4
H4094,HD3,Member Experience with Health Plan,Not enough data available ,
H4094,HD4,Member Complaints and Changes in the Health Plan's Performance,3,3
H4094,HD5,Health Plan Customer Service,5,5
H4094,DD1,Drug Plan Customer Service,4,4
H4094,DD2,Member Complaints and Changes in the Drug Plan’s Performance,2,2
H4094,DD3,Member Experience with the Drug Plan,Not enough data available ,
H4094,DD4,Drug Safety and Accuracy of Drug Pricing,2,2
H4140,HD1,"Staying Healthy: Screenings, Tests and Vaccines",4,4
H4140,HD2,Managing Chronic (Long Term) Conditions,4,4
H4140,HD3,Member Experience with Health Plan,4,4
H4140,HD4,Member Complaints and Changes in the Health Plan's Performance,4,4
H4140,HD5,Health Plan Customer Service,2,2
H4140,DD1,Drug Plan Customer Service,3,3
H4140,DD2,Member Complaints and Changes in the Drug Plan’s Performance,4,4
H4140,DD3,Member Experience with the Drug Plan,5,5
H4140,DD4,Drug Safety and Accuracy of Drug Pricing,2,2
H4141,HD1,"Staying Healthy: Screenings, Tests and Vaccines",4,4
H4141,HD2,Managing Chronic (Long Term) Conditions,4,4
H4141,HD3,Member Experience with Health Plan,4,4
H4141,HD4,Member Complaints and Changes in the Health Plan's Performance,4,4
H4141,HD5,Health Plan Customer Service,5,5
H4141,DD1,Drug Plan Customer Service,5,5
H4141,DD2,Member Complaints and Changes in the Drug Plan’s Performance,4,4
H4141,DD3,Member Experience with the Drug Plan,5,5
H4141,DD4,Drug Safety and Accuracy of Drug Pricing,3,3
H4152,HD1,"Staying Healthy: Screenings, Tests and Vaccines",5,5
H4152,HD2,Managing Chronic (Long Term) Conditions,4,4
H4152,HD3,Member Experience with Health Plan,4,4
H4152,HD4,Member Complaints and Changes in the Health Plan's Performance,4,4
H4152,HD5,Health Plan Customer Service,5,5
H4152,DD1,Drug Plan Customer Service,4,4
H4152,DD2,Member Complaints and Changes in the Drug Plan’s Performance,5,5
H4152,DD3,Member Experience with the Drug Plan,4,4
H4152,DD4,Drug Safety and Accuracy of Drug Pricing,4,4
H4161,HD1,"Staying Healthy: Screenings, Tests and Vaccines",Plan too new to be measured ,
H4161,HD2,Managing Chronic (Long Term) Conditions,Plan too new to be measured ,
H4161,HD3,Member Experience with Health Plan,Plan too new to be measured ,
H4161,HD4,Member Complaints and Changes in the Health Plan's Performance,Plan too new to be measured ,
H4161,HD5,Health Plan Customer Service,Plan too new to be measured ,
H4161,DD1,Drug Plan Customer Service,4,4
H4161,DD2,Member Complaints and Changes in the Drug Plan’s Performance,Plan too new to be measured ,
H4161,DD3,Member Experience with the Drug Plan,Plan too new to be measured ,
H4161,DD4,Drug Safety and Accuracy of Drug Pricing,Plan too new to be measured,
H4172,HD1,"Staying Healthy: Screenings, Tests and Vaccines",Not enough data available ,
H4172,HD2,Managing Chronic (Long Term) Conditions,4,4
H4172,HD3,Member Experience with Health Plan,Not enough data available ,
H4172,HD4,Member Complaints and Changes in the Health Plan's Performance,5,5
H4172,HD5,Health Plan Customer Service,Not enough data available ,
H4172,DD1,Drug Plan Customer Service,4,4
H4172,DD2,Member Complaints and Changes in the Drug Plan’s Performance,5,5
H4172,DD3,Member Experience with the Drug Plan,Not enough data available ,
H4172,DD4,Drug Safety and Accuracy of Drug Pricing,4,4
H4198,HD1,"Staying Healthy: Screenings, Tests and Vaccines",Not enough data available ,
H4198,HD2,Managing Chronic (Long Term) Conditions,Not enough data available ,
H4198,HD3,Member Experience with Health Plan,Not enough data available ,
H4198,HD4,Member Complaints and Changes in the Health Plan's Performance,Not enough data available ,
H4198,HD5,Health Plan Customer Service,Not enough data available ,
H4198,DD1,Drug Plan Customer Service,3,3
H4198,DD2,Member Complaints and Changes in the Drug Plan’s Performance,Not enough data available ,
H4198,DD3,Member Experience with the Drug Plan,Not enough data available ,
H4198,DD4,Drug Safety and Accuracy of Drug Pricing,Not enough data available,
H4213,HD1,"Staying Healthy: Screenings, Tests and Vaccines",3,3
H4213,HD2,Managing Chronic (Long Term) Conditions,2,2
H4213,HD3,Member Experience with Health Plan,4,4
H4213,HD4,Member Complaints and Changes in the Health Plan's Performance,4,4
H4213,HD5,Health Plan Customer Service,4,4
H4213,DD1,Drug Plan Customer Service,4,4
H4213,DD2,Member Complaints and Changes in the Drug Plan’s Performance,4,4
H4213,DD3,Member Experience with the Drug Plan,3,3
H4213,DD4,Drug Safety and Accuracy of Drug Pricing,3,3
H4227,HD1,"Staying Healthy: Screenings, Tests and Vaccines",4,4
H4227,HD2,Managing Chronic (Long Term) Conditions,4,4
H4227,HD3,Member Experience with Health Plan,3,3
H4227,HD4,Member Complaints and Changes in the Health Plan's Performance,4,4
H4227,HD5,Health Plan Customer Service,3,3
H4227,DD1,Drug Plan Customer Service,3,3
H4227,DD2,Member Complaints and Changes in the Drug Plan’s Performance,3,3
H4227,DD3,Member Experience with the Drug Plan,3,3
H4227,DD4,Drug Safety and Accuracy of Drug Pricing,3,3
H4232,HD1,"Staying Healthy: Screenings, Tests and Vaccines",Not enough data available ,
H4232,HD2,Managing Chronic (Long Term) Conditions,Not enough data available ,
H4232,HD3,Member Experience with Health Plan,Not enough data available ,
H4232,HD4,Member Complaints and Changes in the Health Plan's Performance,Not enough data available ,
H4232,HD5,Health Plan Customer Service,Not enough data available ,
H4232,DD1,Drug Plan Customer Service,2,2
H4232,DD2,Member Complaints and Changes in the Drug Plan’s Performance,Not enough data available ,
H4232,DD3,Member Experience with the Drug Plan,Not enough data available ,
H4232,DD4,Drug Safety and Accuracy of Drug Pricing,3,3
H4277,HD1,"Staying Healthy: Screenings, Tests and Vaccines",Plan too new to be measured ,
H4277,HD2,Managing Chronic (Long Term) Conditions,Plan too new to be measured ,
H4277,HD3,Member Experience with Health Plan,Plan too new to be measured ,
H4277,HD4,Member Complaints and Changes in the Health Plan's Performance,Plan too new to be measured ,
H4277,HD5,Health Plan Customer Service,Plan too new to be measured ,
H4277,DD1,Drug Plan Customer Service,4,4
H4277,DD2,Member Complaints and Changes in the Drug Plan’s Performance,Plan too new to be measured ,
H4277,DD3,Member Experience with the Drug Plan,Plan too new to be measured ,
H4277,DD4,Drug Safety and Accuracy of Drug Pricing,Plan too new to be measured,
H4279,HD1,"Staying Healthy: Screenings, Tests and Vaccines",3,3
H4279,HD2,Managing Chronic (Long Term) Conditions,4,4
H4279,HD3,Member Experience with Health Plan,5,5
H4279,HD4,Member Complaints and Changes in the Health Plan's Performance,5,5
H4279,HD5,Health Plan Customer Service,5,5
H4279,DD1,Drug Plan Customer Service,3,3
H4279,DD2,Member Complaints and Changes in the Drug Plan’s Performance,5,5
H4279,DD3,Member Experience with the Drug Plan,5,5
H4279,DD4,Drug Safety and Accuracy of Drug Pricing,4,4
H4286,HD1,"Staying Healthy: Screenings, Tests and Vaccines",Plan too new to be measured ,
H4286,HD2,Managing Chronic (Long Term) Conditions,5,5
H4286,HD3,Member Experience with Health Plan,5,5
H4286,HD4,Member Complaints and Changes in the Health Plan's Performance,5,5
H4286,HD5,Health Plan Customer Service,4,4
H4286,DD1,Drug Plan Customer Service,3,3
H4286,DD2,Member Complaints and Changes in the Drug Plan’s Performance,5,5
H4286,DD3,Member Experience with the Drug Plan,5,5
H4286,DD4,Drug Safety and Accuracy of Drug Pricing,4,4
H4343,HD1,"Staying Healthy: Screenings, Tests and Vaccines",2,2
H4343,HD2,Managing Chronic (Long Term) Conditions,Not enough data available ,
H4343,HD3,Member Experience with Health Plan,4,4
H4343,HD4,Member Complaints and Changes in the Health Plan's Performance,1,1
H4343,HD5,Health Plan Customer Service,Not enough data available ,
H4343,DD1,Drug Plan Customer Service,5,5
H4343,DD2,Member Complaints and Changes in the Drug Plan’s Performance,2,2
H4343,DD3,Member Experience with the Drug Plan,Not enough data available ,
H4343,DD4,Drug Safety and Accuracy of Drug Pricing,3,3
H4346,HD1,"Staying Healthy: Screenings, Tests and Vaccines",3,3
H4346,HD2,Managing Chronic (Long Term) Conditions,3,3
H4346,HD3,Member Experience with Health Plan,2,2
H4346,HD4,Member Complaints and Changes in the Health Plan's Performance,3,3
H4346,HD5,Health Plan Customer Service,3,3
H4346,DD1,Drug Plan Customer Service,4,4
H4346,DD2,Member Complaints and Changes in the Drug Plan’s Performance,4,4
H4346,DD3,Member Experience with the Drug Plan,2,2
H4346,DD4,Drug Safety and Accuracy of Drug Pricing,3,3
H4407,HD1,"Staying Healthy: Screenings, Tests and Vaccines",3,3
H4407,HD2,Managing Chronic (Long Term) Conditions,4,4
H4407,HD3,Member Experience with Health Plan,4,4
H4407,HD4,Member Complaints and Changes in the Health Plan's Performance,4,4
H4407,HD5,Health Plan Customer Service,4,4
H4407,DD1,Drug Plan Customer Service,3,3
H4407,DD2,Member Complaints and Changes in the Drug Plan’s Performance,4,4
H4407,DD3,Member Experience with the Drug Plan,4,4
H4407,DD4,Drug Safety and Accuracy of Drug Pricing,4,4
H4439,HD1,"Staying Healthy: Screenings, Tests and Vaccines",Plan too new to be measured ,
H4439,HD2,Managing Chronic (Long Term) Conditions,Plan too new to be measured ,
H4439,HD3,Member Experience with Health Plan,Plan too new to be measured ,
H4439,HD4,Member Complaints and Changes in the Health Plan's Performance,Plan too new to be measured ,
H4439,HD5,Health Plan Customer Service,Plan too new to be measured ,
H4439,DD1,Drug Plan Customer Service,Plan too new to be measured ,
H4439,DD2,Member Complaints and Changes in the Drug Plan’s Performance,Plan too new to be measured ,
H4439,DD3,Member Experience with the Drug Plan,Plan too new to be measured ,
H4439,DD4,Drug Safety and Accuracy of Drug Pricing,Plan too new to be measured,
H4461,HD1,"Staying Healthy: Screenings, Tests and Vaccines",4,4
H4461,HD2,Managing Chronic (Long Term) Conditions,4,4
H4461,HD3,Member Experience with Health Plan,5,5
H4461,HD4,Member Complaints and Changes in the Health Plan's Performance,4,4
H4461,HD5,Health Plan Customer Service,5,5
H4461,DD1,Drug Plan Customer Service,5,5
H4461,DD2,Member Complaints and Changes in the Drug Plan’s Performance,4,4
H4461,DD3,Member Experience with the Drug Plan,5,5
H4461,DD4,Drug Safety and Accuracy of Drug Pricing,3,3
H4471,HD1,"Staying Healthy: Screenings, Tests and Vaccines",Plan too new to be measured ,
H4471,HD2,Managing Chronic (Long Term) Conditions,Plan too new to be measured ,
H4471,HD3,Member Experience with Health Plan,Plan too new to be measured ,
H4471,HD4,Member Complaints and Changes in the Health Plan's Performance,Plan too new to be measured ,
H4471,HD5,Health Plan Customer Service,Plan too new to be measured ,
H4471,DD1,Drug Plan Customer Service,Plan too new to be measured ,
H4471,DD2,Member Complaints and Changes in the Drug Plan’s Performance,Plan too new to be measured ,
H4471,DD3,Member Experience with the Drug Plan,Plan too new to be measured ,
H4471,DD4,Drug Safety and Accuracy of Drug Pricing,Plan too new to be measured,
H4490,HD1,"Staying Healthy: Screenings, Tests and Vaccines",Not enough data available ,
H4490,HD2,Managing Chronic (Long Term) Conditions,Not enough data available ,
H4490,HD3,Member Experience with Health Plan,Not enough data available ,
H4490,HD4,Member Complaints and Changes in the Health Plan's Performance,Not enough data available ,
H4490,HD5,Health Plan Customer Service,Not enough data available ,
H4490,DD1,Drug Plan Customer Service,2,2
H4490,DD2,Member Complaints and Changes in the Drug Plan’s Performance,Not enough data available ,
H4490,DD3,Member Experience with the Drug Plan,Not enough data available ,
H4490,DD4,Drug Safety and Accuracy of Drug Pricing,3,3
H4497,HD1,"Staying Healthy: Screenings, Tests and Vaccines",4,4
H4497,HD2,Managing Chronic (Long Term) Conditions,3,3
H4497,HD3,Member Experience with Health Plan,5,5
H4497,HD4,Member Complaints and Changes in the Health Plan's Performance,4,4
H4497,HD5,Health Plan Customer Service,4,4
H4497,DD1,Drug Plan Customer Service,4,4
H4497,DD2,Member Complaints and Changes in the Drug Plan’s Performance,3,3
H4497,DD3,Member Experience with the Drug Plan,3,3
H4497,DD4,Drug Safety and Accuracy of Drug Pricing,4,4
H4506,HD1,"Staying Healthy: Screenings, Tests and Vaccines",4,4
H4506,HD2,Managing Chronic (Long Term) Conditions,3,3
H4506,HD3,Member Experience with Health Plan,2,2
H4506,HD4,Member Complaints and Changes in the Health Plan's Performance,3,3
H4506,HD5,Health Plan Customer Service,3,3
H4506,DD1,Drug Plan Customer Service,5,5
H4506,DD2,Member Complaints and Changes in the Drug Plan’s Performance,3,3
H4506,DD3,Member Experience with the Drug Plan,4,4
H4506,DD4,Drug Safety and Accuracy of Drug Pricing,4,4
H4513,HD1,"Staying Healthy: Screenings, Tests and Vaccines",5,5
H4513,HD2,Managing Chronic (Long Term) Conditions,4,4
H4513,HD3,Member Experience with Health Plan,4,4
H4513,HD4,Member Complaints and Changes in the Health Plan's Performance,4,4
H4513,HD5,Health Plan Customer Service,4,4
H4513,DD1,Drug Plan Customer Service,3,3
H4513,DD2,Member Complaints and Changes in the Drug Plan’s Performance,4,4
H4513,DD3,Member Experience with the Drug Plan,4,4
H4513,DD4,Drug Safety and Accuracy of Drug Pricing,4,4
H4514,HD1,"Staying Healthy: Screenings, Tests and Vaccines",4,4
H4514,HD2,Managing Chronic (Long Term) Conditions,3,3
H4514,HD3,Member Experience with Health Plan,4,4
H4514,HD4,Member Complaints and Changes in the Health Plan's Performance,3,3
H4514,HD5,Health Plan Customer Service,5,5
H4514,DD1,Drug Plan Customer Service,4,4
H4514,DD2,Member Complaints and Changes in the Drug Plan’s Performance,3,3
H4514,DD3,Member Experience with the Drug Plan,4,4
H4514,DD4,Drug Safety and Accuracy of Drug Pricing,3,3
H4523,HD1,"Staying Healthy: Screenings, Tests and Vaccines",3,3
H4523,HD2,Managing Chronic (Long Term) Conditions,3,3
H4523,HD3,Member Experience with Health Plan,4,4
H4523,HD4,Member Complaints and Changes in the Health Plan's Performance,3,3
H4523,HD5,Health Plan Customer Service,4,4
H4523,DD1,Drug Plan Customer Service,4,4
H4523,DD2,Member Complaints and Changes in the Drug Plan’s Performance,3,3
H4523,DD3,Member Experience with the Drug Plan,4,4
H4523,DD4,Drug Safety and Accuracy of Drug Pricing,4,4
H4527,HD1,"Staying Healthy: Screenings, Tests and Vaccines",5,5
H4527,HD2,Managing Chronic (Long Term) Conditions,4,4
H4527,HD3,Member Experience with Health Plan,4,4
H4527,HD4,Member Complaints and Changes in the Health Plan's Performance,4,4
H4527,HD5,Health Plan Customer Service,5,5
H4527,DD1,Drug Plan Customer Service,4,4
H4527,DD2,Member Complaints and Changes in the Drug Plan’s Performance,4,4
H4527,DD3,Member Experience with the Drug Plan,5,5
H4527,DD4,Drug Safety and Accuracy of Drug Pricing,4,4
H4537,HD1,"Staying Healthy: Screenings, Tests and Vaccines",Plan too new to be measured ,
H4537,HD2,Managing Chronic (Long Term) Conditions,Plan too new to be measured ,
H4537,HD3,Member Experience with Health Plan,Plan too new to be measured ,
H4537,HD4,Member Complaints and Changes in the Health Plan's Performance,Plan too new to be measured ,
H4537,HD5,Health Plan Customer Service,Plan too new to be measured ,
H4537,DD1,Drug Plan Customer Service,5,5
H4537,DD2,Member Complaints and Changes in the Drug Plan’s Performance,Plan too new to be measured ,
H4537,DD3,Member Experience with the Drug Plan,Plan too new to be measured ,
H4537,DD4,Drug Safety and Accuracy of Drug Pricing,2,2
H4544,HD1,"Staying Healthy: Screenings, Tests and Vaccines",2,2
H4544,HD2,Managing Chronic (Long Term) Conditions,3,3
H4544,HD3,Member Experience with Health Plan,4,4
H4544,HD4,Member Complaints and Changes in the Health Plan's Performance,2,2
H4544,HD5,Health Plan Customer Service,Not enough data available ,
H4544,DD1,Drug Plan Customer Service,4,4
H4544,DD2,Member Complaints and Changes in the Drug Plan’s Performance,2,2
H4544,DD3,Member Experience with the Drug Plan,3,3
H4544,DD4,Drug Safety and Accuracy of Drug Pricing,2,2
H4604,HD1,"Staying Healthy: Screenings, Tests and Vaccines",4,4
H4604,HD2,Managing Chronic (Long Term) Conditions,4,4
H4604,HD3,Member Experience with Health Plan,4,4
H4604,HD4,Member Complaints and Changes in the Health Plan's Performance,4,4
H4604,HD5,Health Plan Customer Service,5,5
H4604,DD1,Drug Plan Customer Service,4,4
H4604,DD2,Member Complaints and Changes in the Drug Plan’s Performance,5,5
H4604,DD3,Member Experience with the Drug Plan,4,4
H4604,DD4,Drug Safety and Accuracy of Drug Pricing,4,4
H4605,HD1,"Staying Healthy: Screenings, Tests and Vaccines",5,5
H4605,HD2,Managing Chronic (Long Term) Conditions,3,3
H4605,HD3,Member Experience with Health Plan,4,4
H4605,HD4,Member Complaints and Changes in the Health Plan's Performance,4,4
H4605,HD5,Health Plan Customer Service,4,4
H4605,DD1,Drug Plan Customer Service,4,4
H4605,DD2,Member Complaints and Changes in the Drug Plan’s Performance,4,4
H4605,DD3,Member Experience with the Drug Plan,3,3
H4605,DD4,Drug Safety and Accuracy of Drug Pricing,3,3
H4620,HD1,"Staying Healthy: Screenings, Tests and Vaccines",Plan too new to be measured ,
H4620,HD2,Managing Chronic (Long Term) Conditions,Plan too new to be measured ,
H4620,HD3,Member Experience with Health Plan,Plan too new to be measured ,
H4620,HD4,Member Complaints and Changes in the Health Plan's Performance,Plan too new to be measured ,
H4620,HD5,Health Plan Customer Service,Plan too new to be measured ,
H4620,DD1,Drug Plan Customer Service,4,4
H4620,DD2,Member Complaints and Changes in the Drug Plan’s Performance,Plan too new to be measured ,
H4620,DD3,Member Experience with the Drug Plan,Plan too new to be measured ,
H4620,DD4,Drug Safety and Accuracy of Drug Pricing,Plan too new to be measured,
H4623,HD1,"Staying Healthy: Screenings, Tests and Vaccines",3,3
H4623,HD2,Managing Chronic (Long Term) Conditions,4,4
H4623,HD3,Member Experience with Health Plan,4,4
H4623,HD4,Member Complaints and Changes in the Health Plan's Performance,4,4
H4623,HD5,Health Plan Customer Service,4,4
H4623,DD1,Drug Plan Customer Service,5,5
H4623,DD2,Member Complaints and Changes in the Drug Plan’s Performance,4,4
H4623,DD3,Member Experience with the Drug Plan,5,5
H4623,DD4,Drug Safety and Accuracy of Drug Pricing,3,3
H4624,HD1,"Staying Healthy: Screenings, Tests and Vaccines",3,3
H4624,HD2,Managing Chronic (Long Term) Conditions,2,2
H4624,HD3,Member Experience with Health Plan,3,3
H4624,HD4,Member Complaints and Changes in the Health Plan's Performance,2,2
H4624,HD5,Health Plan Customer Service,Not enough data available ,
H4624,DD1,Drug Plan Customer Service,3,3
H4624,DD2,Member Complaints and Changes in the Drug Plan’s Performance,2,2
H4624,DD3,Member Experience with the Drug Plan,Not enough data available ,
H4624,DD4,Drug Safety and Accuracy of Drug Pricing,3,3
H4661,HD1,"Staying Healthy: Screenings, Tests and Vaccines",Plan too new to be measured ,
H4661,HD2,Managing Chronic (Long Term) Conditions,Plan too new to be measured ,
H4661,HD3,Member Experience with Health Plan,Plan too new to be measured ,
H4661,HD4,Member Complaints and Changes in the Health Plan's Performance,Plan too new to be measured ,
H4661,HD5,Health Plan Customer Service,Plan too new to be measured ,
H4661,DD1,Drug Plan Customer Service,Plan too new to be measured ,
H4661,DD2,Member Complaints and Changes in the Drug Plan’s Performance,Plan too new to be measured ,
H4661,DD3,Member Experience with the Drug Plan,Plan too new to be measured ,
H4661,DD4,Drug Safety and Accuracy of Drug Pricing,Plan too new to be measured,
H4676,HD1,"Staying Healthy: Screenings, Tests and Vaccines",3,3
H4676,HD2,Managing Chronic (Long Term) Conditions,2,2
H4676,HD3,Member Experience with Health Plan,3,3
H4676,HD4,Member Complaints and Changes in the Health Plan's Performance,1,1
H4676,HD5,Health Plan Customer Service,Not enough data available ,
H4676,DD1,Drug Plan Customer Service,1,1
H4676,DD2,Member Complaints and Changes in the Drug Plan’s Performance,1,1
H4676,DD3,Member Experience with the Drug Plan,5,5
H4676,DD4,Drug Safety and Accuracy of Drug Pricing,2,2
H4699,HD1,"Staying Healthy: Screenings, Tests and Vaccines",2,2
H4699,HD2,Managing Chronic (Long Term) Conditions,1,1
H4699,HD3,Member Experience with Health Plan,3,3
H4699,HD4,Member Complaints and Changes in the Health Plan's Performance,1,1
H4699,HD5,Health Plan Customer Service,Not enough data available ,
H4699,DD1,Drug Plan Customer Service,5,5
H4699,DD2,Member Complaints and Changes in the Drug Plan’s Performance,1,1
H4699,DD3,Member Experience with the Drug Plan,Not enough data available ,
H4699,DD4,Drug Safety and Accuracy of Drug Pricing,3,3
H4704,HD1,"Staying Healthy: Screenings, Tests and Vaccines",Plan too new to be measured ,
H4704,HD2,Managing Chronic (Long Term) Conditions,Plan too new to be measured ,
H4704,HD3,Member Experience with Health Plan,Plan too new to be measured ,
H4704,HD4,Member Complaints and Changes in the Health Plan's Performance,Plan too new to be measured ,
H4704,HD5,Health Plan Customer Service,Plan too new to be measured ,
H4704,DD1,Drug Plan Customer Service,Plan too new to be measured ,
H4704,DD2,Member Complaints and Changes in the Drug Plan’s Performance,Plan too new to be measured ,
H4704,DD3,Member Experience with the Drug Plan,Plan too new to be measured ,
H4704,DD4,Drug Safety and Accuracy of Drug Pricing,Plan too new to be measured,
H4711,HD1,"Staying Healthy: Screenings, Tests and Vaccines",3,3
H4711,HD2,Managing Chronic (Long Term) Conditions,3,3
H4711,HD3,Member Experience with Health Plan,2,2
H4711,HD4,Member Complaints and Changes in the Health Plan's Performance,2,2
H4711,HD5,Health Plan Customer Service,4,4
H4711,DD1,Drug Plan Customer Service,4,4
H4711,DD2,Member Complaints and Changes in the Drug Plan’s Performance,2,2
H4711,DD3,Member Experience with the Drug Plan,2,2
H4711,DD4,Drug Safety and Accuracy of Drug Pricing,3,3
H4733,HD1,"Staying Healthy: Screenings, Tests and Vaccines",Plan too new to be measured ,
H4733,HD2,Managing Chronic (Long Term) Conditions,Plan too new to be measured ,
H4733,HD3,Member Experience with Health Plan,Plan too new to be measured ,
H4733,HD4,Member Complaints and Changes in the Health Plan's Performance,Plan too new to be measured ,
H4733,HD5,Health Plan Customer Service,Plan too new to be measured ,
H4733,DD1,Drug Plan Customer Service,3,3
H4733,DD2,Member Complaints and Changes in the Drug Plan’s Performance,Plan too new to be measured ,
H4733,DD3,Member Experience with the Drug Plan,Plan too new to be measured ,
H4733,DD4,Drug Safety and Accuracy of Drug Pricing,Plan too new to be measured,
H4739,HD1,"Staying Healthy: Screenings, Tests and Vaccines",Plan too new to be measured ,
H4739,HD2,Managing Chronic (Long Term) Conditions,Plan too new to be measured ,
H4739,HD3,Member Experience with Health Plan,Plan too new to be measured ,
H4739,HD4,Member Complaints and Changes in the Health Plan's Performance,Plan too new to be measured ,
H4739,HD5,Health Plan Customer Service,Plan too new to be measured ,
H4739,DD1,Drug Plan Customer Service,3,3
H4739,DD2,Member Complaints and Changes in the Drug Plan’s Performance,Plan too new to be measured ,
H4739,DD3,Member Experience with the Drug Plan,Plan too new to be measured ,
H4739,DD4,Drug Safety and Accuracy of Drug Pricing,Plan too new to be measured,
H4754,HD1,"Staying Healthy: Screenings, Tests and Vaccines",3,3
H4754,HD2,Managing Chronic (Long Term) Conditions,3,3
H4754,HD3,Member Experience with Health Plan,4,4
H4754,HD4,Member Complaints and Changes in the Health Plan's Performance,4,4
H4754,HD5,Health Plan Customer Service,3,3
H4754,DD1,Drug Plan Customer Service,3,3
H4754,DD2,Member Complaints and Changes in the Drug Plan’s Performance,5,5
H4754,DD3,Member Experience with the Drug Plan,4,4
H4754,DD4,Drug Safety and Accuracy of Drug Pricing,3,3
H4801,HD1,"Staying Healthy: Screenings, Tests and Vaccines",3,3
H4801,HD2,Managing Chronic (Long Term) Conditions,2,2
H4801,HD3,Member Experience with Health Plan,3,3
H4801,HD4,Member Complaints and Changes in the Health Plan's Performance,2,2
H4801,HD5,Health Plan Customer Service,4,4
H4801,DD1,Drug Plan Customer Service,4,4
H4801,DD2,Member Complaints and Changes in the Drug Plan’s Performance,2,2
H4801,DD3,Member Experience with the Drug Plan,1,1
H4801,DD4,Drug Safety and Accuracy of Drug Pricing,3,3
H4808,HD1,"Staying Healthy: Screenings, Tests and Vaccines",Plan too new to be measured ,
H4808,HD2,Managing Chronic (Long Term) Conditions,Plan too new to be measured ,
H4808,HD3,Member Experience with Health Plan,Plan too new to be measured ,
H4808,HD4,Member Complaints and Changes in the Health Plan's Performance,Plan too new to be measured ,
H4808,HD5,Health Plan Customer Service,Plan too new to be measured ,
H4808,DD1,Drug Plan Customer Service,4,4
H4808,DD2,Member Complaints and Changes in the Drug Plan’s Performance,Plan too new to be measured ,
H4808,DD3,Member Experience with the Drug Plan,Plan too new to be measured ,
H4808,DD4,Drug Safety and Accuracy of Drug Pricing,Plan too new to be measured,
H4835,HD1,"Staying Healthy: Screenings, Tests and Vaccines",3,3
H4835,HD2,Managing Chronic (Long Term) Conditions,3,3
H4835,HD3,Member Experience with Health Plan,2,2
H4835,HD4,Member Complaints and Changes in the Health Plan's Performance,2,2
H4835,HD5,Health Plan Customer Service,4,4
H4835,DD1,Drug Plan Customer Service,4,4
H4835,DD2,Member Complaints and Changes in the Drug Plan’s Performance,3,3
H4835,DD3,Member Experience with the Drug Plan,4,4
H4835,DD4,Drug Safety and Accuracy of Drug Pricing,3,3
H4847,HD1,"Staying Healthy: Screenings, Tests and Vaccines",3,3
H4847,HD2,Managing Chronic (Long Term) Conditions,2,2
H4847,HD3,Member Experience with Health Plan,4,4
H4847,HD4,Member Complaints and Changes in the Health Plan's Performance,2,2
H4847,HD5,Health Plan Customer Service,3,3
H4847,DD1,Drug Plan Customer Service,5,5
H4847,DD2,Member Complaints and Changes in the Drug Plan’s Performance,2,2
H4847,DD3,Member Experience with the Drug Plan,4,4
H4847,DD4,Drug Safety and Accuracy of Drug Pricing,3,3
H4863,HD1,"Staying Healthy: Screenings, Tests and Vaccines",Plan too new to be measured ,
H4863,HD2,Managing Chronic (Long Term) Conditions,Plan too new to be measured ,
H4863,HD3,Member Experience with Health Plan,Plan too new to be measured ,
H4863,HD4,Member Complaints and Changes in the Health Plan's Performance,Plan too new to be measured ,
H4863,HD5,Health Plan Customer Service,Plan too new to be measured ,
H4863,DD1,Drug Plan Customer Service,1,1
H4863,DD2,Member Complaints and Changes in the Drug Plan’s Performance,Plan too new to be measured ,
H4863,DD3,Member Experience with the Drug Plan,Plan too new to be measured ,
H4863,DD4,Drug Safety and Accuracy of Drug Pricing,Plan too new to be measured,
H4868,HD1,"Staying Healthy: Screenings, Tests and Vaccines",3,3
H4868,HD2,Managing Chronic (Long Term) Conditions,3,3
H4868,HD3,Member Experience with Health Plan,Not enough data available ,
H4868,HD4,Member Complaints and Changes in the Health Plan's Performance,4,4
H4868,HD5,Health Plan Customer Service,3,3
H4868,DD1,Drug Plan Customer Service,5,5
H4868,DD2,Member Complaints and Changes in the Drug Plan’s Performance,4,4
H4868,DD3,Member Experience with the Drug Plan,Not enough data available ,
H4868,DD4,Drug Safety and Accuracy of Drug Pricing,3,3
H4869,HD1,"Staying Healthy: Screenings, Tests and Vaccines",Plan too new to be measured ,
H4869,HD2,Managing Chronic (Long Term) Conditions,Plan too new to be measured ,
H4869,HD3,Member Experience with Health Plan,Plan too new to be measured ,
H4869,HD4,Member Complaints and Changes in the Health Plan's Performance,Plan too new to be measured ,
H4869,HD5,Health Plan Customer Service,Plan too new to be measured ,
H4869,DD1,Drug Plan Customer Service,2,2
H4869,DD2,Member Complaints and Changes in the Drug Plan’s Performance,Plan too new to be measured ,
H4869,DD3,Member Experience with the Drug Plan,Plan too new to be measured ,
H4869,DD4,Drug Safety and Accuracy of Drug Pricing,Plan too new to be measured,
H4875,HD1,"Staying Healthy: Screenings, Tests and Vaccines",4,4
H4875,HD2,Managing Chronic (Long Term) Conditions,4,4
H4875,HD3,Member Experience with Health Plan,5,5
H4875,HD4,Member Complaints and Changes in the Health Plan's Performance,5,5
H4875,HD5,Health Plan Customer Service,4,4
H4875,DD1,Drug Plan Customer Service,5,5
H4875,DD2,Member Complaints and Changes in the Drug Plan’s Performance,5,5
H4875,DD3,Member Experience with the Drug Plan,4,4
H4875,DD4,Drug Safety and Accuracy of Drug Pricing,4,4
H4882,HD1,"Staying Healthy: Screenings, Tests and Vaccines",5,5
H4882,HD2,Managing Chronic (Long Term) Conditions,4,4
H4882,HD3,Member Experience with Health Plan,5,5
H4882,HD4,Member Complaints and Changes in the Health Plan's Performance,4,4
H4882,HD5,Health Plan Customer Service,4,4
H4882,DD1,Drug Plan Customer Service,5,5
H4882,DD2,Member Complaints and Changes in the Drug Plan’s Performance,4,4
H4882,DD3,Member Experience with the Drug Plan,3,3
H4882,DD4,Drug Safety and Accuracy of Drug Pricing,4,4
H4909,HD1,"Staying Healthy: Screenings, Tests and Vaccines",3,3
H4909,HD2,Managing Chronic (Long Term) Conditions,3,3
H4909,HD3,Member Experience with Health Plan,3,3
H4909,HD4,Member Complaints and Changes in the Health Plan's Performance,3,3
H4909,HD5,Health Plan Customer Service,3,3
H4909,DD1,Drug Plan Customer Service,4,4
H4909,DD2,Member Complaints and Changes in the Drug Plan’s Performance,3,3
H4909,DD3,Member Experience with the Drug Plan,3,3
H4909,DD4,Drug Safety and Accuracy of Drug Pricing,3,3
H4931,HD1,"Staying Healthy: Screenings, Tests and Vaccines",3,3
H4931,HD2,Managing Chronic (Long Term) Conditions,3,3
H4931,HD3,Member Experience with Health Plan,3,3
H4931,HD4,Member Complaints and Changes in the Health Plan's Performance,4,4
H4931,HD5,Health Plan Customer Service,4,4
H4931,DD1,Drug Plan Customer Service,3,3
H4931,DD2,Member Complaints and Changes in the Drug Plan’s Performance,5,5
H4931,DD3,Member Experience with the Drug Plan,4,4
H4931,DD4,Drug Safety and Accuracy of Drug Pricing,3,3
H4937,HD1,"Staying Healthy: Screenings, Tests and Vaccines",4,4
H4937,HD2,Managing Chronic (Long Term) Conditions,3,3
H4937,HD3,Member Experience with Health Plan,2,2
H4937,HD4,Member Complaints and Changes in the Health Plan's Performance,4,4
H4937,HD5,Health Plan Customer Service,3,3
H4937,DD1,Drug Plan Customer Service,5,5
H4937,DD2,Member Complaints and Changes in the Drug Plan’s Performance,5,5
H4937,DD3,Member Experience with the Drug Plan,3,3
H4937,DD4,Drug Safety and Accuracy of Drug Pricing,4,4
H4943,HD1,"Staying Healthy: Screenings, Tests and Vaccines",Plan too new to be measured ,
H4943,HD2,Managing Chronic (Long Term) Conditions,Plan too new to be measured ,
H4943,HD3,Member Experience with Health Plan,Plan too new to be measured ,
H4943,HD4,Member Complaints and Changes in the Health Plan's Performance,Plan too new to be measured ,
H4943,HD5,Health Plan Customer Service,Plan too new to be measured ,
H4943,DD1,Drug Plan Customer Service,2,2
H4943,DD2,Member Complaints and Changes in the Drug Plan’s Performance,Plan too new to be measured ,
H4943,DD3,Member Experience with the Drug Plan,Plan too new to be measured ,
H4943,DD4,Drug Safety and Accuracy of Drug Pricing,Plan too new to be measured,
H4961,HD1,"Staying Healthy: Screenings, Tests and Vaccines",4,4
H4961,HD2,Managing Chronic (Long Term) Conditions,4,4
H4961,HD3,Member Experience with Health Plan,2,2
H4961,HD4,Member Complaints and Changes in the Health Plan's Performance,2,2
H4961,HD5,Health Plan Customer Service,Not enough data available ,
H4961,DD1,Drug Plan Customer Service,4,4
H4961,DD2,Member Complaints and Changes in the Drug Plan’s Performance,3,3
H4961,DD3,Member Experience with the Drug Plan,4,4
H4961,DD4,Drug Safety and Accuracy of Drug Pricing,4,4
H4982,HD1,"Staying Healthy: Screenings, Tests and Vaccines",4,4
H4982,HD2,Managing Chronic (Long Term) Conditions,3,3
H4982,HD3,Member Experience with Health Plan,1,1
H4982,HD4,Member Complaints and Changes in the Health Plan's Performance,2,2
H4982,HD5,Health Plan Customer Service,4,4
H4982,DD1,Drug Plan Customer Service,4,4
H4982,DD2,Member Complaints and Changes in the Drug Plan’s Performance,3,3
H4982,DD3,Member Experience with the Drug Plan,4,4
H4982,DD4,Drug Safety and Accuracy of Drug Pricing,4,4
H5008,HD1,"Staying Healthy: Screenings, Tests and Vaccines",3,3
H5008,HD2,Managing Chronic (Long Term) Conditions,3,3
H5008,HD3,Member Experience with Health Plan,3,3
H5008,HD4,Member Complaints and Changes in the Health Plan's Performance,3,3
H5008,HD5,Health Plan Customer Service,5,5
H5008,DD1,Drug Plan Customer Service,4,4
H5008,DD2,Member Complaints and Changes in the Drug Plan’s Performance,3,3
H5008,DD3,Member Experience with the Drug Plan,3,3
H5008,DD4,Drug Safety and Accuracy of Drug Pricing,3,3
H5009,HD1,"Staying Healthy: Screenings, Tests and Vaccines",3,3
H5009,HD2,Managing Chronic (Long Term) Conditions,3,3
H5009,HD3,Member Experience with Health Plan,2,2
H5009,HD4,Member Complaints and Changes in the Health Plan's Performance,4,4
H5009,HD5,Health Plan Customer Service,4,4
H5009,DD1,Drug Plan Customer Service,4,4
H5009,DD2,Member Complaints and Changes in the Drug Plan’s Performance,4,4
H5009,DD3,Member Experience with the Drug Plan,2,2
H5009,DD4,Drug Safety and Accuracy of Drug Pricing,3,3
H5010,HD1,"Staying Healthy: Screenings, Tests and Vaccines",4,4
H5010,HD2,Managing Chronic (Long Term) Conditions,4,4
H5010,HD3,Member Experience with Health Plan,4,4
H5010,HD4,Member Complaints and Changes in the Health Plan's Performance,4,4
H5010,HD5,Health Plan Customer Service,Not enough data available ,
H5010,DD1,Drug Plan Customer Service,4,4
H5010,DD2,Member Complaints and Changes in the Drug Plan’s Performance,4,4
H5010,DD3,Member Experience with the Drug Plan,3,3
H5010,DD4,Drug Safety and Accuracy of Drug Pricing,3,3
H5015,HD1,"Staying Healthy: Screenings, Tests and Vaccines",3,3
H5015,HD2,Managing Chronic (Long Term) Conditions,5,5
H5015,HD3,Member Experience with Health Plan,Not enough data available ,
H5015,HD4,Member Complaints and Changes in the Health Plan's Performance,5,5
H5015,HD5,Health Plan Customer Service,Not enough data available ,
H5015,DD1,Drug Plan Customer Service,2,2
H5015,DD2,Member Complaints and Changes in the Drug Plan’s Performance,4,4
H5015,DD3,Member Experience with the Drug Plan,Not enough data available ,
H5015,DD4,Drug Safety and Accuracy of Drug Pricing,4,4
H5042,HD1,"Staying Healthy: Screenings, Tests and Vaccines",5,5
H5042,HD2,Managing Chronic (Long Term) Conditions,4,4
H5042,HD3,Member Experience with Health Plan,5,5
H5042,HD4,Member Complaints and Changes in the Health Plan's Performance,4,4
H5042,HD5,Health Plan Customer Service,4,4
H5042,DD1,Drug Plan Customer Service,3,3
H5042,DD2,Member Complaints and Changes in the Drug Plan’s Performance,4,4
H5042,DD3,Member Experience with the Drug Plan,2,2
H5042,DD4,Drug Safety and Accuracy of Drug Pricing,4,4
H5050,HD1,"Staying Healthy: Screenings, Tests and Vaccines",5,5
H5050,HD2,Managing Chronic (Long Term) Conditions,4,4
H5050,HD3,Member Experience with Health Plan,2,2
H5050,HD4,Member Complaints and Changes in the Health Plan's Performance,4,4
H5050,HD5,Health Plan Customer Service,3,3
H5050,DD1,Drug Plan Customer Service,1,1
H5050,DD2,Member Complaints and Changes in the Drug Plan’s Performance,4,4
H5050,DD3,Member Experience with the Drug Plan,5,5
H5050,DD4,Drug Safety and Accuracy of Drug Pricing,5,5
H5087,HD1,"Staying Healthy: Screenings, Tests and Vaccines",4,4
H5087,HD2,Managing Chronic (Long Term) Conditions,3,3
H5087,HD3,Member Experience with Health Plan,Not enough data available ,
H5087,HD4,Member Complaints and Changes in the Health Plan's Performance,2,2
H5087,HD5,Health Plan Customer Service,4,4
H5087,DD1,Drug Plan Customer Service,5,5
H5087,DD2,Member Complaints and Changes in the Drug Plan’s Performance,2,2
H5087,DD3,Member Experience with the Drug Plan,Not enough data available ,
H5087,DD4,Drug Safety and Accuracy of Drug Pricing,4,4
H5106,HD1,"Staying Healthy: Screenings, Tests and Vaccines",4,4
H5106,HD2,Managing Chronic (Long Term) Conditions,4,4
H5106,HD3,Member Experience with Health Plan,4,4
H5106,HD4,Member Complaints and Changes in the Health Plan's Performance,4,4
H5106,HD5,Health Plan Customer Service,5,5
H5106,DD1,Drug Plan Customer Service,3,3
H5106,DD2,Member Complaints and Changes in the Drug Plan’s Performance,4,4
H5106,DD3,Member Experience with the Drug Plan,4,4
H5106,DD4,Drug Safety and Accuracy of Drug Pricing,4,4
H5117,HD1,"Staying Healthy: Screenings, Tests and Vaccines",Not enough data available ,
H5117,HD2,Managing Chronic (Long Term) Conditions,Not enough data available ,
H5117,HD3,Member Experience with Health Plan,Not enough data available ,
H5117,HD4,Member Complaints and Changes in the Health Plan's Performance,Not enough data available ,
H5117,HD5,Health Plan Customer Service,Not enough data available ,
H5117,DD1,Drug Plan Customer Service,5,5
H5117,DD2,Member Complaints and Changes in the Drug Plan’s Performance,Not enough data available ,
H5117,DD3,Member Experience with the Drug Plan,Not enough data available ,
H5117,DD4,Drug Safety and Accuracy of Drug Pricing,2,2
H5140,HD1,"Staying Healthy: Screenings, Tests and Vaccines",4,4
H5140,HD2,Managing Chronic (Long Term) Conditions,3,3
H5140,HD3,Member Experience with Health Plan,3,3
H5140,HD4,Member Complaints and Changes in the Health Plan's Performance,4,4
H5140,HD5,Health Plan Customer Service,5,5
H5140,DD1,Drug Plan Customer Service,5,5
H5140,DD2,Member Complaints and Changes in the Drug Plan’s Performance,4,4
H5140,DD3,Member Experience with the Drug Plan,4,4
H5140,DD4,Drug Safety and Accuracy of Drug Pricing,3,3
H5141,HD1,"Staying Healthy: Screenings, Tests and Vaccines",4,4
H5141,HD2,Managing Chronic (Long Term) Conditions,4,4
H5141,HD3,Member Experience with Health Plan,3,3
H5141,HD4,Member Complaints and Changes in the Health Plan's Performance,4,4
H5141,HD5,Health Plan Customer Service,4,4
H5141,DD1,Drug Plan Customer Service,4,4
H5141,DD2,Member Complaints and Changes in the Drug Plan’s Performance,4,4
H5141,DD3,Member Experience with the Drug Plan,2,2
H5141,DD4,Drug Safety and Accuracy of Drug Pricing,2,2
H5163,HD1,"Staying Healthy: Screenings, Tests and Vaccines",Plan too new to be measured ,
H5163,HD2,Managing Chronic (Long Term) Conditions,Plan too new to be measured ,
H5163,HD3,Member Experience with Health Plan,Plan too new to be measured ,
H5163,HD4,Member Complaints and Changes in the Health Plan's Performance,Plan too new to be measured ,
H5163,HD5,Health Plan Customer Service,Plan too new to be measured ,
H5163,DD1,Drug Plan Customer Service,Plan too new to be measured ,
H5163,DD2,Member Complaints and Changes in the Drug Plan’s Performance,Plan too new to be measured ,
H5163,DD3,Member Experience with the Drug Plan,Plan too new to be measured ,
H5163,DD4,Drug Safety and Accuracy of Drug Pricing,Plan too new to be measured,
H5178,HD1,"Staying Healthy: Screenings, Tests and Vaccines",Not enough data available ,
H5178,HD2,Managing Chronic (Long Term) Conditions,Not enough data available ,
H5178,HD3,Member Experience with Health Plan,Not enough data available ,
H5178,HD4,Member Complaints and Changes in the Health Plan's Performance,Not enough data available ,
H5178,HD5,Health Plan Customer Service,Not enough data available ,
H5178,DD1,Drug Plan Customer Service,5,5
H5178,DD2,Member Complaints and Changes in the Drug Plan’s Performance,Not enough data available ,
H5178,DD3,Member Experience with the Drug Plan,Not enough data available ,
H5178,DD4,Drug Safety and Accuracy of Drug Pricing,Not enough data available,
H5190,HD1,"Staying Healthy: Screenings, Tests and Vaccines",3,3
H5190,HD2,Managing Chronic (Long Term) Conditions,2,2
H5190,HD3,Member Experience with Health Plan,Not enough data available ,
H5190,HD4,Member Complaints and Changes in the Health Plan's Performance,Not enough data available ,
H5190,HD5,Health Plan Customer Service,Not enough data available ,
H5190,DD1,Drug Plan Customer Service,Not enough data available ,
H5190,DD2,Member Complaints and Changes in the Drug Plan’s Performance,Not enough data available ,
H5190,DD3,Member Experience with the Drug Plan,Not enough data available ,
H5190,DD4,Drug Safety and Accuracy of Drug Pricing,4,4
H5199,HD1,"Staying Healthy: Screenings, Tests and Vaccines",2,2
H5199,HD2,Managing Chronic (Long Term) Conditions,2,2
H5199,HD3,Member Experience with Health Plan,2,2
H5199,HD4,Member Complaints and Changes in the Health Plan's Performance,2,2
H5199,HD5,Health Plan Customer Service,4,4
H5199,DD1,Drug Plan Customer Service,5,5
H5199,DD2,Member Complaints and Changes in the Drug Plan’s Performance,2,2
H5199,DD3,Member Experience with the Drug Plan,4,4
H5199,DD4,Drug Safety and Accuracy of Drug Pricing,3,3
H5209,HD1,"Staying Healthy: Screenings, Tests and Vaccines",4,4
H5209,HD2,Managing Chronic (Long Term) Conditions,4,4
H5209,HD3,Member Experience with Health Plan,3,3
H5209,HD4,Member Complaints and Changes in the Health Plan's Performance,4,4
H5209,HD5,Health Plan Customer Service,3,3
H5209,DD1,Drug Plan Customer Service,2,2
H5209,DD2,Member Complaints and Changes in the Drug Plan’s Performance,4,4
H5209,DD3,Member Experience with the Drug Plan,4,4
H5209,DD4,Drug Safety and Accuracy of Drug Pricing,4,4
H5211,HD1,"Staying Healthy: Screenings, Tests and Vaccines",4,4
H5211,HD2,Managing Chronic (Long Term) Conditions,4,4
H5211,HD3,Member Experience with Health Plan,4,4
H5211,HD4,Member Complaints and Changes in the Health Plan's Performance,4,4
H5211,HD5,Health Plan Customer Service,4,4
H5211,DD1,Drug Plan Customer Service,3,3
H5211,DD2,Member Complaints and Changes in the Drug Plan’s Performance,4,4
H5211,DD3,Member Experience with the Drug Plan,3,3
H5211,DD4,Drug Safety and Accuracy of Drug Pricing,4,4
H5215,HD1,"Staying Healthy: Screenings, Tests and Vaccines",5,5
H5215,HD2,Managing Chronic (Long Term) Conditions,4,4
H5215,HD3,Member Experience with Health Plan,5,5
H5215,HD4,Member Complaints and Changes in the Health Plan's Performance,4,4
H5215,HD5,Health Plan Customer Service,4,4
H5215,DD1,Drug Plan Customer Service,4,4
H5215,DD2,Member Complaints and Changes in the Drug Plan’s Performance,4,4
H5215,DD3,Member Experience with the Drug Plan,5,5
H5215,DD4,Drug Safety and Accuracy of Drug Pricing,4,4
H5216,HD1,"Staying Healthy: Screenings, Tests and Vaccines",3,3
H5216,HD2,Managing Chronic (Long Term) Conditions,4,4
H5216,HD3,Member Experience with Health Plan,4,4
H5216,HD4,Member Complaints and Changes in the Health Plan's Performance,5,5
H5216,HD5,Health Plan Customer Service,5,5
H5216,DD1,Drug Plan Customer Service,5,5
H5216,DD2,Member Complaints and Changes in the Drug Plan’s Performance,5,5
H5216,DD3,Member Experience with the Drug Plan,4,4
H5216,DD4,Drug Safety and Accuracy of Drug Pricing,3,3
H5232,HD1,"Staying Healthy: Screenings, Tests and Vaccines",Not enough data available ,
H5232,HD2,Managing Chronic (Long Term) Conditions,Not enough data available ,
H5232,HD3,Member Experience with Health Plan,Not enough data available ,
H5232,HD4,Member Complaints and Changes in the Health Plan's Performance,Not enough data available ,
H5232,HD5,Health Plan Customer Service,Not enough data available ,
H5232,DD1,Drug Plan Customer Service,3,3
H5232,DD2,Member Complaints and Changes in the Drug Plan’s Performance,Not enough data available ,
H5232,DD3,Member Experience with the Drug Plan,Not enough data available ,
H5232,DD4,Drug Safety and Accuracy of Drug Pricing,Not enough data available,
H5244,HD1,"Staying Healthy: Screenings, Tests and Vaccines",Plan too new to be measured ,
H5244,HD2,Managing Chronic (Long Term) Conditions,Plan too new to be measured ,
H5244,HD3,Member Experience with Health Plan,Plan too new to be measured ,
H5244,HD4,Member Complaints and Changes in the Health Plan's Performance,Plan too new to be measured ,
H5244,HD5,Health Plan Customer Service,Plan too new to be measured ,
H5244,DD1,Drug Plan Customer Service,Plan too new to be measured ,
H5244,DD2,Member Complaints and Changes in the Drug Plan’s Performance,Plan too new to be measured ,
H5244,DD3,Member Experience with the Drug Plan,Plan too new to be measured ,
H5244,DD4,Drug Safety and Accuracy of Drug Pricing,Plan too new to be measured,
H5253,HD1,"Staying Healthy: Screenings, Tests and Vaccines",4,4
H5253,HD2,Managing Chronic (Long Term) Conditions,3,3
H5253,HD3,Member Experience with Health Plan,4,4
H5253,HD4,Member Complaints and Changes in the Health Plan's Performance,5,5
H5253,HD5,Health Plan Customer Service,5,5
H5253,DD1,Drug Plan Customer Service,4,4
H5253,DD2,Member Complaints and Changes in the Drug Plan’s Performance,5,5
H5253,DD3,Member Experience with the Drug Plan,4,4
H5253,DD4,Drug Safety and Accuracy of Drug Pricing,3,3
H5256,HD1,"Staying Healthy: Screenings, Tests and Vaccines",4,4
H5256,HD2,Managing Chronic (Long Term) Conditions,4,4
H5256,HD3,Member Experience with Health Plan,5,5
H5256,HD4,Member Complaints and Changes in the Health Plan's Performance,4,4
H5256,HD5,Health Plan Customer Service,Not enough data available ,
H5256,DD1,Drug Plan Customer Service,Plan not required to report measure ,
H5256,DD2,Member Complaints and Changes in the Drug Plan’s Performance,Plan not required to report measure ,
H5256,DD3,Member Experience with the Drug Plan,Plan not required to report measure ,
H5256,DD4,Drug Safety and Accuracy of Drug Pricing,Plan not required to report measure,
H5262,HD1,"Staying Healthy: Screenings, Tests and Vaccines",5,5
H5262,HD2,Managing Chronic (Long Term) Conditions,4,4
H5262,HD3,Member Experience with Health Plan,5,5
H5262,HD4,Member Complaints and Changes in the Health Plan's Performance,4,4
H5262,HD5,Health Plan Customer Service,4,4
H5262,DD1,Drug Plan Customer Service,4,4
H5262,DD2,Member Complaints and Changes in the Drug Plan’s Performance,4,4
H5262,DD3,Member Experience with the Drug Plan,4,4
H5262,DD4,Drug Safety and Accuracy of Drug Pricing,3,3
H5264,HD1,"Staying Healthy: Screenings, Tests and Vaccines",4,4
H5264,HD2,Managing Chronic (Long Term) Conditions,4,4
H5264,HD3,Member Experience with Health Plan,5,5
H5264,HD4,Member Complaints and Changes in the Health Plan's Performance,4,4
H5264,HD5,Health Plan Customer Service,4,4
H5264,DD1,Drug Plan Customer Service,Plan not required to report measure ,
H5264,DD2,Member Complaints and Changes in the Drug Plan’s Performance,Plan not required to report measure ,
H5264,DD3,Member Experience with the Drug Plan,Plan not required to report measure ,
H5264,DD4,Drug Safety and Accuracy of Drug Pricing,Plan not required to report measure,
H5273,HD1,"Staying Healthy: Screenings, Tests and Vaccines",5,5
H5273,HD2,Managing Chronic (Long Term) Conditions,4,4
H5273,HD3,Member Experience with Health Plan,3,3
H5273,HD4,Member Complaints and Changes in the Health Plan's Performance,3,3
H5273,HD5,Health Plan Customer Service,5,5
H5273,DD1,Drug Plan Customer Service,5,5
H5273,DD2,Member Complaints and Changes in the Drug Plan’s Performance,4,4
H5273,DD3,Member Experience with the Drug Plan,2,2
H5273,DD4,Drug Safety and Accuracy of Drug Pricing,4,4
H5280,HD1,"Staying Healthy: Screenings, Tests and Vaccines",Not enough data available ,
H5280,HD2,Managing Chronic (Long Term) Conditions,Not enough data available ,
H5280,HD3,Member Experience with Health Plan,Not enough data available ,
H5280,HD4,Member Complaints and Changes in the Health Plan's Performance,Not enough data available ,
H5280,HD5,Health Plan Customer Service,Not enough data available ,
H5280,DD1,Drug Plan Customer Service,Not enough data available ,
H5280,DD2,Member Complaints and Changes in the Drug Plan’s Performance,Not enough data available ,
H5280,DD3,Member Experience with the Drug Plan,Not enough data available ,
H5280,DD4,Drug Safety and Accuracy of Drug Pricing,Not enough data available,
H5294,HD1,"Staying Healthy: Screenings, Tests and Vaccines",4,4
H5294,HD2,Managing Chronic (Long Term) Conditions,3,3
H5294,HD3,Member Experience with Health Plan,2,2
H5294,HD4,Member Complaints and Changes in the Health Plan's Performance,3,3
H5294,HD5,Health Plan Customer Service,5,5
H5294,DD1,Drug Plan Customer Service,5,5
H5294,DD2,Member Complaints and Changes in the Drug Plan’s Performance,2,2
H5294,DD3,Member Experience with the Drug Plan,3,3
H5294,DD4,Drug Safety and Accuracy of Drug Pricing,3,3
H5296,HD1,"Staying Healthy: Screenings, Tests and Vaccines",5,5
H5296,HD2,Managing Chronic (Long Term) Conditions,4,4
H5296,HD3,Member Experience with Health Plan,5,5
H5296,HD4,Member Complaints and Changes in the Health Plan's Performance,3,3
H5296,HD5,Health Plan Customer Service,4,4
H5296,DD1,Drug Plan Customer Service,4,4
H5296,DD2,Member Complaints and Changes in the Drug Plan’s Performance,3,3
H5296,DD3,Member Experience with the Drug Plan,5,5
H5296,DD4,Drug Safety and Accuracy of Drug Pricing,5,5
H5299,HD1,"Staying Healthy: Screenings, Tests and Vaccines",Plan too new to be measured ,
H5299,HD2,Managing Chronic (Long Term) Conditions,Plan too new to be measured ,
H5299,HD3,Member Experience with Health Plan,Plan too new to be measured ,
H5299,HD4,Member Complaints and Changes in the Health Plan's Performance,Plan too new to be measured ,
H5299,HD5,Health Plan Customer Service,Plan too new to be measured ,
H5299,DD1,Drug Plan Customer Service,4,4
H5299,DD2,Member Complaints and Changes in the Drug Plan’s Performance,Plan too new to be measured ,
H5299,DD3,Member Experience with the Drug Plan,Plan too new to be measured ,
H5299,DD4,Drug Safety and Accuracy of Drug Pricing,Plan too new to be measured,
H5302,HD1,"Staying Healthy: Screenings, Tests and Vaccines",3,3
H5302,HD2,Managing Chronic (Long Term) Conditions,4,4
H5302,HD3,Member Experience with Health Plan,4,4
H5302,HD4,Member Complaints and Changes in the Health Plan's Performance,3,3
H5302,HD5,Health Plan Customer Service,3,3
H5302,DD1,Drug Plan Customer Service,4,4
H5302,DD2,Member Complaints and Changes in the Drug Plan’s Performance,3,3
H5302,DD3,Member Experience with the Drug Plan,4,4
H5302,DD4,Drug Safety and Accuracy of Drug Pricing,3,3
H5309,HD1,"Staying Healthy: Screenings, Tests and Vaccines",Plan too new to be measured ,
H5309,HD2,Managing Chronic (Long Term) Conditions,Plan too new to be measured ,
H5309,HD3,Member Experience with Health Plan,Plan too new to be measured ,
H5309,HD4,Member Complaints and Changes in the Health Plan's Performance,Plan too new to be measured ,
H5309,HD5,Health Plan Customer Service,Plan too new to be measured ,
H5309,DD1,Drug Plan Customer Service,Plan too new to be measured ,
H5309,DD2,Member Complaints and Changes in the Drug Plan’s Performance,Plan too new to be measured ,
H5309,DD3,Member Experience with the Drug Plan,Plan too new to be measured ,
H5309,DD4,Drug Safety and Accuracy of Drug Pricing,Plan too new to be measured,
H5322,HD1,"Staying Healthy: Screenings, Tests and Vaccines",3,3
H5322,HD2,Managing Chronic (Long Term) Conditions,3,3
H5322,HD3,Member Experience with Health Plan,5,5
H5322,HD4,Member Complaints and Changes in the Health Plan's Performance,4,4
H5322,HD5,Health Plan Customer Service,5,5
H5322,DD1,Drug Plan Customer Service,4,4
H5322,DD2,Member Complaints and Changes in the Drug Plan’s Performance,4,4
H5322,DD3,Member Experience with the Drug Plan,5,5
H5322,DD4,Drug Safety and Accuracy of Drug Pricing,3,3
H5325,HD1,"Staying Healthy: Screenings, Tests and Vaccines",3,3
H5325,HD2,Managing Chronic (Long Term) Conditions,4,4
H5325,HD3,Member Experience with Health Plan,4,4
H5325,HD4,Member Complaints and Changes in the Health Plan's Performance,3,3
H5325,HD5,Health Plan Customer Service,4,4
H5325,DD1,Drug Plan Customer Service,4,4
H5325,DD2,Member Complaints and Changes in the Drug Plan’s Performance,3,3
H5325,DD3,Member Experience with the Drug Plan,5,5
H5325,DD4,Drug Safety and Accuracy of Drug Pricing,3,3
H5361,HD1,"Staying Healthy: Screenings, Tests and Vaccines",Plan too new to be measured ,
H5361,HD2,Managing Chronic (Long Term) Conditions,Plan too new to be measured ,
H5361,HD3,Member Experience with Health Plan,Plan too new to be measured ,
H5361,HD4,Member Complaints and Changes in the Health Plan's Performance,Plan too new to be measured ,
H5361,HD5,Health Plan Customer Service,Plan too new to be measured ,
H5361,DD1,Drug Plan Customer Service,Plan too new to be measured ,
H5361,DD2,Member Complaints and Changes in the Drug Plan’s Performance,Plan too new to be measured ,
H5361,DD3,Member Experience with the Drug Plan,Plan too new to be measured ,
H5361,DD4,Drug Safety and Accuracy of Drug Pricing,Plan too new to be measured,
H5373,HD1,"Staying Healthy: Screenings, Tests and Vaccines",Not enough data available ,
H5373,HD2,Managing Chronic (Long Term) Conditions,Not enough data available ,
H5373,HD3,Member Experience with Health Plan,Not enough data available ,
H5373,HD4,Member Complaints and Changes in the Health Plan's Performance,Not enough data available ,
H5373,HD5,Health Plan Customer Service,Not enough data available ,
H5373,DD1,Drug Plan Customer Service,3,3
H5373,DD2,Member Complaints and Changes in the Drug Plan’s Performance,Not enough data available ,
H5373,DD3,Member Experience with the Drug Plan,Not enough data available ,
H5373,DD4,Drug Safety and Accuracy of Drug Pricing,Not enough data available,
H5374,HD1,"Staying Healthy: Screenings, Tests and Vaccines",Not enough data available ,
H5374,HD2,Managing Chronic (Long Term) Conditions,3,3
H5374,HD3,Member Experience with Health Plan,Not enough data available ,
H5374,HD4,Member Complaints and Changes in the Health Plan's Performance,4,4
H5374,HD5,Health Plan Customer Service,3,3
H5374,DD1,Drug Plan Customer Service,2,2
H5374,DD2,Member Complaints and Changes in the Drug Plan’s Performance,4,4
H5374,DD3,Member Experience with the Drug Plan,Not enough data available ,
H5374,DD4,Drug Safety and Accuracy of Drug Pricing,3,3
H5377,HD1,"Staying Healthy: Screenings, Tests and Vaccines",Not enough data available ,
H5377,HD2,Managing Chronic (Long Term) Conditions,Not enough data available ,
H5377,HD3,Member Experience with Health Plan,Not enough data available ,
H5377,HD4,Member Complaints and Changes in the Health Plan's Performance,Not enough data available ,
H5377,HD5,Health Plan Customer Service,Not enough data available ,
H5377,DD1,Drug Plan Customer Service,5,5
H5377,DD2,Member Complaints and Changes in the Drug Plan’s Performance,Not enough data available ,
H5377,DD3,Member Experience with the Drug Plan,Not enough data available ,
H5377,DD4,Drug Safety and Accuracy of Drug Pricing,3,3
H5386,HD1,"Staying Healthy: Screenings, Tests and Vaccines",5,5
H5386,HD2,Managing Chronic (Long Term) Conditions,4,4
H5386,HD3,Member Experience with Health Plan,4,4
H5386,HD4,Member Complaints and Changes in the Health Plan's Performance,4,4
H5386,HD5,Health Plan Customer Service,5,5
H5386,DD1,Drug Plan Customer Service,3,3
H5386,DD2,Member Complaints and Changes in the Drug Plan’s Performance,4,4
H5386,DD3,Member Experience with the Drug Plan,4,4
H5386,DD4,Drug Safety and Accuracy of Drug Pricing,3,3
H5398,HD1,"Staying Healthy: Screenings, Tests and Vaccines",3,3
H5398,HD2,Managing Chronic (Long Term) Conditions,3,3
H5398,HD3,Member Experience with Health Plan,3,3
H5398,HD4,Member Complaints and Changes in the Health Plan's Performance,4,4
H5398,HD5,Health Plan Customer Service,Not enough data available ,
H5398,DD1,Drug Plan Customer Service,5,5
H5398,DD2,Member Complaints and Changes in the Drug Plan’s Performance,4,4
H5398,DD3,Member Experience with the Drug Plan,4,4
H5398,DD4,Drug Safety and Accuracy of Drug Pricing,3,3
H5410,HD1,"Staying Healthy: Screenings, Tests and Vaccines",4,4
H5410,HD2,Managing Chronic (Long Term) Conditions,4,4
H5410,HD3,Member Experience with Health Plan,4,4
H5410,HD4,Member Complaints and Changes in the Health Plan's Performance,4,4
H5410,HD5,Health Plan Customer Service,5,5
H5410,DD1,Drug Plan Customer Service,3,3
H5410,DD2,Member Complaints and Changes in the Drug Plan’s Performance,4,4
H5410,DD3,Member Experience with the Drug Plan,4,4
H5410,DD4,Drug Safety and Accuracy of Drug Pricing,5,5
H5420,HD1,"Staying Healthy: Screenings, Tests and Vaccines",4,4
H5420,HD2,Managing Chronic (Long Term) Conditions,4,4
H5420,HD3,Member Experience with Health Plan,4,4
H5420,HD4,Member Complaints and Changes in the Health Plan's Performance,4,4
H5420,HD5,Health Plan Customer Service,5,5
H5420,DD1,Drug Plan Customer Service,4,4
H5420,DD2,Member Complaints and Changes in the Drug Plan’s Performance,4,4
H5420,DD3,Member Experience with the Drug Plan,5,5
H5420,DD4,Drug Safety and Accuracy of Drug Pricing,4,4
H5422,HD1,"Staying Healthy: Screenings, Tests and Vaccines",3,3
H5422,HD2,Managing Chronic (Long Term) Conditions,3,3
H5422,HD3,Member Experience with Health Plan,3,3
H5422,HD4,Member Complaints and Changes in the Health Plan's Performance,3,3
H5422,HD5,Health Plan Customer Service,4,4
H5422,DD1,Drug Plan Customer Service,4,4
H5422,DD2,Member Complaints and Changes in the Drug Plan’s Performance,3,3
H5422,DD3,Member Experience with the Drug Plan,4,4
H5422,DD4,Drug Safety and Accuracy of Drug Pricing,3,3
H5425,HD1,"Staying Healthy: Screenings, Tests and Vaccines",5,5
H5425,HD2,Managing Chronic (Long Term) Conditions,4,4
H5425,HD3,Member Experience with Health Plan,3,3
H5425,HD4,Member Complaints and Changes in the Health Plan's Performance,4,4
H5425,HD5,Health Plan Customer Service,4,4
H5425,DD1,Drug Plan Customer Service,3,3
H5425,DD2,Member Complaints and Changes in the Drug Plan’s Performance,4,4
H5425,DD3,Member Experience with the Drug Plan,4,4
H5425,DD4,Drug Safety and Accuracy of Drug Pricing,4,4
H5427,HD1,"Staying Healthy: Screenings, Tests and Vaccines",4,4
H5427,HD2,Managing Chronic (Long Term) Conditions,4,4
H5427,HD3,Member Experience with Health Plan,4,4
H5427,HD4,Member Complaints and Changes in the Health Plan's Performance,4,4
H5427,HD5,Health Plan Customer Service,5,5
H5427,DD1,Drug Plan Customer Service,4,4
H5427,DD2,Member Complaints and Changes in the Drug Plan’s Performance,4,4
H5427,DD3,Member Experience with the Drug Plan,5,5
H5427,DD4,Drug Safety and Accuracy of Drug Pricing,5,5
H5430,HD1,"Staying Healthy: Screenings, Tests and Vaccines",Not enough data available ,
H5430,HD2,Managing Chronic (Long Term) Conditions,Not enough data available ,
H5430,HD3,Member Experience with Health Plan,Not enough data available ,
H5430,HD4,Member Complaints and Changes in the Health Plan's Performance,Not enough data available ,
H5430,HD5,Health Plan Customer Service,3,3
H5430,DD1,Drug Plan Customer Service,Not enough data available ,
H5430,DD2,Member Complaints and Changes in the Drug Plan’s Performance,Not enough data available ,
H5430,DD3,Member Experience with the Drug Plan,Not enough data available ,
H5430,DD4,Drug Safety and Accuracy of Drug Pricing,Not enough data available,
H5431,HD1,"Staying Healthy: Screenings, Tests and Vaccines",4,4
H5431,HD2,Managing Chronic (Long Term) Conditions,4,4
H5431,HD3,Member Experience with Health Plan,5,5
H5431,HD4,Member Complaints and Changes in the Health Plan's Performance,4,4
H5431,HD5,Health Plan Customer Service,5,5
H5431,DD1,Drug Plan Customer Service,4,4
H5431,DD2,Member Complaints and Changes in the Drug Plan’s Performance,4,4
H5431,DD3,Member Experience with the Drug Plan,4,4
H5431,DD4,Drug Safety and Accuracy of Drug Pricing,5,5
H5433,HD1,"Staying Healthy: Screenings, Tests and Vaccines",3,3
H5433,HD2,Managing Chronic (Long Term) Conditions,3,3
H5433,HD3,Member Experience with Health Plan,2,2
H5433,HD4,Member Complaints and Changes in the Health Plan's Performance,4,4
H5433,HD5,Health Plan Customer Service,4,4
H5433,DD1,Drug Plan Customer Service,3,3
H5433,DD2,Member Complaints and Changes in the Drug Plan’s Performance,4,4
H5433,DD3,Member Experience with the Drug Plan,3,3
H5433,DD4,Drug Safety and Accuracy of Drug Pricing,3,3
H5434,HD1,"Staying Healthy: Screenings, Tests and Vaccines",4,4
H5434,HD2,Managing Chronic (Long Term) Conditions,3,3
H5434,HD3,Member Experience with Health Plan,4,4
H5434,HD4,Member Complaints and Changes in the Health Plan's Performance,4,4
H5434,HD5,Health Plan Customer Service,5,5
H5434,DD1,Drug Plan Customer Service,3,3
H5434,DD2,Member Complaints and Changes in the Drug Plan’s Performance,4,4
H5434,DD3,Member Experience with the Drug Plan,2,2
H5434,DD4,Drug Safety and Accuracy of Drug Pricing,3,3
H5435,HD1,"Staying Healthy: Screenings, Tests and Vaccines",2,2
H5435,HD2,Managing Chronic (Long Term) Conditions,2,2
H5435,HD3,Member Experience with Health Plan,3,3
H5435,HD4,Member Complaints and Changes in the Health Plan's Performance,3,3
H5435,HD5,Health Plan Customer Service,5,5
H5435,DD1,Drug Plan Customer Service,4,4
H5435,DD2,Member Complaints and Changes in the Drug Plan’s Performance,3,3
H5435,DD3,Member Experience with the Drug Plan,3,3
H5435,DD4,Drug Safety and Accuracy of Drug Pricing,3,3
H5439,HD1,"Staying Healthy: Screenings, Tests and Vaccines",3,3
H5439,HD2,Managing Chronic (Long Term) Conditions,3,3
H5439,HD3,Member Experience with Health Plan,2,2
H5439,HD4,Member Complaints and Changes in the Health Plan's Performance,3,3
H5439,HD5,Health Plan Customer Service,5,5
H5439,DD1,Drug Plan Customer Service,5,5
H5439,DD2,Member Complaints and Changes in the Drug Plan’s Performance,3,3
H5439,DD3,Member Experience with the Drug Plan,2,2
H5439,DD4,Drug Safety and Accuracy of Drug Pricing,3,3
H5447,HD1,"Staying Healthy: Screenings, Tests and Vaccines",Not enough data available ,
H5447,HD2,Managing Chronic (Long Term) Conditions,Not enough data available ,
H5447,HD3,Member Experience with Health Plan,Not enough data available ,
H5447,HD4,Member Complaints and Changes in the Health Plan's Performance,Not enough data available ,
H5447,HD5,Health Plan Customer Service,Not enough data available ,
H5447,DD1,Drug Plan Customer Service,3,3
H5447,DD2,Member Complaints and Changes in the Drug Plan’s Performance,Not enough data available ,
H5447,DD3,Member Experience with the Drug Plan,Not enough data available ,
H5447,DD4,Drug Safety and Accuracy of Drug Pricing,Not enough data available,
H5454,HD1,"Staying Healthy: Screenings, Tests and Vaccines",Not enough data available ,
H5454,HD2,Managing Chronic (Long Term) Conditions,Not enough data available ,
H5454,HD3,Member Experience with Health Plan,Not enough data available ,
H5454,HD4,Member Complaints and Changes in the Health Plan's Performance,Not enough data available ,
H5454,HD5,Health Plan Customer Service,Not enough data available ,
H5454,DD1,Drug Plan Customer Service,3,3
H5454,DD2,Member Complaints and Changes in the Drug Plan’s Performance,Not enough data available ,
H5454,DD3,Member Experience with the Drug Plan,Not enough data available ,
H5454,DD4,Drug Safety and Accuracy of Drug Pricing,Not enough data available,
H5471,HD1,"Staying Healthy: Screenings, Tests and Vaccines",4,4
H5471,HD2,Managing Chronic (Long Term) Conditions,4,4
H5471,HD3,Member Experience with Health Plan,5,5
H5471,HD4,Member Complaints and Changes in the Health Plan's Performance,3,3
H5471,HD5,Health Plan Customer Service,5,5
H5471,DD1,Drug Plan Customer Service,4,4
H5471,DD2,Member Complaints and Changes in the Drug Plan’s Performance,3,3
H5471,DD3,Member Experience with the Drug Plan,5,5
H5471,DD4,Drug Safety and Accuracy of Drug Pricing,4,4
H5472,HD1,"Staying Healthy: Screenings, Tests and Vaccines",Plan too new to be measured ,
H5472,HD2,Managing Chronic (Long Term) Conditions,Plan too new to be measured ,
H5472,HD3,Member Experience with Health Plan,Plan too new to be measured ,
H5472,HD4,Member Complaints and Changes in the Health Plan's Performance,Plan too new to be measured ,
H5472,HD5,Health Plan Customer Service,Plan too new to be measured ,
H5472,DD1,Drug Plan Customer Service,4,4
H5472,DD2,Member Complaints and Changes in the Drug Plan’s Performance,Plan too new to be measured ,
H5472,DD3,Member Experience with the Drug Plan,Plan too new to be measured ,
H5472,DD4,Drug Safety and Accuracy of Drug Pricing,Plan too new to be measured,
H5475,HD1,"Staying Healthy: Screenings, Tests and Vaccines",2,2
H5475,HD2,Managing Chronic (Long Term) Conditions,2,2
H5475,HD3,Member Experience with Health Plan,2,2
H5475,HD4,Member Complaints and Changes in the Health Plan's Performance,3,3
H5475,HD5,Health Plan Customer Service,3,3
H5475,DD1,Drug Plan Customer Service,5,5
H5475,DD2,Member Complaints and Changes in the Drug Plan’s Performance,3,3
H5475,DD3,Member Experience with the Drug Plan,4,4
H5475,DD4,Drug Safety and Accuracy of Drug Pricing,3,3
H5496,HD1,"Staying Healthy: Screenings, Tests and Vaccines",4,4
H5496,HD2,Managing Chronic (Long Term) Conditions,5,5
H5496,HD3,Member Experience with Health Plan,2,2
H5496,HD4,Member Complaints and Changes in the Health Plan's Performance,3,3
H5496,HD5,Health Plan Customer Service,Not enough data available ,
H5496,DD1,Drug Plan Customer Service,3,3
H5496,DD2,Member Complaints and Changes in the Drug Plan’s Performance,3,3
H5496,DD3,Member Experience with the Drug Plan,4,4
H5496,DD4,Drug Safety and Accuracy of Drug Pricing,4,4
H5521,HD1,"Staying Healthy: Screenings, Tests and Vaccines",4,4
H5521,HD2,Managing Chronic (Long Term) Conditions,4,4
H5521,HD3,Member Experience with Health Plan,4,4
H5521,HD4,Member Complaints and Changes in the Health Plan's Performance,4,4
H5521,HD5,Health Plan Customer Service,4,4
H5521,DD1,Drug Plan Customer Service,4,4
H5521,DD2,Member Complaints and Changes in the Drug Plan’s Performance,5,5
H5521,DD3,Member Experience with the Drug Plan,3,3
H5521,DD4,Drug Safety and Accuracy of Drug Pricing,4,4
H5522,HD1,"Staying Healthy: Screenings, Tests and Vaccines",3,3
H5522,HD2,Managing Chronic (Long Term) Conditions,4,4
H5522,HD3,Member Experience with Health Plan,4,4
H5522,HD4,Member Complaints and Changes in the Health Plan's Performance,3,3
H5522,HD5,Health Plan Customer Service,4,4
H5522,DD1,Drug Plan Customer Service,4,4
H5522,DD2,Member Complaints and Changes in the Drug Plan’s Performance,4,4
H5522,DD3,Member Experience with the Drug Plan,5,5
H5522,DD4,Drug Safety and Accuracy of Drug Pricing,4,4
H5525,HD1,"Staying Healthy: Screenings, Tests and Vaccines",3,3
H5525,HD2,Managing Chronic (Long Term) Conditions,3,3
H5525,HD3,Member Experience with Health Plan,4,4
H5525,HD4,Member Complaints and Changes in the Health Plan's Performance,4,4
H5525,HD5,Health Plan Customer Service,5,5
H5525,DD1,Drug Plan Customer Service,5,5
H5525,DD2,Member Complaints and Changes in the Drug Plan’s Performance,3,3
H5525,DD3,Member Experience with the Drug Plan,4,4
H5525,DD4,Drug Safety and Accuracy of Drug Pricing,3,3
H5526,HD1,"Staying Healthy: Screenings, Tests and Vaccines",5,5
H5526,HD2,Managing Chronic (Long Term) Conditions,4,4
H5526,HD3,Member Experience with Health Plan,3,3
H5526,HD4,Member Complaints and Changes in the Health Plan's Performance,4,4
H5526,HD5,Health Plan Customer Service,4,4
H5526,DD1,Drug Plan Customer Service,3,3
H5526,DD2,Member Complaints and Changes in the Drug Plan’s Performance,4,4
H5526,DD3,Member Experience with the Drug Plan,3,3
H5526,DD4,Drug Safety and Accuracy of Drug Pricing,5,5
H5528,HD1,"Staying Healthy: Screenings, Tests and Vaccines",Not enough data available ,
H5528,HD2,Managing Chronic (Long Term) Conditions,Not enough data available ,
H5528,HD3,Member Experience with Health Plan,Not enough data available ,
H5528,HD4,Member Complaints and Changes in the Health Plan's Performance,Not enough data available ,
H5528,HD5,Health Plan Customer Service,Not enough data available ,
H5528,DD1,Drug Plan Customer Service,Not enough data available ,
H5528,DD2,Member Complaints and Changes in the Drug Plan’s Performance,Not enough data available ,
H5528,DD3,Member Experience with the Drug Plan,Not enough data available ,
H5528,DD4,Drug Safety and Accuracy of Drug Pricing,Not enough data available,
H5533,HD1,"Staying Healthy: Screenings, Tests and Vaccines",5,5
H5533,HD2,Managing Chronic (Long Term) Conditions,4,4
H5533,HD3,Member Experience with Health Plan,5,5
H5533,HD4,Member Complaints and Changes in the Health Plan's Performance,5,5
H5533,HD5,Health Plan Customer Service,4,4
H5533,DD1,Drug Plan Customer Service,3,3
H5533,DD2,Member Complaints and Changes in the Drug Plan’s Performance,4,4
H5533,DD3,Member Experience with the Drug Plan,5,5
H5533,DD4,Drug Safety and Accuracy of Drug Pricing,4,4
H5549,HD1,"Staying Healthy: Screenings, Tests and Vaccines",5,5
H5549,HD2,Managing Chronic (Long Term) Conditions,4,4
H5549,HD3,Member Experience with Health Plan,3,3
H5549,HD4,Member Complaints and Changes in the Health Plan's Performance,2,2
H5549,HD5,Health Plan Customer Service,3,3
H5549,DD1,Drug Plan Customer Service,4,4
H5549,DD2,Member Complaints and Changes in the Drug Plan’s Performance,2,2
H5549,DD3,Member Experience with the Drug Plan,2,2
H5549,DD4,Drug Safety and Accuracy of Drug Pricing,4,4
H5577,HD1,"Staying Healthy: Screenings, Tests and Vaccines",4,4
H5577,HD2,Managing Chronic (Long Term) Conditions,4,4
H5577,HD3,Member Experience with Health Plan,4,4
H5577,HD4,Member Complaints and Changes in the Health Plan's Performance,4,4
H5577,HD5,Health Plan Customer Service,5,5
H5577,DD1,Drug Plan Customer Service,4,4
H5577,DD2,Member Complaints and Changes in the Drug Plan’s Performance,4,4
H5577,DD3,Member Experience with the Drug Plan,5,5
H5577,DD4,Drug Safety and Accuracy of Drug Pricing,4,4
H5580,HD1,"Staying Healthy: Screenings, Tests and Vaccines",3,3
H5580,HD2,Managing Chronic (Long Term) Conditions,3,3
H5580,HD3,Member Experience with Health Plan,3,3
H5580,HD4,Member Complaints and Changes in the Health Plan's Performance,5,5
H5580,HD5,Health Plan Customer Service,4,4
H5580,DD1,Drug Plan Customer Service,3,3
H5580,DD2,Member Complaints and Changes in the Drug Plan’s Performance,5,5
H5580,DD3,Member Experience with the Drug Plan,3,3
H5580,DD4,Drug Safety and Accuracy of Drug Pricing,2,2
H5587,HD1,"Staying Healthy: Screenings, Tests and Vaccines",2,2
H5587,HD2,Managing Chronic (Long Term) Conditions,4,4
H5587,HD3,Member Experience with Health Plan,3,3
H5587,HD4,Member Complaints and Changes in the Health Plan's Performance,4,4
H5587,HD5,Health Plan Customer Service,3,3
H5587,DD1,Drug Plan Customer Service,3,3
H5587,DD2,Member Complaints and Changes in the Drug Plan’s Performance,4,4
H5587,DD3,Member Experience with the Drug Plan,3,3
H5587,DD4,Drug Safety and Accuracy of Drug Pricing,5,5
H5590,HD1,"Staying Healthy: Screenings, Tests and Vaccines",3,3
H5590,HD2,Managing Chronic (Long Term) Conditions,3,3
H5590,HD3,Member Experience with Health Plan,2,2
H5590,HD4,Member Complaints and Changes in the Health Plan's Performance,3,3
H5590,HD5,Health Plan Customer Service,4,4
H5590,DD1,Drug Plan Customer Service,5,5
H5590,DD2,Member Complaints and Changes in the Drug Plan’s Performance,3,3
H5590,DD3,Member Experience with the Drug Plan,4,4
H5590,DD4,Drug Safety and Accuracy of Drug Pricing,3,3
H5591,HD1,"Staying Healthy: Screenings, Tests and Vaccines",4,4
H5591,HD2,Managing Chronic (Long Term) Conditions,4,4
H5591,HD3,Member Experience with Health Plan,5,5
H5591,HD4,Member Complaints and Changes in the Health Plan's Performance,4,4
H5591,HD5,Health Plan Customer Service,4,4
H5591,DD1,Drug Plan Customer Service,4,4
H5591,DD2,Member Complaints and Changes in the Drug Plan’s Performance,4,4
H5591,DD3,Member Experience with the Drug Plan,4,4
H5591,DD4,Drug Safety and Accuracy of Drug Pricing,4,4
H5593,HD1,"Staying Healthy: Screenings, Tests and Vaccines",3,3
H5593,HD2,Managing Chronic (Long Term) Conditions,4,4
H5593,HD3,Member Experience with Health Plan,5,5
H5593,HD4,Member Complaints and Changes in the Health Plan's Performance,4,4
H5593,HD5,Health Plan Customer Service,4,4
H5593,DD1,Drug Plan Customer Service,4,4
H5593,DD2,Member Complaints and Changes in the Drug Plan’s Performance,4,4
H5593,DD3,Member Experience with the Drug Plan,5,5
H5593,DD4,Drug Safety and Accuracy of Drug Pricing,4,4
H5594,HD1,"Staying Healthy: Screenings, Tests and Vaccines",4,4
H5594,HD2,Managing Chronic (Long Term) Conditions,4,4
H5594,HD3,Member Experience with Health Plan,4,4
H5594,HD4,Member Complaints and Changes in the Health Plan's Performance,4,4
H5594,HD5,Health Plan Customer Service,5,5
H5594,DD1,Drug Plan Customer Service,4,4
H5594,DD2,Member Complaints and Changes in the Drug Plan’s Performance,4,4
H5594,DD3,Member Experience with the Drug Plan,5,5
H5594,DD4,Drug Safety and Accuracy of Drug Pricing,4,4
H5599,HD1,"Staying Healthy: Screenings, Tests and Vaccines",3,3
H5599,HD2,Managing Chronic (Long Term) Conditions,3,3
H5599,HD3,Member Experience with Health Plan,3,3
H5599,HD4,Member Complaints and Changes in the Health Plan's Performance,3,3
H5599,HD5,Health Plan Customer Service,2,2
H5599,DD1,Drug Plan Customer Service,5,5
H5599,DD2,Member Complaints and Changes in the Drug Plan’s Performance,4,4
H5599,DD3,Member Experience with the Drug Plan,3,3
H5599,DD4,Drug Safety and Accuracy of Drug Pricing,3,3
H5608,HD1,"Staying Healthy: Screenings, Tests and Vaccines",4,4
H5608,HD2,Managing Chronic (Long Term) Conditions,4,4
H5608,HD3,Member Experience with Health Plan,3,3
H5608,HD4,Member Complaints and Changes in the Health Plan's Performance,4,4
H5608,HD5,Health Plan Customer Service,3,3
H5608,DD1,Drug Plan Customer Service,3,3
H5608,DD2,Member Complaints and Changes in the Drug Plan’s Performance,4,4
H5608,DD3,Member Experience with the Drug Plan,3,3
H5608,DD4,Drug Safety and Accuracy of Drug Pricing,4,4
H5619,HD1,"Staying Healthy: Screenings, Tests and Vaccines",4,4
H5619,HD2,Managing Chronic (Long Term) Conditions,4,4
H5619,HD3,Member Experience with Health Plan,4,4
H5619,HD4,Member Complaints and Changes in the Health Plan's Performance,3,3
H5619,HD5,Health Plan Customer Service,5,5
H5619,DD1,Drug Plan Customer Service,5,5
H5619,DD2,Member Complaints and Changes in the Drug Plan’s Performance,3,3
H5619,DD3,Member Experience with the Drug Plan,5,5
H5619,DD4,Drug Safety and Accuracy of Drug Pricing,3,3
H5628,HD1,"Staying Healthy: Screenings, Tests and Vaccines",3,3
H5628,HD2,Managing Chronic (Long Term) Conditions,2,2
H5628,HD3,Member Experience with Health Plan,3,3
H5628,HD4,Member Complaints and Changes in the Health Plan's Performance,4,4
H5628,HD5,Health Plan Customer Service,4,4
H5628,DD1,Drug Plan Customer Service,4,4
H5628,DD2,Member Complaints and Changes in the Drug Plan’s Performance,4,4
H5628,DD3,Member Experience with the Drug Plan,4,4
H5628,DD4,Drug Safety and Accuracy of Drug Pricing,2,2
H5644,HD1,"Staying Healthy: Screenings, Tests and Vaccines",Not enough data available ,
H5644,HD2,Managing Chronic (Long Term) Conditions,Not enough data available ,
H5644,HD3,Member Experience with Health Plan,Not enough data available ,
H5644,HD4,Member Complaints and Changes in the Health Plan's Performance,Not enough data available ,
H5644,HD5,Health Plan Customer Service,Not enough data available ,
H5644,DD1,Drug Plan Customer Service,Not enough data available ,
H5644,DD2,Member Complaints and Changes in the Drug Plan’s Performance,Not enough data available ,
H5644,DD3,Member Experience with the Drug Plan,Not enough data available ,
H5644,DD4,Drug Safety and Accuracy of Drug Pricing,5,5
H5649,HD1,"Staying Healthy: Screenings, Tests and Vaccines",4,4
H5649,HD2,Managing Chronic (Long Term) Conditions,4,4
H5649,HD3,Member Experience with Health Plan,2,2
H5649,HD4,Member Complaints and Changes in the Health Plan's Performance,4,4
H5649,HD5,Health Plan Customer Service,5,5
H5649,DD1,Drug Plan Customer Service,3,3
H5649,DD2,Member Complaints and Changes in the Drug Plan’s Performance,5,5
H5649,DD3,Member Experience with the Drug Plan,3,3
H5649,DD4,Drug Safety and Accuracy of Drug Pricing,3,3
H5652,HD1,"Staying Healthy: Screenings, Tests and Vaccines",5,5
H5652,HD2,Managing Chronic (Long Term) Conditions,5,5
H5652,HD3,Member Experience with Health Plan,4,4
H5652,HD4,Member Complaints and Changes in the Health Plan's Performance,4,4
H5652,HD5,Health Plan Customer Service,Not enough data available ,
H5652,DD1,Drug Plan Customer Service,4,4
H5652,DD2,Member Complaints and Changes in the Drug Plan’s Performance,5,5
H5652,DD3,Member Experience with the Drug Plan,5,5
H5652,DD4,Drug Safety and Accuracy of Drug Pricing,4,4
H5703,HD1,"Staying Healthy: Screenings, Tests and Vaccines",Not enough data available ,
H5703,HD2,Managing Chronic (Long Term) Conditions,Not enough data available ,
H5703,HD3,Member Experience with Health Plan,Not enough data available ,
H5703,HD4,Member Complaints and Changes in the Health Plan's Performance,Not enough data available ,
H5703,HD5,Health Plan Customer Service,Not enough data available ,
H5703,DD1,Drug Plan Customer Service,3,3
H5703,DD2,Member Complaints and Changes in the Drug Plan’s Performance,Not enough data available ,
H5703,DD3,Member Experience with the Drug Plan,Not enough data available ,
H5703,DD4,Drug Safety and Accuracy of Drug Pricing,4,4
H5774,HD1,"Staying Healthy: Screenings, Tests and Vaccines",4,4
H5774,HD2,Managing Chronic (Long Term) Conditions,4,4
H5774,HD3,Member Experience with Health Plan,4,4
H5774,HD4,Member Complaints and Changes in the Health Plan's Performance,4,4
H5774,HD5,Health Plan Customer Service,5,5
H5774,DD1,Drug Plan Customer Service,3,3
H5774,DD2,Member Complaints and Changes in the Drug Plan’s Performance,4,4
H5774,DD3,Member Experience with the Drug Plan,5,5
H5774,DD4,Drug Safety and Accuracy of Drug Pricing,4,4
H5779,HD1,"Staying Healthy: Screenings, Tests and Vaccines",3,3
H5779,HD2,Managing Chronic (Long Term) Conditions,2,2
H5779,HD3,Member Experience with Health Plan,2,2
H5779,HD4,Member Complaints and Changes in the Health Plan's Performance,3,3
H5779,HD5,Health Plan Customer Service,3,3
H5779,DD1,Drug Plan Customer Service,5,5
H5779,DD2,Member Complaints and Changes in the Drug Plan’s Performance,3,3
H5779,DD3,Member Experience with the Drug Plan,2,2
H5779,DD4,Drug Safety and Accuracy of Drug Pricing,3,3
H5793,HD1,"Staying Healthy: Screenings, Tests and Vaccines",4,4
H5793,HD2,Managing Chronic (Long Term) Conditions,3,3
H5793,HD3,Member Experience with Health Plan,4,4
H5793,HD4,Member Complaints and Changes in the Health Plan's Performance,4,4
H5793,HD5,Health Plan Customer Service,4,4
H5793,DD1,Drug Plan Customer Service,4,4
H5793,DD2,Member Complaints and Changes in the Drug Plan’s Performance,4,4
H5793,DD3,Member Experience with the Drug Plan,4,4
H5793,DD4,Drug Safety and Accuracy of Drug Pricing,3,3
H5810,HD1,"Staying Healthy: Screenings, Tests and Vaccines",3,3
H5810,HD2,Managing Chronic (Long Term) Conditions,2,2
H5810,HD3,Member Experience with Health Plan,2,2
H5810,HD4,Member Complaints and Changes in the Health Plan's Performance,2,2
H5810,HD5,Health Plan Customer Service,Not enough data available ,
H5810,DD1,Drug Plan Customer Service,4,4
H5810,DD2,Member Complaints and Changes in the Drug Plan’s Performance,3,3
H5810,DD3,Member Experience with the Drug Plan,Not enough data available ,
H5810,DD4,Drug Safety and Accuracy of Drug Pricing,2,2
H5823,HD1,"Staying Healthy: Screenings, Tests and Vaccines",2,2
H5823,HD2,Managing Chronic (Long Term) Conditions,3,3
H5823,HD3,Member Experience with Health Plan,Not enough data available ,
H5823,HD4,Member Complaints and Changes in the Health Plan's Performance,3,3
H5823,HD5,Health Plan Customer Service,3,3
H5823,DD1,Drug Plan Customer Service,4,4
H5823,DD2,Member Complaints and Changes in the Drug Plan’s Performance,3,3
H5823,DD3,Member Experience with the Drug Plan,Not enough data available ,
H5823,DD4,Drug Safety and Accuracy of Drug Pricing,2,2
H5826,HD1,"Staying Healthy: Screenings, Tests and Vaccines",4,4
H5826,HD2,Managing Chronic (Long Term) Conditions,3,3
H5826,HD3,Member Experience with Health Plan,3,3
H5826,HD4,Member Complaints and Changes in the Health Plan's Performance,5,5
H5826,HD5,Health Plan Customer Service,4,4
H5826,DD1,Drug Plan Customer Service,3,3
H5826,DD2,Member Complaints and Changes in the Drug Plan’s Performance,5,5
H5826,DD3,Member Experience with the Drug Plan,4,4
H5826,DD4,Drug Safety and Accuracy of Drug Pricing,3,3
H5828,HD1,"Staying Healthy: Screenings, Tests and Vaccines",2,2
H5828,HD2,Managing Chronic (Long Term) Conditions,3,3
H5828,HD3,Member Experience with Health Plan,4,4
H5828,HD4,Member Complaints and Changes in the Health Plan's Performance,3,3
H5828,HD5,Health Plan Customer Service,3,3
H5828,DD1,Drug Plan Customer Service,4,4
H5828,DD2,Member Complaints and Changes in the Drug Plan’s Performance,3,3
H5828,DD3,Member Experience with the Drug Plan,5,5
H5828,DD4,Drug Safety and Accuracy of Drug Pricing,3,3
H5843,HD1,"Staying Healthy: Screenings, Tests and Vaccines",3,3
H5843,HD2,Managing Chronic (Long Term) Conditions,4,4
H5843,HD3,Member Experience with Health Plan,3,3
H5843,HD4,Member Complaints and Changes in the Health Plan's Performance,4,4
H5843,HD5,Health Plan Customer Service,4,4
H5843,DD1,Drug Plan Customer Service,4,4
H5843,DD2,Member Complaints and Changes in the Drug Plan’s Performance,3,3
H5843,DD3,Member Experience with the Drug Plan,4,4
H5843,DD4,Drug Safety and Accuracy of Drug Pricing,4,4
H5852,HD1,"Staying Healthy: Screenings, Tests and Vaccines",Not enough data available ,
H5852,HD2,Managing Chronic (Long Term) Conditions,3,3
H5852,HD3,Member Experience with Health Plan,3,3
H5852,HD4,Member Complaints and Changes in the Health Plan's Performance,Not enough data available ,
H5852,HD5,Health Plan Customer Service,Not enough data available ,
H5852,DD1,Drug Plan Customer Service,3,3
H5852,DD2,Member Complaints and Changes in the Drug Plan’s Performance,Not enough data available ,
H5852,DD3,Member Experience with the Drug Plan,Not enough data available ,
H5852,DD4,Drug Safety and Accuracy of Drug Pricing,3,3
H5854,HD1,"Staying Healthy: Screenings, Tests and Vaccines",4,4
H5854,HD2,Managing Chronic (Long Term) Conditions,3,3
H5854,HD3,Member Experience with Health Plan,4,4
H5854,HD4,Member Complaints and Changes in the Health Plan's Performance,4,4
H5854,HD5,Health Plan Customer Service,4,4
H5854,DD1,Drug Plan Customer Service,4,4
H5854,DD2,Member Complaints and Changes in the Drug Plan’s Performance,4,4
H5854,DD3,Member Experience with the Drug Plan,4,4
H5854,DD4,Drug Safety and Accuracy of Drug Pricing,4,4
H5859,HD1,"Staying Healthy: Screenings, Tests and Vaccines",3,3
H5859,HD2,Managing Chronic (Long Term) Conditions,4,4
H5859,HD3,Member Experience with Health Plan,3,3
H5859,HD4,Member Complaints and Changes in the Health Plan's Performance,5,5
H5859,HD5,Health Plan Customer Service,2,2
H5859,DD1,Drug Plan Customer Service,3,3
H5859,DD2,Member Complaints and Changes in the Drug Plan’s Performance,4,4
H5859,DD3,Member Experience with the Drug Plan,3,3
H5859,DD4,Drug Safety and Accuracy of Drug Pricing,3,3
H5883,HD1,"Staying Healthy: Screenings, Tests and Vaccines",4,4
H5883,HD2,Managing Chronic (Long Term) Conditions,4,4
H5883,HD3,Member Experience with Health Plan,4,4
H5883,HD4,Member Complaints and Changes in the Health Plan's Performance,4,4
H5883,HD5,Health Plan Customer Service,5,5
H5883,DD1,Drug Plan Customer Service,4,4
H5883,DD2,Member Complaints and Changes in the Drug Plan’s Performance,4,4
H5883,DD3,Member Experience with the Drug Plan,4,4
H5883,DD4,Drug Safety and Accuracy of Drug Pricing,4,4
H5900,HD1,"Staying Healthy: Screenings, Tests and Vaccines",Plan too new to be measured ,
H5900,HD2,Managing Chronic (Long Term) Conditions,3,3
H5900,HD3,Member Experience with Health Plan,4,4
H5900,HD4,Member Complaints and Changes in the Health Plan's Performance,5,5
H5900,HD5,Health Plan Customer Service,Plan too new to be measured ,
H5900,DD1,Drug Plan Customer Service,4,4
H5900,DD2,Member Complaints and Changes in the Drug Plan’s Performance,5,5
H5900,DD3,Member Experience with the Drug Plan,3,3
H5900,DD4,Drug Safety and Accuracy of Drug Pricing,4,4
H5926,HD1,"Staying Healthy: Screenings, Tests and Vaccines",2,2
H5926,HD2,Managing Chronic (Long Term) Conditions,2,2
H5926,HD3,Member Experience with Health Plan,2,2
H5926,HD4,Member Complaints and Changes in the Health Plan's Performance,3,3
H5926,HD5,Health Plan Customer Service,4,4
H5926,DD1,Drug Plan Customer Service,4,4
H5926,DD2,Member Complaints and Changes in the Drug Plan’s Performance,3,3
H5926,DD3,Member Experience with the Drug Plan,1,1
H5926,DD4,Drug Safety and Accuracy of Drug Pricing,2,2
H5928,HD1,"Staying Healthy: Screenings, Tests and Vaccines",4,4
H5928,HD2,Managing Chronic (Long Term) Conditions,3,3
H5928,HD3,Member Experience with Health Plan,2,2
H5928,HD4,Member Complaints and Changes in the Health Plan's Performance,5,5
H5928,HD5,Health Plan Customer Service,5,5
H5928,DD1,Drug Plan Customer Service,5,5
H5928,DD2,Member Complaints and Changes in the Drug Plan’s Performance,5,5
H5928,DD3,Member Experience with the Drug Plan,3,3
H5928,DD4,Drug Safety and Accuracy of Drug Pricing,3,3
H5932,HD1,"Staying Healthy: Screenings, Tests and Vaccines",3,3
H5932,HD2,Managing Chronic (Long Term) Conditions,3,3
H5932,HD3,Member Experience with Health Plan,4,4
H5932,HD4,Member Complaints and Changes in the Health Plan's Performance,4,4
H5932,HD5,Health Plan Customer Service,4,4
H5932,DD1,Drug Plan Customer Service,3,3
H5932,DD2,Member Complaints and Changes in the Drug Plan’s Performance,4,4
H5932,DD3,Member Experience with the Drug Plan,5,5
H5932,DD4,Drug Safety and Accuracy of Drug Pricing,3,3
H5937,HD1,"Staying Healthy: Screenings, Tests and Vaccines",4,4
H5937,HD2,Managing Chronic (Long Term) Conditions,3,3
H5937,HD3,Member Experience with Health Plan,3,3
H5937,HD4,Member Complaints and Changes in the Health Plan's Performance,4,4
H5937,HD5,Health Plan Customer Service,5,5
H5937,DD1,Drug Plan Customer Service,4,4
H5937,DD2,Member Complaints and Changes in the Drug Plan’s Performance,4,4
H5937,DD3,Member Experience with the Drug Plan,3,3
H5937,DD4,Drug Safety and Accuracy of Drug Pricing,3,3
H5938,HD1,"Staying Healthy: Screenings, Tests and Vaccines",5,5
H5938,HD2,Managing Chronic (Long Term) Conditions,4,4
H5938,HD3,Member Experience with Health Plan,4,4
H5938,HD4,Member Complaints and Changes in the Health Plan's Performance,4,4
H5938,HD5,Health Plan Customer Service,4,4
H5938,DD1,Drug Plan Customer Service,3,3
H5938,DD2,Member Complaints and Changes in the Drug Plan’s Performance,5,5
H5938,DD3,Member Experience with the Drug Plan,5,5
H5938,DD4,Drug Safety and Accuracy of Drug Pricing,3,3
H5943,HD1,"Staying Healthy: Screenings, Tests and Vaccines",3,3
H5943,HD2,Managing Chronic (Long Term) Conditions,3,3
H5943,HD3,Member Experience with Health Plan,3,3
H5943,HD4,Member Complaints and Changes in the Health Plan's Performance,3,3
H5943,HD5,Health Plan Customer Service,3,3
H5943,DD1,Drug Plan Customer Service,3,3
H5943,DD2,Member Complaints and Changes in the Drug Plan’s Performance,3,3
H5943,DD3,Member Experience with the Drug Plan,Not enough data available ,
H5943,DD4,Drug Safety and Accuracy of Drug Pricing,Not enough data available,
H5945,HD1,"Staying Healthy: Screenings, Tests and Vaccines",4,4
H5945,HD2,Managing Chronic (Long Term) Conditions,4,4
H5945,HD3,Member Experience with Health Plan,3,3
H5945,HD4,Member Complaints and Changes in the Health Plan's Performance,4,4
H5945,HD5,Health Plan Customer Service,4,4
H5945,DD1,Drug Plan Customer Service,4,4
H5945,DD2,Member Complaints and Changes in the Drug Plan’s Performance,3,3
H5945,DD3,Member Experience with the Drug Plan,4,4
H5945,DD4,Drug Safety and Accuracy of Drug Pricing,3,3
H5959,HD1,"Staying Healthy: Screenings, Tests and Vaccines",4,4
H5959,HD2,Managing Chronic (Long Term) Conditions,3,3
H5959,HD3,Member Experience with Health Plan,4,4
H5959,HD4,Member Complaints and Changes in the Health Plan's Performance,4,4
H5959,HD5,Health Plan Customer Service,4,4
H5959,DD1,Drug Plan Customer Service,5,5
H5959,DD2,Member Complaints and Changes in the Drug Plan’s Performance,5,5
H5959,DD3,Member Experience with the Drug Plan,5,5
H5959,DD4,Drug Safety and Accuracy of Drug Pricing,4,4
H5965,HD1,"Staying Healthy: Screenings, Tests and Vaccines",Not enough data available ,
H5965,HD2,Managing Chronic (Long Term) Conditions,Not enough data available ,
H5965,HD3,Member Experience with Health Plan,Not enough data available ,
H5965,HD4,Member Complaints and Changes in the Health Plan's Performance,1,1
H5965,HD5,Health Plan Customer Service,Not enough data available ,
H5965,DD1,Drug Plan Customer Service,5,5
H5965,DD2,Member Complaints and Changes in the Drug Plan’s Performance,1,1
H5965,DD3,Member Experience with the Drug Plan,Not enough data available ,
H5965,DD4,Drug Safety and Accuracy of Drug Pricing,3,3
H5969,HD1,"Staying Healthy: Screenings, Tests and Vaccines",2,2
H5969,HD2,Managing Chronic (Long Term) Conditions,3,3
H5969,HD3,Member Experience with Health Plan,3,3
H5969,HD4,Member Complaints and Changes in the Health Plan's Performance,4,4
H5969,HD5,Health Plan Customer Service,Not enough data available ,
H5969,DD1,Drug Plan Customer Service,2,2
H5969,DD2,Member Complaints and Changes in the Drug Plan’s Performance,4,4
H5969,DD3,Member Experience with the Drug Plan,2,2
H5969,DD4,Drug Safety and Accuracy of Drug Pricing,3,3
H5970,HD1,"Staying Healthy: Screenings, Tests and Vaccines",4,4
H5970,HD2,Managing Chronic (Long Term) Conditions,4,4
H5970,HD3,Member Experience with Health Plan,3,3
H5970,HD4,Member Complaints and Changes in the Health Plan's Performance,3,3
H5970,HD5,Health Plan Customer Service,4,4
H5970,DD1,Drug Plan Customer Service,5,5
H5970,DD2,Member Complaints and Changes in the Drug Plan’s Performance,4,4
H5970,DD3,Member Experience with the Drug Plan,4,4
H5970,DD4,Drug Safety and Accuracy of Drug Pricing,3,3
H5989,HD1,"Staying Healthy: Screenings, Tests and Vaccines",4,4
H5989,HD2,Managing Chronic (Long Term) Conditions,3,3
H5989,HD3,Member Experience with Health Plan,3,3
H5989,HD4,Member Complaints and Changes in the Health Plan's Performance,4,4
H5989,HD5,Health Plan Customer Service,5,5
H5989,DD1,Drug Plan Customer Service,5,5
H5989,DD2,Member Complaints and Changes in the Drug Plan’s Performance,4,4
H5989,DD3,Member Experience with the Drug Plan,Not enough data available ,
H5989,DD4,Drug Safety and Accuracy of Drug Pricing,2,2
H5991,HD1,"Staying Healthy: Screenings, Tests and Vaccines",4,4
H5991,HD2,Managing Chronic (Long Term) Conditions,3,3
H5991,HD3,Member Experience with Health Plan,Not enough data available ,
H5991,HD4,Member Complaints and Changes in the Health Plan's Performance,4,4
H5991,HD5,Health Plan Customer Service,3,3
H5991,DD1,Drug Plan Customer Service,2,2
H5991,DD2,Member Complaints and Changes in the Drug Plan’s Performance,4,4
H5991,DD3,Member Experience with the Drug Plan,Not enough data available ,
H5991,DD4,Drug Safety and Accuracy of Drug Pricing,2,2
H5992,HD1,"Staying Healthy: Screenings, Tests and Vaccines",Not enough data available ,
H5992,HD2,Managing Chronic (Long Term) Conditions,Not enough data available ,
H5992,HD3,Member Experience with Health Plan,Not enough data available ,
H5992,HD4,Member Complaints and Changes in the Health Plan's Performance,Not enough data available ,
H5992,HD5,Health Plan Customer Service,Not enough data available ,
H5992,DD1,Drug Plan Customer Service,4,4
H5992,DD2,Member Complaints and Changes in the Drug Plan’s Performance,Not enough data available ,
H5992,DD3,Member Experience with the Drug Plan,Not enough data available ,
H5992,DD4,Drug Safety and Accuracy of Drug Pricing,Not enough data available,
H5995,HD1,"Staying Healthy: Screenings, Tests and Vaccines",2,2
H5995,HD2,Managing Chronic (Long Term) Conditions,2,2
H5995,HD3,Member Experience with Health Plan,3,3
H5995,HD4,Member Complaints and Changes in the Health Plan's Performance,5,5
H5995,HD5,Health Plan Customer Service,Not enough data available ,
H5995,DD1,Drug Plan Customer Service,2,2
H5995,DD2,Member Complaints and Changes in the Drug Plan’s Performance,4,4
H5995,DD3,Member Experience with the Drug Plan,2,2
H5995,DD4,Drug Safety and Accuracy of Drug Pricing,3,3
H6018,HD1,"Staying Healthy: Screenings, Tests and Vaccines",Plan too new to be measured ,
H6018,HD2,Managing Chronic (Long Term) Conditions,Plan too new to be measured ,
H6018,HD3,Member Experience with Health Plan,Plan too new to be measured ,
H6018,HD4,Member Complaints and Changes in the Health Plan's Performance,Plan too new to be measured ,
H6018,HD5,Health Plan Customer Service,Plan too new to be measured ,
H6018,DD1,Drug Plan Customer Service,4,4
H6018,DD2,Member Complaints and Changes in the Drug Plan’s Performance,Plan too new to be measured ,
H6018,DD3,Member Experience with the Drug Plan,Plan too new to be measured ,
H6018,DD4,Drug Safety and Accuracy of Drug Pricing,Plan too new to be measured,
H6019,HD1,"Staying Healthy: Screenings, Tests and Vaccines",Plan too new to be measured ,
H6019,HD2,Managing Chronic (Long Term) Conditions,Plan too new to be measured ,
H6019,HD3,Member Experience with Health Plan,Plan too new to be measured ,
H6019,HD4,Member Complaints and Changes in the Health Plan's Performance,Plan too new to be measured ,
H6019,HD5,Health Plan Customer Service,Plan too new to be measured ,
H6019,DD1,Drug Plan Customer Service,3,3
H6019,DD2,Member Complaints and Changes in the Drug Plan’s Performance,Plan too new to be measured ,
H6019,DD3,Member Experience with the Drug Plan,Plan too new to be measured ,
H6019,DD4,Drug Safety and Accuracy of Drug Pricing,Plan too new to be measured,
H6067,HD1,"Staying Healthy: Screenings, Tests and Vaccines",3,3
H6067,HD2,Managing Chronic (Long Term) Conditions,2,2
H6067,HD3,Member Experience with Health Plan,2,2
H6067,HD4,Member Complaints and Changes in the Health Plan's Performance,3,3
H6067,HD5,Health Plan Customer Service,4,4
H6067,DD1,Drug Plan Customer Service,5,5
H6067,DD2,Member Complaints and Changes in the Drug Plan’s Performance,3,3
H6067,DD3,Member Experience with the Drug Plan,1,1
H6067,DD4,Drug Safety and Accuracy of Drug Pricing,2,2
H6078,HD1,"Staying Healthy: Screenings, Tests and Vaccines",4,4
H6078,HD2,Managing Chronic (Long Term) Conditions,3,3
H6078,HD3,Member Experience with Health Plan,4,4
H6078,HD4,Member Complaints and Changes in the Health Plan's Performance,4,4
H6078,HD5,Health Plan Customer Service,4,4
H6078,DD1,Drug Plan Customer Service,Not enough data available ,
H6078,DD2,Member Complaints and Changes in the Drug Plan’s Performance,5,5
H6078,DD3,Member Experience with the Drug Plan,4,4
H6078,DD4,Drug Safety and Accuracy of Drug Pricing,3,3
H6080,HD1,"Staying Healthy: Screenings, Tests and Vaccines",Not enough data available ,
H6080,HD2,Managing Chronic (Long Term) Conditions,Not enough data available ,
H6080,HD3,Member Experience with Health Plan,Not enough data available ,
H6080,HD4,Member Complaints and Changes in the Health Plan's Performance,Not enough data available ,
H6080,HD5,Health Plan Customer Service,Not enough data available ,
H6080,DD1,Drug Plan Customer Service,Not enough data available ,
H6080,DD2,Member Complaints and Changes in the Drug Plan’s Performance,Not enough data available ,
H6080,DD3,Member Experience with the Drug Plan,Not enough data available ,
H6080,DD4,Drug Safety and Accuracy of Drug Pricing,Not enough data available,
H6130,HD1,"Staying Healthy: Screenings, Tests and Vaccines",Plan too new to be measured ,
H6130,HD2,Managing Chronic (Long Term) Conditions,Plan too new to be measured ,
H6130,HD3,Member Experience with Health Plan,Plan too new to be measured ,
H6130,HD4,Member Complaints and Changes in the Health Plan's Performance,Plan too new to be measured ,
H6130,HD5,Health Plan Customer Service,Plan too new to be measured ,
H6130,DD1,Drug Plan Customer Service,Plan not required to report measure ,
H6130,DD2,Member Complaints and Changes in the Drug Plan’s Performance,Plan not required to report measure ,
H6130,DD3,Member Experience with the Drug Plan,Plan not required to report measure ,
H6130,DD4,Drug Safety and Accuracy of Drug Pricing,Plan not required to report measure,
H6154,HD1,"Staying Healthy: Screenings, Tests and Vaccines",3,3
H6154,HD2,Managing Chronic (Long Term) Conditions,3,3
H6154,HD3,Member Experience with Health Plan,3,3
H6154,HD4,Member Complaints and Changes in the Health Plan's Performance,3,3
H6154,HD5,Health Plan Customer Service,Not enough data available ,
H6154,DD1,Drug Plan Customer Service,3,3
H6154,DD2,Member Complaints and Changes in the Drug Plan’s Performance,3,3
H6154,DD3,Member Experience with the Drug Plan,3,3
H6154,DD4,Drug Safety and Accuracy of Drug Pricing,3,3
H6158,HD1,"Staying Healthy: Screenings, Tests and Vaccines",4,4
H6158,HD2,Managing Chronic (Long Term) Conditions,3,3
H6158,HD3,Member Experience with Health Plan,3,3
H6158,HD4,Member Complaints and Changes in the Health Plan's Performance,4,4
H6158,HD5,Health Plan Customer Service,4,4
H6158,DD1,Drug Plan Customer Service,4,4
H6158,DD2,Member Complaints and Changes in the Drug Plan’s Performance,5,5
H6158,DD3,Member Experience with the Drug Plan,3,3
H6158,DD4,Drug Safety and Accuracy of Drug Pricing,3,3
H6170,HD1,"Staying Healthy: Screenings, Tests and Vaccines",Plan too new to be measured ,
H6170,HD2,Managing Chronic (Long Term) Conditions,Plan too new to be measured ,
H6170,HD3,Member Experience with Health Plan,Plan too new to be measured ,
H6170,HD4,Member Complaints and Changes in the Health Plan's Performance,Plan too new to be measured ,
H6170,HD5,Health Plan Customer Service,Plan too new to be measured ,
H6170,DD1,Drug Plan Customer Service,Plan too new to be measured ,
H6170,DD2,Member Complaints and Changes in the Drug Plan’s Performance,Plan too new to be measured ,
H6170,DD3,Member Experience with the Drug Plan,Plan too new to be measured ,
H6170,DD4,Drug Safety and Accuracy of Drug Pricing,Plan too new to be measured,
H6193,HD1,"Staying Healthy: Screenings, Tests and Vaccines",Plan too new to be measured ,
H6193,HD2,Managing Chronic (Long Term) Conditions,Plan too new to be measured ,
H6193,HD3,Member Experience with Health Plan,Plan too new to be measured ,
H6193,HD4,Member Complaints and Changes in the Health Plan's Performance,1,1
H6193,HD5,Health Plan Customer Service,Plan too new to be measured ,
H6193,DD1,Drug Plan Customer Service,5,5
H6193,DD2,Member Complaints and Changes in the Drug Plan’s Performance,1,1
H6193,DD3,Member Experience with the Drug Plan,Plan too new to be measured ,
H6193,DD4,Drug Safety and Accuracy of Drug Pricing,3,3
H6200,HD1,"Staying Healthy: Screenings, Tests and Vaccines",Plan too new to be measured ,
H6200,HD2,Managing Chronic (Long Term) Conditions,Plan too new to be measured ,
H6200,HD3,Member Experience with Health Plan,Plan too new to be measured ,
H6200,HD4,Member Complaints and Changes in the Health Plan's Performance,Plan too new to be measured ,
H6200,HD5,Health Plan Customer Service,Plan too new to be measured ,
H6200,DD1,Drug Plan Customer Service,4,4
H6200,DD2,Member Complaints and Changes in the Drug Plan’s Performance,Plan too new to be measured ,
H6200,DD3,Member Experience with the Drug Plan,Plan too new to be measured ,
H6200,DD4,Drug Safety and Accuracy of Drug Pricing,Plan too new to be measured,
H6202,HD1,"Staying Healthy: Screenings, Tests and Vaccines",3,3
H6202,HD2,Managing Chronic (Long Term) Conditions,3,3
H6202,HD3,Member Experience with Health Plan,4,4
H6202,HD4,Member Complaints and Changes in the Health Plan's Performance,4,4
H6202,HD5,Health Plan Customer Service,Not enough data available ,
H6202,DD1,Drug Plan Customer Service,4,4
H6202,DD2,Member Complaints and Changes in the Drug Plan’s Performance,4,4
H6202,DD3,Member Experience with the Drug Plan,5,5
H6202,DD4,Drug Safety and Accuracy of Drug Pricing,4,4
H6237,HD1,"Staying Healthy: Screenings, Tests and Vaccines",5,5
H6237,HD2,Managing Chronic (Long Term) Conditions,3,3
H6237,HD3,Member Experience with Health Plan,3,3
H6237,HD4,Member Complaints and Changes in the Health Plan's Performance,3,3
H6237,HD5,Health Plan Customer Service,5,5
H6237,DD1,Drug Plan Customer Service,4,4
H6237,DD2,Member Complaints and Changes in the Drug Plan’s Performance,4,4
H6237,DD3,Member Experience with the Drug Plan,2,2
H6237,DD4,Drug Safety and Accuracy of Drug Pricing,4,4
H6248,HD1,"Staying Healthy: Screenings, Tests and Vaccines",Plan too new to be measured ,
H6248,HD2,Managing Chronic (Long Term) Conditions,Plan too new to be measured ,
H6248,HD3,Member Experience with Health Plan,Plan too new to be measured ,
H6248,HD4,Member Complaints and Changes in the Health Plan's Performance,Plan too new to be measured ,
H6248,HD5,Health Plan Customer Service,Plan too new to be measured ,
H6248,DD1,Drug Plan Customer Service,Plan too new to be measured ,
H6248,DD2,Member Complaints and Changes in the Drug Plan’s Performance,Plan too new to be measured ,
H6248,DD3,Member Experience with the Drug Plan,Plan too new to be measured ,
H6248,DD4,Drug Safety and Accuracy of Drug Pricing,Plan too new to be measured,
H6306,HD1,"Staying Healthy: Screenings, Tests and Vaccines",5,5
H6306,HD2,Managing Chronic (Long Term) Conditions,4,4
H6306,HD3,Member Experience with Health Plan,5,5
H6306,HD4,Member Complaints and Changes in the Health Plan's Performance,5,5
H6306,HD5,Health Plan Customer Service,3,3
H6306,DD1,Drug Plan Customer Service,3,3
H6306,DD2,Member Complaints and Changes in the Drug Plan’s Performance,5,5
H6306,DD3,Member Experience with the Drug Plan,4,4
H6306,DD4,Drug Safety and Accuracy of Drug Pricing,3,3
H6316,HD1,"Staying Healthy: Screenings, Tests and Vaccines",Not enough data available ,
H6316,HD2,Managing Chronic (Long Term) Conditions,Not enough data available ,
H6316,HD3,Member Experience with Health Plan,Not enough data available ,
H6316,HD4,Member Complaints and Changes in the Health Plan's Performance,Not enough data available ,
H6316,HD5,Health Plan Customer Service,Not enough data available ,
H6316,DD1,Drug Plan Customer Service,4,4
H6316,DD2,Member Complaints and Changes in the Drug Plan’s Performance,Not enough data available ,
H6316,DD3,Member Experience with the Drug Plan,Not enough data available ,
H6316,DD4,Drug Safety and Accuracy of Drug Pricing,Not enough data available,
H6322,HD1,"Staying Healthy: Screenings, Tests and Vaccines",Plan too new to be measured ,
H6322,HD2,Managing Chronic (Long Term) Conditions,Plan too new to be measured ,
H6322,HD3,Member Experience with Health Plan,Plan too new to be measured ,
H6322,HD4,Member Complaints and Changes in the Health Plan's Performance,Plan too new to be measured ,
H6322,HD5,Health Plan Customer Service,Plan too new to be measured ,
H6322,DD1,Drug Plan Customer Service,3,3
H6322,DD2,Member Complaints and Changes in the Drug Plan’s Performance,Plan too new to be measured ,
H6322,DD3,Member Experience with the Drug Plan,Plan too new to be measured ,
H6322,DD4,Drug Safety and Accuracy of Drug Pricing,3,3
H6328,HD1,"Staying Healthy: Screenings, Tests and Vaccines",4,4
H6328,HD2,Managing Chronic (Long Term) Conditions,2,2
H6328,HD3,Member Experience with Health Plan,4,4
H6328,HD4,Member Complaints and Changes in the Health Plan's Performance,4,4
H6328,HD5,Health Plan Customer Service,3,3
H6328,DD1,Drug Plan Customer Service,3,3
H6328,DD2,Member Complaints and Changes in the Drug Plan’s Performance,4,4
H6328,DD3,Member Experience with the Drug Plan,5,5
H6328,DD4,Drug Safety and Accuracy of Drug Pricing,3,3
H6345,HD1,"Staying Healthy: Screenings, Tests and Vaccines",Not enough data available ,
H6345,HD2,Managing Chronic (Long Term) Conditions,4,4
H6345,HD3,Member Experience with Health Plan,Not enough data available ,
H6345,HD4,Member Complaints and Changes in the Health Plan's Performance,Not enough data available ,
H6345,HD5,Health Plan Customer Service,Not enough data available ,
H6345,DD1,Drug Plan Customer Service,3,3
H6345,DD2,Member Complaints and Changes in the Drug Plan’s Performance,Not enough data available ,
H6345,DD3,Member Experience with the Drug Plan,Not enough data available ,
H6345,DD4,Drug Safety and Accuracy of Drug Pricing,5,5
H6348,HD1,"Staying Healthy: Screenings, Tests and Vaccines",2,2
H6348,HD2,Managing Chronic (Long Term) Conditions,2,2
H6348,HD3,Member Experience with Health Plan,3,3
H6348,HD4,Member Complaints and Changes in the Health Plan's Performance,1,1
H6348,HD5,Health Plan Customer Service,Not enough data available ,
H6348,DD1,Drug Plan Customer Service,5,5
H6348,DD2,Member Complaints and Changes in the Drug Plan’s Performance,1,1
H6348,DD3,Member Experience with the Drug Plan,4,4
H6348,DD4,Drug Safety and Accuracy of Drug Pricing,3,3
H6351,HD1,"Staying Healthy: Screenings, Tests and Vaccines",Not enough data available ,
H6351,HD2,Managing Chronic (Long Term) Conditions,2,2
H6351,HD3,Member Experience with Health Plan,Not enough data available ,
H6351,HD4,Member Complaints and Changes in the Health Plan's Performance,Not enough data available ,
H6351,HD5,Health Plan Customer Service,Not enough data available ,
H6351,DD1,Drug Plan Customer Service,1,1
H6351,DD2,Member Complaints and Changes in the Drug Plan’s Performance,3,3
H6351,DD3,Member Experience with the Drug Plan,Not enough data available ,
H6351,DD4,Drug Safety and Accuracy of Drug Pricing,3,3
H6378,HD1,"Staying Healthy: Screenings, Tests and Vaccines",Plan too new to be measured ,
H6378,HD2,Managing Chronic (Long Term) Conditions,Plan too new to be measured ,
H6378,HD3,Member Experience with Health Plan,Plan too new to be measured ,
H6378,HD4,Member Complaints and Changes in the Health Plan's Performance,Plan too new to be measured ,
H6378,HD5,Health Plan Customer Service,Plan too new to be measured ,
H6378,DD1,Drug Plan Customer Service,3,3
H6378,DD2,Member Complaints and Changes in the Drug Plan’s Performance,Plan too new to be measured ,
H6378,DD3,Member Experience with the Drug Plan,Plan too new to be measured ,
H6378,DD4,Drug Safety and Accuracy of Drug Pricing,Plan too new to be measured,
H6379,HD1,"Staying Healthy: Screenings, Tests and Vaccines",Not enough data available ,
H6379,HD2,Managing Chronic (Long Term) Conditions,Not enough data available ,
H6379,HD3,Member Experience with Health Plan,Not enough data available ,
H6379,HD4,Member Complaints and Changes in the Health Plan's Performance,Not enough data available ,
H6379,HD5,Health Plan Customer Service,Not enough data available ,
H6379,DD1,Drug Plan Customer Service,3,3
H6379,DD2,Member Complaints and Changes in the Drug Plan’s Performance,Not enough data available ,
H6379,DD3,Member Experience with the Drug Plan,Not enough data available ,
H6379,DD4,Drug Safety and Accuracy of Drug Pricing,3,3
H6396,HD1,"Staying Healthy: Screenings, Tests and Vaccines",3,3
H6396,HD2,Managing Chronic (Long Term) Conditions,3,3
H6396,HD3,Member Experience with Health Plan,5,5
H6396,HD4,Member Complaints and Changes in the Health Plan's Performance,4,4
H6396,HD5,Health Plan Customer Service,5,5
H6396,DD1,Drug Plan Customer Service,4,4
H6396,DD2,Member Complaints and Changes in the Drug Plan’s Performance,4,4
H6396,DD3,Member Experience with the Drug Plan,4,4
H6396,DD4,Drug Safety and Accuracy of Drug Pricing,4,4
H6399,HD1,"Staying Healthy: Screenings, Tests and Vaccines",2,2
H6399,HD2,Managing Chronic (Long Term) Conditions,3,3
H6399,HD3,Member Experience with Health Plan,2,2
H6399,HD4,Member Complaints and Changes in the Health Plan's Performance,2,2
H6399,HD5,Health Plan Customer Service,3,3
H6399,DD1,Drug Plan Customer Service,4,4
H6399,DD2,Member Complaints and Changes in the Drug Plan’s Performance,3,3
H6399,DD3,Member Experience with the Drug Plan,4,4
H6399,DD4,Drug Safety and Accuracy of Drug Pricing,3,3
H6408,HD1,"Staying Healthy: Screenings, Tests and Vaccines",Plan too new to be measured ,
H6408,HD2,Managing Chronic (Long Term) Conditions,Plan too new to be measured ,
H6408,HD3,Member Experience with Health Plan,Plan too new to be measured ,
H6408,HD4,Member Complaints and Changes in the Health Plan's Performance,Plan too new to be measured ,
H6408,HD5,Health Plan Customer Service,Plan too new to be measured ,
H6408,DD1,Drug Plan Customer Service,4,4
H6408,DD2,Member Complaints and Changes in the Drug Plan’s Performance,Plan too new to be measured ,
H6408,DD3,Member Experience with the Drug Plan,Plan too new to be measured ,
H6408,DD4,Drug Safety and Accuracy of Drug Pricing,Plan too new to be measured,
H6446,HD1,"Staying Healthy: Screenings, Tests and Vaccines",2,2
H6446,HD2,Managing Chronic (Long Term) Conditions,2,2
H6446,HD3,Member Experience with Health Plan,Not enough data available ,
H6446,HD4,Member Complaints and Changes in the Health Plan's Performance,2,2
H6446,HD5,Health Plan Customer Service,Not enough data available ,
H6446,DD1,Drug Plan Customer Service,5,5
H6446,DD2,Member Complaints and Changes in the Drug Plan’s Performance,2,2
H6446,DD3,Member Experience with the Drug Plan,3,3
H6446,DD4,Drug Safety and Accuracy of Drug Pricing,3,3
H6453,HD1,"Staying Healthy: Screenings, Tests and Vaccines",3,3
H6453,HD2,Managing Chronic (Long Term) Conditions,3,3
H6453,HD3,Member Experience with Health Plan,5,5
H6453,HD4,Member Complaints and Changes in the Health Plan's Performance,5,5
H6453,HD5,Health Plan Customer Service,4,4
H6453,DD1,Drug Plan Customer Service,3,3
H6453,DD2,Member Complaints and Changes in the Drug Plan’s Performance,5,5
H6453,DD3,Member Experience with the Drug Plan,4,4
H6453,DD4,Drug Safety and Accuracy of Drug Pricing,4,4
H6474,HD1,"Staying Healthy: Screenings, Tests and Vaccines",Plan too new to be measured ,
H6474,HD2,Managing Chronic (Long Term) Conditions,Plan too new to be measured ,
H6474,HD3,Member Experience with Health Plan,Plan too new to be measured ,
H6474,HD4,Member Complaints and Changes in the Health Plan's Performance,Plan too new to be measured ,
H6474,HD5,Health Plan Customer Service,Plan too new to be measured ,
H6474,DD1,Drug Plan Customer Service,Plan too new to be measured ,
H6474,DD2,Member Complaints and Changes in the Drug Plan’s Performance,Plan too new to be measured ,
H6474,DD3,Member Experience with the Drug Plan,Plan too new to be measured ,
H6474,DD4,Drug Safety and Accuracy of Drug Pricing,Plan too new to be measured,
H6502,HD1,"Staying Healthy: Screenings, Tests and Vaccines",5,5
H6502,HD2,Managing Chronic (Long Term) Conditions,3,3
H6502,HD3,Member Experience with Health Plan,4,4
H6502,HD4,Member Complaints and Changes in the Health Plan's Performance,4,4
H6502,HD5,Health Plan Customer Service,3,3
H6502,DD1,Drug Plan Customer Service,3,3
H6502,DD2,Member Complaints and Changes in the Drug Plan’s Performance,4,4
H6502,DD3,Member Experience with the Drug Plan,4,4
H6502,DD4,Drug Safety and Accuracy of Drug Pricing,4,4
H6526,HD1,"Staying Healthy: Screenings, Tests and Vaccines",3,3
H6526,HD2,Managing Chronic (Long Term) Conditions,3,3
H6526,HD3,Member Experience with Health Plan,1,1
H6526,HD4,Member Complaints and Changes in the Health Plan's Performance,3,3
H6526,HD5,Health Plan Customer Service,5,5
H6526,DD1,Drug Plan Customer Service,4,4
H6526,DD2,Member Complaints and Changes in the Drug Plan’s Performance,3,3
H6526,DD3,Member Experience with the Drug Plan,1,1
H6526,DD4,Drug Safety and Accuracy of Drug Pricing,3,3
H6529,HD1,"Staying Healthy: Screenings, Tests and Vaccines",Not enough data available ,
H6529,HD2,Managing Chronic (Long Term) Conditions,Not enough data available ,
H6529,HD3,Member Experience with Health Plan,Not enough data available ,
H6529,HD4,Member Complaints and Changes in the Health Plan's Performance,Not enough data available ,
H6529,HD5,Health Plan Customer Service,Not enough data available ,
H6529,DD1,Drug Plan Customer Service,3,3
H6529,DD2,Member Complaints and Changes in the Drug Plan’s Performance,Not enough data available ,
H6529,DD3,Member Experience with the Drug Plan,Not enough data available ,
H6529,DD4,Drug Safety and Accuracy of Drug Pricing,3,3
H6545,HD1,"Staying Healthy: Screenings, Tests and Vaccines",Plan too new to be measured ,
H6545,HD2,Managing Chronic (Long Term) Conditions,Plan too new to be measured ,
H6545,HD3,Member Experience with Health Plan,Plan too new to be measured ,
H6545,HD4,Member Complaints and Changes in the Health Plan's Performance,Plan too new to be measured ,
H6545,HD5,Health Plan Customer Service,Plan too new to be measured ,
H6545,DD1,Drug Plan Customer Service,4,4
H6545,DD2,Member Complaints and Changes in the Drug Plan’s Performance,Plan too new to be measured ,
H6545,DD3,Member Experience with the Drug Plan,Plan too new to be measured ,
H6545,DD4,Drug Safety and Accuracy of Drug Pricing,Plan too new to be measured,
H6550,HD1,"Staying Healthy: Screenings, Tests and Vaccines",2,2
H6550,HD2,Managing Chronic (Long Term) Conditions,2,2
H6550,HD3,Member Experience with Health Plan,3,3
H6550,HD4,Member Complaints and Changes in the Health Plan's Performance,2,2
H6550,HD5,Health Plan Customer Service,Not enough data available ,
H6550,DD1,Drug Plan Customer Service,5,5
H6550,DD2,Member Complaints and Changes in the Drug Plan’s Performance,2,2
H6550,DD3,Member Experience with the Drug Plan,4,4
H6550,DD4,Drug Safety and Accuracy of Drug Pricing,2,2
H6586,HD1,"Staying Healthy: Screenings, Tests and Vaccines",Plan too new to be measured ,
H6586,HD2,Managing Chronic (Long Term) Conditions,Plan too new to be measured ,
H6586,HD3,Member Experience with Health Plan,Plan too new to be measured ,
H6586,HD4,Member Complaints and Changes in the Health Plan's Performance,Plan too new to be measured ,
H6586,HD5,Health Plan Customer Service,Plan too new to be measured ,
H6586,DD1,Drug Plan Customer Service,4,4
H6586,DD2,Member Complaints and Changes in the Drug Plan’s Performance,Plan too new to be measured ,
H6586,DD3,Member Experience with the Drug Plan,Plan too new to be measured ,
H6586,DD4,Drug Safety and Accuracy of Drug Pricing,Plan too new to be measured,
H6594,HD1,"Staying Healthy: Screenings, Tests and Vaccines",2,2
H6594,HD2,Managing Chronic (Long Term) Conditions,3,3
H6594,HD3,Member Experience with Health Plan,3,3
H6594,HD4,Member Complaints and Changes in the Health Plan's Performance,3,3
H6594,HD5,Health Plan Customer Service,Not enough data available ,
H6594,DD1,Drug Plan Customer Service,5,5
H6594,DD2,Member Complaints and Changes in the Drug Plan’s Performance,3,3
H6594,DD3,Member Experience with the Drug Plan,2,2
H6594,DD4,Drug Safety and Accuracy of Drug Pricing,4,4
H6595,HD1,"Staying Healthy: Screenings, Tests and Vaccines",2,2
H6595,HD2,Managing Chronic (Long Term) Conditions,3,3
H6595,HD3,Member Experience with Health Plan,5,5
H6595,HD4,Member Complaints and Changes in the Health Plan's Performance,3,3
H6595,HD5,Health Plan Customer Service,5,5
H6595,DD1,Drug Plan Customer Service,4,4
H6595,DD2,Member Complaints and Changes in the Drug Plan’s Performance,4,4
H6595,DD3,Member Experience with the Drug Plan,5,5
H6595,DD4,Drug Safety and Accuracy of Drug Pricing,3,3
H6605,HD1,"Staying Healthy: Screenings, Tests and Vaccines",2,2
H6605,HD2,Managing Chronic (Long Term) Conditions,2,2
H6605,HD3,Member Experience with Health Plan,1,1
H6605,HD4,Member Complaints and Changes in the Health Plan's Performance,2,2
H6605,HD5,Health Plan Customer Service,Plan too new to be measured ,
H6605,DD1,Drug Plan Customer Service,5,5
H6605,DD2,Member Complaints and Changes in the Drug Plan’s Performance,2,2
H6605,DD3,Member Experience with the Drug Plan,Plan too new to be measured ,
H6605,DD4,Drug Safety and Accuracy of Drug Pricing,3,3
H6622,HD1,"Staying Healthy: Screenings, Tests and Vaccines",4,4
H6622,HD2,Managing Chronic (Long Term) Conditions,4,4
H6622,HD3,Member Experience with Health Plan,4,4
H6622,HD4,Member Complaints and Changes in the Health Plan's Performance,4,4
H6622,HD5,Health Plan Customer Service,5,5
H6622,DD1,Drug Plan Customer Service,5,5
H6622,DD2,Member Complaints and Changes in the Drug Plan’s Performance,4,4
H6622,DD3,Member Experience with the Drug Plan,4,4
H6622,DD4,Drug Safety and Accuracy of Drug Pricing,3,3
H6652,HD1,"Staying Healthy: Screenings, Tests and Vaccines",Not enough data available ,
H6652,HD2,Managing Chronic (Long Term) Conditions,Not enough data available ,
H6652,HD3,Member Experience with Health Plan,Not enough data available ,
H6652,HD4,Member Complaints and Changes in the Health Plan's Performance,Not enough data available ,
H6652,HD5,Health Plan Customer Service,Not enough data available ,
H6652,DD1,Drug Plan Customer Service,2,2
H6652,DD2,Member Complaints and Changes in the Drug Plan’s Performance,Not enough data available ,
H6652,DD3,Member Experience with the Drug Plan,Not enough data available ,
H6652,DD4,Drug Safety and Accuracy of Drug Pricing,Not enough data available,
H6672,HD1,"Staying Healthy: Screenings, Tests and Vaccines",Not enough data available ,
H6672,HD2,Managing Chronic (Long Term) Conditions,Not enough data available ,
H6672,HD3,Member Experience with Health Plan,Not enough data available ,
H6672,HD4,Member Complaints and Changes in the Health Plan's Performance,Not enough data available ,
H6672,HD5,Health Plan Customer Service,Not enough data available ,
H6672,DD1,Drug Plan Customer Service,3,3
H6672,DD2,Member Complaints and Changes in the Drug Plan’s Performance,Not enough data available ,
H6672,DD3,Member Experience with the Drug Plan,Not enough data available ,
H6672,DD4,Drug Safety and Accuracy of Drug Pricing,Not enough data available,
H6678,HD1,"Staying Healthy: Screenings, Tests and Vaccines",Plan too new to be measured ,
H6678,HD2,Managing Chronic (Long Term) Conditions,Plan too new to be measured ,
H6678,HD3,Member Experience with Health Plan,3,3
H6678,HD4,Member Complaints and Changes in the Health Plan's Performance,2,2
H6678,HD5,Health Plan Customer Service,Plan too new to be measured ,
H6678,DD1,Drug Plan Customer Service,5,5
H6678,DD2,Member Complaints and Changes in the Drug Plan’s Performance,2,2
H6678,DD3,Member Experience with the Drug Plan,Plan too new to be measured ,
H6678,DD4,Drug Safety and Accuracy of Drug Pricing,3,3
H6706,HD1,"Staying Healthy: Screenings, Tests and Vaccines",Not enough data available ,
H6706,HD2,Managing Chronic (Long Term) Conditions,Not enough data available ,
H6706,HD3,Member Experience with Health Plan,Not enough data available ,
H6706,HD4,Member Complaints and Changes in the Health Plan's Performance,Not enough data available ,
H6706,HD5,Health Plan Customer Service,Not enough data available ,
H6706,DD1,Drug Plan Customer Service,4,4
H6706,DD2,Member Complaints and Changes in the Drug Plan’s Performance,Not enough data available ,
H6706,DD3,Member Experience with the Drug Plan,Not enough data available ,
H6706,DD4,Drug Safety and Accuracy of Drug Pricing,Not enough data available,
H6713,HD1,"Staying Healthy: Screenings, Tests and Vaccines",2,2
H6713,HD2,Managing Chronic (Long Term) Conditions,2,2
H6713,HD3,Member Experience with Health Plan,2,2
H6713,HD4,Member Complaints and Changes in the Health Plan's Performance,1,1
H6713,HD5,Health Plan Customer Service,3,3
H6713,DD1,Drug Plan Customer Service,5,5
H6713,DD2,Member Complaints and Changes in the Drug Plan’s Performance,2,2
H6713,DD3,Member Experience with the Drug Plan,4,4
H6713,DD4,Drug Safety and Accuracy of Drug Pricing,3,3
H6723,HD1,"Staying Healthy: Screenings, Tests and Vaccines",3,3
H6723,HD2,Managing Chronic (Long Term) Conditions,3,3
H6723,HD3,Member Experience with Health Plan,5,5
H6723,HD4,Member Complaints and Changes in the Health Plan's Performance,4,4
H6723,HD5,Health Plan Customer Service,5,5
H6723,DD1,Drug Plan Customer Service,4,4
H6723,DD2,Member Complaints and Changes in the Drug Plan’s Performance,4,4
H6723,DD3,Member Experience with the Drug Plan,3,3
H6723,DD4,Drug Safety and Accuracy of Drug Pricing,4,4
H6727,HD1,"Staying Healthy: Screenings, Tests and Vaccines",Plan too new to be measured ,
H6727,HD2,Managing Chronic (Long Term) Conditions,Plan too new to be measured ,
H6727,HD3,Member Experience with Health Plan,Plan too new to be measured ,
H6727,HD4,Member Complaints and Changes in the Health Plan's Performance,Plan too new to be measured ,
H6727,HD5,Health Plan Customer Service,Plan too new to be measured ,
H6727,DD1,Drug Plan Customer Service,Plan too new to be measured ,
H6727,DD2,Member Complaints and Changes in the Drug Plan’s Performance,Plan too new to be measured ,
H6727,DD3,Member Experience with the Drug Plan,Plan too new to be measured ,
H6727,DD4,Drug Safety and Accuracy of Drug Pricing,Plan too new to be measured,
H6743,HD1,"Staying Healthy: Screenings, Tests and Vaccines",3,3
H6743,HD2,Managing Chronic (Long Term) Conditions,2,2
H6743,HD3,Member Experience with Health Plan,3,3
H6743,HD4,Member Complaints and Changes in the Health Plan's Performance,4,4
H6743,HD5,Health Plan Customer Service,3,3
H6743,DD1,Drug Plan Customer Service,2,2
H6743,DD2,Member Complaints and Changes in the Drug Plan’s Performance,5,5
H6743,DD3,Member Experience with the Drug Plan,2,2
H6743,DD4,Drug Safety and Accuracy of Drug Pricing,2,2
H6750,HD1,"Staying Healthy: Screenings, Tests and Vaccines",4,4
H6750,HD2,Managing Chronic (Long Term) Conditions,3,3
H6750,HD3,Member Experience with Health Plan,4,4
H6750,HD4,Member Complaints and Changes in the Health Plan's Performance,4,4
H6750,HD5,Health Plan Customer Service,4,4
H6750,DD1,Drug Plan Customer Service,4,4
H6750,DD2,Member Complaints and Changes in the Drug Plan’s Performance,4,4
H6750,DD3,Member Experience with the Drug Plan,2,2
H6750,DD4,Drug Safety and Accuracy of Drug Pricing,4,4
H6765,HD1,"Staying Healthy: Screenings, Tests and Vaccines",Plan too new to be measured ,
H6765,HD2,Managing Chronic (Long Term) Conditions,Plan too new to be measured ,
H6765,HD3,Member Experience with Health Plan,Plan too new to be measured ,
H6765,HD4,Member Complaints and Changes in the Health Plan's Performance,Plan too new to be measured ,
H6765,HD5,Health Plan Customer Service,Plan too new to be measured ,
H6765,DD1,Drug Plan Customer Service,2,2
H6765,DD2,Member Complaints and Changes in the Drug Plan’s Performance,Plan too new to be measured ,
H6765,DD3,Member Experience with the Drug Plan,Plan too new to be measured ,
H6765,DD4,Drug Safety and Accuracy of Drug Pricing,Plan too new to be measured,
H6776,HD1,"Staying Healthy: Screenings, Tests and Vaccines",Not enough data available ,
H6776,HD2,Managing Chronic (Long Term) Conditions,Not enough data available ,
H6776,HD3,Member Experience with Health Plan,Not enough data available ,
H6776,HD4,Member Complaints and Changes in the Health Plan's Performance,Not enough data available ,
H6776,HD5,Health Plan Customer Service,Not enough data available ,
H6776,DD1,Drug Plan Customer Service,3,3
H6776,DD2,Member Complaints and Changes in the Drug Plan’s Performance,Not enough data available ,
H6776,DD3,Member Experience with the Drug Plan,Not enough data available ,
H6776,DD4,Drug Safety and Accuracy of Drug Pricing,4,4
H6813,HD1,"Staying Healthy: Screenings, Tests and Vaccines",Plan too new to be measured ,
H6813,HD2,Managing Chronic (Long Term) Conditions,Plan too new to be measured ,
H6813,HD3,Member Experience with Health Plan,Plan too new to be measured ,
H6813,HD4,Member Complaints and Changes in the Health Plan's Performance,Plan too new to be measured ,
H6813,HD5,Health Plan Customer Service,Plan too new to be measured ,
H6813,DD1,Drug Plan Customer Service,4,4
H6813,DD2,Member Complaints and Changes in the Drug Plan’s Performance,Plan too new to be measured ,
H6813,DD3,Member Experience with the Drug Plan,Plan too new to be measured ,
H6813,DD4,Drug Safety and Accuracy of Drug Pricing,Plan too new to be measured,
H6815,HD1,"Staying Healthy: Screenings, Tests and Vaccines",3,3
H6815,HD2,Managing Chronic (Long Term) Conditions,3,3
H6815,HD3,Member Experience with Health Plan,3,3
H6815,HD4,Member Complaints and Changes in the Health Plan's Performance,3,3
H6815,HD5,Health Plan Customer Service,4,4
H6815,DD1,Drug Plan Customer Service,5,5
H6815,DD2,Member Complaints and Changes in the Drug Plan’s Performance,3,3
H6815,DD3,Member Experience with the Drug Plan,2,2
H6815,DD4,Drug Safety and Accuracy of Drug Pricing,3,3
H6830,HD1,"Staying Healthy: Screenings, Tests and Vaccines",Not enough data available ,
H6830,HD2,Managing Chronic (Long Term) Conditions,Not enough data available ,
H6830,HD3,Member Experience with Health Plan,Not enough data available ,
H6830,HD4,Member Complaints and Changes in the Health Plan's Performance,Not enough data available ,
H6830,HD5,Health Plan Customer Service,Not enough data available ,
H6830,DD1,Drug Plan Customer Service,5,5
H6830,DD2,Member Complaints and Changes in the Drug Plan’s Performance,Not enough data available ,
H6830,DD3,Member Experience with the Drug Plan,Not enough data available ,
H6830,DD4,Drug Safety and Accuracy of Drug Pricing,4,4
H6832,HD1,"Staying Healthy: Screenings, Tests and Vaccines",Not enough data available ,
H6832,HD2,Managing Chronic (Long Term) Conditions,Not enough data available ,
H6832,HD3,Member Experience with Health Plan,Not enough data available ,
H6832,HD4,Member Complaints and Changes in the Health Plan's Performance,Not enough data available ,
H6832,HD5,Health Plan Customer Service,Not enough data available ,
H6832,DD1,Drug Plan Customer Service,4,4
H6832,DD2,Member Complaints and Changes in the Drug Plan’s Performance,Not enough data available ,
H6832,DD3,Member Experience with the Drug Plan,Not enough data available ,
H6832,DD4,Drug Safety and Accuracy of Drug Pricing,4,4
H6847,HD1,"Staying Healthy: Screenings, Tests and Vaccines",Plan too new to be measured ,
H6847,HD2,Managing Chronic (Long Term) Conditions,Plan too new to be measured ,
H6847,HD3,Member Experience with Health Plan,Plan too new to be measured ,
H6847,HD4,Member Complaints and Changes in the Health Plan's Performance,Plan too new to be measured ,
H6847,HD5,Health Plan Customer Service,Plan too new to be measured ,
H6847,DD1,Drug Plan Customer Service,2,2
H6847,DD2,Member Complaints and Changes in the Drug Plan’s Performance,Plan too new to be measured ,
H6847,DD3,Member Experience with the Drug Plan,Plan too new to be measured ,
H6847,DD4,Drug Safety and Accuracy of Drug Pricing,Plan too new to be measured,
H6851,HD1,"Staying Healthy: Screenings, Tests and Vaccines",Plan too new to be measured ,
H6851,HD2,Managing Chronic (Long Term) Conditions,Plan too new to be measured ,
H6851,HD3,Member Experience with Health Plan,Plan too new to be measured ,
H6851,HD4,Member Complaints and Changes in the Health Plan's Performance,Plan too new to be measured ,
H6851,HD5,Health Plan Customer Service,Plan too new to be measured ,
H6851,DD1,Drug Plan Customer Service,4,4
H6851,DD2,Member Complaints and Changes in the Drug Plan’s Performance,Plan too new to be measured ,
H6851,DD3,Member Experience with the Drug Plan,Plan too new to be measured ,
H6851,DD4,Drug Safety and Accuracy of Drug Pricing,Plan too new to be measured,
H6852,HD1,"Staying Healthy: Screenings, Tests and Vaccines",Plan too new to be measured ,
H6852,HD2,Managing Chronic (Long Term) Conditions,Plan too new to be measured ,
H6852,HD3,Member Experience with Health Plan,Plan too new to be measured ,
H6852,HD4,Member Complaints and Changes in the Health Plan's Performance,Plan too new to be measured ,
H6852,HD5,Health Plan Customer Service,Plan too new to be measured ,
H6852,DD1,Drug Plan Customer Service,4,4
H6852,DD2,Member Complaints and Changes in the Drug Plan’s Performance,Plan too new to be measured ,
H6852,DD3,Member Experience with the Drug Plan,Plan too new to be measured ,
H6852,DD4,Drug Safety and Accuracy of Drug Pricing,Plan too new to be measured,
H6870,HD1,"Staying Healthy: Screenings, Tests and Vaccines",Not enough data available ,
H6870,HD2,Managing Chronic (Long Term) Conditions,Not enough data available ,
H6870,HD3,Member Experience with Health Plan,Not enough data available ,
H6870,HD4,Member Complaints and Changes in the Health Plan's Performance,Not enough data available ,
H6870,HD5,Health Plan Customer Service,Not enough data available ,
H6870,DD1,Drug Plan Customer Service,Not enough data available ,
H6870,DD2,Member Complaints and Changes in the Drug Plan’s Performance,Not enough data available ,
H6870,DD3,Member Experience with the Drug Plan,Not enough data available ,
H6870,DD4,Drug Safety and Accuracy of Drug Pricing,Not enough data available,
H6874,HD1,"Staying Healthy: Screenings, Tests and Vaccines",Not enough data available ,
H6874,HD2,Managing Chronic (Long Term) Conditions,Not enough data available ,
H6874,HD3,Member Experience with Health Plan,Not enough data available ,
H6874,HD4,Member Complaints and Changes in the Health Plan's Performance,Not enough data available ,
H6874,HD5,Health Plan Customer Service,Not enough data available ,
H6874,DD1,Drug Plan Customer Service,4,4
H6874,DD2,Member Complaints and Changes in the Drug Plan’s Performance,Not enough data available ,
H6874,DD3,Member Experience with the Drug Plan,Not enough data available ,
H6874,DD4,Drug Safety and Accuracy of Drug Pricing,4,4
H6876,HD1,"Staying Healthy: Screenings, Tests and Vaccines",Plan too new to be measured ,
H6876,HD2,Managing Chronic (Long Term) Conditions,Plan too new to be measured ,
H6876,HD3,Member Experience with Health Plan,Plan too new to be measured ,
H6876,HD4,Member Complaints and Changes in the Health Plan's Performance,Plan too new to be measured ,
H6876,HD5,Health Plan Customer Service,Plan too new to be measured ,
H6876,DD1,Drug Plan Customer Service,Plan too new to be measured ,
H6876,DD2,Member Complaints and Changes in the Drug Plan’s Performance,Plan too new to be measured ,
H6876,DD3,Member Experience with the Drug Plan,Plan too new to be measured ,
H6876,DD4,Drug Safety and Accuracy of Drug Pricing,Plan too new to be measured,
H6891,HD1,"Staying Healthy: Screenings, Tests and Vaccines",Not enough data available ,
H6891,HD2,Managing Chronic (Long Term) Conditions,Not enough data available ,
H6891,HD3,Member Experience with Health Plan,Not enough data available ,
H6891,HD4,Member Complaints and Changes in the Health Plan's Performance,Not enough data available ,
H6891,HD5,Health Plan Customer Service,Not enough data available ,
H6891,DD1,Drug Plan Customer Service,2,2
H6891,DD2,Member Complaints and Changes in the Drug Plan’s Performance,3,3
H6891,DD3,Member Experience with the Drug Plan,Not enough data available ,
H6891,DD4,Drug Safety and Accuracy of Drug Pricing,2,2
H6898,HD1,"Staying Healthy: Screenings, Tests and Vaccines",5,5
H6898,HD2,Managing Chronic (Long Term) Conditions,3,3
H6898,HD3,Member Experience with Health Plan,3,3
H6898,HD4,Member Complaints and Changes in the Health Plan's Performance,5,5
H6898,HD5,Health Plan Customer Service,2,2
H6898,DD1,Drug Plan Customer Service,4,4
H6898,DD2,Member Complaints and Changes in the Drug Plan’s Performance,5,5
H6898,DD3,Member Experience with the Drug Plan,2,2
H6898,DD4,Drug Safety and Accuracy of Drug Pricing,4,4
H6910,HD1,"Staying Healthy: Screenings, Tests and Vaccines",4,4
H6910,HD2,Managing Chronic (Long Term) Conditions,3,3
H6910,HD3,Member Experience with Health Plan,4,4
H6910,HD4,Member Complaints and Changes in the Health Plan's Performance,3,3
H6910,HD5,Health Plan Customer Service,Not enough data available ,
H6910,DD1,Drug Plan Customer Service,4,4
H6910,DD2,Member Complaints and Changes in the Drug Plan’s Performance,4,4
H6910,DD3,Member Experience with the Drug Plan,3,3
H6910,DD4,Drug Safety and Accuracy of Drug Pricing,4,4
H6959,HD1,"Staying Healthy: Screenings, Tests and Vaccines",Not enough data available ,
H6959,HD2,Managing Chronic (Long Term) Conditions,Not enough data available ,
H6959,HD3,Member Experience with Health Plan,Not enough data available ,
H6959,HD4,Member Complaints and Changes in the Health Plan's Performance,Not enough data available ,
H6959,HD5,Health Plan Customer Service,Not enough data available ,
H6959,DD1,Drug Plan Customer Service,4,4
H6959,DD2,Member Complaints and Changes in the Drug Plan’s Performance,Not enough data available ,
H6959,DD3,Member Experience with the Drug Plan,Not enough data available ,
H6959,DD4,Drug Safety and Accuracy of Drug Pricing,4,4
H6975,HD1,"Staying Healthy: Screenings, Tests and Vaccines",1,1
H6975,HD2,Managing Chronic (Long Term) Conditions,2,2
H6975,HD3,Member Experience with Health Plan,2,2
H6975,HD4,Member Complaints and Changes in the Health Plan's Performance,1,1
H6975,HD5,Health Plan Customer Service,4,4
H6975,DD1,Drug Plan Customer Service,5,5
H6975,DD2,Member Complaints and Changes in the Drug Plan’s Performance,1,1
H6975,DD3,Member Experience with the Drug Plan,4,4
H6975,DD4,Drug Safety and Accuracy of Drug Pricing,2,2
H6988,HD1,"Staying Healthy: Screenings, Tests and Vaccines",4,4
H6988,HD2,Managing Chronic (Long Term) Conditions,5,5
H6988,HD3,Member Experience with Health Plan,2,2
H6988,HD4,Member Complaints and Changes in the Health Plan's Performance,3,3
H6988,HD5,Health Plan Customer Service,4,4
H6988,DD1,Drug Plan Customer Service,3,3
H6988,DD2,Member Complaints and Changes in the Drug Plan’s Performance,3,3
H6988,DD3,Member Experience with the Drug Plan,3,3
H6988,DD4,Drug Safety and Accuracy of Drug Pricing,5,5
H7006,HD1,"Staying Healthy: Screenings, Tests and Vaccines",4,4
H7006,HD2,Managing Chronic (Long Term) Conditions,2,2
H7006,HD3,Member Experience with Health Plan,3,3
H7006,HD4,Member Complaints and Changes in the Health Plan's Performance,3,3
H7006,HD5,Health Plan Customer Service,Not enough data available ,
H7006,DD1,Drug Plan Customer Service,2,2
H7006,DD2,Member Complaints and Changes in the Drug Plan’s Performance,3,3
H7006,DD3,Member Experience with the Drug Plan,4,4
H7006,DD4,Drug Safety and Accuracy of Drug Pricing,3,3
H7020,HD1,"Staying Healthy: Screenings, Tests and Vaccines",3,3
H7020,HD2,Managing Chronic (Long Term) Conditions,3,3
H7020,HD3,Member Experience with Health Plan,4,4
H7020,HD4,Member Complaints and Changes in the Health Plan's Performance,3,3
H7020,HD5,Health Plan Customer Service,4,4
H7020,DD1,Drug Plan Customer Service,3,3
H7020,DD2,Member Complaints and Changes in the Drug Plan’s Performance,3,3
H7020,DD3,Member Experience with the Drug Plan,4,4
H7020,DD4,Drug Safety and Accuracy of Drug Pricing,4,4
H7028,HD1,"Staying Healthy: Screenings, Tests and Vaccines",Plan too new to be measured ,
H7028,HD2,Managing Chronic (Long Term) Conditions,Plan too new to be measured ,
H7028,HD3,Member Experience with Health Plan,Plan too new to be measured ,
H7028,HD4,Member Complaints and Changes in the Health Plan's Performance,Plan too new to be measured ,
H7028,HD5,Health Plan Customer Service,Plan too new to be measured ,
H7028,DD1,Drug Plan Customer Service,4,4
H7028,DD2,Member Complaints and Changes in the Drug Plan’s Performance,Plan too new to be measured ,
H7028,DD3,Member Experience with the Drug Plan,Plan too new to be measured ,
H7028,DD4,Drug Safety and Accuracy of Drug Pricing,Plan too new to be measured,
H7063,HD1,"Staying Healthy: Screenings, Tests and Vaccines",4,4
H7063,HD2,Managing Chronic (Long Term) Conditions,3,3
H7063,HD3,Member Experience with Health Plan,4,4
H7063,HD4,Member Complaints and Changes in the Health Plan's Performance,4,4
H7063,HD5,Health Plan Customer Service,3,3
H7063,DD1,Drug Plan Customer Service,3,3
H7063,DD2,Member Complaints and Changes in the Drug Plan’s Performance,4,4
H7063,DD3,Member Experience with the Drug Plan,3,3
H7063,DD4,Drug Safety and Accuracy of Drug Pricing,4,4
H7074,HD1,"Staying Healthy: Screenings, Tests and Vaccines",Plan too new to be measured ,
H7074,HD2,Managing Chronic (Long Term) Conditions,Plan too new to be measured ,
H7074,HD3,Member Experience with Health Plan,Plan too new to be measured ,
H7074,HD4,Member Complaints and Changes in the Health Plan's Performance,Plan too new to be measured ,
H7074,HD5,Health Plan Customer Service,Plan too new to be measured ,
H7074,DD1,Drug Plan Customer Service,4,4
H7074,DD2,Member Complaints and Changes in the Drug Plan’s Performance,Plan too new to be measured ,
H7074,DD3,Member Experience with the Drug Plan,Plan too new to be measured ,
H7074,DD4,Drug Safety and Accuracy of Drug Pricing,Plan too new to be measured,
H7093,HD1,"Staying Healthy: Screenings, Tests and Vaccines",3,3
H7093,HD2,Managing Chronic (Long Term) Conditions,3,3
H7093,HD3,Member Experience with Health Plan,3,3
H7093,HD4,Member Complaints and Changes in the Health Plan's Performance,3,3
H7093,HD5,Health Plan Customer Service,4,4
H7093,DD1,Drug Plan Customer Service,4,4
H7093,DD2,Member Complaints and Changes in the Drug Plan’s Performance,3,3
H7093,DD3,Member Experience with the Drug Plan,1,1
H7093,DD4,Drug Safety and Accuracy of Drug Pricing,3,3
H7115,HD1,"Staying Healthy: Screenings, Tests and Vaccines",4,4
H7115,HD2,Managing Chronic (Long Term) Conditions,3,3
H7115,HD3,Member Experience with Health Plan,3,3
H7115,HD4,Member Complaints and Changes in the Health Plan's Performance,4,4
H7115,HD5,Health Plan Customer Service,1,1
H7115,DD1,Drug Plan Customer Service,2,2
H7115,DD2,Member Complaints and Changes in the Drug Plan’s Performance,4,4
H7115,DD3,Member Experience with the Drug Plan,5,5
H7115,DD4,Drug Safety and Accuracy of Drug Pricing,3,3
H7123,HD1,"Staying Healthy: Screenings, Tests and Vaccines",3,3
H7123,HD2,Managing Chronic (Long Term) Conditions,3,3
H7123,HD3,Member Experience with Health Plan,4,4
H7123,HD4,Member Complaints and Changes in the Health Plan's Performance,Not enough data available ,
H7123,HD5,Health Plan Customer Service,4,4
H7123,DD1,Drug Plan Customer Service,3,3
H7123,DD2,Member Complaints and Changes in the Drug Plan’s Performance,Not enough data available ,
H7123,DD3,Member Experience with the Drug Plan,5,5
H7123,DD4,Drug Safety and Accuracy of Drug Pricing,3,3
H7147,HD1,"Staying Healthy: Screenings, Tests and Vaccines",Plan too new to be measured ,
H7147,HD2,Managing Chronic (Long Term) Conditions,Plan too new to be measured ,
H7147,HD3,Member Experience with Health Plan,Plan too new to be measured ,
H7147,HD4,Member Complaints and Changes in the Health Plan's Performance,Plan too new to be measured ,
H7147,HD5,Health Plan Customer Service,Plan too new to be measured ,
H7147,DD1,Drug Plan Customer Service,4,4
H7147,DD2,Member Complaints and Changes in the Drug Plan’s Performance,Plan too new to be measured ,
H7147,DD3,Member Experience with the Drug Plan,Plan too new to be measured ,
H7147,DD4,Drug Safety and Accuracy of Drug Pricing,Plan too new to be measured,
H7149,HD1,"Staying Healthy: Screenings, Tests and Vaccines",3,3
H7149,HD2,Managing Chronic (Long Term) Conditions,4,4
H7149,HD3,Member Experience with Health Plan,4,4
H7149,HD4,Member Complaints and Changes in the Health Plan's Performance,3,3
H7149,HD5,Health Plan Customer Service,4,4
H7149,DD1,Drug Plan Customer Service,4,4
H7149,DD2,Member Complaints and Changes in the Drug Plan’s Performance,4,4
H7149,DD3,Member Experience with the Drug Plan,4,4
H7149,DD4,Drug Safety and Accuracy of Drug Pricing,3,3
H7151,HD1,"Staying Healthy: Screenings, Tests and Vaccines",Plan too new to be measured ,
H7151,HD2,Managing Chronic (Long Term) Conditions,4,4
H7151,HD3,Member Experience with Health Plan,3,3
H7151,HD4,Member Complaints and Changes in the Health Plan's Performance,3,3
H7151,HD5,Health Plan Customer Service,5,5
H7151,DD1,Drug Plan Customer Service,4,4
H7151,DD2,Member Complaints and Changes in the Drug Plan’s Performance,3,3
H7151,DD3,Member Experience with the Drug Plan,4,4
H7151,DD4,Drug Safety and Accuracy of Drug Pricing,4,4
H7163,HD1,"Staying Healthy: Screenings, Tests and Vaccines",Not enough data available ,
H7163,HD2,Managing Chronic (Long Term) Conditions,Not enough data available ,
H7163,HD3,Member Experience with Health Plan,Not enough data available ,
H7163,HD4,Member Complaints and Changes in the Health Plan's Performance,Not enough data available ,
H7163,HD5,Health Plan Customer Service,5,5
H7163,DD1,Drug Plan Customer Service,3,3
H7163,DD2,Member Complaints and Changes in the Drug Plan’s Performance,Not enough data available ,
H7163,DD3,Member Experience with the Drug Plan,Not enough data available ,
H7163,DD4,Drug Safety and Accuracy of Drug Pricing,2,2
H7165,HD1,"Staying Healthy: Screenings, Tests and Vaccines",Not enough data available ,
H7165,HD2,Managing Chronic (Long Term) Conditions,Not enough data available ,
H7165,HD3,Member Experience with Health Plan,Not enough data available ,
H7165,HD4,Member Complaints and Changes in the Health Plan's Performance,Not enough data available ,
H7165,HD5,Health Plan Customer Service,Not enough data available ,
H7165,DD1,Drug Plan Customer Service,3,3
H7165,DD2,Member Complaints and Changes in the Drug Plan’s Performance,Not enough data available ,
H7165,DD3,Member Experience with the Drug Plan,Not enough data available ,
H7165,DD4,Drug Safety and Accuracy of Drug Pricing,Not enough data available,
H7169,HD1,"Staying Healthy: Screenings, Tests and Vaccines",Plan too new to be measured ,
H7169,HD2,Managing Chronic (Long Term) Conditions,Plan too new to be measured ,
H7169,HD3,Member Experience with Health Plan,3,3
H7169,HD4,Member Complaints and Changes in the Health Plan's Performance,1,1
H7169,HD5,Health Plan Customer Service,Plan too new to be measured ,
H7169,DD1,Drug Plan Customer Service,5,5
H7169,DD2,Member Complaints and Changes in the Drug Plan’s Performance,1,1
H7169,DD3,Member Experience with the Drug Plan,2,2
H7169,DD4,Drug Safety and Accuracy of Drug Pricing,2,2
H7172,HD1,"Staying Healthy: Screenings, Tests and Vaccines",Not enough data available ,
H7172,HD2,Managing Chronic (Long Term) Conditions,Not enough data available ,
H7172,HD3,Member Experience with Health Plan,Not enough data available ,
H7172,HD4,Member Complaints and Changes in the Health Plan's Performance,Not enough data available ,
H7172,HD5,Health Plan Customer Service,Not enough data available ,
H7172,DD1,Drug Plan Customer Service,Not enough data available ,
H7172,DD2,Member Complaints and Changes in the Drug Plan’s Performance,Not enough data available ,
H7172,DD3,Member Experience with the Drug Plan,Not enough data available ,
H7172,DD4,Drug Safety and Accuracy of Drug Pricing,Not enough data available,
H7175,HD1,"Staying Healthy: Screenings, Tests and Vaccines",3,3
H7175,HD2,Managing Chronic (Long Term) Conditions,2,2
H7175,HD3,Member Experience with Health Plan,3,3
H7175,HD4,Member Complaints and Changes in the Health Plan's Performance,2,2
H7175,HD5,Health Plan Customer Service,3,3
H7175,DD1,Drug Plan Customer Service,5,5
H7175,DD2,Member Complaints and Changes in the Drug Plan’s Performance,2,2
H7175,DD3,Member Experience with the Drug Plan,3,3
H7175,DD4,Drug Safety and Accuracy of Drug Pricing,3,3
H7199,HD1,"Staying Healthy: Screenings, Tests and Vaccines",Plan too new to be measured ,
H7199,HD2,Managing Chronic (Long Term) Conditions,Plan too new to be measured ,
H7199,HD3,Member Experience with Health Plan,Plan too new to be measured ,
H7199,HD4,Member Complaints and Changes in the Health Plan's Performance,Plan too new to be measured ,
H7199,HD5,Health Plan Customer Service,Plan too new to be measured ,
H7199,DD1,Drug Plan Customer Service,4,4
H7199,DD2,Member Complaints and Changes in the Drug Plan’s Performance,Plan too new to be measured ,
H7199,DD3,Member Experience with the Drug Plan,Plan too new to be measured ,
H7199,DD4,Drug Safety and Accuracy of Drug Pricing,Plan too new to be measured,
H7220,HD1,"Staying Healthy: Screenings, Tests and Vaccines",5,5
H7220,HD2,Managing Chronic (Long Term) Conditions,4,4
H7220,HD3,Member Experience with Health Plan,4,4
H7220,HD4,Member Complaints and Changes in the Health Plan's Performance,4,4
H7220,HD5,Health Plan Customer Service,4,4
H7220,DD1,Drug Plan Customer Service,2,2
H7220,DD2,Member Complaints and Changes in the Drug Plan’s Performance,5,5
H7220,DD3,Member Experience with the Drug Plan,4,4
H7220,DD4,Drug Safety and Accuracy of Drug Pricing,3,3
H7245,HD1,"Staying Healthy: Screenings, Tests and Vaccines",4,4
H7245,HD2,Managing Chronic (Long Term) Conditions,3,3
H7245,HD3,Member Experience with Health Plan,2,2
H7245,HD4,Member Complaints and Changes in the Health Plan's Performance,5,5
H7245,HD5,Health Plan Customer Service,2,2
H7245,DD1,Drug Plan Customer Service,3,3
H7245,DD2,Member Complaints and Changes in the Drug Plan’s Performance,5,5
H7245,DD3,Member Experience with the Drug Plan,3,3
H7245,DD4,Drug Safety and Accuracy of Drug Pricing,4,4
H7273,HD1,"Staying Healthy: Screenings, Tests and Vaccines",Not enough data available ,
H7273,HD2,Managing Chronic (Long Term) Conditions,Not enough data available ,
H7273,HD3,Member Experience with Health Plan,Not enough data available ,
H7273,HD4,Member Complaints and Changes in the Health Plan's Performance,Not enough data available ,
H7273,HD5,Health Plan Customer Service,Not enough data available ,
H7273,DD1,Drug Plan Customer Service,3,3
H7273,DD2,Member Complaints and Changes in the Drug Plan’s Performance,Not enough data available ,
H7273,DD3,Member Experience with the Drug Plan,Not enough data available ,
H7273,DD4,Drug Safety and Accuracy of Drug Pricing,4,4
H7284,HD1,"Staying Healthy: Screenings, Tests and Vaccines",4,4
H7284,HD2,Managing Chronic (Long Term) Conditions,4,4
H7284,HD3,Member Experience with Health Plan,4,4
H7284,HD4,Member Complaints and Changes in the Health Plan's Performance,4,4
H7284,HD5,Health Plan Customer Service,5,5
H7284,DD1,Drug Plan Customer Service,5,5
H7284,DD2,Member Complaints and Changes in the Drug Plan’s Performance,3,3
H7284,DD3,Member Experience with the Drug Plan,4,4
H7284,DD4,Drug Safety and Accuracy of Drug Pricing,3,3
H7301,HD1,"Staying Healthy: Screenings, Tests and Vaccines",3,3
H7301,HD2,Managing Chronic (Long Term) Conditions,3,3
H7301,HD3,Member Experience with Health Plan,4,4
H7301,HD4,Member Complaints and Changes in the Health Plan's Performance,4,4
H7301,HD5,Health Plan Customer Service,3,3
H7301,DD1,Drug Plan Customer Service,4,4
H7301,DD2,Member Complaints and Changes in the Drug Plan’s Performance,5,5
H7301,DD3,Member Experience with the Drug Plan,4,4
H7301,DD4,Drug Safety and Accuracy of Drug Pricing,4,4
H7323,HD1,"Staying Healthy: Screenings, Tests and Vaccines",3,3
H7323,HD2,Managing Chronic (Long Term) Conditions,2,2
H7323,HD3,Member Experience with Health Plan,2,2
H7323,HD4,Member Complaints and Changes in the Health Plan's Performance,2,2
H7323,HD5,Health Plan Customer Service,Not enough data available ,
H7323,DD1,Drug Plan Customer Service,5,5
H7323,DD2,Member Complaints and Changes in the Drug Plan’s Performance,2,2
H7323,DD3,Member Experience with the Drug Plan,4,4
H7323,DD4,Drug Safety and Accuracy of Drug Pricing,3,3
H7326,HD1,"Staying Healthy: Screenings, Tests and Vaccines",3,3
H7326,HD2,Managing Chronic (Long Term) Conditions,2,2
H7326,HD3,Member Experience with Health Plan,4,4
H7326,HD4,Member Complaints and Changes in the Health Plan's Performance,3,3
H7326,HD5,Health Plan Customer Service,4,4
H7326,DD1,Drug Plan Customer Service,5,5
H7326,DD2,Member Complaints and Changes in the Drug Plan’s Performance,3,3
H7326,DD3,Member Experience with the Drug Plan,4,4
H7326,DD4,Drug Safety and Accuracy of Drug Pricing,3,3
H7330,HD1,"Staying Healthy: Screenings, Tests and Vaccines",2,2
H7330,HD2,Managing Chronic (Long Term) Conditions,Not enough data available ,
H7330,HD3,Member Experience with Health Plan,2,2
H7330,HD4,Member Complaints and Changes in the Health Plan's Performance,2,2
H7330,HD5,Health Plan Customer Service,Not enough data available ,
H7330,DD1,Drug Plan Customer Service,3,3
H7330,DD2,Member Complaints and Changes in the Drug Plan’s Performance,2,2
H7330,DD3,Member Experience with the Drug Plan,Not enough data available ,
H7330,DD4,Drug Safety and Accuracy of Drug Pricing,3,3
H7360,HD1,"Staying Healthy: Screenings, Tests and Vaccines",Plan too new to be measured ,
H7360,HD2,Managing Chronic (Long Term) Conditions,Plan too new to be measured ,
H7360,HD3,Member Experience with Health Plan,Plan too new to be measured ,
H7360,HD4,Member Complaints and Changes in the Health Plan's Performance,Plan too new to be measured ,
H7360,HD5,Health Plan Customer Service,Plan too new to be measured ,
H7360,DD1,Drug Plan Customer Service,5,5
H7360,DD2,Member Complaints and Changes in the Drug Plan’s Performance,Plan too new to be measured ,
H7360,DD3,Member Experience with the Drug Plan,Plan too new to be measured ,
H7360,DD4,Drug Safety and Accuracy of Drug Pricing,2,2
H7379,HD1,"Staying Healthy: Screenings, Tests and Vaccines",4,4
H7379,HD2,Managing Chronic (Long Term) Conditions,Plan too new to be measured ,
H7379,HD3,Member Experience with Health Plan,4,4
H7379,HD4,Member Complaints and Changes in the Health Plan's Performance,Plan too new to be measured ,
H7379,HD5,Health Plan Customer Service,Plan too new to be measured ,
H7379,DD1,Drug Plan Customer Service,Plan too new to be measured ,
H7379,DD2,Member Complaints and Changes in the Drug Plan’s Performance,Plan too new to be measured ,
H7379,DD3,Member Experience with the Drug Plan,3,3
H7379,DD4,Drug Safety and Accuracy of Drug Pricing,4,4
H7389,HD1,"Staying Healthy: Screenings, Tests and Vaccines",Plan too new to be measured ,
H7389,HD2,Managing Chronic (Long Term) Conditions,Plan too new to be measured ,
H7389,HD3,Member Experience with Health Plan,Plan too new to be measured ,
H7389,HD4,Member Complaints and Changes in the Health Plan's Performance,Plan too new to be measured ,
H7389,HD5,Health Plan Customer Service,Plan too new to be measured ,
H7389,DD1,Drug Plan Customer Service,3,3
H7389,DD2,Member Complaints and Changes in the Drug Plan’s Performance,Plan too new to be measured ,
H7389,DD3,Member Experience with the Drug Plan,Plan too new to be measured ,
H7389,DD4,Drug Safety and Accuracy of Drug Pricing,2,2
H7399,HD1,"Staying Healthy: Screenings, Tests and Vaccines",3,3
H7399,HD2,Managing Chronic (Long Term) Conditions,3,3
H7399,HD3,Member Experience with Health Plan,3,3
H7399,HD4,Member Complaints and Changes in the Health Plan's Performance,1,1
H7399,HD5,Health Plan Customer Service,Not enough data available ,
H7399,DD1,Drug Plan Customer Service,5,5
H7399,DD2,Member Complaints and Changes in the Drug Plan’s Performance,2,2
H7399,DD3,Member Experience with the Drug Plan,4,4
H7399,DD4,Drug Safety and Accuracy of Drug Pricing,3,3
H7404,HD1,"Staying Healthy: Screenings, Tests and Vaccines",4,4
H7404,HD2,Managing Chronic (Long Term) Conditions,3,3
H7404,HD3,Member Experience with Health Plan,3,3
H7404,HD4,Member Complaints and Changes in the Health Plan's Performance,3,3
H7404,HD5,Health Plan Customer Service,5,5
H7404,DD1,Drug Plan Customer Service,4,4
H7404,DD2,Member Complaints and Changes in the Drug Plan’s Performance,4,4
H7404,DD3,Member Experience with the Drug Plan,3,3
H7404,DD4,Drug Safety and Accuracy of Drug Pricing,4,4
H7419,HD1,"Staying Healthy: Screenings, Tests and Vaccines",Not enough data available ,
H7419,HD2,Managing Chronic (Long Term) Conditions,Not enough data available ,
H7419,HD3,Member Experience with Health Plan,Not enough data available ,
H7419,HD4,Member Complaints and Changes in the Health Plan's Performance,Not enough data available ,
H7419,HD5,Health Plan Customer Service,Not enough data available ,
H7419,DD1,Drug Plan Customer Service,Not enough data available ,
H7419,DD2,Member Complaints and Changes in the Drug Plan’s Performance,Not enough data available ,
H7419,DD3,Member Experience with the Drug Plan,Not enough data available ,
H7419,DD4,Drug Safety and Accuracy of Drug Pricing,Not enough data available,
H7464,HD1,"Staying Healthy: Screenings, Tests and Vaccines",3,3
H7464,HD2,Managing Chronic (Long Term) Conditions,3,3
H7464,HD3,Member Experience with Health Plan,3,3
H7464,HD4,Member Complaints and Changes in the Health Plan's Performance,3,3
H7464,HD5,Health Plan Customer Service,4,4
H7464,DD1,Drug Plan Customer Service,4,4
H7464,DD2,Member Complaints and Changes in the Drug Plan’s Performance,3,3
H7464,DD3,Member Experience with the Drug Plan,4,4
H7464,DD4,Drug Safety and Accuracy of Drug Pricing,3,3
H7511,HD1,"Staying Healthy: Screenings, Tests and Vaccines",Not enough data available ,
H7511,HD2,Managing Chronic (Long Term) Conditions,Not enough data available ,
H7511,HD3,Member Experience with Health Plan,Not enough data available ,
H7511,HD4,Member Complaints and Changes in the Health Plan's Performance,Not enough data available ,
H7511,HD5,Health Plan Customer Service,Not enough data available ,
H7511,DD1,Drug Plan Customer Service,2,2
H7511,DD2,Member Complaints and Changes in the Drug Plan’s Performance,Not enough data available ,
H7511,DD3,Member Experience with the Drug Plan,Not enough data available ,
H7511,DD4,Drug Safety and Accuracy of Drug Pricing,5,5
H7512,HD1,"Staying Healthy: Screenings, Tests and Vaccines",Plan too new to be measured ,
H7512,HD2,Managing Chronic (Long Term) Conditions,Plan too new to be measured ,
H7512,HD3,Member Experience with Health Plan,3,3
H7512,HD4,Member Complaints and Changes in the Health Plan's Performance,1,1
H7512,HD5,Health Plan Customer Service,Plan too new to be measured ,
H7512,DD1,Drug Plan Customer Service,5,5
H7512,DD2,Member Complaints and Changes in the Drug Plan’s Performance,1,1
H7512,DD3,Member Experience with the Drug Plan,2,2
H7512,DD4,Drug Safety and Accuracy of Drug Pricing,4,4
H7518,HD1,"Staying Healthy: Screenings, Tests and Vaccines",2,2
H7518,HD2,Managing Chronic (Long Term) Conditions,2,2
H7518,HD3,Member Experience with Health Plan,3,3
H7518,HD4,Member Complaints and Changes in the Health Plan's Performance,1,1
H7518,HD5,Health Plan Customer Service,Not enough data available ,
H7518,DD1,Drug Plan Customer Service,5,5
H7518,DD2,Member Complaints and Changes in the Drug Plan’s Performance,2,2
H7518,DD3,Member Experience with the Drug Plan,3,3
H7518,DD4,Drug Safety and Accuracy of Drug Pricing,3,3
H7522,HD1,"Staying Healthy: Screenings, Tests and Vaccines",3,3
H7522,HD2,Managing Chronic (Long Term) Conditions,4,4
H7522,HD3,Member Experience with Health Plan,4,4
H7522,HD4,Member Complaints and Changes in the Health Plan's Performance,5,5
H7522,HD5,Health Plan Customer Service,Not enough data available ,
H7522,DD1,Drug Plan Customer Service,Not enough data available ,
H7522,DD2,Member Complaints and Changes in the Drug Plan’s Performance,4,4
H7522,DD3,Member Experience with the Drug Plan,5,5
H7522,DD4,Drug Safety and Accuracy of Drug Pricing,3,3
H7524,HD1,"Staying Healthy: Screenings, Tests and Vaccines",Plan too new to be measured ,
H7524,HD2,Managing Chronic (Long Term) Conditions,Plan too new to be measured ,
H7524,HD3,Member Experience with Health Plan,Plan too new to be measured ,
H7524,HD4,Member Complaints and Changes in the Health Plan's Performance,Plan too new to be measured ,
H7524,HD5,Health Plan Customer Service,Plan too new to be measured ,
H7524,DD1,Drug Plan Customer Service,Plan too new to be measured ,
H7524,DD2,Member Complaints and Changes in the Drug Plan’s Performance,Plan too new to be measured ,
H7524,DD3,Member Experience with the Drug Plan,Plan too new to be measured ,
H7524,DD4,Drug Safety and Accuracy of Drug Pricing,Plan too new to be measured,
H7539,HD1,"Staying Healthy: Screenings, Tests and Vaccines",Plan too new to be measured ,
H7539,HD2,Managing Chronic (Long Term) Conditions,Plan too new to be measured ,
H7539,HD3,Member Experience with Health Plan,Plan too new to be measured ,
H7539,HD4,Member Complaints and Changes in the Health Plan's Performance,Plan too new to be measured ,
H7539,HD5,Health Plan Customer Service,Plan too new to be measured ,
H7539,DD1,Drug Plan Customer Service,Plan too new to be measured ,
H7539,DD2,Member Complaints and Changes in the Drug Plan’s Performance,Plan too new to be measured ,
H7539,DD3,Member Experience with the Drug Plan,Plan too new to be measured ,
H7539,DD4,Drug Safety and Accuracy of Drug Pricing,Plan too new to be measured,
H7557,HD1,"Staying Healthy: Screenings, Tests and Vaccines",Not enough data available ,
H7557,HD2,Managing Chronic (Long Term) Conditions,Not enough data available ,
H7557,HD3,Member Experience with Health Plan,Not enough data available ,
H7557,HD4,Member Complaints and Changes in the Health Plan's Performance,Not enough data available ,
H7557,HD5,Health Plan Customer Service,2,2
H7557,DD1,Drug Plan Customer Service,2,2
H7557,DD2,Member Complaints and Changes in the Drug Plan’s Performance,Not enough data available ,
H7557,DD3,Member Experience with the Drug Plan,Not enough data available ,
H7557,DD4,Drug Safety and Accuracy of Drug Pricing,3,3
H7559,HD1,"Staying Healthy: Screenings, Tests and Vaccines",1,1
H7559,HD2,Managing Chronic (Long Term) Conditions,1,1
H7559,HD3,Member Experience with Health Plan,3,3
H7559,HD4,Member Complaints and Changes in the Health Plan's Performance,3,3
H7559,HD5,Health Plan Customer Service,Not enough data available ,
H7559,DD1,Drug Plan Customer Service,4,4
H7559,DD2,Member Complaints and Changes in the Drug Plan’s Performance,3,3
H7559,DD3,Member Experience with the Drug Plan,Not enough data available ,
H7559,DD4,Drug Safety and Accuracy of Drug Pricing,2,2
H7598,HD1,"Staying Healthy: Screenings, Tests and Vaccines",Not enough data available ,
H7598,HD2,Managing Chronic (Long Term) Conditions,Not enough data available ,
H7598,HD3,Member Experience with Health Plan,Not enough data available ,
H7598,HD4,Member Complaints and Changes in the Health Plan's Performance,Not enough data available ,
H7598,HD5,Health Plan Customer Service,Not enough data available ,
H7598,DD1,Drug Plan Customer Service,3,3
H7598,DD2,Member Complaints and Changes in the Drug Plan’s Performance,Not enough data available ,
H7598,DD3,Member Experience with the Drug Plan,Not enough data available ,
H7598,DD4,Drug Safety and Accuracy of Drug Pricing,Not enough data available,
H7605,HD1,"Staying Healthy: Screenings, Tests and Vaccines",Plan too new to be measured ,
H7605,HD2,Managing Chronic (Long Term) Conditions,Plan too new to be measured ,
H7605,HD3,Member Experience with Health Plan,Plan too new to be measured ,
H7605,HD4,Member Complaints and Changes in the Health Plan's Performance,Plan too new to be measured ,
H7605,HD5,Health Plan Customer Service,Plan too new to be measured ,
H7605,DD1,Drug Plan Customer Service,4,4
H7605,DD2,Member Complaints and Changes in the Drug Plan’s Performance,Plan too new to be measured ,
H7605,DD3,Member Experience with the Drug Plan,Plan too new to be measured ,
H7605,DD4,Drug Safety and Accuracy of Drug Pricing,Plan too new to be measured,
H7607,HD1,"Staying Healthy: Screenings, Tests and Vaccines",4,4
H7607,HD2,Managing Chronic (Long Term) Conditions,Not enough data available ,
H7607,HD3,Member Experience with Health Plan,Not enough data available ,
H7607,HD4,Member Complaints and Changes in the Health Plan's Performance,4,4
H7607,HD5,Health Plan Customer Service,Not enough data available ,
H7607,DD1,Drug Plan Customer Service,3,3
H7607,DD2,Member Complaints and Changes in the Drug Plan’s Performance,4,4
H7607,DD3,Member Experience with the Drug Plan,Not enough data available ,
H7607,DD4,Drug Safety and Accuracy of Drug Pricing,4,4
H7617,HD1,"Staying Healthy: Screenings, Tests and Vaccines",5,5
H7617,HD2,Managing Chronic (Long Term) Conditions,4,4
H7617,HD3,Member Experience with Health Plan,5,5
H7617,HD4,Member Complaints and Changes in the Health Plan's Performance,Not enough data available ,
H7617,HD5,Health Plan Customer Service,5,5
H7617,DD1,Drug Plan Customer Service,Not enough data available ,
H7617,DD2,Member Complaints and Changes in the Drug Plan’s Performance,Not enough data available ,
H7617,DD3,Member Experience with the Drug Plan,5,5
H7617,DD4,Drug Safety and Accuracy of Drug Pricing,4,4
H7621,HD1,"Staying Healthy: Screenings, Tests and Vaccines",3,3
H7621,HD2,Managing Chronic (Long Term) Conditions,3,3
H7621,HD3,Member Experience with Health Plan,2,2
H7621,HD4,Member Complaints and Changes in the Health Plan's Performance,3,3
H7621,HD5,Health Plan Customer Service,5,5
H7621,DD1,Drug Plan Customer Service,5,5
H7621,DD2,Member Complaints and Changes in the Drug Plan’s Performance,3,3
H7621,DD3,Member Experience with the Drug Plan,4,4
H7621,DD4,Drug Safety and Accuracy of Drug Pricing,3,3
H7646,HD1,"Staying Healthy: Screenings, Tests and Vaccines",5,5
H7646,HD2,Managing Chronic (Long Term) Conditions,4,4
H7646,HD3,Member Experience with Health Plan,4,4
H7646,HD4,Member Complaints and Changes in the Health Plan's Performance,4,4
H7646,HD5,Health Plan Customer Service,5,5
H7646,DD1,Drug Plan Customer Service,5,5
H7646,DD2,Member Complaints and Changes in the Drug Plan’s Performance,4,4
H7646,DD3,Member Experience with the Drug Plan,4,4
H7646,DD4,Drug Safety and Accuracy of Drug Pricing,3,3
H7670,HD1,"Staying Healthy: Screenings, Tests and Vaccines",Plan too new to be measured ,
H7670,HD2,Managing Chronic (Long Term) Conditions,Plan too new to be measured ,
H7670,HD3,Member Experience with Health Plan,Plan too new to be measured ,
H7670,HD4,Member Complaints and Changes in the Health Plan's Performance,Plan too new to be measured ,
H7670,HD5,Health Plan Customer Service,Plan too new to be measured ,
H7670,DD1,Drug Plan Customer Service,4,4
H7670,DD2,Member Complaints and Changes in the Drug Plan’s Performance,Plan too new to be measured ,
H7670,DD3,Member Experience with the Drug Plan,Plan too new to be measured ,
H7670,DD4,Drug Safety and Accuracy of Drug Pricing,Plan too new to be measured,
H7678,HD1,"Staying Healthy: Screenings, Tests and Vaccines",3,3
H7678,HD2,Managing Chronic (Long Term) Conditions,3,3
H7678,HD3,Member Experience with Health Plan,2,2
H7678,HD4,Member Complaints and Changes in the Health Plan's Performance,2,2
H7678,HD5,Health Plan Customer Service,5,5
H7678,DD1,Drug Plan Customer Service,4,4
H7678,DD2,Member Complaints and Changes in the Drug Plan’s Performance,2,2
H7678,DD3,Member Experience with the Drug Plan,2,2
H7678,DD4,Drug Safety and Accuracy of Drug Pricing,2,2
H7680,HD1,"Staying Healthy: Screenings, Tests and Vaccines",4,4
H7680,HD2,Managing Chronic (Long Term) Conditions,4,4
H7680,HD3,Member Experience with Health Plan,4,4
H7680,HD4,Member Complaints and Changes in the Health Plan's Performance,3,3
H7680,HD5,Health Plan Customer Service,5,5
H7680,DD1,Drug Plan Customer Service,4,4
H7680,DD2,Member Complaints and Changes in the Drug Plan’s Performance,3,3
H7680,DD3,Member Experience with the Drug Plan,4,4
H7680,DD4,Drug Safety and Accuracy of Drug Pricing,3,3
H7746,HD1,"Staying Healthy: Screenings, Tests and Vaccines",Plan too new to be measured ,
H7746,HD2,Managing Chronic (Long Term) Conditions,Plan too new to be measured ,
H7746,HD3,Member Experience with Health Plan,Plan too new to be measured ,
H7746,HD4,Member Complaints and Changes in the Health Plan's Performance,Plan too new to be measured ,
H7746,HD5,Health Plan Customer Service,Plan too new to be measured ,
H7746,DD1,Drug Plan Customer Service,3,3
H7746,DD2,Member Complaints and Changes in the Drug Plan’s Performance,Plan too new to be measured ,
H7746,DD3,Member Experience with the Drug Plan,Plan too new to be measured ,
H7746,DD4,Drug Safety and Accuracy of Drug Pricing,Plan too new to be measured,
H7778,HD1,"Staying Healthy: Screenings, Tests and Vaccines",Plan too new to be measured ,
H7778,HD2,Managing Chronic (Long Term) Conditions,Plan too new to be measured ,
H7778,HD3,Member Experience with Health Plan,Plan too new to be measured ,
H7778,HD4,Member Complaints and Changes in the Health Plan's Performance,Plan too new to be measured ,
H7778,HD5,Health Plan Customer Service,Plan too new to be measured ,
H7778,DD1,Drug Plan Customer Service,4,4
H7778,DD2,Member Complaints and Changes in the Drug Plan’s Performance,Plan too new to be measured ,
H7778,DD3,Member Experience with the Drug Plan,Plan too new to be measured ,
H7778,DD4,Drug Safety and Accuracy of Drug Pricing,Plan too new to be measured,
H7779,HD1,"Staying Healthy: Screenings, Tests and Vaccines",Not enough data available ,
H7779,HD2,Managing Chronic (Long Term) Conditions,4,4
H7779,HD3,Member Experience with Health Plan,Not enough data available ,
H7779,HD4,Member Complaints and Changes in the Health Plan's Performance,Not enough data available ,
H7779,HD5,Health Plan Customer Service,Not enough data available ,
H7779,DD1,Drug Plan Customer Service,2,2
H7779,DD2,Member Complaints and Changes in the Drug Plan’s Performance,Not enough data available ,
H7779,DD3,Member Experience with the Drug Plan,Not enough data available ,
H7779,DD4,Drug Safety and Accuracy of Drug Pricing,4,4
H7787,HD1,"Staying Healthy: Screenings, Tests and Vaccines",4,4
H7787,HD2,Managing Chronic (Long Term) Conditions,4,4
H7787,HD3,Member Experience with Health Plan,3,3
H7787,HD4,Member Complaints and Changes in the Health Plan's Performance,2,2
H7787,HD5,Health Plan Customer Service,4,4
H7787,DD1,Drug Plan Customer Service,3,3
H7787,DD2,Member Complaints and Changes in the Drug Plan’s Performance,2,2
H7787,DD3,Member Experience with the Drug Plan,4,4
H7787,DD4,Drug Safety and Accuracy of Drug Pricing,3,3
H7813,HD1,"Staying Healthy: Screenings, Tests and Vaccines",Plan too new to be measured ,
H7813,HD2,Managing Chronic (Long Term) Conditions,Plan too new to be measured ,
H7813,HD3,Member Experience with Health Plan,Plan too new to be measured ,
H7813,HD4,Member Complaints and Changes in the Health Plan's Performance,Plan too new to be measured ,
H7813,HD5,Health Plan Customer Service,Plan too new to be measured ,
H7813,DD1,Drug Plan Customer Service,Plan too new to be measured ,
H7813,DD2,Member Complaints and Changes in the Drug Plan’s Performance,Plan too new to be measured ,
H7813,DD3,Member Experience with the Drug Plan,Plan too new to be measured ,
H7813,DD4,Drug Safety and Accuracy of Drug Pricing,Plan too new to be measured,
H7833,HD1,"Staying Healthy: Screenings, Tests and Vaccines",Not enough data available ,
H7833,HD2,Managing Chronic (Long Term) Conditions,Not enough data available ,
H7833,HD3,Member Experience with Health Plan,Not enough data available ,
H7833,HD4,Member Complaints and Changes in the Health Plan's Performance,Not enough data available ,
H7833,HD5,Health Plan Customer Service,Not enough data available ,
H7833,DD1,Drug Plan Customer Service,Not enough data available ,
H7833,DD2,Member Complaints and Changes in the Drug Plan’s Performance,Not enough data available ,
H7833,DD3,Member Experience with the Drug Plan,Not enough data available ,
H7833,DD4,Drug Safety and Accuracy of Drug Pricing,Not enough data available,
H7844,HD1,"Staying Healthy: Screenings, Tests and Vaccines",Not enough data available ,
H7844,HD2,Managing Chronic (Long Term) Conditions,Not enough data available ,
H7844,HD3,Member Experience with Health Plan,Not enough data available ,
H7844,HD4,Member Complaints and Changes in the Health Plan's Performance,Not enough data available ,
H7844,HD5,Health Plan Customer Service,Not enough data available ,
H7844,DD1,Drug Plan Customer Service,Not enough data available ,
H7844,DD2,Member Complaints and Changes in the Drug Plan’s Performance,Not enough data available ,
H7844,DD3,Member Experience with the Drug Plan,Not enough data available ,
H7844,DD4,Drug Safety and Accuracy of Drug Pricing,Not enough data available,
H7849,HD1,"Staying Healthy: Screenings, Tests and Vaccines",3,3
H7849,HD2,Managing Chronic (Long Term) Conditions,3,3
H7849,HD3,Member Experience with Health Plan,2,2
H7849,HD4,Member Complaints and Changes in the Health Plan's Performance,3,3
H7849,HD5,Health Plan Customer Service,4,4
H7849,DD1,Drug Plan Customer Service,3,3
H7849,DD2,Member Complaints and Changes in the Drug Plan’s Performance,3,3
H7849,DD3,Member Experience with the Drug Plan,3,3
H7849,DD4,Drug Safety and Accuracy of Drug Pricing,3,3
H7917,HD1,"Staying Healthy: Screenings, Tests and Vaccines",4,4
H7917,HD2,Managing Chronic (Long Term) Conditions,3,3
H7917,HD3,Member Experience with Health Plan,5,5
H7917,HD4,Member Complaints and Changes in the Health Plan's Performance,4,4
H7917,HD5,Health Plan Customer Service,5,5
H7917,DD1,Drug Plan Customer Service,5,5
H7917,DD2,Member Complaints and Changes in the Drug Plan’s Performance,4,4
H7917,DD3,Member Experience with the Drug Plan,4,4
H7917,DD4,Drug Safety and Accuracy of Drug Pricing,3,3
H7925,HD1,"Staying Healthy: Screenings, Tests and Vaccines",3,3
H7925,HD2,Managing Chronic (Long Term) Conditions,3,3
H7925,HD3,Member Experience with Health Plan,3,3
H7925,HD4,Member Complaints and Changes in the Health Plan's Performance,3,3
H7925,HD5,Health Plan Customer Service,Not enough data available ,
H7925,DD1,Drug Plan Customer Service,5,5
H7925,DD2,Member Complaints and Changes in the Drug Plan’s Performance,3,3
H7925,DD3,Member Experience with the Drug Plan,3,3
H7925,DD4,Drug Safety and Accuracy of Drug Pricing,3,3
H7993,HD1,"Staying Healthy: Screenings, Tests and Vaccines",5,5
H7993,HD2,Managing Chronic (Long Term) Conditions,4,4
H7993,HD3,Member Experience with Health Plan,4,4
H7993,HD4,Member Complaints and Changes in the Health Plan's Performance,4,4
H7993,HD5,Health Plan Customer Service,5,5
H7993,DD1,Drug Plan Customer Service,4,4
H7993,DD2,Member Complaints and Changes in the Drug Plan’s Performance,3,3
H7993,DD3,Member Experience with the Drug Plan,5,5
H7993,DD4,Drug Safety and Accuracy of Drug Pricing,4,4
H8003,HD1,"Staying Healthy: Screenings, Tests and Vaccines",3,3
H8003,HD2,Managing Chronic (Long Term) Conditions,3,3
H8003,HD3,Member Experience with Health Plan,4,4
H8003,HD4,Member Complaints and Changes in the Health Plan's Performance,5,5
H8003,HD5,Health Plan Customer Service,4,4
H8003,DD1,Drug Plan Customer Service,3,3
H8003,DD2,Member Complaints and Changes in the Drug Plan’s Performance,5,5
H8003,DD3,Member Experience with the Drug Plan,3,3
H8003,DD4,Drug Safety and Accuracy of Drug Pricing,3,3
H8010,HD1,"Staying Healthy: Screenings, Tests and Vaccines",4,4
H8010,HD2,Managing Chronic (Long Term) Conditions,4,4
H8010,HD3,Member Experience with Health Plan,2,2
H8010,HD4,Member Complaints and Changes in the Health Plan's Performance,4,4
H8010,HD5,Health Plan Customer Service,4,4
H8010,DD1,Drug Plan Customer Service,4,4
H8010,DD2,Member Complaints and Changes in the Drug Plan’s Performance,4,4
H8010,DD3,Member Experience with the Drug Plan,1,1
H8010,DD4,Drug Safety and Accuracy of Drug Pricing,2,2
H8014,HD1,"Staying Healthy: Screenings, Tests and Vaccines",Plan too new to be measured ,
H8014,HD2,Managing Chronic (Long Term) Conditions,Plan too new to be measured ,
H8014,HD3,Member Experience with Health Plan,Plan too new to be measured ,
H8014,HD4,Member Complaints and Changes in the Health Plan's Performance,Plan too new to be measured ,
H8014,HD5,Health Plan Customer Service,Plan too new to be measured ,
H8014,DD1,Drug Plan Customer Service,3,3
H8014,DD2,Member Complaints and Changes in the Drug Plan’s Performance,Plan too new to be measured ,
H8014,DD3,Member Experience with the Drug Plan,Plan too new to be measured ,
H8014,DD4,Drug Safety and Accuracy of Drug Pricing,Plan too new to be measured,
H8019,HD1,"Staying Healthy: Screenings, Tests and Vaccines",4,4
H8019,HD2,Managing Chronic (Long Term) Conditions,Not enough data available ,
H8019,HD3,Member Experience with Health Plan,5,5
H8019,HD4,Member Complaints and Changes in the Health Plan's Performance,Not enough data available ,
H8019,HD5,Health Plan Customer Service,5,5
H8019,DD1,Drug Plan Customer Service,3,3
H8019,DD2,Member Complaints and Changes in the Drug Plan’s Performance,Not enough data available ,
H8019,DD3,Member Experience with the Drug Plan,4,4
H8019,DD4,Drug Safety and Accuracy of Drug Pricing,3,3
H8026,HD1,"Staying Healthy: Screenings, Tests and Vaccines",Not enough data available ,
H8026,HD2,Managing Chronic (Long Term) Conditions,Not enough data available ,
H8026,HD3,Member Experience with Health Plan,Not enough data available ,
H8026,HD4,Member Complaints and Changes in the Health Plan's Performance,Not enough data available ,
H8026,HD5,Health Plan Customer Service,Not enough data available ,
H8026,DD1,Drug Plan Customer Service,Not enough data available ,
H8026,DD2,Member Complaints and Changes in the Drug Plan’s Performance,Not enough data available ,
H8026,DD3,Member Experience with the Drug Plan,Not enough data available ,
H8026,DD4,Drug Safety and Accuracy of Drug Pricing,Not enough data available,
H8046,HD1,"Staying Healthy: Screenings, Tests and Vaccines",Not enough data available ,
H8046,HD2,Managing Chronic (Long Term) Conditions,Not enough data available ,
H8046,HD3,Member Experience with Health Plan,Not enough data available ,
H8046,HD4,Member Complaints and Changes in the Health Plan's Performance,Not enough data available ,
H8046,HD5,Health Plan Customer Service,Not enough data available ,
H8046,DD1,Drug Plan Customer Service,Not enough data available ,
H8046,DD2,Member Complaints and Changes in the Drug Plan’s Performance,Not enough data available ,
H8046,DD3,Member Experience with the Drug Plan,Not enough data available ,
H8046,DD4,Drug Safety and Accuracy of Drug Pricing,Not enough data available,
H8064,HD1,"Staying Healthy: Screenings, Tests and Vaccines",Not enough data available ,
H8064,HD2,Managing Chronic (Long Term) Conditions,Not enough data available ,
H8064,HD3,Member Experience with Health Plan,Not enough data available ,
H8064,HD4,Member Complaints and Changes in the Health Plan's Performance,Not enough data available ,
H8064,HD5,Health Plan Customer Service,Not enough data available ,
H8064,DD1,Drug Plan Customer Service,3,3
H8064,DD2,Member Complaints and Changes in the Drug Plan’s Performance,Not enough data available ,
H8064,DD3,Member Experience with the Drug Plan,Not enough data available ,
H8064,DD4,Drug Safety and Accuracy of Drug Pricing,4,4
H8067,HD1,"Staying Healthy: Screenings, Tests and Vaccines",Not enough data available ,
H8067,HD2,Managing Chronic (Long Term) Conditions,Not enough data available ,
H8067,HD3,Member Experience with Health Plan,Not enough data available ,
H8067,HD4,Member Complaints and Changes in the Health Plan's Performance,Not enough data available ,
H8067,HD5,Health Plan Customer Service,Not enough data available ,
H8067,DD1,Drug Plan Customer Service,2,2
H8067,DD2,Member Complaints and Changes in the Drug Plan’s Performance,Not enough data available ,
H8067,DD3,Member Experience with the Drug Plan,Not enough data available ,
H8067,DD4,Drug Safety and Accuracy of Drug Pricing,3,3
H8070,HD1,"Staying Healthy: Screenings, Tests and Vaccines",Plan too new to be measured ,
H8070,HD2,Managing Chronic (Long Term) Conditions,Plan too new to be measured ,
H8070,HD3,Member Experience with Health Plan,Plan too new to be measured ,
H8070,HD4,Member Complaints and Changes in the Health Plan's Performance,Plan too new to be measured ,
H8070,HD5,Health Plan Customer Service,Plan too new to be measured ,
H8070,DD1,Drug Plan Customer Service,4,4
H8070,DD2,Member Complaints and Changes in the Drug Plan’s Performance,Plan too new to be measured ,
H8070,DD3,Member Experience with the Drug Plan,Plan too new to be measured ,
H8070,DD4,Drug Safety and Accuracy of Drug Pricing,Plan too new to be measured,
H8093,HD1,"Staying Healthy: Screenings, Tests and Vaccines",Not enough data available ,
H8093,HD2,Managing Chronic (Long Term) Conditions,4,4
H8093,HD3,Member Experience with Health Plan,Not enough data available ,
H8093,HD4,Member Complaints and Changes in the Health Plan's Performance,5,5
H8093,HD5,Health Plan Customer Service,Not enough data available ,
H8093,DD1,Drug Plan Customer Service,2,2
H8093,DD2,Member Complaints and Changes in the Drug Plan’s Performance,4,4
H8093,DD3,Member Experience with the Drug Plan,Not enough data available ,
H8093,DD4,Drug Safety and Accuracy of Drug Pricing,4,4
H8095,HD1,"Staying Healthy: Screenings, Tests and Vaccines",Plan too new to be measured ,
H8095,HD2,Managing Chronic (Long Term) Conditions,Plan too new to be measured ,
H8095,HD3,Member Experience with Health Plan,Plan too new to be measured ,
H8095,HD4,Member Complaints and Changes in the Health Plan's Performance,Plan too new to be measured ,
H8095,HD5,Health Plan Customer Service,Plan too new to be measured ,
H8095,DD1,Drug Plan Customer Service,4,4
H8095,DD2,Member Complaints and Changes in the Drug Plan’s Performance,Plan too new to be measured ,
H8095,DD3,Member Experience with the Drug Plan,Plan too new to be measured ,
H8095,DD4,Drug Safety and Accuracy of Drug Pricing,4,4
H8121,HD1,"Staying Healthy: Screenings, Tests and Vaccines",Plan too new to be measured ,
H8121,HD2,Managing Chronic (Long Term) Conditions,Plan too new to be measured ,
H8121,HD3,Member Experience with Health Plan,Plan too new to be measured ,
H8121,HD4,Member Complaints and Changes in the Health Plan's Performance,Plan too new to be measured ,
H8121,HD5,Health Plan Customer Service,Plan too new to be measured ,
H8121,DD1,Drug Plan Customer Service,5,5
H8121,DD2,Member Complaints and Changes in the Drug Plan’s Performance,Plan too new to be measured ,
H8121,DD3,Member Experience with the Drug Plan,Plan too new to be measured ,
H8121,DD4,Drug Safety and Accuracy of Drug Pricing,3,3
H8133,HD1,"Staying Healthy: Screenings, Tests and Vaccines",3,3
H8133,HD2,Managing Chronic (Long Term) Conditions,2,2
H8133,HD3,Member Experience with Health Plan,3,3
H8133,HD4,Member Complaints and Changes in the Health Plan's Performance,4,4
H8133,HD5,Health Plan Customer Service,5,5
H8133,DD1,Drug Plan Customer Service,4,4
H8133,DD2,Member Complaints and Changes in the Drug Plan’s Performance,4,4
H8133,DD3,Member Experience with the Drug Plan,2,2
H8133,DD4,Drug Safety and Accuracy of Drug Pricing,3,3
H8142,HD1,"Staying Healthy: Screenings, Tests and Vaccines",5,5
H8142,HD2,Managing Chronic (Long Term) Conditions,3,3
H8142,HD3,Member Experience with Health Plan,5,5
H8142,HD4,Member Complaints and Changes in the Health Plan's Performance,4,4
H8142,HD5,Health Plan Customer Service,3,3
H8142,DD1,Drug Plan Customer Service,2,2
H8142,DD2,Member Complaints and Changes in the Drug Plan’s Performance,4,4
H8142,DD3,Member Experience with the Drug Plan,4,4
H8142,DD4,Drug Safety and Accuracy of Drug Pricing,3,3
H8145,HD1,"Staying Healthy: Screenings, Tests and Vaccines",3,3
H8145,HD2,Managing Chronic (Long Term) Conditions,3,3
H8145,HD3,Member Experience with Health Plan,4,4
H8145,HD4,Member Complaints and Changes in the Health Plan's Performance,4,4
H8145,HD5,Health Plan Customer Service,4,4
H8145,DD1,Drug Plan Customer Service,5,5
H8145,DD2,Member Complaints and Changes in the Drug Plan’s Performance,5,5
H8145,DD3,Member Experience with the Drug Plan,5,5
H8145,DD4,Drug Safety and Accuracy of Drug Pricing,3,3
H8166,HD1,"Staying Healthy: Screenings, Tests and Vaccines",4,4
H8166,HD2,Managing Chronic (Long Term) Conditions,4,4
H8166,HD3,Member Experience with Health Plan,3,3
H8166,HD4,Member Complaints and Changes in the Health Plan's Performance,5,5
H8166,HD5,Health Plan Customer Service,5,5
H8166,DD1,Drug Plan Customer Service,3,3
H8166,DD2,Member Complaints and Changes in the Drug Plan’s Performance,5,5
H8166,DD3,Member Experience with the Drug Plan,3,3
H8166,DD4,Drug Safety and Accuracy of Drug Pricing,4,4
H8173,HD1,"Staying Healthy: Screenings, Tests and Vaccines",3,3
H8173,HD2,Managing Chronic (Long Term) Conditions,4,4
H8173,HD3,Member Experience with Health Plan,3,3
H8173,HD4,Member Complaints and Changes in the Health Plan's Performance,3,3
H8173,HD5,Health Plan Customer Service,5,5
H8173,DD1,Drug Plan Customer Service,4,4
H8173,DD2,Member Complaints and Changes in the Drug Plan’s Performance,4,4
H8173,DD3,Member Experience with the Drug Plan,4,4
H8173,DD4,Drug Safety and Accuracy of Drug Pricing,4,4
H8176,HD1,"Staying Healthy: Screenings, Tests and Vaccines",2,2
H8176,HD2,Managing Chronic (Long Term) Conditions,2,2
H8176,HD3,Member Experience with Health Plan,5,5
H8176,HD4,Member Complaints and Changes in the Health Plan's Performance,2,2
H8176,HD5,Health Plan Customer Service,5,5
H8176,DD1,Drug Plan Customer Service,4,4
H8176,DD2,Member Complaints and Changes in the Drug Plan’s Performance,2,2
H8176,DD3,Member Experience with the Drug Plan,4,4
H8176,DD4,Drug Safety and Accuracy of Drug Pricing,2,2
H8181,HD1,"Staying Healthy: Screenings, Tests and Vaccines",4,4
H8181,HD2,Managing Chronic (Long Term) Conditions,3,3
H8181,HD3,Member Experience with Health Plan,4,4
H8181,HD4,Member Complaints and Changes in the Health Plan's Performance,3,3
H8181,HD5,Health Plan Customer Service,5,5
H8181,DD1,Drug Plan Customer Service,4,4
H8181,DD2,Member Complaints and Changes in the Drug Plan’s Performance,3,3
H8181,DD3,Member Experience with the Drug Plan,4,4
H8181,DD4,Drug Safety and Accuracy of Drug Pricing,4,4
H8189,HD1,"Staying Healthy: Screenings, Tests and Vaccines",3,3
H8189,HD2,Managing Chronic (Long Term) Conditions,3,3
H8189,HD3,Member Experience with Health Plan,4,4
H8189,HD4,Member Complaints and Changes in the Health Plan's Performance,1,1
H8189,HD5,Health Plan Customer Service,Not enough data available ,
H8189,DD1,Drug Plan Customer Service,5,5
H8189,DD2,Member Complaints and Changes in the Drug Plan’s Performance,2,2
H8189,DD3,Member Experience with the Drug Plan,4,4
H8189,DD4,Drug Safety and Accuracy of Drug Pricing,3,3
H8197,HD1,"Staying Healthy: Screenings, Tests and Vaccines",Not enough data available ,
H8197,HD2,Managing Chronic (Long Term) Conditions,Not enough data available ,
H8197,HD3,Member Experience with Health Plan,Not enough data available ,
H8197,HD4,Member Complaints and Changes in the Health Plan's Performance,Not enough data available ,
H8197,HD5,Health Plan Customer Service,Not enough data available ,
H8197,DD1,Drug Plan Customer Service,Not enough data available ,
H8197,DD2,Member Complaints and Changes in the Drug Plan’s Performance,Not enough data available ,
H8197,DD3,Member Experience with the Drug Plan,Not enough data available ,
H8197,DD4,Drug Safety and Accuracy of Drug Pricing,Not enough data available,
H8211,HD1,"Staying Healthy: Screenings, Tests and Vaccines",2,2
H8211,HD2,Managing Chronic (Long Term) Conditions,2,2
H8211,HD3,Member Experience with Health Plan,4,4
H8211,HD4,Member Complaints and Changes in the Health Plan's Performance,4,4
H8211,HD5,Health Plan Customer Service,5,5
H8211,DD1,Drug Plan Customer Service,4,4
H8211,DD2,Member Complaints and Changes in the Drug Plan’s Performance,4,4
H8211,DD3,Member Experience with the Drug Plan,3,3
H8211,DD4,Drug Safety and Accuracy of Drug Pricing,3,3
H8213,HD1,"Staying Healthy: Screenings, Tests and Vaccines",Not enough data available ,
H8213,HD2,Managing Chronic (Long Term) Conditions,Not enough data available ,
H8213,HD3,Member Experience with Health Plan,Not enough data available ,
H8213,HD4,Member Complaints and Changes in the Health Plan's Performance,Not enough data available ,
H8213,HD5,Health Plan Customer Service,Not enough data available ,
H8213,DD1,Drug Plan Customer Service,Not enough data available ,
H8213,DD2,Member Complaints and Changes in the Drug Plan’s Performance,Not enough data available ,
H8213,DD3,Member Experience with the Drug Plan,Not enough data available ,
H8213,DD4,Drug Safety and Accuracy of Drug Pricing,Not enough data available,
H8225,HD1,"Staying Healthy: Screenings, Tests and Vaccines",4,4
H8225,HD2,Managing Chronic (Long Term) Conditions,2,2
H8225,HD3,Member Experience with Health Plan,3,3
H8225,HD4,Member Complaints and Changes in the Health Plan's Performance,1,1
H8225,HD5,Health Plan Customer Service,Not enough data available ,
H8225,DD1,Drug Plan Customer Service,5,5
H8225,DD2,Member Complaints and Changes in the Drug Plan’s Performance,2,2
H8225,DD3,Member Experience with the Drug Plan,2,2
H8225,DD4,Drug Safety and Accuracy of Drug Pricing,3,3
H8244,HD1,"Staying Healthy: Screenings, Tests and Vaccines",Plan too new to be measured ,
H8244,HD2,Managing Chronic (Long Term) Conditions,Plan too new to be measured ,
H8244,HD3,Member Experience with Health Plan,Plan too new to be measured ,
H8244,HD4,Member Complaints and Changes in the Health Plan's Performance,Plan too new to be measured ,
H8244,HD5,Health Plan Customer Service,Plan too new to be measured ,
H8244,DD1,Drug Plan Customer Service,4,4
H8244,DD2,Member Complaints and Changes in the Drug Plan’s Performance,Plan too new to be measured ,
H8244,DD3,Member Experience with the Drug Plan,Plan too new to be measured ,
H8244,DD4,Drug Safety and Accuracy of Drug Pricing,Plan too new to be measured,
H8293,HD1,"Staying Healthy: Screenings, Tests and Vaccines",Not enough data available ,
H8293,HD2,Managing Chronic (Long Term) Conditions,Not enough data available ,
H8293,HD3,Member Experience with Health Plan,Not enough data available ,
H8293,HD4,Member Complaints and Changes in the Health Plan's Performance,Not enough data available ,
H8293,HD5,Health Plan Customer Service,Not enough data available ,
H8293,DD1,Drug Plan Customer Service,3,3
H8293,DD2,Member Complaints and Changes in the Drug Plan’s Performance,Not enough data available ,
H8293,DD3,Member Experience with the Drug Plan,Not enough data available ,
H8293,DD4,Drug Safety and Accuracy of Drug Pricing,2,2
H8298,HD1,"Staying Healthy: Screenings, Tests and Vaccines",3,3
H8298,HD2,Managing Chronic (Long Term) Conditions,3,3
H8298,HD3,Member Experience with Health Plan,3,3
H8298,HD4,Member Complaints and Changes in the Health Plan's Performance,4,4
H8298,HD5,Health Plan Customer Service,4,4
H8298,DD1,Drug Plan Customer Service,3,3
H8298,DD2,Member Complaints and Changes in the Drug Plan’s Performance,4,4
H8298,DD3,Member Experience with the Drug Plan,4,4
H8298,DD4,Drug Safety and Accuracy of Drug Pricing,4,4
H8330,HD1,"Staying Healthy: Screenings, Tests and Vaccines",4,4
H8330,HD2,Managing Chronic (Long Term) Conditions,4,4
H8330,HD3,Member Experience with Health Plan,4,4
H8330,HD4,Member Complaints and Changes in the Health Plan's Performance,5,5
H8330,HD5,Health Plan Customer Service,5,5
H8330,DD1,Drug Plan Customer Service,5,5
H8330,DD2,Member Complaints and Changes in the Drug Plan’s Performance,5,5
H8330,DD3,Member Experience with the Drug Plan,5,5
H8330,DD4,Drug Safety and Accuracy of Drug Pricing,4,4
H8332,HD1,"Staying Healthy: Screenings, Tests and Vaccines",4,4
H8332,HD2,Managing Chronic (Long Term) Conditions,3,3
H8332,HD3,Member Experience with Health Plan,3,3
H8332,HD4,Member Complaints and Changes in the Health Plan's Performance,2,2
H8332,HD5,Health Plan Customer Service,4,4
H8332,DD1,Drug Plan Customer Service,4,4
H8332,DD2,Member Complaints and Changes in the Drug Plan’s Performance,3,3
H8332,DD3,Member Experience with the Drug Plan,2,2
H8332,DD4,Drug Safety and Accuracy of Drug Pricing,4,4
H8379,HD1,"Staying Healthy: Screenings, Tests and Vaccines",3,3
H8379,HD2,Managing Chronic (Long Term) Conditions,4,4
H8379,HD3,Member Experience with Health Plan,4,4
H8379,HD4,Member Complaints and Changes in the Health Plan's Performance,4,4
H8379,HD5,Health Plan Customer Service,3,3
H8379,DD1,Drug Plan Customer Service,5,5
H8379,DD2,Member Complaints and Changes in the Drug Plan’s Performance,4,4
H8379,DD3,Member Experience with the Drug Plan,4,4
H8379,DD4,Drug Safety and Accuracy of Drug Pricing,3,3
H8385,HD1,"Staying Healthy: Screenings, Tests and Vaccines",5,5
H8385,HD2,Managing Chronic (Long Term) Conditions,Plan too new to be measured ,
H8385,HD3,Member Experience with Health Plan,5,5
H8385,HD4,Member Complaints and Changes in the Health Plan's Performance,5,5
H8385,HD5,Health Plan Customer Service,Plan too new to be measured ,
H8385,DD1,Drug Plan Customer Service,2,2
H8385,DD2,Member Complaints and Changes in the Drug Plan’s Performance,5,5
H8385,DD3,Member Experience with the Drug Plan,4,4
H8385,DD4,Drug Safety and Accuracy of Drug Pricing,4,4
H8390,HD1,"Staying Healthy: Screenings, Tests and Vaccines",Not enough data available ,
H8390,HD2,Managing Chronic (Long Term) Conditions,Not enough data available ,
H8390,HD3,Member Experience with Health Plan,Not enough data available ,
H8390,HD4,Member Complaints and Changes in the Health Plan's Performance,Not enough data available ,
H8390,HD5,Health Plan Customer Service,Not enough data available ,
H8390,DD1,Drug Plan Customer Service,4,4
H8390,DD2,Member Complaints and Changes in the Drug Plan’s Performance,Not enough data available ,
H8390,DD3,Member Experience with the Drug Plan,Not enough data available ,
H8390,DD4,Drug Safety and Accuracy of Drug Pricing,Not enough data available,
H8426,HD1,"Staying Healthy: Screenings, Tests and Vaccines",Plan too new to be measured ,
H8426,HD2,Managing Chronic (Long Term) Conditions,Plan too new to be measured ,
H8426,HD3,Member Experience with Health Plan,Plan too new to be measured ,
H8426,HD4,Member Complaints and Changes in the Health Plan's Performance,Plan too new to be measured ,
H8426,HD5,Health Plan Customer Service,Plan too new to be measured ,
H8426,DD1,Drug Plan Customer Service,Plan too new to be measured ,
H8426,DD2,Member Complaints and Changes in the Drug Plan’s Performance,Plan too new to be measured ,
H8426,DD3,Member Experience with the Drug Plan,Plan too new to be measured ,
H8426,DD4,Drug Safety and Accuracy of Drug Pricing,Plan too new to be measured,
H8432,HD1,"Staying Healthy: Screenings, Tests and Vaccines",3,3
H8432,HD2,Managing Chronic (Long Term) Conditions,3,3
H8432,HD3,Member Experience with Health Plan,3,3
H8432,HD4,Member Complaints and Changes in the Health Plan's Performance,3,3
H8432,HD5,Health Plan Customer Service,4,4
H8432,DD1,Drug Plan Customer Service,4,4
H8432,DD2,Member Complaints and Changes in the Drug Plan’s Performance,4,4
H8432,DD3,Member Experience with the Drug Plan,2,2
H8432,DD4,Drug Safety and Accuracy of Drug Pricing,3,3
H8452,HD1,"Staying Healthy: Screenings, Tests and Vaccines",Not enough data available ,
H8452,HD2,Managing Chronic (Long Term) Conditions,Not enough data available ,
H8452,HD3,Member Experience with Health Plan,Not enough data available ,
H8452,HD4,Member Complaints and Changes in the Health Plan's Performance,Not enough data available ,
H8452,HD5,Health Plan Customer Service,Not enough data available ,
H8452,DD1,Drug Plan Customer Service,Not enough data available ,
H8452,DD2,Member Complaints and Changes in the Drug Plan’s Performance,Not enough data available ,
H8452,DD3,Member Experience with the Drug Plan,Not enough data available ,
H8452,DD4,Drug Safety and Accuracy of Drug Pricing,Not enough data available,
H8457,HD1,"Staying Healthy: Screenings, Tests and Vaccines",Not enough data available ,
H8457,HD2,Managing Chronic (Long Term) Conditions,Not enough data available ,
H8457,HD3,Member Experience with Health Plan,Not enough data available ,
H8457,HD4,Member Complaints and Changes in the Health Plan's Performance,Not enough data available ,
H8457,HD5,Health Plan Customer Service,Not enough data available ,
H8457,DD1,Drug Plan Customer Service,2,2
H8457,DD2,Member Complaints and Changes in the Drug Plan’s Performance,4,4
H8457,DD3,Member Experience with the Drug Plan,Not enough data available ,
H8457,DD4,Drug Safety and Accuracy of Drug Pricing,3,3
H8458,HD1,"Staying Healthy: Screenings, Tests and Vaccines",Plan too new to be measured ,
H8458,HD2,Managing Chronic (Long Term) Conditions,Plan too new to be measured ,
H8458,HD3,Member Experience with Health Plan,Plan too new to be measured ,
H8458,HD4,Member Complaints and Changes in the Health Plan's Performance,Plan too new to be measured ,
H8458,HD5,Health Plan Customer Service,Plan too new to be measured ,
H8458,DD1,Drug Plan Customer Service,5,5
H8458,DD2,Member Complaints and Changes in the Drug Plan’s Performance,Plan too new to be measured ,
H8458,DD3,Member Experience with the Drug Plan,Plan too new to be measured ,
H8458,DD4,Drug Safety and Accuracy of Drug Pricing,4,4
H8492,HD1,"Staying Healthy: Screenings, Tests and Vaccines",Not enough data available ,
H8492,HD2,Managing Chronic (Long Term) Conditions,Not enough data available ,
H8492,HD3,Member Experience with Health Plan,Not enough data available ,
H8492,HD4,Member Complaints and Changes in the Health Plan's Performance,Not enough data available ,
H8492,HD5,Health Plan Customer Service,Not enough data available ,
H8492,DD1,Drug Plan Customer Service,2,2
H8492,DD2,Member Complaints and Changes in the Drug Plan’s Performance,Not enough data available ,
H8492,DD3,Member Experience with the Drug Plan,Not enough data available ,
H8492,DD4,Drug Safety and Accuracy of Drug Pricing,3,3
H8547,HD1,"Staying Healthy: Screenings, Tests and Vaccines",5,5
H8547,HD2,Managing Chronic (Long Term) Conditions,Not enough data available ,
H8547,HD3,Member Experience with Health Plan,Not enough data available ,
H8547,HD4,Member Complaints and Changes in the Health Plan's Performance,3,3
H8547,HD5,Health Plan Customer Service,Not enough data available ,
H8547,DD1,Drug Plan Customer Service,4,4
H8547,DD2,Member Complaints and Changes in the Drug Plan’s Performance,2,2
H8547,DD3,Member Experience with the Drug Plan,Not enough data available ,
H8547,DD4,Drug Safety and Accuracy of Drug Pricing,3,3
H8552,HD1,"Staying Healthy: Screenings, Tests and Vaccines",2,2
H8552,HD2,Managing Chronic (Long Term) Conditions,3,3
H8552,HD3,Member Experience with Health Plan,2,2
H8552,HD4,Member Complaints and Changes in the Health Plan's Performance,3,3
H8552,HD5,Health Plan Customer Service,4,4
H8552,DD1,Drug Plan Customer Service,4,4
H8552,DD2,Member Complaints and Changes in the Drug Plan’s Performance,3,3
H8552,DD3,Member Experience with the Drug Plan,1,1
H8552,DD4,Drug Safety and Accuracy of Drug Pricing,3,3
H8553,HD1,"Staying Healthy: Screenings, Tests and Vaccines",1,1
H8553,HD2,Managing Chronic (Long Term) Conditions,1,1
H8553,HD3,Member Experience with Health Plan,2,2
H8553,HD4,Member Complaints and Changes in the Health Plan's Performance,1,1
H8553,HD5,Health Plan Customer Service,Not enough data available ,
H8553,DD1,Drug Plan Customer Service,5,5
H8553,DD2,Member Complaints and Changes in the Drug Plan’s Performance,2,2
H8553,DD3,Member Experience with the Drug Plan,Not enough data available ,
H8553,DD4,Drug Safety and Accuracy of Drug Pricing,3,3
H8554,HD1,"Staying Healthy: Screenings, Tests and Vaccines",2,2
H8554,HD2,Managing Chronic (Long Term) Conditions,Not enough data available ,
H8554,HD3,Member Experience with Health Plan,3,3
H8554,HD4,Member Complaints and Changes in the Health Plan's Performance,3,3
H8554,HD5,Health Plan Customer Service,5,5
H8554,DD1,Drug Plan Customer Service,4,4
H8554,DD2,Member Complaints and Changes in the Drug Plan’s Performance,3,3
H8554,DD3,Member Experience with the Drug Plan,3,3
H8554,DD4,Drug Safety and Accuracy of Drug Pricing,4,4
H8578,HD1,"Staying Healthy: Screenings, Tests and Vaccines",5,5
H8578,HD2,Managing Chronic (Long Term) Conditions,3,3
H8578,HD3,Member Experience with Health Plan,3,3
H8578,HD4,Member Complaints and Changes in the Health Plan's Performance,4,4
H8578,HD5,Health Plan Customer Service,3,3
H8578,DD1,Drug Plan Customer Service,3,3
H8578,DD2,Member Complaints and Changes in the Drug Plan’s Performance,4,4
H8578,DD3,Member Experience with the Drug Plan,2,2
H8578,DD4,Drug Safety and Accuracy of Drug Pricing,4,4
H8597,HD1,"Staying Healthy: Screenings, Tests and Vaccines",3,3
H8597,HD2,Managing Chronic (Long Term) Conditions,4,4
H8597,HD3,Member Experience with Health Plan,4,4
H8597,HD4,Member Complaints and Changes in the Health Plan's Performance,2,2
H8597,HD5,Health Plan Customer Service,4,4
H8597,DD1,Drug Plan Customer Service,4,4
H8597,DD2,Member Complaints and Changes in the Drug Plan’s Performance,3,3
H8597,DD3,Member Experience with the Drug Plan,5,5
H8597,DD4,Drug Safety and Accuracy of Drug Pricing,3,3
H8604,HD1,"Staying Healthy: Screenings, Tests and Vaccines",3,3
H8604,HD2,Managing Chronic (Long Term) Conditions,3,3
H8604,HD3,Member Experience with Health Plan,5,5
H8604,HD4,Member Complaints and Changes in the Health Plan's Performance,5,5
H8604,HD5,Health Plan Customer Service,Not enough data available ,
H8604,DD1,Drug Plan Customer Service,3,3
H8604,DD2,Member Complaints and Changes in the Drug Plan’s Performance,4,4
H8604,DD3,Member Experience with the Drug Plan,2,2
H8604,DD4,Drug Safety and Accuracy of Drug Pricing,4,4
H8634,HD1,"Staying Healthy: Screenings, Tests and Vaccines",4,4
H8634,HD2,Managing Chronic (Long Term) Conditions,3,3
H8634,HD3,Member Experience with Health Plan,3,3
H8634,HD4,Member Complaints and Changes in the Health Plan's Performance,4,4
H8634,HD5,Health Plan Customer Service,4,4
H8634,DD1,Drug Plan Customer Service,4,4
H8634,DD2,Member Complaints and Changes in the Drug Plan’s Performance,4,4
H8634,DD3,Member Experience with the Drug Plan,3,3
H8634,DD4,Drug Safety and Accuracy of Drug Pricing,4,4
H8649,HD1,"Staying Healthy: Screenings, Tests and Vaccines",2,2
H8649,HD2,Managing Chronic (Long Term) Conditions,3,3
H8649,HD3,Member Experience with Health Plan,4,4
H8649,HD4,Member Complaints and Changes in the Health Plan's Performance,4,4
H8649,HD5,Health Plan Customer Service,5,5
H8649,DD1,Drug Plan Customer Service,4,4
H8649,DD2,Member Complaints and Changes in the Drug Plan’s Performance,4,4
H8649,DD3,Member Experience with the Drug Plan,4,4
H8649,DD4,Drug Safety and Accuracy of Drug Pricing,3,3
H8711,HD1,"Staying Healthy: Screenings, Tests and Vaccines",2,2
H8711,HD2,Managing Chronic (Long Term) Conditions,2,2
H8711,HD3,Member Experience with Health Plan,Not enough data available ,
H8711,HD4,Member Complaints and Changes in the Health Plan's Performance,Not enough data available ,
H8711,HD5,Health Plan Customer Service,3,3
H8711,DD1,Drug Plan Customer Service,5,5
H8711,DD2,Member Complaints and Changes in the Drug Plan’s Performance,3,3
H8711,DD3,Member Experience with the Drug Plan,Not enough data available ,
H8711,DD4,Drug Safety and Accuracy of Drug Pricing,3,3
H8764,HD1,"Staying Healthy: Screenings, Tests and Vaccines",5,5
H8764,HD2,Managing Chronic (Long Term) Conditions,3,3
H8764,HD3,Member Experience with Health Plan,3,3
H8764,HD4,Member Complaints and Changes in the Health Plan's Performance,4,4
H8764,HD5,Health Plan Customer Service,4,4
H8764,DD1,Drug Plan Customer Service,4,4
H8764,DD2,Member Complaints and Changes in the Drug Plan’s Performance,4,4
H8764,DD3,Member Experience with the Drug Plan,2,2
H8764,DD4,Drug Safety and Accuracy of Drug Pricing,2,2
H8768,HD1,"Staying Healthy: Screenings, Tests and Vaccines",4,4
H8768,HD2,Managing Chronic (Long Term) Conditions,3,3
H8768,HD3,Member Experience with Health Plan,3,3
H8768,HD4,Member Complaints and Changes in the Health Plan's Performance,4,4
H8768,HD5,Health Plan Customer Service,5,5
H8768,DD1,Drug Plan Customer Service,4,4
H8768,DD2,Member Complaints and Changes in the Drug Plan’s Performance,4,4
H8768,DD3,Member Experience with the Drug Plan,4,4
H8768,DD4,Drug Safety and Accuracy of Drug Pricing,4,4
H8783,HD1,"Staying Healthy: Screenings, Tests and Vaccines",4,4
H8783,HD2,Managing Chronic (Long Term) Conditions,3,3
H8783,HD3,Member Experience with Health Plan,4,4
H8783,HD4,Member Complaints and Changes in the Health Plan's Performance,4,4
H8783,HD5,Health Plan Customer Service,Not enough data available ,
H8783,DD1,Drug Plan Customer Service,4,4
H8783,DD2,Member Complaints and Changes in the Drug Plan’s Performance,5,5
H8783,DD3,Member Experience with the Drug Plan,4,4
H8783,DD4,Drug Safety and Accuracy of Drug Pricing,4,4
H8786,HD1,"Staying Healthy: Screenings, Tests and Vaccines",Not enough data available ,
H8786,HD2,Managing Chronic (Long Term) Conditions,Not enough data available ,
H8786,HD3,Member Experience with Health Plan,Not enough data available ,
H8786,HD4,Member Complaints and Changes in the Health Plan's Performance,Not enough data available ,
H8786,HD5,Health Plan Customer Service,Not enough data available ,
H8786,DD1,Drug Plan Customer Service,Not enough data available ,
H8786,DD2,Member Complaints and Changes in the Drug Plan’s Performance,Not enough data available ,
H8786,DD3,Member Experience with the Drug Plan,Not enough data available ,
H8786,DD4,Drug Safety and Accuracy of Drug Pricing,Not enough data available,
H8794,HD1,"Staying Healthy: Screenings, Tests and Vaccines",Plan too new to be measured ,
H8794,HD2,Managing Chronic (Long Term) Conditions,Plan too new to be measured ,
H8794,HD3,Member Experience with Health Plan,Plan too new to be measured ,
H8794,HD4,Member Complaints and Changes in the Health Plan's Performance,Plan too new to be measured ,
H8794,HD5,Health Plan Customer Service,Plan too new to be measured ,
H8794,DD1,Drug Plan Customer Service,Plan too new to be measured ,
H8794,DD2,Member Complaints and Changes in the Drug Plan’s Performance,Plan too new to be measured ,
H8794,DD3,Member Experience with the Drug Plan,Plan too new to be measured ,
H8794,DD4,Drug Safety and Accuracy of Drug Pricing,Plan too new to be measured,
H8797,HD1,"Staying Healthy: Screenings, Tests and Vaccines",Not enough data available ,
H8797,HD2,Managing Chronic (Long Term) Conditions,Not enough data available ,
H8797,HD3,Member Experience with Health Plan,Not enough data available ,
H8797,HD4,Member Complaints and Changes in the Health Plan's Performance,Not enough data available ,
H8797,HD5,Health Plan Customer Service,Not enough data available ,
H8797,DD1,Drug Plan Customer Service,4,4
H8797,DD2,Member Complaints and Changes in the Drug Plan’s Performance,Not enough data available ,
H8797,DD3,Member Experience with the Drug Plan,Not enough data available ,
H8797,DD4,Drug Safety and Accuracy of Drug Pricing,4,4
H8845,HD1,"Staying Healthy: Screenings, Tests and Vaccines",Not enough data available ,
H8845,HD2,Managing Chronic (Long Term) Conditions,Not enough data available ,
H8845,HD3,Member Experience with Health Plan,Not enough data available ,
H8845,HD4,Member Complaints and Changes in the Health Plan's Performance,Not enough data available ,
H8845,HD5,Health Plan Customer Service,Not enough data available ,
H8845,DD1,Drug Plan Customer Service,4,4
H8845,DD2,Member Complaints and Changes in the Drug Plan’s Performance,Not enough data available ,
H8845,DD3,Member Experience with the Drug Plan,Not enough data available ,
H8845,DD4,Drug Safety and Accuracy of Drug Pricing,Not enough data available,
H8849,HD1,"Staying Healthy: Screenings, Tests and Vaccines",4,4
H8849,HD2,Managing Chronic (Long Term) Conditions,3,3
H8849,HD3,Member Experience with Health Plan,2,2
H8849,HD4,Member Complaints and Changes in the Health Plan's Performance,3,3
H8849,HD5,Health Plan Customer Service,4,4
H8849,DD1,Drug Plan Customer Service,4,4
H8849,DD2,Member Complaints and Changes in the Drug Plan’s Performance,3,3
H8849,DD3,Member Experience with the Drug Plan,2,2
H8849,DD4,Drug Safety and Accuracy of Drug Pricing,3,3
H8854,HD1,"Staying Healthy: Screenings, Tests and Vaccines",3,3
H8854,HD2,Managing Chronic (Long Term) Conditions,3,3
H8854,HD3,Member Experience with Health Plan,3,3
H8854,HD4,Member Complaints and Changes in the Health Plan's Performance,3,3
H8854,HD5,Health Plan Customer Service,4,4
H8854,DD1,Drug Plan Customer Service,5,5
H8854,DD2,Member Complaints and Changes in the Drug Plan’s Performance,3,3
H8854,DD3,Member Experience with the Drug Plan,3,3
H8854,DD4,Drug Safety and Accuracy of Drug Pricing,2,2
H8889,HD1,"Staying Healthy: Screenings, Tests and Vaccines",5,5
H8889,HD2,Managing Chronic (Long Term) Conditions,3,3
H8889,HD3,Member Experience with Health Plan,4,4
H8889,HD4,Member Complaints and Changes in the Health Plan's Performance,5,5
H8889,HD5,Health Plan Customer Service,4,4
H8889,DD1,Drug Plan Customer Service,3,3
H8889,DD2,Member Complaints and Changes in the Drug Plan’s Performance,5,5
H8889,DD3,Member Experience with the Drug Plan,3,3
H8889,DD4,Drug Safety and Accuracy of Drug Pricing,5,5
H8894,HD1,"Staying Healthy: Screenings, Tests and Vaccines",Plan too new to be measured ,
H8894,HD2,Managing Chronic (Long Term) Conditions,Plan too new to be measured ,
H8894,HD3,Member Experience with Health Plan,Plan too new to be measured ,
H8894,HD4,Member Complaints and Changes in the Health Plan's Performance,Plan too new to be measured ,
H8894,HD5,Health Plan Customer Service,Plan too new to be measured ,
H8894,DD1,Drug Plan Customer Service,2,2
H8894,DD2,Member Complaints and Changes in the Drug Plan’s Performance,Plan too new to be measured ,
H8894,DD3,Member Experience with the Drug Plan,Plan too new to be measured ,
H8894,DD4,Drug Safety and Accuracy of Drug Pricing,Plan too new to be measured,
H8902,HD1,"Staying Healthy: Screenings, Tests and Vaccines",Plan too new to be measured ,
H8902,HD2,Managing Chronic (Long Term) Conditions,Plan too new to be measured ,
H8902,HD3,Member Experience with Health Plan,Plan too new to be measured ,
H8902,HD4,Member Complaints and Changes in the Health Plan's Performance,Plan too new to be measured ,
H8902,HD5,Health Plan Customer Service,Plan too new to be measured ,
H8902,DD1,Drug Plan Customer Service,3,3
H8902,DD2,Member Complaints and Changes in the Drug Plan’s Performance,Plan too new to be measured ,
H8902,DD3,Member Experience with the Drug Plan,Plan too new to be measured ,
H8902,DD4,Drug Safety and Accuracy of Drug Pricing,Plan too new to be measured,
H8908,HD1,"Staying Healthy: Screenings, Tests and Vaccines",3,3
H8908,HD2,Managing Chronic (Long Term) Conditions,4,4
H8908,HD3,Member Experience with Health Plan,3,3
H8908,HD4,Member Complaints and Changes in the Health Plan's Performance,3,3
H8908,HD5,Health Plan Customer Service,5,5
H8908,DD1,Drug Plan Customer Service,5,5
H8908,DD2,Member Complaints and Changes in the Drug Plan’s Performance,4,4
H8908,DD3,Member Experience with the Drug Plan,5,5
H8908,DD4,Drug Safety and Accuracy of Drug Pricing,2,2
H8928,HD1,"Staying Healthy: Screenings, Tests and Vaccines",4,4
H8928,HD2,Managing Chronic (Long Term) Conditions,4,4
H8928,HD3,Member Experience with Health Plan,4,4
H8928,HD4,Member Complaints and Changes in the Health Plan's Performance,5,5
H8928,HD5,Health Plan Customer Service,4,4
H8928,DD1,Drug Plan Customer Service,3,3
H8928,DD2,Member Complaints and Changes in the Drug Plan’s Performance,5,5
H8928,DD3,Member Experience with the Drug Plan,4,4
H8928,DD4,Drug Safety and Accuracy of Drug Pricing,4,4
H8947,HD1,"Staying Healthy: Screenings, Tests and Vaccines",Plan too new to be measured ,
H8947,HD2,Managing Chronic (Long Term) Conditions,Plan too new to be measured ,
H8947,HD3,Member Experience with Health Plan,Plan too new to be measured ,
H8947,HD4,Member Complaints and Changes in the Health Plan's Performance,Plan too new to be measured ,
H8947,HD5,Health Plan Customer Service,Plan too new to be measured ,
H8947,DD1,Drug Plan Customer Service,Plan too new to be measured ,
H8947,DD2,Member Complaints and Changes in the Drug Plan’s Performance,Plan too new to be measured ,
H8947,DD3,Member Experience with the Drug Plan,Plan too new to be measured ,
H8947,DD4,Drug Safety and Accuracy of Drug Pricing,Plan too new to be measured,
H8967,HD1,"Staying Healthy: Screenings, Tests and Vaccines",Not enough data available ,
H8967,HD2,Managing Chronic (Long Term) Conditions,Not enough data available ,
H8967,HD3,Member Experience with Health Plan,Not enough data available ,
H8967,HD4,Member Complaints and Changes in the Health Plan's Performance,Not enough data available ,
H8967,HD5,Health Plan Customer Service,Not enough data available ,
H8967,DD1,Drug Plan Customer Service,2,2
H8967,DD2,Member Complaints and Changes in the Drug Plan’s Performance,Not enough data available ,
H8967,DD3,Member Experience with the Drug Plan,Not enough data available ,
H8967,DD4,Drug Safety and Accuracy of Drug Pricing,4,4
H8998,HD1,"Staying Healthy: Screenings, Tests and Vaccines",Plan too new to be measured ,
H8998,HD2,Managing Chronic (Long Term) Conditions,Plan too new to be measured ,
H8998,HD3,Member Experience with Health Plan,Plan too new to be measured ,
H8998,HD4,Member Complaints and Changes in the Health Plan's Performance,Plan too new to be measured ,
H8998,HD5,Health Plan Customer Service,Plan too new to be measured ,
H8998,DD1,Drug Plan Customer Service,4,4
H8998,DD2,Member Complaints and Changes in the Drug Plan’s Performance,Plan too new to be measured ,
H8998,DD3,Member Experience with the Drug Plan,Plan too new to be measured ,
H8998,DD4,Drug Safety and Accuracy of Drug Pricing,Plan too new to be measured,
H9001,HD1,"Staying Healthy: Screenings, Tests and Vaccines",4,4
H9001,HD2,Managing Chronic (Long Term) Conditions,3,3
H9001,HD3,Member Experience with Health Plan,4,4
H9001,HD4,Member Complaints and Changes in the Health Plan's Performance,4,4
H9001,HD5,Health Plan Customer Service,4,4
H9001,DD1,Drug Plan Customer Service,3,3
H9001,DD2,Member Complaints and Changes in the Drug Plan’s Performance,4,4
H9001,DD3,Member Experience with the Drug Plan,4,4
H9001,DD4,Drug Safety and Accuracy of Drug Pricing,4,4
H9003,HD1,"Staying Healthy: Screenings, Tests and Vaccines",5,5
H9003,HD2,Managing Chronic (Long Term) Conditions,4,4
H9003,HD3,Member Experience with Health Plan,2,2
H9003,HD4,Member Complaints and Changes in the Health Plan's Performance,4,4
H9003,HD5,Health Plan Customer Service,3,3
H9003,DD1,Drug Plan Customer Service,1,1
H9003,DD2,Member Complaints and Changes in the Drug Plan’s Performance,4,4
H9003,DD3,Member Experience with the Drug Plan,5,5
H9003,DD4,Drug Safety and Accuracy of Drug Pricing,5,5
H9042,HD1,"Staying Healthy: Screenings, Tests and Vaccines",Not enough data available ,
H9042,HD2,Managing Chronic (Long Term) Conditions,Not enough data available ,
H9042,HD3,Member Experience with Health Plan,Not enough data available ,
H9042,HD4,Member Complaints and Changes in the Health Plan's Performance,Not enough data available ,
H9042,HD5,Health Plan Customer Service,Not enough data available ,
H9042,DD1,Drug Plan Customer Service,3,3
H9042,DD2,Member Complaints and Changes in the Drug Plan’s Performance,Not enough data available ,
H9042,DD3,Member Experience with the Drug Plan,Not enough data available ,
H9042,DD4,Drug Safety and Accuracy of Drug Pricing,3,3
H9047,HD1,"Staying Healthy: Screenings, Tests and Vaccines",5,5
H9047,HD2,Managing Chronic (Long Term) Conditions,4,4
H9047,HD3,Member Experience with Health Plan,3,3
H9047,HD4,Member Complaints and Changes in the Health Plan's Performance,4,4
H9047,HD5,Health Plan Customer Service,4,4
H9047,DD1,Drug Plan Customer Service,3,3
H9047,DD2,Member Complaints and Changes in the Drug Plan’s Performance,4,4
H9047,DD3,Member Experience with the Drug Plan,2,2
H9047,DD4,Drug Safety and Accuracy of Drug Pricing,3,3
H9065,HD1,"Staying Healthy: Screenings, Tests and Vaccines",3,3
H9065,HD2,Managing Chronic (Long Term) Conditions,4,4
H9065,HD3,Member Experience with Health Plan,3,3
H9065,HD4,Member Complaints and Changes in the Health Plan's Performance,4,4
H9065,HD5,Health Plan Customer Service,4,4
H9065,DD1,Drug Plan Customer Service,4,4
H9065,DD2,Member Complaints and Changes in the Drug Plan’s Performance,4,4
H9065,DD3,Member Experience with the Drug Plan,4,4
H9065,DD4,Drug Safety and Accuracy of Drug Pricing,4,4
H9066,HD1,"Staying Healthy: Screenings, Tests and Vaccines",Not enough data available ,
H9066,HD2,Managing Chronic (Long Term) Conditions,Not enough data available ,
H9066,HD3,Member Experience with Health Plan,Not enough data available ,
H9066,HD4,Member Complaints and Changes in the Health Plan's Performance,Not enough data available ,
H9066,HD5,Health Plan Customer Service,Not enough data available ,
H9066,DD1,Drug Plan Customer Service,3,3
H9066,DD2,Member Complaints and Changes in the Drug Plan’s Performance,Not enough data available ,
H9066,DD3,Member Experience with the Drug Plan,Not enough data available ,
H9066,DD4,Drug Safety and Accuracy of Drug Pricing,Not enough data available,
H9096,HD1,"Staying Healthy: Screenings, Tests and Vaccines",5,5
H9096,HD2,Managing Chronic (Long Term) Conditions,4,4
H9096,HD3,Member Experience with Health Plan,4,4
H9096,HD4,Member Complaints and Changes in the Health Plan's Performance,4,4
H9096,HD5,Health Plan Customer Service,4,4
H9096,DD1,Drug Plan Customer Service,3,3
H9096,DD2,Member Complaints and Changes in the Drug Plan’s Performance,4,4
H9096,DD3,Member Experience with the Drug Plan,4,4
H9096,DD4,Drug Safety and Accuracy of Drug Pricing,4,4
H9104,HD1,"Staying Healthy: Screenings, Tests and Vaccines",Not enough data available ,
H9104,HD2,Managing Chronic (Long Term) Conditions,Not enough data available ,
H9104,HD3,Member Experience with Health Plan,Not enough data available ,
H9104,HD4,Member Complaints and Changes in the Health Plan's Performance,Not enough data available ,
H9104,HD5,Health Plan Customer Service,Not enough data available ,
H9104,DD1,Drug Plan Customer Service,3,3
H9104,DD2,Member Complaints and Changes in the Drug Plan’s Performance,Not enough data available ,
H9104,DD3,Member Experience with the Drug Plan,Not enough data available ,
H9104,DD4,Drug Safety and Accuracy of Drug Pricing,Not enough data available,
H9147,HD1,"Staying Healthy: Screenings, Tests and Vaccines",2,2
H9147,HD2,Managing Chronic (Long Term) Conditions,2,2
H9147,HD3,Member Experience with Health Plan,3,3
H9147,HD4,Member Complaints and Changes in the Health Plan's Performance,2,2
H9147,HD5,Health Plan Customer Service,Not enough data available ,
H9147,DD1,Drug Plan Customer Service,3,3
H9147,DD2,Member Complaints and Changes in the Drug Plan’s Performance,2,2
H9147,DD3,Member Experience with the Drug Plan,2,2
H9147,DD4,Drug Safety and Accuracy of Drug Pricing,2,2
H9153,HD1,"Staying Healthy: Screenings, Tests and Vaccines",Not enough data available ,
H9153,HD2,Managing Chronic (Long Term) Conditions,5,5
H9153,HD3,Member Experience with Health Plan,Not enough data available ,
H9153,HD4,Member Complaints and Changes in the Health Plan's Performance,5,5
H9153,HD5,Health Plan Customer Service,Not enough data available ,
H9153,DD1,Drug Plan Customer Service,3,3
H9153,DD2,Member Complaints and Changes in the Drug Plan’s Performance,4,4
H9153,DD3,Member Experience with the Drug Plan,Not enough data available ,
H9153,DD4,Drug Safety and Accuracy of Drug Pricing,4,4
H9179,HD1,"Staying Healthy: Screenings, Tests and Vaccines",Plan too new to be measured ,
H9179,HD2,Managing Chronic (Long Term) Conditions,Plan too new to be measured ,
H9179,HD3,Member Experience with Health Plan,Plan too new to be measured ,
H9179,HD4,Member Complaints and Changes in the Health Plan's Performance,Plan too new to be measured ,
H9179,HD5,Health Plan Customer Service,Plan too new to be measured ,
H9179,DD1,Drug Plan Customer Service,Plan too new to be measured ,
H9179,DD2,Member Complaints and Changes in the Drug Plan’s Performance,Plan too new to be measured ,
H9179,DD3,Member Experience with the Drug Plan,Plan too new to be measured ,
H9179,DD4,Drug Safety and Accuracy of Drug Pricing,Plan too new to be measured,
H9191,HD1,"Staying Healthy: Screenings, Tests and Vaccines",Not enough data available ,
H9191,HD2,Managing Chronic (Long Term) Conditions,4,4
H9191,HD3,Member Experience with Health Plan,Not enough data available ,
H9191,HD4,Member Complaints and Changes in the Health Plan's Performance,4,4
H9191,HD5,Health Plan Customer Service,3,3
H9191,DD1,Drug Plan Customer Service,2,2
H9191,DD2,Member Complaints and Changes in the Drug Plan’s Performance,4,4
H9191,DD3,Member Experience with the Drug Plan,Not enough data available ,
H9191,DD4,Drug Safety and Accuracy of Drug Pricing,3,3
H9207,HD1,"Staying Healthy: Screenings, Tests and Vaccines",4,4
H9207,HD2,Managing Chronic (Long Term) Conditions,3,3
H9207,HD3,Member Experience with Health Plan,4,4
H9207,HD4,Member Complaints and Changes in the Health Plan's Performance,4,4
H9207,HD5,Health Plan Customer Service,4,4
H9207,DD1,Drug Plan Customer Service,3,3
H9207,DD2,Member Complaints and Changes in the Drug Plan’s Performance,4,4
H9207,DD3,Member Experience with the Drug Plan,Not enough data available ,
H9207,DD4,Drug Safety and Accuracy of Drug Pricing,3,3
H9219,HD1,"Staying Healthy: Screenings, Tests and Vaccines",4,4
H9219,HD2,Managing Chronic (Long Term) Conditions,Not enough data available ,
H9219,HD3,Member Experience with Health Plan,3,3
H9219,HD4,Member Complaints and Changes in the Health Plan's Performance,4,4
H9219,HD5,Health Plan Customer Service,Not enough data available ,
H9219,DD1,Drug Plan Customer Service,4,4
H9219,DD2,Member Complaints and Changes in the Drug Plan’s Performance,4,4
H9219,DD3,Member Experience with the Drug Plan,2,2
H9219,DD4,Drug Safety and Accuracy of Drug Pricing,3,3
H9231,HD1,"Staying Healthy: Screenings, Tests and Vaccines",Plan too new to be measured ,
H9231,HD2,Managing Chronic (Long Term) Conditions,Plan too new to be measured ,
H9231,HD3,Member Experience with Health Plan,Plan too new to be measured ,
H9231,HD4,Member Complaints and Changes in the Health Plan's Performance,Plan too new to be measured ,
H9231,HD5,Health Plan Customer Service,Plan too new to be measured ,
H9231,DD1,Drug Plan Customer Service,4,4
H9231,DD2,Member Complaints and Changes in the Drug Plan’s Performance,Plan too new to be measured ,
H9231,DD3,Member Experience with the Drug Plan,Plan too new to be measured ,
H9231,DD4,Drug Safety and Accuracy of Drug Pricing,Plan too new to be measured,
H9239,HD1,"Staying Healthy: Screenings, Tests and Vaccines",Plan too new to be measured ,
H9239,HD2,Managing Chronic (Long Term) Conditions,Plan too new to be measured ,
H9239,HD3,Member Experience with Health Plan,Plan too new to be measured ,
H9239,HD4,Member Complaints and Changes in the Health Plan's Performance,Plan too new to be measured ,
H9239,HD5,Health Plan Customer Service,Plan too new to be measured ,
H9239,DD1,Drug Plan Customer Service,Plan too new to be measured ,
H9239,DD2,Member Complaints and Changes in the Drug Plan’s Performance,Plan too new to be measured ,
H9239,DD3,Member Experience with the Drug Plan,Plan too new to be measured ,
H9239,DD4,Drug Safety and Accuracy of Drug Pricing,Plan too new to be measured,
H9258,HD1,"Staying Healthy: Screenings, Tests and Vaccines",Not enough data available ,
H9258,HD2,Managing Chronic (Long Term) Conditions,Not enough data available ,
H9258,HD3,Member Experience with Health Plan,Not enough data available ,
H9258,HD4,Member Complaints and Changes in the Health Plan's Performance,Not enough data available ,
H9258,HD5,Health Plan Customer Service,Not enough data available ,
H9258,DD1,Drug Plan Customer Service,5,5
H9258,DD2,Member Complaints and Changes in the Drug Plan’s Performance,Not enough data available ,
H9258,DD3,Member Experience with the Drug Plan,Not enough data available ,
H9258,DD4,Drug Safety and Accuracy of Drug Pricing,4,4
H9276,HD1,"Staying Healthy: Screenings, Tests and Vaccines",Not enough data available ,
H9276,HD2,Managing Chronic (Long Term) Conditions,Not enough data available ,
H9276,HD3,Member Experience with Health Plan,Not enough data available ,
H9276,HD4,Member Complaints and Changes in the Health Plan's Performance,Not enough data available ,
H9276,HD5,Health Plan Customer Service,Not enough data available ,
H9276,DD1,Drug Plan Customer Service,Not enough data available ,
H9276,DD2,Member Complaints and Changes in the Drug Plan’s Performance,Not enough data available ,
H9276,DD3,Member Experience with the Drug Plan,Not enough data available ,
H9276,DD4,Drug Safety and Accuracy of Drug Pricing,Not enough data available,
H9306,HD1,"Staying Healthy: Screenings, Tests and Vaccines",Plan too new to be measured ,
H9306,HD2,Managing Chronic (Long Term) Conditions,3,3
H9306,HD3,Member Experience with Health Plan,2,2
H9306,HD4,Member Complaints and Changes in the Health Plan's Performance,4,4
H9306,HD5,Health Plan Customer Service,Plan too new to be measured ,
H9306,DD1,Drug Plan Customer Service,4,4
H9306,DD2,Member Complaints and Changes in the Drug Plan’s Performance,4,4
H9306,DD3,Member Experience with the Drug Plan,3,3
H9306,DD4,Drug Safety and Accuracy of Drug Pricing,3,3
H9335,HD1,"Staying Healthy: Screenings, Tests and Vaccines",1,1
H9335,HD2,Managing Chronic (Long Term) Conditions,2,2
H9335,HD3,Member Experience with Health Plan,3,3
H9335,HD4,Member Complaints and Changes in the Health Plan's Performance,1,1
H9335,HD5,Health Plan Customer Service,5,5
H9335,DD1,Drug Plan Customer Service,5,5
H9335,DD2,Member Complaints and Changes in the Drug Plan’s Performance,2,2
H9335,DD3,Member Experience with the Drug Plan,3,3
H9335,DD4,Drug Safety and Accuracy of Drug Pricing,3,3
H9357,HD1,"Staying Healthy: Screenings, Tests and Vaccines",Plan too new to be measured ,
H9357,HD2,Managing Chronic (Long Term) Conditions,Plan too new to be measured ,
H9357,HD3,Member Experience with Health Plan,2,2
H9357,HD4,Member Complaints and Changes in the Health Plan's Performance,1,1
H9357,HD5,Health Plan Customer Service,Plan too new to be measured ,
H9357,DD1,Drug Plan Customer Service,5,5
H9357,DD2,Member Complaints and Changes in the Drug Plan’s Performance,1,1
H9357,DD3,Member Experience with the Drug Plan,Plan too new to be measured ,
H9357,DD4,Drug Safety and Accuracy of Drug Pricing,3,3
H9364,HD1,"Staying Healthy: Screenings, Tests and Vaccines",3,3
H9364,HD2,Managing Chronic (Long Term) Conditions,4,4
H9364,HD3,Member Experience with Health Plan,3,3
H9364,HD4,Member Complaints and Changes in the Health Plan's Performance,3,3
H9364,HD5,Health Plan Customer Service,3,3
H9364,DD1,Drug Plan Customer Service,5,5
H9364,DD2,Member Complaints and Changes in the Drug Plan’s Performance,3,3
H9364,DD3,Member Experience with the Drug Plan,4,4
H9364,DD4,Drug Safety and Accuracy of Drug Pricing,4,4
H9387,HD1,"Staying Healthy: Screenings, Tests and Vaccines",1,1
H9387,HD2,Managing Chronic (Long Term) Conditions,Not enough data available ,
H9387,HD3,Member Experience with Health Plan,3,3
H9387,HD4,Member Complaints and Changes in the Health Plan's Performance,1,1
H9387,HD5,Health Plan Customer Service,Not enough data available ,
H9387,DD1,Drug Plan Customer Service,5,5
H9387,DD2,Member Complaints and Changes in the Drug Plan’s Performance,1,1
H9387,DD3,Member Experience with the Drug Plan,Not enough data available ,
H9387,DD4,Drug Safety and Accuracy of Drug Pricing,2,2
H9403,HD1,"Staying Healthy: Screenings, Tests and Vaccines",Not enough data available ,
H9403,HD2,Managing Chronic (Long Term) Conditions,Not enough data available ,
H9403,HD3,Member Experience with Health Plan,Not enough data available ,
H9403,HD4,Member Complaints and Changes in the Health Plan's Performance,Not enough data available ,
H9403,HD5,Health Plan Customer Service,Not enough data available ,
H9403,DD1,Drug Plan Customer Service,3,3
H9403,DD2,Member Complaints and Changes in the Drug Plan’s Performance,Not enough data available ,
H9403,DD3,Member Experience with the Drug Plan,Not enough data available ,
H9403,DD4,Drug Safety and Accuracy of Drug Pricing,Not enough data available,
H9412,HD1,"Staying Healthy: Screenings, Tests and Vaccines",Not enough data available ,
H9412,HD2,Managing Chronic (Long Term) Conditions,Not enough data available ,
H9412,HD3,Member Experience with Health Plan,Not enough data available ,
H9412,HD4,Member Complaints and Changes in the Health Plan's Performance,Not enough data available ,
H9412,HD5,Health Plan Customer Service,Not enough data available ,
H9412,DD1,Drug Plan Customer Service,Not enough data available ,
H9412,DD2,Member Complaints and Changes in the Drug Plan’s Performance,Not enough data available ,
H9412,DD3,Member Experience with the Drug Plan,Not enough data available ,
H9412,DD4,Drug Safety and Accuracy of Drug Pricing,Not enough data available,
H9414,HD1,"Staying Healthy: Screenings, Tests and Vaccines",Plan too new to be measured ,
H9414,HD2,Managing Chronic (Long Term) Conditions,Plan too new to be measured ,
H9414,HD3,Member Experience with Health Plan,Plan too new to be measured ,
H9414,HD4,Member Complaints and Changes in the Health Plan's Performance,Plan too new to be measured ,
H9414,HD5,Health Plan Customer Service,Plan too new to be measured ,
H9414,DD1,Drug Plan Customer Service,3,3
H9414,DD2,Member Complaints and Changes in the Drug Plan’s Performance,Plan too new to be measured ,
H9414,DD3,Member Experience with the Drug Plan,Plan too new to be measured ,
H9414,DD4,Drug Safety and Accuracy of Drug Pricing,2,2
H9428,HD1,"Staying Healthy: Screenings, Tests and Vaccines",1,1
H9428,HD2,Managing Chronic (Long Term) Conditions,1,1
H9428,HD3,Member Experience with Health Plan,Not enough data available ,
H9428,HD4,Member Complaints and Changes in the Health Plan's Performance,1,1
H9428,HD5,Health Plan Customer Service,Not enough data available ,
H9428,DD1,Drug Plan Customer Service,5,5
H9428,DD2,Member Complaints and Changes in the Drug Plan’s Performance,2,2
H9428,DD3,Member Experience with the Drug Plan,3,3
H9428,DD4,Drug Safety and Accuracy of Drug Pricing,3,3
H9431,HD1,"Staying Healthy: Screenings, Tests and Vaccines",3,3
H9431,HD2,Managing Chronic (Long Term) Conditions,3,3
H9431,HD3,Member Experience with Health Plan,2,2
H9431,HD4,Member Complaints and Changes in the Health Plan's Performance,3,3
H9431,HD5,Health Plan Customer Service,4,4
H9431,DD1,Drug Plan Customer Service,4,4
H9431,DD2,Member Complaints and Changes in the Drug Plan’s Performance,4,4
H9431,DD3,Member Experience with the Drug Plan,2,2
H9431,DD4,Drug Safety and Accuracy of Drug Pricing,3,3
H9460,HD1,"Staying Healthy: Screenings, Tests and Vaccines",3,3
H9460,HD2,Managing Chronic (Long Term) Conditions,3,3
H9460,HD3,Member Experience with Health Plan,4,4
H9460,HD4,Member Complaints and Changes in the Health Plan's Performance,3,3
H9460,HD5,Health Plan Customer Service,4,4
H9460,DD1,Drug Plan Customer Service,3,3
H9460,DD2,Member Complaints and Changes in the Drug Plan’s Performance,3,3
H9460,DD3,Member Experience with the Drug Plan,3,3
H9460,DD4,Drug Safety and Accuracy of Drug Pricing,3,3
H9469,HD1,"Staying Healthy: Screenings, Tests and Vaccines",Plan too new to be measured ,
H9469,HD2,Managing Chronic (Long Term) Conditions,Plan too new to be measured ,
H9469,HD3,Member Experience with Health Plan,Plan too new to be measured ,
H9469,HD4,Member Complaints and Changes in the Health Plan's Performance,Plan too new to be measured ,
H9469,HD5,Health Plan Customer Service,Plan too new to be measured ,
H9469,DD1,Drug Plan Customer Service,4,4
H9469,DD2,Member Complaints and Changes in the Drug Plan’s Performance,Plan too new to be measured ,
H9469,DD3,Member Experience with the Drug Plan,Plan too new to be measured ,
H9469,DD4,Drug Safety and Accuracy of Drug Pricing,Plan too new to be measured,
H9485,HD1,"Staying Healthy: Screenings, Tests and Vaccines",Plan too new to be measured ,
H9485,HD2,Managing Chronic (Long Term) Conditions,Plan too new to be measured ,
H9485,HD3,Member Experience with Health Plan,Plan too new to be measured ,
H9485,HD4,Member Complaints and Changes in the Health Plan's Performance,Plan too new to be measured ,
H9485,HD5,Health Plan Customer Service,Plan too new to be measured ,
H9485,DD1,Drug Plan Customer Service,2,2
H9485,DD2,Member Complaints and Changes in the Drug Plan’s Performance,Plan too new to be measured ,
H9485,DD3,Member Experience with the Drug Plan,Plan too new to be measured ,
H9485,DD4,Drug Safety and Accuracy of Drug Pricing,Plan too new to be measured,
H9489,HD1,"Staying Healthy: Screenings, Tests and Vaccines",Not enough data available ,
H9489,HD2,Managing Chronic (Long Term) Conditions,Not enough data available ,
H9489,HD3,Member Experience with Health Plan,Not enough data available ,
H9489,HD4,Member Complaints and Changes in the Health Plan's Performance,Not enough data available ,
H9489,HD5,Health Plan Customer Service,Not enough data available ,
H9489,DD1,Drug Plan Customer Service,4,4
H9489,DD2,Member Complaints and Changes in the Drug Plan’s Performance,Not enough data available ,
H9489,DD3,Member Experience with the Drug Plan,Not enough data available ,
H9489,DD4,Drug Safety and Accuracy of Drug Pricing,4,4
H9525,HD1,"Staying Healthy: Screenings, Tests and Vaccines",2,2
H9525,HD2,Managing Chronic (Long Term) Conditions,3,3
H9525,HD3,Member Experience with Health Plan,5,5
H9525,HD4,Member Complaints and Changes in the Health Plan's Performance,4,4
H9525,HD5,Health Plan Customer Service,3,3
H9525,DD1,Drug Plan Customer Service,4,4
H9525,DD2,Member Complaints and Changes in the Drug Plan’s Performance,4,4
H9525,DD3,Member Experience with the Drug Plan,4,4
H9525,DD4,Drug Safety and Accuracy of Drug Pricing,3,3
H9545,HD1,"Staying Healthy: Screenings, Tests and Vaccines",Plan too new to be measured ,
H9545,HD2,Managing Chronic (Long Term) Conditions,Plan too new to be measured ,
H9545,HD3,Member Experience with Health Plan,Plan too new to be measured ,
H9545,HD4,Member Complaints and Changes in the Health Plan's Performance,Plan too new to be measured ,
H9545,HD5,Health Plan Customer Service,Plan too new to be measured ,
H9545,DD1,Drug Plan Customer Service,Plan too new to be measured ,
H9545,DD2,Member Complaints and Changes in the Drug Plan’s Performance,Plan too new to be measured ,
H9545,DD3,Member Experience with the Drug Plan,Plan too new to be measured ,
H9545,DD4,Drug Safety and Accuracy of Drug Pricing,Plan too new to be measured,
H9572,HD1,"Staying Healthy: Screenings, Tests and Vaccines",5,5
H9572,HD2,Managing Chronic (Long Term) Conditions,4,4
H9572,HD3,Member Experience with Health Plan,3,3
H9572,HD4,Member Complaints and Changes in the Health Plan's Performance,4,4
H9572,HD5,Health Plan Customer Service,4,4
H9572,DD1,Drug Plan Customer Service,4,4
H9572,DD2,Member Complaints and Changes in the Drug Plan’s Performance,4,4
H9572,DD3,Member Experience with the Drug Plan,4,4
H9572,DD4,Drug Safety and Accuracy of Drug Pricing,4,4
H9576,HD1,"Staying Healthy: Screenings, Tests and Vaccines",Not enough data available ,
H9576,HD2,Managing Chronic (Long Term) Conditions,Not enough data available ,
H9576,HD3,Member Experience with Health Plan,Not enough data available ,
H9576,HD4,Member Complaints and Changes in the Health Plan's Performance,Not enough data available ,
H9576,HD5,Health Plan Customer Service,Not enough data available ,
H9576,DD1,Drug Plan Customer Service,Not enough data available ,
H9576,DD2,Member Complaints and Changes in the Drug Plan’s Performance,Not enough data available ,
H9576,DD3,Member Experience with the Drug Plan,Not enough data available ,
H9576,DD4,Drug Safety and Accuracy of Drug Pricing,Not enough data available,
H9585,HD1,"Staying Healthy: Screenings, Tests and Vaccines",4,4
H9585,HD2,Managing Chronic (Long Term) Conditions,4,4
H9585,HD3,Member Experience with Health Plan,3,3
H9585,HD4,Member Complaints and Changes in the Health Plan's Performance,4,4
H9585,HD5,Health Plan Customer Service,Not enough data available ,
H9585,DD1,Drug Plan Customer Service,3,3
H9585,DD2,Member Complaints and Changes in the Drug Plan’s Performance,5,5
H9585,DD3,Member Experience with the Drug Plan,Not enough data available ,
H9585,DD4,Drug Safety and Accuracy of Drug Pricing,4,4
H9589,HD1,"Staying Healthy: Screenings, Tests and Vaccines",Not enough data available ,
H9589,HD2,Managing Chronic (Long Term) Conditions,Not enough data available ,
H9589,HD3,Member Experience with Health Plan,Not enough data available ,
H9589,HD4,Member Complaints and Changes in the Health Plan's Performance,Not enough data available ,
H9589,HD5,Health Plan Customer Service,Not enough data available ,
H9589,DD1,Drug Plan Customer Service,3,3
H9589,DD2,Member Complaints and Changes in the Drug Plan’s Performance,Not enough data available ,
H9589,DD3,Member Experience with the Drug Plan,Not enough data available ,
H9589,DD4,Drug Safety and Accuracy of Drug Pricing,Not enough data available,
H9590,HD1,"Staying Healthy: Screenings, Tests and Vaccines",Not enough data available ,
H9590,HD2,Managing Chronic (Long Term) Conditions,Not enough data available ,
H9590,HD3,Member Experience with Health Plan,Not enough data available ,
H9590,HD4,Member Complaints and Changes in the Health Plan's Performance,Not enough data available ,
H9590,HD5,Health Plan Customer Service,Not enough data available ,
H9590,DD1,Drug Plan Customer Service,2,2
H9590,DD2,Member Complaints and Changes in the Drug Plan’s Performance,Not enough data available ,
H9590,DD3,Member Experience with the Drug Plan,Not enough data available ,
H9590,DD4,Drug Safety and Accuracy of Drug Pricing,4,4
H9614,HD1,"Staying Healthy: Screenings, Tests and Vaccines",Plan too new to be measured ,
H9614,HD2,Managing Chronic (Long Term) Conditions,Plan too new to be measured ,
H9614,HD3,Member Experience with Health Plan,Plan too new to be measured ,
H9614,HD4,Member Complaints and Changes in the Health Plan's Performance,Plan too new to be measured ,
H9614,HD5,Health Plan Customer Service,Plan too new to be measured ,
H9614,DD1,Drug Plan Customer Service,4,4
H9614,DD2,Member Complaints and Changes in the Drug Plan’s Performance,Plan too new to be measured ,
H9614,DD3,Member Experience with the Drug Plan,Plan too new to be measured ,
H9614,DD4,Drug Safety and Accuracy of Drug Pricing,Plan too new to be measured,
H9615,HD1,"Staying Healthy: Screenings, Tests and Vaccines",4,4
H9615,HD2,Managing Chronic (Long Term) Conditions,3,3
H9615,HD3,Member Experience with Health Plan,4,4
H9615,HD4,Member Complaints and Changes in the Health Plan's Performance,4,4
H9615,HD5,Health Plan Customer Service,4,4
H9615,DD1,Drug Plan Customer Service,3,3
H9615,DD2,Member Complaints and Changes in the Drug Plan’s Performance,4,4
H9615,DD3,Member Experience with the Drug Plan,3,3
H9615,DD4,Drug Safety and Accuracy of Drug Pricing,3,3
H9630,HD1,"Staying Healthy: Screenings, Tests and Vaccines",3,3
H9630,HD2,Managing Chronic (Long Term) Conditions,2,2
H9630,HD3,Member Experience with Health Plan,4,4
H9630,HD4,Member Complaints and Changes in the Health Plan's Performance,3,3
H9630,HD5,Health Plan Customer Service,5,5
H9630,DD1,Drug Plan Customer Service,5,5
H9630,DD2,Member Complaints and Changes in the Drug Plan’s Performance,3,3
H9630,DD3,Member Experience with the Drug Plan,4,4
H9630,DD4,Drug Safety and Accuracy of Drug Pricing,3,3
H9656,HD1,"Staying Healthy: Screenings, Tests and Vaccines",Plan too new to be measured ,
H9656,HD2,Managing Chronic (Long Term) Conditions,Plan too new to be measured ,
H9656,HD3,Member Experience with Health Plan,Plan too new to be measured ,
H9656,HD4,Member Complaints and Changes in the Health Plan's Performance,Plan too new to be measured ,
H9656,HD5,Health Plan Customer Service,Plan too new to be measured ,
H9656,DD1,Drug Plan Customer Service,Plan too new to be measured ,
H9656,DD2,Member Complaints and Changes in the Drug Plan’s Performance,Plan too new to be measured ,
H9656,DD3,Member Experience with the Drug Plan,Plan too new to be measured ,
H9656,DD4,Drug Safety and Accuracy of Drug Pricing,Plan too new to be measured,
H9662,HD1,"Staying Healthy: Screenings, Tests and Vaccines",Not enough data available ,
H9662,HD2,Managing Chronic (Long Term) Conditions,Not enough data available ,
H9662,HD3,Member Experience with Health Plan,Not enough data available ,
H9662,HD4,Member Complaints and Changes in the Health Plan's Performance,Not enough data available ,
H9662,HD5,Health Plan Customer Service,Not enough data available ,
H9662,DD1,Drug Plan Customer Service,Not enough data available ,
H9662,DD2,Member Complaints and Changes in the Drug Plan’s Performance,Not enough data available ,
H9662,DD3,Member Experience with the Drug Plan,Not enough data available ,
H9662,DD4,Drug Safety and Accuracy of Drug Pricing,Not enough data available,
H9678,HD1,"Staying Healthy: Screenings, Tests and Vaccines",Plan too new to be measured ,
H9678,HD2,Managing Chronic (Long Term) Conditions,Plan too new to be measured ,
H9678,HD3,Member Experience with Health Plan,Plan too new to be measured ,
H9678,HD4,Member Complaints and Changes in the Health Plan's Performance,Plan too new to be measured ,
H9678,HD5,Health Plan Customer Service,Plan too new to be measured ,
H9678,DD1,Drug Plan Customer Service,5,5
H9678,DD2,Member Complaints and Changes in the Drug Plan’s Performance,Plan too new to be measured ,
H9678,DD3,Member Experience with the Drug Plan,Plan too new to be measured ,
H9678,DD4,Drug Safety and Accuracy of Drug Pricing,Plan too new to be measured,
H9686,HD1,"Staying Healthy: Screenings, Tests and Vaccines",3,3
H9686,HD2,Managing Chronic (Long Term) Conditions,4,4
H9686,HD3,Member Experience with Health Plan,2,2
H9686,HD4,Member Complaints and Changes in the Health Plan's Performance,3,3
H9686,HD5,Health Plan Customer Service,4,4
H9686,DD1,Drug Plan Customer Service,4,4
H9686,DD2,Member Complaints and Changes in the Drug Plan’s Performance,3,3
H9686,DD3,Member Experience with the Drug Plan,4,4
H9686,DD4,Drug Safety and Accuracy of Drug Pricing,4,4
H9690,HD1,"Staying Healthy: Screenings, Tests and Vaccines",Plan too new to be measured ,
H9690,HD2,Managing Chronic (Long Term) Conditions,Plan too new to be measured ,
H9690,HD3,Member Experience with Health Plan,Plan too new to be measured ,
H9690,HD4,Member Complaints and Changes in the Health Plan's Performance,Plan too new to be measured ,
H9690,HD5,Health Plan Customer Service,Plan too new to be measured ,
H9690,DD1,Drug Plan Customer Service,Plan too new to be measured ,
H9690,DD2,Member Complaints and Changes in the Drug Plan’s Performance,Plan too new to be measured ,
H9690,DD3,Member Experience with the Drug Plan,Plan too new to be measured ,
H9690,DD4,Drug Safety and Accuracy of Drug Pricing,Plan too new to be measured,
H9699,HD1,"Staying Healthy: Screenings, Tests and Vaccines",3,3
H9699,HD2,Managing Chronic (Long Term) Conditions,3,3
H9699,HD3,Member Experience with Health Plan,4,4
H9699,HD4,Member Complaints and Changes in the Health Plan's Performance,4,4
H9699,HD5,Health Plan Customer Service,4,4
H9699,DD1,Drug Plan Customer Service,4,4
H9699,DD2,Member Complaints and Changes in the Drug Plan’s Performance,4,4
H9699,DD3,Member Experience with the Drug Plan,3,3
H9699,DD4,Drug Safety and Accuracy of Drug Pricing,3,3
H9706,HD1,"Staying Healthy: Screenings, Tests and Vaccines",4,4
H9706,HD2,Managing Chronic (Long Term) Conditions,2,2
H9706,HD3,Member Experience with Health Plan,3,3
H9706,HD4,Member Complaints and Changes in the Health Plan's Performance,3,3
H9706,HD5,Health Plan Customer Service,4,4
H9706,DD1,Drug Plan Customer Service,4,4
H9706,DD2,Member Complaints and Changes in the Drug Plan’s Performance,3,3
H9706,DD3,Member Experience with the Drug Plan,3,3
H9706,DD4,Drug Safety and Accuracy of Drug Pricing,3,3
H9712,HD1,"Staying Healthy: Screenings, Tests and Vaccines",Not enough data available ,
H9712,HD2,Managing Chronic (Long Term) Conditions,Not enough data available ,
H9712,HD3,Member Experience with Health Plan,Not enough data available ,
H9712,HD4,Member Complaints and Changes in the Health Plan's Performance,Not enough data available ,
H9712,HD5,Health Plan Customer Service,Not enough data available ,
H9712,DD1,Drug Plan Customer Service,Not enough data available ,
H9712,DD2,Member Complaints and Changes in the Drug Plan’s Performance,Not enough data available ,
H9712,DD3,Member Experience with the Drug Plan,Not enough data available ,
H9712,DD4,Drug Safety and Accuracy of Drug Pricing,Not enough data available,
H9725,HD1,"Staying Healthy: Screenings, Tests and Vaccines",3,3
H9725,HD2,Managing Chronic (Long Term) Conditions,4,4
H9725,HD3,Member Experience with Health Plan,5,5
H9725,HD4,Member Complaints and Changes in the Health Plan's Performance,4,4
H9725,HD5,Health Plan Customer Service,4,4
H9725,DD1,Drug Plan Customer Service,3,3
H9725,DD2,Member Complaints and Changes in the Drug Plan’s Performance,4,4
H9725,DD3,Member Experience with the Drug Plan,4,4
H9725,DD4,Drug Safety and Accuracy of Drug Pricing,4,4
H9730,HD1,"Staying Healthy: Screenings, Tests and Vaccines",2,2
H9730,HD2,Managing Chronic (Long Term) Conditions,3,3
H9730,HD3,Member Experience with Health Plan,4,4
H9730,HD4,Member Complaints and Changes in the Health Plan's Performance,2,2
H9730,HD5,Health Plan Customer Service,3,3
H9730,DD1,Drug Plan Customer Service,5,5
H9730,DD2,Member Complaints and Changes in the Drug Plan’s Performance,3,3
H9730,DD3,Member Experience with the Drug Plan,5,5
H9730,DD4,Drug Safety and Accuracy of Drug Pricing,3,3
H9761,HD1,"Staying Healthy: Screenings, Tests and Vaccines",Plan too new to be measured ,
H9761,HD2,Managing Chronic (Long Term) Conditions,2,2
H9761,HD3,Member Experience with Health Plan,3,3
H9761,HD4,Member Complaints and Changes in the Health Plan's Performance,2,2
H9761,HD5,Health Plan Customer Service,Plan too new to be measured ,
H9761,DD1,Drug Plan Customer Service,5,5
H9761,DD2,Member Complaints and Changes in the Drug Plan’s Performance,2,2
H9761,DD3,Member Experience with the Drug Plan,Plan too new to be measured ,
H9761,DD4,Drug Safety and Accuracy of Drug Pricing,3,3
H9763,HD1,"Staying Healthy: Screenings, Tests and Vaccines",Plan too new to be measured ,
H9763,HD2,Managing Chronic (Long Term) Conditions,Plan too new to be measured ,
H9763,HD3,Member Experience with Health Plan,4,4
H9763,HD4,Member Complaints and Changes in the Health Plan's Performance,5,5
H9763,HD5,Health Plan Customer Service,Plan too new to be measured ,
H9763,DD1,Drug Plan Customer Service,2,2
H9763,DD2,Member Complaints and Changes in the Drug Plan’s Performance,5,5
H9763,DD3,Member Experience with the Drug Plan,5,5
H9763,DD4,Drug Safety and Accuracy of Drug Pricing,3,3
H9808,HD1,"Staying Healthy: Screenings, Tests and Vaccines",5,5
H9808,HD2,Managing Chronic (Long Term) Conditions,4,4
H9808,HD3,Member Experience with Health Plan,5,5
H9808,HD4,Member Complaints and Changes in the Health Plan's Performance,4,4
H9808,HD5,Health Plan Customer Service,4,4
H9808,DD1,Drug Plan Customer Service,3,3
H9808,DD2,Member Complaints and Changes in the Drug Plan’s Performance,4,4
H9808,DD3,Member Experience with the Drug Plan,4,4
H9808,DD4,Drug Safety and Accuracy of Drug Pricing,3,3
H9811,HD1,"Staying Healthy: Screenings, Tests and Vaccines",2,2
H9811,HD2,Managing Chronic (Long Term) Conditions,2,2
H9811,HD3,Member Experience with Health Plan,Not enough data available ,
H9811,HD4,Member Complaints and Changes in the Health Plan's Performance,1,1
H9811,HD5,Health Plan Customer Service,Not enough data available ,
H9811,DD1,Drug Plan Customer Service,5,5
H9811,DD2,Member Complaints and Changes in the Drug Plan’s Performance,2,2
H9811,DD3,Member Experience with the Drug Plan,Not enough data available ,
H9811,DD4,Drug Safety and Accuracy of Drug Pricing,3,3
H9826,HD1,"Staying Healthy: Screenings, Tests and Vaccines",Not enough data available ,
H9826,HD2,Managing Chronic (Long Term) Conditions,Not enough data available ,
H9826,HD3,Member Experience with Health Plan,Not enough data available ,
H9826,HD4,Member Complaints and Changes in the Health Plan's Performance,Not enough data available ,
H9826,HD5,Health Plan Customer Service,Not enough data available ,
H9826,DD1,Drug Plan Customer Service,3,3
H9826,DD2,Member Complaints and Changes in the Drug Plan’s Performance,Not enough data available ,
H9826,DD3,Member Experience with the Drug Plan,Not enough data available ,
H9826,DD4,Drug Safety and Accuracy of Drug Pricing,2,2
H9827,HD1,"Staying Healthy: Screenings, Tests and Vaccines",Plan too new to be measured ,
H9827,HD2,Managing Chronic (Long Term) Conditions,Plan too new to be measured ,
H9827,HD3,Member Experience with Health Plan,Plan too new to be measured ,
H9827,HD4,Member Complaints and Changes in the Health Plan's Performance,Plan too new to be measured ,
H9827,HD5,Health Plan Customer Service,Plan too new to be measured ,
H9827,DD1,Drug Plan Customer Service,4,4
H9827,DD2,Member Complaints and Changes in the Drug Plan’s Performance,Plan too new to be measured ,
H9827,DD3,Member Experience with the Drug Plan,Plan too new to be measured ,
H9827,DD4,Drug Safety and Accuracy of Drug Pricing,3,3
H9834,HD1,"Staying Healthy: Screenings, Tests and Vaccines",5,5
H9834,HD2,Managing Chronic (Long Term) Conditions,4,4
H9834,HD3,Member Experience with Health Plan,5,5
H9834,HD4,Member Complaints and Changes in the Health Plan's Performance,4,4
H9834,HD5,Health Plan Customer Service,4,4
H9834,DD1,Drug Plan Customer Service,4,4
H9834,DD2,Member Complaints and Changes in the Drug Plan’s Performance,4,4
H9834,DD3,Member Experience with the Drug Plan,5,5
H9834,DD4,Drug Safety and Accuracy of Drug Pricing,4,4
H9861,HD1,"Staying Healthy: Screenings, Tests and Vaccines",Not enough data available ,
H9861,HD2,Managing Chronic (Long Term) Conditions,2,2
H9861,HD3,Member Experience with Health Plan,Not enough data available ,
H9861,HD4,Member Complaints and Changes in the Health Plan's Performance,Not enough data available ,
H9861,HD5,Health Plan Customer Service,Not enough data available ,
H9861,DD1,Drug Plan Customer Service,3,3
H9861,DD2,Member Complaints and Changes in the Drug Plan’s Performance,Not enough data available ,
H9861,DD3,Member Experience with the Drug Plan,Not enough data available ,
H9861,DD4,Drug Safety and Accuracy of Drug Pricing,3,3
H9869,HD1,"Staying Healthy: Screenings, Tests and Vaccines",Not enough data available ,
H9869,HD2,Managing Chronic (Long Term) Conditions,Not enough data available ,
H9869,HD3,Member Experience with Health Plan,Not enough data available ,
H9869,HD4,Member Complaints and Changes in the Health Plan's Performance,Not enough data available ,
H9869,HD5,Health Plan Customer Service,Not enough data available ,
H9869,DD1,Drug Plan Customer Service,Not enough data available ,
H9869,DD2,Member Complaints and Changes in the Drug Plan’s Performance,Not enough data available ,
H9869,DD3,Member Experience with the Drug Plan,Not enough data available ,
H9869,DD4,Drug Safety and Accuracy of Drug Pricing,Not enough data available,
H9876,HD1,"Staying Healthy: Screenings, Tests and Vaccines",Plan too new to be measured ,
H9876,HD2,Managing Chronic (Long Term) Conditions,Plan too new to be measured ,
H9876,HD3,Member Experience with Health Plan,Plan too new to be measured ,
H9876,HD4,Member Complaints and Changes in the Health Plan's Performance,Plan too new to be measured ,
H9876,HD5,Health Plan Customer Service,Plan too new to be measured ,
H9876,DD1,Drug Plan Customer Service,3,3
H9876,DD2,Member Complaints and Changes in the Drug Plan’s Performance,Plan too new to be measured ,
H9876,DD3,Member Experience with the Drug Plan,Plan too new to be measured ,
H9876,DD4,Drug Safety and Accuracy of Drug Pricing,Plan too new to be measured,
H9884,HD1,"Staying Healthy: Screenings, Tests and Vaccines",Plan too new to be measured ,
H9884,HD2,Managing Chronic (Long Term) Conditions,Plan too new to be measured ,
H9884,HD3,Member Experience with Health Plan,Plan too new to be measured ,
H9884,HD4,Member Complaints and Changes in the Health Plan's Performance,Plan too new to be measured ,
H9884,HD5,Health Plan Customer Service,Plan too new to be measured ,
H9884,DD1,Drug Plan Customer Service,4,4
H9884,DD2,Member Complaints and Changes in the Drug Plan’s Performance,Plan too new to be measured ,
H9884,DD3,Member Experience with the Drug Plan,Plan too new to be measured ,
H9884,DD4,Drug Safety and Accuracy of Drug Pricing,4,4
H9888,HD1,"Staying Healthy: Screenings, Tests and Vaccines",Plan too new to be measured ,
H9888,HD2,Managing Chronic (Long Term) Conditions,Plan too new to be measured ,
H9888,HD3,Member Experience with Health Plan,Plan too new to be measured ,
H9888,HD4,Member Complaints and Changes in the Health Plan's Performance,Plan too new to be measured ,
H9888,HD5,Health Plan Customer Service,Plan too new to be measured ,
H9888,DD1,Drug Plan Customer Service,4,4
H9888,DD2,Member Complaints and Changes in the Drug Plan’s Performance,Plan too new to be measured ,
H9888,DD3,Member Experience with the Drug Plan,Plan too new to be measured ,
H9888,DD4,Drug Safety and Accuracy of Drug Pricing,Plan too new to be measured,
H9900,HD1,"Staying Healthy: Screenings, Tests and Vaccines",Plan too new to be measured ,
H9900,HD2,Managing Chronic (Long Term) Conditions,1,1
H9900,HD3,Member Experience with Health Plan,Plan too new to be measured ,
H9900,HD4,Member Complaints and Changes in the Health Plan's Performance,1,1
H9900,HD5,Health Plan Customer Service,Plan too new to be measured ,
H9900,DD1,Drug Plan Customer Service,5,5
H9900,DD2,Member Complaints and Changes in the Drug Plan’s Performance,1,1
H9900,DD3,Member Experience with the Drug Plan,Plan too new to be measured ,
H9900,DD4,Drug Safety and Accuracy of Drug Pricing,2,2
H9904,HD1,"Staying Healthy: Screenings, Tests and Vaccines",Plan too new to be measured ,
H9904,HD2,Managing Chronic (Long Term) Conditions,Plan too new to be measured ,
H9904,HD3,Member Experience with Health Plan,Plan too new to be measured ,
H9904,HD4,Member Complaints and Changes in the Health Plan's Performance,Plan too new to be measured ,
H9904,HD5,Health Plan Customer Service,Plan too new to be measured ,
H9904,DD1,Drug Plan Customer Service,4,4
H9904,DD2,Member Complaints and Changes in the Drug Plan’s Performance,Plan too new to be measured ,
H9904,DD3,Member Experience with the Drug Plan,Plan too new to be measured ,
H9904,DD4,Drug Safety and Accuracy of Drug Pricing,3,3
H9907,HD1,"Staying Healthy: Screenings, Tests and Vaccines",Plan too new to be measured ,
H9907,HD2,Managing Chronic (Long Term) Conditions,Plan too new to be measured ,
H9907,HD3,Member Experience with Health Plan,Plan too new to be measured ,
H9907,HD4,Member Complaints and Changes in the Health Plan's Performance,Plan too new to be measured ,
H9907,HD5,Health Plan Customer Service,Plan too new to be measured ,
H9907,DD1,Drug Plan Customer Service,5,5
H9907,DD2,Member Complaints and Changes in the Drug Plan’s Performance,Plan too new to be measured ,
H9907,DD3,Member Experience with the Drug Plan,Plan too new to be measured ,
H9907,DD4,Drug Safety and Accuracy of Drug Pricing,Plan too new to be measured,
H9909,HD1,"Staying Healthy: Screenings, Tests and Vaccines",Not enough data available ,
H9909,HD2,Managing Chronic (Long Term) Conditions,Not enough data available ,
H9909,HD3,Member Experience with Health Plan,Not enough data available ,
H9909,HD4,Member Complaints and Changes in the Health Plan's Performance,Not enough data available ,
H9909,HD5,Health Plan Customer Service,Not enough data available ,
H9909,DD1,Drug Plan Customer Service,2,2
H9909,DD2,Member Complaints and Changes in the Drug Plan’s Performance,Not enough data available ,
H9909,DD3,Member Experience with the Drug Plan,Not enough data available ,
H9909,DD4,Drug Safety and Accuracy of Drug Pricing,3,3
H9917,HD1,"Staying Healthy: Screenings, Tests and Vaccines",Not enough data available ,
H9917,HD2,Managing Chronic (Long Term) Conditions,Not enough data available ,
H9917,HD3,Member Experience with Health Plan,Not enough data available ,
H9917,HD4,Member Complaints and Changes in the Health Plan's Performance,Not enough data available ,
H9917,HD5,Health Plan Customer Service,Not enough data available ,
H9917,DD1,Drug Plan Customer Service,4,4
H9917,DD2,Member Complaints and Changes in the Drug Plan’s Performance,Not enough data available ,
H9917,DD3,Member Experience with the Drug Plan,Not enough data available ,
H9917,DD4,Drug Safety and Accuracy of Drug Pricing,Not enough data available,
H9940,HD1,"Staying Healthy: Screenings, Tests and Vaccines",Plan too new to be measured ,
H9940,HD2,Managing Chronic (Long Term) Conditions,Plan too new to be measured ,
H9940,HD3,Member Experience with Health Plan,Plan too new to be measured ,
H9940,HD4,Member Complaints and Changes in the Health Plan's Performance,Plan too new to be measured ,
H9940,HD5,Health Plan Customer Service,Plan too new to be measured ,
H9940,DD1,Drug Plan Customer Service,2,2
H9940,DD2,Member Complaints and Changes in the Drug Plan’s Performance,Plan too new to be measured ,
H9940,DD3,Member Experience with the Drug Plan,Plan too new to be measured ,
H9940,DD4,Drug Safety and Accuracy of Drug Pricing,Plan too new to be measured,
H9942,HD1,"Staying Healthy: Screenings, Tests and Vaccines",Not enough data available ,
H9942,HD2,Managing Chronic (Long Term) Conditions,2,2
H9942,HD3,Member Experience with Health Plan,Not enough data available ,
H9942,HD4,Member Complaints and Changes in the Health Plan's Performance,5,5
H9942,HD5,Health Plan Customer Service,Not enough data available ,
H9942,DD1,Drug Plan Customer Service,2,2
H9942,DD2,Member Complaints and Changes in the Drug Plan’s Performance,4,4
H9942,DD3,Member Experience with the Drug Plan,Not enough data available ,
H9942,DD4,Drug Safety and Accuracy of Drug Pricing,4,4
H9943,HD1,"Staying Healthy: Screenings, Tests and Vaccines",Plan too new to be measured ,
H9943,HD2,Managing Chronic (Long Term) Conditions,Plan too new to be measured ,
H9943,HD3,Member Experience with Health Plan,Plan too new to be measured ,
H9943,HD4,Member Complaints and Changes in the Health Plan's Performance,Plan too new to be measured ,
H9943,HD5,Health Plan Customer Service,Plan too new to be measured ,
H9943,DD1,Drug Plan Customer Service,4,4
H9943,DD2,Member Complaints and Changes in the Drug Plan’s Performance,Plan too new to be measured ,
H9943,DD3,Member Experience with the Drug Plan,Plan too new to be measured ,
H9943,DD4,Drug Safety and Accuracy of Drug Pricing,Plan too new to be measured,
H9946,HD1,"Staying Healthy: Screenings, Tests and Vaccines",Plan too new to be measured ,
H9946,HD2,Managing Chronic (Long Term) Conditions,Plan too new to be measured ,
H9946,HD3,Member Experience with Health Plan,Plan too new to be measured ,
H9946,HD4,Member Complaints and Changes in the Health Plan's Performance,Plan too new to be measured ,
H9946,HD5,Health Plan Customer Service,Plan too new to be measured ,
H9946,DD1,Drug Plan Customer Service,Plan too new to be measured ,
H9946,DD2,Member Complaints and Changes in the Drug Plan’s Performance,Plan too new to be measured ,
H9946,DD3,Member Experience with the Drug Plan,Plan too new to be measured ,
H9946,DD4,Drug Safety and Accuracy of Drug Pricing,Plan too new to be measured,
H9952,HD1,"Staying Healthy: Screenings, Tests and Vaccines",3,3
H9952,HD2,Managing Chronic (Long Term) Conditions,4,4
H9952,HD3,Member Experience with Health Plan,3,3
H9952,HD4,Member Complaints and Changes in the Health Plan's Performance,5,5
H9952,HD5,Health Plan Customer Service,5,5
H9952,DD1,Drug Plan Customer Service,3,3
H9952,DD2,Member Complaints and Changes in the Drug Plan’s Performance,5,5
H9952,DD3,Member Experience with the Drug Plan,2,2
H9952,DD4,Drug Safety and Accuracy of Drug Pricing,3,3
H9955,HD1,"Staying Healthy: Screenings, Tests and Vaccines",2,2
H9955,HD2,Managing Chronic (Long Term) Conditions,2,2
H9955,HD3,Member Experience with Health Plan,4,4
H9955,HD4,Member Complaints and Changes in the Health Plan's Performance,3,3
H9955,HD5,Health Plan Customer Service,4,4
H9955,DD1,Drug Plan Customer Service,4,4
H9955,DD2,Member Complaints and Changes in the Drug Plan’s Performance,3,3
H9955,DD3,Member Experience with the Drug Plan,3,3
H9955,DD4,Drug Safety and Accuracy of Drug Pricing,2,2
H9976,HD1,"Staying Healthy: Screenings, Tests and Vaccines",Plan too new to be measured ,
H9976,HD2,Managing Chronic (Long Term) Conditions,Plan too new to be measured ,
H9976,HD3,Member Experience with Health Plan,Plan too new to be measured ,
H9976,HD4,Member Complaints and Changes in the Health Plan's Performance,1,1
H9976,HD5,Health Plan Customer Service,Plan too new to be measured ,
H9976,DD1,Drug Plan Customer Service,5,5
H9976,DD2,Member Complaints and Changes in the Drug Plan’s Performance,1,1
H9976,DD3,Member Experience with the Drug Plan,Plan too new to be measured ,
H9976,DD4,Drug Safety and Accuracy of Drug Pricing,3,3
H9986,HD1,"Staying Healthy: Screenings, Tests and Vaccines",Plan too new to be measured ,
H9986,HD2,Managing Chronic (Long Term) Conditions,Plan too new to be measured ,
H9986,HD3,Member Experience with Health Plan,Plan too new to be measured ,
H9986,HD4,Member Complaints and Changes in the Health Plan's Performance,Plan too new to be measured ,
H9986,HD5,Health Plan Customer Service,Plan too new to be measured ,
H9986,DD1,Drug Plan Customer Service,3,3
H9986,DD2,Member Complaints and Changes in the Drug Plan’s Performance,Plan too new to be measured ,
H9986,DD3,Member Experience with the Drug Plan,Plan too new to be measured ,
H9986,DD4,Drug Safety and Accuracy of Drug Pricing,4,4
R0110,HD1,"Staying Healthy: Screenings, Tests and Vaccines",3,3
R0110,HD2,Managing Chronic (Long Term) Conditions,3,3
R0110,HD3,Member Experience with Health Plan,5,5
R0110,HD4,Member Complaints and Changes in the Health Plan's Performance,4,4
R0110,HD5,Health Plan Customer Service,4,4
R0110,DD1,Drug Plan Customer Service,5,5
R0110,DD2,Member Complaints and Changes in the Drug Plan’s Performance,4,4
R0110,DD3,Member Experience with the Drug Plan,4,4
R0110,DD4,Drug Safety and Accuracy of Drug Pricing,2,2
R0759,HD1,"Staying Healthy: Screenings, Tests and Vaccines",3,3
R0759,HD2,Managing Chronic (Long Term) Conditions,3,3
R0759,HD3,Member Experience with Health Plan,3,3
R0759,HD4,Member Complaints and Changes in the Health Plan's Performance,4,4
R0759,HD5,Health Plan Customer Service,5,5
R0759,DD1,Drug Plan Customer Service,4,4
R0759,DD2,Member Complaints and Changes in the Drug Plan’s Performance,4,4
R0759,DD3,Member Experience with the Drug Plan,4,4
R0759,DD4,Drug Safety and Accuracy of Drug Pricing,4,4
R0865,HD1,"Staying Healthy: Screenings, Tests and Vaccines",2,2
R0865,HD2,Managing Chronic (Long Term) Conditions,3,3
R0865,HD3,Member Experience with Health Plan,5,5
R0865,HD4,Member Complaints and Changes in the Health Plan's Performance,4,4
R0865,HD5,Health Plan Customer Service,4,4
R0865,DD1,Drug Plan Customer Service,5,5
R0865,DD2,Member Complaints and Changes in the Drug Plan’s Performance,4,4
R0865,DD3,Member Experience with the Drug Plan,5,5
R0865,DD4,Drug Safety and Accuracy of Drug Pricing,2,2
R0923,HD1,"Staying Healthy: Screenings, Tests and Vaccines",3,3
R0923,HD2,Managing Chronic (Long Term) Conditions,3,3
R0923,HD3,Member Experience with Health Plan,4,4
R0923,HD4,Member Complaints and Changes in the Health Plan's Performance,4,4
R0923,HD5,Health Plan Customer Service,4,4
R0923,DD1,Drug Plan Customer Service,5,5
R0923,DD2,Member Complaints and Changes in the Drug Plan’s Performance,4,4
R0923,DD3,Member Experience with the Drug Plan,4,4
R0923,DD4,Drug Safety and Accuracy of Drug Pricing,3,3
R1390,HD1,"Staying Healthy: Screenings, Tests and Vaccines",3,3
R1390,HD2,Managing Chronic (Long Term) Conditions,3,3
R1390,HD3,Member Experience with Health Plan,3,3
R1390,HD4,Member Complaints and Changes in the Health Plan's Performance,3,3
R1390,HD5,Health Plan Customer Service,5,5
R1390,DD1,Drug Plan Customer Service,5,5
R1390,DD2,Member Complaints and Changes in the Drug Plan’s Performance,3,3
R1390,DD3,Member Experience with the Drug Plan,4,4
R1390,DD4,Drug Safety and Accuracy of Drug Pricing,3,3
R1532,HD1,"Staying Healthy: Screenings, Tests and Vaccines",2,2
R1532,HD2,Managing Chronic (Long Term) Conditions,3,3
R1532,HD3,Member Experience with Health Plan,4,4
R1532,HD4,Member Complaints and Changes in the Health Plan's Performance,3,3
R1532,HD5,Health Plan Customer Service,5,5
R1532,DD1,Drug Plan Customer Service,5,5
R1532,DD2,Member Complaints and Changes in the Drug Plan’s Performance,3,3
R1532,DD3,Member Experience with the Drug Plan,Not enough data available ,
R1532,DD4,Drug Safety and Accuracy of Drug Pricing,2,2
R2604,HD1,"Staying Healthy: Screenings, Tests and Vaccines",4,4
R2604,HD2,Managing Chronic (Long Term) Conditions,3,3
R2604,HD3,Member Experience with Health Plan,4,4
R2604,HD4,Member Complaints and Changes in the Health Plan's Performance,3,3
R2604,HD5,Health Plan Customer Service,5,5
R2604,DD1,Drug Plan Customer Service,4,4
R2604,DD2,Member Complaints and Changes in the Drug Plan’s Performance,3,3
R2604,DD3,Member Experience with the Drug Plan,3,3
R2604,DD4,Drug Safety and Accuracy of Drug Pricing,3,3
R3175,HD1,"Staying Healthy: Screenings, Tests and Vaccines",2,2
R3175,HD2,Managing Chronic (Long Term) Conditions,2,2
R3175,HD3,Member Experience with Health Plan,Not enough data available ,
R3175,HD4,Member Complaints and Changes in the Health Plan's Performance,2,2
R3175,HD5,Health Plan Customer Service,Not enough data available ,
R3175,DD1,Drug Plan Customer Service,4,4
R3175,DD2,Member Complaints and Changes in the Drug Plan’s Performance,3,3
R3175,DD3,Member Experience with the Drug Plan,Not enough data available ,
R3175,DD4,Drug Safety and Accuracy of Drug Pricing,3,3
R3332,HD1,"Staying Healthy: Screenings, Tests and Vaccines",4,4
R3332,HD2,Managing Chronic (Long Term) Conditions,2,2
R3332,HD3,Member Experience with Health Plan,4,4
R3332,HD4,Member Complaints and Changes in the Health Plan's Performance,5,5
R3332,HD5,Health Plan Customer Service,4,4
R3332,DD1,Drug Plan Customer Service,3,3
R3332,DD2,Member Complaints and Changes in the Drug Plan’s Performance,4,4
R3332,DD3,Member Experience with the Drug Plan,3,3
R3332,DD4,Drug Safety and Accuracy of Drug Pricing,3,3
R3392,HD1,"Staying Healthy: Screenings, Tests and Vaccines",3,3
R3392,HD2,Managing Chronic (Long Term) Conditions,3,3
R3392,HD3,Member Experience with Health Plan,4,4
R3392,HD4,Member Complaints and Changes in the Health Plan's Performance,3,3
R3392,HD5,Health Plan Customer Service,5,5
R3392,DD1,Drug Plan Customer Service,5,5
R3392,DD2,Member Complaints and Changes in the Drug Plan’s Performance,4,4
R3392,DD3,Member Experience with the Drug Plan,4,4
R3392,DD4,Drug Safety and Accuracy of Drug Pricing,3,3
R3444,HD1,"Staying Healthy: Screenings, Tests and Vaccines",2,2
R3444,HD2,Managing Chronic (Long Term) Conditions,3,3
R3444,HD3,Member Experience with Health Plan,4,4
R3444,HD4,Member Complaints and Changes in the Health Plan's Performance,2,2
R3444,HD5,Health Plan Customer Service,5,5
R3444,DD1,Drug Plan Customer Service,4,4
R3444,DD2,Member Complaints and Changes in the Drug Plan’s Performance,3,3
R3444,DD3,Member Experience with the Drug Plan,3,3
R3444,DD4,Drug Safety and Accuracy of Drug Pricing,3,3
R3887,HD1,"Staying Healthy: Screenings, Tests and Vaccines",3,3
R3887,HD2,Managing Chronic (Long Term) Conditions,3,3
R3887,HD3,Member Experience with Health Plan,4,4
R3887,HD4,Member Complaints and Changes in the Health Plan's Performance,4,4
R3887,HD5,Health Plan Customer Service,3,3
R3887,DD1,Drug Plan Customer Service,5,5
R3887,DD2,Member Complaints and Changes in the Drug Plan’s Performance,4,4
R3887,DD3,Member Experience with the Drug Plan,4,4
R3887,DD4,Drug Safety and Accuracy of Drug Pricing,3,3
R4182,HD1,"Staying Healthy: Screenings, Tests and Vaccines",3,3
R4182,HD2,Managing Chronic (Long Term) Conditions,3,3
R4182,HD3,Member Experience with Health Plan,4,4
R4182,HD4,Member Complaints and Changes in the Health Plan's Performance,4,4
R4182,HD5,Health Plan Customer Service,4,4
R4182,DD1,Drug Plan Customer Service,5,5
R4182,DD2,Member Complaints and Changes in the Drug Plan’s Performance,4,4
R4182,DD3,Member Experience with the Drug Plan,3,3
R4182,DD4,Drug Safety and Accuracy of Drug Pricing,3,3
R4487,HD1,"Staying Healthy: Screenings, Tests and Vaccines",3,3
R4487,HD2,Managing Chronic (Long Term) Conditions,3,3
R4487,HD3,Member Experience with Health Plan,4,4
R4487,HD4,Member Complaints and Changes in the Health Plan's Performance,4,4
R4487,HD5,Health Plan Customer Service,4,4
R4487,DD1,Drug Plan Customer Service,4,4
R4487,DD2,Member Complaints and Changes in the Drug Plan’s Performance,5,5
R4487,DD3,Member Experience with the Drug Plan,3,3
R4487,DD4,Drug Safety and Accuracy of Drug Pricing,3,3
R4845,HD1,"Staying Healthy: Screenings, Tests and Vaccines",1,1
R4845,HD2,Managing Chronic (Long Term) Conditions,2,2
R4845,HD3,Member Experience with Health Plan,4,4
R4845,HD4,Member Complaints and Changes in the Health Plan's Performance,3,3
R4845,HD5,Health Plan Customer Service,4,4
R4845,DD1,Drug Plan Customer Service,5,5
R4845,DD2,Member Complaints and Changes in the Drug Plan’s Performance,2,2
R4845,DD3,Member Experience with the Drug Plan,3,3
R4845,DD4,Drug Safety and Accuracy of Drug Pricing,2,2
R5329,HD1,"Staying Healthy: Screenings, Tests and Vaccines",4,4
R5329,HD2,Managing Chronic (Long Term) Conditions,3,3
R5329,HD3,Member Experience with Health Plan,3,3
R5329,HD4,Member Complaints and Changes in the Health Plan's Performance,3,3
R5329,HD5,Health Plan Customer Service,Not enough data available ,
R5329,DD1,Drug Plan Customer Service,4,4
R5329,DD2,Member Complaints and Changes in the Drug Plan’s Performance,3,3
R5329,DD3,Member Experience with the Drug Plan,2,2
R5329,DD4,Drug Safety and Accuracy of Drug Pricing,4,4
R5342,HD1,"Staying Healthy: Screenings, Tests and Vaccines",3,3
R5342,HD2,Managing Chronic (Long Term) Conditions,3,3
R5342,HD3,Member Experience with Health Plan,2,2
R5342,HD4,Member Complaints and Changes in the Health Plan's Performance,3,3
R5342,HD5,Health Plan Customer Service,5,5
R5342,DD1,Drug Plan Customer Service,4,4
R5342,DD2,Member Complaints and Changes in the Drug Plan’s Performance,4,4
R5342,DD3,Member Experience with the Drug Plan,3,3
R5342,DD4,Drug Safety and Accuracy of Drug Pricing,4,4
R5361,HD1,"Staying Healthy: Screenings, Tests and Vaccines",3,3
R5361,HD2,Managing Chronic (Long Term) Conditions,4,4
R5361,HD3,Member Experience with Health Plan,4,4
R5361,HD4,Member Complaints and Changes in the Health Plan's Performance,3,3
R5361,HD5,Health Plan Customer Service,4,4
R5361,DD1,Drug Plan Customer Service,5,5
R5361,DD2,Member Complaints and Changes in the Drug Plan’s Performance,3,3
R5361,DD3,Member Experience with the Drug Plan,Not enough data available ,
R5361,DD4,Drug Safety and Accuracy of Drug Pricing,3,3
R5495,HD1,"Staying Healthy: Screenings, Tests and Vaccines",2,2
R5495,HD2,Managing Chronic (Long Term) Conditions,3,3
R5495,HD3,Member Experience with Health Plan,4,4
R5495,HD4,Member Complaints and Changes in the Health Plan's Performance,4,4
R5495,HD5,Health Plan Customer Service,4,4
R5495,DD1,Drug Plan Customer Service,5,5
R5495,DD2,Member Complaints and Changes in the Drug Plan’s Performance,4,4
R5495,DD3,Member Experience with the Drug Plan,3,3
R5495,DD4,Drug Safety and Accuracy of Drug Pricing,3,3
R5826,HD1,"Staying Healthy: Screenings, Tests and Vaccines",3,3
R5826,HD2,Managing Chronic (Long Term) Conditions,3,3
R5826,HD3,Member Experience with Health Plan,3,3
R5826,HD4,Member Complaints and Changes in the Health Plan's Performance,4,4
R5826,HD5,Health Plan Customer Service,5,5
R5826,DD1,Drug Plan Customer Service,5,5
R5826,DD2,Member Complaints and Changes in the Drug Plan’s Performance,4,4
R5826,DD3,Member Experience with the Drug Plan,3,3
R5826,DD4,Drug Safety and Accuracy of Drug Pricing,3,3
R5941,HD1,"Staying Healthy: Screenings, Tests and Vaccines",3,3
R5941,HD2,Managing Chronic (Long Term) Conditions,3,3
R5941,HD3,Member Experience with Health Plan,4,4
R5941,HD4,Member Complaints and Changes in the Health Plan's Performance,3,3
R5941,HD5,Health Plan Customer Service,2,2
R5941,DD1,Drug Plan Customer Service,4,4
R5941,DD2,Member Complaints and Changes in the Drug Plan’s Performance,4,4
R5941,DD3,Member Experience with the Drug Plan,4,4
R5941,DD4,Drug Safety and Accuracy of Drug Pricing,3,3
R6694,HD1,"Staying Healthy: Screenings, Tests and Vaccines",3,3
R6694,HD2,Managing Chronic (Long Term) Conditions,4,4
R6694,HD3,Member Experience with Health Plan,4,4
R6694,HD4,Member Complaints and Changes in the Health Plan's Performance,4,4
R6694,HD5,Health Plan Customer Service,Not enough data available ,
R6694,DD1,Drug Plan Customer Service,4,4
R6694,DD2,Member Complaints and Changes in the Drug Plan’s Performance,4,4
R6694,DD3,Member Experience with the Drug Plan,3,3
R6694,DD4,Drug Safety and Accuracy of Drug Pricing,3,3
R6801,HD1,"Staying Healthy: Screenings, Tests and Vaccines",3,3
R6801,HD2,Managing Chronic (Long Term) Conditions,3,3
R6801,HD3,Member Experience with Health Plan,4,4
R6801,HD4,Member Complaints and Changes in the Health Plan's Performance,3,3
R6801,HD5,Health Plan Customer Service,5,5
R6801,DD1,Drug Plan Customer Service,4,4
R6801,DD2,Member Complaints and Changes in the Drug Plan’s Performance,3,3
R6801,DD3,Member Experience with the Drug Plan,4,4
R6801,DD4,Drug Safety and Accuracy of Drug Pricing,3,3
R7220,HD1,"Staying Healthy: Screenings, Tests and Vaccines",2,2
R7220,HD2,Managing Chronic (Long Term) Conditions,3,3
R7220,HD3,Member Experience with Health Plan,3,3
R7220,HD4,Member Complaints and Changes in the Health Plan's Performance,4,4
R7220,HD5,Health Plan Customer Service,4,4
R7220,DD1,Drug Plan Customer Service,5,5
R7220,DD2,Member Complaints and Changes in the Drug Plan’s Performance,4,4
R7220,DD3,Member Experience with the Drug Plan,1,1
R7220,DD4,Drug Safety and Accuracy of Drug Pricing,3,3
R7315,HD1,"Staying Healthy: Screenings, Tests and Vaccines",2,2
R7315,HD2,Managing Chronic (Long Term) Conditions,3,3
R7315,HD3,Member Experience with Health Plan,4,4
R7315,HD4,Member Complaints and Changes in the Health Plan's Performance,4,4
R7315,HD5,Health Plan Customer Service,4,4
R7315,DD1,Drug Plan Customer Service,5,5
R7315,DD2,Member Complaints and Changes in the Drug Plan’s Performance,4,4
R7315,DD3,Member Experience with the Drug Plan,3,3
R7315,DD4,Drug Safety and Accuracy of Drug Pricing,2,2
R7444,HD1,"Staying Healthy: Screenings, Tests and Vaccines",4,4
R7444,HD2,Managing Chronic (Long Term) Conditions,3,3
R7444,HD3,Member Experience with Health Plan,3,3
R7444,HD4,Member Complaints and Changes in the Health Plan's Performance,4,4
R7444,HD5,Health Plan Customer Service,5,5
R7444,DD1,Drug Plan Customer Service,4,4
R7444,DD2,Member Complaints and Changes in the Drug Plan’s Performance,4,4
R7444,DD3,Member Experience with the Drug Plan,1,1
R7444,DD4,Drug Safety and Accuracy of Drug Pricing,4,4
S0156,HD1,"Staying Healthy: Screenings, Tests and Vaccines",Plan not required to report measure ,
S0156,HD2,Managing Chronic (Long Term) Conditions,Plan not required to report measure ,
S0156,HD3,Member Experience with Health Plan,Plan not required to report measure ,
S0156,HD4,Member Complaints and Changes in the Health Plan's Performance,Plan not required to report measure ,
S0156,HD5,Health Plan Customer Service,Plan not required to report measure ,
S0156,DD1,Drug Plan Customer Service,Plan too new to be measured ,
S0156,DD2,Member Complaints and Changes in the Drug Plan’s Performance,Plan too new to be measured ,
S0156,DD3,Member Experience with the Drug Plan,Plan too new to be measured ,
S0156,DD4,Drug Safety and Accuracy of Drug Pricing,Plan too new to be measured,
S0586,HD1,"Staying Healthy: Screenings, Tests and Vaccines",Plan not required to report measure ,
S0586,HD2,Managing Chronic (Long Term) Conditions,Plan not required to report measure ,
S0586,HD3,Member Experience with Health Plan,Plan not required to report measure ,
S0586,HD4,Member Complaints and Changes in the Health Plan's Performance,Plan not required to report measure ,
S0586,HD5,Health Plan Customer Service,Plan not required to report measure ,
S0586,DD1,Drug Plan Customer Service,Not enough data available ,
S0586,DD2,Member Complaints and Changes in the Drug Plan’s Performance,Not enough data available ,
S0586,DD3,Member Experience with the Drug Plan,Not enough data available ,
S0586,DD4,Drug Safety and Accuracy of Drug Pricing,4,4
S0655,HD1,"Staying Healthy: Screenings, Tests and Vaccines",Plan not required to report measure ,
S0655,HD2,Managing Chronic (Long Term) Conditions,Plan not required to report measure ,
S0655,HD3,Member Experience with Health Plan,Plan not required to report measure ,
S0655,HD4,Member Complaints and Changes in the Health Plan's Performance,Plan not required to report measure ,
S0655,HD5,Health Plan Customer Service,Plan not required to report measure ,
S0655,DD1,Drug Plan Customer Service,Not enough data available ,
S0655,DD2,Member Complaints and Changes in the Drug Plan’s Performance,3,3
S0655,DD3,Member Experience with the Drug Plan,4,4
S0655,DD4,Drug Safety and Accuracy of Drug Pricing,4,4
S1030,HD1,"Staying Healthy: Screenings, Tests and Vaccines",Plan not required to report measure ,
S1030,HD2,Managing Chronic (Long Term) Conditions,Plan not required to report measure ,
S1030,HD3,Member Experience with Health Plan,Plan not required to report measure ,
S1030,HD4,Member Complaints and Changes in the Health Plan's Performance,Plan not required to report measure ,
S1030,HD5,Health Plan Customer Service,Plan not required to report measure ,
S1030,DD1,Drug Plan Customer Service,4,4
S1030,DD2,Member Complaints and Changes in the Drug Plan’s Performance,4,4
S1030,DD3,Member Experience with the Drug Plan,3,3
S1030,DD4,Drug Safety and Accuracy of Drug Pricing,2,2
S1140,HD1,"Staying Healthy: Screenings, Tests and Vaccines",Plan not required to report measure ,
S1140,HD2,Managing Chronic (Long Term) Conditions,Plan not required to report measure ,
S1140,HD3,Member Experience with Health Plan,Plan not required to report measure ,
S1140,HD4,Member Complaints and Changes in the Health Plan's Performance,Plan not required to report measure ,
S1140,HD5,Health Plan Customer Service,Plan not required to report measure ,
S1140,DD1,Drug Plan Customer Service,Not enough data available ,
S1140,DD2,Member Complaints and Changes in the Drug Plan’s Performance,4,4
S1140,DD3,Member Experience with the Drug Plan,5,5
S1140,DD4,Drug Safety and Accuracy of Drug Pricing,3,3
S1822,HD1,"Staying Healthy: Screenings, Tests and Vaccines",Plan not required to report measure ,
S1822,HD2,Managing Chronic (Long Term) Conditions,Plan not required to report measure ,
S1822,HD3,Member Experience with Health Plan,Plan not required to report measure ,
S1822,HD4,Member Complaints and Changes in the Health Plan's Performance,Plan not required to report measure ,
S1822,HD5,Health Plan Customer Service,Plan not required to report measure ,
S1822,DD1,Drug Plan Customer Service,Not enough data available ,
S1822,DD2,Member Complaints and Changes in the Drug Plan’s Performance,4,4
S1822,DD3,Member Experience with the Drug Plan,5,5
S1822,DD4,Drug Safety and Accuracy of Drug Pricing,4,4
S2135,HD1,"Staying Healthy: Screenings, Tests and Vaccines",Plan not required to report measure ,
S2135,HD2,Managing Chronic (Long Term) Conditions,Plan not required to report measure ,
S2135,HD3,Member Experience with Health Plan,Plan not required to report measure ,
S2135,HD4,Member Complaints and Changes in the Health Plan's Performance,Plan not required to report measure ,
S2135,HD5,Health Plan Customer Service,Plan not required to report measure ,
S2135,DD1,Drug Plan Customer Service,Plan too new to be measured ,
S2135,DD2,Member Complaints and Changes in the Drug Plan’s Performance,Plan too new to be measured ,
S2135,DD3,Member Experience with the Drug Plan,Plan too new to be measured ,
S2135,DD4,Drug Safety and Accuracy of Drug Pricing,Plan too new to be measured,
S2465,HD1,"Staying Healthy: Screenings, Tests and Vaccines",Plan not required to report measure ,
S2465,HD2,Managing Chronic (Long Term) Conditions,Plan not required to report measure ,
S2465,HD3,Member Experience with Health Plan,Plan not required to report measure ,
S2465,HD4,Member Complaints and Changes in the Health Plan's Performance,Plan not required to report measure ,
S2465,HD5,Health Plan Customer Service,Plan not required to report measure ,
S2465,DD1,Drug Plan Customer Service,Not enough data available ,
S2465,DD2,Member Complaints and Changes in the Drug Plan’s Performance,Not enough data available ,
S2465,DD3,Member Experience with the Drug Plan,Not enough data available ,
S2465,DD4,Drug Safety and Accuracy of Drug Pricing,Not enough data available,
S2468,HD1,"Staying Healthy: Screenings, Tests and Vaccines",Plan not required to report measure ,
S2468,HD2,Managing Chronic (Long Term) Conditions,Plan not required to report measure ,
S2468,HD3,Member Experience with Health Plan,Plan not required to report measure ,
S2468,HD4,Member Complaints and Changes in the Health Plan's Performance,Plan not required to report measure ,
S2468,HD5,Health Plan Customer Service,Plan not required to report measure ,
S2468,DD1,Drug Plan Customer Service,5,5
S2468,DD2,Member Complaints and Changes in the Drug Plan’s Performance,5,5
S2468,DD3,Member Experience with the Drug Plan,4,4
S2468,DD4,Drug Safety and Accuracy of Drug Pricing,3,3
S2668,HD1,"Staying Healthy: Screenings, Tests and Vaccines",Plan not required to report measure ,
S2668,HD2,Managing Chronic (Long Term) Conditions,Plan not required to report measure ,
S2668,HD3,Member Experience with Health Plan,Plan not required to report measure ,
S2668,HD4,Member Complaints and Changes in the Health Plan's Performance,Plan not required to report measure ,
S2668,HD5,Health Plan Customer Service,Plan not required to report measure ,
S2668,DD1,Drug Plan Customer Service,1,1
S2668,DD2,Member Complaints and Changes in the Drug Plan’s Performance,2,2
S2668,DD3,Member Experience with the Drug Plan,3,3
S2668,DD4,Drug Safety and Accuracy of Drug Pricing,2,2
S2874,HD1,"Staying Healthy: Screenings, Tests and Vaccines",Plan not required to report measure ,
S2874,HD2,Managing Chronic (Long Term) Conditions,Plan not required to report measure ,
S2874,HD3,Member Experience with Health Plan,Plan not required to report measure ,
S2874,HD4,Member Complaints and Changes in the Health Plan's Performance,Plan not required to report measure ,
S2874,HD5,Health Plan Customer Service,Plan not required to report measure ,
S2874,DD1,Drug Plan Customer Service,2,2
S2874,DD2,Member Complaints and Changes in the Drug Plan’s Performance,3,3
S2874,DD3,Member Experience with the Drug Plan,1,1
S2874,DD4,Drug Safety and Accuracy of Drug Pricing,2,2
S2893,HD1,"Staying Healthy: Screenings, Tests and Vaccines",Plan not required to report measure ,
S2893,HD2,Managing Chronic (Long Term) Conditions,Plan not required to report measure ,
S2893,HD3,Member Experience with Health Plan,Plan not required to report measure ,
S2893,HD4,Member Complaints and Changes in the Health Plan's Performance,Plan not required to report measure ,
S2893,HD5,Health Plan Customer Service,Plan not required to report measure ,
S2893,DD1,Drug Plan Customer Service,1,1
S2893,DD2,Member Complaints and Changes in the Drug Plan’s Performance,4,4
S2893,DD3,Member Experience with the Drug Plan,3,3
S2893,DD4,Drug Safety and Accuracy of Drug Pricing,4,4
S3285,HD1,"Staying Healthy: Screenings, Tests and Vaccines",Plan not required to report measure ,
S3285,HD2,Managing Chronic (Long Term) Conditions,Plan not required to report measure ,
S3285,HD3,Member Experience with Health Plan,Plan not required to report measure ,
S3285,HD4,Member Complaints and Changes in the Health Plan's Performance,Plan not required to report measure ,
S3285,HD5,Health Plan Customer Service,Plan not required to report measure ,
S3285,DD1,Drug Plan Customer Service,Not enough data available ,
S3285,DD2,Member Complaints and Changes in the Drug Plan’s Performance,5,5
S3285,DD3,Member Experience with the Drug Plan,4,4
S3285,DD4,Drug Safety and Accuracy of Drug Pricing,2,2
S3389,HD1,"Staying Healthy: Screenings, Tests and Vaccines",Plan not required to report measure ,
S3389,HD2,Managing Chronic (Long Term) Conditions,Plan not required to report measure ,
S3389,HD3,Member Experience with Health Plan,Plan not required to report measure ,
S3389,HD4,Member Complaints and Changes in the Health Plan's Performance,Plan not required to report measure ,
S3389,HD5,Health Plan Customer Service,Plan not required to report measure ,
S3389,DD1,Drug Plan Customer Service,Not enough data available ,
S3389,DD2,Member Complaints and Changes in the Drug Plan’s Performance,3,3
S3389,DD3,Member Experience with the Drug Plan,5,5
S3389,DD4,Drug Safety and Accuracy of Drug Pricing,4,4
S3521,HD1,"Staying Healthy: Screenings, Tests and Vaccines",Plan not required to report measure ,
S3521,HD2,Managing Chronic (Long Term) Conditions,Plan not required to report measure ,
S3521,HD3,Member Experience with Health Plan,Plan not required to report measure ,
S3521,HD4,Member Complaints and Changes in the Health Plan's Performance,Plan not required to report measure ,
S3521,HD5,Health Plan Customer Service,Plan not required to report measure ,
S3521,DD1,Drug Plan Customer Service,Not enough data available ,
S3521,DD2,Member Complaints and Changes in the Drug Plan’s Performance,4,4
S3521,DD3,Member Experience with the Drug Plan,5,5
S3521,DD4,Drug Safety and Accuracy of Drug Pricing,4,4
S3875,HD1,"Staying Healthy: Screenings, Tests and Vaccines",Plan not required to report measure ,
S3875,HD2,Managing Chronic (Long Term) Conditions,Plan not required to report measure ,
S3875,HD3,Member Experience with Health Plan,Plan not required to report measure ,
S3875,HD4,Member Complaints and Changes in the Health Plan's Performance,Plan not required to report measure ,
S3875,HD5,Health Plan Customer Service,Plan not required to report measure ,
S3875,DD1,Drug Plan Customer Service,Not enough data available ,
S3875,DD2,Member Complaints and Changes in the Drug Plan’s Performance,Not enough data available ,
S3875,DD3,Member Experience with the Drug Plan,Not enough data available ,
S3875,DD4,Drug Safety and Accuracy of Drug Pricing,Not enough data available,
S3994,HD1,"Staying Healthy: Screenings, Tests and Vaccines",Plan not required to report measure ,
S3994,HD2,Managing Chronic (Long Term) Conditions,Plan not required to report measure ,
S3994,HD3,Member Experience with Health Plan,Plan not required to report measure ,
S3994,HD4,Member Complaints and Changes in the Health Plan's Performance,Plan not required to report measure ,
S3994,HD5,Health Plan Customer Service,Plan not required to report measure ,
S3994,DD1,Drug Plan Customer Service,Not enough data available ,
S3994,DD2,Member Complaints and Changes in the Drug Plan’s Performance,Not enough data available ,
S3994,DD3,Member Experience with the Drug Plan,Not enough data available ,
S3994,DD4,Drug Safety and Accuracy of Drug Pricing,Not enough data available,
S4219,HD1,"Staying Healthy: Screenings, Tests and Vaccines",Plan not required to report measure ,
S4219,HD2,Managing Chronic (Long Term) Conditions,Plan not required to report measure ,
S4219,HD3,Member Experience with Health Plan,Plan not required to report measure ,
S4219,HD4,Member Complaints and Changes in the Health Plan's Performance,Plan not required to report measure ,
S4219,HD5,Health Plan Customer Service,Plan not required to report measure ,
S4219,DD1,Drug Plan Customer Service,Not enough data available ,
S4219,DD2,Member Complaints and Changes in the Drug Plan’s Performance,Not enough data available ,
S4219,DD3,Member Experience with the Drug Plan,4,4
S4219,DD4,Drug Safety and Accuracy of Drug Pricing,3,3
S4501,HD1,"Staying Healthy: Screenings, Tests and Vaccines",Plan not required to report measure ,
S4501,HD2,Managing Chronic (Long Term) Conditions,Plan not required to report measure ,
S4501,HD3,Member Experience with Health Plan,Plan not required to report measure ,
S4501,HD4,Member Complaints and Changes in the Health Plan's Performance,Plan not required to report measure ,
S4501,HD5,Health Plan Customer Service,Plan not required to report measure ,
S4501,DD1,Drug Plan Customer Service,Not enough data available ,
S4501,DD2,Member Complaints and Changes in the Drug Plan’s Performance,4,4
S4501,DD3,Member Experience with the Drug Plan,5,5
S4501,DD4,Drug Safety and Accuracy of Drug Pricing,4,4
S4802,HD1,"Staying Healthy: Screenings, Tests and Vaccines",Plan not required to report measure ,
S4802,HD2,Managing Chronic (Long Term) Conditions,Plan not required to report measure ,
S4802,HD3,Member Experience with Health Plan,Plan not required to report measure ,
S4802,HD4,Member Complaints and Changes in the Health Plan's Performance,Plan not required to report measure ,
S4802,HD5,Health Plan Customer Service,Plan not required to report measure ,
S4802,DD1,Drug Plan Customer Service,5,5
S4802,DD2,Member Complaints and Changes in the Drug Plan’s Performance,3,3
S4802,DD3,Member Experience with the Drug Plan,4,4
S4802,DD4,Drug Safety and Accuracy of Drug Pricing,2,2
S5450,HD1,"Staying Healthy: Screenings, Tests and Vaccines",Plan not required to report measure ,
S5450,HD2,Managing Chronic (Long Term) Conditions,Plan not required to report measure ,
S5450,HD3,Member Experience with Health Plan,Plan not required to report measure ,
S5450,HD4,Member Complaints and Changes in the Health Plan's Performance,Plan not required to report measure ,
S5450,HD5,Health Plan Customer Service,Plan not required to report measure ,
S5450,DD1,Drug Plan Customer Service,Not enough data available ,
S5450,DD2,Member Complaints and Changes in the Drug Plan’s Performance,Not enough data available ,
S5450,DD3,Member Experience with the Drug Plan,Not enough data available ,
S5450,DD4,Drug Safety and Accuracy of Drug Pricing,Not enough data available,
S5540,HD1,"Staying Healthy: Screenings, Tests and Vaccines",Plan not required to report measure ,
S5540,HD2,Managing Chronic (Long Term) Conditions,Plan not required to report measure ,
S5540,HD3,Member Experience with Health Plan,Plan not required to report measure ,
S5540,HD4,Member Complaints and Changes in the Health Plan's Performance,Plan not required to report measure ,
S5540,HD5,Health Plan Customer Service,Plan not required to report measure ,
S5540,DD1,Drug Plan Customer Service,2,2
S5540,DD2,Member Complaints and Changes in the Drug Plan’s Performance,4,4
S5540,DD3,Member Experience with the Drug Plan,4,4
S5540,DD4,Drug Safety and Accuracy of Drug Pricing,3,3
S5552,HD1,"Staying Healthy: Screenings, Tests and Vaccines",Plan not required to report measure ,
S5552,HD2,Managing Chronic (Long Term) Conditions,Plan not required to report measure ,
S5552,HD3,Member Experience with Health Plan,Plan not required to report measure ,
S5552,HD4,Member Complaints and Changes in the Health Plan's Performance,Plan not required to report measure ,
S5552,HD5,Health Plan Customer Service,Plan not required to report measure ,
S5552,DD1,Drug Plan Customer Service,5,5
S5552,DD2,Member Complaints and Changes in the Drug Plan’s Performance,3,3
S5552,DD3,Member Experience with the Drug Plan,3,3
S5552,DD4,Drug Safety and Accuracy of Drug Pricing,2,2
S5584,HD1,"Staying Healthy: Screenings, Tests and Vaccines",Plan not required to report measure ,
S5584,HD2,Managing Chronic (Long Term) Conditions,Plan not required to report measure ,
S5584,HD3,Member Experience with Health Plan,Plan not required to report measure ,
S5584,HD4,Member Complaints and Changes in the Health Plan's Performance,Plan not required to report measure ,
S5584,HD5,Health Plan Customer Service,Plan not required to report measure ,
S5584,DD1,Drug Plan Customer Service,3,3
S5584,DD2,Member Complaints and Changes in the Drug Plan’s Performance,5,5
S5584,DD3,Member Experience with the Drug Plan,5,5
S5584,DD4,Drug Safety and Accuracy of Drug Pricing,3,3
S5588,HD1,"Staying Healthy: Screenings, Tests and Vaccines",Plan not required to report measure ,
S5588,HD2,Managing Chronic (Long Term) Conditions,Plan not required to report measure ,
S5588,HD3,Member Experience with Health Plan,Plan not required to report measure ,
S5588,HD4,Member Complaints and Changes in the Health Plan's Performance,Plan not required to report measure ,
S5588,HD5,Health Plan Customer Service,Plan not required to report measure ,
S5588,DD1,Drug Plan Customer Service,Not enough data available ,
S5588,DD2,Member Complaints and Changes in the Drug Plan’s Performance,Not enough data available ,
S5588,DD3,Member Experience with the Drug Plan,Not enough data available ,
S5588,DD4,Drug Safety and Accuracy of Drug Pricing,Not enough data available,
S5593,HD1,"Staying Healthy: Screenings, Tests and Vaccines",Plan not required to report measure ,
S5593,HD2,Managing Chronic (Long Term) Conditions,Plan not required to report measure ,
S5593,HD3,Member Experience with Health Plan,Plan not required to report measure ,
S5593,HD4,Member Complaints and Changes in the Health Plan's Performance,Plan not required to report measure ,
S5593,HD5,Health Plan Customer Service,Plan not required to report measure ,
S5593,DD1,Drug Plan Customer Service,2,2
S5593,DD2,Member Complaints and Changes in the Drug Plan’s Performance,4,4
S5593,DD3,Member Experience with the Drug Plan,4,4
S5593,DD4,Drug Safety and Accuracy of Drug Pricing,3,3
S5596,HD1,"Staying Healthy: Screenings, Tests and Vaccines",Plan not required to report measure ,
S5596,HD2,Managing Chronic (Long Term) Conditions,Plan not required to report measure ,
S5596,HD3,Member Experience with Health Plan,Plan not required to report measure ,
S5596,HD4,Member Complaints and Changes in the Health Plan's Performance,Plan not required to report measure ,
S5596,HD5,Health Plan Customer Service,Plan not required to report measure ,
S5596,DD1,Drug Plan Customer Service,4,4
S5596,DD2,Member Complaints and Changes in the Drug Plan’s Performance,3,3
S5596,DD3,Member Experience with the Drug Plan,3,3
S5596,DD4,Drug Safety and Accuracy of Drug Pricing,3,3
S5601,HD1,"Staying Healthy: Screenings, Tests and Vaccines",Plan not required to report measure ,
S5601,HD2,Managing Chronic (Long Term) Conditions,Plan not required to report measure ,
S5601,HD3,Member Experience with Health Plan,Plan not required to report measure ,
S5601,HD4,Member Complaints and Changes in the Health Plan's Performance,Plan not required to report measure ,
S5601,HD5,Health Plan Customer Service,Plan not required to report measure ,
S5601,DD1,Drug Plan Customer Service,4,4
S5601,DD2,Member Complaints and Changes in the Drug Plan’s Performance,3,3
S5601,DD3,Member Experience with the Drug Plan,3,3
S5601,DD4,Drug Safety and Accuracy of Drug Pricing,2,2
S5609,HD1,"Staying Healthy: Screenings, Tests and Vaccines",Plan not required to report measure ,
S5609,HD2,Managing Chronic (Long Term) Conditions,Plan not required to report measure ,
S5609,HD3,Member Experience with Health Plan,Plan not required to report measure ,
S5609,HD4,Member Complaints and Changes in the Health Plan's Performance,Plan not required to report measure ,
S5609,HD5,Health Plan Customer Service,Plan not required to report measure ,
S5609,DD1,Drug Plan Customer Service,4,4
S5609,DD2,Member Complaints and Changes in the Drug Plan’s Performance,5,5
S5609,DD3,Member Experience with the Drug Plan,3,3
S5609,DD4,Drug Safety and Accuracy of Drug Pricing,3,3
S5617,HD1,"Staying Healthy: Screenings, Tests and Vaccines",Plan not required to report measure ,
S5617,HD2,Managing Chronic (Long Term) Conditions,Plan not required to report measure ,
S5617,HD3,Member Experience with Health Plan,Plan not required to report measure ,
S5617,HD4,Member Complaints and Changes in the Health Plan's Performance,Plan not required to report measure ,
S5617,HD5,Health Plan Customer Service,Plan not required to report measure ,
S5617,DD1,Drug Plan Customer Service,1,1
S5617,DD2,Member Complaints and Changes in the Drug Plan’s Performance,3,3
S5617,DD3,Member Experience with the Drug Plan,3,3
S5617,DD4,Drug Safety and Accuracy of Drug Pricing,3,3
S5660,HD1,"Staying Healthy: Screenings, Tests and Vaccines",Plan not required to report measure ,
S5660,HD2,Managing Chronic (Long Term) Conditions,Plan not required to report measure ,
S5660,HD3,Member Experience with Health Plan,Plan not required to report measure ,
S5660,HD4,Member Complaints and Changes in the Health Plan's Performance,Plan not required to report measure ,
S5660,HD5,Health Plan Customer Service,Plan not required to report measure ,
S5660,DD1,Drug Plan Customer Service,Not enough data available ,
S5660,DD2,Member Complaints and Changes in the Drug Plan’s Performance,3,3
S5660,DD3,Member Experience with the Drug Plan,5,5
S5660,DD4,Drug Safety and Accuracy of Drug Pricing,3,3
S5715,HD1,"Staying Healthy: Screenings, Tests and Vaccines",Plan not required to report measure ,
S5715,HD2,Managing Chronic (Long Term) Conditions,Plan not required to report measure ,
S5715,HD3,Member Experience with Health Plan,Plan not required to report measure ,
S5715,HD4,Member Complaints and Changes in the Health Plan's Performance,Plan not required to report measure ,
S5715,HD5,Health Plan Customer Service,Plan not required to report measure ,
S5715,DD1,Drug Plan Customer Service,3,3
S5715,DD2,Member Complaints and Changes in the Drug Plan’s Performance,5,5
S5715,DD3,Member Experience with the Drug Plan,3,3
S5715,DD4,Drug Safety and Accuracy of Drug Pricing,3,3
S5726,HD1,"Staying Healthy: Screenings, Tests and Vaccines",Plan not required to report measure ,
S5726,HD2,Managing Chronic (Long Term) Conditions,Plan not required to report measure ,
S5726,HD3,Member Experience with Health Plan,Plan not required to report measure ,
S5726,HD4,Member Complaints and Changes in the Health Plan's Performance,Plan not required to report measure ,
S5726,HD5,Health Plan Customer Service,Plan not required to report measure ,
S5726,DD1,Drug Plan Customer Service,4,4
S5726,DD2,Member Complaints and Changes in the Drug Plan’s Performance,3,3
S5726,DD3,Member Experience with the Drug Plan,5,5
S5726,DD4,Drug Safety and Accuracy of Drug Pricing,3,3
S5743,HD1,"Staying Healthy: Screenings, Tests and Vaccines",Plan not required to report measure ,
S5743,HD2,Managing Chronic (Long Term) Conditions,Plan not required to report measure ,
S5743,HD3,Member Experience with Health Plan,Plan not required to report measure ,
S5743,HD4,Member Complaints and Changes in the Health Plan's Performance,Plan not required to report measure ,
S5743,HD5,Health Plan Customer Service,Plan not required to report measure ,
S5743,DD1,Drug Plan Customer Service,4,4
S5743,DD2,Member Complaints and Changes in the Drug Plan’s Performance,4,4
S5743,DD3,Member Experience with the Drug Plan,3,3
S5743,DD4,Drug Safety and Accuracy of Drug Pricing,3,3
S5795,HD1,"Staying Healthy: Screenings, Tests and Vaccines",Plan not required to report measure ,
S5795,HD2,Managing Chronic (Long Term) Conditions,Plan not required to report measure ,
S5795,HD3,Member Experience with Health Plan,Plan not required to report measure ,
S5795,HD4,Member Complaints and Changes in the Health Plan's Performance,Plan not required to report measure ,
S5795,HD5,Health Plan Customer Service,Plan not required to report measure ,
S5795,DD1,Drug Plan Customer Service,3,3
S5795,DD2,Member Complaints and Changes in the Drug Plan’s Performance,4,4
S5795,DD3,Member Experience with the Drug Plan,5,5
S5795,DD4,Drug Safety and Accuracy of Drug Pricing,3,3
S5805,HD1,"Staying Healthy: Screenings, Tests and Vaccines",Plan not required to report measure ,
S5805,HD2,Managing Chronic (Long Term) Conditions,Plan not required to report measure ,
S5805,HD3,Member Experience with Health Plan,Plan not required to report measure ,
S5805,HD4,Member Complaints and Changes in the Health Plan's Performance,Plan not required to report measure ,
S5805,HD5,Health Plan Customer Service,Plan not required to report measure ,
S5805,DD1,Drug Plan Customer Service,4,4
S5805,DD2,Member Complaints and Changes in the Drug Plan’s Performance,4,4
S5805,DD3,Member Experience with the Drug Plan,3,3
S5805,DD4,Drug Safety and Accuracy of Drug Pricing,2,2
S5820,HD1,"Staying Healthy: Screenings, Tests and Vaccines",Plan not required to report measure ,
S5820,HD2,Managing Chronic (Long Term) Conditions,Plan not required to report measure ,
S5820,HD3,Member Experience with Health Plan,Plan not required to report measure ,
S5820,HD4,Member Complaints and Changes in the Health Plan's Performance,Plan not required to report measure ,
S5820,HD5,Health Plan Customer Service,Plan not required to report measure ,
S5820,DD1,Drug Plan Customer Service,4,4
S5820,DD2,Member Complaints and Changes in the Drug Plan’s Performance,4,4
S5820,DD3,Member Experience with the Drug Plan,4,4
S5820,DD4,Drug Safety and Accuracy of Drug Pricing,2,2
S5857,HD1,"Staying Healthy: Screenings, Tests and Vaccines",Plan not required to report measure ,
S5857,HD2,Managing Chronic (Long Term) Conditions,Plan not required to report measure ,
S5857,HD3,Member Experience with Health Plan,Plan not required to report measure ,
S5857,HD4,Member Complaints and Changes in the Health Plan's Performance,Plan not required to report measure ,
S5857,HD5,Health Plan Customer Service,Plan not required to report measure ,
S5857,DD1,Drug Plan Customer Service,Not enough data available ,
S5857,DD2,Member Complaints and Changes in the Drug Plan’s Performance,Not enough data available ,
S5857,DD3,Member Experience with the Drug Plan,Not enough data available ,
S5857,DD4,Drug Safety and Accuracy of Drug Pricing,Not enough data available,
S5877,HD1,"Staying Healthy: Screenings, Tests and Vaccines",Plan not required to report measure ,
S5877,HD2,Managing Chronic (Long Term) Conditions,Plan not required to report measure ,
S5877,HD3,Member Experience with Health Plan,Plan not required to report measure ,
S5877,HD4,Member Complaints and Changes in the Health Plan's Performance,Plan not required to report measure ,
S5877,HD5,Health Plan Customer Service,Plan not required to report measure ,
S5877,DD1,Drug Plan Customer Service,Not enough data available ,
S5877,DD2,Member Complaints and Changes in the Drug Plan’s Performance,5,5
S5877,DD3,Member Experience with the Drug Plan,5,5
S5877,DD4,Drug Safety and Accuracy of Drug Pricing,3,3
S5884,HD1,"Staying Healthy: Screenings, Tests and Vaccines",Plan not required to report measure ,
S5884,HD2,Managing Chronic (Long Term) Conditions,Plan not required to report measure ,
S5884,HD3,Member Experience with Health Plan,Plan not required to report measure ,
S5884,HD4,Member Complaints and Changes in the Health Plan's Performance,Plan not required to report measure ,
S5884,HD5,Health Plan Customer Service,Plan not required to report measure ,
S5884,DD1,Drug Plan Customer Service,5,5
S5884,DD2,Member Complaints and Changes in the Drug Plan’s Performance,3,3
S5884,DD3,Member Experience with the Drug Plan,3,3
S5884,DD4,Drug Safety and Accuracy of Drug Pricing,2,2
S5904,HD1,"Staying Healthy: Screenings, Tests and Vaccines",Plan not required to report measure ,
S5904,HD2,Managing Chronic (Long Term) Conditions,Plan not required to report measure ,
S5904,HD3,Member Experience with Health Plan,Plan not required to report measure ,
S5904,HD4,Member Complaints and Changes in the Health Plan's Performance,Plan not required to report measure ,
S5904,HD5,Health Plan Customer Service,Plan not required to report measure ,
S5904,DD1,Drug Plan Customer Service,2,2
S5904,DD2,Member Complaints and Changes in the Drug Plan’s Performance,5,5
S5904,DD3,Member Experience with the Drug Plan,2,2
S5904,DD4,Drug Safety and Accuracy of Drug Pricing,3,3
S5916,HD1,"Staying Healthy: Screenings, Tests and Vaccines",Plan not required to report measure ,
S5916,HD2,Managing Chronic (Long Term) Conditions,Plan not required to report measure ,
S5916,HD3,Member Experience with Health Plan,Plan not required to report measure ,
S5916,HD4,Member Complaints and Changes in the Health Plan's Performance,Plan not required to report measure ,
S5916,HD5,Health Plan Customer Service,Plan not required to report measure ,
S5916,DD1,Drug Plan Customer Service,4,4
S5916,DD2,Member Complaints and Changes in the Drug Plan’s Performance,3,3
S5916,DD3,Member Experience with the Drug Plan,4,4
S5916,DD4,Drug Safety and Accuracy of Drug Pricing,2,2
S5921,HD1,"Staying Healthy: Screenings, Tests and Vaccines",Plan not required to report measure ,
S5921,HD2,Managing Chronic (Long Term) Conditions,Plan not required to report measure ,
S5921,HD3,Member Experience with Health Plan,Plan not required to report measure ,
S5921,HD4,Member Complaints and Changes in the Health Plan's Performance,Plan not required to report measure ,
S5921,HD5,Health Plan Customer Service,Plan not required to report measure ,
S5921,DD1,Drug Plan Customer Service,4,4
S5921,DD2,Member Complaints and Changes in the Drug Plan’s Performance,4,4
S5921,DD3,Member Experience with the Drug Plan,1,1
S5921,DD4,Drug Safety and Accuracy of Drug Pricing,3,3
S5953,HD1,"Staying Healthy: Screenings, Tests and Vaccines",Plan not required to report measure ,
S5953,HD2,Managing Chronic (Long Term) Conditions,Plan not required to report measure ,
S5953,HD3,Member Experience with Health Plan,Plan not required to report measure ,
S5953,HD4,Member Complaints and Changes in the Health Plan's Performance,Plan not required to report measure ,
S5953,HD5,Health Plan Customer Service,Plan not required to report measure ,
S5953,DD1,Drug Plan Customer Service,2,2
S5953,DD2,Member Complaints and Changes in the Drug Plan’s Performance,3,3
S5953,DD3,Member Experience with the Drug Plan,3,3
S5953,DD4,Drug Safety and Accuracy of Drug Pricing,3,3
S5960,HD1,"Staying Healthy: Screenings, Tests and Vaccines",Plan not required to report measure ,
S5960,HD2,Managing Chronic (Long Term) Conditions,Plan not required to report measure ,
S5960,HD3,Member Experience with Health Plan,Plan not required to report measure ,
S5960,HD4,Member Complaints and Changes in the Health Plan's Performance,Plan not required to report measure ,
S5960,HD5,Health Plan Customer Service,Plan not required to report measure ,
S5960,DD1,Drug Plan Customer Service,Not enough data available ,
S5960,DD2,Member Complaints and Changes in the Drug Plan’s Performance,4,4
S5960,DD3,Member Experience with the Drug Plan,5,5
S5960,DD4,Drug Safety and Accuracy of Drug Pricing,2,2
S5966,HD1,"Staying Healthy: Screenings, Tests and Vaccines",Plan not required to report measure ,
S5966,HD2,Managing Chronic (Long Term) Conditions,Plan not required to report measure ,
S5966,HD3,Member Experience with Health Plan,Plan not required to report measure ,
S5966,HD4,Member Complaints and Changes in the Health Plan's Performance,Plan not required to report measure ,
S5966,HD5,Health Plan Customer Service,Plan not required to report measure ,
S5966,DD1,Drug Plan Customer Service,Not enough data available ,
S5966,DD2,Member Complaints and Changes in the Drug Plan’s Performance,4,4
S5966,DD3,Member Experience with the Drug Plan,4,4
S5966,DD4,Drug Safety and Accuracy of Drug Pricing,3,3
S5975,HD1,"Staying Healthy: Screenings, Tests and Vaccines",Plan not required to report measure ,
S5975,HD2,Managing Chronic (Long Term) Conditions,Plan not required to report measure ,
S5975,HD3,Member Experience with Health Plan,Plan not required to report measure ,
S5975,HD4,Member Complaints and Changes in the Health Plan's Performance,Plan not required to report measure ,
S5975,HD5,Health Plan Customer Service,Plan not required to report measure ,
S5975,DD1,Drug Plan Customer Service,Not enough data available ,
S5975,DD2,Member Complaints and Changes in the Drug Plan’s Performance,4,4
S5975,DD3,Member Experience with the Drug Plan,4,4
S5975,DD4,Drug Safety and Accuracy of Drug Pricing,3,3
S5993,HD1,"Staying Healthy: Screenings, Tests and Vaccines",Plan not required to report measure ,
S5993,HD2,Managing Chronic (Long Term) Conditions,Plan not required to report measure ,
S5993,HD3,Member Experience with Health Plan,Plan not required to report measure ,
S5993,HD4,Member Complaints and Changes in the Health Plan's Performance,Plan not required to report measure ,
S5993,HD5,Health Plan Customer Service,Plan not required to report measure ,
S5993,DD1,Drug Plan Customer Service,2,2
S5993,DD2,Member Complaints and Changes in the Drug Plan’s Performance,3,3
S5993,DD3,Member Experience with the Drug Plan,3,3
S5993,DD4,Drug Safety and Accuracy of Drug Pricing,3,3
S6506,HD1,"Staying Healthy: Screenings, Tests and Vaccines",Plan not required to report measure ,
S6506,HD2,Managing Chronic (Long Term) Conditions,Plan not required to report measure ,
S6506,HD3,Member Experience with Health Plan,Plan not required to report measure ,
S6506,HD4,Member Complaints and Changes in the Health Plan's Performance,Plan not required to report measure ,
S6506,HD5,Health Plan Customer Service,Plan not required to report measure ,
S6506,DD1,Drug Plan Customer Service,5,5
S6506,DD2,Member Complaints and Changes in the Drug Plan’s Performance,2,2
S6506,DD3,Member Experience with the Drug Plan,2,2
S6506,DD4,Drug Safety and Accuracy of Drug Pricing,2,2
S6875,HD1,"Staying Healthy: Screenings, Tests and Vaccines",Plan not required to report measure ,
S6875,HD2,Managing Chronic (Long Term) Conditions,Plan not required to report measure ,
S6875,HD3,Member Experience with Health Plan,Plan not required to report measure ,
S6875,HD4,Member Complaints and Changes in the Health Plan's Performance,Plan not required to report measure ,
S6875,HD5,Health Plan Customer Service,Plan not required to report measure ,
S6875,DD1,Drug Plan Customer Service,Not enough data available ,
S6875,DD2,Member Complaints and Changes in the Drug Plan’s Performance,4,4
S6875,DD3,Member Experience with the Drug Plan,5,5
S6875,DD4,Drug Safety and Accuracy of Drug Pricing,3,3
S6946,HD1,"Staying Healthy: Screenings, Tests and Vaccines",Plan not required to report measure ,
S6946,HD2,Managing Chronic (Long Term) Conditions,Plan not required to report measure ,
S6946,HD3,Member Experience with Health Plan,Plan not required to report measure ,
S6946,HD4,Member Complaints and Changes in the Health Plan's Performance,Plan not required to report measure ,
S6946,HD5,Health Plan Customer Service,Plan not required to report measure ,
S6946,DD1,Drug Plan Customer Service,1,1
S6946,DD2,Member Complaints and Changes in the Drug Plan’s Performance,2,2
S6946,DD3,Member Experience with the Drug Plan,2,2
S6946,DD4,Drug Safety and Accuracy of Drug Pricing,2,2
S7126,HD1,"Staying Healthy: Screenings, Tests and Vaccines",Plan not required to report measure ,
S7126,HD2,Managing Chronic (Long Term) Conditions,Plan not required to report measure ,
S7126,HD3,Member Experience with Health Plan,Plan not required to report measure ,
S7126,HD4,Member Complaints and Changes in the Health Plan's Performance,Plan not required to report measure ,
S7126,HD5,Health Plan Customer Service,Plan not required to report measure ,
S7126,DD1,Drug Plan Customer Service,2,2
S7126,DD2,Member Complaints and Changes in the Drug Plan’s Performance,1,1
S7126,DD3,Member Experience with the Drug Plan,1,1
S7126,DD4,Drug Safety and Accuracy of Drug Pricing,3,3
S7694,HD1,"Staying Healthy: Screenings, Tests and Vaccines",Plan not required to report measure ,
S7694,HD2,Managing Chronic (Long Term) Conditions,Plan not required to report measure ,
S7694,HD3,Member Experience with Health Plan,Plan not required to report measure ,
S7694,HD4,Member Complaints and Changes in the Health Plan's Performance,Plan not required to report measure ,
S7694,HD5,Health Plan Customer Service,Plan not required to report measure ,
S7694,DD1,Drug Plan Customer Service,1,1
S7694,DD2,Member Complaints and Changes in the Drug Plan’s Performance,3,3
S7694,DD3,Member Experience with the Drug Plan,3,3
S7694,DD4,Drug Safety and Accuracy of Drug Pricing,3,3
S8067,HD1,"Staying Healthy: Screenings, Tests and Vaccines",Plan not required to report measure ,
S8067,HD2,Managing Chronic (Long Term) Conditions,Plan not required to report measure ,
S8067,HD3,Member Experience with Health Plan,Plan not required to report measure ,
S8067,HD4,Member Complaints and Changes in the Health Plan's Performance,Plan not required to report measure ,
S8067,HD5,Health Plan Customer Service,Plan not required to report measure ,
S8067,DD1,Drug Plan Customer Service,1,1
S8067,DD2,Member Complaints and Changes in the Drug Plan’s Performance,2,2
S8067,DD3,Member Experience with the Drug Plan,2,2
S8067,DD4,Drug Safety and Accuracy of Drug Pricing,4,4
S8841,HD1,"Staying Healthy: Screenings, Tests and Vaccines",Plan not required to report measure ,
S8841,HD2,Managing Chronic (Long Term) Conditions,Plan not required to report measure ,
S8841,HD3,Member Experience with Health Plan,Plan not required to report measure ,
S8841,HD4,Member Complaints and Changes in the Health Plan's Performance,Plan not required to report measure ,
S8841,HD5,Health Plan Customer Service,Plan not required to report measure ,
S8841,DD1,Drug Plan Customer Service,Not enough data available ,
S8841,DD2,Member Complaints and Changes in the Drug Plan’s Performance,5,5
S8841,DD3,Member Experience with the Drug Plan,5,5
S8841,DD4,Drug Safety and Accuracy of Drug Pricing,3,3
S9409,HD1,"Staying Healthy: Screenings, Tests and Vaccines",Plan not required to report measure ,
S9409,HD2,Managing Chronic (Long Term) Conditions,Plan not required to report measure ,
S9409,HD3,Member Experience with Health Plan,Plan not required to report measure ,
S9409,HD4,Member Complaints and Changes in the Health Plan's Performance,Plan not required to report measure ,
S9409,HD5,Health Plan Customer Service,Plan not required to report measure ,
S9409,DD1,Drug Plan Customer Service,Plan too new to be measured ,
S9409,DD2,Member Complaints and Changes in the Drug Plan’s Performance,Plan too new to be measured ,
S9409,DD3,Member Experience with the Drug Plan,Plan too new to be measured ,
S9409,DD4,Drug Safety and Accuracy of Drug Pricing,Plan too new to be measured,
S9701,HD1,"Staying Healthy: Screenings, Tests and Vaccines",Plan not required to report measure ,
S9701,HD2,Managing Chronic (Long Term) Conditions,Plan not required to report measure ,
S9701,HD3,Member Experience with Health Plan,Plan not required to report measure ,
S9701,HD4,Member Complaints and Changes in the Health Plan's Performance,Plan not required to report measure ,
S9701,HD5,Health Plan Customer Service,Plan not required to report measure ,
S9701,DD1,Drug Plan Customer Service,Not enough data available ,
S9701,DD2,Member Complaints and Changes in the Drug Plan’s Performance,3,3
S9701,DD3,Member Experience with the Drug Plan,5,5
S9701,DD4,Drug Safety and Accuracy of Drug Pricing,3,3
S9854,HD1,"Staying Healthy: Screenings, Tests and Vaccines",Plan not required to report measure ,
S9854,HD2,Managing Chronic (Long Term) Conditions,Plan not required to report measure ,
S9854,HD3,Member Experience with Health Plan,Plan not required to report measure ,
S9854,HD4,Member Complaints and Changes in the Health Plan's Performance,Plan not required to report measure ,
S9854,HD5,Health Plan Customer Service,Plan not required to report measure ,
S9854,DD1,Drug Plan Customer Service,Plan too new to be measured ,
S9854,DD2,Member Complaints and Changes in the Drug Plan’s Performance,Plan too new to be measured ,
S9854,DD3,Member Experience with the Drug Plan,Plan too new to be measured ,
S9854,DD4,Drug Safety and Accuracy of Drug Pricing,Plan too new to be measured,
