contract_id,measure_id,stars_raw,stars
E3014,C01,Plan not required to report measure ,
E3014,C02,Plan not required to report measure ,
E3014,C03,Plan not required to report measure ,
E3014,C04,Plan not required to report measure ,
E3014,C05,Plan not required to report measure ,
E3014,C06,Plan not required to report measure ,
E3014,C07,Plan not required to report measure ,
E3014,C08,Plan not required to report measure ,
E3014,C09,Plan not required to report measure ,
E3014,C10,Plan not required to report measure ,
E3014,C11,Plan not required to report measure ,
E3014,C12,Plan not required to report measure ,
E3014,C13,Plan not required to report measure ,
E3014,C14,Plan not required to report measure ,
E3014,C15,Plan not required to report measure ,
E3014,C16,Plan not required to report measure ,
E3014,C17,Plan not required to report measure ,
E3014,C18,Plan not required to report measure ,
E3014,C19,Plan not required to report measure ,
E3014,C20,Plan not required to report measure ,
E3014,C21,Plan not required to report measure ,
E3014,C22,Plan not required to report measure ,
E3014,C23,Plan not required to report measure ,
E3014,C24,Plan not required to report measure ,
E3014,C25,Plan not required to report measure ,
E3014,C26,Plan not required to report measure ,
E3014,C27,Plan not required to report measure ,
E3014,C28,Plan not required to report measure ,
E3014,C29,Plan not required to report measure ,
E3014,C30,Plan not required to report measure ,
E3014,C31,Plan not required to report measure ,
E3014,C32,Plan not required to report measure ,
E3014,C33,Plan not required to report measure ,
E3014,D01,Not enough data available ,
E3014,D02,5,5
E3014,D03,Not enough data available ,
E3014,D04,1,1
E3014,D05,4,4
E3014,D06,5,5
E3014,D07,Plan not required to report measure ,
E3014,D08,4,4
E3014,D09,4,4
E3014,D10,3,3
E3014,D11,4,4
E3014,D12,5,5
H0028,C01,4,4
H0028,C02,4,4
H0028,C03,4,4
H0028,C04,Not enough data available ,
H0028,C05,Not enough data available ,
H0028,C06,4,4
H0028,C07,4,4
H0028,C08,5,5
H0028,C09,5,5
H0028,C10,3,3
H0028,C11,4,4
H0028,C12,4,4
H0028,C13,4,4
H0028,C14,4,4
H0028,C15,2,2
H0028,C16,2,2
H0028,C17,5,5
H0028,C18,3,3
H0028,C19,3,3
H0028,C20,4,4
H0028,C21,3,3
H0028,C22,3,3
H0028,C23,3,3
H0028,C24,3,3
H0028,C25,4,4
H0028,C26,3,3
H0028,C27,2,2
H0028,C28,4,4
H0028,C29,3,3
H0028,C30,3,3
H0028,C31,4,4
H0028,C32,4,4
H0028,C33,5,5
H0028,D01,5,5
H0028,D02,4,4
H0028,D03,3,3
H0028,D04,3,3
H0028,D05,3,3
H0028,D06,3,3
H0028,D07,1,1
H0028,D08,3,3
H0028,D09,3,3
H0028,D10,3,3
H0028,D11,4,4
H0028,D12,4,4
H0029,C01,Plan too small to be measured ,
H0029,C02,Plan too small to be measured ,
H0029,C03,Plan too small to be measured ,
H0029,C04,Plan too small to be measured ,
H0029,C05,Plan too small to be measured ,
H0029,C06,Plan too small to be measured ,
H0029,C07,No data available ,
H0029,C08,No data available ,
H0029,C09,No data available ,
H0029,C10,Plan too small to be measured ,
H0029,C11,Plan too small to be measured ,
H0029,C12,Plan too small to be measured ,
H0029,C13,Plan too small to be measured ,
H0029,C14,Plan too small to be measured ,
H0029,C15,Plan too small to be measured ,
H0029,C16,Plan too small to be measured ,
H0029,C17,Plan too small to be measured ,
H0029,C18,Plan too small to be measured ,
H0029,C19,Plan too small to be measured ,
H0029,C20,Plan too small to be measured ,
H0029,C21,Plan too small to be measured ,
H0029,C22,Plan too small to be measured ,
H0029,C23,Plan too small to be measured ,
H0029,C24,Plan too small to be measured ,
H0029,C25,Plan too small to be measured ,
H0029,C26,Plan too small to be measured ,
H0029,C27,Plan too small to be measured ,
H0029,C28,No data available ,
H0029,C29,Not enough data available ,
H0029,C30,Not enough data available ,
H0029,C31,Not enough data available ,
H0029,C32,Not enough data available ,
H0029,C33,5,5
H0029,D01,5,5
H0029,D02,No data available ,
H0029,D03,Not enough data available ,
H0029,D04,Not enough data available ,
H0029,D05,Plan too small to be measured ,
H0029,D06,Plan too small to be measured ,
H0029,D07,Not enough data available ,
H0029,D08,Not enough data available ,
H0029,D09,Not enough data available ,
H0029,D10,Not enough data available ,
H0029,D11,Not required to report ,
H0029,D12,Not enough data available,
H0034,C01,2,2
H0034,C02,2,2
H0034,C03,4,4
H0034,C04,Not enough data available ,
H0034,C05,Not enough data available ,
H0034,C06,4,4
H0034,C07,5,5
H0034,C08,4,4
H0034,C09,5,5
H0034,C10,Not enough data available ,
H0034,C11,4,4
H0034,C12,3,3
H0034,C13,4,4
H0034,C14,5,5
H0034,C15,5,5
H0034,C16,5,5
H0034,C17,4,4
H0034,C18,1,1
H0034,C19,4,4
H0034,C20,3,3
H0034,C21,4,4
H0034,C22,2,2
H0034,C23,3,3
H0034,C24,1,1
H0034,C25,2,2
H0034,C26,1,1
H0034,C27,4,4
H0034,C28,4,4
H0034,C29,3,3
H0034,C30,5,5
H0034,C31,Not enough data available ,
H0034,C32,Not enough data available ,
H0034,C33,3,3
H0034,D01,4,4
H0034,D02,4,4
H0034,D03,3,3
H0034,D04,4,4
H0034,D05,2,2
H0034,D06,3,3
H0034,D07,1,1
H0034,D08,2,2
H0034,D09,1,1
H0034,D10,1,1
H0034,D11,5,5
H0034,D12,5,5
H0062,C01,Plan too small to be measured ,
H0062,C02,Plan too small to be measured ,
H0062,C03,Plan too small to be measured ,
H0062,C04,Not enough data available ,
H0062,C05,Not enough data available ,
H0062,C06,Plan too small to be measured ,
H0062,C07,No data available ,
H0062,C08,No data available ,
H0062,C09,No data available ,
H0062,C10,Plan too small to be measured ,
H0062,C11,Plan too small to be measured ,
H0062,C12,Plan too small to be measured ,
H0062,C13,Plan too small to be measured ,
H0062,C14,Plan too small to be measured ,
H0062,C15,Plan too small to be measured ,
H0062,C16,Plan too small to be measured ,
H0062,C17,Plan too small to be measured ,
H0062,C18,Plan too small to be measured ,
H0062,C19,Plan too small to be measured ,
H0062,C20,Plan too small to be measured ,
H0062,C21,Plan too small to be measured ,
H0062,C22,Plan too small to be measured ,
H0062,C23,Plan too small to be measured ,
H0062,C24,Plan too small to be measured ,
H0062,C25,Plan too small to be measured ,
H0062,C26,Plan too small to be measured ,
H0062,C27,Plan too small to be measured ,
H0062,C28,No data available ,
H0062,C29,Not enough data available ,
H0062,C30,Not enough data available ,
H0062,C31,Not enough data available ,
H0062,C32,Not enough data available ,
H0062,C33,Not enough data available ,
H0062,D01,Not enough data available ,
H0062,D02,No data available ,
H0062,D03,Not enough data available ,
H0062,D04,Not enough data available ,
H0062,D05,Plan too small to be measured ,
H0062,D06,Plan too small to be measured ,
H0062,D07,Not enough data available ,
H0062,D08,Not enough data available ,
H0062,D09,Not enough data available ,
H0062,D10,Not enough data available ,
H0062,D11,Not required to report ,
H0062,D12,Not enough data available,
H0074,C01,3,3
H0074,C02,3,3
H0074,C03,2,2
H0074,C04,Not enough data available ,
H0074,C05,Not enough data available ,
H0074,C06,3,3
H0074,C07,4,4
H0074,C08,3,3
H0074,C09,3,3
H0074,C10,Not enough data available ,
H0074,C11,2,2
H0074,C12,3,3
H0074,C13,2,2
H0074,C14,2,2
H0074,C15,Not enough data available ,
H0074,C16,Not enough data available ,
H0074,C17,3,3
H0074,C18,1,1
H0074,C19,2,2
H0074,C20,2,2
H0074,C21,1,1
H0074,C22,5,5
H0074,C23,5,5
H0074,C24,4,4
H0074,C25,4,4
H0074,C26,3,3
H0074,C27,Not enough data available ,
H0074,C28,3,3
H0074,C29,1,1
H0074,C30,5,5
H0074,C31,Not enough data available ,
H0074,C32,Not enough data available ,
H0074,C33,5,5
H0074,D01,5,5
H0074,D02,3,3
H0074,D03,1,1
H0074,D04,5,5
H0074,D05,2,2
H0074,D06,Not enough data available ,
H0074,D07,5,5
H0074,D08,3,3
H0074,D09,3,3
H0074,D10,2,2
H0074,D11,4,4
H0074,D12,3,3
H0104,C01,4,4
H0104,C02,5,5
H0104,C03,2,2
H0104,C04,2,2
H0104,C05,4,4
H0104,C06,2,2
H0104,C07,Plan not required to report measure ,
H0104,C08,Plan not required to report measure ,
H0104,C09,Plan not required to report measure ,
H0104,C10,2,2
H0104,C11,3,3
H0104,C12,4,4
H0104,C13,4,4
H0104,C14,3,3
H0104,C15,1,1
H0104,C16,3,3
H0104,C17,5,5
H0104,C18,3,3
H0104,C19,2,2
H0104,C20,4,4
H0104,C21,2,2
H0104,C22,5,5
H0104,C23,5,5
H0104,C24,5,5
H0104,C25,5,5
H0104,C26,5,5
H0104,C27,3,3
H0104,C28,5,5
H0104,C29,5,5
H0104,C30,4,4
H0104,C31,5,5
H0104,C32,5,5
H0104,C33,5,5
H0104,D01,4,4
H0104,D02,5,5
H0104,D03,5,5
H0104,D04,4,4
H0104,D05,3,3
H0104,D06,4,4
H0104,D07,5,5
H0104,D08,1,1
H0104,D09,3,3
H0104,D10,2,2
H0104,D11,3,3
H0104,D12,2,2
H0107,C01,4,4
H0107,C02,4,4
H0107,C03,5,5
H0107,C04,4,4
H0107,C05,4,4
H0107,C06,4,4
H0107,C07,Plan not required to report measure ,
H0107,C08,Plan not required to report measure ,
H0107,C09,Plan not required to report measure ,
H0107,C10,1,1
H0107,C11,2,2
H0107,C12,3,3
H0107,C13,3,3
H0107,C14,2,2
H0107,C15,2,2
H0107,C16,2,2
H0107,C17,3,3
H0107,C18,4,4
H0107,C19,2,2
H0107,C20,2,2
H0107,C21,3,3
H0107,C22,4,4
H0107,C23,4,4
H0107,C24,3,3
H0107,C25,4,4
H0107,C26,4,4
H0107,C27,4,4
H0107,C28,5,5
H0107,C29,5,5
H0107,C30,4,4
H0107,C31,4,4
H0107,C32,3,3
H0107,C33,3,3
H0107,D01,4,4
H0107,D02,5,5
H0107,D03,5,5
H0107,D04,3,3
H0107,D05,3,3
H0107,D06,3,3
H0107,D07,5,5
H0107,D08,3,3
H0107,D09,3,3
H0107,D10,3,3
H0107,D11,4,4
H0107,D12,3,3
H0111,C01,3,3
H0111,C02,3,3
H0111,C03,2,2
H0111,C04,Not enough data available ,
H0111,C05,Not enough data available ,
H0111,C06,4,4
H0111,C07,4,4
H0111,C08,4,4
H0111,C09,3,3
H0111,C10,2,2
H0111,C11,2,2
H0111,C12,3,3
H0111,C13,3,3
H0111,C14,2,2
H0111,C15,2,2
H0111,C16,Not enough data available ,
H0111,C17,4,4
H0111,C18,3,3
H0111,C19,3,3
H0111,C20,3,3
H0111,C21,3,3
H0111,C22,4,4
H0111,C23,Not enough data available ,
H0111,C24,4,4
H0111,C25,3,3
H0111,C26,2,2
H0111,C27,Not enough data available ,
H0111,C28,4,4
H0111,C29,2,2
H0111,C30,5,5
H0111,C31,3,3
H0111,C32,3,3
H0111,C33,5,5
H0111,D01,5,5
H0111,D02,4,4
H0111,D03,2,2
H0111,D04,4,4
H0111,D05,2,2
H0111,D06,3,3
H0111,D07,5,5
H0111,D08,3,3
H0111,D09,3,3
H0111,D10,3,3
H0111,D11,5,5
H0111,D12,2,2
H0154,C01,4,4
H0154,C02,4,4
H0154,C03,2,2
H0154,C04,3,3
H0154,C05,3,3
H0154,C06,3,3
H0154,C07,5,5
H0154,C08,4,4
H0154,C09,4,4
H0154,C10,4,4
H0154,C11,5,5
H0154,C12,5,5
H0154,C13,4,4
H0154,C14,4,4
H0154,C15,3,3
H0154,C16,3,3
H0154,C17,5,5
H0154,C18,4,4
H0154,C19,3,3
H0154,C20,5,5
H0154,C21,3,3
H0154,C22,5,5
H0154,C23,5,5
H0154,C24,5,5
H0154,C25,5,5
H0154,C26,5,5
H0154,C27,4,4
H0154,C28,5,5
H0154,C29,4,4
H0154,C30,4,4
H0154,C31,4,4
H0154,C32,3,3
H0154,C33,3,3
H0154,D01,3,3
H0154,D02,5,5
H0154,D03,4,4
H0154,D04,2,2
H0154,D05,5,5
H0154,D06,5,5
H0154,D07,4,4
H0154,D08,2,2
H0154,D09,3,3
H0154,D10,2,2
H0154,D11,4,4
H0154,D12,3,3
H0169,C01,2,2
H0169,C02,4,4
H0169,C03,2,2
H0169,C04,4,4
H0169,C05,2,2
H0169,C06,2,2
H0169,C07,4,4
H0169,C08,5,5
H0169,C09,5,5
H0169,C10,3,3
H0169,C11,5,5
H0169,C12,4,4
H0169,C13,3,3
H0169,C14,4,4
H0169,C15,4,4
H0169,C16,3,3
H0169,C17,3,3
H0169,C18,2,2
H0169,C19,3,3
H0169,C20,3,3
H0169,C21,3,3
H0169,C22,4,4
H0169,C23,4,4
H0169,C24,3,3
H0169,C25,3,3
H0169,C26,4,4
H0169,C27,3,3
H0169,C28,4,4
H0169,C29,3,3
H0169,C30,4,4
H0169,C31,5,5
H0169,C32,4,4
H0169,C33,5,5
H0169,D01,5,5
H0169,D02,4,4
H0169,D03,3,3
H0169,D04,5,5
H0169,D05,4,4
H0169,D06,4,4
H0169,D07,5,5
H0169,D08,4,4
H0169,D09,3,3
H0169,D10,4,4
H0169,D11,4,4
H0169,D12,3,3
H0174,C01,3,3
H0174,C02,3,3
H0174,C03,4,4
H0174,C04,Not enough data available ,
H0174,C05,Not enough data available ,
H0174,C06,3,3
H0174,C07,4,4
H0174,C08,4,4
H0174,C09,4,4
H0174,C10,2,2
H0174,C11,3,3
H0174,C12,3,3
H0174,C13,4,4
H0174,C14,3,3
H0174,C15,4,4
H0174,C16,Not enough data available ,
H0174,C17,4,4
H0174,C18,4,4
H0174,C19,3,3
H0174,C20,3,3
H0174,C21,2,2
H0174,C22,3,3
H0174,C23,4,4
H0174,C24,4,4
H0174,C25,5,5
H0174,C26,4,4
H0174,C27,4,4
H0174,C28,3,3
H0174,C29,2,2
H0174,C30,5,5
H0174,C31,3,3
H0174,C32,4,4
H0174,C33,5,5
H0174,D01,5,5
H0174,D02,3,3
H0174,D03,2,2
H0174,D04,5,5
H0174,D05,4,4
H0174,D06,3,3
H0174,D07,5,5
H0174,D08,3,3
H0174,D09,2,2
H0174,D10,2,2
H0174,D11,5,5
H0174,D12,4,4
H0251,C01,2,2
H0251,C02,3,3
H0251,C03,1,1
H0251,C04,Not enough data available ,
H0251,C05,Not enough data available ,
H0251,C06,2,2
H0251,C07,4,4
H0251,C08,4,4
H0251,C09,4,4
H0251,C10,2,2
H0251,C11,4,4
H0251,C12,3,3
H0251,C13,3,3
H0251,C14,3,3
H0251,C15,3,3
H0251,C16,2,2
H0251,C17,3,3
H0251,C18,2,2
H0251,C19,2,2
H0251,C20,2,2
H0251,C21,3,3
H0251,C22,5,5
H0251,C23,5,5
H0251,C24,4,4
H0251,C25,5,5
H0251,C26,5,5
H0251,C27,4,4
H0251,C28,4,4
H0251,C29,4,4
H0251,C30,4,4
H0251,C31,4,4
H0251,C32,4,4
H0251,C33,5,5
H0251,D01,5,5
H0251,D02,4,4
H0251,D03,4,4
H0251,D04,3,3
H0251,D05,4,4
H0251,D06,5,5
H0251,D07,5,5
H0251,D08,3,3
H0251,D09,2,2
H0251,D10,2,2
H0251,D11,4,4
H0251,D12,3,3
H0270,C01,1,1
H0270,C02,3,3
H0270,C03,Plan too small to be measured ,
H0270,C04,Not enough data available ,
H0270,C05,Not enough data available ,
H0270,C06,2,2
H0270,C07,Plan not required to report measure ,
H0270,C08,Plan not required to report measure ,
H0270,C09,Plan not required to report measure ,
H0270,C10,Not enough data available ,
H0270,C11,2,2
H0270,C12,3,3
H0270,C13,2,2
H0270,C14,2,2
H0270,C15,Not enough data available ,
H0270,C16,Not enough data available ,
H0270,C17,3,3
H0270,C18,No data available ,
H0270,C19,No data available ,
H0270,C20,3,3
H0270,C21,2,2
H0270,C22,Plan too small to be measured ,
H0270,C23,Plan too small to be measured ,
H0270,C24,Plan too small to be measured ,
H0270,C25,Plan too small to be measured ,
H0270,C26,Plan too small to be measured ,
H0270,C27,Plan too small to be measured ,
H0270,C28,Not enough data available ,
H0270,C29,3,3
H0270,C30,Not enough data available ,
H0270,C31,Not enough data available ,
H0270,C32,Not enough data available ,
H0270,C33,5,5
H0270,D01,5,5
H0270,D02,Not enough data available ,
H0270,D03,3,3
H0270,D04,4,4
H0270,D05,Plan too small to be measured ,
H0270,D06,Plan too small to be measured ,
H0270,D07,5,5
H0270,D08,3,3
H0270,D09,2,2
H0270,D10,1,1
H0270,D11,3,3
H0270,D12,4,4
H0292,C01,4,4
H0292,C02,5,5
H0292,C03,4,4
H0292,C04,5,5
H0292,C05,5,5
H0292,C06,3,3
H0292,C07,Plan not required to report measure ,
H0292,C08,Plan not required to report measure ,
H0292,C09,Plan not required to report measure ,
H0292,C10,4,4
H0292,C11,5,5
H0292,C12,4,4
H0292,C13,4,4
H0292,C14,4,4
H0292,C15,1,1
H0292,C16,2,2
H0292,C17,5,5
H0292,C18,2,2
H0292,C19,5,5
H0292,C20,5,5
H0292,C21,4,4
H0292,C22,5,5
H0292,C23,5,5
H0292,C24,4,4
H0292,C25,5,5
H0292,C26,2,2
H0292,C27,5,5
H0292,C28,5,5
H0292,C29,3,3
H0292,C30,3,3
H0292,C31,3,3
H0292,C32,5,5
H0292,C33,5,5
H0292,D01,5,5
H0292,D02,5,5
H0292,D03,3,3
H0292,D04,1,1
H0292,D05,3,3
H0292,D06,4,4
H0292,D07,1,1
H0292,D08,3,3
H0292,D09,3,3
H0292,D10,4,4
H0292,D11,3,3
H0292,D12,5,5
H0294,C01,4,4
H0294,C02,4,4
H0294,C03,4,4
H0294,C04,2,2
H0294,C05,4,4
H0294,C06,3,3
H0294,C07,4,4
H0294,C08,5,5
H0294,C09,5,5
H0294,C10,2,2
H0294,C11,4,4
H0294,C12,4,4
H0294,C13,4,4
H0294,C14,4,4
H0294,C15,1,1
H0294,C16,3,3
H0294,C17,3,3
H0294,C18,3,3
H0294,C19,3,3
H0294,C20,2,2
H0294,C21,3,3
H0294,C22,3,3
H0294,C23,3,3
H0294,C24,Not enough data available ,
H0294,C25,2,2
H0294,C26,2,2
H0294,C27,3,3
H0294,C28,4,4
H0294,C29,4,4
H0294,C30,3,3
H0294,C31,5,5
H0294,C32,4,4
H0294,C33,5,5
H0294,D01,5,5
H0294,D02,4,4
H0294,D03,4,4
H0294,D04,1,1
H0294,D05,2,2
H0294,D06,3,3
H0294,D07,5,5
H0294,D08,3,3
H0294,D09,4,4
H0294,D10,4,4
H0294,D11,3,3
H0294,D12,3,3
H0302,C01,3,3
H0302,C02,5,5
H0302,C03,4,4
H0302,C04,2,2
H0302,C05,4,4
H0302,C06,3,3
H0302,C07,Plan not required to report measure ,
H0302,C08,Plan not required to report measure ,
H0302,C09,Plan not required to report measure ,
H0302,C10,4,4
H0302,C11,3,3
H0302,C12,4,4
H0302,C13,5,5
H0302,C14,5,5
H0302,C15,2,2
H0302,C16,3,3
H0302,C17,5,5
H0302,C18,4,4
H0302,C19,4,4
H0302,C20,5,5
H0302,C21,4,4
H0302,C22,4,4
H0302,C23,2,2
H0302,C24,5,5
H0302,C25,4,4
H0302,C26,5,5
H0302,C27,3,3
H0302,C28,5,5
H0302,C29,5,5
H0302,C30,5,5
H0302,C31,3,3
H0302,C32,4,4
H0302,C33,5,5
H0302,D01,4,4
H0302,D02,5,5
H0302,D03,5,5
H0302,D04,4,4
H0302,D05,4,4
H0302,D06,5,5
H0302,D07,5,5
H0302,D08,4,4
H0302,D09,4,4
H0302,D10,4,4
H0302,D11,5,5
H0302,D12,5,5
H0321,C01,2,2
H0321,C02,4,4
H0321,C03,3,3
H0321,C04,3,3
H0321,C05,2,2
H0321,C06,4,4
H0321,C07,4,4
H0321,C08,4,4
H0321,C09,5,5
H0321,C10,3,3
H0321,C11,4,4
H0321,C12,4,4
H0321,C13,4,4
H0321,C14,3,3
H0321,C15,4,4
H0321,C16,3,3
H0321,C17,3,3
H0321,C18,2,2
H0321,C19,2,2
H0321,C20,1,1
H0321,C21,3,3
H0321,C22,3,3
H0321,C23,Not enough data available ,
H0321,C24,Not enough data available ,
H0321,C25,3,3
H0321,C26,5,5
H0321,C27,Not enough data available ,
H0321,C28,4,4
H0321,C29,4,4
H0321,C30,4,4
H0321,C31,3,3
H0321,C32,4,4
H0321,C33,5,5
H0321,D01,5,5
H0321,D02,4,4
H0321,D03,4,4
H0321,D04,3,3
H0321,D05,4,4
H0321,D06,Not enough data available ,
H0321,D07,5,5
H0321,D08,2,2
H0321,D09,2,2
H0321,D10,1,1
H0321,D11,4,4
H0321,D12,3,3
H0332,C01,4,4
H0332,C02,4,4
H0332,C03,5,5
H0332,C04,4,4
H0332,C05,2,2
H0332,C06,4,4
H0332,C07,Plan not required to report measure ,
H0332,C08,Plan not required to report measure ,
H0332,C09,Plan not required to report measure ,
H0332,C10,5,5
H0332,C11,5,5
H0332,C12,5,5
H0332,C13,5,5
H0332,C14,5,5
H0332,C15,2,2
H0332,C16,3,3
H0332,C17,5,5
H0332,C18,3,3
H0332,C19,4,4
H0332,C20,5,5
H0332,C21,3,3
H0332,C22,2,2
H0332,C23,1,1
H0332,C24,5,5
H0332,C25,5,5
H0332,C26,5,5
H0332,C27,4,4
H0332,C28,5,5
H0332,C29,5,5
H0332,C30,3,3
H0332,C31,5,5
H0332,C32,5,5
H0332,C33,4,4
H0332,D01,4,4
H0332,D02,5,5
H0332,D03,5,5
H0332,D04,2,2
H0332,D05,5,5
H0332,D06,5,5
H0332,D07,5,5
H0332,D08,4,4
H0332,D09,4,4
H0332,D10,3,3
H0332,D11,5,5
H0332,D12,4,4
H0342,C01,4,4
H0342,C02,5,5
H0342,C03,5,5
H0342,C04,Plan too small to be measured ,
H0342,C05,Plan too small to be measured ,
H0342,C06,4,4
H0342,C07,Plan not required to report measure ,
H0342,C08,Plan not required to report measure ,
H0342,C09,Plan not required to report measure ,
H0342,C10,Not enough data available ,
H0342,C11,3,3
H0342,C12,5,5
H0342,C13,3,3
H0342,C14,5,5
H0342,C15,1,1
H0342,C16,Not enough data available ,
H0342,C17,4,4
H0342,C18,No data available ,
H0342,C19,2,2
H0342,C20,4,4
H0342,C21,5,5
H0342,C22,3,3
H0342,C23,3,3
H0342,C24,4,4
H0342,C25,4,4
H0342,C26,4,4
H0342,C27,3,3
H0342,C28,4,4
H0342,C29,4,4
H0342,C30,Not enough data available ,
H0342,C31,5,5
H0342,C32,5,5
H0342,C33,4,4
H0342,D01,4,4
H0342,D02,4,4
H0342,D03,4,4
H0342,D04,3,3
H0342,D05,2,2
H0342,D06,4,4
H0342,D07,5,5
H0342,D08,3,3
H0342,D09,4,4
H0342,D10,4,4
H0342,D11,4,4
H0342,D12,3,3
H0351,C01,3,3
H0351,C02,4,4
H0351,C03,2,2
H0351,C04,2,2
H0351,C05,Not enough data available ,
H0351,C06,3,3
H0351,C07,4,4
H0351,C08,5,5
H0351,C09,4,4
H0351,C10,4,4
H0351,C11,4,4
H0351,C12,4,4
H0351,C13,4,4
H0351,C14,3,3
H0351,C15,4,4
H0351,C16,3,3
H0351,C17,4,4
H0351,C18,2,2
H0351,C19,2,2
H0351,C20,2,2
H0351,C21,3,3
H0351,C22,3,3
H0351,C23,4,4
H0351,C24,3,3
H0351,C25,3,3
H0351,C26,2,2
H0351,C27,2,2
H0351,C28,3,3
H0351,C29,3,3
H0351,C30,3,3
H0351,C31,5,5
H0351,C32,3,3
H0351,C33,5,5
H0351,D01,5,5
H0351,D02,3,3
H0351,D03,3,3
H0351,D04,4,4
H0351,D05,2,2
H0351,D06,3,3
H0351,D07,5,5
H0351,D08,4,4
H0351,D09,4,4
H0351,D10,4,4
H0351,D11,4,4
H0351,D12,3,3
H0354,C01,4,4
H0354,C02,4,4
H0354,C03,4,4
H0354,C04,5,5
H0354,C05,3,3
H0354,C06,3,3
H0354,C07,2,2
H0354,C08,5,5
H0354,C09,4,4
H0354,C10,4,4
H0354,C11,4,4
H0354,C12,4,4
H0354,C13,5,5
H0354,C14,4,4
H0354,C15,3,3
H0354,C16,1,1
H0354,C17,5,5
H0354,C18,3,3
H0354,C19,3,3
H0354,C20,5,5
H0354,C21,4,4
H0354,C22,3,3
H0354,C23,4,4
H0354,C24,3,3
H0354,C25,2,2
H0354,C26,3,3
H0354,C27,1,1
H0354,C28,4,4
H0354,C29,4,4
H0354,C30,3,3
H0354,C31,5,5
H0354,C32,4,4
H0354,C33,4,4
H0354,D01,5,5
H0354,D02,4,4
H0354,D03,4,4
H0354,D04,1,1
H0354,D05,4,4
H0354,D06,3,3
H0354,D07,5,5
H0354,D08,3,3
H0354,D09,3,3
H0354,D10,3,3
H0354,D11,5,5
H0354,D12,4,4
H0363,C01,Plan too small to be measured ,
H0363,C02,Plan too small to be measured ,
H0363,C03,Plan too small to be measured ,
H0363,C04,Not enough data available ,
H0363,C05,Not enough data available ,
H0363,C06,Plan too small to be measured ,
H0363,C07,1,1
H0363,C08,5,5
H0363,C09,5,5
H0363,C10,Plan too small to be measured ,
H0363,C11,Plan too small to be measured ,
H0363,C12,Plan too small to be measured ,
H0363,C13,Plan too small to be measured ,
H0363,C14,Plan too small to be measured ,
H0363,C15,Plan too small to be measured ,
H0363,C16,Plan too small to be measured ,
H0363,C17,Plan too small to be measured ,
H0363,C18,Plan too small to be measured ,
H0363,C19,Plan too small to be measured ,
H0363,C20,Plan too small to be measured ,
H0363,C21,Plan too small to be measured ,
H0363,C22,Plan too small to be measured ,
H0363,C23,Plan too small to be measured ,
H0363,C24,Plan too small to be measured ,
H0363,C25,Plan too small to be measured ,
H0363,C26,Plan too small to be measured ,
H0363,C27,Plan too small to be measured ,
H0363,C28,Not enough data available ,
H0363,C29,Not enough data available ,
H0363,C30,Not enough data available ,
H0363,C31,Not enough data available ,
H0363,C32,Not enough data available ,
H0363,C33,4,4
H0363,D01,4,4
H0363,D02,Not enough data available ,
H0363,D03,Not enough data available ,
H0363,D04,4,4
H0363,D05,Plan too small to be measured ,
H0363,D06,Plan too small to be measured ,
H0363,D07,Not enough data available ,
H0363,D08,4,4
H0363,D09,5,5
H0363,D10,5,5
H0363,D11,5,5
H0363,D12,5,5
H0413,C01,Plan too new to be measured ,
H0413,C02,Plan too new to be measured ,
H0413,C03,Plan too new to be measured ,
H0413,C04,Plan too new to be measured ,
H0413,C05,Plan too new to be measured ,
H0413,C06,Plan too new to be measured ,
H0413,C07,Plan too new to be measured ,
H0413,C08,Plan too new to be measured ,
H0413,C09,Plan too new to be measured ,
H0413,C10,Plan too new to be measured ,
H0413,C11,Plan too new to be measured ,
H0413,C12,Plan too new to be measured ,
H0413,C13,Plan too new to be measured ,
H0413,C14,Plan too new to be measured ,
H0413,C15,Plan too new to be measured ,
H0413,C16,Plan too new to be measured ,
H0413,C17,Plan too new to be measured ,
H0413,C18,Plan too new to be measured ,
H0413,C19,Plan too new to be measured ,
H0413,C20,Plan too new to be measured ,
H0413,C21,Plan too new to be measured ,
H0413,C22,Plan too new to be measured ,
H0413,C23,Plan too new to be measured ,
H0413,C24,Plan too new to be measured ,
H0413,C25,Plan too new to be measured ,
H0413,C26,Plan too new to be measured ,
H0413,C27,Plan too new to be measured ,
H0413,C28,Plan too new to be measured ,
H0413,C29,Plan too new to be measured ,
H0413,C30,Plan too new to be measured ,
H0413,C31,Not enough data available ,
H0413,C32,Not enough data available ,
H0413,C33,Plan too new to be measured ,
H0413,D01,Plan too new to be measured ,
H0413,D02,Plan too new to be measured ,
H0413,D03,Plan too new to be measured ,
H0413,D04,Plan too new to be measured ,
H0413,D05,Plan too new to be measured ,
H0413,D06,Plan too new to be measured ,
H0413,D07,Plan too new to be measured ,
H0413,D08,Plan too new to be measured ,
H0413,D09,Plan too new to be measured ,
H0413,D10,Plan too new to be measured ,
H0413,D11,Plan too new to be measured ,
H0413,D12,Plan too new to be measured,
H0421,C01,Plan too new to be measured ,
H0421,C02,Plan too new to be measured ,
H0421,C03,Plan too new to be measured ,
H0421,C04,Plan too new to be measured ,
H0421,C05,Plan too new to be measured ,
H0421,C06,Plan too new to be measured ,
H0421,C07,Plan too new to be measured ,
H0421,C08,Plan too new to be measured ,
H0421,C09,Plan too new to be measured ,
H0421,C10,Plan too new to be measured ,
H0421,C11,Plan too new to be measured ,
H0421,C12,Plan too new to be measured ,
H0421,C13,Plan too new to be measured ,
H0421,C14,Plan too new to be measured ,
H0421,C15,Plan too new to be measured ,
H0421,C16,Plan too new to be measured ,
H0421,C17,Plan too new to be measured ,
H0421,C18,Plan too new to be measured ,
H0421,C19,Plan too new to be measured ,
H0421,C20,Plan too new to be measured ,
H0421,C21,Plan too new to be measured ,
H0421,C22,Plan too new to be measured ,
H0421,C23,Plan too new to be measured ,
H0421,C24,Plan too new to be measured ,
H0421,C25,Plan too new to be measured ,
H0421,C26,Plan too new to be measured ,
H0421,C27,Plan too new to be measured ,
H0421,C28,Plan too new to be measured ,
H0421,C29,Not enough data available ,
H0421,C30,Plan too new to be measured ,
H0421,C31,Not enough data available ,
H0421,C32,Not enough data available ,
H0421,C33,5,5
H0421,D01,5,5
H0421,D02,Plan too new to be measured ,
H0421,D03,Not enough data available ,
H0421,D04,Plan too new to be measured ,
H0421,D05,Plan too new to be measured ,
H0421,D06,Plan too new to be measured ,
H0421,D07,Plan too new to be measured ,
H0421,D08,Plan too new to be measured ,
H0421,D09,Plan too new to be measured ,
H0421,D10,Plan too new to be measured ,
H0421,D11,Plan too new to be measured ,
H0421,D12,Plan too new to be measured,
H0423,C01,4,4
H0423,C02,4,4
H0423,C03,3,3
H0423,C04,3,3
H0423,C05,4,4
H0423,C06,5,5
H0423,C07,4,4
H0423,C08,4,4
H0423,C09,4,4
H0423,C10,Not enough data available ,
H0423,C11,4,4
H0423,C12,4,4
H0423,C13,3,3
H0423,C14,5,5
H0423,C15,5,5
H0423,C16,Not enough data available ,
H0423,C17,5,5
H0423,C18,1,1
H0423,C19,4,4
H0423,C20,5,5
H0423,C21,3,3
H0423,C22,3,3
H0423,C23,4,4
H0423,C24,2,2
H0423,C25,2,2
H0423,C26,5,5
H0423,C27,3,3
H0423,C28,4,4
H0423,C29,4,4
H0423,C30,5,5
H0423,C31,3,3
H0423,C32,2,2
H0423,C33,2,2
H0423,D01,2,2
H0423,D02,4,4
H0423,D03,4,4
H0423,D04,4,4
H0423,D05,3,3
H0423,D06,3,3
H0423,D07,4,4
H0423,D08,4,4
H0423,D09,4,4
H0423,D10,3,3
H0423,D11,5,5
H0423,D12,5,5
H0432,C01,3,3
H0432,C02,4,4
H0432,C03,1,1
H0432,C04,Not enough data available ,
H0432,C05,Not enough data available ,
H0432,C06,3,3
H0432,C07,4,4
H0432,C08,5,5
H0432,C09,5,5
H0432,C10,2,2
H0432,C11,5,5
H0432,C12,4,4
H0432,C13,4,4
H0432,C14,3,3
H0432,C15,4,4
H0432,C16,1,1
H0432,C17,3,3
H0432,C18,3,3
H0432,C19,3,3
H0432,C20,2,2
H0432,C21,2,2
H0432,C22,5,5
H0432,C23,5,5
H0432,C24,4,4
H0432,C25,4,4
H0432,C26,4,4
H0432,C27,3,3
H0432,C28,4,4
H0432,C29,2,2
H0432,C30,4,4
H0432,C31,5,5
H0432,C32,4,4
H0432,C33,5,5
H0432,D01,5,5
H0432,D02,4,4
H0432,D03,2,2
H0432,D04,3,3
H0432,D05,4,4
H0432,D06,4,4
H0432,D07,5,5
H0432,D08,2,2
H0432,D09,3,3
H0432,D10,3,3
H0432,D11,4,4
H0432,D12,3,3
H0439,C01,3,3
H0439,C02,4,4
H0439,C03,2,2
H0439,C04,4,4
H0439,C05,5,5
H0439,C06,4,4
H0439,C07,3,3
H0439,C08,4,4
H0439,C09,4,4
H0439,C10,4,4
H0439,C11,3,3
H0439,C12,3,3
H0439,C13,4,4
H0439,C14,2,2
H0439,C15,3,3
H0439,C16,3,3
H0439,C17,5,5
H0439,C18,3,3
H0439,C19,2,2
H0439,C20,3,3
H0439,C21,2,2
H0439,C22,5,5
H0439,C23,5,5
H0439,C24,3,3
H0439,C25,4,4
H0439,C26,4,4
H0439,C27,4,4
H0439,C28,4,4
H0439,C29,4,4
H0439,C30,2,2
H0439,C31,5,5
H0439,C32,3,3
H0439,C33,4,4
H0439,D01,5,5
H0439,D02,4,4
H0439,D03,4,4
H0439,D04,3,3
H0439,D05,4,4
H0439,D06,4,4
H0439,D07,5,5
H0439,D08,2,2
H0439,D09,3,3
H0439,D10,3,3
H0439,D11,5,5
H0439,D12,2,2
H0473,C01,2,2
H0473,C02,3,3
H0473,C03,2,2
H0473,C04,Not enough data available ,
H0473,C05,Not enough data available ,
H0473,C06,3,3
H0473,C07,Plan not required to report measure ,
H0473,C08,Plan not required to report measure ,
H0473,C09,Plan not required to report measure ,
H0473,C10,2,2
H0473,C11,3,3
H0473,C12,3,3
H0473,C13,2,2
H0473,C14,3,3
H0473,C15,4,4
H0473,C16,2,2
H0473,C17,4,4
H0473,C18,3,3
H0473,C19,2,2
H0473,C20,3,3
H0473,C21,2,2
H0473,C22,5,5
H0473,C23,4,4
H0473,C24,4,4
H0473,C25,4,4
H0473,C26,3,3
H0473,C27,3,3
H0473,C28,4,4
H0473,C29,3,3
H0473,C30,3,3
H0473,C31,4,4
H0473,C32,4,4
H0473,C33,5,5
H0473,D01,5,5
H0473,D02,4,4
H0473,D03,3,3
H0473,D04,4,4
H0473,D05,4,4
H0473,D06,3,3
H0473,D07,1,1
H0473,D08,2,2
H0473,D09,3,3
H0473,D10,3,3
H0473,D11,4,4
H0473,D12,2,2
H0504,C01,4,4
H0504,C02,4,4
H0504,C03,4,4
H0504,C04,4,4
H0504,C05,1,1
H0504,C06,4,4
H0504,C07,Plan not required to report measure ,
H0504,C08,Plan not required to report measure ,
H0504,C09,Plan not required to report measure ,
H0504,C10,4,4
H0504,C11,4,4
H0504,C12,4,4
H0504,C13,4,4
H0504,C14,3,3
H0504,C15,2,2
H0504,C16,5,5
H0504,C17,4,4
H0504,C18,2,2
H0504,C19,4,4
H0504,C20,3,3
H0504,C21,3,3
H0504,C22,3,3
H0504,C23,2,2
H0504,C24,3,3
H0504,C25,4,4
H0504,C26,4,4
H0504,C27,2,2
H0504,C28,5,5
H0504,C29,4,4
H0504,C30,4,4
H0504,C31,4,4
H0504,C32,5,5
H0504,C33,4,4
H0504,D01,5,5
H0504,D02,5,5
H0504,D03,4,4
H0504,D04,4,4
H0504,D05,4,4
H0504,D06,3,3
H0504,D07,5,5
H0504,D08,4,4
H0504,D09,4,4
H0504,D10,4,4
H0504,D11,5,5
H0504,D12,4,4
H0523,C01,4,4
H0523,C02,4,4
H0523,C03,3,3
H0523,C04,4,4
H0523,C05,3,3
H0523,C06,3,3
H0523,C07,Plan not required to report measure ,
H0523,C08,Plan not required to report measure ,
H0523,C09,Plan not required to report measure ,
H0523,C10,4,4
H0523,C11,4,4
H0523,C12,4,4
H0523,C13,4,4
H0523,C14,4,4
H0523,C15,4,4
H0523,C16,1,1
H0523,C17,4,4
H0523,C18,4,4
H0523,C19,4,4
H0523,C20,2,2
H0523,C21,2,2
H0523,C22,1,1
H0523,C23,Not enough data available ,
H0523,C24,1,1
H0523,C25,2,2
H0523,C26,1,1
H0523,C27,2,2
H0523,C28,3,3
H0523,C29,3,3
H0523,C30,3,3
H0523,C31,4,4
H0523,C32,3,3
H0523,C33,4,4
H0523,D01,5,5
H0523,D02,3,3
H0523,D03,3,3
H0523,D04,2,2
H0523,D05,3,3
H0523,D06,Not enough data available ,
H0523,D07,5,5
H0523,D08,3,3
H0523,D09,4,4
H0523,D10,3,3
H0523,D11,5,5
H0523,D12,4,4
H0524,C01,5,5
H0524,C02,5,5
H0524,C03,5,5
H0524,C04,2,2
H0524,C05,1,1
H0524,C06,5,5
H0524,C07,Plan not required to report measure ,
H0524,C08,Plan not required to report measure ,
H0524,C09,Plan not required to report measure ,
H0524,C10,5,5
H0524,C11,5,5
H0524,C12,4,4
H0524,C13,5,5
H0524,C14,5,5
H0524,C15,2,2
H0524,C16,2,2
H0524,C17,5,5
H0524,C18,3,3
H0524,C19,5,5
H0524,C20,5,5
H0524,C21,4,4
H0524,C22,3,3
H0524,C23,2,2
H0524,C24,3,3
H0524,C25,4,4
H0524,C26,5,5
H0524,C27,2,2
H0524,C28,5,5
H0524,C29,5,5
H0524,C30,4,4
H0524,C31,4,4
H0524,C32,4,4
H0524,C33,4,4
H0524,D01,4,4
H0524,D02,5,5
H0524,D03,5,5
H0524,D04,5,5
H0524,D05,5,5
H0524,D06,5,5
H0524,D07,5,5
H0524,D08,4,4
H0524,D09,4,4
H0524,D10,4,4
H0524,D11,4,4
H0524,D12,4,4
H0543,C01,4,4
H0543,C02,4,4
H0543,C03,3,3
H0543,C04,2,2
H0543,C05,4,4
H0543,C06,4,4
H0543,C07,4,4
H0543,C08,5,5
H0543,C09,5,5
H0543,C10,4,4
H0543,C11,5,5
H0543,C12,4,4
H0543,C13,5,5
H0543,C14,4,4
H0543,C15,3,3
H0543,C16,3,3
H0543,C17,4,4
H0543,C18,2,2
H0543,C19,3,3
H0543,C20,2,2
H0543,C21,2,2
H0543,C22,4,4
H0543,C23,4,4
H0543,C24,3,3
H0543,C25,4,4
H0543,C26,4,4
H0543,C27,1,1
H0543,C28,4,4
H0543,C29,4,4
H0543,C30,5,5
H0543,C31,5,5
H0543,C32,4,4
H0543,C33,5,5
H0543,D01,5,5
H0543,D02,4,4
H0543,D03,4,4
H0543,D04,5,5
H0543,D05,4,4
H0543,D06,4,4
H0543,D07,5,5
H0543,D08,3,3
H0543,D09,4,4
H0543,D10,4,4
H0543,D11,4,4
H0543,D12,4,4
H0544,C01,2,2
H0544,C02,3,3
H0544,C03,3,3
H0544,C04,3,3
H0544,C05,1,1
H0544,C06,3,3
H0544,C07,1,1
H0544,C08,5,5
H0544,C09,4,4
H0544,C10,3,3
H0544,C11,3,3
H0544,C12,3,3
H0544,C13,4,4
H0544,C14,3,3
H0544,C15,4,4
H0544,C16,4,4
H0544,C17,4,4
H0544,C18,3,3
H0544,C19,3,3
H0544,C20,3,3
H0544,C21,2,2
H0544,C22,1,1
H0544,C23,1,1
H0544,C24,1,1
H0544,C25,Plan too small to be measured ,
H0544,C26,2,2
H0544,C27,Plan too small to be measured ,
H0544,C28,4,4
H0544,C29,3,3
H0544,C30,5,5
H0544,C31,3,3
H0544,C32,3,3
H0544,C33,5,5
H0544,D01,5,5
H0544,D02,4,4
H0544,D03,3,3
H0544,D04,5,5
H0544,D05,2,2
H0544,D06,Plan too small to be measured ,
H0544,D07,5,5
H0544,D08,3,3
H0544,D09,3,3
H0544,D10,2,2
H0544,D11,5,5
H0544,D12,4,4
H0562,C01,4,4
H0562,C02,5,5
H0562,C03,4,4
H0562,C04,Not enough data available ,
H0562,C05,Not enough data available ,
H0562,C06,4,4
H0562,C07,3,3
H0562,C08,4,4
H0562,C09,3,3
H0562,C10,4,4
H0562,C11,4,4
H0562,C12,4,4
H0562,C13,4,4
H0562,C14,4,4
H0562,C15,3,3
H0562,C16,2,2
H0562,C17,4,4
H0562,C18,3,3
H0562,C19,3,3
H0562,C20,2,2
H0562,C21,2,2
H0562,C22,2,2
H0562,C23,2,2
H0562,C24,Not enough data available ,
H0562,C25,3,3
H0562,C26,3,3
H0562,C27,2,2
H0562,C28,4,4
H0562,C29,4,4
H0562,C30,3,3
H0562,C31,3,3
H0562,C32,5,5
H0562,C33,5,5
H0562,D01,5,5
H0562,D02,4,4
H0562,D03,4,4
H0562,D04,5,5
H0562,D05,3,3
H0562,D06,2,2
H0562,D07,5,5
H0562,D08,3,3
H0562,D09,3,3
H0562,D10,3,3
H0562,D11,4,4
H0562,D12,4,4
H0571,C01,4,4
H0571,C02,5,5
H0571,C03,5,5
H0571,C04,4,4
H0571,C05,3,3
H0571,C06,4,4
H0571,C07,5,5
H0571,C08,3,3
H0571,C09,3,3
H0571,C10,4,4
H0571,C11,3,3
H0571,C12,3,3
H0571,C13,5,5
H0571,C14,2,2
H0571,C15,5,5
H0571,C16,1,1
H0571,C17,2,2
H0571,C18,3,3
H0571,C19,3,3
H0571,C20,1,1
H0571,C21,1,1
H0571,C22,1,1
H0571,C23,1,1
H0571,C24,1,1
H0571,C25,2,2
H0571,C26,2,2
H0571,C27,1,1
H0571,C28,5,5
H0571,C29,5,5
H0571,C30,4,4
H0571,C31,2,2
H0571,C32,2,2
H0571,C33,3,3
H0571,D01,3,3
H0571,D02,5,5
H0571,D03,5,5
H0571,D04,3,3
H0571,D05,1,1
H0571,D06,1,1
H0571,D07,4,4
H0571,D08,4,4
H0571,D09,3,3
H0571,D10,2,2
H0571,D11,5,5
H0571,D12,4,4
H0609,C01,4,4
H0609,C02,4,4
H0609,C03,4,4
H0609,C04,2,2
H0609,C05,3,3
H0609,C06,4,4
H0609,C07,4,4
H0609,C08,5,5
H0609,C09,5,5
H0609,C10,3,3
H0609,C11,5,5
H0609,C12,5,5
H0609,C13,5,5
H0609,C14,5,5
H0609,C15,3,3
H0609,C16,3,3
H0609,C17,4,4
H0609,C18,2,2
H0609,C19,4,4
H0609,C20,3,3
H0609,C21,3,3
H0609,C22,4,4
H0609,C23,5,5
H0609,C24,Not enough data available ,
H0609,C25,4,4
H0609,C26,4,4
H0609,C27,5,5
H0609,C28,4,4
H0609,C29,4,4
H0609,C30,4,4
H0609,C31,5,5
H0609,C32,4,4
H0609,C33,5,5
H0609,D01,5,5
H0609,D02,4,4
H0609,D03,4,4
H0609,D04,4,4
H0609,D05,3,3
H0609,D06,3,3
H0609,D07,5,5
H0609,D08,3,3
H0609,D09,4,4
H0609,D10,4,4
H0609,D11,4,4
H0609,D12,4,4
H0624,C01,2,2
H0624,C02,4,4
H0624,C03,4,4
H0624,C04,1,1
H0624,C05,3,3
H0624,C06,3,3
H0624,C07,4,4
H0624,C08,4,4
H0624,C09,4,4
H0624,C10,3,3
H0624,C11,5,5
H0624,C12,4,4
H0624,C13,4,4
H0624,C14,4,4
H0624,C15,4,4
H0624,C16,3,3
H0624,C17,3,3
H0624,C18,3,3
H0624,C19,4,4
H0624,C20,3,3
H0624,C21,3,3
H0624,C22,3,3
H0624,C23,Not enough data available ,
H0624,C24,3,3
H0624,C25,3,3
H0624,C26,4,4
H0624,C27,Not enough data available ,
H0624,C28,4,4
H0624,C29,3,3
H0624,C30,4,4
H0624,C31,4,4
H0624,C32,4,4
H0624,C33,5,5
H0624,D01,5,5
H0624,D02,4,4
H0624,D03,3,3
H0624,D04,5,5
H0624,D05,4,4
H0624,D06,Not enough data available ,
H0624,D07,5,5
H0624,D08,4,4
H0624,D09,3,3
H0624,D10,3,3
H0624,D11,4,4
H0624,D12,3,3
H0628,C01,3,3
H0628,C02,3,3
H0628,C03,2,2
H0628,C04,2,2
H0628,C05,4,4
H0628,C06,2,2
H0628,C07,3,3
H0628,C08,5,5
H0628,C09,4,4
H0628,C10,3,3
H0628,C11,3,3
H0628,C12,3,3
H0628,C13,3,3
H0628,C14,5,5
H0628,C15,3,3
H0628,C16,3,3
H0628,C17,5,5
H0628,C18,4,4
H0628,C19,4,4
H0628,C20,3,3
H0628,C21,3,3
H0628,C22,5,5
H0628,C23,5,5
H0628,C24,4,4
H0628,C25,4,4
H0628,C26,3,3
H0628,C27,5,5
H0628,C28,4,4
H0628,C29,3,3
H0628,C30,3,3
H0628,C31,3,3
H0628,C32,4,4
H0628,C33,4,4
H0628,D01,5,5
H0628,D02,4,4
H0628,D03,3,3
H0628,D04,1,1
H0628,D05,3,3
H0628,D06,5,5
H0628,D07,5,5
H0628,D08,3,3
H0628,D09,3,3
H0628,D10,3,3
H0628,D11,4,4
H0628,D12,3,3
H0629,C01,Plan too new to be measured ,
H0629,C02,Plan too new to be measured ,
H0629,C03,Plan too new to be measured ,
H0629,C04,Plan too new to be measured ,
H0629,C05,Plan too new to be measured ,
H0629,C06,Plan too new to be measured ,
H0629,C07,Plan too new to be measured ,
H0629,C08,Plan too new to be measured ,
H0629,C09,Plan too new to be measured ,
H0629,C10,Plan too new to be measured ,
H0629,C11,Plan too new to be measured ,
H0629,C12,Plan too new to be measured ,
H0629,C13,Plan too new to be measured ,
H0629,C14,Plan too new to be measured ,
H0629,C15,Plan too new to be measured ,
H0629,C16,Plan too new to be measured ,
H0629,C17,Plan too new to be measured ,
H0629,C18,Plan too new to be measured ,
H0629,C19,Plan too new to be measured ,
H0629,C20,Plan too new to be measured ,
H0629,C21,Plan too new to be measured ,
H0629,C22,Plan too new to be measured ,
H0629,C23,Plan too new to be measured ,
H0629,C24,Plan too new to be measured ,
H0629,C25,Plan too new to be measured ,
H0629,C26,Plan too new to be measured ,
H0629,C27,Plan too new to be measured ,
H0629,C28,Plan too new to be measured ,
H0629,C29,Plan too new to be measured ,
H0629,C30,Plan too new to be measured ,
H0629,C31,Not enough data available ,
H0629,C32,Not enough data available ,
H0629,C33,Plan too new to be measured ,
H0629,D01,Plan too new to be measured ,
H0629,D02,Plan too new to be measured ,
H0629,D03,Plan too new to be measured ,
H0629,D04,Plan too new to be measured ,
H0629,D05,Plan too new to be measured ,
H0629,D06,Plan too new to be measured ,
H0629,D07,Plan too new to be measured ,
H0629,D08,Plan too new to be measured ,
H0629,D09,Plan too new to be measured ,
H0629,D10,Plan too new to be measured ,
H0629,D11,Plan too new to be measured ,
H0629,D12,Plan too new to be measured,
H0630,C01,4,4
H0630,C02,5,5
H0630,C03,5,5
H0630,C04,4,4
H0630,C05,4,4
H0630,C06,5,5
H0630,C07,4,4
H0630,C08,5,5
H0630,C09,4,4
H0630,C10,4,4
H0630,C11,3,3
H0630,C12,3,3
H0630,C13,5,5
H0630,C14,5,5
H0630,C15,2,2
H0630,C16,3,3
H0630,C17,4,4
H0630,C18,4,4
H0630,C19,5,5
H0630,C20,5,5
H0630,C21,4,4
H0630,C22,1,1
H0630,C23,1,1
H0630,C24,3,3
H0630,C25,4,4
H0630,C26,5,5
H0630,C27,3,3
H0630,C28,5,5
H0630,C29,5,5
H0630,C30,2,2
H0630,C31,4,4
H0630,C32,3,3
H0630,C33,4,4
H0630,D01,4,4
H0630,D02,5,5
H0630,D03,5,5
H0630,D04,3,3
H0630,D05,5,5
H0630,D06,5,5
H0630,D07,5,5
H0630,D08,4,4
H0630,D09,5,5
H0630,D10,5,5
H0630,D11,4,4
H0630,D12,5,5
H0672,C01,2,2
H0672,C02,3,3
H0672,C03,2,2
H0672,C04,Not enough data available ,
H0672,C05,Not enough data available ,
H0672,C06,3,3
H0672,C07,3,3
H0672,C08,3,3
H0672,C09,3,3
H0672,C10,2,2
H0672,C11,3,3
H0672,C12,3,3
H0672,C13,3,3
H0672,C14,2,2
H0672,C15,2,2
H0672,C16,1,1
H0672,C17,4,4
H0672,C18,4,4
H0672,C19,3,3
H0672,C20,3,3
H0672,C21,2,2
H0672,C22,3,3
H0672,C23,3,3
H0672,C24,Not enough data available ,
H0672,C25,1,1
H0672,C26,1,1
H0672,C27,3,3
H0672,C28,3,3
H0672,C29,2,2
H0672,C30,3,3
H0672,C31,3,3
H0672,C32,4,4
H0672,C33,4,4
H0672,D01,5,5
H0672,D02,3,3
H0672,D03,2,2
H0672,D04,4,4
H0672,D05,2,2
H0672,D06,Not enough data available ,
H0672,D07,5,5
H0672,D08,1,1
H0672,D09,3,3
H0672,D10,3,3
H0672,D11,4,4
H0672,D12,2,2
H0710,C01,1,1
H0710,C02,4,4
H0710,C03,Plan too small to be measured ,
H0710,C04,Not enough data available ,
H0710,C05,Not enough data available ,
H0710,C06,No data available ,
H0710,C07,5,5
H0710,C08,5,5
H0710,C09,5,5
H0710,C10,Not enough data available ,
H0710,C11,3,3
H0710,C12,5,5
H0710,C13,2,2
H0710,C14,Not enough data available ,
H0710,C15,No data available ,
H0710,C16,No data available ,
H0710,C17,1,1
H0710,C18,4,4
H0710,C19,5,5
H0710,C20,1,1
H0710,C21,3,3
H0710,C22,Plan too small to be measured ,
H0710,C23,Plan too small to be measured ,
H0710,C24,Plan too small to be measured ,
H0710,C25,Plan too small to be measured ,
H0710,C26,Plan too small to be measured ,
H0710,C27,Plan too small to be measured ,
H0710,C28,5,5
H0710,C29,5,5
H0710,C30,4,4
H0710,C31,5,5
H0710,C32,4,4
H0710,C33,5,5
H0710,D01,5,5
H0710,D02,5,5
H0710,D03,5,5
H0710,D04,3,3
H0710,D05,Plan too small to be measured ,
H0710,D06,Plan too small to be measured ,
H0710,D07,5,5
H0710,D08,5,5
H0710,D09,5,5
H0710,D10,5,5
H0710,D11,5,5
H0710,D12,4,4
H0712,C01,3,3
H0712,C02,4,4
H0712,C03,3,3
H0712,C04,Not enough data available ,
H0712,C05,Not enough data available ,
H0712,C06,3,3
H0712,C07,4,4
H0712,C08,4,4
H0712,C09,4,4
H0712,C10,Not enough data available ,
H0712,C11,3,3
H0712,C12,4,4
H0712,C13,3,3
H0712,C14,4,4
H0712,C15,3,3
H0712,C16,1,1
H0712,C17,3,3
H0712,C18,4,4
H0712,C19,4,4
H0712,C20,3,3
H0712,C21,2,2
H0712,C22,3,3
H0712,C23,Not enough data available ,
H0712,C24,3,3
H0712,C25,2,2
H0712,C26,1,1
H0712,C27,3,3
H0712,C28,3,3
H0712,C29,3,3
H0712,C30,4,4
H0712,C31,5,5
H0712,C32,2,2
H0712,C33,5,5
H0712,D01,5,5
H0712,D02,3,3
H0712,D03,3,3
H0712,D04,3,3
H0712,D05,2,2
H0712,D06,Not enough data available ,
H0712,D07,5,5
H0712,D08,4,4
H0712,D09,3,3
H0712,D10,4,4
H0712,D11,3,3
H0712,D12,4,4
H0724,C01,Plan too small to be measured ,
H0724,C02,Plan too small to be measured ,
H0724,C03,Plan too small to be measured ,
H0724,C04,Not enough data available ,
H0724,C05,Not enough data available ,
H0724,C06,Plan too small to be measured ,
H0724,C07,Plan not required to report measure ,
H0724,C08,Plan not required to report measure ,
H0724,C09,Plan not required to report measure ,
H0724,C10,Plan too small to be measured ,
H0724,C11,Plan too small to be measured ,
H0724,C12,Plan too small to be measured ,
H0724,C13,Plan too small to be measured ,
H0724,C14,Plan too small to be measured ,
H0724,C15,Plan too small to be measured ,
H0724,C16,Plan too small to be measured ,
H0724,C17,Plan too small to be measured ,
H0724,C18,Plan too small to be measured ,
H0724,C19,Plan too small to be measured ,
H0724,C20,Plan too small to be measured ,
H0724,C21,Plan too small to be measured ,
H0724,C22,Plan too small to be measured ,
H0724,C23,Plan too small to be measured ,
H0724,C24,Plan too small to be measured ,
H0724,C25,Plan too small to be measured ,
H0724,C26,Plan too small to be measured ,
H0724,C27,Plan too small to be measured ,
H0724,C28,No data available ,
H0724,C29,Not enough data available ,
H0724,C30,Not enough data available ,
H0724,C31,Not enough data available ,
H0724,C32,Not enough data available ,
H0724,C33,Not enough data available ,
H0724,D01,Not enough data available ,
H0724,D02,No data available ,
H0724,D03,Not enough data available ,
H0724,D04,Not enough data available ,
H0724,D05,Plan too small to be measured ,
H0724,D06,Plan too small to be measured ,
H0724,D07,Not enough data available ,
H0724,D08,Not enough data available ,
H0724,D09,Not enough data available ,
H0724,D10,Not enough data available ,
H0724,D11,Not required to report ,
H0724,D12,Not enough data available,
H0738,C01,Plan too small to be measured ,
H0738,C02,Plan too small to be measured ,
H0738,C03,Plan too small to be measured ,
H0738,C04,Plan too new to be measured ,
H0738,C05,Plan too new to be measured ,
H0738,C06,Plan too small to be measured ,
H0738,C07,2,2
H0738,C08,5,5
H0738,C09,3,3
H0738,C10,Plan too small to be measured ,
H0738,C11,Plan too small to be measured ,
H0738,C12,Plan too small to be measured ,
H0738,C13,Plan too small to be measured ,
H0738,C14,Plan too small to be measured ,
H0738,C15,Plan too small to be measured ,
H0738,C16,Plan too small to be measured ,
H0738,C17,Plan too small to be measured ,
H0738,C18,Plan too small to be measured ,
H0738,C19,Plan too small to be measured ,
H0738,C20,Plan too small to be measured ,
H0738,C21,Plan too small to be measured ,
H0738,C22,Plan too small to be measured ,
H0738,C23,Plan too small to be measured ,
H0738,C24,Plan too small to be measured ,
H0738,C25,Plan too small to be measured ,
H0738,C26,Plan too small to be measured ,
H0738,C27,Plan too small to be measured ,
H0738,C28,Not enough data available ,
H0738,C29,Not enough data available ,
H0738,C30,Not enough data available ,
H0738,C31,Not enough data available ,
H0738,C32,Not enough data available ,
H0738,C33,4,4
H0738,D01,4,4
H0738,D02,Not enough data available ,
H0738,D03,Not enough data available ,
H0738,D04,Not enough data available ,
H0738,D05,Plan too small to be measured ,
H0738,D06,Plan too small to be measured ,
H0738,D07,5,5
H0738,D08,Not enough data available ,
H0738,D09,2,2
H0738,D10,2,2
H0738,D11,Not enough data available ,
H0738,D12,Not enough data available,
H0755,C01,3,3
H0755,C02,4,4
H0755,C03,5,5
H0755,C04,Not enough data available ,
H0755,C05,Not enough data available ,
H0755,C06,3,3
H0755,C07,Plan not required to report measure ,
H0755,C08,Plan not required to report measure ,
H0755,C09,Plan not required to report measure ,
H0755,C10,2,2
H0755,C11,3,3
H0755,C12,4,4
H0755,C13,3,3
H0755,C14,4,4
H0755,C15,2,2
H0755,C16,2,2
H0755,C17,2,2
H0755,C18,2,2
H0755,C19,4,4
H0755,C20,2,2
H0755,C21,3,3
H0755,C22,3,3
H0755,C23,3,3
H0755,C24,4,4
H0755,C25,3,3
H0755,C26,2,2
H0755,C27,4,4
H0755,C28,5,5
H0755,C29,4,4
H0755,C30,3,3
H0755,C31,5,5
H0755,C32,4,4
H0755,C33,5,5
H0755,D01,5,5
H0755,D02,5,5
H0755,D03,4,4
H0755,D04,3,3
H0755,D05,1,1
H0755,D06,3,3
H0755,D07,5,5
H0755,D08,3,3
H0755,D09,4,4
H0755,D10,3,3
H0755,D11,3,3
H0755,D12,3,3
H0764,C01,No data available ,
H0764,C02,4,4
H0764,C03,Plan too small to be measured ,
H0764,C04,Plan too new to be measured ,
H0764,C05,Plan too new to be measured ,
H0764,C06,4,4
H0764,C07,4,4
H0764,C08,4,4
H0764,C09,4,4
H0764,C10,Not enough data available ,
H0764,C11,3,3
H0764,C12,3,3
H0764,C13,3,3
H0764,C14,4,4
H0764,C15,Not enough data available ,
H0764,C16,Not enough data available ,
H0764,C17,3,3
H0764,C18,No data available ,
H0764,C19,Not enough data available ,
H0764,C20,2,2
H0764,C21,2,2
H0764,C22,Plan too small to be measured ,
H0764,C23,Plan too small to be measured ,
H0764,C24,Plan too small to be measured ,
H0764,C25,Plan too small to be measured ,
H0764,C26,Plan too small to be measured ,
H0764,C27,Plan too small to be measured ,
H0764,C28,3,3
H0764,C29,1,1
H0764,C30,Not enough data available ,
H0764,C31,Not enough data available ,
H0764,C32,Not enough data available ,
H0764,C33,5,5
H0764,D01,5,5
H0764,D02,3,3
H0764,D03,1,1
H0764,D04,2,2
H0764,D05,Plan too small to be measured ,
H0764,D06,Plan too small to be measured ,
H0764,D07,5,5
H0764,D08,3,3
H0764,D09,2,2
H0764,D10,3,3
H0764,D11,Not enough data available ,
H0764,D12,3,3
H0777,C01,Plan too new to be measured ,
H0777,C02,Plan too new to be measured ,
H0777,C03,Plan too new to be measured ,
H0777,C04,Plan too new to be measured ,
H0777,C05,Plan too new to be measured ,
H0777,C06,Plan too new to be measured ,
H0777,C07,Plan too new to be measured ,
H0777,C08,Plan too new to be measured ,
H0777,C09,Plan too new to be measured ,
H0777,C10,Plan too new to be measured ,
H0777,C11,Plan too new to be measured ,
H0777,C12,Plan too new to be measured ,
H0777,C13,Plan too new to be measured ,
H0777,C14,Plan too new to be measured ,
H0777,C15,Plan too new to be measured ,
H0777,C16,Plan too new to be measured ,
H0777,C17,Plan too new to be measured ,
H0777,C18,Plan too new to be measured ,
H0777,C19,Plan too new to be measured ,
H0777,C20,Plan too new to be measured ,
H0777,C21,Plan too new to be measured ,
H0777,C22,Plan too new to be measured ,
H0777,C23,Plan too new to be measured ,
H0777,C24,Plan too new to be measured ,
H0777,C25,Plan too new to be measured ,
H0777,C26,Plan too new to be measured ,
H0777,C27,Plan too new to be measured ,
H0777,C28,Plan too new to be measured ,
H0777,C29,Plan too new to be measured ,
H0777,C30,Plan too new to be measured ,
H0777,C31,Not enough data available ,
H0777,C32,Not enough data available ,
H0777,C33,Plan too new to be measured ,
H0777,D01,Plan too new to be measured ,
H0777,D02,Plan too new to be measured ,
H0777,D03,Plan too new to be measured ,
H0777,D04,Plan too new to be measured ,
H0777,D05,Plan too new to be measured ,
H0777,D06,Plan too new to be measured ,
H0777,D07,Plan too new to be measured ,
H0777,D08,Plan too new to be measured ,
H0777,D09,Plan too new to be measured ,
H0777,D10,Plan too new to be measured ,
H0777,D11,Plan too new to be measured ,
H0777,D12,Plan too new to be measured,
H0783,C01,3,3
H0783,C02,3,3
H0783,C03,3,3
H0783,C04,Plan too small to be measured ,
H0783,C05,Plan too small to be measured ,
H0783,C06,2,2
H0783,C07,Plan not required to report measure ,
H0783,C08,Plan not required to report measure ,
H0783,C09,Plan not required to report measure ,
H0783,C10,Not enough data available ,
H0783,C11,3,3
H0783,C12,3,3
H0783,C13,3,3
H0783,C14,3,3
H0783,C15,1,1
H0783,C16,1,1
H0783,C17,4,4
H0783,C18,1,1
H0783,C19,4,4
H0783,C20,4,4
H0783,C21,1,1
H0783,C22,3,3
H0783,C23,Not enough data available ,
H0783,C24,Not enough data available ,
H0783,C25,3,3
H0783,C26,1,1
H0783,C27,Not enough data available ,
H0783,C28,3,3
H0783,C29,1,1
H0783,C30,Not enough data available ,
H0783,C31,5,5
H0783,C32,5,5
H0783,C33,5,5
H0783,D01,5,5
H0783,D02,3,3
H0783,D03,1,1
H0783,D04,1,1
H0783,D05,4,4
H0783,D06,Not enough data available ,
H0783,D07,1,1
H0783,D08,2,2
H0783,D09,3,3
H0783,D10,2,2
H0783,D11,3,3
H0783,D12,2,2
H0816,C01,Plan too new to be measured ,
H0816,C02,Plan too new to be measured ,
H0816,C03,Plan too new to be measured ,
H0816,C04,Plan too new to be measured ,
H0816,C05,Plan too new to be measured ,
H0816,C06,Plan too new to be measured ,
H0816,C07,Plan not required to report measure ,
H0816,C08,Plan not required to report measure ,
H0816,C09,Plan not required to report measure ,
H0816,C10,Plan too new to be measured ,
H0816,C11,Plan too new to be measured ,
H0816,C12,Plan too new to be measured ,
H0816,C13,Plan too new to be measured ,
H0816,C14,Plan too new to be measured ,
H0816,C15,Plan too new to be measured ,
H0816,C16,Plan too new to be measured ,
H0816,C17,Plan too new to be measured ,
H0816,C18,Plan too new to be measured ,
H0816,C19,Plan too new to be measured ,
H0816,C20,Plan too new to be measured ,
H0816,C21,Plan too new to be measured ,
H0816,C22,Plan too new to be measured ,
H0816,C23,Plan too new to be measured ,
H0816,C24,Plan too new to be measured ,
H0816,C25,Plan too new to be measured ,
H0816,C26,Plan too new to be measured ,
H0816,C27,Plan too new to be measured ,
H0816,C28,Plan too new to be measured ,
H0816,C29,Plan too new to be measured ,
H0816,C30,Plan too new to be measured ,
H0816,C31,Not enough data available ,
H0816,C32,Not enough data available ,
H0816,C33,Plan too new to be measured ,
H0816,D01,Plan too new to be measured ,
H0816,D02,Plan too new to be measured ,
H0816,D03,Plan too new to be measured ,
H0816,D04,Plan too new to be measured ,
H0816,D05,Plan too new to be measured ,
H0816,D06,Plan too new to be measured ,
H0816,D07,Plan too new to be measured ,
H0816,D08,Plan too new to be measured ,
H0816,D09,Plan too new to be measured ,
H0816,D10,Plan too new to be measured ,
H0816,D11,Plan too new to be measured ,
H0816,D12,Plan too new to be measured,
H0885,C01,3,3
H0885,C02,4,4
H0885,C03,4,4
H0885,C04,1,1
H0885,C05,1,1
H0885,C06,3,3
H0885,C07,Plan not required to report measure ,
H0885,C08,Plan not required to report measure ,
H0885,C09,Plan not required to report measure ,
H0885,C10,4,4
H0885,C11,3,3
H0885,C12,3,3
H0885,C13,3,3
H0885,C14,3,3
H0885,C15,2,2
H0885,C16,1,1
H0885,C17,4,4
H0885,C18,1,1
H0885,C19,4,4
H0885,C20,3,3
H0885,C21,3,3
H0885,C22,4,4
H0885,C23,5,5
H0885,C24,3,3
H0885,C25,4,4
H0885,C26,4,4
H0885,C27,4,4
H0885,C28,4,4
H0885,C29,5,5
H0885,C30,5,5
H0885,C31,4,4
H0885,C32,5,5
H0885,C33,4,4
H0885,D01,4,4
H0885,D02,4,4
H0885,D03,5,5
H0885,D04,5,5
H0885,D05,2,2
H0885,D06,4,4
H0885,D07,5,5
H0885,D08,4,4
H0885,D09,4,4
H0885,D10,4,4
H0885,D11,4,4
H0885,D12,4,4
H0907,C01,2,2
H0907,C02,3,3
H0907,C03,2,2
H0907,C04,Not enough data available ,
H0907,C05,Not enough data available ,
H0907,C06,2,2
H0907,C07,3,3
H0907,C08,4,4
H0907,C09,3,3
H0907,C10,Not enough data available ,
H0907,C11,2,2
H0907,C12,3,3
H0907,C13,2,2
H0907,C14,3,3
H0907,C15,3,3
H0907,C16,2,2
H0907,C17,4,4
H0907,C18,2,2
H0907,C19,4,4
H0907,C20,3,3
H0907,C21,3,3
H0907,C22,2,2
H0907,C23,3,3
H0907,C24,1,1
H0907,C25,3,3
H0907,C26,2,2
H0907,C27,4,4
H0907,C28,4,4
H0907,C29,2,2
H0907,C30,1,1
H0907,C31,Not enough data available ,
H0907,C32,Not enough data available ,
H0907,C33,5,5
H0907,D01,5,5
H0907,D02,4,4
H0907,D03,2,2
H0907,D04,4,4
H0907,D05,3,3
H0907,D06,4,4
H0907,D07,5,5
H0907,D08,3,3
H0907,D09,2,2
H0907,D10,3,3
H0907,D11,4,4
H0907,D12,3,3
H0908,C01,2,2
H0908,C02,2,2
H0908,C03,1,1
H0908,C04,Not enough data available ,
H0908,C05,Not enough data available ,
H0908,C06,1,1
H0908,C07,4,4
H0908,C08,4,4
H0908,C09,4,4
H0908,C10,2,2
H0908,C11,2,2
H0908,C12,3,3
H0908,C13,3,3
H0908,C14,2,2
H0908,C15,2,2
H0908,C16,Not enough data available ,
H0908,C17,4,4
H0908,C18,3,3
H0908,C19,3,3
H0908,C20,3,3
H0908,C21,2,2
H0908,C22,3,3
H0908,C23,2,2
H0908,C24,1,1
H0908,C25,2,2
H0908,C26,1,1
H0908,C27,4,4
H0908,C28,2,2
H0908,C29,2,2
H0908,C30,3,3
H0908,C31,3,3
H0908,C32,5,5
H0908,C33,5,5
H0908,D01,5,5
H0908,D02,2,2
H0908,D03,2,2
H0908,D04,4,4
H0908,D05,1,1
H0908,D06,Not enough data available ,
H0908,D07,5,5
H0908,D08,4,4
H0908,D09,3,3
H0908,D10,4,4
H0908,D11,4,4
H0908,D12,3,3
H0913,C01,2,2
H0913,C02,2,2
H0913,C03,3,3
H0913,C04,Not enough data available ,
H0913,C05,Not enough data available ,
H0913,C06,4,4
H0913,C07,4,4
H0913,C08,5,5
H0913,C09,4,4
H0913,C10,Not enough data available ,
H0913,C11,2,2
H0913,C12,3,3
H0913,C13,3,3
H0913,C14,3,3
H0913,C15,5,5
H0913,C16,Not enough data available ,
H0913,C17,2,2
H0913,C18,3,3
H0913,C19,3,3
H0913,C20,2,2
H0913,C21,2,2
H0913,C22,4,4
H0913,C23,3,3
H0913,C24,1,1
H0913,C25,2,2
H0913,C26,2,2
H0913,C27,3,3
H0913,C28,3,3
H0913,C29,4,4
H0913,C30,4,4
H0913,C31,Not enough data available ,
H0913,C32,Not enough data available ,
H0913,C33,5,5
H0913,D01,5,5
H0913,D02,3,3
H0913,D03,4,4
H0913,D04,4,4
H0913,D05,2,2
H0913,D06,Not enough data available ,
H0913,D07,5,5
H0913,D08,3,3
H0913,D09,3,3
H0913,D10,2,2
H0913,D11,5,5
H0913,D12,4,4
H0963,C01,Plan too new to be measured ,
H0963,C02,Plan too new to be measured ,
H0963,C03,Plan too new to be measured ,
H0963,C04,Plan too new to be measured ,
H0963,C05,Plan too new to be measured ,
H0963,C06,Plan too new to be measured ,
H0963,C07,Plan too new to be measured ,
H0963,C08,Plan too new to be measured ,
H0963,C09,Plan too new to be measured ,
H0963,C10,Plan too new to be measured ,
H0963,C11,Plan too new to be measured ,
H0963,C12,Plan too new to be measured ,
H0963,C13,Plan too new to be measured ,
H0963,C14,Plan too new to be measured ,
H0963,C15,Plan too new to be measured ,
H0963,C16,Plan too new to be measured ,
H0963,C17,Plan too new to be measured ,
H0963,C18,Plan too new to be measured ,
H0963,C19,Plan too new to be measured ,
H0963,C20,Plan too new to be measured ,
H0963,C21,Plan too new to be measured ,
H0963,C22,Plan too new to be measured ,
H0963,C23,Plan too new to be measured ,
H0963,C24,Plan too new to be measured ,
H0963,C25,Plan too new to be measured ,
H0963,C26,Plan too new to be measured ,
H0963,C27,Plan too new to be measured ,
H0963,C28,Plan too new to be measured ,
H0963,C29,Plan too new to be measured ,
H0963,C30,Plan too new to be measured ,
H0963,C31,Not enough data available ,
H0963,C32,Not enough data available ,
H0963,C33,Plan too new to be measured ,
H0963,D01,Plan too new to be measured ,
H0963,D02,Plan too new to be measured ,
H0963,D03,Plan too new to be measured ,
H0963,D04,Plan too new to be measured ,
H0963,D05,Plan too new to be measured ,
H0963,D06,Plan too new to be measured ,
H0963,D07,Plan too new to be measured ,
H0963,D08,Plan too new to be measured ,
H0963,D09,Plan too new to be measured ,
H0963,D10,Plan too new to be measured ,
H0963,D11,Plan too new to be measured ,
H0963,D12,Plan too new to be measured,
H0976,C01,4,4
H0976,C02,4,4
H0976,C03,Plan too small to be measured ,
H0976,C04,Plan too new to be measured ,
H0976,C05,Plan too new to be measured ,
H0976,C06,Plan too new to be measured ,
H0976,C07,4,4
H0976,C08,4,4
H0976,C09,4,4
H0976,C10,4,4
H0976,C11,5,5
H0976,C12,3,3
H0976,C13,5,5
H0976,C14,5,5
H0976,C15,Plan too new to be measured ,
H0976,C16,Plan too new to be measured ,
H0976,C17,4,4
H0976,C18,4,4
H0976,C19,3,3
H0976,C20,3,3
H0976,C21,2,2
H0976,C22,Plan too small to be measured ,
H0976,C23,Plan too small to be measured ,
H0976,C24,Plan too small to be measured ,
H0976,C25,Plan too small to be measured ,
H0976,C26,Plan too small to be measured ,
H0976,C27,Plan too small to be measured ,
H0976,C28,4,4
H0976,C29,4,4
H0976,C30,Not enough data available ,
H0976,C31,5,5
H0976,C32,5,5
H0976,C33,4,4
H0976,D01,5,5
H0976,D02,4,4
H0976,D03,4,4
H0976,D04,Not enough data available ,
H0976,D05,Plan too small to be measured ,
H0976,D06,Plan too small to be measured ,
H0976,D07,5,5
H0976,D08,4,4
H0976,D09,3,3
H0976,D10,2,2
H0976,D11,4,4
H0976,D12,4,4
H0978,C01,4,4
H0978,C02,4,4
H0978,C03,2,2
H0978,C04,Plan too new to be measured ,
H0978,C05,Plan too new to be measured ,
H0978,C06,5,5
H0978,C07,4,4
H0978,C08,5,5
H0978,C09,5,5
H0978,C10,Not enough data available ,
H0978,C11,4,4
H0978,C12,3,3
H0978,C13,5,5
H0978,C14,5,5
H0978,C15,2,2
H0978,C16,Not enough data available ,
H0978,C17,5,5
H0978,C18,1,1
H0978,C19,5,5
H0978,C20,4,4
H0978,C21,3,3
H0978,C22,1,1
H0978,C23,Not enough data available ,
H0978,C24,4,4
H0978,C25,2,2
H0978,C26,4,4
H0978,C27,Not enough data available ,
H0978,C28,2,2
H0978,C29,4,4
H0978,C30,4,4
H0978,C31,Not enough data available ,
H0978,C32,Not enough data available ,
H0978,C33,4,4
H0978,D01,5,5
H0978,D02,2,2
H0978,D03,4,4
H0978,D04,4,4
H0978,D05,4,4
H0978,D06,4,4
H0978,D07,5,5
H0978,D08,4,4
H0978,D09,5,5
H0978,D10,4,4
H0978,D11,4,4
H0978,D12,5,5
H0982,C01,5,5
H0982,C02,5,5
H0982,C03,1,1
H0982,C04,Not enough data available ,
H0982,C05,Not enough data available ,
H0982,C06,5,5
H0982,C07,5,5
H0982,C08,4,4
H0982,C09,5,5
H0982,C10,Not enough data available ,
H0982,C11,4,4
H0982,C12,3,3
H0982,C13,5,5
H0982,C14,5,5
H0982,C15,5,5
H0982,C16,Not enough data available ,
H0982,C17,4,4
H0982,C18,3,3
H0982,C19,5,5
H0982,C20,2,2
H0982,C21,3,3
H0982,C22,3,3
H0982,C23,Not enough data available ,
H0982,C24,4,4
H0982,C25,5,5
H0982,C26,4,4
H0982,C27,5,5
H0982,C28,3,3
H0982,C29,2,2
H0982,C30,3,3
H0982,C31,Not enough data available ,
H0982,C32,Not enough data available ,
H0982,C33,3,3
H0982,D01,3,3
H0982,D02,3,3
H0982,D03,2,2
H0982,D04,2,2
H0982,D05,4,4
H0982,D06,Not enough data available ,
H0982,D07,5,5
H0982,D08,3,3
H0982,D09,3,3
H0982,D10,2,2
H0982,D11,4,4
H0982,D12,5,5
H1019,C01,5,5
H1019,C02,4,4
H1019,C03,1,1
H1019,C04,Not enough data available ,
H1019,C05,Not enough data available ,
H1019,C06,4,4
H1019,C07,4,4
H1019,C08,4,4
H1019,C09,5,5
H1019,C10,4,4
H1019,C11,5,5
H1019,C12,4,4
H1019,C13,5,5
H1019,C14,5,5
H1019,C15,4,4
H1019,C16,3,3
H1019,C17,5,5
H1019,C18,3,3
H1019,C19,4,4
H1019,C20,3,3
H1019,C21,4,4
H1019,C22,4,4
H1019,C23,4,4
H1019,C24,4,4
H1019,C25,5,5
H1019,C26,5,5
H1019,C27,3,3
H1019,C28,4,4
H1019,C29,3,3
H1019,C30,5,5
H1019,C31,5,5
H1019,C32,5,5
H1019,C33,5,5
H1019,D01,5,5
H1019,D02,4,4
H1019,D03,3,3
H1019,D04,2,2
H1019,D05,5,5
H1019,D06,2,2
H1019,D07,1,1
H1019,D08,4,4
H1019,D09,4,4
H1019,D10,4,4
H1019,D11,5,5
H1019,D12,5,5
H1032,C01,4,4
H1032,C02,4,4
H1032,C03,3,3
H1032,C04,Not enough data available ,
H1032,C05,Not enough data available ,
H1032,C06,3,3
H1032,C07,4,4
H1032,C08,5,5
H1032,C09,4,4
H1032,C10,2,2
H1032,C11,5,5
H1032,C12,4,4
H1032,C13,5,5
H1032,C14,4,4
H1032,C15,2,2
H1032,C16,Not enough data available ,
H1032,C17,5,5
H1032,C18,3,3
H1032,C19,3,3
H1032,C20,3,3
H1032,C21,4,4
H1032,C22,4,4
H1032,C23,4,4
H1032,C24,4,4
H1032,C25,3,3
H1032,C26,4,4
H1032,C27,3,3
H1032,C28,4,4
H1032,C29,2,2
H1032,C30,5,5
H1032,C31,3,3
H1032,C32,4,4
H1032,C33,5,5
H1032,D01,5,5
H1032,D02,4,4
H1032,D03,2,2
H1032,D04,3,3
H1032,D05,4,4
H1032,D06,Not enough data available ,
H1032,D07,5,5
H1032,D08,4,4
H1032,D09,4,4
H1032,D10,4,4
H1032,D11,5,5
H1032,D12,4,4
H1035,C01,4,4
H1035,C02,5,5
H1035,C03,3,3
H1035,C04,5,5
H1035,C05,5,5
H1035,C06,4,4
H1035,C07,Plan not required to report measure ,
H1035,C08,Plan not required to report measure ,
H1035,C09,Plan not required to report measure ,
H1035,C10,3,3
H1035,C11,3,3
H1035,C12,4,4
H1035,C13,4,4
H1035,C14,4,4
H1035,C15,3,3
H1035,C16,1,1
H1035,C17,3,3
H1035,C18,4,4
H1035,C19,2,2
H1035,C20,1,1
H1035,C21,4,4
H1035,C22,4,4
H1035,C23,5,5
H1035,C24,4,4
H1035,C25,4,4
H1035,C26,4,4
H1035,C27,4,4
H1035,C28,4,4
H1035,C29,4,4
H1035,C30,4,4
H1035,C31,4,4
H1035,C32,3,3
H1035,C33,4,4
H1035,D01,5,5
H1035,D02,4,4
H1035,D03,4,4
H1035,D04,4,4
H1035,D05,5,5
H1035,D06,5,5
H1035,D07,5,5
H1035,D08,3,3
H1035,D09,3,3
H1035,D10,3,3
H1035,D11,4,4
H1035,D12,3,3
H1036,C01,4,4
H1036,C02,5,5
H1036,C03,2,2
H1036,C04,3,3
H1036,C05,1,1
H1036,C06,3,3
H1036,C07,4,4
H1036,C08,4,4
H1036,C09,5,5
H1036,C10,4,4
H1036,C11,5,5
H1036,C12,4,4
H1036,C13,5,5
H1036,C14,4,4
H1036,C15,3,3
H1036,C16,3,3
H1036,C17,5,5
H1036,C18,3,3
H1036,C19,4,4
H1036,C20,4,4
H1036,C21,4,4
H1036,C22,4,4
H1036,C23,4,4
H1036,C24,4,4
H1036,C25,4,4
H1036,C26,5,5
H1036,C27,3,3
H1036,C28,4,4
H1036,C29,4,4
H1036,C30,4,4
H1036,C31,4,4
H1036,C32,4,4
H1036,C33,5,5
H1036,D01,5,5
H1036,D02,4,4
H1036,D03,4,4
H1036,D04,3,3
H1036,D05,5,5
H1036,D06,4,4
H1036,D07,1,1
H1036,D08,4,4
H1036,D09,4,4
H1036,D10,4,4
H1036,D11,3,3
H1036,D12,4,4
H1045,C01,4,4
H1045,C02,5,5
H1045,C03,2,2
H1045,C04,3,3
H1045,C05,4,4
H1045,C06,4,4
H1045,C07,4,4
H1045,C08,4,4
H1045,C09,5,5
H1045,C10,4,4
H1045,C11,5,5
H1045,C12,5,5
H1045,C13,4,4
H1045,C14,5,5
H1045,C15,3,3
H1045,C16,3,3
H1045,C17,4,4
H1045,C18,3,3
H1045,C19,3,3
H1045,C20,2,2
H1045,C21,4,4
H1045,C22,5,5
H1045,C23,5,5
H1045,C24,3,3
H1045,C25,4,4
H1045,C26,4,4
H1045,C27,4,4
H1045,C28,4,4
H1045,C29,4,4
H1045,C30,4,4
H1045,C31,5,5
H1045,C32,4,4
H1045,C33,5,5
H1045,D01,5,5
H1045,D02,4,4
H1045,D03,4,4
H1045,D04,4,4
H1045,D05,4,4
H1045,D06,4,4
H1045,D07,5,5
H1045,D08,3,3
H1045,D09,4,4
H1045,D10,4,4
H1045,D11,4,4
H1045,D12,4,4
H1099,C01,4,4
H1099,C02,5,5
H1099,C03,2,2
H1099,C04,3,3
H1099,C05,2,2
H1099,C06,4,4
H1099,C07,Plan not required to report measure ,
H1099,C08,Plan not required to report measure ,
H1099,C09,Plan not required to report measure ,
H1099,C10,4,4
H1099,C11,4,4
H1099,C12,5,5
H1099,C13,4,4
H1099,C14,5,5
H1099,C15,2,2
H1099,C16,3,3
H1099,C17,5,5
H1099,C18,3,3
H1099,C19,3,3
H1099,C20,5,5
H1099,C21,5,5
H1099,C22,4,4
H1099,C23,4,4
H1099,C24,5,5
H1099,C25,5,5
H1099,C26,5,5
H1099,C27,4,4
H1099,C28,5,5
H1099,C29,5,5
H1099,C30,5,5
H1099,C31,4,4
H1099,C32,4,4
H1099,C33,3,3
H1099,D01,3,3
H1099,D02,5,5
H1099,D03,5,5
H1099,D04,3,3
H1099,D05,5,5
H1099,D06,5,5
H1099,D07,5,5
H1099,D08,2,2
H1099,D09,3,3
H1099,D10,3,3
H1099,D11,4,4
H1099,D12,3,3
H1109,C01,3,3
H1109,C02,4,4
H1109,C03,4,4
H1109,C04,3,3
H1109,C05,5,5
H1109,C06,4,4
H1109,C07,Plan not required to report measure ,
H1109,C08,Plan not required to report measure ,
H1109,C09,Plan not required to report measure ,
H1109,C10,Not enough data available ,
H1109,C11,3,3
H1109,C12,5,5
H1109,C13,3,3
H1109,C14,4,4
H1109,C15,3,3
H1109,C16,Not enough data available ,
H1109,C17,5,5
H1109,C18,5,5
H1109,C19,5,5
H1109,C20,3,3
H1109,C21,4,4
H1109,C22,4,4
H1109,C23,Not enough data available ,
H1109,C24,5,5
H1109,C25,4,4
H1109,C26,4,4
H1109,C27,Not enough data available ,
H1109,C28,4,4
H1109,C29,4,4
H1109,C30,5,5
H1109,C31,Not enough data available ,
H1109,C32,Not enough data available ,
H1109,C33,4,4
H1109,D01,5,5
H1109,D02,4,4
H1109,D03,4,4
H1109,D04,5,5
H1109,D05,5,5
H1109,D06,5,5
H1109,D07,5,5
H1109,D08,3,3
H1109,D09,4,4
H1109,D10,3,3
H1109,D11,5,5
H1109,D12,3,3
H1112,C01,3,3
H1112,C02,3,3
H1112,C03,2,2
H1112,C04,3,3
H1112,C05,3,3
H1112,C06,4,4
H1112,C07,4,4
H1112,C08,4,4
H1112,C09,3,3
H1112,C10,2,2
H1112,C11,2,2
H1112,C12,3,3
H1112,C13,3,3
H1112,C14,2,2
H1112,C15,4,4
H1112,C16,1,1
H1112,C17,3,3
H1112,C18,4,4
H1112,C19,3,3
H1112,C20,3,3
H1112,C21,2,2
H1112,C22,4,4
H1112,C23,4,4
H1112,C24,3,3
H1112,C25,4,4
H1112,C26,4,4
H1112,C27,4,4
H1112,C28,4,4
H1112,C29,3,3
H1112,C30,5,5
H1112,C31,3,3
H1112,C32,3,3
H1112,C33,5,5
H1112,D01,5,5
H1112,D02,4,4
H1112,D03,3,3
H1112,D04,5,5
H1112,D05,4,4
H1112,D06,4,4
H1112,D07,5,5
H1112,D08,2,2
H1112,D09,3,3
H1112,D10,2,2
H1112,D11,5,5
H1112,D12,3,3
H1119,C01,Not enough data available ,
H1119,C02,4,4
H1119,C03,Plan too small to be measured ,
H1119,C04,Not enough data available ,
H1119,C05,Not enough data available ,
H1119,C06,No data available ,
H1119,C07,5,5
H1119,C08,5,5
H1119,C09,5,5
H1119,C10,Not enough data available ,
H1119,C11,4,4
H1119,C12,2,2
H1119,C13,5,5
H1119,C14,Not enough data available ,
H1119,C15,No data available ,
H1119,C16,No data available ,
H1119,C17,Not enough data available ,
H1119,C18,2,2
H1119,C19,Not enough data available ,
H1119,C20,Not enough data available ,
H1119,C21,4,4
H1119,C22,Plan too small to be measured ,
H1119,C23,Plan too small to be measured ,
H1119,C24,Plan too small to be measured ,
H1119,C25,Plan too small to be measured ,
H1119,C26,Plan too small to be measured ,
H1119,C27,Plan too small to be measured ,
H1119,C28,5,5
H1119,C29,5,5
H1119,C30,2,2
H1119,C31,Not enough data available ,
H1119,C32,Not enough data available ,
H1119,C33,3,3
H1119,D01,3,3
H1119,D02,5,5
H1119,D03,5,5
H1119,D04,3,3
H1119,D05,Plan too small to be measured ,
H1119,D06,Plan too small to be measured ,
H1119,D07,5,5
H1119,D08,4,4
H1119,D09,3,3
H1119,D10,5,5
H1119,D11,5,5
H1119,D12,3,3
H1170,C01,5,5
H1170,C02,5,5
H1170,C03,5,5
H1170,C04,3,3
H1170,C05,4,4
H1170,C06,5,5
H1170,C07,4,4
H1170,C08,5,5
H1170,C09,4,4
H1170,C10,5,5
H1170,C11,5,5
H1170,C12,5,5
H1170,C13,5,5
H1170,C14,4,4
H1170,C15,3,3
H1170,C16,4,4
H1170,C17,5,5
H1170,C18,2,2
H1170,C19,4,4
H1170,C20,5,5
H1170,C21,3,3
H1170,C22,3,3
H1170,C23,3,3
H1170,C24,3,3
H1170,C25,4,4
H1170,C26,5,5
H1170,C27,3,3
H1170,C28,4,4
H1170,C29,5,5
H1170,C30,3,3
H1170,C31,4,4
H1170,C32,5,5
H1170,C33,4,4
H1170,D01,4,4
H1170,D02,4,4
H1170,D03,5,5
H1170,D04,2,2
H1170,D05,5,5
H1170,D06,5,5
H1170,D07,5,5
H1170,D08,3,3
H1170,D09,3,3
H1170,D10,3,3
H1170,D11,4,4
H1170,D12,3,3
H1181,C01,1,1
H1181,C02,2,2
H1181,C03,1,1
H1181,C04,4,4
H1181,C05,5,5
H1181,C06,1,1
H1181,C07,Plan not required to report measure ,
H1181,C08,Plan not required to report measure ,
H1181,C09,Plan not required to report measure ,
H1181,C10,Benefit not offered by plan ,
H1181,C11,2,2
H1181,C12,4,4
H1181,C13,3,3
H1181,C14,3,3
H1181,C15,Not enough data available ,
H1181,C16,Not enough data available ,
H1181,C17,5,5
H1181,C18,No data available ,
H1181,C19,Benefit not offered by plan ,
H1181,C20,5,5
H1181,C21,4,4
H1181,C22,4,4
H1181,C23,5,5
H1181,C24,5,5
H1181,C25,2,2
H1181,C26,2,2
H1181,C27,5,5
H1181,C28,5,5
H1181,C29,4,4
H1181,C30,3,3
H1181,C31,5,5
H1181,C32,2,2
H1181,C33,Not enough data available ,
H1181,D01,Plan not required to report measure ,
H1181,D02,Plan not required to report measure ,
H1181,D03,Plan not required to report measure ,
H1181,D04,Plan not required to report measure ,
H1181,D05,Plan not required to report measure ,
H1181,D06,Plan not required to report measure ,
H1181,D07,Plan not required to report measure ,
H1181,D08,Plan not required to report measure ,
H1181,D09,Plan not required to report measure ,
H1181,D10,Plan not required to report measure ,
H1181,D11,Plan not required to report measure ,
H1181,D12,Plan not required to report measure,
H1189,C01,3,3
H1189,C02,5,5
H1189,C03,2,2
H1189,C04,5,5
H1189,C05,4,4
H1189,C06,3,3
H1189,C07,Plan not required to report measure ,
H1189,C08,Plan not required to report measure ,
H1189,C09,Plan not required to report measure ,
H1189,C10,Not enough data available ,
H1189,C11,3,3
H1189,C12,4,4
H1189,C13,4,4
H1189,C14,3,3
H1189,C15,2,2
H1189,C16,3,3
H1189,C17,2,2
H1189,C18,4,4
H1189,C19,1,1
H1189,C20,1,1
H1189,C21,2,2
H1189,C22,4,4
H1189,C23,4,4
H1189,C24,4,4
H1189,C25,5,5
H1189,C26,5,5
H1189,C27,5,5
H1189,C28,5,5
H1189,C29,5,5
H1189,C30,4,4
H1189,C31,3,3
H1189,C32,2,2
H1189,C33,5,5
H1189,D01,4,4
H1189,D02,5,5
H1189,D03,5,5
H1189,D04,5,5
H1189,D05,4,4
H1189,D06,2,2
H1189,D07,5,5
H1189,D08,2,2
H1189,D09,3,3
H1189,D10,2,2
H1189,D11,5,5
H1189,D12,2,2
H1206,C01,Not enough data available ,
H1206,C02,3,3
H1206,C03,Plan too small to be measured ,
H1206,C04,Plan too new to be measured ,
H1206,C05,Plan too new to be measured ,
H1206,C06,Plan too new to be measured ,
H1206,C07,No data available ,
H1206,C08,No data available ,
H1206,C09,No data available ,
H1206,C10,Not enough data available ,
H1206,C11,3,3
H1206,C12,4,4
H1206,C13,3,3
H1206,C14,4,4
H1206,C15,Plan too new to be measured ,
H1206,C16,Plan too new to be measured ,
H1206,C17,5,5
H1206,C18,No data available ,
H1206,C19,Not enough data available ,
H1206,C20,3,3
H1206,C21,Not enough data available ,
H1206,C22,Plan too small to be measured ,
H1206,C23,Plan too small to be measured ,
H1206,C24,Plan too small to be measured ,
H1206,C25,Plan too small to be measured ,
H1206,C26,Plan too small to be measured ,
H1206,C27,Plan too small to be measured ,
H1206,C28,Not enough data available ,
H1206,C29,Not enough data available ,
H1206,C30,Not enough data available ,
H1206,C31,Not enough data available ,
H1206,C32,Not enough data available ,
H1206,C33,4,4
H1206,D01,5,5
H1206,D02,Not enough data available ,
H1206,D03,Not enough data available ,
H1206,D04,Not enough data available ,
H1206,D05,Plan too small to be measured ,
H1206,D06,Plan too small to be measured ,
H1206,D07,5,5
H1206,D08,1,1
H1206,D09,3,3
H1206,D10,3,3
H1206,D11,Not enough data available ,
H1206,D12,5,5
H1212,C01,Plan too new to be measured ,
H1212,C02,Plan too new to be measured ,
H1212,C03,Plan too new to be measured ,
H1212,C04,Plan too new to be measured ,
H1212,C05,Plan too new to be measured ,
H1212,C06,Plan too new to be measured ,
H1212,C07,Plan too new to be measured ,
H1212,C08,Plan too new to be measured ,
H1212,C09,Plan too new to be measured ,
H1212,C10,Plan too new to be measured ,
H1212,C11,Plan too new to be measured ,
H1212,C12,Plan too new to be measured ,
H1212,C13,Plan too new to be measured ,
H1212,C14,Plan too new to be measured ,
H1212,C15,Plan too new to be measured ,
H1212,C16,Plan too new to be measured ,
H1212,C17,Plan too new to be measured ,
H1212,C18,Plan too new to be measured ,
H1212,C19,Plan too new to be measured ,
H1212,C20,Plan too new to be measured ,
H1212,C21,Plan too new to be measured ,
H1212,C22,Plan too new to be measured ,
H1212,C23,Plan too new to be measured ,
H1212,C24,Plan too new to be measured ,
H1212,C25,Plan too new to be measured ,
H1212,C26,Plan too new to be measured ,
H1212,C27,Plan too new to be measured ,
H1212,C28,Plan too new to be measured ,
H1212,C29,Plan too new to be measured ,
H1212,C30,Plan too new to be measured ,
H1212,C31,Not enough data available ,
H1212,C32,Not enough data available ,
H1212,C33,Plan too new to be measured ,
H1212,D01,Plan too new to be measured ,
H1212,D02,Plan too new to be measured ,
H1212,D03,Plan too new to be measured ,
H1212,D04,Plan too new to be measured ,
H1212,D05,Plan too new to be measured ,
H1212,D06,Plan too new to be measured ,
H1212,D07,Plan too new to be measured ,
H1212,D08,Plan too new to be measured ,
H1212,D09,Plan too new to be measured ,
H1212,D10,Plan too new to be measured ,
H1212,D11,Plan too new to be measured ,
H1212,D12,Plan too new to be measured,
H1215,C01,2,2
H1215,C02,3,3
H1215,C03,2,2
H1215,C04,Plan too new to be measured ,
H1215,C05,Plan too new to be measured ,
H1215,C06,1,1
H1215,C07,4,4
H1215,C08,3,3
H1215,C09,4,4
H1215,C10,Not enough data available ,
H1215,C11,2,2
H1215,C12,3,3
H1215,C13,3,3
H1215,C14,3,3
H1215,C15,Not enough data available ,
H1215,C16,Not enough data available ,
H1215,C17,3,3
H1215,C18,3,3
H1215,C19,5,5
H1215,C20,2,2
H1215,C21,3,3
H1215,C22,4,4
H1215,C23,4,4
H1215,C24,2,2
H1215,C25,3,3
H1215,C26,1,1
H1215,C27,4,4
H1215,C28,3,3
H1215,C29,4,4
H1215,C30,3,3
H1215,C31,Not enough data available ,
H1215,C32,Not enough data available ,
H1215,C33,5,5
H1215,D01,5,5
H1215,D02,3,3
H1215,D03,4,4
H1215,D04,3,3
H1215,D05,1,1
H1215,D06,3,3
H1215,D07,5,5
H1215,D08,3,3
H1215,D09,3,3
H1215,D10,4,4
H1215,D11,4,4
H1215,D12,3,3
H1224,C01,2,2
H1224,C02,3,3
H1224,C03,4,4
H1224,C04,Plan too new to be measured ,
H1224,C05,Plan too new to be measured ,
H1224,C06,5,5
H1224,C07,2,2
H1224,C08,2,2
H1224,C09,2,2
H1224,C10,3,3
H1224,C11,4,4
H1224,C12,3,3
H1224,C13,4,4
H1224,C14,3,3
H1224,C15,5,5
H1224,C16,2,2
H1224,C17,1,1
H1224,C18,1,1
H1224,C19,3,3
H1224,C20,1,1
H1224,C21,2,2
H1224,C22,2,2
H1224,C23,2,2
H1224,C24,1,1
H1224,C25,3,3
H1224,C26,4,4
H1224,C27,1,1
H1224,C28,3,3
H1224,C29,5,5
H1224,C30,3,3
H1224,C31,3,3
H1224,C32,2,2
H1224,C33,4,4
H1224,D01,5,5
H1224,D02,3,3
H1224,D03,5,5
H1224,D04,5,5
H1224,D05,4,4
H1224,D06,2,2
H1224,D07,5,5
H1224,D08,4,4
H1224,D09,3,3
H1224,D10,2,2
H1224,D11,4,4
H1224,D12,4,4
H1225,C01,4,4
H1225,C02,4,4
H1225,C03,5,5
H1225,C04,4,4
H1225,C05,4,4
H1225,C06,4,4
H1225,C07,5,5
H1225,C08,4,4
H1225,C09,3,3
H1225,C10,4,4
H1225,C11,3,3
H1225,C12,4,4
H1225,C13,4,4
H1225,C14,4,4
H1225,C15,3,3
H1225,C16,1,1
H1225,C17,3,3
H1225,C18,3,3
H1225,C19,4,4
H1225,C20,3,3
H1225,C21,3,3
H1225,C22,2,2
H1225,C23,2,2
H1225,C24,3,3
H1225,C25,4,4
H1225,C26,4,4
H1225,C27,4,4
H1225,C28,4,4
H1225,C29,4,4
H1225,C30,5,5
H1225,C31,5,5
H1225,C32,5,5
H1225,C33,3,3
H1225,D01,4,4
H1225,D02,4,4
H1225,D03,4,4
H1225,D04,3,3
H1225,D05,3,3
H1225,D06,2,2
H1225,D07,4,4
H1225,D08,3,3
H1225,D09,2,2
H1225,D10,3,3
H1225,D11,4,4
H1225,D12,3,3
H1230,C01,5,5
H1230,C02,5,5
H1230,C03,5,5
H1230,C04,3,3
H1230,C05,2,2
H1230,C06,3,3
H1230,C07,Plan not required to report measure ,
H1230,C08,Plan not required to report measure ,
H1230,C09,Plan not required to report measure ,
H1230,C10,5,5
H1230,C11,5,5
H1230,C12,4,4
H1230,C13,5,5
H1230,C14,4,4
H1230,C15,2,2
H1230,C16,3,3
H1230,C17,5,5
H1230,C18,3,3
H1230,C19,3,3
H1230,C20,5,5
H1230,C21,3,3
H1230,C22,3,3
H1230,C23,3,3
H1230,C24,5,5
H1230,C25,4,4
H1230,C26,5,5
H1230,C27,2,2
H1230,C28,5,5
H1230,C29,5,5
H1230,C30,5,5
H1230,C31,5,5
H1230,C32,3,3
H1230,C33,4,4
H1230,D01,4,4
H1230,D02,5,5
H1230,D03,5,5
H1230,D04,5,5
H1230,D05,5,5
H1230,D06,5,5
H1230,D07,5,5
H1230,D08,5,5
H1230,D09,5,5
H1230,D10,5,5
H1230,D11,5,5
H1230,D12,4,4
H1248,C01,5,5
H1248,C02,5,5
H1248,C03,4,4
H1248,C04,3,3
H1248,C05,3,3
H1248,C06,3,3
H1248,C07,Plan not required to report measure ,
H1248,C08,Plan not required to report measure ,
H1248,C09,Plan not required to report measure ,
H1248,C10,2,2
H1248,C11,4,4
H1248,C12,3,3
H1248,C13,3,3
H1248,C14,5,5
H1248,C15,2,2
H1248,C16,4,4
H1248,C17,4,4
H1248,C18,4,4
H1248,C19,2,2
H1248,C20,4,4
H1248,C21,3,3
H1248,C22,5,5
H1248,C23,4,4
H1248,C24,5,5
H1248,C25,5,5
H1248,C26,5,5
H1248,C27,4,4
H1248,C28,5,5
H1248,C29,5,5
H1248,C30,4,4
H1248,C31,3,3
H1248,C32,2,2
H1248,C33,4,4
H1248,D01,4,4
H1248,D02,5,5
H1248,D03,5,5
H1248,D04,4,4
H1248,D05,5,5
H1248,D06,4,4
H1248,D07,4,4
H1248,D08,4,4
H1248,D09,4,4
H1248,D10,4,4
H1248,D11,4,4
H1248,D12,3,3
H1278,C01,4,4
H1278,C02,4,4
H1278,C03,3,3
H1278,C04,3,3
H1278,C05,3,3
H1278,C06,4,4
H1278,C07,Plan not required to report measure ,
H1278,C08,Plan not required to report measure ,
H1278,C09,Plan not required to report measure ,
H1278,C10,2,2
H1278,C11,5,5
H1278,C12,5,5
H1278,C13,4,4
H1278,C14,4,4
H1278,C15,2,2
H1278,C16,3,3
H1278,C17,3,3
H1278,C18,2,2
H1278,C19,2,2
H1278,C20,2,2
H1278,C21,2,2
H1278,C22,4,4
H1278,C23,Not enough data available ,
H1278,C24,3,3
H1278,C25,3,3
H1278,C26,2,2
H1278,C27,3,3
H1278,C28,4,4
H1278,C29,2,2
H1278,C30,4,4
H1278,C31,5,5
H1278,C32,5,5
H1278,C33,5,5
H1278,D01,5,5
H1278,D02,4,4
H1278,D03,2,2
H1278,D04,4,4
H1278,D05,2,2
H1278,D06,4,4
H1278,D07,5,5
H1278,D08,3,3
H1278,D09,4,4
H1278,D10,4,4
H1278,D11,3,3
H1278,D12,3,3
H1280,C01,Plan too small to be measured ,
H1280,C02,Plan too small to be measured ,
H1280,C03,Plan too small to be measured ,
H1280,C04,Plan too new to be measured ,
H1280,C05,Plan too new to be measured ,
H1280,C06,Plan too small to be measured ,
H1280,C07,Plan not required to report measure ,
H1280,C08,Plan not required to report measure ,
H1280,C09,Plan not required to report measure ,
H1280,C10,Plan too small to be measured ,
H1280,C11,Plan too small to be measured ,
H1280,C12,Plan too small to be measured ,
H1280,C13,Plan too small to be measured ,
H1280,C14,Plan too small to be measured ,
H1280,C15,Plan too small to be measured ,
H1280,C16,Plan too small to be measured ,
H1280,C17,Plan too small to be measured ,
H1280,C18,Plan too small to be measured ,
H1280,C19,Plan too small to be measured ,
H1280,C20,Plan too small to be measured ,
H1280,C21,Plan too small to be measured ,
H1280,C22,Plan too small to be measured ,
H1280,C23,Plan too small to be measured ,
H1280,C24,Plan too small to be measured ,
H1280,C25,Plan too small to be measured ,
H1280,C26,Plan too small to be measured ,
H1280,C27,Plan too small to be measured ,
H1280,C28,Not enough data available ,
H1280,C29,Not enough data available ,
H1280,C30,Not enough data available ,
H1280,C31,Not enough data available ,
H1280,C32,Not enough data available ,
H1280,C33,5,5
H1280,D01,5,5
H1280,D02,Not enough data available ,
H1280,D03,Not enough data available ,
H1280,D04,Not enough data available ,
H1280,D05,Plan too small to be measured ,
H1280,D06,Plan too small to be measured ,
H1280,D07,5,5
H1280,D08,Not enough data available ,
H1280,D09,Not enough data available ,
H1280,D10,1,1
H1280,D11,Not enough data available ,
H1280,D12,Not enough data available,
H1285,C01,Plan too new to be measured ,
H1285,C02,Plan too new to be measured ,
H1285,C03,Plan too new to be measured ,
H1285,C04,Plan too new to be measured ,
H1285,C05,Plan too new to be measured ,
H1285,C06,Plan too new to be measured ,
H1285,C07,Plan too new to be measured ,
H1285,C08,Plan too new to be measured ,
H1285,C09,Plan too new to be measured ,
H1285,C10,Plan too new to be measured ,
H1285,C11,Plan too new to be measured ,
H1285,C12,Plan too new to be measured ,
H1285,C13,Plan too new to be measured ,
H1285,C14,Plan too new to be measured ,
H1285,C15,Plan too new to be measured ,
H1285,C16,Plan too new to be measured ,
H1285,C17,Plan too new to be measured ,
H1285,C18,Plan too new to be measured ,
H1285,C19,Plan too new to be measured ,
H1285,C20,Plan too new to be measured ,
H1285,C21,Plan too new to be measured ,
H1285,C22,Plan too new to be measured ,
H1285,C23,Plan too new to be measured ,
H1285,C24,Plan too new to be measured ,
H1285,C25,Plan too new to be measured ,
H1285,C26,Plan too new to be measured ,
H1285,C27,Plan too new to be measured ,
H1285,C28,Plan too new to be measured ,
H1285,C29,Not enough data available ,
H1285,C30,Plan too new to be measured ,
H1285,C31,Not enough data available ,
H1285,C32,Not enough data available ,
H1285,C33,5,5
H1285,D01,5,5
H1285,D02,Plan too new to be measured ,
H1285,D03,Not enough data available ,
H1285,D04,Plan too new to be measured ,
H1285,D05,Plan too new to be measured ,
H1285,D06,Plan too new to be measured ,
H1285,D07,Plan too new to be measured ,
H1285,D08,Plan too new to be measured ,
H1285,D09,Plan too new to be measured ,
H1285,D10,Plan too new to be measured ,
H1285,D11,Plan too new to be measured ,
H1285,D12,Plan too new to be measured,
H1290,C01,5,5
H1290,C02,5,5
H1290,C03,1,1
H1290,C04,Not enough data available ,
H1290,C05,Not enough data available ,
H1290,C06,5,5
H1290,C07,5,5
H1290,C08,5,5
H1290,C09,5,5
H1290,C10,5,5
H1290,C11,5,5
H1290,C12,4,4
H1290,C13,5,5
H1290,C14,5,5
H1290,C15,4,4
H1290,C16,Not enough data available ,
H1290,C17,5,5
H1290,C18,3,3
H1290,C19,5,5
H1290,C20,4,4
H1290,C21,5,5
H1290,C22,4,4
H1290,C23,4,4
H1290,C24,5,5
H1290,C25,5,5
H1290,C26,5,5
H1290,C27,4,4
H1290,C28,4,4
H1290,C29,2,2
H1290,C30,5,5
H1290,C31,5,5
H1290,C32,5,5
H1290,C33,4,4
H1290,D01,5,5
H1290,D02,4,4
H1290,D03,2,2
H1290,D04,3,3
H1290,D05,4,4
H1290,D06,4,4
H1290,D07,5,5
H1290,D08,4,4
H1290,D09,5,5
H1290,D10,4,4
H1290,D11,4,4
H1290,D12,5,5
H1302,C01,2,2
H1302,C02,3,3
H1302,C03,2,2
H1302,C04,2,2
H1302,C05,3,3
H1302,C06,2,2
H1302,C07,Plan not required to report measure ,
H1302,C08,Plan not required to report measure ,
H1302,C09,Plan not required to report measure ,
H1302,C10,Benefit not offered by plan ,
H1302,C11,2,2
H1302,C12,4,4
H1302,C13,2,2
H1302,C14,2,2
H1302,C15,1,1
H1302,C16,3,3
H1302,C17,4,4
H1302,C18,No data available ,
H1302,C19,Benefit not offered by plan ,
H1302,C20,3,3
H1302,C21,1,1
H1302,C22,4,4
H1302,C23,4,4
H1302,C24,4,4
H1302,C25,4,4
H1302,C26,3,3
H1302,C27,4,4
H1302,C28,5,5
H1302,C29,5,5
H1302,C30,4,4
H1302,C31,Not enough data available ,
H1302,C32,Not enough data available ,
H1302,C33,3,3
H1302,D01,Not enough data available ,
H1302,D02,5,5
H1302,D03,5,5
H1302,D04,Not enough data available ,
H1302,D05,Plan too small to be measured ,
H1302,D06,Plan too small to be measured ,
H1302,D07,Not enough data available ,
H1302,D08,Not enough data available ,
H1302,D09,Not enough data available ,
H1302,D10,Not enough data available ,
H1302,D11,Not required to report ,
H1302,D12,Not enough data available,
H1304,C01,4,4
H1304,C02,5,5
H1304,C03,2,2
H1304,C04,4,4
H1304,C05,4,4
H1304,C06,3,3
H1304,C07,Plan not required to report measure ,
H1304,C08,Plan not required to report measure ,
H1304,C09,Plan not required to report measure ,
H1304,C10,Not enough data available ,
H1304,C11,4,4
H1304,C12,3,3
H1304,C13,3,3
H1304,C14,2,2
H1304,C15,1,1
H1304,C16,2,2
H1304,C17,3,3
H1304,C18,4,4
H1304,C19,2,2
H1304,C20,3,3
H1304,C21,3,3
H1304,C22,4,4
H1304,C23,3,3
H1304,C24,5,5
H1304,C25,2,2
H1304,C26,2,2
H1304,C27,3,3
H1304,C28,5,5
H1304,C29,5,5
H1304,C30,3,3
H1304,C31,5,5
H1304,C32,5,5
H1304,C33,5,5
H1304,D01,5,5
H1304,D02,5,5
H1304,D03,5,5
H1304,D04,3,3
H1304,D05,2,2
H1304,D06,4,4
H1304,D07,5,5
H1304,D08,3,3
H1304,D09,3,3
H1304,D10,3,3
H1304,D11,2,2
H1304,D12,1,1
H1339,C01,Plan too small to be measured ,
H1339,C02,Plan too small to be measured ,
H1339,C03,Plan too small to be measured ,
H1339,C04,Plan too new to be measured ,
H1339,C05,Plan too new to be measured ,
H1339,C06,Plan too new to be measured ,
H1339,C07,Plan not required to report measure ,
H1339,C08,Plan not required to report measure ,
H1339,C09,Plan not required to report measure ,
H1339,C10,Plan too small to be measured ,
H1339,C11,Plan too small to be measured ,
H1339,C12,Plan too small to be measured ,
H1339,C13,Plan too small to be measured ,
H1339,C14,Plan too small to be measured ,
H1339,C15,Plan too new to be measured ,
H1339,C16,Plan too new to be measured ,
H1339,C17,Plan too small to be measured ,
H1339,C18,Plan too small to be measured ,
H1339,C19,Plan too small to be measured ,
H1339,C20,Plan too small to be measured ,
H1339,C21,Plan too small to be measured ,
H1339,C22,Plan too small to be measured ,
H1339,C23,Plan too small to be measured ,
H1339,C24,Plan too small to be measured ,
H1339,C25,Plan too small to be measured ,
H1339,C26,Plan too small to be measured ,
H1339,C27,Plan too small to be measured ,
H1339,C28,Not enough data available ,
H1339,C29,Not enough data available ,
H1339,C30,Not enough data available ,
H1339,C31,Not enough data available ,
H1339,C32,Not enough data available ,
H1339,C33,3,3
H1339,D01,4,4
H1339,D02,Not enough data available ,
H1339,D03,Not enough data available ,
H1339,D04,Not enough data available ,
H1339,D05,Plan too small to be measured ,
H1339,D06,Plan too small to be measured ,
H1339,D07,1,1
H1339,D08,Not enough data available ,
H1339,D09,Not enough data available ,
H1339,D10,Not enough data available ,
H1339,D11,Not enough data available ,
H1339,D12,Not enough data available,
H1347,C01,Not enough data available ,
H1347,C02,3,3
H1347,C03,1,1
H1347,C04,Plan too new to be measured ,
H1347,C05,Plan too new to be measured ,
H1347,C06,2,2
H1347,C07,Plan not required to report measure ,
H1347,C08,Plan not required to report measure ,
H1347,C09,Plan not required to report measure ,
H1347,C10,Not enough data available ,
H1347,C11,2,2
H1347,C12,4,4
H1347,C13,3,3
H1347,C14,2,2
H1347,C15,1,1
H1347,C16,3,3
H1347,C17,4,4
H1347,C18,No data available ,
H1347,C19,5,5
H1347,C20,3,3
H1347,C21,Not enough data available ,
H1347,C22,5,5
H1347,C23,4,4
H1347,C24,5,5
H1347,C25,4,4
H1347,C26,3,3
H1347,C27,5,5
H1347,C28,5,5
H1347,C29,4,4
H1347,C30,Not enough data available ,
H1347,C31,Not enough data available ,
H1347,C32,Not enough data available ,
H1347,C33,5,5
H1347,D01,4,4
H1347,D02,5,5
H1347,D03,4,4
H1347,D04,Not enough data available ,
H1347,D05,3,3
H1347,D06,3,3
H1347,D07,5,5
H1347,D08,1,1
H1347,D09,2,2
H1347,D10,1,1
H1347,D11,2,2
H1347,D12,1,1
H1350,C01,3,3
H1350,C02,4,4
H1350,C03,2,2
H1350,C04,4,4
H1350,C05,3,3
H1350,C06,2,2
H1350,C07,Plan not required to report measure ,
H1350,C08,Plan not required to report measure ,
H1350,C09,Plan not required to report measure ,
H1350,C10,2,2
H1350,C11,3,3
H1350,C12,4,4
H1350,C13,3,3
H1350,C14,3,3
H1350,C15,2,2
H1350,C16,2,2
H1350,C17,4,4
H1350,C18,4,4
H1350,C19,2,2
H1350,C20,4,4
H1350,C21,2,2
H1350,C22,5,5
H1350,C23,4,4
H1350,C24,4,4
H1350,C25,4,4
H1350,C26,4,4
H1350,C27,4,4
H1350,C28,5,5
H1350,C29,5,5
H1350,C30,4,4
H1350,C31,4,4
H1350,C32,2,2
H1350,C33,3,3
H1350,D01,3,3
H1350,D02,5,5
H1350,D03,5,5
H1350,D04,2,2
H1350,D05,2,2
H1350,D06,4,4
H1350,D07,5,5
H1350,D08,2,2
H1350,D09,3,3
H1350,D10,3,3
H1350,D11,4,4
H1350,D12,1,1
H1360,C01,3,3
H1360,C02,3,3
H1360,C03,1,1
H1360,C04,Not enough data available ,
H1360,C05,Not enough data available ,
H1360,C06,4,4
H1360,C07,3,3
H1360,C08,5,5
H1360,C09,4,4
H1360,C10,Not enough data available ,
H1360,C11,5,5
H1360,C12,3,3
H1360,C13,5,5
H1360,C14,3,3
H1360,C15,4,4
H1360,C16,2,2
H1360,C17,4,4
H1360,C18,1,1
H1360,C19,4,4
H1360,C20,1,1
H1360,C21,2,2
H1360,C22,2,2
H1360,C23,3,3
H1360,C24,2,2
H1360,C25,4,4
H1360,C26,4,4
H1360,C27,Not enough data available ,
H1360,C28,3,3
H1360,C29,1,1
H1360,C30,3,3
H1360,C31,5,5
H1360,C32,3,3
H1360,C33,5,5
H1360,D01,5,5
H1360,D02,3,3
H1360,D03,1,1
H1360,D04,3,3
H1360,D05,4,4
H1360,D06,Not enough data available ,
H1360,D07,5,5
H1360,D08,3,3
H1360,D09,3,3
H1360,D10,2,2
H1360,D11,Not enough data available ,
H1360,D12,4,4
H1365,C01,3,3
H1365,C02,3,3
H1365,C03,4,4
H1365,C04,2,2
H1365,C05,5,5
H1365,C06,3,3
H1365,C07,Plan not required to report measure ,
H1365,C08,Plan not required to report measure ,
H1365,C09,Plan not required to report measure ,
H1365,C10,Not enough data available ,
H1365,C11,3,3
H1365,C12,3,3
H1365,C13,2,2
H1365,C14,4,4
H1365,C15,2,2
H1365,C16,3,3
H1365,C17,4,4
H1365,C18,1,1
H1365,C19,3,3
H1365,C20,5,5
H1365,C21,3,3
H1365,C22,3,3
H1365,C23,2,2
H1365,C24,3,3
H1365,C25,3,3
H1365,C26,4,4
H1365,C27,5,5
H1365,C28,4,4
H1365,C29,5,5
H1365,C30,3,3
H1365,C31,Not enough data available ,
H1365,C32,Not enough data available ,
H1365,C33,5,5
H1365,D01,5,5
H1365,D02,4,4
H1365,D03,5,5
H1365,D04,3,3
H1365,D05,2,2
H1365,D06,3,3
H1365,D07,5,5
H1365,D08,4,4
H1365,D09,4,4
H1365,D10,4,4
H1365,D11,3,3
H1365,D12,2,2
H1372,C01,Not enough data available ,
H1372,C02,Not enough data available ,
H1372,C03,Plan too small to be measured ,
H1372,C04,Not enough data available ,
H1372,C05,Not enough data available ,
H1372,C06,No data available ,
H1372,C07,5,5
H1372,C08,5,5
H1372,C09,5,5
H1372,C10,Not enough data available ,
H1372,C11,Not enough data available ,
H1372,C12,Not enough data available ,
H1372,C13,Not enough data available ,
H1372,C14,Not enough data available ,
H1372,C15,No data available ,
H1372,C16,No data available ,
H1372,C17,Not enough data available ,
H1372,C18,No data available ,
H1372,C19,Not enough data available ,
H1372,C20,Not enough data available ,
H1372,C21,4,4
H1372,C22,Plan too small to be measured ,
H1372,C23,Plan too small to be measured ,
H1372,C24,Plan too small to be measured ,
H1372,C25,Plan too small to be measured ,
H1372,C26,Plan too small to be measured ,
H1372,C27,Plan too small to be measured ,
H1372,C28,Not enough data available ,
H1372,C29,Not enough data available ,
H1372,C30,Not enough data available ,
H1372,C31,5,5
H1372,C32,3,3
H1372,C33,4,4
H1372,D01,4,4
H1372,D02,Not enough data available ,
H1372,D03,Not enough data available ,
H1372,D04,3,3
H1372,D05,Plan too small to be measured ,
H1372,D06,Plan too small to be measured ,
H1372,D07,5,5
H1372,D08,5,5
H1372,D09,2,2
H1372,D10,5,5
H1372,D11,5,5
H1372,D12,5,5
H1395,C01,2,2
H1395,C02,3,3
H1395,C03,3,3
H1395,C04,Plan too new to be measured ,
H1395,C05,Plan too new to be measured ,
H1395,C06,1,1
H1395,C07,4,4
H1395,C08,3,3
H1395,C09,4,4
H1395,C10,Not enough data available ,
H1395,C11,1,1
H1395,C12,3,3
H1395,C13,3,3
H1395,C14,3,3
H1395,C15,2,2
H1395,C16,3,3
H1395,C17,3,3
H1395,C18,1,1
H1395,C19,1,1
H1395,C20,2,2
H1395,C21,3,3
H1395,C22,4,4
H1395,C23,4,4
H1395,C24,3,3
H1395,C25,1,1
H1395,C26,1,1
H1395,C27,3,3
H1395,C28,3,3
H1395,C29,2,2
H1395,C30,3,3
H1395,C31,Not enough data available ,
H1395,C32,Not enough data available ,
H1395,C33,5,5
H1395,D01,5,5
H1395,D02,3,3
H1395,D03,2,2
H1395,D04,3,3
H1395,D05,1,1
H1395,D06,2,2
H1395,D07,5,5
H1395,D08,3,3
H1395,D09,4,4
H1395,D10,4,4
H1395,D11,3,3
H1395,D12,3,3
H1396,C01,Plan too new to be measured ,
H1396,C02,Plan too new to be measured ,
H1396,C03,Plan too new to be measured ,
H1396,C04,Plan too new to be measured ,
H1396,C05,Plan too new to be measured ,
H1396,C06,Plan too new to be measured ,
H1396,C07,Plan too new to be measured ,
H1396,C08,Plan too new to be measured ,
H1396,C09,Plan too new to be measured ,
H1396,C10,Plan too new to be measured ,
H1396,C11,Plan too new to be measured ,
H1396,C12,Plan too new to be measured ,
H1396,C13,Plan too new to be measured ,
H1396,C14,Plan too new to be measured ,
H1396,C15,Plan too new to be measured ,
H1396,C16,Plan too new to be measured ,
H1396,C17,Plan too new to be measured ,
H1396,C18,Plan too new to be measured ,
H1396,C19,Plan too new to be measured ,
H1396,C20,Plan too new to be measured ,
H1396,C21,Plan too new to be measured ,
H1396,C22,Plan too new to be measured ,
H1396,C23,Plan too new to be measured ,
H1396,C24,Plan too new to be measured ,
H1396,C25,Plan too new to be measured ,
H1396,C26,Plan too new to be measured ,
H1396,C27,Plan too new to be measured ,
H1396,C28,Plan too new to be measured ,
H1396,C29,Plan too new to be measured ,
H1396,C30,Plan too new to be measured ,
H1396,C31,Not enough data available ,
H1396,C32,Not enough data available ,
H1396,C33,Plan too new to be measured ,
H1396,D01,Plan too new to be measured ,
H1396,D02,Plan too new to be measured ,
H1396,D03,Plan too new to be measured ,
H1396,D04,Plan too new to be measured ,
H1396,D05,Plan too new to be measured ,
H1396,D06,Plan too new to be measured ,
H1396,D07,Plan too new to be measured ,
H1396,D08,Plan too new to be measured ,
H1396,D09,Plan too new to be measured ,
H1396,D10,Plan too new to be measured ,
H1396,D11,Plan too new to be measured ,
H1396,D12,Plan too new to be measured,
H1416,C01,2,2
H1416,C02,3,3
H1416,C03,3,3
H1416,C04,Not enough data available ,
H1416,C05,Not enough data available ,
H1416,C06,3,3
H1416,C07,3,3
H1416,C08,4,4
H1416,C09,3,3
H1416,C10,2,2
H1416,C11,3,3
H1416,C12,3,3
H1416,C13,3,3
H1416,C14,2,2
H1416,C15,3,3
H1416,C16,1,1
H1416,C17,3,3
H1416,C18,2,2
H1416,C19,2,2
H1416,C20,3,3
H1416,C21,2,2
H1416,C22,4,4
H1416,C23,Not enough data available ,
H1416,C24,4,4
H1416,C25,2,2
H1416,C26,3,3
H1416,C27,4,4
H1416,C28,4,4
H1416,C29,3,3
H1416,C30,4,4
H1416,C31,3,3
H1416,C32,3,3
H1416,C33,5,5
H1416,D01,5,5
H1416,D02,4,4
H1416,D03,3,3
H1416,D04,5,5
H1416,D05,4,4
H1416,D06,3,3
H1416,D07,5,5
H1416,D08,2,2
H1416,D09,2,2
H1416,D10,2,2
H1416,D11,4,4
H1416,D12,3,3
H1423,C01,4,4
H1423,C02,3,3
H1423,C03,5,5
H1423,C04,2,2
H1423,C05,1,1
H1423,C06,4,4
H1423,C07,1,1
H1423,C08,5,5
H1423,C09,4,4
H1423,C10,Not enough data available ,
H1423,C11,5,5
H1423,C12,3,3
H1423,C13,5,5
H1423,C14,4,4
H1423,C15,2,2
H1423,C16,2,2
H1423,C17,4,4
H1423,C18,4,4
H1423,C19,3,3
H1423,C20,2,2
H1423,C21,3,3
H1423,C22,2,2
H1423,C23,1,1
H1423,C24,3,3
H1423,C25,1,1
H1423,C26,1,1
H1423,C27,1,1
H1423,C28,3,3
H1423,C29,3,3
H1423,C30,5,5
H1423,C31,Not enough data available ,
H1423,C32,Not enough data available ,
H1423,C33,5,5
H1423,D01,5,5
H1423,D02,3,3
H1423,D03,3,3
H1423,D04,3,3
H1423,D05,2,2
H1423,D06,3,3
H1423,D07,5,5
H1423,D08,3,3
H1423,D09,3,3
H1423,D10,3,3
H1423,D11,4,4
H1423,D12,4,4
H1468,C01,4,4
H1468,C02,5,5
H1468,C03,4,4
H1468,C04,3,3
H1468,C05,4,4
H1468,C06,4,4
H1468,C07,4,4
H1468,C08,5,5
H1468,C09,5,5
H1468,C10,3,3
H1468,C11,4,4
H1468,C12,5,5
H1468,C13,5,5
H1468,C14,3,3
H1468,C15,4,4
H1468,C16,1,1
H1468,C17,5,5
H1468,C18,2,2
H1468,C19,5,5
H1468,C20,4,4
H1468,C21,3,3
H1468,C22,2,2
H1468,C23,2,2
H1468,C24,3,3
H1468,C25,4,4
H1468,C26,4,4
H1468,C27,3,3
H1468,C28,4,4
H1468,C29,4,4
H1468,C30,3,3
H1468,C31,4,4
H1468,C32,3,3
H1468,C33,5,5
H1468,D01,5,5
H1468,D02,4,4
H1468,D03,4,4
H1468,D04,2,2
H1468,D05,5,5
H1468,D06,2,2
H1468,D07,1,1
H1468,D08,3,3
H1468,D09,3,3
H1468,D10,3,3
H1468,D11,3,3
H1468,D12,4,4
H1486,C01,Plan too new to be measured ,
H1486,C02,Plan too new to be measured ,
H1486,C03,Plan too new to be measured ,
H1486,C04,Plan too new to be measured ,
H1486,C05,Plan too new to be measured ,
H1486,C06,Plan too new to be measured ,
H1486,C07,Plan too new to be measured ,
H1486,C08,Plan too new to be measured ,
H1486,C09,Plan too new to be measured ,
H1486,C10,Plan too new to be measured ,
H1486,C11,Plan too new to be measured ,
H1486,C12,Plan too new to be measured ,
H1486,C13,Plan too new to be measured ,
H1486,C14,Plan too new to be measured ,
H1486,C15,Plan too new to be measured ,
H1486,C16,Plan too new to be measured ,
H1486,C17,Plan too new to be measured ,
H1486,C18,Plan too new to be measured ,
H1486,C19,Plan too new to be measured ,
H1486,C20,Plan too new to be measured ,
H1486,C21,Plan too new to be measured ,
H1486,C22,Plan too new to be measured ,
H1486,C23,Plan too new to be measured ,
H1486,C24,Plan too new to be measured ,
H1486,C25,Plan too new to be measured ,
H1486,C26,Plan too new to be measured ,
H1486,C27,Plan too new to be measured ,
H1486,C28,Plan too new to be measured ,
H1486,C29,Plan too new to be measured ,
H1486,C30,Plan too new to be measured ,
H1486,C31,Not enough data available ,
H1486,C32,Not enough data available ,
H1486,C33,Plan too new to be measured ,
H1486,D01,Plan too new to be measured ,
H1486,D02,Plan too new to be measured ,
H1486,D03,Plan too new to be measured ,
H1486,D04,Plan too new to be measured ,
H1486,D05,Plan too new to be measured ,
H1486,D06,Plan too new to be measured ,
H1486,D07,Plan too new to be measured ,
H1486,D08,Plan too new to be measured ,
H1486,D09,Plan too new to be measured ,
H1486,D10,Plan too new to be measured ,
H1486,D11,Plan too new to be measured ,
H1486,D12,Plan too new to be measured,
H1526,C01,Plan too small to be measured ,
H1526,C02,Plan too small to be measured ,
H1526,C03,Plan too small to be measured ,
H1526,C04,Plan too new to be measured ,
H1526,C05,Plan too new to be measured ,
H1526,C06,Plan too new to be measured ,
H1526,C07,5,5
H1526,C08,3,3
H1526,C09,3,3
H1526,C10,Plan too small to be measured ,
H1526,C11,Plan too small to be measured ,
H1526,C12,Plan too small to be measured ,
H1526,C13,Plan too small to be measured ,
H1526,C14,Plan too small to be measured ,
H1526,C15,Plan too new to be measured ,
H1526,C16,Plan too new to be measured ,
H1526,C17,Plan too small to be measured ,
H1526,C18,Plan too small to be measured ,
H1526,C19,Plan too small to be measured ,
H1526,C20,Plan too small to be measured ,
H1526,C21,Plan too small to be measured ,
H1526,C22,Plan too small to be measured ,
H1526,C23,Plan too small to be measured ,
H1526,C24,Plan too small to be measured ,
H1526,C25,Plan too small to be measured ,
H1526,C26,Plan too small to be measured ,
H1526,C27,Plan too small to be measured ,
H1526,C28,Not enough data available ,
H1526,C29,Not enough data available ,
H1526,C30,Not enough data available ,
H1526,C31,Not enough data available ,
H1526,C32,Not enough data available ,
H1526,C33,3,3
H1526,D01,3,3
H1526,D02,Not enough data available ,
H1526,D03,Not enough data available ,
H1526,D04,Not enough data available ,
H1526,D05,Plan too small to be measured ,
H1526,D06,Plan too small to be measured ,
H1526,D07,5,5
H1526,D08,3,3
H1526,D09,2,2
H1526,D10,4,4
H1526,D11,4,4
H1526,D12,1,1
H1537,C01,4,4
H1537,C02,5,5
H1537,C03,5,5
H1537,C04,Not enough data available ,
H1537,C05,Not enough data available ,
H1537,C06,4,4
H1537,C07,Plan not required to report measure ,
H1537,C08,Plan not required to report measure ,
H1537,C09,Plan not required to report measure ,
H1537,C10,3,3
H1537,C11,5,5
H1537,C12,5,5
H1537,C13,4,4
H1537,C14,4,4
H1537,C15,3,3
H1537,C16,4,4
H1537,C17,4,4
H1537,C18,2,2
H1537,C19,3,3
H1537,C20,2,2
H1537,C21,3,3
H1537,C22,4,4
H1537,C23,5,5
H1537,C24,4,4
H1537,C25,5,5
H1537,C26,5,5
H1537,C27,3,3
H1537,C28,5,5
H1537,C29,Not enough data available ,
H1537,C30,4,4
H1537,C31,5,5
H1537,C32,4,4
H1537,C33,Not enough data available ,
H1537,D01,Not enough data available ,
H1537,D02,5,5
H1537,D03,Not enough data available ,
H1537,D04,3,3
H1537,D05,5,5
H1537,D06,5,5
H1537,D07,Not enough data available ,
H1537,D08,5,5
H1537,D09,4,4
H1537,D10,4,4
H1537,D11,4,4
H1537,D12,3,3
H1587,C01,1,1
H1587,C02,2,2
H1587,C03,Plan too small to be measured ,
H1587,C04,Not enough data available ,
H1587,C05,Not enough data available ,
H1587,C06,Not enough data available ,
H1587,C07,5,5
H1587,C08,5,5
H1587,C09,5,5
H1587,C10,Not enough data available ,
H1587,C11,5,5
H1587,C12,3,3
H1587,C13,4,4
H1587,C14,Not enough data available ,
H1587,C15,Not enough data available ,
H1587,C16,Not enough data available ,
H1587,C17,Not enough data available ,
H1587,C18,4,4
H1587,C19,Not enough data available ,
H1587,C20,Not enough data available ,
H1587,C21,5,5
H1587,C22,Plan too small to be measured ,
H1587,C23,Plan too small to be measured ,
H1587,C24,Plan too small to be measured ,
H1587,C25,Plan too small to be measured ,
H1587,C26,Plan too small to be measured ,
H1587,C27,Plan too small to be measured ,
H1587,C28,5,5
H1587,C29,5,5
H1587,C30,Not enough data available ,
H1587,C31,Not enough data available ,
H1587,C32,Not enough data available ,
H1587,C33,3,3
H1587,D01,3,3
H1587,D02,5,5
H1587,D03,5,5
H1587,D04,3,3
H1587,D05,Plan too small to be measured ,
H1587,D06,Plan too small to be measured ,
H1587,D07,5,5
H1587,D08,4,4
H1587,D09,3,3
H1587,D10,5,5
H1587,D11,4,4
H1587,D12,3,3
H1607,C01,4,4
H1607,C02,4,4
H1607,C03,4,4
H1607,C04,3,3
H1607,C05,3,3
H1607,C06,3,3
H1607,C07,Plan not required to report measure ,
H1607,C08,Plan not required to report measure ,
H1607,C09,Plan not required to report measure ,
H1607,C10,2,2
H1607,C11,4,4
H1607,C12,4,4
H1607,C13,3,3
H1607,C14,4,4
H1607,C15,2,2
H1607,C16,3,3
H1607,C17,5,5
H1607,C18,3,3
H1607,C19,2,2
H1607,C20,4,4
H1607,C21,3,3
H1607,C22,4,4
H1607,C23,4,4
H1607,C24,2,2
H1607,C25,4,4
H1607,C26,2,2
H1607,C27,4,4
H1607,C28,5,5
H1607,C29,2,2
H1607,C30,4,4
H1607,C31,5,5
H1607,C32,5,5
H1607,C33,5,5
H1607,D01,5,5
H1607,D02,5,5
H1607,D03,2,2
H1607,D04,5,5
H1607,D05,1,1
H1607,D06,3,3
H1607,D07,5,5
H1607,D08,3,3
H1607,D09,4,4
H1607,D10,4,4
H1607,D11,4,4
H1607,D12,2,2
H1608,C01,3,3
H1608,C02,3,3
H1608,C03,4,4
H1608,C04,3,3
H1608,C05,2,2
H1608,C06,2,2
H1608,C07,3,3
H1608,C08,5,5
H1608,C09,4,4
H1608,C10,3,3
H1608,C11,4,4
H1608,C12,4,4
H1608,C13,3,3
H1608,C14,4,4
H1608,C15,2,2
H1608,C16,3,3
H1608,C17,5,5
H1608,C18,4,4
H1608,C19,3,3
H1608,C20,3,3
H1608,C21,3,3
H1608,C22,5,5
H1608,C23,4,4
H1608,C24,3,3
H1608,C25,4,4
H1608,C26,4,4
H1608,C27,4,4
H1608,C28,4,4
H1608,C29,3,3
H1608,C30,3,3
H1608,C31,3,3
H1608,C32,3,3
H1608,C33,4,4
H1608,D01,5,5
H1608,D02,4,4
H1608,D03,3,3
H1608,D04,2,2
H1608,D05,4,4
H1608,D06,4,4
H1608,D07,5,5
H1608,D08,3,3
H1608,D09,4,4
H1608,D10,4,4
H1608,D11,3,3
H1608,D12,2,2
H1609,C01,4,4
H1609,C02,4,4
H1609,C03,3,3
H1609,C04,3,3
H1609,C05,3,3
H1609,C06,3,3
H1609,C07,3,3
H1609,C08,5,5
H1609,C09,5,5
H1609,C10,4,4
H1609,C11,5,5
H1609,C12,5,5
H1609,C13,5,5
H1609,C14,5,5
H1609,C15,4,4
H1609,C16,2,2
H1609,C17,5,5
H1609,C18,4,4
H1609,C19,4,4
H1609,C20,3,3
H1609,C21,4,4
H1609,C22,4,4
H1609,C23,4,4
H1609,C24,3,3
H1609,C25,4,4
H1609,C26,4,4
H1609,C27,4,4
H1609,C28,4,4
H1609,C29,3,3
H1609,C30,4,4
H1609,C31,3,3
H1609,C32,5,5
H1609,C33,4,4
H1609,D01,5,5
H1609,D02,4,4
H1609,D03,3,3
H1609,D04,3,3
H1609,D05,4,4
H1609,D06,3,3
H1609,D07,5,5
H1609,D08,4,4
H1609,D09,4,4
H1609,D10,4,4
H1609,D11,5,5
H1609,D12,4,4
H1610,C01,2,2
H1610,C02,3,3
H1610,C03,2,2
H1610,C04,4,4
H1610,C05,1,1
H1610,C06,3,3
H1610,C07,2,2
H1610,C08,5,5
H1610,C09,3,3
H1610,C10,Not enough data available ,
H1610,C11,2,2
H1610,C12,2,2
H1610,C13,2,2
H1610,C14,2,2
H1610,C15,5,5
H1610,C16,3,3
H1610,C17,5,5
H1610,C18,1,1
H1610,C19,2,2
H1610,C20,3,3
H1610,C21,2,2
H1610,C22,2,2
H1610,C23,3,3
H1610,C24,3,3
H1610,C25,2,2
H1610,C26,4,4
H1610,C27,3,3
H1610,C28,3,3
H1610,C29,3,3
H1610,C30,4,4
H1610,C31,3,3
H1610,C32,2,2
H1610,C33,4,4
H1610,D01,5,5
H1610,D02,3,3
H1610,D03,3,3
H1610,D04,3,3
H1610,D05,4,4
H1610,D06,3,3
H1610,D07,5,5
H1610,D08,3,3
H1610,D09,2,2
H1610,D10,2,2
H1610,D11,3,3
H1610,D12,2,2
H1611,C01,Plan too new to be measured ,
H1611,C02,Plan too new to be measured ,
H1611,C03,Plan too new to be measured ,
H1611,C04,Plan too new to be measured ,
H1611,C05,Plan too new to be measured ,
H1611,C06,Plan too new to be measured ,
H1611,C07,Plan too new to be measured ,
H1611,C08,Plan too new to be measured ,
H1611,C09,Plan too new to be measured ,
H1611,C10,Plan too new to be measured ,
H1611,C11,Plan too new to be measured ,
H1611,C12,Plan too new to be measured ,
H1611,C13,Plan too new to be measured ,
H1611,C14,Plan too new to be measured ,
H1611,C15,Plan too new to be measured ,
H1611,C16,Plan too new to be measured ,
H1611,C17,Plan too new to be measured ,
H1611,C18,Plan too new to be measured ,
H1611,C19,Plan too new to be measured ,
H1611,C20,Plan too new to be measured ,
H1611,C21,Plan too new to be measured ,
H1611,C22,Plan too new to be measured ,
H1611,C23,Plan too new to be measured ,
H1611,C24,Plan too new to be measured ,
H1611,C25,Plan too new to be measured ,
H1611,C26,Plan too new to be measured ,
H1611,C27,Plan too new to be measured ,
H1611,C28,Plan too new to be measured ,
H1611,C29,Plan too new to be measured ,
H1611,C30,Plan too new to be measured ,
H1611,C31,Not enough data available ,
H1611,C32,Not enough data available ,
H1611,C33,Plan too new to be measured ,
H1611,D01,Plan too new to be measured ,
H1611,D02,Plan too new to be measured ,
H1611,D03,Plan too new to be measured ,
H1611,D04,Plan too new to be measured ,
H1611,D05,Plan too new to be measured ,
H1611,D06,Plan too new to be measured ,
H1611,D07,Plan too new to be measured ,
H1611,D08,Plan too new to be measured ,
H1611,D09,Plan too new to be measured ,
H1611,D10,Plan too new to be measured ,
H1611,D11,Plan too new to be measured ,
H1611,D12,Plan too new to be measured,
H1619,C01,Plan too small to be measured ,
H1619,C02,Plan too small to be measured ,
H1619,C03,Plan too small to be measured ,
H1619,C04,Plan too new to be measured ,
H1619,C05,Plan too new to be measured ,
H1619,C06,Plan too new to be measured ,
H1619,C07,Plan not required to report measure ,
H1619,C08,Plan not required to report measure ,
H1619,C09,Plan not required to report measure ,
H1619,C10,Plan too small to be measured ,
H1619,C11,Plan too small to be measured ,
H1619,C12,Plan too small to be measured ,
H1619,C13,Plan too small to be measured ,
H1619,C14,Plan too small to be measured ,
H1619,C15,Plan too new to be measured ,
H1619,C16,Plan too new to be measured ,
H1619,C17,Plan too small to be measured ,
H1619,C18,Plan too small to be measured ,
H1619,C19,Plan too small to be measured ,
H1619,C20,Plan too small to be measured ,
H1619,C21,Plan too small to be measured ,
H1619,C22,Plan too small to be measured ,
H1619,C23,Plan too small to be measured ,
H1619,C24,Plan too small to be measured ,
H1619,C25,Plan too small to be measured ,
H1619,C26,Plan too small to be measured ,
H1619,C27,Plan too small to be measured ,
H1619,C28,Not enough data available ,
H1619,C29,Not enough data available ,
H1619,C30,Not enough data available ,
H1619,C31,Not enough data available ,
H1619,C32,Not enough data available ,
H1619,C33,3,3
H1619,D01,4,4
H1619,D02,Not enough data available ,
H1619,D03,Not enough data available ,
H1619,D04,Not enough data available ,
H1619,D05,Plan too small to be measured ,
H1619,D06,Plan too small to be measured ,
H1619,D07,5,5
H1619,D08,4,4
H1619,D09,3,3
H1619,D10,3,3
H1619,D11,Not enough data available ,
H1619,D12,4,4
H1644,C01,Not enough data available ,
H1644,C02,No data available ,
H1644,C03,Plan too small to be measured ,
H1644,C04,Not enough data available ,
H1644,C05,Not enough data available ,
H1644,C06,No data available ,
H1644,C07,1,1
H1644,C08,5,5
H1644,C09,5,5
H1644,C10,Not enough data available ,
H1644,C11,No data available ,
H1644,C12,5,5
H1644,C13,4,4
H1644,C14,Not enough data available ,
H1644,C15,No data available ,
H1644,C16,No data available ,
H1644,C17,Not enough data available ,
H1644,C18,No data available ,
H1644,C19,Not enough data available ,
H1644,C20,Not enough data available ,
H1644,C21,5,5
H1644,C22,Plan too small to be measured ,
H1644,C23,Plan too small to be measured ,
H1644,C24,Plan too small to be measured ,
H1644,C25,Plan too small to be measured ,
H1644,C26,Plan too small to be measured ,
H1644,C27,Plan too small to be measured ,
H1644,C28,Not enough data available ,
H1644,C29,4,4
H1644,C30,Not enough data available ,
H1644,C31,Not enough data available ,
H1644,C32,Not enough data available ,
H1644,C33,4,4
H1644,D01,4,4
H1644,D02,Not enough data available ,
H1644,D03,4,4
H1644,D04,5,5
H1644,D05,Plan too small to be measured ,
H1644,D06,Plan too small to be measured ,
H1644,D07,4,4
H1644,D08,3,3
H1644,D09,4,4
H1644,D10,5,5
H1644,D11,5,5
H1644,D12,5,5
H1651,C01,5,5
H1651,C02,5,5
H1651,C03,5,5
H1651,C04,3,3
H1651,C05,3,3
H1651,C06,2,2
H1651,C07,Plan not required to report measure ,
H1651,C08,Plan not required to report measure ,
H1651,C09,Plan not required to report measure ,
H1651,C10,Benefit not offered by plan ,
H1651,C11,4,4
H1651,C12,5,5
H1651,C13,3,3
H1651,C14,5,5
H1651,C15,2,2
H1651,C16,2,2
H1651,C17,Plan not required to report measure ,
H1651,C18,No data available ,
H1651,C19,Plan not required to report measure ,
H1651,C20,Plan not required to report measure ,
H1651,C21,2,2
H1651,C22,5,5
H1651,C23,5,5
H1651,C24,5,5
H1651,C25,5,5
H1651,C26,5,5
H1651,C27,5,5
H1651,C28,5,5
H1651,C29,5,5
H1651,C30,5,5
H1651,C31,Not enough data available ,
H1651,C32,Not enough data available ,
H1651,C33,Plan not required to report measure ,
H1651,D01,Plan not required to report measure ,
H1651,D02,Plan not required to report measure ,
H1651,D03,Plan not required to report measure ,
H1651,D04,Plan not required to report measure ,
H1651,D05,Plan not required to report measure ,
H1651,D06,Plan not required to report measure ,
H1651,D07,Plan not required to report measure ,
H1651,D08,Plan not required to report measure ,
H1651,D09,Plan not required to report measure ,
H1651,D10,Plan not required to report measure ,
H1651,D11,Plan not required to report measure ,
H1651,D12,Plan not required to report measure,
H1659,C01,2,2
H1659,C02,3,3
H1659,C03,4,4
H1659,C04,2,2
H1659,C05,1,1
H1659,C06,3,3
H1659,C07,Plan not required to report measure ,
H1659,C08,Plan not required to report measure ,
H1659,C09,Plan not required to report measure ,
H1659,C10,Not enough data available ,
H1659,C11,4,4
H1659,C12,3,3
H1659,C13,3,3
H1659,C14,3,3
H1659,C15,3,3
H1659,C16,2,2
H1659,C17,3,3
H1659,C18,1,1
H1659,C19,1,1
H1659,C20,2,2
H1659,C21,2,2
H1659,C22,4,4
H1659,C23,3,3
H1659,C24,3,3
H1659,C25,2,2
H1659,C26,2,2
H1659,C27,3,3
H1659,C28,5,5
H1659,C29,4,4
H1659,C30,3,3
H1659,C31,Not enough data available ,
H1659,C32,Not enough data available ,
H1659,C33,5,5
H1659,D01,5,5
H1659,D02,5,5
H1659,D03,4,4
H1659,D04,3,3
H1659,D05,2,2
H1659,D06,4,4
H1659,D07,5,5
H1659,D08,3,3
H1659,D09,4,4
H1659,D10,3,3
H1659,D11,Not enough data available ,
H1659,D12,4,4
H1664,C01,1,1
H1664,C02,2,2
H1664,C03,1,1
H1664,C04,Not enough data available ,
H1664,C05,Not enough data available ,
H1664,C06,2,2
H1664,C07,4,4
H1664,C08,3,3
H1664,C09,2,2
H1664,C10,Not enough data available ,
H1664,C11,1,1
H1664,C12,3,3
H1664,C13,3,3
H1664,C14,3,3
H1664,C15,Not enough data available ,
H1664,C16,Not enough data available ,
H1664,C17,3,3
H1664,C18,2,2
H1664,C19,3,3
H1664,C20,2,2
H1664,C21,1,1
H1664,C22,3,3
H1664,C23,Not enough data available ,
H1664,C24,3,3
H1664,C25,2,2
H1664,C26,1,1
H1664,C27,4,4
H1664,C28,2,2
H1664,C29,2,2
H1664,C30,3,3
H1664,C31,Not enough data available ,
H1664,C32,Not enough data available ,
H1664,C33,5,5
H1664,D01,5,5
H1664,D02,2,2
H1664,D03,2,2
H1664,D04,3,3
H1664,D05,2,2
H1664,D06,Not enough data available ,
H1664,D07,5,5
H1664,D08,4,4
H1664,D09,3,3
H1664,D10,4,4
H1664,D11,3,3
H1664,D12,4,4
H1666,C01,3,3
H1666,C02,4,4
H1666,C03,3,3
H1666,C04,4,4
H1666,C05,4,4
H1666,C06,3,3
H1666,C07,Plan not required to report measure ,
H1666,C08,Plan not required to report measure ,
H1666,C09,Plan not required to report measure ,
H1666,C10,2,2
H1666,C11,3,3
H1666,C12,2,2
H1666,C13,3,3
H1666,C14,2,2
H1666,C15,2,2
H1666,C16,3,3
H1666,C17,2,2
H1666,C18,4,4
H1666,C19,2,2
H1666,C20,2,2
H1666,C21,3,3
H1666,C22,3,3
H1666,C23,4,4
H1666,C24,3,3
H1666,C25,2,2
H1666,C26,2,2
H1666,C27,3,3
H1666,C28,4,4
H1666,C29,4,4
H1666,C30,3,3
H1666,C31,5,5
H1666,C32,4,4
H1666,C33,3,3
H1666,D01,4,4
H1666,D02,4,4
H1666,D03,4,4
H1666,D04,3,3
H1666,D05,2,2
H1666,D06,2,2
H1666,D07,5,5
H1666,D08,3,3
H1666,D09,3,3
H1666,D10,2,2
H1666,D11,4,4
H1666,D12,2,2
H1671,C01,Plan too new to be measured ,
H1671,C02,Plan too new to be measured ,
H1671,C03,Plan too new to be measured ,
H1671,C04,Plan too new to be measured ,
H1671,C05,Plan too new to be measured ,
H1671,C06,Plan too new to be measured ,
H1671,C07,Plan too new to be measured ,
H1671,C08,Plan too new to be measured ,
H1671,C09,Plan too new to be measured ,
H1671,C10,Plan too new to be measured ,
H1671,C11,Plan too new to be measured ,
H1671,C12,Plan too new to be measured ,
H1671,C13,Plan too new to be measured ,
H1671,C14,Plan too new to be measured ,
H1671,C15,Plan too new to be measured ,
H1671,C16,Plan too new to be measured ,
H1671,C17,Plan too new to be measured ,
H1671,C18,Plan too new to be measured ,
H1671,C19,Plan too new to be measured ,
H1671,C20,Plan too new to be measured ,
H1671,C21,Plan too new to be measured ,
H1671,C22,Plan too new to be measured ,
H1671,C23,Plan too new to be measured ,
H1671,C24,Plan too new to be measured ,
H1671,C25,Plan too new to be measured ,
H1671,C26,Plan too new to be measured ,
H1671,C27,Plan too new to be measured ,
H1671,C28,Plan too new to be measured ,
H1671,C29,Plan too new to be measured ,
H1671,C30,Plan too new to be measured ,
H1671,C31,Not enough data available ,
H1671,C32,Not enough data available ,
H1671,C33,Plan too new to be measured ,
H1671,D01,Plan too new to be measured ,
H1671,D02,Plan too new to be measured ,
H1671,D03,Plan too new to be measured ,
H1671,D04,Plan too new to be measured ,
H1671,D05,Plan too new to be measured ,
H1671,D06,Plan too new to be measured ,
H1671,D07,Plan too new to be measured ,
H1671,D08,Plan too new to be measured ,
H1671,D09,Plan too new to be measured ,
H1671,D10,Plan too new to be measured ,
H1671,D11,Plan too new to be measured ,
H1671,D12,Plan too new to be measured,
H1692,C01,2,2
H1692,C02,2,2
H1692,C03,1,1
H1692,C04,4,4
H1692,C05,2,2
H1692,C06,1,1
H1692,C07,3,3
H1692,C08,5,5
H1692,C09,4,4
H1692,C10,3,3
H1692,C11,2,2
H1692,C12,3,3
H1692,C13,2,2
H1692,C14,4,4
H1692,C15,3,3
H1692,C16,1,1
H1692,C17,5,5
H1692,C18,4,4
H1692,C19,3,3
H1692,C20,3,3
H1692,C21,2,2
H1692,C22,5,5
H1692,C23,4,4
H1692,C24,4,4
H1692,C25,4,4
H1692,C26,4,4
H1692,C27,4,4
H1692,C28,4,4
H1692,C29,3,3
H1692,C30,2,2
H1692,C31,3,3
H1692,C32,5,5
H1692,C33,4,4
H1692,D01,5,5
H1692,D02,4,4
H1692,D03,3,3
H1692,D04,3,3
H1692,D05,4,4
H1692,D06,5,5
H1692,D07,5,5
H1692,D08,3,3
H1692,D09,3,3
H1692,D10,3,3
H1692,D11,3,3
H1692,D12,3,3
H1722,C01,2,2
H1722,C02,2,2
H1722,C03,3,3
H1722,C04,Not enough data available ,
H1722,C05,Not enough data available ,
H1722,C06,3,3
H1722,C07,Plan not required to report measure ,
H1722,C08,Plan not required to report measure ,
H1722,C09,Plan not required to report measure ,
H1722,C10,Not enough data available ,
H1722,C11,2,2
H1722,C12,3,3
H1722,C13,2,2
H1722,C14,1,1
H1722,C15,Not enough data available ,
H1722,C16,Not enough data available ,
H1722,C17,3,3
H1722,C18,5,5
H1722,C19,3,3
H1722,C20,3,3
H1722,C21,2,2
H1722,C22,2,2
H1722,C23,Not enough data available ,
H1722,C24,3,3
H1722,C25,2,2
H1722,C26,3,3
H1722,C27,Not enough data available ,
H1722,C28,4,4
H1722,C29,3,3
H1722,C30,4,4
H1722,C31,Not enough data available ,
H1722,C32,Not enough data available ,
H1722,C33,5,5
H1722,D01,4,4
H1722,D02,4,4
H1722,D03,3,3
H1722,D04,4,4
H1722,D05,3,3
H1722,D06,Not enough data available ,
H1722,D07,5,5
H1722,D08,2,2
H1722,D09,3,3
H1722,D10,2,2
H1722,D11,Not enough data available ,
H1722,D12,3,3
H1787,C01,Plan too small to be measured ,
H1787,C02,Plan too small to be measured ,
H1787,C03,Plan too small to be measured ,
H1787,C04,Not enough data available ,
H1787,C05,Not enough data available ,
H1787,C06,Plan too small to be measured ,
H1787,C07,5,5
H1787,C08,5,5
H1787,C09,5,5
H1787,C10,Plan too small to be measured ,
H1787,C11,Plan too small to be measured ,
H1787,C12,Plan too small to be measured ,
H1787,C13,Plan too small to be measured ,
H1787,C14,Plan too small to be measured ,
H1787,C15,Plan too small to be measured ,
H1787,C16,Plan too small to be measured ,
H1787,C17,Plan too small to be measured ,
H1787,C18,Plan too small to be measured ,
H1787,C19,Plan too small to be measured ,
H1787,C20,Plan too small to be measured ,
H1787,C21,Plan too small to be measured ,
H1787,C22,Plan too small to be measured ,
H1787,C23,Plan too small to be measured ,
H1787,C24,Plan too small to be measured ,
H1787,C25,Plan too small to be measured ,
H1787,C26,Plan too small to be measured ,
H1787,C27,Plan too small to be measured ,
H1787,C28,Not enough data available ,
H1787,C29,Not enough data available ,
H1787,C30,Not enough data available ,
H1787,C31,Not enough data available ,
H1787,C32,Not enough data available ,
H1787,C33,4,4
H1787,D01,4,4
H1787,D02,Not enough data available ,
H1787,D03,Not enough data available ,
H1787,D04,2,2
H1787,D05,Plan too small to be measured ,
H1787,D06,Plan too small to be measured ,
H1787,D07,1,1
H1787,D08,5,5
H1787,D09,4,4
H1787,D10,5,5
H1787,D11,4,4
H1787,D12,Not enough data available,
H1799,C01,1,1
H1799,C02,3,3
H1799,C03,2,2
H1799,C04,Plan too new to be measured ,
H1799,C05,Plan too new to be measured ,
H1799,C06,1,1
H1799,C07,2,2
H1799,C08,3,3
H1799,C09,3,3
H1799,C10,Not enough data available ,
H1799,C11,2,2
H1799,C12,2,2
H1799,C13,2,2
H1799,C14,2,2
H1799,C15,Not enough data available ,
H1799,C16,Not enough data available ,
H1799,C17,2,2
H1799,C18,4,4
H1799,C19,1,1
H1799,C20,1,1
H1799,C21,1,1
H1799,C22,5,5
H1799,C23,5,5
H1799,C24,3,3
H1799,C25,3,3
H1799,C26,4,4
H1799,C27,5,5
H1799,C28,4,4
H1799,C29,5,5
H1799,C30,4,4
H1799,C31,Not enough data available ,
H1799,C32,Not enough data available ,
H1799,C33,5,5
H1799,D01,5,5
H1799,D02,4,4
H1799,D03,5,5
H1799,D04,5,5
H1799,D05,4,4
H1799,D06,3,3
H1799,D07,5,5
H1799,D08,3,3
H1799,D09,2,2
H1799,D10,3,3
H1799,D11,4,4
H1799,D12,3,3
H1822,C01,2,2
H1822,C02,3,3
H1822,C03,2,2
H1822,C04,Plan too new to be measured ,
H1822,C05,Plan too new to be measured ,
H1822,C06,4,4
H1822,C07,5,5
H1822,C08,5,5
H1822,C09,5,5
H1822,C10,Not enough data available ,
H1822,C11,4,4
H1822,C12,3,3
H1822,C13,4,4
H1822,C14,5,5
H1822,C15,3,3
H1822,C16,3,3
H1822,C17,4,4
H1822,C18,3,3
H1822,C19,3,3
H1822,C20,3,3
H1822,C21,4,4
H1822,C22,2,2
H1822,C23,3,3
H1822,C24,4,4
H1822,C25,2,2
H1822,C26,3,3
H1822,C27,Not enough data available ,
H1822,C28,4,4
H1822,C29,4,4
H1822,C30,5,5
H1822,C31,Not enough data available ,
H1822,C32,Not enough data available ,
H1822,C33,4,4
H1822,D01,5,5
H1822,D02,4,4
H1822,D03,4,4
H1822,D04,5,5
H1822,D05,4,4
H1822,D06,4,4
H1822,D07,5,5
H1822,D08,4,4
H1822,D09,5,5
H1822,D10,5,5
H1822,D11,4,4
H1822,D12,5,5
H1846,C01,3,3
H1846,C02,4,4
H1846,C03,4,4
H1846,C04,5,5
H1846,C05,4,4
H1846,C06,3,3
H1846,C07,Plan not required to report measure ,
H1846,C08,Plan not required to report measure ,
H1846,C09,Plan not required to report measure ,
H1846,C10,Not enough data available ,
H1846,C11,2,2
H1846,C12,3,3
H1846,C13,2,2
H1846,C14,3,3
H1846,C15,1,1
H1846,C16,3,3
H1846,C17,2,2
H1846,C18,4,4
H1846,C19,3,3
H1846,C20,2,2
H1846,C21,3,3
H1846,C22,5,5
H1846,C23,5,5
H1846,C24,4,4
H1846,C25,5,5
H1846,C26,4,4
H1846,C27,5,5
H1846,C28,5,5
H1846,C29,4,4
H1846,C30,4,4
H1846,C31,Not enough data available ,
H1846,C32,Not enough data available ,
H1846,C33,4,4
H1846,D01,3,3
H1846,D02,5,5
H1846,D03,4,4
H1846,D04,3,3
H1846,D05,4,4
H1846,D06,4,4
H1846,D07,5,5
H1846,D08,4,4
H1846,D09,4,4
H1846,D10,4,4
H1846,D11,3,3
H1846,D12,2,2
H1862,C01,2,2
H1862,C02,3,3
H1862,C03,Plan too small to be measured ,
H1862,C04,Not enough data available ,
H1862,C05,Not enough data available ,
H1862,C06,2,2
H1862,C07,No data available ,
H1862,C08,No data available ,
H1862,C09,No data available ,
H1862,C10,Not enough data available ,
H1862,C11,1,1
H1862,C12,3,3
H1862,C13,2,2
H1862,C14,2,2
H1862,C15,2,2
H1862,C16,Not enough data available ,
H1862,C17,3,3
H1862,C18,No data available ,
H1862,C19,4,4
H1862,C20,3,3
H1862,C21,3,3
H1862,C22,Plan too small to be measured ,
H1862,C23,Plan too small to be measured ,
H1862,C24,Plan too small to be measured ,
H1862,C25,Plan too small to be measured ,
H1862,C26,Plan too small to be measured ,
H1862,C27,Plan too small to be measured ,
H1862,C28,4,4
H1862,C29,Not enough data available ,
H1862,C30,Not enough data available ,
H1862,C31,Not enough data available ,
H1862,C32,Not enough data available ,
H1862,C33,5,5
H1862,D01,5,5
H1862,D02,4,4
H1862,D03,Not enough data available ,
H1862,D04,3,3
H1862,D05,Plan too small to be measured ,
H1862,D06,Plan too small to be measured ,
H1862,D07,5,5
H1862,D08,3,3
H1862,D09,3,3
H1862,D10,4,4
H1862,D11,3,3
H1862,D12,2,2
H1889,C01,3,3
H1889,C02,4,4
H1889,C03,2,2
H1889,C04,3,3
H1889,C05,2,2
H1889,C06,3,3
H1889,C07,4,4
H1889,C08,4,4
H1889,C09,5,5
H1889,C10,2,2
H1889,C11,4,4
H1889,C12,5,5
H1889,C13,3,3
H1889,C14,4,4
H1889,C15,4,4
H1889,C16,3,3
H1889,C17,3,3
H1889,C18,2,2
H1889,C19,2,2
H1889,C20,2,2
H1889,C21,3,3
H1889,C22,4,4
H1889,C23,5,5
H1889,C24,3,3
H1889,C25,4,4
H1889,C26,5,5
H1889,C27,Not enough data available ,
H1889,C28,4,4
H1889,C29,3,3
H1889,C30,5,5
H1889,C31,5,5
H1889,C32,4,4
H1889,C33,5,5
H1889,D01,5,5
H1889,D02,4,4
H1889,D03,3,3
H1889,D04,5,5
H1889,D05,5,5
H1889,D06,4,4
H1889,D07,5,5
H1889,D08,3,3
H1889,D09,3,3
H1889,D10,3,3
H1889,D11,4,4
H1889,D12,3,3
H1894,C01,1,1
H1894,C02,2,2
H1894,C03,1,1
H1894,C04,Not enough data available ,
H1894,C05,Not enough data available ,
H1894,C06,3,3
H1894,C07,2,2
H1894,C08,5,5
H1894,C09,3,3
H1894,C10,Not enough data available ,
H1894,C11,1,1
H1894,C12,3,3
H1894,C13,3,3
H1894,C14,2,2
H1894,C15,4,4
H1894,C16,Not enough data available ,
H1894,C17,3,3
H1894,C18,3,3
H1894,C19,3,3
H1894,C20,3,3
H1894,C21,2,2
H1894,C22,1,1
H1894,C23,Not enough data available ,
H1894,C24,Not enough data available ,
H1894,C25,Not enough data available ,
H1894,C26,1,1
H1894,C27,Not enough data available ,
H1894,C28,2,2
H1894,C29,2,2
H1894,C30,3,3
H1894,C31,Not enough data available ,
H1894,C32,Not enough data available ,
H1894,C33,5,5
H1894,D01,5,5
H1894,D02,2,2
H1894,D03,2,2
H1894,D04,4,4
H1894,D05,2,2
H1894,D06,3,3
H1894,D07,5,5
H1894,D08,3,3
H1894,D09,3,3
H1894,D10,2,2
H1894,D11,4,4
H1894,D12,3,3
H1914,C01,2,2
H1914,C02,3,3
H1914,C03,3,3
H1914,C04,Not enough data available ,
H1914,C05,Not enough data available ,
H1914,C06,3,3
H1914,C07,4,4
H1914,C08,No data available ,
H1914,C09,No data available ,
H1914,C10,Not enough data available ,
H1914,C11,2,2
H1914,C12,3,3
H1914,C13,3,3
H1914,C14,4,4
H1914,C15,2,2
H1914,C16,Not enough data available ,
H1914,C17,3,3
H1914,C18,3,3
H1914,C19,2,2
H1914,C20,3,3
H1914,C21,3,3
H1914,C22,3,3
H1914,C23,Not enough data available ,
H1914,C24,3,3
H1914,C25,1,1
H1914,C26,1,1
H1914,C27,Not enough data available ,
H1914,C28,3,3
H1914,C29,3,3
H1914,C30,5,5
H1914,C31,Not enough data available ,
H1914,C32,Not enough data available ,
H1914,C33,5,5
H1914,D01,5,5
H1914,D02,3,3
H1914,D03,3,3
H1914,D04,4,4
H1914,D05,1,1
H1914,D06,Not enough data available ,
H1914,D07,5,5
H1914,D08,3,3
H1914,D09,4,4
H1914,D10,3,3
H1914,D11,3,3
H1914,D12,3,3
H1947,C01,2,2
H1947,C02,2,2
H1947,C03,1,1
H1947,C04,Not enough data available ,
H1947,C05,Not enough data available ,
H1947,C06,2,2
H1947,C07,2,2
H1947,C08,5,5
H1947,C09,3,3
H1947,C10,Not enough data available ,
H1947,C11,2,2
H1947,C12,3,3
H1947,C13,2,2
H1947,C14,2,2
H1947,C15,Not enough data available ,
H1947,C16,Not enough data available ,
H1947,C17,4,4
H1947,C18,2,2
H1947,C19,3,3
H1947,C20,3,3
H1947,C21,2,2
H1947,C22,4,4
H1947,C23,5,5
H1947,C24,4,4
H1947,C25,5,5
H1947,C26,5,5
H1947,C27,4,4
H1947,C28,4,4
H1947,C29,2,2
H1947,C30,4,4
H1947,C31,Not enough data available ,
H1947,C32,Not enough data available ,
H1947,C33,5,5
H1947,D01,5,5
H1947,D02,4,4
H1947,D03,2,2
H1947,D04,5,5
H1947,D05,5,5
H1947,D06,5,5
H1947,D07,5,5
H1947,D08,2,2
H1947,D09,2,2
H1947,D10,1,1
H1947,D11,5,5
H1947,D12,3,3
H1951,C01,4,4
H1951,C02,4,4
H1951,C03,2,2
H1951,C04,4,4
H1951,C05,5,5
H1951,C06,4,4
H1951,C07,4,4
H1951,C08,4,4
H1951,C09,5,5
H1951,C10,3,3
H1951,C11,4,4
H1951,C12,4,4
H1951,C13,3,3
H1951,C14,4,4
H1951,C15,3,3
H1951,C16,3,3
H1951,C17,5,5
H1951,C18,3,3
H1951,C19,3,3
H1951,C20,4,4
H1951,C21,3,3
H1951,C22,5,5
H1951,C23,4,4
H1951,C24,5,5
H1951,C25,5,5
H1951,C26,5,5
H1951,C27,5,5
H1951,C28,5,5
H1951,C29,4,4
H1951,C30,4,4
H1951,C31,4,4
H1951,C32,4,4
H1951,C33,5,5
H1951,D01,5,5
H1951,D02,5,5
H1951,D03,4,4
H1951,D04,3,3
H1951,D05,5,5
H1951,D06,3,3
H1951,D07,1,1
H1951,D08,2,2
H1951,D09,3,3
H1951,D10,3,3
H1951,D11,4,4
H1951,D12,3,3
H1961,C01,4,4
H1961,C02,4,4
H1961,C03,3,3
H1961,C04,2,2
H1961,C05,2,2
H1961,C06,3,3
H1961,C07,4,4
H1961,C08,5,5
H1961,C09,5,5
H1961,C10,4,4
H1961,C11,4,4
H1961,C12,4,4
H1961,C13,4,4
H1961,C14,3,3
H1961,C15,3,3
H1961,C16,3,3
H1961,C17,5,5
H1961,C18,3,3
H1961,C19,3,3
H1961,C20,5,5
H1961,C21,3,3
H1961,C22,5,5
H1961,C23,4,4
H1961,C24,5,5
H1961,C25,5,5
H1961,C26,5,5
H1961,C27,5,5
H1961,C28,5,5
H1961,C29,4,4
H1961,C30,4,4
H1961,C31,4,4
H1961,C32,4,4
H1961,C33,5,5
H1961,D01,5,5
H1961,D02,5,5
H1961,D03,4,4
H1961,D04,3,3
H1961,D05,4,4
H1961,D06,3,3
H1961,D07,5,5
H1961,D08,2,2
H1961,D09,3,3
H1961,D10,3,3
H1961,D11,4,4
H1961,D12,3,3
H1969,C01,3,3
H1969,C02,4,4
H1969,C03,Plan too small to be measured ,
H1969,C04,3,3
H1969,C05,5,5
H1969,C06,4,4
H1969,C07,Plan not required to report measure ,
H1969,C08,Plan not required to report measure ,
H1969,C09,Plan not required to report measure ,
H1969,C10,Not enough data available ,
H1969,C11,4,4
H1969,C12,4,4
H1969,C13,4,4
H1969,C14,2,2
H1969,C15,1,1
H1969,C16,4,4
H1969,C17,4,4
H1969,C18,No data available ,
H1969,C19,5,5
H1969,C20,4,4
H1969,C21,2,2
H1969,C22,Plan too small to be measured ,
H1969,C23,Plan too small to be measured ,
H1969,C24,Plan too small to be measured ,
H1969,C25,Plan too small to be measured ,
H1969,C26,Plan too small to be measured ,
H1969,C27,Plan too small to be measured ,
H1969,C28,5,5
H1969,C29,4,4
H1969,C30,4,4
H1969,C31,3,3
H1969,C32,5,5
H1969,C33,5,5
H1969,D01,5,5
H1969,D02,5,5
H1969,D03,4,4
H1969,D04,3,3
H1969,D05,Plan too small to be measured ,
H1969,D06,Plan too small to be measured ,
H1969,D07,5,5
H1969,D08,4,4
H1969,D09,4,4
H1969,D10,3,3
H1969,D11,2,2
H1969,D12,4,4
H1993,C01,2,2
H1993,C02,3,3
H1993,C03,5,5
H1993,C04,5,5
H1993,C05,3,3
H1993,C06,5,5
H1993,C07,1,1
H1993,C08,3,3
H1993,C09,3,3
H1993,C10,Not enough data available ,
H1993,C11,4,4
H1993,C12,3,3
H1993,C13,4,4
H1993,C14,4,4
H1993,C15,Not enough data available ,
H1993,C16,5,5
H1993,C17,2,2
H1993,C18,4,4
H1993,C19,3,3
H1993,C20,1,1
H1993,C21,2,2
H1993,C22,5,5
H1993,C23,Plan too small to be measured ,
H1993,C24,5,5
H1993,C25,3,3
H1993,C26,4,4
H1993,C27,5,5
H1993,C28,4,4
H1993,C29,4,4
H1993,C30,4,4
H1993,C31,Not enough data available ,
H1993,C32,Not enough data available ,
H1993,C33,3,3
H1993,D01,3,3
H1993,D02,4,4
H1993,D03,4,4
H1993,D04,3,3
H1993,D05,5,5
H1993,D06,4,4
H1993,D07,5,5
H1993,D08,4,4
H1993,D09,3,3
H1993,D10,2,2
H1993,D11,3,3
H1993,D12,5,5
H1994,C01,4,4
H1994,C02,5,5
H1994,C03,3,3
H1994,C04,4,4
H1994,C05,4,4
H1994,C06,5,5
H1994,C07,2,2
H1994,C08,4,4
H1994,C09,4,4
H1994,C10,3,3
H1994,C11,4,4
H1994,C12,4,4
H1994,C13,4,4
H1994,C14,4,4
H1994,C15,1,1
H1994,C16,1,1
H1994,C17,5,5
H1994,C18,4,4
H1994,C19,5,5
H1994,C20,5,5
H1994,C21,3,3
H1994,C22,5,5
H1994,C23,4,4
H1994,C24,4,4
H1994,C25,5,5
H1994,C26,5,5
H1994,C27,3,3
H1994,C28,4,4
H1994,C29,5,5
H1994,C30,4,4
H1994,C31,3,3
H1994,C32,2,2
H1994,C33,3,3
H1994,D01,3,3
H1994,D02,4,4
H1994,D03,5,5
H1994,D04,2,2
H1994,D05,2,2
H1994,D06,4,4
H1994,D07,5,5
H1994,D08,3,3
H1994,D09,3,3
H1994,D10,3,3
H1994,D11,5,5
H1994,D12,3,3
H1997,C01,3,3
H1997,C02,4,4
H1997,C03,Plan too small to be measured ,
H1997,C04,3,3
H1997,C05,3,3
H1997,C06,4,4
H1997,C07,Plan not required to report measure ,
H1997,C08,Plan not required to report measure ,
H1997,C09,Plan not required to report measure ,
H1997,C10,Not enough data available ,
H1997,C11,3,3
H1997,C12,3,3
H1997,C13,3,3
H1997,C14,3,3
H1997,C15,1,1
H1997,C16,2,2
H1997,C17,4,4
H1997,C18,5,5
H1997,C19,3,3
H1997,C20,5,5
H1997,C21,3,3
H1997,C22,Plan too small to be measured ,
H1997,C23,Plan too small to be measured ,
H1997,C24,Plan too small to be measured ,
H1997,C25,Plan too small to be measured ,
H1997,C26,Plan too small to be measured ,
H1997,C27,Plan too small to be measured ,
H1997,C28,5,5
H1997,C29,5,5
H1997,C30,4,4
H1997,C31,5,5
H1997,C32,5,5
H1997,C33,5,5
H1997,D01,5,5
H1997,D02,5,5
H1997,D03,5,5
H1997,D04,3,3
H1997,D05,Plan too small to be measured ,
H1997,D06,Plan too small to be measured ,
H1997,D07,5,5
H1997,D08,3,3
H1997,D09,3,3
H1997,D10,4,4
H1997,D11,2,2
H1997,D12,3,3
H2001,C01,4,4
H2001,C02,5,5
H2001,C03,5,5
H2001,C04,2,2
H2001,C05,4,4
H2001,C06,4,4
H2001,C07,No data available ,
H2001,C08,4,4
H2001,C09,4,4
H2001,C10,2,2
H2001,C11,5,5
H2001,C12,5,5
H2001,C13,3,3
H2001,C14,4,4
H2001,C15,2,2
H2001,C16,4,4
H2001,C17,3,3
H2001,C18,3,3
H2001,C19,2,2
H2001,C20,3,3
H2001,C21,3,3
H2001,C22,4,4
H2001,C23,4,4
H2001,C24,4,4
H2001,C25,5,5
H2001,C26,4,4
H2001,C27,3,3
H2001,C28,5,5
H2001,C29,5,5
H2001,C30,5,5
H2001,C31,5,5
H2001,C32,4,4
H2001,C33,5,5
H2001,D01,5,5
H2001,D02,5,5
H2001,D03,5,5
H2001,D04,5,5
H2001,D05,3,3
H2001,D06,4,4
H2001,D07,5,5
H2001,D08,3,3
H2001,D09,3,3
H2001,D10,3,3
H2001,D11,4,4
H2001,D12,2,2
H2029,C01,3,3
H2029,C02,4,4
H2029,C03,Plan too small to be measured ,
H2029,C04,Not enough data available ,
H2029,C05,Not enough data available ,
H2029,C06,4,4
H2029,C07,Plan not required to report measure ,
H2029,C08,Plan not required to report measure ,
H2029,C09,Plan not required to report measure ,
H2029,C10,Not enough data available ,
H2029,C11,4,4
H2029,C12,4,4
H2029,C13,4,4
H2029,C14,4,4
H2029,C15,Not enough data available ,
H2029,C16,Not enough data available ,
H2029,C17,3,3
H2029,C18,No data available ,
H2029,C19,No data available ,
H2029,C20,1,1
H2029,C21,1,1
H2029,C22,Plan too small to be measured ,
H2029,C23,Plan too small to be measured ,
H2029,C24,Plan too small to be measured ,
H2029,C25,Plan too small to be measured ,
H2029,C26,Plan too small to be measured ,
H2029,C27,Plan too small to be measured ,
H2029,C28,Not enough data available ,
H2029,C29,Not enough data available ,
H2029,C30,Not enough data available ,
H2029,C31,Not enough data available ,
H2029,C32,Not enough data available ,
H2029,C33,5,5
H2029,D01,5,5
H2029,D02,Not enough data available ,
H2029,D03,Not enough data available ,
H2029,D04,3,3
H2029,D05,Plan too small to be measured ,
H2029,D06,Plan too small to be measured ,
H2029,D07,1,1
H2029,D08,1,1
H2029,D09,3,3
H2029,D10,1,1
H2029,D11,3,3
H2029,D12,1,1
H2032,C01,4,4
H2032,C02,5,5
H2032,C03,4,4
H2032,C04,2,2
H2032,C05,4,4
H2032,C06,4,4
H2032,C07,Plan not required to report measure ,
H2032,C08,Plan not required to report measure ,
H2032,C09,Plan not required to report measure ,
H2032,C10,Not enough data available ,
H2032,C11,3,3
H2032,C12,3,3
H2032,C13,5,5
H2032,C14,4,4
H2032,C15,2,2
H2032,C16,4,4
H2032,C17,4,4
H2032,C18,3,3
H2032,C19,3,3
H2032,C20,3,3
H2032,C21,2,2
H2032,C22,4,4
H2032,C23,3,3
H2032,C24,3,3
H2032,C25,5,5
H2032,C26,5,5
H2032,C27,5,5
H2032,C28,4,4
H2032,C29,5,5
H2032,C30,3,3
H2032,C31,5,5
H2032,C32,5,5
H2032,C33,3,3
H2032,D01,2,2
H2032,D02,4,4
H2032,D03,5,5
H2032,D04,5,5
H2032,D05,5,5
H2032,D06,4,4
H2032,D07,5,5
H2032,D08,4,4
H2032,D09,5,5
H2032,D10,5,5
H2032,D11,3,3
H2032,D12,3,3
H2034,C01,No data available ,
H2034,C02,4,4
H2034,C03,Plan too small to be measured ,
H2034,C04,Not enough data available ,
H2034,C05,Not enough data available ,
H2034,C06,Not enough data available ,
H2034,C07,5,5
H2034,C08,5,5
H2034,C09,5,5
H2034,C10,Not enough data available ,
H2034,C11,1,1
H2034,C12,1,1
H2034,C13,1,1
H2034,C14,No data available ,
H2034,C15,Not enough data available ,
H2034,C16,Not enough data available ,
H2034,C17,4,4
H2034,C18,No data available ,
H2034,C19,Not enough data available ,
H2034,C20,3,3
H2034,C21,5,5
H2034,C22,Plan too small to be measured ,
H2034,C23,Plan too small to be measured ,
H2034,C24,Plan too small to be measured ,
H2034,C25,Plan too small to be measured ,
H2034,C26,Plan too small to be measured ,
H2034,C27,Plan too small to be measured ,
H2034,C28,Not enough data available ,
H2034,C29,Not enough data available ,
H2034,C30,Not enough data available ,
H2034,C31,Not enough data available ,
H2034,C32,Not enough data available ,
H2034,C33,3,3
H2034,D01,3,3
H2034,D02,Not enough data available ,
H2034,D03,Not enough data available ,
H2034,D04,3,3
H2034,D05,Plan too small to be measured ,
H2034,D06,Plan too small to be measured ,
H2034,D07,5,5
H2034,D08,4,4
H2034,D09,2,2
H2034,D10,4,4
H2034,D11,1,1
H2034,D12,4,4
H2035,C01,Plan too new to be measured ,
H2035,C02,Plan too new to be measured ,
H2035,C03,Plan too new to be measured ,
H2035,C04,Plan too new to be measured ,
H2035,C05,Plan too new to be measured ,
H2035,C06,Plan too new to be measured ,
H2035,C07,Plan too new to be measured ,
H2035,C08,Plan too new to be measured ,
H2035,C09,Plan too new to be measured ,
H2035,C10,Plan too new to be measured ,
H2035,C11,Plan too new to be measured ,
H2035,C12,Plan too new to be measured ,
H2035,C13,Plan too new to be measured ,
H2035,C14,Plan too new to be measured ,
H2035,C15,Plan too new to be measured ,
H2035,C16,Plan too new to be measured ,
H2035,C17,Plan too new to be measured ,
H2035,C18,Plan too new to be measured ,
H2035,C19,Plan too new to be measured ,
H2035,C20,Plan too new to be measured ,
H2035,C21,Plan too new to be measured ,
H2035,C22,Plan too new to be measured ,
H2035,C23,Plan too new to be measured ,
H2035,C24,Plan too new to be measured ,
H2035,C25,Plan too new to be measured ,
H2035,C26,Plan too new to be measured ,
H2035,C27,Plan too new to be measured ,
H2035,C28,Plan too new to be measured ,
H2035,C29,Plan too new to be measured ,
H2035,C30,Plan too new to be measured ,
H2035,C31,Not enough data available ,
H2035,C32,Not enough data available ,
H2035,C33,Plan too new to be measured ,
H2035,D01,Plan too new to be measured ,
H2035,D02,Plan too new to be measured ,
H2035,D03,Plan too new to be measured ,
H2035,D04,Plan too new to be measured ,
H2035,D05,Plan too new to be measured ,
H2035,D06,Plan too new to be measured ,
H2035,D07,Plan too new to be measured ,
H2035,D08,Plan too new to be measured ,
H2035,D09,Plan too new to be measured ,
H2035,D10,Plan too new to be measured ,
H2035,D11,Plan too new to be measured ,
H2035,D12,Plan too new to be measured,
H2041,C01,Plan too new to be measured ,
H2041,C02,Plan too new to be measured ,
H2041,C03,Plan too new to be measured ,
H2041,C04,Plan too new to be measured ,
H2041,C05,Plan too new to be measured ,
H2041,C06,Plan too new to be measured ,
H2041,C07,Plan too new to be measured ,
H2041,C08,Plan too new to be measured ,
H2041,C09,Plan too new to be measured ,
H2041,C10,Plan too new to be measured ,
H2041,C11,Plan too new to be measured ,
H2041,C12,Plan too new to be measured ,
H2041,C13,Plan too new to be measured ,
H2041,C14,Plan too new to be measured ,
H2041,C15,Plan too new to be measured ,
H2041,C16,Plan too new to be measured ,
H2041,C17,Plan too new to be measured ,
H2041,C18,Plan too new to be measured ,
H2041,C19,Plan too new to be measured ,
H2041,C20,Plan too new to be measured ,
H2041,C21,Plan too new to be measured ,
H2041,C22,Plan too new to be measured ,
H2041,C23,Plan too new to be measured ,
H2041,C24,Plan too new to be measured ,
H2041,C25,Plan too new to be measured ,
H2041,C26,Plan too new to be measured ,
H2041,C27,Plan too new to be measured ,
H2041,C28,Plan too new to be measured ,
H2041,C29,Not enough data available ,
H2041,C30,Plan too new to be measured ,
H2041,C31,Not enough data available ,
H2041,C32,Not enough data available ,
H2041,C33,4,4
H2041,D01,5,5
H2041,D02,Plan too new to be measured ,
H2041,D03,Not enough data available ,
H2041,D04,Plan too new to be measured ,
H2041,D05,Plan too new to be measured ,
H2041,D06,Plan too new to be measured ,
H2041,D07,Plan too new to be measured ,
H2041,D08,Plan too new to be measured ,
H2041,D09,Plan too new to be measured ,
H2041,D10,Plan too new to be measured ,
H2041,D11,Plan too new to be measured ,
H2041,D12,Plan too new to be measured,
H2056,C01,2,2
H2056,C02,3,3
H2056,C03,1,1
H2056,C04,3,3
H2056,C05,4,4
H2056,C06,2,2
H2056,C07,Plan not required to report measure ,
H2056,C08,Plan not required to report measure ,
H2056,C09,Plan not required to report measure ,
H2056,C10,3,3
H2056,C11,3,3
H2056,C12,3,3
H2056,C13,3,3
H2056,C14,3,3
H2056,C15,2,2
H2056,C16,3,3
H2056,C17,5,5
H2056,C18,4,4
H2056,C19,2,2
H2056,C20,3,3
H2056,C21,2,2
H2056,C22,1,1
H2056,C23,1,1
H2056,C24,3,3
H2056,C25,2,2
H2056,C26,1,1
H2056,C27,3,3
H2056,C28,4,4
H2056,C29,4,4
H2056,C30,2,2
H2056,C31,3,3
H2056,C32,3,3
H2056,C33,4,4
H2056,D01,5,5
H2056,D02,4,4
H2056,D03,4,4
H2056,D04,3,3
H2056,D05,1,1
H2056,D06,3,3
H2056,D07,4,4
H2056,D08,2,2
H2056,D09,3,3
H2056,D10,3,3
H2056,D11,3,3
H2056,D12,2,2
H2108,C01,3,3
H2108,C02,3,3
H2108,C03,4,4
H2108,C04,Not enough data available ,
H2108,C05,Not enough data available ,
H2108,C06,3,3
H2108,C07,3,3
H2108,C08,3,3
H2108,C09,3,3
H2108,C10,4,4
H2108,C11,2,2
H2108,C12,3,3
H2108,C13,3,3
H2108,C14,3,3
H2108,C15,4,4
H2108,C16,3,3
H2108,C17,3,3
H2108,C18,2,2
H2108,C19,3,3
H2108,C20,3,3
H2108,C21,2,2
H2108,C22,4,4
H2108,C23,2,2
H2108,C24,4,4
H2108,C25,2,2
H2108,C26,1,1
H2108,C27,3,3
H2108,C28,4,4
H2108,C29,3,3
H2108,C30,3,3
H2108,C31,4,4
H2108,C32,3,3
H2108,C33,4,4
H2108,D01,5,5
H2108,D02,4,4
H2108,D03,3,3
H2108,D04,3,3
H2108,D05,3,3
H2108,D06,3,3
H2108,D07,5,5
H2108,D08,2,2
H2108,D09,2,2
H2108,D10,2,2
H2108,D11,4,4
H2108,D12,4,4
H2117,C01,2,2
H2117,C02,2,2
H2117,C03,1,1
H2117,C04,Plan too new to be measured ,
H2117,C05,Plan too new to be measured ,
H2117,C06,2,2
H2117,C07,4,4
H2117,C08,3,3
H2117,C09,3,3
H2117,C10,Not enough data available ,
H2117,C11,3,3
H2117,C12,3,3
H2117,C13,3,3
H2117,C14,2,2
H2117,C15,Not enough data available ,
H2117,C16,Not enough data available ,
H2117,C17,3,3
H2117,C18,4,4
H2117,C19,2,2
H2117,C20,3,3
H2117,C21,2,2
H2117,C22,3,3
H2117,C23,3,3
H2117,C24,3,3
H2117,C25,4,4
H2117,C26,2,2
H2117,C27,Not enough data available ,
H2117,C28,2,2
H2117,C29,2,2
H2117,C30,4,4
H2117,C31,3,3
H2117,C32,5,5
H2117,C33,5,5
H2117,D01,5,5
H2117,D02,2,2
H2117,D03,2,2
H2117,D04,4,4
H2117,D05,1,1
H2117,D06,Not enough data available ,
H2117,D07,5,5
H2117,D08,2,2
H2117,D09,2,2
H2117,D10,2,2
H2117,D11,4,4
H2117,D12,3,3
H2126,C01,Plan too new to be measured ,
H2126,C02,Plan too new to be measured ,
H2126,C03,Plan too new to be measured ,
H2126,C04,Plan too new to be measured ,
H2126,C05,Plan too new to be measured ,
H2126,C06,Plan too new to be measured ,
H2126,C07,Plan too new to be measured ,
H2126,C08,Plan too new to be measured ,
H2126,C09,Plan too new to be measured ,
H2126,C10,Plan too new to be measured ,
H2126,C11,Plan too new to be measured ,
H2126,C12,Plan too new to be measured ,
H2126,C13,Plan too new to be measured ,
H2126,C14,Plan too new to be measured ,
H2126,C15,Plan too new to be measured ,
H2126,C16,Plan too new to be measured ,
H2126,C17,Plan too new to be measured ,
H2126,C18,Plan too new to be measured ,
H2126,C19,Plan too new to be measured ,
H2126,C20,Plan too new to be measured ,
H2126,C21,Plan too new to be measured ,
H2126,C22,Plan too new to be measured ,
H2126,C23,Plan too new to be measured ,
H2126,C24,Plan too new to be measured ,
H2126,C25,Plan too new to be measured ,
H2126,C26,Plan too new to be measured ,
H2126,C27,Plan too new to be measured ,
H2126,C28,Plan too new to be measured ,
H2126,C29,Plan too new to be measured ,
H2126,C30,Plan too new to be measured ,
H2126,C31,Not enough data available ,
H2126,C32,Not enough data available ,
H2126,C33,Plan too new to be measured ,
H2126,D01,Plan too new to be measured ,
H2126,D02,Plan too new to be measured ,
H2126,D03,Plan too new to be measured ,
H2126,D04,Plan too new to be measured ,
H2126,D05,Plan too new to be measured ,
H2126,D06,Plan too new to be measured ,
H2126,D07,Plan too new to be measured ,
H2126,D08,Plan too new to be measured ,
H2126,D09,Plan too new to be measured ,
H2126,D10,Plan too new to be measured ,
H2126,D11,Plan too new to be measured ,
H2126,D12,Plan too new to be measured,
H2162,C01,2,2
H2162,C02,2,2
H2162,C03,Plan too small to be measured ,
H2162,C04,Not enough data available ,
H2162,C05,Not enough data available ,
H2162,C06,1,1
H2162,C07,Plan not required to report measure ,
H2162,C08,Plan not required to report measure ,
H2162,C09,Plan not required to report measure ,
H2162,C10,Not enough data available ,
H2162,C11,1,1
H2162,C12,1,1
H2162,C13,2,2
H2162,C14,1,1
H2162,C15,Not enough data available ,
H2162,C16,Not enough data available ,
H2162,C17,3,3
H2162,C18,No data available ,
H2162,C19,3,3
H2162,C20,2,2
H2162,C21,2,2
H2162,C22,Plan too small to be measured ,
H2162,C23,Plan too small to be measured ,
H2162,C24,Plan too small to be measured ,
H2162,C25,Plan too small to be measured ,
H2162,C26,Plan too small to be measured ,
H2162,C27,Plan too small to be measured ,
H2162,C28,4,4
H2162,C29,Not enough data available ,
H2162,C30,Not enough data available ,
H2162,C31,Not enough data available ,
H2162,C32,Not enough data available ,
H2162,C33,Not enough data available ,
H2162,D01,Not enough data available ,
H2162,D02,4,4
H2162,D03,Not enough data available ,
H2162,D04,3,3
H2162,D05,Plan too small to be measured ,
H2162,D06,Plan too small to be measured ,
H2162,D07,5,5
H2162,D08,3,3
H2162,D09,3,3
H2162,D10,3,3
H2162,D11,3,3
H2162,D12,2,2
H2168,C01,4,4
H2168,C02,3,3
H2168,C03,5,5
H2168,C04,Not enough data available ,
H2168,C05,Not enough data available ,
H2168,C06,5,5
H2168,C07,4,4
H2168,C08,4,4
H2168,C09,4,4
H2168,C10,Not enough data available ,
H2168,C11,5,5
H2168,C12,2,2
H2168,C13,3,3
H2168,C14,3,3
H2168,C15,5,5
H2168,C16,5,5
H2168,C17,4,4
H2168,C18,4,4
H2168,C19,5,5
H2168,C20,3,3
H2168,C21,4,4
H2168,C22,3,3
H2168,C23,4,4
H2168,C24,2,2
H2168,C25,3,3
H2168,C26,3,3
H2168,C27,4,4
H2168,C28,4,4
H2168,C29,3,3
H2168,C30,4,4
H2168,C31,3,3
H2168,C32,1,1
H2168,C33,5,5
H2168,D01,5,5
H2168,D02,4,4
H2168,D03,3,3
H2168,D04,5,5
H2168,D05,2,2
H2168,D06,1,1
H2168,D07,5,5
H2168,D08,4,4
H2168,D09,3,3
H2168,D10,3,3
H2168,D11,3,3
H2168,D12,5,5
H2172,C01,5,5
H2172,C02,5,5
H2172,C03,5,5
H2172,C04,3,3
H2172,C05,2,2
H2172,C06,5,5
H2172,C07,No data available ,
H2172,C08,No data available ,
H2172,C09,No data available ,
H2172,C10,5,5
H2172,C11,5,5
H2172,C12,4,4
H2172,C13,5,5
H2172,C14,5,5
H2172,C15,3,3
H2172,C16,3,3
H2172,C17,5,5
H2172,C18,4,4
H2172,C19,5,5
H2172,C20,5,5
H2172,C21,5,5
H2172,C22,1,1
H2172,C23,1,1
H2172,C24,3,3
H2172,C25,4,4
H2172,C26,4,4
H2172,C27,3,3
H2172,C28,4,4
H2172,C29,5,5
H2172,C30,4,4
H2172,C31,3,3
H2172,C32,4,4
H2172,C33,4,4
H2172,D01,4,4
H2172,D02,4,4
H2172,D03,5,5
H2172,D04,4,4
H2172,D05,5,5
H2172,D06,5,5
H2172,D07,5,5
H2172,D08,4,4
H2172,D09,5,5
H2172,D10,5,5
H2172,D11,4,4
H2172,D12,5,5
H2174,C01,1,1
H2174,C02,2,2
H2174,C03,3,3
H2174,C04,Not enough data available ,
H2174,C05,Not enough data available ,
H2174,C06,1,1
H2174,C07,3,3
H2174,C08,4,4
H2174,C09,2,2
H2174,C10,Not enough data available ,
H2174,C11,2,2
H2174,C12,2,2
H2174,C13,3,3
H2174,C14,3,3
H2174,C15,2,2
H2174,C16,Not enough data available ,
H2174,C17,4,4
H2174,C18,5,5
H2174,C19,Not enough data available ,
H2174,C20,2,2
H2174,C21,1,1
H2174,C22,2,2
H2174,C23,Not enough data available ,
H2174,C24,2,2
H2174,C25,1,1
H2174,C26,2,2
H2174,C27,Not enough data available ,
H2174,C28,4,4
H2174,C29,4,4
H2174,C30,3,3
H2174,C31,Not enough data available ,
H2174,C32,Not enough data available ,
H2174,C33,5,5
H2174,D01,5,5
H2174,D02,4,4
H2174,D03,4,4
H2174,D04,3,3
H2174,D05,2,2
H2174,D06,Not enough data available ,
H2174,D07,5,5
H2174,D08,1,1
H2174,D09,2,2
H2174,D10,2,2
H2174,D11,3,3
H2174,D12,4,4
H2185,C01,Plan too small to be measured ,
H2185,C02,Plan too small to be measured ,
H2185,C03,Plan too small to be measured ,
H2185,C04,Not enough data available ,
H2185,C05,Not enough data available ,
H2185,C06,Plan too small to be measured ,
H2185,C07,5,5
H2185,C08,5,5
H2185,C09,5,5
H2185,C10,Plan too small to be measured ,
H2185,C11,Plan too small to be measured ,
H2185,C12,Plan too small to be measured ,
H2185,C13,Plan too small to be measured ,
H2185,C14,Plan too small to be measured ,
H2185,C15,Plan too small to be measured ,
H2185,C16,Plan too small to be measured ,
H2185,C17,Plan too small to be measured ,
H2185,C18,Plan too small to be measured ,
H2185,C19,Plan too small to be measured ,
H2185,C20,Plan too small to be measured ,
H2185,C21,Plan too small to be measured ,
H2185,C22,Plan too small to be measured ,
H2185,C23,Plan too small to be measured ,
H2185,C24,Plan too small to be measured ,
H2185,C25,Plan too small to be measured ,
H2185,C26,Plan too small to be measured ,
H2185,C27,Plan too small to be measured ,
H2185,C28,Not enough data available ,
H2185,C29,Not enough data available ,
H2185,C30,Not enough data available ,
H2185,C31,Not enough data available ,
H2185,C32,Not enough data available ,
H2185,C33,3,3
H2185,D01,5,5
H2185,D02,Not enough data available ,
H2185,D03,Not enough data available ,
H2185,D04,5,5
H2185,D05,Plan too small to be measured ,
H2185,D06,Plan too small to be measured ,
H2185,D07,Not enough data available ,
H2185,D08,2,2
H2185,D09,3,3
H2185,D10,2,2
H2185,D11,5,5
H2185,D12,5,5
H2224,C01,2,2
H2224,C02,4,4
H2224,C03,4,4
H2224,C04,Not enough data available ,
H2224,C05,Not enough data available ,
H2224,C06,4,4
H2224,C07,5,5
H2224,C08,4,4
H2224,C09,5,5
H2224,C10,1,1
H2224,C11,5,5
H2224,C12,3,3
H2224,C13,3,3
H2224,C14,4,4
H2224,C15,5,5
H2224,C16,Not enough data available ,
H2224,C17,4,4
H2224,C18,2,2
H2224,C19,5,5
H2224,C20,2,2
H2224,C21,2,2
H2224,C22,2,2
H2224,C23,3,3
H2224,C24,4,4
H2224,C25,4,4
H2224,C26,4,4
H2224,C27,3,3
H2224,C28,5,5
H2224,C29,5,5
H2224,C30,5,5
H2224,C31,5,5
H2224,C32,2,2
H2224,C33,5,5
H2224,D01,5,5
H2224,D02,5,5
H2224,D03,5,5
H2224,D04,5,5
H2224,D05,4,4
H2224,D06,4,4
H2224,D07,5,5
H2224,D08,5,5
H2224,D09,5,5
H2224,D10,4,4
H2224,D11,3,3
H2224,D12,4,4
H2225,C01,4,4
H2225,C02,4,4
H2225,C03,4,4
H2225,C04,1,1
H2225,C05,4,4
H2225,C06,4,4
H2225,C07,5,5
H2225,C08,5,5
H2225,C09,4,4
H2225,C10,1,1
H2225,C11,4,4
H2225,C12,4,4
H2225,C13,4,4
H2225,C14,5,5
H2225,C15,5,5
H2225,C16,5,5
H2225,C17,5,5
H2225,C18,1,1
H2225,C19,4,4
H2225,C20,5,5
H2225,C21,4,4
H2225,C22,2,2
H2225,C23,3,3
H2225,C24,3,3
H2225,C25,4,4
H2225,C26,5,5
H2225,C27,1,1
H2225,C28,4,4
H2225,C29,5,5
H2225,C30,4,4
H2225,C31,3,3
H2225,C32,2,2
H2225,C33,3,3
H2225,D01,3,3
H2225,D02,4,4
H2225,D03,5,5
H2225,D04,5,5
H2225,D05,5,5
H2225,D06,2,2
H2225,D07,5,5
H2225,D08,4,4
H2225,D09,3,3
H2225,D10,3,3
H2225,D11,4,4
H2225,D12,5,5
H2226,C01,4,4
H2226,C02,5,5
H2226,C03,5,5
H2226,C04,4,4
H2226,C05,4,4
H2226,C06,5,5
H2226,C07,4,4
H2226,C08,5,5
H2226,C09,5,5
H2226,C10,1,1
H2226,C11,5,5
H2226,C12,4,4
H2226,C13,3,3
H2226,C14,4,4
H2226,C15,5,5
H2226,C16,4,4
H2226,C17,4,4
H2226,C18,2,2
H2226,C19,3,3
H2226,C20,3,3
H2226,C21,3,3
H2226,C22,3,3
H2226,C23,4,4
H2226,C24,3,3
H2226,C25,3,3
H2226,C26,5,5
H2226,C27,3,3
H2226,C28,5,5
H2226,C29,5,5
H2226,C30,5,5
H2226,C31,3,3
H2226,C32,5,5
H2226,C33,5,5
H2226,D01,5,5
H2226,D02,5,5
H2226,D03,5,5
H2226,D04,3,3
H2226,D05,4,4
H2226,D06,3,3
H2226,D07,5,5
H2226,D08,3,3
H2226,D09,3,3
H2226,D10,2,2
H2226,D11,4,4
H2226,D12,4,4
H2230,C01,5,5
H2230,C02,4,4
H2230,C03,5,5
H2230,C04,5,5
H2230,C05,5,5
H2230,C06,3,3
H2230,C07,Plan not required to report measure ,
H2230,C08,Plan not required to report measure ,
H2230,C09,Plan not required to report measure ,
H2230,C10,3,3
H2230,C11,5,5
H2230,C12,5,5
H2230,C13,5,5
H2230,C14,4,4
H2230,C15,2,2
H2230,C16,3,3
H2230,C17,4,4
H2230,C18,5,5
H2230,C19,3,3
H2230,C20,4,4
H2230,C21,3,3
H2230,C22,2,2
H2230,C23,2,2
H2230,C24,4,4
H2230,C25,4,4
H2230,C26,4,4
H2230,C27,3,3
H2230,C28,5,5
H2230,C29,5,5
H2230,C30,4,4
H2230,C31,4,4
H2230,C32,4,4
H2230,C33,5,5
H2230,D01,4,4
H2230,D02,5,5
H2230,D03,5,5
H2230,D04,5,5
H2230,D05,2,2
H2230,D06,3,3
H2230,D07,5,5
H2230,D08,4,4
H2230,D09,5,5
H2230,D10,4,4
H2230,D11,3,3
H2230,D12,3,3
H2235,C01,5,5
H2235,C02,5,5
H2235,C03,4,4
H2235,C04,4,4
H2235,C05,3,3
H2235,C06,4,4
H2235,C07,Plan not required to report measure ,
H2235,C08,Plan not required to report measure ,
H2235,C09,Plan not required to report measure ,
H2235,C10,3,3
H2235,C11,3,3
H2235,C12,5,5
H2235,C13,4,4
H2235,C14,3,3
H2235,C15,2,2
H2235,C16,5,5
H2235,C17,4,4
H2235,C18,1,1
H2235,C19,2,2
H2235,C20,3,3
H2235,C21,4,4
H2235,C22,5,5
H2235,C23,5,5
H2235,C24,4,4
H2235,C25,5,5
H2235,C26,5,5
H2235,C27,5,5
H2235,C28,5,5
H2235,C29,5,5
H2235,C30,4,4
H2235,C31,5,5
H2235,C32,4,4
H2235,C33,3,3
H2235,D01,3,3
H2235,D02,5,5
H2235,D03,5,5
H2235,D04,4,4
H2235,D05,5,5
H2235,D06,5,5
H2235,D07,4,4
H2235,D08,2,2
H2235,D09,3,3
H2235,D10,3,3
H2235,D11,3,3
H2235,D12,3,3
H2237,C01,2,2
H2237,C02,3,3
H2237,C03,3,3
H2237,C04,Not enough data available ,
H2237,C05,Not enough data available ,
H2237,C06,3,3
H2237,C07,3,3
H2237,C08,4,4
H2237,C09,3,3
H2237,C10,Not enough data available ,
H2237,C11,1,1
H2237,C12,3,3
H2237,C13,3,3
H2237,C14,3,3
H2237,C15,5,5
H2237,C16,2,2
H2237,C17,4,4
H2237,C18,2,2
H2237,C19,3,3
H2237,C20,3,3
H2237,C21,2,2
H2237,C22,1,1
H2237,C23,3,3
H2237,C24,Not enough data available ,
H2237,C25,Not enough data available ,
H2237,C26,1,1
H2237,C27,Not enough data available ,
H2237,C28,4,4
H2237,C29,1,1
H2237,C30,1,1
H2237,C31,3,3
H2237,C32,2,2
H2237,C33,5,5
H2237,D01,4,4
H2237,D02,4,4
H2237,D03,1,1
H2237,D04,3,3
H2237,D05,2,2
H2237,D06,Not enough data available ,
H2237,D07,4,4
H2237,D08,2,2
H2237,D09,2,2
H2237,D10,2,2
H2237,D11,3,3
H2237,D12,3,3
H2247,C01,2,2
H2247,C02,3,3
H2247,C03,1,1
H2247,C04,1,1
H2247,C05,3,3
H2247,C06,2,2
H2247,C07,4,4
H2247,C08,4,4
H2247,C09,4,4
H2247,C10,2,2
H2247,C11,4,4
H2247,C12,3,3
H2247,C13,3,3
H2247,C14,4,4
H2247,C15,2,2
H2247,C16,3,3
H2247,C17,2,2
H2247,C18,2,2
H2247,C19,3,3
H2247,C20,2,2
H2247,C21,2,2
H2247,C22,4,4
H2247,C23,4,4
H2247,C24,3,3
H2247,C25,4,4
H2247,C26,5,5
H2247,C27,4,4
H2247,C28,4,4
H2247,C29,3,3
H2247,C30,4,4
H2247,C31,5,5
H2247,C32,4,4
H2247,C33,5,5
H2247,D01,5,5
H2247,D02,4,4
H2247,D03,3,3
H2247,D04,2,2
H2247,D05,4,4
H2247,D06,4,4
H2247,D07,5,5
H2247,D08,2,2
H2247,D09,2,2
H2247,D10,1,1
H2247,D11,3,3
H2247,D12,3,3
H2256,C01,5,5
H2256,C02,5,5
H2256,C03,5,5
H2256,C04,4,4
H2256,C05,3,3
H2256,C06,4,4
H2256,C07,Plan not required to report measure ,
H2256,C08,Plan not required to report measure ,
H2256,C09,Plan not required to report measure ,
H2256,C10,1,1
H2256,C11,4,4
H2256,C12,4,4
H2256,C13,4,4
H2256,C14,4,4
H2256,C15,2,2
H2256,C16,2,2
H2256,C17,4,4
H2256,C18,2,2
H2256,C19,4,4
H2256,C20,4,4
H2256,C21,3,3
H2256,C22,4,4
H2256,C23,4,4
H2256,C24,3,3
H2256,C25,4,4
H2256,C26,4,4
H2256,C27,5,5
H2256,C28,5,5
H2256,C29,5,5
H2256,C30,4,4
H2256,C31,4,4
H2256,C32,4,4
H2256,C33,4,4
H2256,D01,4,4
H2256,D02,5,5
H2256,D03,5,5
H2256,D04,5,5
H2256,D05,2,2
H2256,D06,3,3
H2256,D07,5,5
H2256,D08,3,3
H2256,D09,4,4
H2256,D10,4,4
H2256,D11,4,4
H2256,D12,3,3
H2261,C01,4,4
H2261,C02,4,4
H2261,C03,5,5
H2261,C04,4,4
H2261,C05,4,4
H2261,C06,4,4
H2261,C07,Plan not required to report measure ,
H2261,C08,Plan not required to report measure ,
H2261,C09,Plan not required to report measure ,
H2261,C10,2,2
H2261,C11,4,4
H2261,C12,4,4
H2261,C13,5,5
H2261,C14,4,4
H2261,C15,1,1
H2261,C16,4,4
H2261,C17,4,4
H2261,C18,5,5
H2261,C19,3,3
H2261,C20,4,4
H2261,C21,3,3
H2261,C22,3,3
H2261,C23,4,4
H2261,C24,4,4
H2261,C25,4,4
H2261,C26,4,4
H2261,C27,3,3
H2261,C28,5,5
H2261,C29,5,5
H2261,C30,4,4
H2261,C31,5,5
H2261,C32,4,4
H2261,C33,5,5
H2261,D01,4,4
H2261,D02,5,5
H2261,D03,5,5
H2261,D04,5,5
H2261,D05,3,3
H2261,D06,4,4
H2261,D07,5,5
H2261,D08,4,4
H2261,D09,4,4
H2261,D10,4,4
H2261,D11,2,2
H2261,D12,3,3
H2272,C01,No data available ,
H2272,C02,4,4
H2272,C03,Plan too small to be measured ,
H2272,C04,Plan too new to be measured ,
H2272,C05,Plan too new to be measured ,
H2272,C06,Plan too small to be measured ,
H2272,C07,4,4
H2272,C08,4,4
H2272,C09,4,4
H2272,C10,Not enough data available ,
H2272,C11,5,5
H2272,C12,5,5
H2272,C13,3,3
H2272,C14,5,5
H2272,C15,Plan too small to be measured ,
H2272,C16,Plan too small to be measured ,
H2272,C17,4,4
H2272,C18,No data available ,
H2272,C19,Not enough data available ,
H2272,C20,2,2
H2272,C21,No data available ,
H2272,C22,Plan too small to be measured ,
H2272,C23,Plan too small to be measured ,
H2272,C24,Plan too small to be measured ,
H2272,C25,Plan too small to be measured ,
H2272,C26,Plan too small to be measured ,
H2272,C27,Plan too small to be measured ,
H2272,C28,Not enough data available ,
H2272,C29,Not enough data available ,
H2272,C30,Not enough data available ,
H2272,C31,Not enough data available ,
H2272,C32,Not enough data available ,
H2272,C33,5,5
H2272,D01,5,5
H2272,D02,Not enough data available ,
H2272,D03,Not enough data available ,
H2272,D04,3,3
H2272,D05,Plan too small to be measured ,
H2272,D06,Plan too small to be measured ,
H2272,D07,5,5
H2272,D08,4,4
H2272,D09,5,5
H2272,D10,4,4
H2272,D11,Not enough data available ,
H2272,D12,5,5
H2292,C01,2,2
H2292,C02,5,5
H2292,C03,Plan too small to be measured ,
H2292,C04,Not enough data available ,
H2292,C05,Not enough data available ,
H2292,C06,No data available ,
H2292,C07,5,5
H2292,C08,4,4
H2292,C09,5,5
H2292,C10,Not enough data available ,
H2292,C11,5,5
H2292,C12,4,4
H2292,C13,2,2
H2292,C14,Not enough data available ,
H2292,C15,No data available ,
H2292,C16,No data available ,
H2292,C17,1,1
H2292,C18,3,3
H2292,C19,Not enough data available ,
H2292,C20,1,1
H2292,C21,Not enough data available ,
H2292,C22,Plan too small to be measured ,
H2292,C23,Plan too small to be measured ,
H2292,C24,Plan too small to be measured ,
H2292,C25,Plan too small to be measured ,
H2292,C26,Plan too small to be measured ,
H2292,C27,Plan too small to be measured ,
H2292,C28,5,5
H2292,C29,5,5
H2292,C30,3,3
H2292,C31,4,4
H2292,C32,3,3
H2292,C33,5,5
H2292,D01,5,5
H2292,D02,5,5
H2292,D03,5,5
H2292,D04,4,4
H2292,D05,Plan too small to be measured ,
H2292,D06,Plan too small to be measured ,
H2292,D07,5,5
H2292,D08,4,4
H2292,D09,5,5
H2292,D10,4,4
H2292,D11,5,5
H2292,D12,5,5
H2293,C01,4,4
H2293,C02,4,4
H2293,C03,3,3
H2293,C04,Plan too new to be measured ,
H2293,C05,Plan too new to be measured ,
H2293,C06,3,3
H2293,C07,3,3
H2293,C08,5,5
H2293,C09,5,5
H2293,C10,4,4
H2293,C11,3,3
H2293,C12,5,5
H2293,C13,3,3
H2293,C14,3,3
H2293,C15,2,2
H2293,C16,1,1
H2293,C17,5,5
H2293,C18,4,4
H2293,C19,3,3
H2293,C20,3,3
H2293,C21,4,4
H2293,C22,5,5
H2293,C23,4,4
H2293,C24,3,3
H2293,C25,4,4
H2293,C26,4,4
H2293,C27,4,4
H2293,C28,4,4
H2293,C29,4,4
H2293,C30,4,4
H2293,C31,4,4
H2293,C32,4,4
H2293,C33,4,4
H2293,D01,5,5
H2293,D02,4,4
H2293,D03,4,4
H2293,D04,4,4
H2293,D05,4,4
H2293,D06,4,4
H2293,D07,5,5
H2293,D08,2,2
H2293,D09,4,4
H2293,D10,4,4
H2293,D11,5,5
H2293,D12,3,3
H2320,C01,4,4
H2320,C02,5,5
H2320,C03,4,4
H2320,C04,4,4
H2320,C05,4,4
H2320,C06,3,3
H2320,C07,Plan not required to report measure ,
H2320,C08,Plan not required to report measure ,
H2320,C09,Plan not required to report measure ,
H2320,C10,3,3
H2320,C11,4,4
H2320,C12,5,5
H2320,C13,5,5
H2320,C14,4,4
H2320,C15,1,1
H2320,C16,3,3
H2320,C17,4,4
H2320,C18,4,4
H2320,C19,3,3
H2320,C20,5,5
H2320,C21,3,3
H2320,C22,5,5
H2320,C23,4,4
H2320,C24,4,4
H2320,C25,4,4
H2320,C26,4,4
H2320,C27,5,5
H2320,C28,5,5
H2320,C29,4,4
H2320,C30,4,4
H2320,C31,5,5
H2320,C32,2,2
H2320,C33,5,5
H2320,D01,5,5
H2320,D02,5,5
H2320,D03,4,4
H2320,D04,4,4
H2320,D05,3,3
H2320,D06,5,5
H2320,D07,5,5
H2320,D08,3,3
H2320,D09,4,4
H2320,D10,4,4
H2320,D11,4,4
H2320,D12,3,3
H2322,C01,4,4
H2322,C02,4,4
H2322,C03,2,2
H2322,C04,3,3
H2322,C05,4,4
H2322,C06,4,4
H2322,C07,No data available ,
H2322,C08,No data available ,
H2322,C09,No data available ,
H2322,C10,4,4
H2322,C11,4,4
H2322,C12,4,4
H2322,C13,4,4
H2322,C14,4,4
H2322,C15,2,2
H2322,C16,3,3
H2322,C17,4,4
H2322,C18,4,4
H2322,C19,3,3
H2322,C20,4,4
H2322,C21,3,3
H2322,C22,4,4
H2322,C23,4,4
H2322,C24,4,4
H2322,C25,4,4
H2322,C26,4,4
H2322,C27,3,3
H2322,C28,5,5
H2322,C29,4,4
H2322,C30,3,3
H2322,C31,5,5
H2322,C32,5,5
H2322,C33,4,4
H2322,D01,4,4
H2322,D02,5,5
H2322,D03,4,4
H2322,D04,2,2
H2322,D05,2,2
H2322,D06,4,4
H2322,D07,5,5
H2322,D08,3,3
H2322,D09,4,4
H2322,D10,4,4
H2322,D11,5,5
H2322,D12,3,3
H2354,C01,4,4
H2354,C02,5,5
H2354,C03,4,4
H2354,C04,4,4
H2354,C05,1,1
H2354,C06,3,3
H2354,C07,2,2
H2354,C08,4,4
H2354,C09,4,4
H2354,C10,4,4
H2354,C11,4,4
H2354,C12,5,5
H2354,C13,4,4
H2354,C14,3,3
H2354,C15,3,3
H2354,C16,3,3
H2354,C17,4,4
H2354,C18,2,2
H2354,C19,3,3
H2354,C20,4,4
H2354,C21,3,3
H2354,C22,4,4
H2354,C23,3,3
H2354,C24,5,5
H2354,C25,5,5
H2354,C26,5,5
H2354,C27,4,4
H2354,C28,5,5
H2354,C29,5,5
H2354,C30,4,4
H2354,C31,4,4
H2354,C32,4,4
H2354,C33,4,4
H2354,D01,4,4
H2354,D02,5,5
H2354,D03,5,5
H2354,D04,2,2
H2354,D05,3,3
H2354,D06,4,4
H2354,D07,5,5
H2354,D08,3,3
H2354,D09,4,4
H2354,D10,4,4
H2354,D11,5,5
H2354,D12,3,3
H2385,C01,Plan too new to be measured ,
H2385,C02,Plan too new to be measured ,
H2385,C03,Plan too new to be measured ,
H2385,C04,Plan too new to be measured ,
H2385,C05,Plan too new to be measured ,
H2385,C06,Plan too new to be measured ,
H2385,C07,Plan too new to be measured ,
H2385,C08,Plan too new to be measured ,
H2385,C09,Plan too new to be measured ,
H2385,C10,Plan too new to be measured ,
H2385,C11,Plan too new to be measured ,
H2385,C12,Plan too new to be measured ,
H2385,C13,Plan too new to be measured ,
H2385,C14,Plan too new to be measured ,
H2385,C15,Plan too new to be measured ,
H2385,C16,Plan too new to be measured ,
H2385,C17,Plan too new to be measured ,
H2385,C18,Plan too new to be measured ,
H2385,C19,Plan too new to be measured ,
H2385,C20,Plan too new to be measured ,
H2385,C21,Plan too new to be measured ,
H2385,C22,Plan too new to be measured ,
H2385,C23,Plan too new to be measured ,
H2385,C24,Plan too new to be measured ,
H2385,C25,Plan too new to be measured ,
H2385,C26,Plan too new to be measured ,
H2385,C27,Plan too new to be measured ,
H2385,C28,Plan too new to be measured ,
H2385,C29,Plan too new to be measured ,
H2385,C30,Plan too new to be measured ,
H2385,C31,Not enough data available ,
H2385,C32,Not enough data available ,
H2385,C33,Plan too new to be measured ,
H2385,D01,Plan too new to be measured ,
H2385,D02,Plan too new to be measured ,
H2385,D03,Plan too new to be measured ,
H2385,D04,Plan too new to be measured ,
H2385,D05,Plan too new to be measured ,
H2385,D06,Plan too new to be measured ,
H2385,D07,Plan too new to be measured ,
H2385,D08,Plan too new to be measured ,
H2385,D09,Plan too new to be measured ,
H2385,D10,Plan too new to be measured ,
H2385,D11,Plan too new to be measured ,
H2385,D12,Plan too new to be measured,
H2392,C01,No data available ,
H2392,C02,1,1
H2392,C03,Plan too small to be measured ,
H2392,C04,Not enough data available ,
H2392,C05,Not enough data available ,
H2392,C06,No data available ,
H2392,C07,5,5
H2392,C08,5,5
H2392,C09,5,5
H2392,C10,Not enough data available ,
H2392,C11,3,3
H2392,C12,4,4
H2392,C13,No data available ,
H2392,C14,Not enough data available ,
H2392,C15,No data available ,
H2392,C16,No data available ,
H2392,C17,3,3
H2392,C18,No data available ,
H2392,C19,Not enough data available ,
H2392,C20,5,5
H2392,C21,5,5
H2392,C22,Plan too small to be measured ,
H2392,C23,Plan too small to be measured ,
H2392,C24,Plan too small to be measured ,
H2392,C25,Plan too small to be measured ,
H2392,C26,Plan too small to be measured ,
H2392,C27,Plan too small to be measured ,
H2392,C28,5,5
H2392,C29,5,5
H2392,C30,4,4
H2392,C31,Not enough data available ,
H2392,C32,Not enough data available ,
H2392,C33,3,3
H2392,D01,3,3
H2392,D02,5,5
H2392,D03,5,5
H2392,D04,3,3
H2392,D05,Plan too small to be measured ,
H2392,D06,Plan too small to be measured ,
H2392,D07,5,5
H2392,D08,5,5
H2392,D09,3,3
H2392,D10,5,5
H2392,D11,4,4
H2392,D12,3,3
H2400,C01,Not enough data available ,
H2400,C02,1,1
H2400,C03,Plan too small to be measured ,
H2400,C04,Not enough data available ,
H2400,C05,Not enough data available ,
H2400,C06,No data available ,
H2400,C07,5,5
H2400,C08,5,5
H2400,C09,5,5
H2400,C10,Not enough data available ,
H2400,C11,2,2
H2400,C12,3,3
H2400,C13,1,1
H2400,C14,5,5
H2400,C15,No data available ,
H2400,C16,No data available ,
H2400,C17,Not enough data available ,
H2400,C18,2,2
H2400,C19,Not enough data available ,
H2400,C20,Not enough data available ,
H2400,C21,1,1
H2400,C22,Plan too small to be measured ,
H2400,C23,Plan too small to be measured ,
H2400,C24,Plan too small to be measured ,
H2400,C25,Plan too small to be measured ,
H2400,C26,Plan too small to be measured ,
H2400,C27,Plan too small to be measured ,
H2400,C28,5,5
H2400,C29,5,5
H2400,C30,3,3
H2400,C31,1,1
H2400,C32,4,4
H2400,C33,3,3
H2400,D01,4,4
H2400,D02,5,5
H2400,D03,5,5
H2400,D04,2,2
H2400,D05,Plan too small to be measured ,
H2400,D06,Plan too small to be measured ,
H2400,D07,5,5
H2400,D08,2,2
H2400,D09,2,2
H2400,D10,3,3
H2400,D11,4,4
H2400,D12,2,2
H2406,C01,4,4
H2406,C02,4,4
H2406,C03,4,4
H2406,C04,4,4
H2406,C05,4,4
H2406,C06,4,4
H2406,C07,5,5
H2406,C08,4,4
H2406,C09,5,5
H2406,C10,3,3
H2406,C11,5,5
H2406,C12,5,5
H2406,C13,4,4
H2406,C14,4,4
H2406,C15,2,2
H2406,C16,3,3
H2406,C17,3,3
H2406,C18,3,3
H2406,C19,3,3
H2406,C20,2,2
H2406,C21,3,3
H2406,C22,3,3
H2406,C23,Not enough data available ,
H2406,C24,3,3
H2406,C25,3,3
H2406,C26,4,4
H2406,C27,3,3
H2406,C28,5,5
H2406,C29,4,4
H2406,C30,4,4
H2406,C31,5,5
H2406,C32,4,4
H2406,C33,5,5
H2406,D01,5,5
H2406,D02,5,5
H2406,D03,4,4
H2406,D04,3,3
H2406,D05,2,2
H2406,D06,3,3
H2406,D07,5,5
H2406,D08,3,3
H2406,D09,4,4
H2406,D10,4,4
H2406,D11,4,4
H2406,D12,3,3
H2416,C01,4,4
H2416,C02,3,3
H2416,C03,4,4
H2416,C04,3,3
H2416,C05,4,4
H2416,C06,1,1
H2416,C07,3,3
H2416,C08,4,4
H2416,C09,4,4
H2416,C10,Not enough data available ,
H2416,C11,4,4
H2416,C12,3,3
H2416,C13,2,2
H2416,C14,3,3
H2416,C15,5,5
H2416,C16,5,5
H2416,C17,4,4
H2416,C18,1,1
H2416,C19,5,5
H2416,C20,4,4
H2416,C21,4,4
H2416,C22,4,4
H2416,C23,4,4
H2416,C24,Not enough data available ,
H2416,C25,4,4
H2416,C26,5,5
H2416,C27,3,3
H2416,C28,5,5
H2416,C29,5,5
H2416,C30,3,3
H2416,C31,Not enough data available ,
H2416,C32,Not enough data available ,
H2416,C33,3,3
H2416,D01,4,4
H2416,D02,5,5
H2416,D03,5,5
H2416,D04,3,3
H2416,D05,4,4
H2416,D06,5,5
H2416,D07,4,4
H2416,D08,5,5
H2416,D09,3,3
H2416,D10,4,4
H2416,D11,1,1
H2416,D12,4,4
H2417,C01,Plan too small to be measured ,
H2417,C02,Plan too small to be measured ,
H2417,C03,Plan too small to be measured ,
H2417,C04,Plan too small to be measured ,
H2417,C05,Plan too small to be measured ,
H2417,C06,Plan too small to be measured ,
H2417,C07,3,3
H2417,C08,4,4
H2417,C09,3,3
H2417,C10,Plan too small to be measured ,
H2417,C11,Plan too small to be measured ,
H2417,C12,Plan too small to be measured ,
H2417,C13,Plan too small to be measured ,
H2417,C14,Plan too small to be measured ,
H2417,C15,Plan too small to be measured ,
H2417,C16,Plan too small to be measured ,
H2417,C17,Plan too small to be measured ,
H2417,C18,Plan too small to be measured ,
H2417,C19,Plan too small to be measured ,
H2417,C20,Plan too small to be measured ,
H2417,C21,Plan too small to be measured ,
H2417,C22,Plan too small to be measured ,
H2417,C23,Plan too small to be measured ,
H2417,C24,Plan too small to be measured ,
H2417,C25,Plan too small to be measured ,
H2417,C26,Plan too small to be measured ,
H2417,C27,Plan too small to be measured ,
H2417,C28,Not enough data available ,
H2417,C29,Not enough data available ,
H2417,C30,Not enough data available ,
H2417,C31,Not enough data available ,
H2417,C32,Not enough data available ,
H2417,C33,3,3
H2417,D01,2,2
H2417,D02,Not enough data available ,
H2417,D03,Not enough data available ,
H2417,D04,3,3
H2417,D05,Plan too small to be measured ,
H2417,D06,Plan too small to be measured ,
H2417,D07,4,4
H2417,D08,5,5
H2417,D09,4,4
H2417,D10,5,5
H2417,D11,2,2
H2417,D12,Not enough data available,
H2419,C01,2,2
H2419,C02,3,3
H2419,C03,4,4
H2419,C04,3,3
H2419,C05,5,5
H2419,C06,3,3
H2419,C07,3,3
H2419,C08,3,3
H2419,C09,3,3
H2419,C10,Not enough data available ,
H2419,C11,3,3
H2419,C12,3,3
H2419,C13,2,2
H2419,C14,3,3
H2419,C15,5,5
H2419,C16,3,3
H2419,C17,4,4
H2419,C18,4,4
H2419,C19,3,3
H2419,C20,3,3
H2419,C21,2,2
H2419,C22,3,3
H2419,C23,Not enough data available ,
H2419,C24,4,4
H2419,C25,4,4
H2419,C26,4,4
H2419,C27,3,3
H2419,C28,5,5
H2419,C29,5,5
H2419,C30,3,3
H2419,C31,Not enough data available ,
H2419,C32,Not enough data available ,
H2419,C33,4,4
H2419,D01,4,4
H2419,D02,5,5
H2419,D03,5,5
H2419,D04,3,3
H2419,D05,3,3
H2419,D06,3,3
H2419,D07,5,5
H2419,D08,3,3
H2419,D09,4,4
H2419,D10,4,4
H2419,D11,4,4
H2419,D12,4,4
H2422,C01,5,5
H2422,C02,3,3
H2422,C03,4,4
H2422,C04,3,3
H2422,C05,1,1
H2422,C06,3,3
H2422,C07,4,4
H2422,C08,4,4
H2422,C09,3,3
H2422,C10,2,2
H2422,C11,4,4
H2422,C12,4,4
H2422,C13,4,4
H2422,C14,3,3
H2422,C15,5,5
H2422,C16,3,3
H2422,C17,4,4
H2422,C18,2,2
H2422,C19,4,4
H2422,C20,4,4
H2422,C21,3,3
H2422,C22,3,3
H2422,C23,4,4
H2422,C24,3,3
H2422,C25,4,4
H2422,C26,4,4
H2422,C27,3,3
H2422,C28,5,5
H2422,C29,5,5
H2422,C30,3,3
H2422,C31,Not enough data available ,
H2422,C32,Not enough data available ,
H2422,C33,4,4
H2422,D01,5,5
H2422,D02,5,5
H2422,D03,5,5
H2422,D04,3,3
H2422,D05,4,4
H2422,D06,2,2
H2422,D07,4,4
H2422,D08,3,3
H2422,D09,4,4
H2422,D10,4,4
H2422,D11,4,4
H2422,D12,4,4
H2425,C01,2,2
H2425,C02,4,4
H2425,C03,4,4
H2425,C04,3,3
H2425,C05,3,3
H2425,C06,2,2
H2425,C07,4,4
H2425,C08,4,4
H2425,C09,4,4
H2425,C10,1,1
H2425,C11,4,4
H2425,C12,4,4
H2425,C13,2,2
H2425,C14,3,3
H2425,C15,5,5
H2425,C16,4,4
H2425,C17,3,3
H2425,C18,3,3
H2425,C19,3,3
H2425,C20,3,3
H2425,C21,2,2
H2425,C22,4,4
H2425,C23,4,4
H2425,C24,3,3
H2425,C25,4,4
H2425,C26,5,5
H2425,C27,3,3
H2425,C28,5,5
H2425,C29,5,5
H2425,C30,3,3
H2425,C31,Not enough data available ,
H2425,C32,Not enough data available ,
H2425,C33,5,5
H2425,D01,4,4
H2425,D02,5,5
H2425,D03,5,5
H2425,D04,4,4
H2425,D05,4,4
H2425,D06,4,4
H2425,D07,5,5
H2425,D08,4,4
H2425,D09,3,3
H2425,D10,4,4
H2425,D11,2,2
H2425,D12,3,3
H2441,C01,Plan too new to be measured ,
H2441,C02,Plan too new to be measured ,
H2441,C03,Plan too new to be measured ,
H2441,C04,Plan too new to be measured ,
H2441,C05,Plan too new to be measured ,
H2441,C06,Plan too new to be measured ,
H2441,C07,Plan too new to be measured ,
H2441,C08,Plan too new to be measured ,
H2441,C09,Plan too new to be measured ,
H2441,C10,Plan too new to be measured ,
H2441,C11,Plan too new to be measured ,
H2441,C12,Plan too new to be measured ,
H2441,C13,Plan too new to be measured ,
H2441,C14,Plan too new to be measured ,
H2441,C15,Plan too new to be measured ,
H2441,C16,Plan too new to be measured ,
H2441,C17,Plan too new to be measured ,
H2441,C18,Plan too new to be measured ,
H2441,C19,Plan too new to be measured ,
H2441,C20,Plan too new to be measured ,
H2441,C21,Plan too new to be measured ,
H2441,C22,Plan too new to be measured ,
H2441,C23,Plan too new to be measured ,
H2441,C24,Plan too new to be measured ,
H2441,C25,Plan too new to be measured ,
H2441,C26,Plan too new to be measured ,
H2441,C27,Plan too new to be measured ,
H2441,C28,Plan too new to be measured ,
H2441,C29,Not enough data available ,
H2441,C30,Plan too new to be measured ,
H2441,C31,Not enough data available ,
H2441,C32,Not enough data available ,
H2441,C33,5,5
H2441,D01,5,5
H2441,D02,Plan too new to be measured ,
H2441,D03,Not enough data available ,
H2441,D04,Plan too new to be measured ,
H2441,D05,Plan too new to be measured ,
H2441,D06,Plan too new to be measured ,
H2441,D07,Plan too new to be measured ,
H2441,D08,Plan too new to be measured ,
H2441,D09,Plan too new to be measured ,
H2441,D10,Plan too new to be measured ,
H2441,D11,Plan too new to be measured ,
H2441,D12,Plan too new to be measured,
H2445,C01,Plan too new to be measured ,
H2445,C02,Plan too new to be measured ,
H2445,C03,Plan too new to be measured ,
H2445,C04,Plan too new to be measured ,
H2445,C05,Plan too new to be measured ,
H2445,C06,Plan too new to be measured ,
H2445,C07,Plan too new to be measured ,
H2445,C08,Plan too new to be measured ,
H2445,C09,Plan too new to be measured ,
H2445,C10,Plan too new to be measured ,
H2445,C11,Plan too new to be measured ,
H2445,C12,Plan too new to be measured ,
H2445,C13,Plan too new to be measured ,
H2445,C14,Plan too new to be measured ,
H2445,C15,Plan too new to be measured ,
H2445,C16,Plan too new to be measured ,
H2445,C17,Plan too new to be measured ,
H2445,C18,Plan too new to be measured ,
H2445,C19,Plan too new to be measured ,
H2445,C20,Plan too new to be measured ,
H2445,C21,Plan too new to be measured ,
H2445,C22,Plan too new to be measured ,
H2445,C23,Plan too new to be measured ,
H2445,C24,Plan too new to be measured ,
H2445,C25,Plan too new to be measured ,
H2445,C26,Plan too new to be measured ,
H2445,C27,Plan too new to be measured ,
H2445,C28,Plan too new to be measured ,
H2445,C29,Not enough data available ,
H2445,C30,Plan too new to be measured ,
H2445,C31,Not enough data available ,
H2445,C32,Not enough data available ,
H2445,C33,5,5
H2445,D01,5,5
H2445,D02,Plan too new to be measured ,
H2445,D03,Not enough data available ,
H2445,D04,Plan too new to be measured ,
H2445,D05,Plan too new to be measured ,
H2445,D06,Plan too new to be measured ,
H2445,D07,Plan too new to be measured ,
H2445,D08,Plan too new to be measured ,
H2445,D09,Plan too new to be measured ,
H2445,D10,Plan too new to be measured ,
H2445,D11,Plan too new to be measured ,
H2445,D12,Plan too new to be measured,
H2450,C01,4,4
H2450,C02,3,3
H2450,C03,4,4
H2450,C04,3,3
H2450,C05,4,4
H2450,C06,2,2
H2450,C07,Plan not required to report measure ,
H2450,C08,Plan not required to report measure ,
H2450,C09,Plan not required to report measure ,
H2450,C10,1,1
H2450,C11,3,3
H2450,C12,3,3
H2450,C13,1,1
H2450,C14,2,2
H2450,C15,1,1
H2450,C16,2,2
H2450,C17,Plan not required to report measure ,
H2450,C18,No data available ,
H2450,C19,Plan not required to report measure ,
H2450,C20,Plan not required to report measure ,
H2450,C21,2,2
H2450,C22,4,4
H2450,C23,3,3
H2450,C24,5,5
H2450,C25,5,5
H2450,C26,4,4
H2450,C27,5,5
H2450,C28,5,5
H2450,C29,5,5
H2450,C30,3,3
H2450,C31,3,3
H2450,C32,3,3
H2450,C33,Plan not required to report measure ,
H2450,D01,Plan not required to report measure ,
H2450,D02,5,5
H2450,D03,5,5
H2450,D04,3,3
H2450,D05,2,2
H2450,D06,Not enough data available ,
H2450,D07,5,5
H2450,D08,4,4
H2450,D09,4,4
H2450,D10,4,4
H2450,D11,3,3
H2450,D12,2,2
H2456,C01,2,2
H2456,C02,3,3
H2456,C03,4,4
H2456,C04,4,4
H2456,C05,2,2
H2456,C06,3,3
H2456,C07,4,4
H2456,C08,4,4
H2456,C09,5,5
H2456,C10,1,1
H2456,C11,4,4
H2456,C12,4,4
H2456,C13,3,3
H2456,C14,2,2
H2456,C15,4,4
H2456,C16,3,3
H2456,C17,3,3
H2456,C18,1,1
H2456,C19,4,4
H2456,C20,3,3
H2456,C21,2,2
H2456,C22,2,2
H2456,C23,2,2
H2456,C24,2,2
H2456,C25,2,2
H2456,C26,3,3
H2456,C27,1,1
H2456,C28,5,5
H2456,C29,5,5
H2456,C30,3,3
H2456,C31,5,5
H2456,C32,4,4
H2456,C33,3,3
H2456,D01,4,4
H2456,D02,5,5
H2456,D03,5,5
H2456,D04,4,4
H2456,D05,2,2
H2456,D06,2,2
H2456,D07,5,5
H2456,D08,3,3
H2456,D09,2,2
H2456,D10,2,2
H2456,D11,2,2
H2456,D12,4,4
H2458,C01,2,2
H2458,C02,4,4
H2458,C03,3,3
H2458,C04,4,4
H2458,C05,4,4
H2458,C06,3,3
H2458,C07,4,4
H2458,C08,4,4
H2458,C09,5,5
H2458,C10,1,1
H2458,C11,4,4
H2458,C12,3,3
H2458,C13,2,2
H2458,C14,2,2
H2458,C15,4,4
H2458,C16,4,4
H2458,C17,4,4
H2458,C18,2,2
H2458,C19,5,5
H2458,C20,4,4
H2458,C21,2,2
H2458,C22,2,2
H2458,C23,3,3
H2458,C24,3,3
H2458,C25,2,2
H2458,C26,4,4
H2458,C27,3,3
H2458,C28,5,5
H2458,C29,5,5
H2458,C30,3,3
H2458,C31,5,5
H2458,C32,2,2
H2458,C33,4,4
H2458,D01,4,4
H2458,D02,5,5
H2458,D03,5,5
H2458,D04,3,3
H2458,D05,2,2
H2458,D06,2,2
H2458,D07,5,5
H2458,D08,3,3
H2458,D09,2,2
H2458,D10,3,3
H2458,D11,2,2
H2458,D12,4,4
H2459,C01,4,4
H2459,C02,4,4
H2459,C03,5,5
H2459,C04,5,5
H2459,C05,5,5
H2459,C06,2,2
H2459,C07,Plan not required to report measure ,
H2459,C08,Plan not required to report measure ,
H2459,C09,Plan not required to report measure ,
H2459,C10,3,3
H2459,C11,4,4
H2459,C12,5,5
H2459,C13,4,4
H2459,C14,3,3
H2459,C15,1,1
H2459,C16,2,2
H2459,C17,4,4
H2459,C18,2,2
H2459,C19,4,4
H2459,C20,3,3
H2459,C21,2,2
H2459,C22,4,4
H2459,C23,4,4
H2459,C24,5,5
H2459,C25,4,4
H2459,C26,5,5
H2459,C27,5,5
H2459,C28,5,5
H2459,C29,5,5
H2459,C30,5,5
H2459,C31,3,3
H2459,C32,4,4
H2459,C33,3,3
H2459,D01,4,4
H2459,D02,5,5
H2459,D03,5,5
H2459,D04,3,3
H2459,D05,4,4
H2459,D06,4,4
H2459,D07,5,5
H2459,D08,4,4
H2459,D09,4,4
H2459,D10,4,4
H2459,D11,2,2
H2459,D12,3,3
H2461,C01,4,4
H2461,C02,5,5
H2461,C03,4,4
H2461,C04,5,5
H2461,C05,4,4
H2461,C06,3,3
H2461,C07,Plan not required to report measure ,
H2461,C08,Plan not required to report measure ,
H2461,C09,Plan not required to report measure ,
H2461,C10,1,1
H2461,C11,5,5
H2461,C12,4,4
H2461,C13,2,2
H2461,C14,2,2
H2461,C15,1,1
H2461,C16,3,3
H2461,C17,Plan not required to report measure ,
H2461,C18,No data available ,
H2461,C19,Plan not required to report measure ,
H2461,C20,Plan not required to report measure ,
H2461,C21,2,2
H2461,C22,4,4
H2461,C23,4,4
H2461,C24,5,5
H2461,C25,4,4
H2461,C26,5,5
H2461,C27,4,4
H2461,C28,5,5
H2461,C29,5,5
H2461,C30,2,2
H2461,C31,Not enough data available ,
H2461,C32,Not enough data available ,
H2461,C33,Plan not required to report measure ,
H2461,D01,Plan not required to report measure ,
H2461,D02,5,5
H2461,D03,5,5
H2461,D04,3,3
H2461,D05,4,4
H2461,D06,Not enough data available ,
H2461,D07,5,5
H2461,D08,4,4
H2461,D09,4,4
H2461,D10,4,4
H2461,D11,1,1
H2461,D12,3,3
H2462,C01,4,4
H2462,C02,3,3
H2462,C03,4,4
H2462,C04,3,3
H2462,C05,4,4
H2462,C06,2,2
H2462,C07,Plan not required to report measure ,
H2462,C08,Plan not required to report measure ,
H2462,C09,Plan not required to report measure ,
H2462,C10,Not enough data available ,
H2462,C11,3,3
H2462,C12,4,4
H2462,C13,3,3
H2462,C14,3,3
H2462,C15,1,1
H2462,C16,1,1
H2462,C17,Plan not required to report measure ,
H2462,C18,No data available ,
H2462,C19,Plan not required to report measure ,
H2462,C20,Plan not required to report measure ,
H2462,C21,2,2
H2462,C22,5,5
H2462,C23,4,4
H2462,C24,4,4
H2462,C25,4,4
H2462,C26,4,4
H2462,C27,5,5
H2462,C28,5,5
H2462,C29,4,4
H2462,C30,4,4
H2462,C31,Not enough data available ,
H2462,C32,Not enough data available ,
H2462,C33,Plan not required to report measure ,
H2462,D01,Plan not required to report measure ,
H2462,D02,5,5
H2462,D03,4,4
H2462,D04,Not enough data available ,
H2462,D05,Plan too small to be measured ,
H2462,D06,Plan too small to be measured ,
H2462,D07,Plan not required to report measure ,
H2462,D08,Not enough data available ,
H2462,D09,Not enough data available ,
H2462,D10,Not enough data available ,
H2462,D11,Not required to report ,
H2462,D12,Not enough data available,
H2463,C01,4,4
H2463,C02,4,4
H2463,C03,2,2
H2463,C04,Not enough data available ,
H2463,C05,Not enough data available ,
H2463,C06,2,2
H2463,C07,Plan not required to report measure ,
H2463,C08,Plan not required to report measure ,
H2463,C09,Plan not required to report measure ,
H2463,C10,Not enough data available ,
H2463,C11,4,4
H2463,C12,4,4
H2463,C13,3,3
H2463,C14,2,2
H2463,C15,2,2
H2463,C16,Not enough data available ,
H2463,C17,5,5
H2463,C18,4,4
H2463,C19,2,2
H2463,C20,4,4
H2463,C21,2,2
H2463,C22,3,3
H2463,C23,Not enough data available ,
H2463,C24,Not enough data available ,
H2463,C25,3,3
H2463,C26,4,4
H2463,C27,Not enough data available ,
H2463,C28,4,4
H2463,C29,3,3
H2463,C30,3,3
H2463,C31,5,5
H2463,C32,2,2
H2463,C33,5,5
H2463,D01,5,5
H2463,D02,4,4
H2463,D03,3,3
H2463,D04,2,2
H2463,D05,4,4
H2463,D06,2,2
H2463,D07,1,1
H2463,D08,3,3
H2463,D09,2,2
H2463,D10,2,2
H2463,D11,3,3
H2463,D12,4,4
H2478,C01,Plan too small to be measured ,
H2478,C02,Plan too small to be measured ,
H2478,C03,Plan too small to be measured ,
H2478,C04,Plan too new to be measured ,
H2478,C05,Plan too new to be measured ,
H2478,C06,Plan too small to be measured ,
H2478,C07,3,3
H2478,C08,No data available ,
H2478,C09,No data available ,
H2478,C10,Plan too small to be measured ,
H2478,C11,Plan too small to be measured ,
H2478,C12,Plan too small to be measured ,
H2478,C13,Plan too small to be measured ,
H2478,C14,Plan too small to be measured ,
H2478,C15,Plan too small to be measured ,
H2478,C16,Plan too small to be measured ,
H2478,C17,Plan too small to be measured ,
H2478,C18,Plan too small to be measured ,
H2478,C19,Plan too small to be measured ,
H2478,C20,Plan too small to be measured ,
H2478,C21,Plan too small to be measured ,
H2478,C22,Plan too small to be measured ,
H2478,C23,Plan too small to be measured ,
H2478,C24,Plan too small to be measured ,
H2478,C25,Plan too small to be measured ,
H2478,C26,Plan too small to be measured ,
H2478,C27,Plan too small to be measured ,
H2478,C28,Not enough data available ,
H2478,C29,Not enough data available ,
H2478,C30,Not enough data available ,
H2478,C31,Not enough data available ,
H2478,C32,Not enough data available ,
H2478,C33,5,5
H2478,D01,5,5
H2478,D02,Not enough data available ,
H2478,D03,Not enough data available ,
H2478,D04,Not enough data available ,
H2478,D05,Plan too small to be measured ,
H2478,D06,Plan too small to be measured ,
H2478,D07,5,5
H2478,D08,Not enough data available ,
H2478,D09,Not enough data available ,
H2478,D10,Not enough data available ,
H2478,D11,Not enough data available ,
H2478,D12,Not enough data available,
H2486,C01,3,3
H2486,C02,4,4
H2486,C03,1,1
H2486,C04,2,2
H2486,C05,4,4
H2486,C06,4,4
H2486,C07,Plan not required to report measure ,
H2486,C08,Plan not required to report measure ,
H2486,C09,Plan not required to report measure ,
H2486,C10,4,4
H2486,C11,4,4
H2486,C12,4,4
H2486,C13,4,4
H2486,C14,4,4
H2486,C15,2,2
H2486,C16,2,2
H2486,C17,5,5
H2486,C18,4,4
H2486,C19,4,4
H2486,C20,4,4
H2486,C21,2,2
H2486,C22,4,4
H2486,C23,3,3
H2486,C24,Not enough data available ,
H2486,C25,2,2
H2486,C26,1,1
H2486,C27,3,3
H2486,C28,4,4
H2486,C29,1,1
H2486,C30,3,3
H2486,C31,4,4
H2486,C32,3,3
H2486,C33,5,5
H2486,D01,5,5
H2486,D02,4,4
H2486,D03,1,1
H2486,D04,3,3
H2486,D05,3,3
H2486,D06,3,3
H2486,D07,1,1
H2486,D08,3,3
H2486,D09,3,3
H2486,D10,4,4
H2486,D11,3,3
H2486,D12,3,3
H2491,C01,2,2
H2491,C02,3,3
H2491,C03,2,2
H2491,C04,Not enough data available ,
H2491,C05,Not enough data available ,
H2491,C06,3,3
H2491,C07,3,3
H2491,C08,3,3
H2491,C09,3,3
H2491,C10,3,3
H2491,C11,3,3
H2491,C12,3,3
H2491,C13,3,3
H2491,C14,4,4
H2491,C15,4,4
H2491,C16,1,1
H2491,C17,3,3
H2491,C18,3,3
H2491,C19,3,3
H2491,C20,2,2
H2491,C21,2,2
H2491,C22,4,4
H2491,C23,4,4
H2491,C24,3,3
H2491,C25,4,4
H2491,C26,5,5
H2491,C27,Not enough data available ,
H2491,C28,4,4
H2491,C29,3,3
H2491,C30,5,5
H2491,C31,3,3
H2491,C32,5,5
H2491,C33,5,5
H2491,D01,5,5
H2491,D02,4,4
H2491,D03,3,3
H2491,D04,4,4
H2491,D05,4,4
H2491,D06,4,4
H2491,D07,5,5
H2491,D08,3,3
H2491,D09,2,2
H2491,D10,2,2
H2491,D11,4,4
H2491,D12,3,3
H2509,C01,2,2
H2509,C02,4,4
H2509,C03,1,1
H2509,C04,Plan too new to be measured ,
H2509,C05,Plan too new to be measured ,
H2509,C06,2,2
H2509,C07,4,4
H2509,C08,4,4
H2509,C09,5,5
H2509,C10,Not enough data available ,
H2509,C11,4,4
H2509,C12,3,3
H2509,C13,2,2
H2509,C14,4,4
H2509,C15,4,4
H2509,C16,1,1
H2509,C17,3,3
H2509,C18,1,1
H2509,C19,1,1
H2509,C20,1,1
H2509,C21,2,2
H2509,C22,3,3
H2509,C23,3,3
H2509,C24,3,3
H2509,C25,3,3
H2509,C26,4,4
H2509,C27,5,5
H2509,C28,4,4
H2509,C29,3,3
H2509,C30,Not enough data available ,
H2509,C31,3,3
H2509,C32,4,4
H2509,C33,5,5
H2509,D01,5,5
H2509,D02,4,4
H2509,D03,3,3
H2509,D04,3,3
H2509,D05,4,4
H2509,D06,4,4
H2509,D07,5,5
H2509,D08,5,5
H2509,D09,3,3
H2509,D10,4,4
H2509,D11,4,4
H2509,D12,4,4
H2526,C01,Not enough data available ,
H2526,C02,4,4
H2526,C03,2,2
H2526,C04,Plan too new to be measured ,
H2526,C05,Plan too new to be measured ,
H2526,C06,3,3
H2526,C07,Plan not required to report measure ,
H2526,C08,Plan not required to report measure ,
H2526,C09,Plan not required to report measure ,
H2526,C10,Not enough data available ,
H2526,C11,4,4
H2526,C12,4,4
H2526,C13,4,4
H2526,C14,4,4
H2526,C15,2,2
H2526,C16,1,1
H2526,C17,5,5
H2526,C18,No data available ,
H2526,C19,5,5
H2526,C20,4,4
H2526,C21,4,4
H2526,C22,4,4
H2526,C23,4,4
H2526,C24,5,5
H2526,C25,4,4
H2526,C26,2,2
H2526,C27,4,4
H2526,C28,4,4
H2526,C29,1,1
H2526,C30,1,1
H2526,C31,5,5
H2526,C32,5,5
H2526,C33,4,4
H2526,D01,5,5
H2526,D02,4,4
H2526,D03,1,1
H2526,D04,3,3
H2526,D05,3,3
H2526,D06,4,4
H2526,D07,4,4
H2526,D08,4,4
H2526,D09,5,5
H2526,D10,5,5
H2526,D11,4,4
H2526,D12,4,4
H2563,C01,4,4
H2563,C02,4,4
H2563,C03,4,4
H2563,C04,2,2
H2563,C05,1,1
H2563,C06,4,4
H2563,C07,1,1
H2563,C08,2,2
H2563,C09,2,2
H2563,C10,1,1
H2563,C11,2,2
H2563,C12,3,3
H2563,C13,3,3
H2563,C14,2,2
H2563,C15,3,3
H2563,C16,2,2
H2563,C17,2,2
H2563,C18,2,2
H2563,C19,3,3
H2563,C20,2,2
H2563,C21,2,2
H2563,C22,2,2
H2563,C23,2,2
H2563,C24,3,3
H2563,C25,4,4
H2563,C26,4,4
H2563,C27,4,4
H2563,C28,4,4
H2563,C29,4,4
H2563,C30,5,5
H2563,C31,3,3
H2563,C32,2,2
H2563,C33,4,4
H2563,D01,4,4
H2563,D02,4,4
H2563,D03,4,4
H2563,D04,5,5
H2563,D05,4,4
H2563,D06,3,3
H2563,D07,5,5
H2563,D08,3,3
H2563,D09,3,3
H2563,D10,3,3
H2563,D11,3,3
H2563,D12,3,3
H2564,C01,Plan too new to be measured ,
H2564,C02,Plan too new to be measured ,
H2564,C03,Plan too new to be measured ,
H2564,C04,Plan too new to be measured ,
H2564,C05,Plan too new to be measured ,
H2564,C06,Plan too new to be measured ,
H2564,C07,Plan too new to be measured ,
H2564,C08,Plan too new to be measured ,
H2564,C09,Plan too new to be measured ,
H2564,C10,Plan too new to be measured ,
H2564,C11,Plan too new to be measured ,
H2564,C12,Plan too new to be measured ,
H2564,C13,Plan too new to be measured ,
H2564,C14,Plan too new to be measured ,
H2564,C15,Plan too new to be measured ,
H2564,C16,Plan too new to be measured ,
H2564,C17,Plan too new to be measured ,
H2564,C18,Plan too new to be measured ,
H2564,C19,Plan too new to be measured ,
H2564,C20,Plan too new to be measured ,
H2564,C21,Plan too new to be measured ,
H2564,C22,Plan too new to be measured ,
H2564,C23,Plan too new to be measured ,
H2564,C24,Plan too new to be measured ,
H2564,C25,Plan too new to be measured ,
H2564,C26,Plan too new to be measured ,
H2564,C27,Plan too new to be measured ,
H2564,C28,Plan too new to be measured ,
H2564,C29,Plan too new to be measured ,
H2564,C30,Plan too new to be measured ,
H2564,C31,Not enough data available ,
H2564,C32,Not enough data available ,
H2564,C33,Plan too new to be measured ,
H2564,D01,Plan too new to be measured ,
H2564,D02,Plan too new to be measured ,
H2564,D03,Plan too new to be measured ,
H2564,D04,Plan too new to be measured ,
H2564,D05,Plan too new to be measured ,
H2564,D06,Plan too new to be measured ,
H2564,D07,Plan too new to be measured ,
H2564,D08,Plan too new to be measured ,
H2564,D09,Plan too new to be measured ,
H2564,D10,Plan too new to be measured ,
H2564,D11,Plan too new to be measured ,
H2564,D12,Plan too new to be measured,
H2593,C01,2,2
H2593,C02,2,2
H2593,C03,3,3
H2593,C04,Not enough data available ,
H2593,C05,Not enough data available ,
H2593,C06,4,4
H2593,C07,1,1
H2593,C08,4,4
H2593,C09,3,3
H2593,C10,Not enough data available ,
H2593,C11,2,2
H2593,C12,3,3
H2593,C13,3,3
H2593,C14,2,2
H2593,C15,Not enough data available ,
H2593,C16,Not enough data available ,
H2593,C17,3,3
H2593,C18,3,3
H2593,C19,3,3
H2593,C20,2,2
H2593,C21,2,2
H2593,C22,Not enough data available ,
H2593,C23,Not enough data available ,
H2593,C24,Not enough data available ,
H2593,C25,Not enough data available ,
H2593,C26,2,2
H2593,C27,Not enough data available ,
H2593,C28,4,4
H2593,C29,3,3
H2593,C30,5,5
H2593,C31,Not enough data available ,
H2593,C32,Not enough data available ,
H2593,C33,5,5
H2593,D01,5,5
H2593,D02,4,4
H2593,D03,3,3
H2593,D04,5,5
H2593,D05,3,3
H2593,D06,Not enough data available ,
H2593,D07,5,5
H2593,D08,2,2
H2593,D09,2,2
H2593,D10,2,2
H2593,D11,4,4
H2593,D12,4,4
H2610,C01,5,5
H2610,C02,5,5
H2610,C03,5,5
H2610,C04,4,4
H2610,C05,2,2
H2610,C06,4,4
H2610,C07,Plan not required to report measure ,
H2610,C08,Plan not required to report measure ,
H2610,C09,Plan not required to report measure ,
H2610,C10,4,4
H2610,C11,5,5
H2610,C12,5,5
H2610,C13,5,5
H2610,C14,5,5
H2610,C15,2,2
H2610,C16,5,5
H2610,C17,4,4
H2610,C18,2,2
H2610,C19,4,4
H2610,C20,3,3
H2610,C21,4,4
H2610,C22,5,5
H2610,C23,5,5
H2610,C24,5,5
H2610,C25,5,5
H2610,C26,4,4
H2610,C27,5,5
H2610,C28,5,5
H2610,C29,4,4
H2610,C30,3,3
H2610,C31,5,5
H2610,C32,4,4
H2610,C33,3,3
H2610,D01,4,4
H2610,D02,5,5
H2610,D03,4,4
H2610,D04,3,3
H2610,D05,2,2
H2610,D06,3,3
H2610,D07,5,5
H2610,D08,2,2
H2610,D09,4,4
H2610,D10,4,4
H2610,D11,3,3
H2610,D12,4,4
H2624,C01,5,5
H2624,C02,5,5
H2624,C03,5,5
H2624,C04,3,3
H2624,C05,1,1
H2624,C06,5,5
H2624,C07,3,3
H2624,C08,5,5
H2624,C09,5,5
H2624,C10,Not enough data available ,
H2624,C11,5,5
H2624,C12,4,4
H2624,C13,5,5
H2624,C14,5,5
H2624,C15,4,4
H2624,C16,3,3
H2624,C17,5,5
H2624,C18,2,2
H2624,C19,5,5
H2624,C20,5,5
H2624,C21,4,4
H2624,C22,5,5
H2624,C23,4,4
H2624,C24,5,5
H2624,C25,5,5
H2624,C26,5,5
H2624,C27,4,4
H2624,C28,5,5
H2624,C29,4,4
H2624,C30,2,2
H2624,C31,5,5
H2624,C32,2,2
H2624,C33,3,3
H2624,D01,4,4
H2624,D02,5,5
H2624,D03,4,4
H2624,D04,3,3
H2624,D05,5,5
H2624,D06,4,4
H2624,D07,3,3
H2624,D08,1,1
H2624,D09,3,3
H2624,D10,2,2
H2624,D11,2,2
H2624,D12,4,4
H2628,C01,Plan too new to be measured ,
H2628,C02,Plan too new to be measured ,
H2628,C03,Plan too new to be measured ,
H2628,C04,Plan too new to be measured ,
H2628,C05,Plan too new to be measured ,
H2628,C06,Plan too new to be measured ,
H2628,C07,Plan too new to be measured ,
H2628,C08,Plan too new to be measured ,
H2628,C09,Plan too new to be measured ,
H2628,C10,Plan too new to be measured ,
H2628,C11,Plan too new to be measured ,
H2628,C12,Plan too new to be measured ,
H2628,C13,Plan too new to be measured ,
H2628,C14,Plan too new to be measured ,
H2628,C15,Plan too new to be measured ,
H2628,C16,Plan too new to be measured ,
H2628,C17,Plan too new to be measured ,
H2628,C18,Plan too new to be measured ,
H2628,C19,Plan too new to be measured ,
H2628,C20,Plan too new to be measured ,
H2628,C21,Plan too new to be measured ,
H2628,C22,Plan too new to be measured ,
H2628,C23,Plan too new to be measured ,
H2628,C24,Plan too new to be measured ,
H2628,C25,Plan too new to be measured ,
H2628,C26,Plan too new to be measured ,
H2628,C27,Plan too new to be measured ,
H2628,C28,Plan too new to be measured ,
H2628,C29,Plan too new to be measured ,
H2628,C30,Plan too new to be measured ,
H2628,C31,Not enough data available ,
H2628,C32,Not enough data available ,
H2628,C33,Plan too new to be measured ,
H2628,D01,Plan too new to be measured ,
H2628,D02,Plan too new to be measured ,
H2628,D03,Plan too new to be measured ,
H2628,D04,Plan too new to be measured ,
H2628,D05,Plan too new to be measured ,
H2628,D06,Plan too new to be measured ,
H2628,D07,Plan too new to be measured ,
H2628,D08,Plan too new to be measured ,
H2628,D09,Plan too new to be measured ,
H2628,D10,Plan too new to be measured ,
H2628,D11,Plan too new to be measured ,
H2628,D12,Plan too new to be measured,
H2630,C01,Plan too new to be measured ,
H2630,C02,Plan too new to be measured ,
H2630,C03,Plan too new to be measured ,
H2630,C04,Plan too new to be measured ,
H2630,C05,Plan too new to be measured ,
H2630,C06,Plan too new to be measured ,
H2630,C07,Plan too new to be measured ,
H2630,C08,Plan too new to be measured ,
H2630,C09,Plan too new to be measured ,
H2630,C10,Plan too new to be measured ,
H2630,C11,Plan too new to be measured ,
H2630,C12,Plan too new to be measured ,
H2630,C13,Plan too new to be measured ,
H2630,C14,Plan too new to be measured ,
H2630,C15,Plan too new to be measured ,
H2630,C16,Plan too new to be measured ,
H2630,C17,Plan too new to be measured ,
H2630,C18,Plan too new to be measured ,
H2630,C19,Plan too new to be measured ,
H2630,C20,Plan too new to be measured ,
H2630,C21,Plan too new to be measured ,
H2630,C22,Plan too new to be measured ,
H2630,C23,Plan too new to be measured ,
H2630,C24,Plan too new to be measured ,
H2630,C25,Plan too new to be measured ,
H2630,C26,Plan too new to be measured ,
H2630,C27,Plan too new to be measured ,
H2630,C28,Plan too new to be measured ,
H2630,C29,Plan too new to be measured ,
H2630,C30,Plan too new to be measured ,
H2630,C31,Not enough data available ,
H2630,C32,Not enough data available ,
H2630,C33,Plan too new to be measured ,
H2630,D01,Plan too new to be measured ,
H2630,D02,Plan too new to be measured ,
H2630,D03,Plan too new to be measured ,
H2630,D04,Plan too new to be measured ,
H2630,D05,Plan too new to be measured ,
H2630,D06,Plan too new to be measured ,
H2630,D07,Plan too new to be measured ,
H2630,D08,Plan too new to be measured ,
H2630,D09,Plan too new to be measured ,
H2630,D10,Plan too new to be measured ,
H2630,D11,Plan too new to be measured ,
H2630,D12,Plan too new to be measured,
H2663,C01,4,4
H2663,C02,4,4
H2663,C03,3,3
H2663,C04,2,2
H2663,C05,3,3
H2663,C06,2,2
H2663,C07,No data available ,
H2663,C08,No data available ,
H2663,C09,No data available ,
H2663,C10,4,4
H2663,C11,5,5
H2663,C12,4,4
H2663,C13,4,4
H2663,C14,5,5
H2663,C15,2,2
H2663,C16,3,3
H2663,C17,5,5
H2663,C18,4,4
H2663,C19,3,3
H2663,C20,3,3
H2663,C21,3,3
H2663,C22,4,4
H2663,C23,4,4
H2663,C24,3,3
H2663,C25,4,4
H2663,C26,4,4
H2663,C27,5,5
H2663,C28,4,4
H2663,C29,3,3
H2663,C30,2,2
H2663,C31,3,3
H2663,C32,2,2
H2663,C33,4,4
H2663,D01,5,5
H2663,D02,4,4
H2663,D03,3,3
H2663,D04,1,1
H2663,D05,3,3
H2663,D06,4,4
H2663,D07,5,5
H2663,D08,3,3
H2663,D09,4,4
H2663,D10,4,4
H2663,D11,5,5
H2663,D12,3,3
H2686,C01,Not enough data available ,
H2686,C02,4,4
H2686,C03,2,2
H2686,C04,Plan too new to be measured ,
H2686,C05,Plan too new to be measured ,
H2686,C06,5,5
H2686,C07,Plan not required to report measure ,
H2686,C08,Plan not required to report measure ,
H2686,C09,Plan not required to report measure ,
H2686,C10,Not enough data available ,
H2686,C11,4,4
H2686,C12,4,4
H2686,C13,5,5
H2686,C14,3,3
H2686,C15,3,3
H2686,C16,2,2
H2686,C17,5,5
H2686,C18,3,3
H2686,C19,5,5
H2686,C20,4,4
H2686,C21,4,4
H2686,C22,1,1
H2686,C23,1,1
H2686,C24,3,3
H2686,C25,2,2
H2686,C26,3,3
H2686,C27,2,2
H2686,C28,5,5
H2686,C29,4,4
H2686,C30,2,2
H2686,C31,5,5
H2686,C32,3,3
H2686,C33,4,4
H2686,D01,5,5
H2686,D02,5,5
H2686,D03,4,4
H2686,D04,4,4
H2686,D05,2,2
H2686,D06,2,2
H2686,D07,4,4
H2686,D08,4,4
H2686,D09,4,4
H2686,D10,4,4
H2686,D11,4,4
H2686,D12,4,4
H2687,C01,Plan too new to be measured ,
H2687,C02,Plan too new to be measured ,
H2687,C03,Plan too new to be measured ,
H2687,C04,Plan too new to be measured ,
H2687,C05,Plan too new to be measured ,
H2687,C06,Plan too new to be measured ,
H2687,C07,Plan not required to report measure ,
H2687,C08,Plan not required to report measure ,
H2687,C09,Plan not required to report measure ,
H2687,C10,Plan too new to be measured ,
H2687,C11,Plan too new to be measured ,
H2687,C12,Plan too new to be measured ,
H2687,C13,Plan too new to be measured ,
H2687,C14,Plan too new to be measured ,
H2687,C15,Plan too new to be measured ,
H2687,C16,Plan too new to be measured ,
H2687,C17,Plan too new to be measured ,
H2687,C18,Plan too new to be measured ,
H2687,C19,Plan too new to be measured ,
H2687,C20,Plan too new to be measured ,
H2687,C21,Plan too new to be measured ,
H2687,C22,Plan too new to be measured ,
H2687,C23,Plan too new to be measured ,
H2687,C24,Plan too new to be measured ,
H2687,C25,Plan too new to be measured ,
H2687,C26,Plan too new to be measured ,
H2687,C27,Plan too new to be measured ,
H2687,C28,Plan too new to be measured ,
H2687,C29,Plan too new to be measured ,
H2687,C30,Plan too new to be measured ,
H2687,C31,Not enough data available ,
H2687,C32,Not enough data available ,
H2687,C33,Plan too new to be measured ,
H2687,D01,Plan too new to be measured ,
H2687,D02,Plan too new to be measured ,
H2687,D03,Plan too new to be measured ,
H2687,D04,Plan too new to be measured ,
H2687,D05,Plan too new to be measured ,
H2687,D06,Plan too new to be measured ,
H2687,D07,Plan too new to be measured ,
H2687,D08,Plan too new to be measured ,
H2687,D09,Plan too new to be measured ,
H2687,D10,Plan too new to be measured ,
H2687,D11,Plan too new to be measured ,
H2687,D12,Plan too new to be measured,
H2694,C01,Not enough data available ,
H2694,C02,1,1
H2694,C03,Plan too small to be measured ,
H2694,C04,Plan too new to be measured ,
H2694,C05,Plan too new to be measured ,
H2694,C06,4,4
H2694,C07,Plan not required to report measure ,
H2694,C08,Plan not required to report measure ,
H2694,C09,Plan not required to report measure ,
H2694,C10,Not enough data available ,
H2694,C11,1,1
H2694,C12,2,2
H2694,C13,3,3
H2694,C14,1,1
H2694,C15,Not enough data available ,
H2694,C16,Not enough data available ,
H2694,C17,2,2
H2694,C18,No data available ,
H2694,C19,Not enough data available ,
H2694,C20,1,1
H2694,C21,Not enough data available ,
H2694,C22,Plan too small to be measured ,
H2694,C23,Plan too small to be measured ,
H2694,C24,Plan too small to be measured ,
H2694,C25,Plan too small to be measured ,
H2694,C26,Plan too small to be measured ,
H2694,C27,Plan too small to be measured ,
H2694,C28,Not enough data available ,
H2694,C29,Not enough data available ,
H2694,C30,Not enough data available ,
H2694,C31,Not enough data available ,
H2694,C32,Not enough data available ,
H2694,C33,5,5
H2694,D01,5,5
H2694,D02,Not enough data available ,
H2694,D03,Not enough data available ,
H2694,D04,Not enough data available ,
H2694,D05,Plan too small to be measured ,
H2694,D06,Plan too small to be measured ,
H2694,D07,5,5
H2694,D08,1,1
H2694,D09,3,3
H2694,D10,2,2
H2694,D11,4,4
H2694,D12,3,3
H2697,C01,4,4
H2697,C02,4,4
H2697,C03,1,1
H2697,C04,3,3
H2697,C05,4,4
H2697,C06,4,4
H2697,C07,5,5
H2697,C08,5,5
H2697,C09,4,4
H2697,C10,5,5
H2697,C11,3,3
H2697,C12,4,4
H2697,C13,4,4
H2697,C14,5,5
H2697,C15,1,1
H2697,C16,1,1
H2697,C17,5,5
H2697,C18,4,4
H2697,C19,4,4
H2697,C20,4,4
H2697,C21,5,5
H2697,C22,4,4
H2697,C23,4,4
H2697,C24,5,5
H2697,C25,3,3
H2697,C26,2,2
H2697,C27,4,4
H2697,C28,3,3
H2697,C29,1,1
H2697,C30,3,3
H2697,C31,5,5
H2697,C32,4,4
H2697,C33,4,4
H2697,D01,5,5
H2697,D02,3,3
H2697,D03,1,1
H2697,D04,1,1
H2697,D05,2,2
H2697,D06,3,3
H2697,D07,4,4
H2697,D08,3,3
H2697,D09,4,4
H2697,D10,4,4
H2697,D11,4,4
H2697,D12,3,3
H2704,C01,Plan too new to be measured ,
H2704,C02,Plan too new to be measured ,
H2704,C03,Plan too new to be measured ,
H2704,C04,Plan too new to be measured ,
H2704,C05,Plan too new to be measured ,
H2704,C06,Plan too new to be measured ,
H2704,C07,Plan too new to be measured ,
H2704,C08,Plan too new to be measured ,
H2704,C09,Plan too new to be measured ,
H2704,C10,Plan too new to be measured ,
H2704,C11,Plan too new to be measured ,
H2704,C12,Plan too new to be measured ,
H2704,C13,Plan too new to be measured ,
H2704,C14,Plan too new to be measured ,
H2704,C15,Plan too new to be measured ,
H2704,C16,Plan too new to be measured ,
H2704,C17,Plan too new to be measured ,
H2704,C18,Plan too new to be measured ,
H2704,C19,Plan too new to be measured ,
H2704,C20,Plan too new to be measured ,
H2704,C21,Plan too new to be measured ,
H2704,C22,Plan too new to be measured ,
H2704,C23,Plan too new to be measured ,
H2704,C24,Plan too new to be measured ,
H2704,C25,Plan too new to be measured ,
H2704,C26,Plan too new to be measured ,
H2704,C27,Plan too new to be measured ,
H2704,C28,Plan too new to be measured ,
H2704,C29,Plan too new to be measured ,
H2704,C30,Plan too new to be measured ,
H2704,C31,Not enough data available ,
H2704,C32,Not enough data available ,
H2704,C33,Plan too new to be measured ,
H2704,D01,Plan too new to be measured ,
H2704,D02,Plan too new to be measured ,
H2704,D03,Plan too new to be measured ,
H2704,D04,Plan too new to be measured ,
H2704,D05,Plan too new to be measured ,
H2704,D06,Plan too new to be measured ,
H2704,D07,Plan too new to be measured ,
H2704,D08,Plan too new to be measured ,
H2704,D09,Plan too new to be measured ,
H2704,D10,Plan too new to be measured ,
H2704,D11,Plan too new to be measured ,
H2704,D12,Plan too new to be measured,
H2715,C01,Plan too small to be measured ,
H2715,C02,Plan too small to be measured ,
H2715,C03,Plan too small to be measured ,
H2715,C04,Plan too new to be measured ,
H2715,C05,Plan too new to be measured ,
H2715,C06,Plan too small to be measured ,
H2715,C07,No data available ,
H2715,C08,No data available ,
H2715,C09,No data available ,
H2715,C10,Plan too small to be measured ,
H2715,C11,Plan too small to be measured ,
H2715,C12,Plan too small to be measured ,
H2715,C13,Plan too small to be measured ,
H2715,C14,Plan too small to be measured ,
H2715,C15,Plan too small to be measured ,
H2715,C16,Plan too small to be measured ,
H2715,C17,Plan too small to be measured ,
H2715,C18,Plan too small to be measured ,
H2715,C19,Plan too small to be measured ,
H2715,C20,Plan too small to be measured ,
H2715,C21,Plan too small to be measured ,
H2715,C22,Plan too small to be measured ,
H2715,C23,Plan too small to be measured ,
H2715,C24,Plan too small to be measured ,
H2715,C25,Plan too small to be measured ,
H2715,C26,Plan too small to be measured ,
H2715,C27,Plan too small to be measured ,
H2715,C28,Not enough data available ,
H2715,C29,Not enough data available ,
H2715,C30,Not enough data available ,
H2715,C31,Not enough data available ,
H2715,C32,Not enough data available ,
H2715,C33,5,5
H2715,D01,5,5
H2715,D02,Not enough data available ,
H2715,D03,Not enough data available ,
H2715,D04,Not enough data available ,
H2715,D05,Plan too small to be measured ,
H2715,D06,Plan too small to be measured ,
H2715,D07,5,5
H2715,D08,5,5
H2715,D09,4,4
H2715,D10,2,2
H2715,D11,Not enough data available ,
H2715,D12,Not enough data available,
H2737,C01,4,4
H2737,C02,4,4
H2737,C03,4,4
H2737,C04,Plan too new to be measured ,
H2737,C05,Plan too new to be measured ,
H2737,C06,4,4
H2737,C07,Plan not required to report measure ,
H2737,C08,Plan not required to report measure ,
H2737,C09,Plan not required to report measure ,
H2737,C10,Not enough data available ,
H2737,C11,3,3
H2737,C12,3,3
H2737,C13,3,3
H2737,C14,4,4
H2737,C15,2,2
H2737,C16,1,1
H2737,C17,4,4
H2737,C18,2,2
H2737,C19,2,2
H2737,C20,3,3
H2737,C21,3,3
H2737,C22,1,1
H2737,C23,1,1
H2737,C24,3,3
H2737,C25,2,2
H2737,C26,1,1
H2737,C27,2,2
H2737,C28,5,5
H2737,C29,4,4
H2737,C30,1,1
H2737,C31,5,5
H2737,C32,1,1
H2737,C33,3,3
H2737,D01,3,3
H2737,D02,5,5
H2737,D03,4,4
H2737,D04,3,3
H2737,D05,1,1
H2737,D06,2,2
H2737,D07,5,5
H2737,D08,3,3
H2737,D09,4,4
H2737,D10,4,4
H2737,D11,Not enough data available ,
H2737,D12,3,3
H2752,C01,Plan too small to be measured ,
H2752,C02,Plan too small to be measured ,
H2752,C03,Plan too small to be measured ,
H2752,C04,Plan too new to be measured ,
H2752,C05,Plan too new to be measured ,
H2752,C06,Plan too small to be measured ,
H2752,C07,3,3
H2752,C08,3,3
H2752,C09,3,3
H2752,C10,Plan too small to be measured ,
H2752,C11,Plan too small to be measured ,
H2752,C12,Plan too small to be measured ,
H2752,C13,Plan too small to be measured ,
H2752,C14,Plan too small to be measured ,
H2752,C15,Plan too small to be measured ,
H2752,C16,Plan too small to be measured ,
H2752,C17,Plan too small to be measured ,
H2752,C18,Plan too small to be measured ,
H2752,C19,Plan too small to be measured ,
H2752,C20,Plan too small to be measured ,
H2752,C21,Plan too small to be measured ,
H2752,C22,Plan too small to be measured ,
H2752,C23,Plan too small to be measured ,
H2752,C24,Plan too small to be measured ,
H2752,C25,Plan too small to be measured ,
H2752,C26,Plan too small to be measured ,
H2752,C27,Plan too small to be measured ,
H2752,C28,Not enough data available ,
H2752,C29,Not enough data available ,
H2752,C30,Not enough data available ,
H2752,C31,Not enough data available ,
H2752,C32,Not enough data available ,
H2752,C33,4,4
H2752,D01,5,5
H2752,D02,Not enough data available ,
H2752,D03,Not enough data available ,
H2752,D04,Not enough data available ,
H2752,D05,Plan too small to be measured ,
H2752,D06,Plan too small to be measured ,
H2752,D07,5,5
H2752,D08,5,5
H2752,D09,2,2
H2752,D10,2,2
H2752,D11,Not enough data available ,
H2752,D12,Not enough data available,
H2775,C01,2,2
H2775,C02,2,2
H2775,C03,2,2
H2775,C04,Not enough data available ,
H2775,C05,Not enough data available ,
H2775,C06,2,2
H2775,C07,4,4
H2775,C08,4,4
H2775,C09,3,3
H2775,C10,1,1
H2775,C11,2,2
H2775,C12,3,3
H2775,C13,3,3
H2775,C14,3,3
H2775,C15,2,2
H2775,C16,2,2
H2775,C17,3,3
H2775,C18,3,3
H2775,C19,3,3
H2775,C20,3,3
H2775,C21,2,2
H2775,C22,3,3
H2775,C23,Not enough data available ,
H2775,C24,1,1
H2775,C25,1,1
H2775,C26,1,1
H2775,C27,3,3
H2775,C28,3,3
H2775,C29,3,3
H2775,C30,3,3
H2775,C31,3,3
H2775,C32,4,4
H2775,C33,5,5
H2775,D01,5,5
H2775,D02,3,3
H2775,D03,3,3
H2775,D04,5,5
H2775,D05,1,1
H2775,D06,2,2
H2775,D07,5,5
H2775,D08,3,3
H2775,D09,3,3
H2775,D10,2,2
H2775,D11,4,4
H2775,D12,3,3
H2802,C01,4,4
H2802,C02,4,4
H2802,C03,3,3
H2802,C04,2,2
H2802,C05,3,3
H2802,C06,3,3
H2802,C07,4,4
H2802,C08,5,5
H2802,C09,5,5
H2802,C10,3,3
H2802,C11,5,5
H2802,C12,5,5
H2802,C13,4,4
H2802,C14,4,4
H2802,C15,2,2
H2802,C16,3,3
H2802,C17,3,3
H2802,C18,2,2
H2802,C19,3,3
H2802,C20,2,2
H2802,C21,2,2
H2802,C22,4,4
H2802,C23,4,4
H2802,C24,3,3
H2802,C25,4,4
H2802,C26,4,4
H2802,C27,5,5
H2802,C28,5,5
H2802,C29,4,4
H2802,C30,4,4
H2802,C31,5,5
H2802,C32,4,4
H2802,C33,5,5
H2802,D01,5,5
H2802,D02,5,5
H2802,D03,4,4
H2802,D04,5,5
H2802,D05,4,4
H2802,D06,4,4
H2802,D07,5,5
H2802,D08,2,2
H2802,D09,4,4
H2802,D10,4,4
H2802,D11,3,3
H2802,D12,3,3
H2816,C01,2,2
H2816,C02,3,3
H2816,C03,4,4
H2816,C04,Not enough data available ,
H2816,C05,Not enough data available ,
H2816,C06,1,1
H2816,C07,Plan not required to report measure ,
H2816,C08,Plan not required to report measure ,
H2816,C09,Plan not required to report measure ,
H2816,C10,Not enough data available ,
H2816,C11,2,2
H2816,C12,3,3
H2816,C13,2,2
H2816,C14,3,3
H2816,C15,4,4
H2816,C16,1,1
H2816,C17,2,2
H2816,C18,1,1
H2816,C19,Not enough data available ,
H2816,C20,1,1
H2816,C21,2,2
H2816,C22,5,5
H2816,C23,5,5
H2816,C24,3,3
H2816,C25,4,4
H2816,C26,2,2
H2816,C27,5,5
H2816,C28,5,5
H2816,C29,4,4
H2816,C30,3,3
H2816,C31,Not enough data available ,
H2816,C32,Not enough data available ,
H2816,C33,5,5
H2816,D01,5,5
H2816,D02,5,5
H2816,D03,4,4
H2816,D04,3,3
H2816,D05,Not enough data available ,
H2816,D06,Not enough data available ,
H2816,D07,5,5
H2816,D08,4,4
H2816,D09,4,4
H2816,D10,4,4
H2816,D11,Not enough data available ,
H2816,D12,Not enough data available,
H2819,C01,3,3
H2819,C02,4,4
H2819,C03,5,5
H2819,C04,Plan too new to be measured ,
H2819,C05,Plan too new to be measured ,
H2819,C06,Plan too new to be measured ,
H2819,C07,2,2
H2819,C08,3,3
H2819,C09,3,3
H2819,C10,3,3
H2819,C11,4,4
H2819,C12,3,3
H2819,C13,4,4
H2819,C14,3,3
H2819,C15,Plan too new to be measured ,
H2819,C16,Plan too new to be measured ,
H2819,C17,4,4
H2819,C18,2,2
H2819,C19,4,4
H2819,C20,3,3
H2819,C21,3,3
H2819,C22,1,1
H2819,C23,3,3
H2819,C24,3,3
H2819,C25,4,4
H2819,C26,4,4
H2819,C27,1,1
H2819,C28,4,4
H2819,C29,4,4
H2819,C30,Not enough data available ,
H2819,C31,5,5
H2819,C32,5,5
H2819,C33,4,4
H2819,D01,5,5
H2819,D02,4,4
H2819,D03,4,4
H2819,D04,Not enough data available ,
H2819,D05,3,3
H2819,D06,Not enough data available ,
H2819,D07,4,4
H2819,D08,4,4
H2819,D09,4,4
H2819,D10,3,3
H2819,D11,5,5
H2819,D12,5,5
H2836,C01,4,4
H2836,C02,4,4
H2836,C03,3,3
H2836,C04,Not enough data available ,
H2836,C05,Not enough data available ,
H2836,C06,3,3
H2836,C07,2,2
H2836,C08,4,4
H2836,C09,3,3
H2836,C10,3,3
H2836,C11,3,3
H2836,C12,3,3
H2836,C13,3,3
H2836,C14,2,2
H2836,C15,3,3
H2836,C16,4,4
H2836,C17,5,5
H2836,C18,2,2
H2836,C19,3,3
H2836,C20,4,4
H2836,C21,3,3
H2836,C22,3,3
H2836,C23,4,4
H2836,C24,Not enough data available ,
H2836,C25,2,2
H2836,C26,1,1
H2836,C27,3,3
H2836,C28,4,4
H2836,C29,3,3
H2836,C30,2,2
H2836,C31,3,3
H2836,C32,5,5
H2836,C33,5,5
H2836,D01,5,5
H2836,D02,4,4
H2836,D03,3,3
H2836,D04,3,3
H2836,D05,1,1
H2836,D06,1,1
H2836,D07,5,5
H2836,D08,3,3
H2836,D09,3,3
H2836,D10,4,4
H2836,D11,4,4
H2836,D12,3,3
H2845,C01,Plan too new to be measured ,
H2845,C02,Plan too new to be measured ,
H2845,C03,Plan too new to be measured ,
H2845,C04,Plan too new to be measured ,
H2845,C05,Plan too new to be measured ,
H2845,C06,Plan too new to be measured ,
H2845,C07,Plan too new to be measured ,
H2845,C08,Plan too new to be measured ,
H2845,C09,Plan too new to be measured ,
H2845,C10,Plan too new to be measured ,
H2845,C11,Plan too new to be measured ,
H2845,C12,Plan too new to be measured ,
H2845,C13,Plan too new to be measured ,
H2845,C14,Plan too new to be measured ,
H2845,C15,Plan too new to be measured ,
H2845,C16,Plan too new to be measured ,
H2845,C17,Plan too new to be measured ,
H2845,C18,Plan too new to be measured ,
H2845,C19,Plan too new to be measured ,
H2845,C20,Plan too new to be measured ,
H2845,C21,Plan too new to be measured ,
H2845,C22,Plan too new to be measured ,
H2845,C23,Plan too new to be measured ,
H2845,C24,Plan too new to be measured ,
H2845,C25,Plan too new to be measured ,
H2845,C26,Plan too new to be measured ,
H2845,C27,Plan too new to be measured ,
H2845,C28,Plan too new to be measured ,
H2845,C29,Plan too new to be measured ,
H2845,C30,Plan too new to be measured ,
H2845,C31,Not enough data available ,
H2845,C32,Not enough data available ,
H2845,C33,Plan too new to be measured ,
H2845,D01,Plan too new to be measured ,
H2845,D02,Plan too new to be measured ,
H2845,D03,Plan too new to be measured ,
H2845,D04,Plan too new to be measured ,
H2845,D05,Plan too new to be measured ,
H2845,D06,Plan too new to be measured ,
H2845,D07,Plan too new to be measured ,
H2845,D08,Plan too new to be measured ,
H2845,D09,Plan too new to be measured ,
H2845,D10,Plan too new to be measured ,
H2845,D11,Plan too new to be measured ,
H2845,D12,Plan too new to be measured,
H2853,C01,Plan too small to be measured ,
H2853,C02,Plan too small to be measured ,
H2853,C03,Plan too small to be measured ,
H2853,C04,Not enough data available ,
H2853,C05,Not enough data available ,
H2853,C06,Plan too small to be measured ,
H2853,C07,Plan not required to report measure ,
H2853,C08,Plan not required to report measure ,
H2853,C09,Plan not required to report measure ,
H2853,C10,Plan too small to be measured ,
H2853,C11,Plan too small to be measured ,
H2853,C12,Plan too small to be measured ,
H2853,C13,Plan too small to be measured ,
H2853,C14,Plan too small to be measured ,
H2853,C15,Plan too small to be measured ,
H2853,C16,Plan too small to be measured ,
H2853,C17,Plan too small to be measured ,
H2853,C18,Plan too small to be measured ,
H2853,C19,Plan too small to be measured ,
H2853,C20,Plan too small to be measured ,
H2853,C21,Plan too small to be measured ,
H2853,C22,Plan too small to be measured ,
H2853,C23,Plan too small to be measured ,
H2853,C24,Plan too small to be measured ,
H2853,C25,Plan too small to be measured ,
H2853,C26,Plan too small to be measured ,
H2853,C27,Plan too small to be measured ,
H2853,C28,No data available ,
H2853,C29,Not enough data available ,
H2853,C30,Not enough data available ,
H2853,C31,Not enough data available ,
H2853,C32,Not enough data available ,
H2853,C33,Not enough data available ,
H2853,D01,Not enough data available ,
H2853,D02,No data available ,
H2853,D03,Not enough data available ,
H2853,D04,Not enough data available ,
H2853,D05,Plan too small to be measured ,
H2853,D06,Plan too small to be measured ,
H2853,D07,Not enough data available ,
H2853,D08,Not enough data available ,
H2853,D09,Not enough data available ,
H2853,D10,Not enough data available ,
H2853,D11,Not required to report ,
H2853,D12,Not enough data available,
H2875,C01,Plan too new to be measured ,
H2875,C02,Plan too new to be measured ,
H2875,C03,Plan too new to be measured ,
H2875,C04,Plan too new to be measured ,
H2875,C05,Plan too new to be measured ,
H2875,C06,Plan too new to be measured ,
H2875,C07,Plan too new to be measured ,
H2875,C08,Plan too new to be measured ,
H2875,C09,Plan too new to be measured ,
H2875,C10,Plan too new to be measured ,
H2875,C11,Plan too new to be measured ,
H2875,C12,Plan too new to be measured ,
H2875,C13,Plan too new to be measured ,
H2875,C14,Plan too new to be measured ,
H2875,C15,Plan too new to be measured ,
H2875,C16,Plan too new to be measured ,
H2875,C17,Plan too new to be measured ,
H2875,C18,Plan too new to be measured ,
H2875,C19,Plan too new to be measured ,
H2875,C20,Plan too new to be measured ,
H2875,C21,Plan too new to be measured ,
H2875,C22,Plan too new to be measured ,
H2875,C23,Plan too new to be measured ,
H2875,C24,Plan too new to be measured ,
H2875,C25,Plan too new to be measured ,
H2875,C26,Plan too new to be measured ,
H2875,C27,Plan too new to be measured ,
H2875,C28,Plan too new to be measured ,
H2875,C29,Not enough data available ,
H2875,C30,Plan too new to be measured ,
H2875,C31,Not enough data available ,
H2875,C32,Not enough data available ,
H2875,C33,5,5
H2875,D01,5,5
H2875,D02,Plan too new to be measured ,
H2875,D03,Not enough data available ,
H2875,D04,Plan too new to be measured ,
H2875,D05,Plan too new to be measured ,
H2875,D06,Plan too new to be measured ,
H2875,D07,Plan too new to be measured ,
H2875,D08,Plan too new to be measured ,
H2875,D09,Plan too new to be measured ,
H2875,D10,Plan too new to be measured ,
H2875,D11,Plan too new to be measured ,
H2875,D12,Plan too new to be measured,
H2915,C01,2,2
H2915,C02,2,2
H2915,C03,2,2
H2915,C04,Not enough data available ,
H2915,C05,Not enough data available ,
H2915,C06,2,2
H2915,C07,4,4
H2915,C08,3,3
H2915,C09,3,3
H2915,C10,Not enough data available ,
H2915,C11,2,2
H2915,C12,3,3
H2915,C13,3,3
H2915,C14,3,3
H2915,C15,4,4
H2915,C16,Not enough data available ,
H2915,C17,4,4
H2915,C18,2,2
H2915,C19,3,3
H2915,C20,2,2
H2915,C21,2,2
H2915,C22,4,4
H2915,C23,4,4
H2915,C24,4,4
H2915,C25,2,2
H2915,C26,3,3
H2915,C27,4,4
H2915,C28,2,2
H2915,C29,3,3
H2915,C30,4,4
H2915,C31,5,5
H2915,C32,5,5
H2915,C33,5,5
H2915,D01,5,5
H2915,D02,2,2
H2915,D03,3,3
H2915,D04,3,3
H2915,D05,4,4
H2915,D06,4,4
H2915,D07,5,5
H2915,D08,4,4
H2915,D09,4,4
H2915,D10,4,4
H2915,D11,3,3
H2915,D12,3,3
H2923,C01,Not enough data available ,
H2923,C02,4,4
H2923,C03,2,2
H2923,C04,Plan too new to be measured ,
H2923,C05,Plan too new to be measured ,
H2923,C06,3,3
H2923,C07,No data available ,
H2923,C08,No data available ,
H2923,C09,No data available ,
H2923,C10,Not enough data available ,
H2923,C11,5,5
H2923,C12,5,5
H2923,C13,5,5
H2923,C14,4,4
H2923,C15,1,1
H2923,C16,3,3
H2923,C17,5,5
H2923,C18,No data available ,
H2923,C19,Not enough data available ,
H2923,C20,5,5
H2923,C21,Not enough data available ,
H2923,C22,2,2
H2923,C23,Not enough data available ,
H2923,C24,5,5
H2923,C25,1,1
H2923,C26,1,1
H2923,C27,Not enough data available ,
H2923,C28,3,3
H2923,C29,2,2
H2923,C30,Not enough data available ,
H2923,C31,Not enough data available ,
H2923,C32,Not enough data available ,
H2923,C33,4,4
H2923,D01,5,5
H2923,D02,3,3
H2923,D03,2,2
H2923,D04,4,4
H2923,D05,1,1
H2923,D06,Not enough data available ,
H2923,D07,5,5
H2923,D08,4,4
H2923,D09,5,5
H2923,D10,5,5
H2923,D11,4,4
H2923,D12,4,4
H2926,C01,Plan too small to be measured ,
H2926,C02,Plan too small to be measured ,
H2926,C03,Plan too small to be measured ,
H2926,C04,Plan too small to be measured ,
H2926,C05,Plan too small to be measured ,
H2926,C06,Plan too small to be measured ,
H2926,C07,1,1
H2926,C08,Not enough data available ,
H2926,C09,Not enough data available ,
H2926,C10,Plan too small to be measured ,
H2926,C11,Plan too small to be measured ,
H2926,C12,Plan too small to be measured ,
H2926,C13,Plan too small to be measured ,
H2926,C14,Plan too small to be measured ,
H2926,C15,Plan too small to be measured ,
H2926,C16,Plan too small to be measured ,
H2926,C17,Plan too small to be measured ,
H2926,C18,Plan too small to be measured ,
H2926,C19,Plan too small to be measured ,
H2926,C20,Plan too small to be measured ,
H2926,C21,Plan too small to be measured ,
H2926,C22,Plan too small to be measured ,
H2926,C23,Plan too small to be measured ,
H2926,C24,Plan too small to be measured ,
H2926,C25,Plan too small to be measured ,
H2926,C26,Plan too small to be measured ,
H2926,C27,Plan too small to be measured ,
H2926,C28,Not enough data available ,
H2926,C29,Not enough data available ,
H2926,C30,Not enough data available ,
H2926,C31,Not enough data available ,
H2926,C32,Not enough data available ,
H2926,C33,3,3
H2926,D01,4,4
H2926,D02,Not enough data available ,
H2926,D03,Not enough data available ,
H2926,D04,2,2
H2926,D05,Plan too small to be measured ,
H2926,D06,Plan too small to be measured ,
H2926,D07,5,5
H2926,D08,3,3
H2926,D09,3,3
H2926,D10,3,3
H2926,D11,2,2
H2926,D12,1,1
H2942,C01,Not enough data available ,
H2942,C02,5,5
H2942,C03,4,4
H2942,C04,Plan too new to be measured ,
H2942,C05,Plan too new to be measured ,
H2942,C06,3,3
H2942,C07,Plan not required to report measure ,
H2942,C08,Plan not required to report measure ,
H2942,C09,Plan not required to report measure ,
H2942,C10,Not enough data available ,
H2942,C11,3,3
H2942,C12,4,4
H2942,C13,4,4
H2942,C14,4,4
H2942,C15,2,2
H2942,C16,2,2
H2942,C17,5,5
H2942,C18,4,4
H2942,C19,3,3
H2942,C20,5,5
H2942,C21,2,2
H2942,C22,4,4
H2942,C23,4,4
H2942,C24,4,4
H2942,C25,4,4
H2942,C26,4,4
H2942,C27,5,5
H2942,C28,5,5
H2942,C29,5,5
H2942,C30,5,5
H2942,C31,3,3
H2942,C32,2,2
H2942,C33,4,4
H2942,D01,4,4
H2942,D02,5,5
H2942,D03,5,5
H2942,D04,3,3
H2942,D05,4,4
H2942,D06,4,4
H2942,D07,5,5
H2942,D08,1,1
H2942,D09,4,4
H2942,D10,4,4
H2942,D11,2,2
H2942,D12,3,3
H2960,C01,4,4
H2960,C02,5,5
H2960,C03,5,5
H2960,C04,4,4
H2960,C05,3,3
H2960,C06,4,4
H2960,C07,5,5
H2960,C08,5,5
H2960,C09,5,5
H2960,C10,5,5
H2960,C11,5,5
H2960,C12,5,5
H2960,C13,5,5
H2960,C14,5,5
H2960,C15,2,2
H2960,C16,5,5
H2960,C17,5,5
H2960,C18,5,5
H2960,C19,5,5
H2960,C20,5,5
H2960,C21,4,4
H2960,C22,4,4
H2960,C23,4,4
H2960,C24,5,5
H2960,C25,4,4
H2960,C26,4,4
H2960,C27,5,5
H2960,C28,5,5
H2960,C29,5,5
H2960,C30,4,4
H2960,C31,5,5
H2960,C32,4,4
H2960,C33,5,5
H2960,D01,5,5
H2960,D02,5,5
H2960,D03,5,5
H2960,D04,4,4
H2960,D05,3,3
H2960,D06,3,3
H2960,D07,5,5
H2960,D08,1,1
H2960,D09,3,3
H2960,D10,3,3
H2960,D11,4,4
H2960,D12,3,3
H2962,C01,4,4
H2962,C02,5,5
H2962,C03,1,1
H2962,C04,1,1
H2962,C05,3,3
H2962,C06,3,3
H2962,C07,4,4
H2962,C08,5,5
H2962,C09,5,5
H2962,C10,5,5
H2962,C11,4,4
H2962,C12,4,4
H2962,C13,5,5
H2962,C14,5,5
H2962,C15,2,2
H2962,C16,4,4
H2962,C17,4,4
H2962,C18,3,3
H2962,C19,4,4
H2962,C20,5,5
H2962,C21,4,4
H2962,C22,2,2
H2962,C23,4,4
H2962,C24,3,3
H2962,C25,3,3
H2962,C26,3,3
H2962,C27,1,1
H2962,C28,4,4
H2962,C29,4,4
H2962,C30,3,3
H2962,C31,4,4
H2962,C32,4,4
H2962,C33,5,5
H2962,D01,5,5
H2962,D02,4,4
H2962,D03,4,4
H2962,D04,2,2
H2962,D05,5,5
H2962,D06,4,4
H2962,D07,5,5
H2962,D08,4,4
H2962,D09,3,3
H2962,D10,3,3
H2962,D11,4,4
H2962,D12,4,4
H3038,C01,2,2
H3038,C02,3,3
H3038,C03,3,3
H3038,C04,Plan too new to be measured ,
H3038,C05,Plan too new to be measured ,
H3038,C06,Plan too new to be measured ,
H3038,C07,2,2
H3038,C08,3,3
H3038,C09,3,3
H3038,C10,1,1
H3038,C11,4,4
H3038,C12,3,3
H3038,C13,4,4
H3038,C14,3,3
H3038,C15,Plan too new to be measured ,
H3038,C16,Plan too new to be measured ,
H3038,C17,2,2
H3038,C18,2,2
H3038,C19,3,3
H3038,C20,1,1
H3038,C21,1,1
H3038,C22,1,1
H3038,C23,Not enough data available ,
H3038,C24,3,3
H3038,C25,2,2
H3038,C26,3,3
H3038,C27,Not enough data available ,
H3038,C28,3,3
H3038,C29,4,4
H3038,C30,Not enough data available ,
H3038,C31,4,4
H3038,C32,4,4
H3038,C33,5,5
H3038,D01,5,5
H3038,D02,3,3
H3038,D03,4,4
H3038,D04,Not enough data available ,
H3038,D05,4,4
H3038,D06,Not enough data available ,
H3038,D07,5,5
H3038,D08,4,4
H3038,D09,3,3
H3038,D10,3,3
H3038,D11,5,5
H3038,D12,4,4
H3041,C01,Not enough data available ,
H3041,C02,5,5
H3041,C03,Plan too small to be measured ,
H3041,C04,Plan too new to be measured ,
H3041,C05,Plan too new to be measured ,
H3041,C06,1,1
H3041,C07,Plan not required to report measure ,
H3041,C08,Plan not required to report measure ,
H3041,C09,Plan not required to report measure ,
H3041,C10,Not enough data available ,
H3041,C11,4,4
H3041,C12,4,4
H3041,C13,5,5
H3041,C14,4,4
H3041,C15,Not enough data available ,
H3041,C16,Not enough data available ,
H3041,C17,5,5
H3041,C18,No data available ,
H3041,C19,Not enough data available ,
H3041,C20,4,4
H3041,C21,5,5
H3041,C22,Plan too small to be measured ,
H3041,C23,Plan too small to be measured ,
H3041,C24,Plan too small to be measured ,
H3041,C25,Plan too small to be measured ,
H3041,C26,Plan too small to be measured ,
H3041,C27,Plan too small to be measured ,
H3041,C28,Not enough data available ,
H3041,C29,Not enough data available ,
H3041,C30,Not enough data available ,
H3041,C31,Not enough data available ,
H3041,C32,Not enough data available ,
H3041,C33,4,4
H3041,D01,5,5
H3041,D02,Not enough data available ,
H3041,D03,Not enough data available ,
H3041,D04,Not enough data available ,
H3041,D05,Plan too small to be measured ,
H3041,D06,Plan too small to be measured ,
H3041,D07,5,5
H3041,D08,2,2
H3041,D09,5,5
H3041,D10,3,3
H3041,D11,3,3
H3041,D12,5,5
H3048,C01,Plan too new to be measured ,
H3048,C02,Plan too new to be measured ,
H3048,C03,Plan too new to be measured ,
H3048,C04,Plan too new to be measured ,
H3048,C05,Plan too new to be measured ,
H3048,C06,Plan too new to be measured ,
H3048,C07,Plan too new to be measured ,
H3048,C08,Plan too new to be measured ,
H3048,C09,Plan too new to be measured ,
H3048,C10,Plan too new to be measured ,
H3048,C11,Plan too new to be measured ,
H3048,C12,Plan too new to be measured ,
H3048,C13,Plan too new to be measured ,
H3048,C14,Plan too new to be measured ,
H3048,C15,Plan too new to be measured ,
H3048,C16,Plan too new to be measured ,
H3048,C17,Plan too new to be measured ,
H3048,C18,Plan too new to be measured ,
H3048,C19,Plan too new to be measured ,
H3048,C20,Plan too new to be measured ,
H3048,C21,Plan too new to be measured ,
H3048,C22,Plan too new to be measured ,
H3048,C23,Plan too new to be measured ,
H3048,C24,Plan too new to be measured ,
H3048,C25,Plan too new to be measured ,
H3048,C26,Plan too new to be measured ,
H3048,C27,Plan too new to be measured ,
H3048,C28,Plan too new to be measured ,
H3048,C29,Not enough data available ,
H3048,C30,Plan too new to be measured ,
H3048,C31,Not enough data available ,
H3048,C32,Not enough data available ,
H3048,C33,3,3
H3048,D01,3,3
H3048,D02,Plan too new to be measured ,
H3048,D03,Not enough data available ,
H3048,D04,Plan too new to be measured ,
H3048,D05,Plan too new to be measured ,
H3048,D06,Plan too new to be measured ,
H3048,D07,Plan too new to be measured ,
H3048,D08,Plan too new to be measured ,
H3048,D09,Plan too new to be measured ,
H3048,D10,Plan too new to be measured ,
H3048,D11,Plan too new to be measured ,
H3048,D12,Plan too new to be measured,
H3071,C01,3,3
H3071,C02,4,4
H3071,C03,1,1
H3071,C04,Not enough data available ,
H3071,C05,Not enough data available ,
H3071,C06,3,3
H3071,C07,Plan not required to report measure ,
H3071,C08,Plan not required to report measure ,
H3071,C09,Plan not required to report measure ,
H3071,C10,Not enough data available ,
H3071,C11,3,3
H3071,C12,4,4
H3071,C13,3,3
H3071,C14,5,5
H3071,C15,Not enough data available ,
H3071,C16,Not enough data available ,
H3071,C17,5,5
H3071,C18,1,1
H3071,C19,5,5
H3071,C20,3,3
H3071,C21,2,2
H3071,C22,2,2
H3071,C23,Not enough data available ,
H3071,C24,1,1
H3071,C25,1,1
H3071,C26,1,1
H3071,C27,3,3
H3071,C28,2,2
H3071,C29,2,2
H3071,C30,3,3
H3071,C31,5,5
H3071,C32,5,5
H3071,C33,4,4
H3071,D01,4,4
H3071,D02,2,2
H3071,D03,2,2
H3071,D04,3,3
H3071,D05,2,2
H3071,D06,Not enough data available ,
H3071,D07,5,5
H3071,D08,1,1
H3071,D09,2,2
H3071,D10,3,3
H3071,D11,4,4
H3071,D12,3,3
H3080,C01,Not enough data available ,
H3080,C02,3,3
H3080,C03,1,1
H3080,C04,Plan too new to be measured ,
H3080,C05,Plan too new to be measured ,
H3080,C06,3,3
H3080,C07,5,5
H3080,C08,5,5
H3080,C09,4,4
H3080,C10,Not enough data available ,
H3080,C11,3,3
H3080,C12,3,3
H3080,C13,4,4
H3080,C14,4,4
H3080,C15,Not enough data available ,
H3080,C16,Not enough data available ,
H3080,C17,5,5
H3080,C18,2,2
H3080,C19,5,5
H3080,C20,4,4
H3080,C21,2,2
H3080,C22,4,4
H3080,C23,5,5
H3080,C24,5,5
H3080,C25,3,3
H3080,C26,4,4
H3080,C27,3,3
H3080,C28,3,3
H3080,C29,1,1
H3080,C30,3,3
H3080,C31,5,5
H3080,C32,3,3
H3080,C33,4,4
H3080,D01,5,5
H3080,D02,3,3
H3080,D03,1,1
H3080,D04,3,3
H3080,D05,4,4
H3080,D06,4,4
H3080,D07,5,5
H3080,D08,3,3
H3080,D09,3,3
H3080,D10,4,4
H3080,D11,4,4
H3080,D12,3,3
H3093,C01,Plan too new to be measured ,
H3093,C02,Plan too new to be measured ,
H3093,C03,Plan too new to be measured ,
H3093,C04,Plan too new to be measured ,
H3093,C05,Plan too new to be measured ,
H3093,C06,Plan too new to be measured ,
H3093,C07,Plan too new to be measured ,
H3093,C08,Plan too new to be measured ,
H3093,C09,Plan too new to be measured ,
H3093,C10,Plan too new to be measured ,
H3093,C11,Plan too new to be measured ,
H3093,C12,Plan too new to be measured ,
H3093,C13,Plan too new to be measured ,
H3093,C14,Plan too new to be measured ,
H3093,C15,Plan too new to be measured ,
H3093,C16,Plan too new to be measured ,
H3093,C17,Plan too new to be measured ,
H3093,C18,Plan too new to be measured ,
H3093,C19,Plan too new to be measured ,
H3093,C20,Plan too new to be measured ,
H3093,C21,Plan too new to be measured ,
H3093,C22,Plan too new to be measured ,
H3093,C23,Plan too new to be measured ,
H3093,C24,Plan too new to be measured ,
H3093,C25,Plan too new to be measured ,
H3093,C26,Plan too new to be measured ,
H3093,C27,Plan too new to be measured ,
H3093,C28,Plan too new to be measured ,
H3093,C29,Plan too new to be measured ,
H3093,C30,Plan too new to be measured ,
H3093,C31,Not enough data available ,
H3093,C32,Not enough data available ,
H3093,C33,Plan too new to be measured ,
H3093,D01,Plan too new to be measured ,
H3093,D02,Plan too new to be measured ,
H3093,D03,Plan too new to be measured ,
H3093,D04,Plan too new to be measured ,
H3093,D05,Plan too new to be measured ,
H3093,D06,Plan too new to be measured ,
H3093,D07,Plan too new to be measured ,
H3093,D08,Plan too new to be measured ,
H3093,D09,Plan too new to be measured ,
H3093,D10,Plan too new to be measured ,
H3093,D11,Plan too new to be measured ,
H3093,D12,Plan too new to be measured,
H3113,C01,3,3
H3113,C02,4,4
H3113,C03,4,4
H3113,C04,3,3
H3113,C05,2,2
H3113,C06,4,4
H3113,C07,4,4
H3113,C08,4,4
H3113,C09,4,4
H3113,C10,2,2
H3113,C11,4,4
H3113,C12,3,3
H3113,C13,3,3
H3113,C14,3,3
H3113,C15,5,5
H3113,C16,4,4
H3113,C17,3,3
H3113,C18,1,1
H3113,C19,4,4
H3113,C20,2,2
H3113,C21,2,2
H3113,C22,3,3
H3113,C23,4,4
H3113,C24,3,3
H3113,C25,3,3
H3113,C26,5,5
H3113,C27,4,4
H3113,C28,4,4
H3113,C29,3,3
H3113,C30,4,4
H3113,C31,4,4
H3113,C32,4,4
H3113,C33,5,5
H3113,D01,5,5
H3113,D02,4,4
H3113,D03,3,3
H3113,D04,5,5
H3113,D05,4,4
H3113,D06,3,3
H3113,D07,5,5
H3113,D08,3,3
H3113,D09,3,3
H3113,D10,2,2
H3113,D11,4,4
H3113,D12,4,4
H3124,C01,Plan too new to be measured ,
H3124,C02,Plan too new to be measured ,
H3124,C03,Plan too new to be measured ,
H3124,C04,Plan too new to be measured ,
H3124,C05,Plan too new to be measured ,
H3124,C06,Plan too new to be measured ,
H3124,C07,Plan not required to report measure ,
H3124,C08,Plan not required to report measure ,
H3124,C09,Plan not required to report measure ,
H3124,C10,Plan too new to be measured ,
H3124,C11,Plan too new to be measured ,
H3124,C12,Plan too new to be measured ,
H3124,C13,Plan too new to be measured ,
H3124,C14,Plan too new to be measured ,
H3124,C15,Plan too new to be measured ,
H3124,C16,Plan too new to be measured ,
H3124,C17,Plan too new to be measured ,
H3124,C18,Plan too new to be measured ,
H3124,C19,Plan too new to be measured ,
H3124,C20,Plan too new to be measured ,
H3124,C21,Plan too new to be measured ,
H3124,C22,Plan too new to be measured ,
H3124,C23,Plan too new to be measured ,
H3124,C24,Plan too new to be measured ,
H3124,C25,Plan too new to be measured ,
H3124,C26,Plan too new to be measured ,
H3124,C27,Plan too new to be measured ,
H3124,C28,Plan too new to be measured ,
H3124,C29,Not enough data available ,
H3124,C30,Plan too new to be measured ,
H3124,C31,Not enough data available ,
H3124,C32,Not enough data available ,
H3124,C33,3,3
H3124,D01,4,4
H3124,D02,Plan too new to be measured ,
H3124,D03,Not enough data available ,
H3124,D04,Plan too new to be measured ,
H3124,D05,Plan too new to be measured ,
H3124,D06,Plan too new to be measured ,
H3124,D07,Plan too new to be measured ,
H3124,D08,Plan too new to be measured ,
H3124,D09,Plan too new to be measured ,
H3124,D10,Plan too new to be measured ,
H3124,D11,Plan too new to be measured ,
H3124,D12,Plan too new to be measured,
H3127,C01,Plan too new to be measured ,
H3127,C02,Plan too new to be measured ,
H3127,C03,Plan too new to be measured ,
H3127,C04,Plan too new to be measured ,
H3127,C05,Plan too new to be measured ,
H3127,C06,Plan too new to be measured ,
H3127,C07,Plan too new to be measured ,
H3127,C08,Plan too new to be measured ,
H3127,C09,Plan too new to be measured ,
H3127,C10,Plan too new to be measured ,
H3127,C11,Plan too new to be measured ,
H3127,C12,Plan too new to be measured ,
H3127,C13,Plan too new to be measured ,
H3127,C14,Plan too new to be measured ,
H3127,C15,Plan too new to be measured ,
H3127,C16,Plan too new to be measured ,
H3127,C17,Plan too new to be measured ,
H3127,C18,Plan too new to be measured ,
H3127,C19,Plan too new to be measured ,
H3127,C20,Plan too new to be measured ,
H3127,C21,Plan too new to be measured ,
H3127,C22,Plan too new to be measured ,
H3127,C23,Plan too new to be measured ,
H3127,C24,Plan too new to be measured ,
H3127,C25,Plan too new to be measured ,
H3127,C26,Plan too new to be measured ,
H3127,C27,Plan too new to be measured ,
H3127,C28,Plan too new to be measured ,
H3127,C29,Plan too new to be measured ,
H3127,C30,Plan too new to be measured ,
H3127,C31,Not enough data available ,
H3127,C32,Not enough data available ,
H3127,C33,Plan too new to be measured ,
H3127,D01,Plan too new to be measured ,
H3127,D02,Plan too new to be measured ,
H3127,D03,Plan too new to be measured ,
H3127,D04,Plan too new to be measured ,
H3127,D05,Plan too new to be measured ,
H3127,D06,Plan too new to be measured ,
H3127,D07,Plan too new to be measured ,
H3127,D08,Plan too new to be measured ,
H3127,D09,Plan too new to be measured ,
H3127,D10,Plan too new to be measured ,
H3127,D11,Plan too new to be measured ,
H3127,D12,Plan too new to be measured,
H3138,C01,Plan too small to be measured ,
H3138,C02,Plan too small to be measured ,
H3138,C03,Plan too small to be measured ,
H3138,C04,Plan too new to be measured ,
H3138,C05,Plan too new to be measured ,
H3138,C06,Plan too new to be measured ,
H3138,C07,Plan not required to report measure ,
H3138,C08,Plan not required to report measure ,
H3138,C09,Plan not required to report measure ,
H3138,C10,Plan too small to be measured ,
H3138,C11,Plan too small to be measured ,
H3138,C12,Plan too small to be measured ,
H3138,C13,Plan too small to be measured ,
H3138,C14,Plan too small to be measured ,
H3138,C15,Plan too new to be measured ,
H3138,C16,Plan too new to be measured ,
H3138,C17,Plan too small to be measured ,
H3138,C18,Plan too small to be measured ,
H3138,C19,Plan too small to be measured ,
H3138,C20,Plan too small to be measured ,
H3138,C21,Plan too small to be measured ,
H3138,C22,Plan too small to be measured ,
H3138,C23,Plan too small to be measured ,
H3138,C24,Plan too small to be measured ,
H3138,C25,Plan too small to be measured ,
H3138,C26,Plan too small to be measured ,
H3138,C27,Plan too small to be measured ,
H3138,C28,Not enough data available ,
H3138,C29,Not enough data available ,
H3138,C30,Not enough data available ,
H3138,C31,Not enough data available ,
H3138,C32,Not enough data available ,
H3138,C33,4,4
H3138,D01,4,4
H3138,D02,Not enough data available ,
H3138,D03,Not enough data available ,
H3138,D04,Not enough data available ,
H3138,D05,Plan too small to be measured ,
H3138,D06,Plan too small to be measured ,
H3138,D07,5,5
H3138,D08,5,5
H3138,D09,3,3
H3138,D10,4,4
H3138,D11,Not enough data available ,
H3138,D12,Not enough data available,
H3146,C01,4,4
H3146,C02,4,4
H3146,C03,4,4
H3146,C04,4,4
H3146,C05,4,4
H3146,C06,3,3
H3146,C07,3,3
H3146,C08,5,5
H3146,C09,4,4
H3146,C10,3,3
H3146,C11,4,4
H3146,C12,5,5
H3146,C13,4,4
H3146,C14,4,4
H3146,C15,2,2
H3146,C16,2,2
H3146,C17,5,5
H3146,C18,4,4
H3146,C19,4,4
H3146,C20,3,3
H3146,C21,3,3
H3146,C22,3,3
H3146,C23,4,4
H3146,C24,4,4
H3146,C25,4,4
H3146,C26,5,5
H3146,C27,5,5
H3146,C28,4,4
H3146,C29,2,2
H3146,C30,3,3
H3146,C31,3,3
H3146,C32,4,4
H3146,C33,4,4
H3146,D01,5,5
H3146,D02,4,4
H3146,D03,2,2
H3146,D04,3,3
H3146,D05,4,4
H3146,D06,4,4
H3146,D07,5,5
H3146,D08,3,3
H3146,D09,3,3
H3146,D10,4,4
H3146,D11,5,5
H3146,D12,3,3
H3152,C01,2,2
H3152,C02,3,3
H3152,C03,4,4
H3152,C04,5,5
H3152,C05,4,4
H3152,C06,3,3
H3152,C07,Plan not required to report measure ,
H3152,C08,Plan not required to report measure ,
H3152,C09,Plan not required to report measure ,
H3152,C10,2,2
H3152,C11,3,3
H3152,C12,4,4
H3152,C13,3,3
H3152,C14,4,4
H3152,C15,3,3
H3152,C16,3,3
H3152,C17,4,4
H3152,C18,3,3
H3152,C19,3,3
H3152,C20,3,3
H3152,C21,3,3
H3152,C22,4,4
H3152,C23,4,4
H3152,C24,4,4
H3152,C25,4,4
H3152,C26,5,5
H3152,C27,4,4
H3152,C28,5,5
H3152,C29,5,5
H3152,C30,4,4
H3152,C31,4,4
H3152,C32,5,5
H3152,C33,4,4
H3152,D01,5,5
H3152,D02,5,5
H3152,D03,5,5
H3152,D04,3,3
H3152,D05,3,3
H3152,D06,3,3
H3152,D07,5,5
H3152,D08,3,3
H3152,D09,3,3
H3152,D10,3,3
H3152,D11,5,5
H3152,D12,3,3
H3170,C01,2,2
H3170,C02,4,4
H3170,C03,Plan too small to be measured ,
H3170,C04,5,5
H3170,C05,5,5
H3170,C06,1,1
H3170,C07,Plan not required to report measure ,
H3170,C08,Plan not required to report measure ,
H3170,C09,Plan not required to report measure ,
H3170,C10,Not enough data available ,
H3170,C11,3,3
H3170,C12,3,3
H3170,C13,4,4
H3170,C14,3,3
H3170,C15,Not enough data available ,
H3170,C16,Not enough data available ,
H3170,C17,2,2
H3170,C18,No data available ,
H3170,C19,No data available ,
H3170,C20,1,1
H3170,C21,No data available ,
H3170,C22,Plan too small to be measured ,
H3170,C23,Plan too small to be measured ,
H3170,C24,Plan too small to be measured ,
H3170,C25,Plan too small to be measured ,
H3170,C26,Plan too small to be measured ,
H3170,C27,Plan too small to be measured ,
H3170,C28,Not enough data available ,
H3170,C29,Not enough data available ,
H3170,C30,Not enough data available ,
H3170,C31,Not enough data available ,
H3170,C32,Not enough data available ,
H3170,C33,4,4
H3170,D01,4,4
H3170,D02,Not enough data available ,
H3170,D03,Not enough data available ,
H3170,D04,2,2
H3170,D05,Plan too small to be measured ,
H3170,D06,Plan too small to be measured ,
H3170,D07,5,5
H3170,D08,2,2
H3170,D09,2,2
H3170,D10,3,3
H3170,D11,Not enough data available ,
H3170,D12,3,3
H3186,C01,5,5
H3186,C02,5,5
H3186,C03,3,3
H3186,C04,Plan too new to be measured ,
H3186,C05,Plan too new to be measured ,
H3186,C06,3,3
H3186,C07,Plan not required to report measure ,
H3186,C08,Plan not required to report measure ,
H3186,C09,Plan not required to report measure ,
H3186,C10,Not enough data available ,
H3186,C11,4,4
H3186,C12,3,3
H3186,C13,2,2
H3186,C14,4,4
H3186,C15,1,1
H3186,C16,3,3
H3186,C17,4,4
H3186,C18,No data available ,
H3186,C19,Not enough data available ,
H3186,C20,4,4
H3186,C21,Not enough data available ,
H3186,C22,4,4
H3186,C23,5,5
H3186,C24,3,3
H3186,C25,4,4
H3186,C26,4,4
H3186,C27,4,4
H3186,C28,4,4
H3186,C29,Not enough data available ,
H3186,C30,Not enough data available ,
H3186,C31,Not enough data available ,
H3186,C32,Not enough data available ,
H3186,C33,4,4
H3186,D01,5,5
H3186,D02,4,4
H3186,D03,Not enough data available ,
H3186,D04,1,1
H3186,D05,3,3
H3186,D06,4,4
H3186,D07,5,5
H3186,D08,2,2
H3186,D09,2,2
H3186,D10,2,2
H3186,D11,4,4
H3186,D12,3,3
H3192,C01,3,3
H3192,C02,3,3
H3192,C03,1,1
H3192,C04,5,5
H3192,C05,1,1
H3192,C06,3,3
H3192,C07,3,3
H3192,C08,5,5
H3192,C09,4,4
H3192,C10,3,3
H3192,C11,3,3
H3192,C12,3,3
H3192,C13,3,3
H3192,C14,4,4
H3192,C15,3,3
H3192,C16,3,3
H3192,C17,5,5
H3192,C18,4,4
H3192,C19,4,4
H3192,C20,3,3
H3192,C21,3,3
H3192,C22,4,4
H3192,C23,4,4
H3192,C24,3,3
H3192,C25,2,2
H3192,C26,3,3
H3192,C27,3,3
H3192,C28,3,3
H3192,C29,2,2
H3192,C30,2,2
H3192,C31,3,3
H3192,C32,4,4
H3192,C33,4,4
H3192,D01,5,5
H3192,D02,3,3
H3192,D03,2,2
H3192,D04,3,3
H3192,D05,3,3
H3192,D06,3,3
H3192,D07,5,5
H3192,D08,2,2
H3192,D09,3,3
H3192,D10,2,2
H3192,D11,5,5
H3192,D12,3,3
H3204,C01,3,3
H3204,C02,4,4
H3204,C03,4,4
H3204,C04,3,3
H3204,C05,3,3
H3204,C06,4,4
H3204,C07,3,3
H3204,C08,3,3
H3204,C09,2,2
H3204,C10,4,4
H3204,C11,3,3
H3204,C12,3,3
H3204,C13,4,4
H3204,C14,2,2
H3204,C15,3,3
H3204,C16,3,3
H3204,C17,4,4
H3204,C18,3,3
H3204,C19,2,2
H3204,C20,3,3
H3204,C21,2,2
H3204,C22,1,1
H3204,C23,1,1
H3204,C24,3,3
H3204,C25,3,3
H3204,C26,4,4
H3204,C27,2,2
H3204,C28,5,5
H3204,C29,5,5
H3204,C30,4,4
H3204,C31,5,5
H3204,C32,2,2
H3204,C33,3,3
H3204,D01,3,3
H3204,D02,5,5
H3204,D03,5,5
H3204,D04,1,1
H3204,D05,3,3
H3204,D06,2,2
H3204,D07,5,5
H3204,D08,1,1
H3204,D09,2,2
H3204,D10,2,2
H3204,D11,4,4
H3204,D12,2,2
H3219,C01,4,4
H3219,C02,4,4
H3219,C03,4,4
H3219,C04,4,4
H3219,C05,3,3
H3219,C06,3,3
H3219,C07,No data available ,
H3219,C08,No data available ,
H3219,C09,No data available ,
H3219,C10,4,4
H3219,C11,4,4
H3219,C12,5,5
H3219,C13,3,3
H3219,C14,5,5
H3219,C15,1,1
H3219,C16,3,3
H3219,C17,5,5
H3219,C18,5,5
H3219,C19,4,4
H3219,C20,4,4
H3219,C21,3,3
H3219,C22,2,2
H3219,C23,2,2
H3219,C24,3,3
H3219,C25,3,3
H3219,C26,3,3
H3219,C27,4,4
H3219,C28,4,4
H3219,C29,4,4
H3219,C30,3,3
H3219,C31,5,5
H3219,C32,5,5
H3219,C33,3,3
H3219,D01,4,4
H3219,D02,4,4
H3219,D03,4,4
H3219,D04,1,1
H3219,D05,2,2
H3219,D06,4,4
H3219,D07,5,5
H3219,D08,3,3
H3219,D09,4,4
H3219,D10,4,4
H3219,D11,3,3
H3219,D12,3,3
H3239,C01,3,3
H3239,C02,3,3
H3239,C03,1,1
H3239,C04,4,4
H3239,C05,3,3
H3239,C06,1,1
H3239,C07,3,3
H3239,C08,5,5
H3239,C09,4,4
H3239,C10,3,3
H3239,C11,3,3
H3239,C12,3,3
H3239,C13,3,3
H3239,C14,3,3
H3239,C15,3,3
H3239,C16,2,2
H3239,C17,5,5
H3239,C18,3,3
H3239,C19,4,4
H3239,C20,2,2
H3239,C21,2,2
H3239,C22,5,5
H3239,C23,5,5
H3239,C24,5,5
H3239,C25,4,4
H3239,C26,5,5
H3239,C27,4,4
H3239,C28,3,3
H3239,C29,2,2
H3239,C30,3,3
H3239,C31,3,3
H3239,C32,5,5
H3239,C33,4,4
H3239,D01,5,5
H3239,D02,3,3
H3239,D03,2,2
H3239,D04,2,2
H3239,D05,5,5
H3239,D06,5,5
H3239,D07,5,5
H3239,D08,3,3
H3239,D09,2,2
H3239,D10,2,2
H3239,D11,5,5
H3239,D12,3,3
H3240,C01,2,2
H3240,C02,2,2
H3240,C03,2,2
H3240,C04,2,2
H3240,C05,3,3
H3240,C06,4,4
H3240,C07,2,2
H3240,C08,3,3
H3240,C09,3,3
H3240,C10,1,1
H3240,C11,2,2
H3240,C12,3,3
H3240,C13,3,3
H3240,C14,2,2
H3240,C15,5,5
H3240,C16,4,4
H3240,C17,3,3
H3240,C18,1,1
H3240,C19,4,4
H3240,C20,3,3
H3240,C21,4,4
H3240,C22,4,4
H3240,C23,4,4
H3240,C24,3,3
H3240,C25,3,3
H3240,C26,4,4
H3240,C27,3,3
H3240,C28,3,3
H3240,C29,4,4
H3240,C30,3,3
H3240,C31,3,3
H3240,C32,5,5
H3240,C33,5,5
H3240,D01,5,5
H3240,D02,3,3
H3240,D03,4,4
H3240,D04,4,4
H3240,D05,4,4
H3240,D06,3,3
H3240,D07,5,5
H3240,D08,2,2
H3240,D09,2,2
H3240,D10,2,2
H3240,D11,4,4
H3240,D12,4,4
H3251,C01,3,3
H3251,C02,4,4
H3251,C03,4,4
H3251,C04,5,5
H3251,C05,5,5
H3251,C06,3,3
H3251,C07,2,2
H3251,C08,5,5
H3251,C09,2,2
H3251,C10,1,1
H3251,C11,2,2
H3251,C12,3,3
H3251,C13,3,3
H3251,C14,2,2
H3251,C15,3,3
H3251,C16,3,3
H3251,C17,3,3
H3251,C18,4,4
H3251,C19,1,1
H3251,C20,3,3
H3251,C21,4,4
H3251,C22,1,1
H3251,C23,1,1
H3251,C24,3,3
H3251,C25,1,1
H3251,C26,3,3
H3251,C27,Not enough data available ,
H3251,C28,4,4
H3251,C29,4,4
H3251,C30,2,2
H3251,C31,5,5
H3251,C32,4,4
H3251,C33,3,3
H3251,D01,4,4
H3251,D02,4,4
H3251,D03,4,4
H3251,D04,1,1
H3251,D05,2,2
H3251,D06,1,1
H3251,D07,5,5
H3251,D08,2,2
H3251,D09,2,2
H3251,D10,2,2
H3251,D11,4,4
H3251,D12,1,1
H3256,C01,4,4
H3256,C02,5,5
H3256,C03,2,2
H3256,C04,4,4
H3256,C05,3,3
H3256,C06,3,3
H3256,C07,4,4
H3256,C08,5,5
H3256,C09,5,5
H3256,C10,4,4
H3256,C11,5,5
H3256,C12,5,5
H3256,C13,4,4
H3256,C14,4,4
H3256,C15,4,4
H3256,C16,4,4
H3256,C17,3,3
H3256,C18,3,3
H3256,C19,3,3
H3256,C20,3,3
H3256,C21,3,3
H3256,C22,5,5
H3256,C23,5,5
H3256,C24,5,5
H3256,C25,4,4
H3256,C26,5,5
H3256,C27,Not enough data available ,
H3256,C28,4,4
H3256,C29,2,2
H3256,C30,5,5
H3256,C31,5,5
H3256,C32,4,4
H3256,C33,5,5
H3256,D01,5,5
H3256,D02,4,4
H3256,D03,2,2
H3256,D04,5,5
H3256,D05,5,5
H3256,D06,5,5
H3256,D07,5,5
H3256,D08,4,4
H3256,D09,3,3
H3256,D10,4,4
H3256,D11,4,4
H3256,D12,3,3
H3259,C01,3,3
H3259,C02,4,4
H3259,C03,2,2
H3259,C04,2,2
H3259,C05,1,1
H3259,C06,2,2
H3259,C07,3,3
H3259,C08,4,4
H3259,C09,3,3
H3259,C10,4,4
H3259,C11,4,4
H3259,C12,3,3
H3259,C13,3,3
H3259,C14,2,2
H3259,C15,3,3
H3259,C16,2,2
H3259,C17,3,3
H3259,C18,3,3
H3259,C19,2,2
H3259,C20,2,2
H3259,C21,2,2
H3259,C22,5,5
H3259,C23,4,4
H3259,C24,4,4
H3259,C25,4,4
H3259,C26,5,5
H3259,C27,3,3
H3259,C28,4,4
H3259,C29,4,4
H3259,C30,3,3
H3259,C31,4,4
H3259,C32,2,2
H3259,C33,4,4
H3259,D01,4,4
H3259,D02,4,4
H3259,D03,4,4
H3259,D04,3,3
H3259,D05,5,5
H3259,D06,4,4
H3259,D07,4,4
H3259,D08,3,3
H3259,D09,2,2
H3259,D10,2,2
H3259,D11,3,3
H3259,D12,2,2
H3274,C01,Plan too small to be measured ,
H3274,C02,Plan too small to be measured ,
H3274,C03,Plan too small to be measured ,
H3274,C04,Plan too new to be measured ,
H3274,C05,Plan too new to be measured ,
H3274,C06,Plan too small to be measured ,
H3274,C07,4,4
H3274,C08,Not enough data available ,
H3274,C09,Not enough data available ,
H3274,C10,Plan too small to be measured ,
H3274,C11,Plan too small to be measured ,
H3274,C12,Plan too small to be measured ,
H3274,C13,Plan too small to be measured ,
H3274,C14,Plan too small to be measured ,
H3274,C15,Plan too small to be measured ,
H3274,C16,Plan too small to be measured ,
H3274,C17,Plan too small to be measured ,
H3274,C18,Plan too small to be measured ,
H3274,C19,Plan too small to be measured ,
H3274,C20,Plan too small to be measured ,
H3274,C21,Plan too small to be measured ,
H3274,C22,Plan too small to be measured ,
H3274,C23,Plan too small to be measured ,
H3274,C24,Plan too small to be measured ,
H3274,C25,Plan too small to be measured ,
H3274,C26,Plan too small to be measured ,
H3274,C27,Plan too small to be measured ,
H3274,C28,Not enough data available ,
H3274,C29,Not enough data available ,
H3274,C30,Not enough data available ,
H3274,C31,Not enough data available ,
H3274,C32,Not enough data available ,
H3274,C33,3,3
H3274,D01,5,5
H3274,D02,Not enough data available ,
H3274,D03,Not enough data available ,
H3274,D04,Not enough data available ,
H3274,D05,Plan too small to be measured ,
H3274,D06,Plan too small to be measured ,
H3274,D07,5,5
H3274,D08,Not enough data available ,
H3274,D09,3,3
H3274,D10,5,5
H3274,D11,4,4
H3274,D12,Not enough data available,
H3276,C01,4,4
H3276,C02,4,4
H3276,C03,Plan too small to be measured ,
H3276,C04,Not enough data available ,
H3276,C05,Not enough data available ,
H3276,C06,Not enough data available ,
H3276,C07,1,1
H3276,C08,3,3
H3276,C09,3,3
H3276,C10,Not enough data available ,
H3276,C11,3,3
H3276,C12,2,2
H3276,C13,3,3
H3276,C14,4,4
H3276,C15,Not enough data available ,
H3276,C16,Not enough data available ,
H3276,C17,3,3
H3276,C18,No data available ,
H3276,C19,Not enough data available ,
H3276,C20,4,4
H3276,C21,2,2
H3276,C22,Plan too small to be measured ,
H3276,C23,Plan too small to be measured ,
H3276,C24,Plan too small to be measured ,
H3276,C25,Plan too small to be measured ,
H3276,C26,Plan too small to be measured ,
H3276,C27,Plan too small to be measured ,
H3276,C28,Not enough data available ,
H3276,C29,Not enough data available ,
H3276,C30,Not enough data available ,
H3276,C31,Not enough data available ,
H3276,C32,Not enough data available ,
H3276,C33,5,5
H3276,D01,4,4
H3276,D02,Not enough data available ,
H3276,D03,Not enough data available ,
H3276,D04,4,4
H3276,D05,Plan too small to be measured ,
H3276,D06,Plan too small to be measured ,
H3276,D07,5,5
H3276,D08,4,4
H3276,D09,2,2
H3276,D10,4,4
H3276,D11,4,4
H3276,D12,5,5
H3288,C01,3,3
H3288,C02,3,3
H3288,C03,2,2
H3288,C04,3,3
H3288,C05,2,2
H3288,C06,2,2
H3288,C07,No data available ,
H3288,C08,No data available ,
H3288,C09,No data available ,
H3288,C10,3,3
H3288,C11,3,3
H3288,C12,5,5
H3288,C13,3,3
H3288,C14,3,3
H3288,C15,2,2
H3288,C16,3,3
H3288,C17,5,5
H3288,C18,4,4
H3288,C19,2,2
H3288,C20,2,2
H3288,C21,3,3
H3288,C22,4,4
H3288,C23,4,4
H3288,C24,4,4
H3288,C25,4,4
H3288,C26,3,3
H3288,C27,Not enough data available ,
H3288,C28,4,4
H3288,C29,3,3
H3288,C30,4,4
H3288,C31,4,4
H3288,C32,4,4
H3288,C33,4,4
H3288,D01,5,5
H3288,D02,4,4
H3288,D03,3,3
H3288,D04,5,5
H3288,D05,2,2
H3288,D06,3,3
H3288,D07,4,4
H3288,D08,3,3
H3288,D09,3,3
H3288,D10,3,3
H3288,D11,4,4
H3288,D12,2,2
H3291,C01,1,1
H3291,C02,5,5
H3291,C03,Plan too small to be measured ,
H3291,C04,Not enough data available ,
H3291,C05,Not enough data available ,
H3291,C06,No data available ,
H3291,C07,5,5
H3291,C08,4,4
H3291,C09,5,5
H3291,C10,Not enough data available ,
H3291,C11,5,5
H3291,C12,3,3
H3291,C13,3,3
H3291,C14,Not enough data available ,
H3291,C15,No data available ,
H3291,C16,No data available ,
H3291,C17,Not enough data available ,
H3291,C18,3,3
H3291,C19,Not enough data available ,
H3291,C20,Not enough data available ,
H3291,C21,1,1
H3291,C22,Plan too small to be measured ,
H3291,C23,Plan too small to be measured ,
H3291,C24,Plan too small to be measured ,
H3291,C25,Plan too small to be measured ,
H3291,C26,Plan too small to be measured ,
H3291,C27,Plan too small to be measured ,
H3291,C28,5,5
H3291,C29,5,5
H3291,C30,Not enough data available ,
H3291,C31,Not enough data available ,
H3291,C32,Not enough data available ,
H3291,C33,4,4
H3291,D01,4,4
H3291,D02,5,5
H3291,D03,5,5
H3291,D04,4,4
H3291,D05,Plan too small to be measured ,
H3291,D06,Plan too small to be measured ,
H3291,D07,5,5
H3291,D08,4,4
H3291,D09,4,4
H3291,D10,5,5
H3291,D11,5,5
H3291,D12,5,5
H3305,C01,4,4
H3305,C02,5,5
H3305,C03,5,5
H3305,C04,2,2
H3305,C05,3,3
H3305,C06,4,4
H3305,C07,2,2
H3305,C08,2,2
H3305,C09,2,2
H3305,C10,3,3
H3305,C11,3,3
H3305,C12,3,3
H3305,C13,4,4
H3305,C14,3,3
H3305,C15,3,3
H3305,C16,4,4
H3305,C17,3,3
H3305,C18,3,3
H3305,C19,4,4
H3305,C20,2,2
H3305,C21,3,3
H3305,C22,5,5
H3305,C23,5,5
H3305,C24,5,5
H3305,C25,5,5
H3305,C26,5,5
H3305,C27,4,4
H3305,C28,5,5
H3305,C29,5,5
H3305,C30,4,4
H3305,C31,5,5
H3305,C32,3,3
H3305,C33,3,3
H3305,D01,3,3
H3305,D02,5,5
H3305,D03,5,5
H3305,D04,3,3
H3305,D05,5,5
H3305,D06,5,5
H3305,D07,5,5
H3305,D08,3,3
H3305,D09,4,4
H3305,D10,3,3
H3305,D11,2,2
H3305,D12,3,3
H3312,C01,3,3
H3312,C02,3,3
H3312,C03,2,2
H3312,C04,3,3
H3312,C05,3,3
H3312,C06,3,3
H3312,C07,3,3
H3312,C08,5,5
H3312,C09,4,4
H3312,C10,3,3
H3312,C11,3,3
H3312,C12,3,3
H3312,C13,2,2
H3312,C14,4,4
H3312,C15,4,4
H3312,C16,3,3
H3312,C17,5,5
H3312,C18,4,4
H3312,C19,3,3
H3312,C20,2,2
H3312,C21,3,3
H3312,C22,2,2
H3312,C23,1,1
H3312,C24,2,2
H3312,C25,1,1
H3312,C26,2,2
H3312,C27,3,3
H3312,C28,4,4
H3312,C29,3,3
H3312,C30,2,2
H3312,C31,3,3
H3312,C32,5,5
H3312,C33,4,4
H3312,D01,5,5
H3312,D02,4,4
H3312,D03,3,3
H3312,D04,3,3
H3312,D05,2,2
H3312,D06,3,3
H3312,D07,5,5
H3312,D08,3,3
H3312,D09,3,3
H3312,D10,2,2
H3312,D11,5,5
H3312,D12,3,3
H3330,C01,5,5
H3330,C02,5,5
H3330,C03,3,3
H3330,C04,Not enough data available ,
H3330,C05,Not enough data available ,
H3330,C06,4,4
H3330,C07,Plan not required to report measure ,
H3330,C08,Plan not required to report measure ,
H3330,C09,Plan not required to report measure ,
H3330,C10,2,2
H3330,C11,4,4
H3330,C12,4,4
H3330,C13,4,4
H3330,C14,3,3
H3330,C15,4,4
H3330,C16,Not enough data available ,
H3330,C17,3,3
H3330,C18,2,2
H3330,C19,3,3
H3330,C20,3,3
H3330,C21,2,2
H3330,C22,3,3
H3330,C23,Not enough data available ,
H3330,C24,3,3
H3330,C25,4,4
H3330,C26,3,3
H3330,C27,Not enough data available ,
H3330,C28,4,4
H3330,C29,5,5
H3330,C30,4,4
H3330,C31,4,4
H3330,C32,3,3
H3330,C33,4,4
H3330,D01,5,5
H3330,D02,4,4
H3330,D03,5,5
H3330,D04,5,5
H3330,D05,3,3
H3330,D06,4,4
H3330,D07,5,5
H3330,D08,4,4
H3330,D09,4,4
H3330,D10,3,3
H3330,D11,4,4
H3330,D12,3,3
H3335,C01,5,5
H3335,C02,4,4
H3335,C03,4,4
H3335,C04,4,4
H3335,C05,4,4
H3335,C06,3,3
H3335,C07,Plan not required to report measure ,
H3335,C08,Plan not required to report measure ,
H3335,C09,Plan not required to report measure ,
H3335,C10,1,1
H3335,C11,4,4
H3335,C12,5,5
H3335,C13,3,3
H3335,C14,3,3
H3335,C15,3,3
H3335,C16,3,3
H3335,C17,4,4
H3335,C18,2,2
H3335,C19,3,3
H3335,C20,4,4
H3335,C21,2,2
H3335,C22,4,4
H3335,C23,4,4
H3335,C24,3,3
H3335,C25,3,3
H3335,C26,3,3
H3335,C27,4,4
H3335,C28,5,5
H3335,C29,5,5
H3335,C30,3,3
H3335,C31,4,4
H3335,C32,2,2
H3335,C33,3,3
H3335,D01,3,3
H3335,D02,5,5
H3335,D03,5,5
H3335,D04,4,4
H3335,D05,2,2
H3335,D06,4,4
H3335,D07,5,5
H3335,D08,4,4
H3335,D09,4,4
H3335,D10,4,4
H3335,D11,3,3
H3335,D12,3,3
H3344,C01,5,5
H3344,C02,5,5
H3344,C03,5,5
H3344,C04,4,4
H3344,C05,3,3
H3344,C06,3,3
H3344,C07,Plan not required to report measure ,
H3344,C08,Plan not required to report measure ,
H3344,C09,Plan not required to report measure ,
H3344,C10,Not enough data available ,
H3344,C11,5,5
H3344,C12,5,5
H3344,C13,4,4
H3344,C14,5,5
H3344,C15,2,2
H3344,C16,3,3
H3344,C17,4,4
H3344,C18,3,3
H3344,C19,3,3
H3344,C20,3,3
H3344,C21,3,3
H3344,C22,5,5
H3344,C23,5,5
H3344,C24,5,5
H3344,C25,5,5
H3344,C26,5,5
H3344,C27,3,3
H3344,C28,5,5
H3344,C29,5,5
H3344,C30,4,4
H3344,C31,4,4
H3344,C32,3,3
H3344,C33,4,4
H3344,D01,5,5
H3344,D02,5,5
H3344,D03,5,5
H3344,D04,3,3
H3344,D05,5,5
H3344,D06,5,5
H3344,D07,4,4
H3344,D08,5,5
H3344,D09,5,5
H3344,D10,4,4
H3344,D11,4,4
H3344,D12,3,3
H3347,C01,3,3
H3347,C02,3,3
H3347,C03,3,3
H3347,C04,Not enough data available ,
H3347,C05,Not enough data available ,
H3347,C06,5,5
H3347,C07,5,5
H3347,C08,2,2
H3347,C09,4,4
H3347,C10,Not enough data available ,
H3347,C11,4,4
H3347,C12,2,2
H3347,C13,3,3
H3347,C14,1,1
H3347,C15,5,5
H3347,C16,2,2
H3347,C17,4,4
H3347,C18,2,2
H3347,C19,4,4
H3347,C20,4,4
H3347,C21,2,2
H3347,C22,2,2
H3347,C23,3,3
H3347,C24,3,3
H3347,C25,3,3
H3347,C26,4,4
H3347,C27,3,3
H3347,C28,4,4
H3347,C29,4,4
H3347,C30,3,3
H3347,C31,5,5
H3347,C32,2,2
H3347,C33,4,4
H3347,D01,4,4
H3347,D02,4,4
H3347,D03,4,4
H3347,D04,4,4
H3347,D05,4,4
H3347,D06,Not enough data available ,
H3347,D07,4,4
H3347,D08,3,3
H3347,D09,3,3
H3347,D10,2,2
H3347,D11,5,5
H3347,D12,4,4
H3351,C01,4,4
H3351,C02,4,4
H3351,C03,5,5
H3351,C04,2,2
H3351,C05,4,4
H3351,C06,3,3
H3351,C07,Plan not required to report measure ,
H3351,C08,Plan not required to report measure ,
H3351,C09,Plan not required to report measure ,
H3351,C10,1,1
H3351,C11,4,4
H3351,C12,5,5
H3351,C13,4,4
H3351,C14,3,3
H3351,C15,3,3
H3351,C16,3,3
H3351,C17,4,4
H3351,C18,2,2
H3351,C19,4,4
H3351,C20,5,5
H3351,C21,3,3
H3351,C22,4,4
H3351,C23,5,5
H3351,C24,5,5
H3351,C25,4,4
H3351,C26,4,4
H3351,C27,4,4
H3351,C28,5,5
H3351,C29,5,5
H3351,C30,4,4
H3351,C31,4,4
H3351,C32,3,3
H3351,C33,3,3
H3351,D01,3,3
H3351,D02,5,5
H3351,D03,5,5
H3351,D04,4,4
H3351,D05,2,2
H3351,D06,4,4
H3351,D07,5,5
H3351,D08,4,4
H3351,D09,4,4
H3351,D10,4,4
H3351,D11,3,3
H3351,D12,3,3
H3359,C01,4,4
H3359,C02,5,5
H3359,C03,5,5
H3359,C04,Not enough data available ,
H3359,C05,Not enough data available ,
H3359,C06,5,5
H3359,C07,3,3
H3359,C08,4,4
H3359,C09,3,3
H3359,C10,3,3
H3359,C11,5,5
H3359,C12,4,4
H3359,C13,3,3
H3359,C14,4,4
H3359,C15,5,5
H3359,C16,5,5
H3359,C17,5,5
H3359,C18,3,3
H3359,C19,4,4
H3359,C20,4,4
H3359,C21,4,4
H3359,C22,4,4
H3359,C23,4,4
H3359,C24,2,2
H3359,C25,4,4
H3359,C26,5,5
H3359,C27,1,1
H3359,C28,5,5
H3359,C29,5,5
H3359,C30,4,4
H3359,C31,5,5
H3359,C32,5,5
H3359,C33,5,5
H3359,D01,4,4
H3359,D02,5,5
H3359,D03,5,5
H3359,D04,5,5
H3359,D05,4,4
H3359,D06,3,3
H3359,D07,4,4
H3359,D08,4,4
H3359,D09,3,3
H3359,D10,2,2
H3359,D11,3,3
H3359,D12,4,4
H3362,C01,5,5
H3362,C02,5,5
H3362,C03,5,5
H3362,C04,5,5
H3362,C05,3,3
H3362,C06,3,3
H3362,C07,5,5
H3362,C08,5,5
H3362,C09,5,5
H3362,C10,3,3
H3362,C11,5,5
H3362,C12,5,5
H3362,C13,4,4
H3362,C14,5,5
H3362,C15,3,3
H3362,C16,2,2
H3362,C17,4,4
H3362,C18,4,4
H3362,C19,4,4
H3362,C20,4,4
H3362,C21,3,3
H3362,C22,5,5
H3362,C23,5,5
H3362,C24,5,5
H3362,C25,5,5
H3362,C26,5,5
H3362,C27,4,4
H3362,C28,5,5
H3362,C29,5,5
H3362,C30,5,5
H3362,C31,4,4
H3362,C32,4,4
H3362,C33,4,4
H3362,D01,5,5
H3362,D02,5,5
H3362,D03,5,5
H3362,D04,4,4
H3362,D05,4,4
H3362,D06,5,5
H3362,D07,4,4
H3362,D08,4,4
H3362,D09,5,5
H3362,D10,5,5
H3362,D11,4,4
H3362,D12,4,4
H3379,C01,4,4
H3379,C02,4,4
H3379,C03,5,5
H3379,C04,3,3
H3379,C05,3,3
H3379,C06,2,2
H3379,C07,5,5
H3379,C08,4,4
H3379,C09,4,4
H3379,C10,2,2
H3379,C11,4,4
H3379,C12,4,4
H3379,C13,3,3
H3379,C14,4,4
H3379,C15,1,1
H3379,C16,3,3
H3379,C17,4,4
H3379,C18,2,2
H3379,C19,4,4
H3379,C20,2,2
H3379,C21,3,3
H3379,C22,3,3
H3379,C23,3,3
H3379,C24,3,3
H3379,C25,3,3
H3379,C26,1,1
H3379,C27,4,4
H3379,C28,4,4
H3379,C29,4,4
H3379,C30,4,4
H3379,C31,5,5
H3379,C32,5,5
H3379,C33,5,5
H3379,D01,5,5
H3379,D02,4,4
H3379,D03,4,4
H3379,D04,4,4
H3379,D05,1,1
H3379,D06,3,3
H3379,D07,5,5
H3379,D08,3,3
H3379,D09,4,4
H3379,D10,4,4
H3379,D11,3,3
H3379,D12,3,3
H3384,C01,4,4
H3384,C02,5,5
H3384,C03,4,4
H3384,C04,4,4
H3384,C05,5,5
H3384,C06,4,4
H3384,C07,Plan not required to report measure ,
H3384,C08,Plan not required to report measure ,
H3384,C09,Plan not required to report measure ,
H3384,C10,4,4
H3384,C11,4,4
H3384,C12,5,5
H3384,C13,4,4
H3384,C14,3,3
H3384,C15,2,2
H3384,C16,2,2
H3384,C17,4,4
H3384,C18,2,2
H3384,C19,5,5
H3384,C20,3,3
H3384,C21,3,3
H3384,C22,5,5
H3384,C23,5,5
H3384,C24,3,3
H3384,C25,4,4
H3384,C26,3,3
H3384,C27,4,4
H3384,C28,5,5
H3384,C29,4,4
H3384,C30,4,4
H3384,C31,3,3
H3384,C32,4,4
H3384,C33,3,3
H3384,D01,4,4
H3384,D02,5,5
H3384,D03,4,4
H3384,D04,4,4
H3384,D05,2,2
H3384,D06,4,4
H3384,D07,5,5
H3384,D08,4,4
H3384,D09,5,5
H3384,D10,4,4
H3384,D11,3,3
H3384,D12,5,5
H3387,C01,3,3
H3387,C02,4,4
H3387,C03,4,4
H3387,C04,2,2
H3387,C05,2,2
H3387,C06,4,4
H3387,C07,4,4
H3387,C08,4,4
H3387,C09,4,4
H3387,C10,2,2
H3387,C11,5,5
H3387,C12,4,4
H3387,C13,4,4
H3387,C14,4,4
H3387,C15,5,5
H3387,C16,5,5
H3387,C17,3,3
H3387,C18,2,2
H3387,C19,4,4
H3387,C20,3,3
H3387,C21,3,3
H3387,C22,3,3
H3387,C23,4,4
H3387,C24,1,1
H3387,C25,3,3
H3387,C26,4,4
H3387,C27,3,3
H3387,C28,4,4
H3387,C29,3,3
H3387,C30,4,4
H3387,C31,5,5
H3387,C32,4,4
H3387,C33,5,5
H3387,D01,5,5
H3387,D02,4,4
H3387,D03,3,3
H3387,D04,5,5
H3387,D05,4,4
H3387,D06,Not enough data available ,
H3387,D07,5,5
H3387,D08,4,4
H3387,D09,4,4
H3387,D10,4,4
H3387,D11,4,4
H3387,D12,4,4
H3388,C01,5,5
H3388,C02,5,5
H3388,C03,5,5
H3388,C04,4,4
H3388,C05,4,4
H3388,C06,4,4
H3388,C07,Plan not required to report measure ,
H3388,C08,Plan not required to report measure ,
H3388,C09,Plan not required to report measure ,
H3388,C10,3,3
H3388,C11,5,5
H3388,C12,5,5
H3388,C13,4,4
H3388,C14,3,3
H3388,C15,2,2
H3388,C16,2,2
H3388,C17,4,4
H3388,C18,3,3
H3388,C19,3,3
H3388,C20,5,5
H3388,C21,3,3
H3388,C22,5,5
H3388,C23,5,5
H3388,C24,5,5
H3388,C25,5,5
H3388,C26,5,5
H3388,C27,4,4
H3388,C28,5,5
H3388,C29,5,5
H3388,C30,3,3
H3388,C31,3,3
H3388,C32,4,4
H3388,C33,4,4
H3388,D01,4,4
H3388,D02,5,5
H3388,D03,5,5
H3388,D04,4,4
H3388,D05,4,4
H3388,D06,4,4
H3388,D07,4,4
H3388,D08,2,2
H3388,D09,4,4
H3388,D10,4,4
H3388,D11,4,4
H3388,D12,3,3
H3404,C01,4,4
H3404,C02,5,5
H3404,C03,5,5
H3404,C04,4,4
H3404,C05,5,5
H3404,C06,4,4
H3404,C07,Plan not required to report measure ,
H3404,C08,Plan not required to report measure ,
H3404,C09,Plan not required to report measure ,
H3404,C10,3,3
H3404,C11,4,4
H3404,C12,4,4
H3404,C13,4,4
H3404,C14,3,3
H3404,C15,1,1
H3404,C16,1,1
H3404,C17,4,4
H3404,C18,4,4
H3404,C19,3,3
H3404,C20,4,4
H3404,C21,4,4
H3404,C22,5,5
H3404,C23,5,5
H3404,C24,5,5
H3404,C25,5,5
H3404,C26,5,5
H3404,C27,5,5
H3404,C28,5,5
H3404,C29,5,5
H3404,C30,3,3
H3404,C31,4,4
H3404,C32,3,3
H3404,C33,4,4
H3404,D01,3,3
H3404,D02,5,5
H3404,D03,5,5
H3404,D04,3,3
H3404,D05,4,4
H3404,D06,4,4
H3404,D07,5,5
H3404,D08,4,4
H3404,D09,4,4
H3404,D10,4,4
H3404,D11,3,3
H3404,D12,3,3
H3407,C01,Plan too small to be measured ,
H3407,C02,Plan too small to be measured ,
H3407,C03,Plan too small to be measured ,
H3407,C04,Plan too small to be measured ,
H3407,C05,Plan too small to be measured ,
H3407,C06,Plan too small to be measured ,
H3407,C07,2,2
H3407,C08,2,2
H3407,C09,1,1
H3407,C10,Plan too small to be measured ,
H3407,C11,Plan too small to be measured ,
H3407,C12,Plan too small to be measured ,
H3407,C13,Plan too small to be measured ,
H3407,C14,Plan too small to be measured ,
H3407,C15,Plan too small to be measured ,
H3407,C16,Plan too small to be measured ,
H3407,C17,Plan too small to be measured ,
H3407,C18,Plan too small to be measured ,
H3407,C19,Plan too small to be measured ,
H3407,C20,Plan too small to be measured ,
H3407,C21,Plan too small to be measured ,
H3407,C22,Plan too small to be measured ,
H3407,C23,Plan too small to be measured ,
H3407,C24,Plan too small to be measured ,
H3407,C25,Plan too small to be measured ,
H3407,C26,Plan too small to be measured ,
H3407,C27,Plan too small to be measured ,
H3407,C28,Not enough data available ,
H3407,C29,Not enough data available ,
H3407,C30,Not enough data available ,
H3407,C31,Not enough data available ,
H3407,C32,Not enough data available ,
H3407,C33,3,3
H3407,D01,3,3
H3407,D02,Not enough data available ,
H3407,D03,Not enough data available ,
H3407,D04,Not enough data available ,
H3407,D05,Plan too small to be measured ,
H3407,D06,Plan too small to be measured ,
H3407,D07,5,5
H3407,D08,2,2
H3407,D09,1,1
H3407,D10,1,1
H3407,D11,3,3
H3407,D12,4,4
H3418,C01,4,4
H3418,C02,4,4
H3418,C03,4,4
H3418,C04,4,4
H3418,C05,3,3
H3418,C06,4,4
H3418,C07,Plan not required to report measure ,
H3418,C08,Plan not required to report measure ,
H3418,C09,Plan not required to report measure ,
H3418,C10,2,2
H3418,C11,5,5
H3418,C12,5,5
H3418,C13,4,4
H3418,C14,4,4
H3418,C15,1,1
H3418,C16,3,3
H3418,C17,3,3
H3418,C18,2,2
H3418,C19,3,3
H3418,C20,2,2
H3418,C21,3,3
H3418,C22,1,1
H3418,C23,Not enough data available ,
H3418,C24,Not enough data available ,
H3418,C25,1,1
H3418,C26,1,1
H3418,C27,1,1
H3418,C28,4,4
H3418,C29,3,3
H3418,C30,3,3
H3418,C31,5,5
H3418,C32,4,4
H3418,C33,5,5
H3418,D01,5,5
H3418,D02,4,4
H3418,D03,3,3
H3418,D04,4,4
H3418,D05,1,1
H3418,D06,Not enough data available ,
H3418,D07,5,5
H3418,D08,4,4
H3418,D09,4,4
H3418,D10,4,4
H3418,D11,4,4
H3418,D12,3,3
H3419,C01,Plan too small to be measured ,
H3419,C02,Plan too small to be measured ,
H3419,C03,Plan too small to be measured ,
H3419,C04,Plan too small to be measured ,
H3419,C05,Plan too small to be measured ,
H3419,C06,Plan too small to be measured ,
H3419,C07,4,4
H3419,C08,5,5
H3419,C09,5,5
H3419,C10,Plan too small to be measured ,
H3419,C11,Plan too small to be measured ,
H3419,C12,Plan too small to be measured ,
H3419,C13,Plan too small to be measured ,
H3419,C14,Plan too small to be measured ,
H3419,C15,Plan too small to be measured ,
H3419,C16,Plan too small to be measured ,
H3419,C17,Plan too small to be measured ,
H3419,C18,Plan too small to be measured ,
H3419,C19,Plan too small to be measured ,
H3419,C20,Plan too small to be measured ,
H3419,C21,Plan too small to be measured ,
H3419,C22,Plan too small to be measured ,
H3419,C23,Plan too small to be measured ,
H3419,C24,Plan too small to be measured ,
H3419,C25,Plan too small to be measured ,
H3419,C26,Plan too small to be measured ,
H3419,C27,Plan too small to be measured ,
H3419,C28,Not enough data available ,
H3419,C29,Not enough data available ,
H3419,C30,Not enough data available ,
H3419,C31,Not enough data available ,
H3419,C32,Not enough data available ,
H3419,C33,4,4
H3419,D01,4,4
H3419,D02,Not enough data available ,
H3419,D03,Not enough data available ,
H3419,D04,Not enough data available ,
H3419,D05,Plan too small to be measured ,
H3419,D06,Plan too small to be measured ,
H3419,D07,5,5
H3419,D08,Not enough data available ,
H3419,D09,Not enough data available ,
H3419,D10,1,1
H3419,D11,Not enough data available ,
H3419,D12,Not enough data available,
H3443,C01,5,5
H3443,C02,5,5
H3443,C03,4,4
H3443,C04,Plan too new to be measured ,
H3443,C05,Plan too new to be measured ,
H3443,C06,4,4
H3443,C07,5,5
H3443,C08,5,5
H3443,C09,5,5
H3443,C10,Not enough data available ,
H3443,C11,5,5
H3443,C12,4,4
H3443,C13,5,5
H3443,C14,5,5
H3443,C15,4,4
H3443,C16,2,2
H3443,C17,5,5
H3443,C18,4,4
H3443,C19,5,5
H3443,C20,3,3
H3443,C21,4,4
H3443,C22,2,2
H3443,C23,2,2
H3443,C24,3,3
H3443,C25,4,4
H3443,C26,5,5
H3443,C27,1,1
H3443,C28,3,3
H3443,C29,3,3
H3443,C30,3,3
H3443,C31,3,3
H3443,C32,2,2
H3443,C33,5,5
H3443,D01,5,5
H3443,D02,3,3
H3443,D03,3,3
H3443,D04,1,1
H3443,D05,5,5
H3443,D06,2,2
H3443,D07,5,5
H3443,D08,4,4
H3443,D09,4,4
H3443,D10,5,5
H3443,D11,5,5
H3443,D12,5,5
H3447,C01,2,2
H3447,C02,4,4
H3447,C03,2,2
H3447,C04,3,3
H3447,C05,4,4
H3447,C06,3,3
H3447,C07,2,2
H3447,C08,5,5
H3447,C09,4,4
H3447,C10,1,1
H3447,C11,3,3
H3447,C12,4,4
H3447,C13,3,3
H3447,C14,3,3
H3447,C15,4,4
H3447,C16,3,3
H3447,C17,5,5
H3447,C18,2,2
H3447,C19,3,3
H3447,C20,4,4
H3447,C21,3,3
H3447,C22,4,4
H3447,C23,3,3
H3447,C24,1,1
H3447,C25,3,3
H3447,C26,2,2
H3447,C27,3,3
H3447,C28,4,4
H3447,C29,3,3
H3447,C30,4,4
H3447,C31,4,4
H3447,C32,4,4
H3447,C33,5,5
H3447,D01,5,5
H3447,D02,4,4
H3447,D03,3,3
H3447,D04,5,5
H3447,D05,2,2
H3447,D06,2,2
H3447,D07,5,5
H3447,D08,2,2
H3447,D09,3,3
H3447,D10,3,3
H3447,D11,4,4
H3447,D12,3,3
H3449,C01,4,4
H3449,C02,5,5
H3449,C03,4,4
H3449,C04,2,2
H3449,C05,4,4
H3449,C06,4,4
H3449,C07,Plan not required to report measure ,
H3449,C08,Plan not required to report measure ,
H3449,C09,Plan not required to report measure ,
H3449,C10,2,2
H3449,C11,3,3
H3449,C12,4,4
H3449,C13,3,3
H3449,C14,3,3
H3449,C15,2,2
H3449,C16,2,2
H3449,C17,4,4
H3449,C18,5,5
H3449,C19,3,3
H3449,C20,4,4
H3449,C21,3,3
H3449,C22,5,5
H3449,C23,4,4
H3449,C24,5,5
H3449,C25,4,4
H3449,C26,4,4
H3449,C27,5,5
H3449,C28,5,5
H3449,C29,5,5
H3449,C30,4,4
H3449,C31,5,5
H3449,C32,4,4
H3449,C33,4,4
H3449,D01,3,3
H3449,D02,5,5
H3449,D03,5,5
H3449,D04,5,5
H3449,D05,4,4
H3449,D06,4,4
H3449,D07,5,5
H3449,D08,2,2
H3449,D09,3,3
H3449,D10,3,3
H3449,D11,3,3
H3449,D12,3,3
H3467,C01,Not enough data available ,
H3467,C02,No data available ,
H3467,C03,Plan too small to be measured ,
H3467,C04,Not enough data available ,
H3467,C05,Not enough data available ,
H3467,C06,No data available ,
H3467,C07,5,5
H3467,C08,3,3
H3467,C09,5,5
H3467,C10,Not enough data available ,
H3467,C11,No data available ,
H3467,C12,2,2
H3467,C13,1,1
H3467,C14,Not enough data available ,
H3467,C15,No data available ,
H3467,C16,No data available ,
H3467,C17,Not enough data available ,
H3467,C18,No data available ,
H3467,C19,Not enough data available ,
H3467,C20,Not enough data available ,
H3467,C21,4,4
H3467,C22,Plan too small to be measured ,
H3467,C23,Plan too small to be measured ,
H3467,C24,Plan too small to be measured ,
H3467,C25,Plan too small to be measured ,
H3467,C26,Plan too small to be measured ,
H3467,C27,Plan too small to be measured ,
H3467,C28,3,3
H3467,C29,5,5
H3467,C30,Not enough data available ,
H3467,C31,Not enough data available ,
H3467,C32,Not enough data available ,
H3467,C33,4,4
H3467,D01,4,4
H3467,D02,3,3
H3467,D03,5,5
H3467,D04,4,4
H3467,D05,Plan too small to be measured ,
H3467,D06,Plan too small to be measured ,
H3467,D07,5,5
H3467,D08,3,3
H3467,D09,1,1
H3467,D10,1,1
H3467,D11,5,5
H3467,D12,2,2
H3499,C01,2,2
H3499,C02,3,3
H3499,C03,2,2
H3499,C04,Not enough data available ,
H3499,C05,Not enough data available ,
H3499,C06,1,1
H3499,C07,Plan not required to report measure ,
H3499,C08,Plan not required to report measure ,
H3499,C09,Plan not required to report measure ,
H3499,C10,Not enough data available ,
H3499,C11,2,2
H3499,C12,3,3
H3499,C13,2,2
H3499,C14,3,3
H3499,C15,2,2
H3499,C16,3,3
H3499,C17,3,3
H3499,C18,1,1
H3499,C19,4,4
H3499,C20,2,2
H3499,C21,1,1
H3499,C22,4,4
H3499,C23,4,4
H3499,C24,2,2
H3499,C25,3,3
H3499,C26,2,2
H3499,C27,3,3
H3499,C28,3,3
H3499,C29,3,3
H3499,C30,3,3
H3499,C31,Not enough data available ,
H3499,C32,Not enough data available ,
H3499,C33,5,5
H3499,D01,5,5
H3499,D02,3,3
H3499,D03,3,3
H3499,D04,4,4
H3499,D05,2,2
H3499,D06,3,3
H3499,D07,5,5
H3499,D08,4,4
H3499,D09,3,3
H3499,D10,4,4
H3499,D11,4,4
H3499,D12,4,4
H3528,C01,4,4
H3528,C02,5,5
H3528,C03,4,4
H3528,C04,3,3
H3528,C05,3,3
H3528,C06,4,4
H3528,C07,Plan not required to report measure ,
H3528,C08,Plan not required to report measure ,
H3528,C09,Plan not required to report measure ,
H3528,C10,1,1
H3528,C11,3,3
H3528,C12,3,3
H3528,C13,3,3
H3528,C14,5,5
H3528,C15,2,2
H3528,C16,3,3
H3528,C17,3,3
H3528,C18,2,2
H3528,C19,3,3
H3528,C20,4,4
H3528,C21,3,3
H3528,C22,4,4
H3528,C23,3,3
H3528,C24,2,2
H3528,C25,4,4
H3528,C26,2,2
H3528,C27,3,3
H3528,C28,5,5
H3528,C29,5,5
H3528,C30,3,3
H3528,C31,3,3
H3528,C32,3,3
H3528,C33,5,5
H3528,D01,4,4
H3528,D02,5,5
H3528,D03,5,5
H3528,D04,4,4
H3528,D05,2,2
H3528,D06,3,3
H3528,D07,5,5
H3528,D08,4,4
H3528,D09,5,5
H3528,D10,5,5
H3528,D11,3,3
H3528,D12,3,3
H3533,C01,2,2
H3533,C02,3,3
H3533,C03,2,2
H3533,C04,Not enough data available ,
H3533,C05,Not enough data available ,
H3533,C06,3,3
H3533,C07,4,4
H3533,C08,4,4
H3533,C09,4,4
H3533,C10,2,2
H3533,C11,3,3
H3533,C12,3,3
H3533,C13,3,3
H3533,C14,3,3
H3533,C15,4,4
H3533,C16,2,2
H3533,C17,3,3
H3533,C18,2,2
H3533,C19,3,3
H3533,C20,3,3
H3533,C21,2,2
H3533,C22,2,2
H3533,C23,Not enough data available ,
H3533,C24,2,2
H3533,C25,2,2
H3533,C26,1,1
H3533,C27,Not enough data available ,
H3533,C28,4,4
H3533,C29,3,3
H3533,C30,4,4
H3533,C31,4,4
H3533,C32,4,4
H3533,C33,5,5
H3533,D01,5,5
H3533,D02,4,4
H3533,D03,3,3
H3533,D04,5,5
H3533,D05,3,3
H3533,D06,Not enough data available ,
H3533,D07,1,1
H3533,D08,3,3
H3533,D09,2,2
H3533,D10,2,2
H3533,D11,4,4
H3533,D12,4,4
H3536,C01,2,2
H3536,C02,3,3
H3536,C03,3,3
H3536,C04,5,5
H3536,C05,3,3
H3536,C06,3,3
H3536,C07,Plan not required to report measure ,
H3536,C08,Plan not required to report measure ,
H3536,C09,Plan not required to report measure ,
H3536,C10,Not enough data available ,
H3536,C11,2,2
H3536,C12,3,3
H3536,C13,3,3
H3536,C14,2,2
H3536,C15,3,3
H3536,C16,3,3
H3536,C17,4,4
H3536,C18,2,2
H3536,C19,4,4
H3536,C20,4,4
H3536,C21,2,2
H3536,C22,3,3
H3536,C23,3,3
H3536,C24,3,3
H3536,C25,2,2
H3536,C26,1,1
H3536,C27,Not enough data available ,
H3536,C28,4,4
H3536,C29,4,4
H3536,C30,4,4
H3536,C31,5,5
H3536,C32,5,5
H3536,C33,5,5
H3536,D01,5,5
H3536,D02,4,4
H3536,D03,4,4
H3536,D04,4,4
H3536,D05,1,1
H3536,D06,3,3
H3536,D07,5,5
H3536,D08,2,2
H3536,D09,3,3
H3536,D10,3,3
H3536,D11,3,3
H3536,D12,3,3
H3551,C01,Plan too small to be measured ,
H3551,C02,Plan too small to be measured ,
H3551,C03,Plan too small to be measured ,
H3551,C04,Plan too new to be measured ,
H3551,C05,Plan too new to be measured ,
H3551,C06,Plan too new to be measured ,
H3551,C07,Plan not required to report measure ,
H3551,C08,Plan not required to report measure ,
H3551,C09,Plan not required to report measure ,
H3551,C10,Plan too small to be measured ,
H3551,C11,Plan too small to be measured ,
H3551,C12,Plan too small to be measured ,
H3551,C13,Plan too small to be measured ,
H3551,C14,Plan too small to be measured ,
H3551,C15,Plan too new to be measured ,
H3551,C16,Plan too new to be measured ,
H3551,C17,Plan too small to be measured ,
H3551,C18,Plan too small to be measured ,
H3551,C19,Plan too small to be measured ,
H3551,C20,Plan too small to be measured ,
H3551,C21,Plan too small to be measured ,
H3551,C22,Plan too small to be measured ,
H3551,C23,Plan too small to be measured ,
H3551,C24,Plan too small to be measured ,
H3551,C25,Plan too small to be measured ,
H3551,C26,Plan too small to be measured ,
H3551,C27,Plan too small to be measured ,
H3551,C28,Not enough data available ,
H3551,C29,Not enough data available ,
H3551,C30,Not enough data available ,
H3551,C31,Not enough data available ,
H3551,C32,Not enough data available ,
H3551,C33,5,5
H3551,D01,5,5
H3551,D02,Not enough data available ,
H3551,D03,Not enough data available ,
H3551,D04,Not enough data available ,
H3551,D05,Plan too small to be measured ,
H3551,D06,Plan too small to be measured ,
H3551,D07,5,5
H3551,D08,2,2
H3551,D09,1,1
H3551,D10,1,1
H3551,D11,Not enough data available ,
H3551,D12,Not enough data available,
H3557,C01,5,5
H3557,C02,5,5
H3557,C03,5,5
H3557,C04,4,4
H3557,C05,5,5
H3557,C06,4,4
H3557,C07,Plan not required to report measure ,
H3557,C08,Plan not required to report measure ,
H3557,C09,Plan not required to report measure ,
H3557,C10,3,3
H3557,C11,5,5
H3557,C12,5,5
H3557,C13,4,4
H3557,C14,4,4
H3557,C15,1,1
H3557,C16,5,5
H3557,C17,4,4
H3557,C18,2,2
H3557,C19,4,4
H3557,C20,4,4
H3557,C21,3,3
H3557,C22,4,4
H3557,C23,3,3
H3557,C24,3,3
H3557,C25,4,4
H3557,C26,5,5
H3557,C27,4,4
H3557,C28,5,5
H3557,C29,Not enough data available ,
H3557,C30,3,3
H3557,C31,5,5
H3557,C32,4,4
H3557,C33,Not enough data available ,
H3557,D01,Not enough data available ,
H3557,D02,5,5
H3557,D03,Not enough data available ,
H3557,D04,3,3
H3557,D05,3,3
H3557,D06,3,3
H3557,D07,5,5
H3557,D08,4,4
H3557,D09,5,5
H3557,D10,4,4
H3557,D11,4,4
H3557,D12,4,4
H3561,C01,3,3
H3561,C02,3,3
H3561,C03,4,4
H3561,C04,Not enough data available ,
H3561,C05,Not enough data available ,
H3561,C06,4,4
H3561,C07,3,3
H3561,C08,3,3
H3561,C09,3,3
H3561,C10,3,3
H3561,C11,4,4
H3561,C12,4,4
H3561,C13,4,4
H3561,C14,3,3
H3561,C15,4,4
H3561,C16,Not enough data available ,
H3561,C17,3,3
H3561,C18,2,2
H3561,C19,3,3
H3561,C20,1,1
H3561,C21,2,2
H3561,C22,2,2
H3561,C23,Not enough data available ,
H3561,C24,2,2
H3561,C25,Not enough data available ,
H3561,C26,2,2
H3561,C27,Not enough data available ,
H3561,C28,3,3
H3561,C29,4,4
H3561,C30,5,5
H3561,C31,3,3
H3561,C32,2,2
H3561,C33,5,5
H3561,D01,5,5
H3561,D02,3,3
H3561,D03,4,4
H3561,D04,4,4
H3561,D05,3,3
H3561,D06,Not enough data available ,
H3561,D07,5,5
H3561,D08,3,3
H3561,D09,3,3
H3561,D10,2,2
H3561,D11,4,4
H3561,D12,4,4
H3597,C01,5,5
H3597,C02,5,5
H3597,C03,4,4
H3597,C04,4,4
H3597,C05,5,5
H3597,C06,3,3
H3597,C07,3,3
H3597,C08,5,5
H3597,C09,3,3
H3597,C10,3,3
H3597,C11,5,5
H3597,C12,5,5
H3597,C13,2,2
H3597,C14,4,4
H3597,C15,2,2
H3597,C16,5,5
H3597,C17,5,5
H3597,C18,5,5
H3597,C19,4,4
H3597,C20,3,3
H3597,C21,2,2
H3597,C22,2,2
H3597,C23,3,3
H3597,C24,3,3
H3597,C25,3,3
H3597,C26,2,2
H3597,C27,4,4
H3597,C28,5,5
H3597,C29,4,4
H3597,C30,3,3
H3597,C31,3,3
H3597,C32,3,3
H3597,C33,4,4
H3597,D01,5,5
H3597,D02,5,5
H3597,D03,4,4
H3597,D04,3,3
H3597,D05,2,2
H3597,D06,4,4
H3597,D07,5,5
H3597,D08,4,4
H3597,D09,5,5
H3597,D10,5,5
H3597,D11,3,3
H3597,D12,3,3
H3653,C01,4,4
H3653,C02,4,4
H3653,C03,5,5
H3653,C04,2,2
H3653,C05,4,4
H3653,C06,3,3
H3653,C07,Plan not required to report measure ,
H3653,C08,Plan not required to report measure ,
H3653,C09,Plan not required to report measure ,
H3653,C10,3,3
H3653,C11,4,4
H3653,C12,4,4
H3653,C13,3,3
H3653,C14,3,3
H3653,C15,1,1
H3653,C16,1,1
H3653,C17,4,4
H3653,C18,3,3
H3653,C19,3,3
H3653,C20,3,3
H3653,C21,3,3
H3653,C22,5,5
H3653,C23,5,5
H3653,C24,5,5
H3653,C25,5,5
H3653,C26,5,5
H3653,C27,4,4
H3653,C28,5,5
H3653,C29,5,5
H3653,C30,5,5
H3653,C31,2,2
H3653,C32,2,2
H3653,C33,4,4
H3653,D01,4,4
H3653,D02,5,5
H3653,D03,5,5
H3653,D04,2,2
H3653,D05,5,5
H3653,D06,4,4
H3653,D07,4,4
H3653,D08,2,2
H3653,D09,3,3
H3653,D10,2,2
H3653,D11,3,3
H3653,D12,3,3
H3655,C01,3,3
H3655,C02,4,4
H3655,C03,2,2
H3655,C04,4,4
H3655,C05,1,1
H3655,C06,3,3
H3655,C07,Plan not required to report measure ,
H3655,C08,Plan not required to report measure ,
H3655,C09,Plan not required to report measure ,
H3655,C10,2,2
H3655,C11,3,3
H3655,C12,4,4
H3655,C13,3,3
H3655,C14,3,3
H3655,C15,3,3
H3655,C16,2,2
H3655,C17,5,5
H3655,C18,2,2
H3655,C19,3,3
H3655,C20,4,4
H3655,C21,3,3
H3655,C22,5,5
H3655,C23,5,5
H3655,C24,4,4
H3655,C25,5,5
H3655,C26,4,4
H3655,C27,4,4
H3655,C28,4,4
H3655,C29,4,4
H3655,C30,5,5
H3655,C31,3,3
H3655,C32,4,4
H3655,C33,5,5
H3655,D01,5,5
H3655,D02,4,4
H3655,D03,4,4
H3655,D04,5,5
H3655,D05,3,3
H3655,D06,4,4
H3655,D07,5,5
H3655,D08,3,3
H3655,D09,4,4
H3655,D10,4,4
H3655,D11,4,4
H3655,D12,3,3
H3660,C01,4,4
H3660,C02,4,4
H3660,C03,4,4
H3660,C04,3,3
H3660,C05,5,5
H3660,C06,3,3
H3660,C07,Plan not required to report measure ,
H3660,C08,Plan not required to report measure ,
H3660,C09,Plan not required to report measure ,
H3660,C10,1,1
H3660,C11,3,3
H3660,C12,4,4
H3660,C13,3,3
H3660,C14,4,4
H3660,C15,1,1
H3660,C16,3,3
H3660,C17,4,4
H3660,C18,2,2
H3660,C19,3,3
H3660,C20,4,4
H3660,C21,4,4
H3660,C22,5,5
H3660,C23,5,5
H3660,C24,5,5
H3660,C25,5,5
H3660,C26,5,5
H3660,C27,4,4
H3660,C28,5,5
H3660,C29,5,5
H3660,C30,4,4
H3660,C31,5,5
H3660,C32,4,4
H3660,C33,3,3
H3660,D01,4,4
H3660,D02,5,5
H3660,D03,5,5
H3660,D04,4,4
H3660,D05,5,5
H3660,D06,5,5
H3660,D07,4,4
H3660,D08,3,3
H3660,D09,4,4
H3660,D10,4,4
H3660,D11,4,4
H3660,D12,3,3
H3664,C01,4,4
H3664,C02,4,4
H3664,C03,4,4
H3664,C04,4,4
H3664,C05,3,3
H3664,C06,2,2
H3664,C07,Plan not required to report measure ,
H3664,C08,Plan not required to report measure ,
H3664,C09,Plan not required to report measure ,
H3664,C10,4,4
H3664,C11,5,5
H3664,C12,5,5
H3664,C13,4,4
H3664,C14,4,4
H3664,C15,2,2
H3664,C16,1,1
H3664,C17,4,4
H3664,C18,2,2
H3664,C19,3,3
H3664,C20,4,4
H3664,C21,3,3
H3664,C22,5,5
H3664,C23,5,5
H3664,C24,5,5
H3664,C25,5,5
H3664,C26,5,5
H3664,C27,5,5
H3664,C28,5,5
H3664,C29,5,5
H3664,C30,4,4
H3664,C31,5,5
H3664,C32,5,5
H3664,C33,4,4
H3664,D01,5,5
H3664,D02,5,5
H3664,D03,5,5
H3664,D04,1,1
H3664,D05,5,5
H3664,D06,5,5
H3664,D07,5,5
H3664,D08,3,3
H3664,D09,3,3
H3664,D10,3,3
H3664,D11,3,3
H3664,D12,3,3
H3668,C01,4,4
H3668,C02,4,4
H3668,C03,4,4
H3668,C04,3,3
H3668,C05,1,1
H3668,C06,3,3
H3668,C07,Plan not required to report measure ,
H3668,C08,Plan not required to report measure ,
H3668,C09,Plan not required to report measure ,
H3668,C10,1,1
H3668,C11,3,3
H3668,C12,4,4
H3668,C13,3,3
H3668,C14,3,3
H3668,C15,2,2
H3668,C16,1,1
H3668,C17,4,4
H3668,C18,4,4
H3668,C19,4,4
H3668,C20,3,3
H3668,C21,3,3
H3668,C22,5,5
H3668,C23,5,5
H3668,C24,5,5
H3668,C25,5,5
H3668,C26,5,5
H3668,C27,5,5
H3668,C28,5,5
H3668,C29,5,5
H3668,C30,5,5
H3668,C31,5,5
H3668,C32,5,5
H3668,C33,4,4
H3668,D01,3,3
H3668,D02,5,5
H3668,D03,5,5
H3668,D04,4,4
H3668,D05,4,4
H3668,D06,4,4
H3668,D07,5,5
H3668,D08,3,3
H3668,D09,4,4
H3668,D10,4,4
H3668,D11,4,4
H3668,D12,3,3
H3672,C01,2,2
H3672,C02,3,3
H3672,C03,2,2
H3672,C04,3,3
H3672,C05,1,1
H3672,C06,1,1
H3672,C07,3,3
H3672,C08,5,5
H3672,C09,4,4
H3672,C10,3,3
H3672,C11,2,2
H3672,C12,3,3
H3672,C13,2,2
H3672,C14,2,2
H3672,C15,2,2
H3672,C16,1,1
H3672,C17,5,5
H3672,C18,2,2
H3672,C19,5,5
H3672,C20,2,2
H3672,C21,2,2
H3672,C22,5,5
H3672,C23,5,5
H3672,C24,5,5
H3672,C25,5,5
H3672,C26,5,5
H3672,C27,4,4
H3672,C28,5,5
H3672,C29,4,4
H3672,C30,3,3
H3672,C31,3,3
H3672,C32,2,2
H3672,C33,3,3
H3672,D01,3,3
H3672,D02,5,5
H3672,D03,4,4
H3672,D04,3,3
H3672,D05,5,5
H3672,D06,5,5
H3672,D07,5,5
H3672,D08,3,3
H3672,D09,3,3
H3672,D10,3,3
H3672,D11,4,4
H3672,D12,5,5
H3706,C01,4,4
H3706,C02,5,5
H3706,C03,4,4
H3706,C04,1,1
H3706,C05,1,1
H3706,C06,4,4
H3706,C07,4,4
H3706,C08,5,5
H3706,C09,5,5
H3706,C10,3,3
H3706,C11,5,5
H3706,C12,5,5
H3706,C13,4,4
H3706,C14,5,5
H3706,C15,3,3
H3706,C16,1,1
H3706,C17,5,5
H3706,C18,2,2
H3706,C19,3,3
H3706,C20,5,5
H3706,C21,2,2
H3706,C22,5,5
H3706,C23,4,4
H3706,C24,4,4
H3706,C25,4,4
H3706,C26,4,4
H3706,C27,5,5
H3706,C28,4,4
H3706,C29,4,4
H3706,C30,4,4
H3706,C31,3,3
H3706,C32,4,4
H3706,C33,5,5
H3706,D01,5,5
H3706,D02,4,4
H3706,D03,4,4
H3706,D04,3,3
H3706,D05,4,4
H3706,D06,4,4
H3706,D07,4,4
H3706,D08,3,3
H3706,D09,3,3
H3706,D10,3,3
H3706,D11,4,4
H3706,D12,3,3
H3708,C01,Plan too small to be measured ,
H3708,C02,Plan too small to be measured ,
H3708,C03,Plan too small to be measured ,
H3708,C04,Not enough data available ,
H3708,C05,Not enough data available ,
H3708,C06,Plan too small to be measured ,
H3708,C07,5,5
H3708,C08,5,5
H3708,C09,5,5
H3708,C10,Plan too small to be measured ,
H3708,C11,Plan too small to be measured ,
H3708,C12,Plan too small to be measured ,
H3708,C13,Plan too small to be measured ,
H3708,C14,Plan too small to be measured ,
H3708,C15,Plan too small to be measured ,
H3708,C16,Plan too small to be measured ,
H3708,C17,Plan too small to be measured ,
H3708,C18,Plan too small to be measured ,
H3708,C19,Plan too small to be measured ,
H3708,C20,Plan too small to be measured ,
H3708,C21,Plan too small to be measured ,
H3708,C22,Plan too small to be measured ,
H3708,C23,Plan too small to be measured ,
H3708,C24,Plan too small to be measured ,
H3708,C25,Plan too small to be measured ,
H3708,C26,Plan too small to be measured ,
H3708,C27,Plan too small to be measured ,
H3708,C28,Not enough data available ,
H3708,C29,Not enough data available ,
H3708,C30,Not enough data available ,
H3708,C31,Not enough data available ,
H3708,C32,Not enough data available ,
H3708,C33,3,3
H3708,D01,4,4
H3708,D02,Not enough data available ,
H3708,D03,Not enough data available ,
H3708,D04,4,4
H3708,D05,Plan too small to be measured ,
H3708,D06,Plan too small to be measured ,
H3708,D07,5,5
H3708,D08,Not enough data available ,
H3708,D09,3,3
H3708,D10,4,4
H3708,D11,4,4
H3708,D12,3,3
H3727,C01,1,1
H3727,C02,1,1
H3727,C03,Plan too small to be measured ,
H3727,C04,Not enough data available ,
H3727,C05,Not enough data available ,
H3727,C06,No data available ,
H3727,C07,1,1
H3727,C08,1,1
H3727,C09,1,1
H3727,C10,Not enough data available ,
H3727,C11,2,2
H3727,C12,1,1
H3727,C13,1,1
H3727,C14,Not enough data available ,
H3727,C15,No data available ,
H3727,C16,No data available ,
H3727,C17,Not enough data available ,
H3727,C18,1,1
H3727,C19,Not enough data available ,
H3727,C20,Not enough data available ,
H3727,C21,Not enough data available ,
H3727,C22,Plan too small to be measured ,
H3727,C23,Plan too small to be measured ,
H3727,C24,Plan too small to be measured ,
H3727,C25,Plan too small to be measured ,
H3727,C26,Plan too small to be measured ,
H3727,C27,Plan too small to be measured ,
H3727,C28,5,5
H3727,C29,5,5
H3727,C30,Not enough data available ,
H3727,C31,Not enough data available ,
H3727,C32,Not enough data available ,
H3727,C33,3,3
H3727,D01,3,3
H3727,D02,5,5
H3727,D03,5,5
H3727,D04,3,3
H3727,D05,Plan too small to be measured ,
H3727,D06,Plan too small to be measured ,
H3727,D07,5,5
H3727,D08,1,1
H3727,D09,1,1
H3727,D10,2,2
H3727,D11,4,4
H3727,D12,4,4
H3748,C01,3,3
H3748,C02,4,4
H3748,C03,4,4
H3748,C04,4,4
H3748,C05,4,4
H3748,C06,4,4
H3748,C07,Plan not required to report measure ,
H3748,C08,Plan not required to report measure ,
H3748,C09,Plan not required to report measure ,
H3748,C10,3,3
H3748,C11,3,3
H3748,C12,4,4
H3748,C13,3,3
H3748,C14,4,4
H3748,C15,2,2
H3748,C16,4,4
H3748,C17,5,5
H3748,C18,5,5
H3748,C19,3,3
H3748,C20,3,3
H3748,C21,3,3
H3748,C22,1,1
H3748,C23,2,2
H3748,C24,1,1
H3748,C25,1,1
H3748,C26,1,1
H3748,C27,3,3
H3748,C28,4,4
H3748,C29,4,4
H3748,C30,3,3
H3748,C31,5,5
H3748,C32,5,5
H3748,C33,4,4
H3748,D01,5,5
H3748,D02,4,4
H3748,D03,4,4
H3748,D04,3,3
H3748,D05,2,2
H3748,D06,3,3
H3748,D07,4,4
H3748,D08,3,3
H3748,D09,3,3
H3748,D10,4,4
H3748,D11,3,3
H3748,D12,3,3
H3755,C01,4,4
H3755,C02,4,4
H3755,C03,4,4
H3755,C04,5,5
H3755,C05,1,1
H3755,C06,3,3
H3755,C07,No data available ,
H3755,C08,No data available ,
H3755,C09,No data available ,
H3755,C10,4,4
H3755,C11,4,4
H3755,C12,5,5
H3755,C13,4,4
H3755,C14,3,3
H3755,C15,2,2
H3755,C16,3,3
H3755,C17,4,4
H3755,C18,2,2
H3755,C19,4,4
H3755,C20,4,4
H3755,C21,3,3
H3755,C22,4,4
H3755,C23,5,5
H3755,C24,5,5
H3755,C25,4,4
H3755,C26,5,5
H3755,C27,3,3
H3755,C28,5,5
H3755,C29,5,5
H3755,C30,3,3
H3755,C31,3,3
H3755,C32,2,2
H3755,C33,3,3
H3755,D01,4,4
H3755,D02,5,5
H3755,D03,5,5
H3755,D04,3,3
H3755,D05,4,4
H3755,D06,4,4
H3755,D07,5,5
H3755,D08,2,2
H3755,D09,3,3
H3755,D10,3,3
H3755,D11,3,3
H3755,D12,3,3
H3777,C01,4,4
H3777,C02,5,5
H3777,C03,5,5
H3777,C04,3,3
H3777,C05,5,5
H3777,C06,5,5
H3777,C07,Plan not required to report measure ,
H3777,C08,Plan not required to report measure ,
H3777,C09,Plan not required to report measure ,
H3777,C10,Not enough data available ,
H3777,C11,4,4
H3777,C12,5,5
H3777,C13,5,5
H3777,C14,4,4
H3777,C15,2,2
H3777,C16,3,3
H3777,C17,5,5
H3777,C18,4,4
H3777,C19,3,3
H3777,C20,5,5
H3777,C21,2,2
H3777,C22,4,4
H3777,C23,5,5
H3777,C24,3,3
H3777,C25,5,5
H3777,C26,2,2
H3777,C27,5,5
H3777,C28,2,2
H3777,C29,3,3
H3777,C30,3,3
H3777,C31,5,5
H3777,C32,5,5
H3777,C33,4,4
H3777,D01,3,3
H3777,D02,2,2
H3777,D03,3,3
H3777,D04,2,2
H3777,D05,3,3
H3777,D06,4,4
H3777,D07,5,5
H3777,D08,2,2
H3777,D09,3,3
H3777,D10,2,2
H3777,D11,3,3
H3777,D12,3,3
H3794,C01,3,3
H3794,C02,5,5
H3794,C03,2,2
H3794,C04,2,2
H3794,C05,3,3
H3794,C06,2,2
H3794,C07,4,4
H3794,C08,4,4
H3794,C09,4,4
H3794,C10,3,3
H3794,C11,5,5
H3794,C12,5,5
H3794,C13,4,4
H3794,C14,4,4
H3794,C15,4,4
H3794,C16,2,2
H3794,C17,3,3
H3794,C18,2,2
H3794,C19,4,4
H3794,C20,4,4
H3794,C21,3,3
H3794,C22,4,4
H3794,C23,3,3
H3794,C24,3,3
H3794,C25,3,3
H3794,C26,4,4
H3794,C27,Not enough data available ,
H3794,C28,4,4
H3794,C29,3,3
H3794,C30,3,3
H3794,C31,4,4
H3794,C32,4,4
H3794,C33,5,5
H3794,D01,5,5
H3794,D02,4,4
H3794,D03,3,3
H3794,D04,4,4
H3794,D05,3,3
H3794,D06,4,4
H3794,D07,5,5
H3794,D08,4,4
H3794,D09,3,3
H3794,D10,4,4
H3794,D11,3,3
H3794,D12,3,3
H3800,C01,1,1
H3800,C02,2,2
H3800,C03,Plan too small to be measured ,
H3800,C04,Not enough data available ,
H3800,C05,Not enough data available ,
H3800,C06,No data available ,
H3800,C07,5,5
H3800,C08,5,5
H3800,C09,5,5
H3800,C10,Not enough data available ,
H3800,C11,5,5
H3800,C12,5,5
H3800,C13,5,5
H3800,C14,Not enough data available ,
H3800,C15,No data available ,
H3800,C16,No data available ,
H3800,C17,Not enough data available ,
H3800,C18,3,3
H3800,C19,Not enough data available ,
H3800,C20,Not enough data available ,
H3800,C21,5,5
H3800,C22,Plan too small to be measured ,
H3800,C23,Plan too small to be measured ,
H3800,C24,Plan too small to be measured ,
H3800,C25,Plan too small to be measured ,
H3800,C26,Plan too small to be measured ,
H3800,C27,Plan too small to be measured ,
H3800,C28,4,4
H3800,C29,5,5
H3800,C30,4,4
H3800,C31,Not enough data available ,
H3800,C32,Not enough data available ,
H3800,C33,3,3
H3800,D01,4,4
H3800,D02,4,4
H3800,D03,5,5
H3800,D04,3,3
H3800,D05,Plan too small to be measured ,
H3800,D06,Plan too small to be measured ,
H3800,D07,5,5
H3800,D08,4,4
H3800,D09,1,1
H3800,D10,2,2
H3800,D11,5,5
H3800,D12,5,5
H3805,C01,4,4
H3805,C02,4,4
H3805,C03,4,4
H3805,C04,2,2
H3805,C05,2,2
H3805,C06,3,3
H3805,C07,No data available ,
H3805,C08,No data available ,
H3805,C09,No data available ,
H3805,C10,3,3
H3805,C11,5,5
H3805,C12,5,5
H3805,C13,4,4
H3805,C14,4,4
H3805,C15,2,2
H3805,C16,3,3
H3805,C17,4,4
H3805,C18,3,3
H3805,C19,3,3
H3805,C20,3,3
H3805,C21,2,2
H3805,C22,1,1
H3805,C23,Not enough data available ,
H3805,C24,Not enough data available ,
H3805,C25,1,1
H3805,C26,1,1
H3805,C27,Not enough data available ,
H3805,C28,5,5
H3805,C29,4,4
H3805,C30,3,3
H3805,C31,5,5
H3805,C32,4,4
H3805,C33,5,5
H3805,D01,5,5
H3805,D02,5,5
H3805,D03,4,4
H3805,D04,4,4
H3805,D05,2,2
H3805,D06,2,2
H3805,D07,5,5
H3805,D08,3,3
H3805,D09,4,4
H3805,D10,4,4
H3805,D11,3,3
H3805,D12,3,3
H3810,C01,1,1
H3810,C02,1,1
H3810,C03,1,1
H3810,C04,3,3
H3810,C05,2,2
H3810,C06,2,2
H3810,C07,1,1
H3810,C08,2,2
H3810,C09,2,2
H3810,C10,Not enough data available ,
H3810,C11,3,3
H3810,C12,3,3
H3810,C13,2,2
H3810,C14,2,2
H3810,C15,3,3
H3810,C16,3,3
H3810,C17,3,3
H3810,C18,2,2
H3810,C19,1,1
H3810,C20,3,3
H3810,C21,1,1
H3810,C22,3,3
H3810,C23,3,3
H3810,C24,3,3
H3810,C25,2,2
H3810,C26,3,3
H3810,C27,2,2
H3810,C28,5,5
H3810,C29,5,5
H3810,C30,1,1
H3810,C31,2,2
H3810,C32,2,2
H3810,C33,3,3
H3810,D01,2,2
H3810,D02,5,5
H3810,D03,5,5
H3810,D04,3,3
H3810,D05,3,3
H3810,D06,4,4
H3810,D07,4,4
H3810,D08,1,1
H3810,D09,2,2
H3810,D10,2,2
H3810,D11,4,4
H3810,D12,1,1
H3811,C01,3,3
H3811,C02,4,4
H3811,C03,5,5
H3811,C04,4,4
H3811,C05,1,1
H3811,C06,3,3
H3811,C07,1,1
H3811,C08,4,4
H3811,C09,3,3
H3811,C10,Not enough data available ,
H3811,C11,2,2
H3811,C12,4,4
H3811,C13,3,3
H3811,C14,1,1
H3811,C15,2,2
H3811,C16,3,3
H3811,C17,4,4
H3811,C18,4,4
H3811,C19,3,3
H3811,C20,4,4
H3811,C21,1,1
H3811,C22,1,1
H3811,C23,1,1
H3811,C24,3,3
H3811,C25,2,2
H3811,C26,2,2
H3811,C27,3,3
H3811,C28,4,4
H3811,C29,5,5
H3811,C30,3,3
H3811,C31,2,2
H3811,C32,2,2
H3811,C33,3,3
H3811,D01,3,3
H3811,D02,4,4
H3811,D03,5,5
H3811,D04,2,2
H3811,D05,2,2
H3811,D06,4,4
H3811,D07,5,5
H3811,D08,3,3
H3811,D09,3,3
H3811,D10,3,3
H3811,D11,3,3
H3811,D12,2,2
H3814,C01,2,2
H3814,C02,2,2
H3814,C03,1,1
H3814,C04,Not enough data available ,
H3814,C05,Not enough data available ,
H3814,C06,1,1
H3814,C07,1,1
H3814,C08,2,2
H3814,C09,1,1
H3814,C10,Not enough data available ,
H3814,C11,2,2
H3814,C12,1,1
H3814,C13,1,1
H3814,C14,1,1
H3814,C15,3,3
H3814,C16,2,2
H3814,C17,1,1
H3814,C18,4,4
H3814,C19,1,1
H3814,C20,1,1
H3814,C21,1,1
H3814,C22,1,1
H3814,C23,1,1
H3814,C24,2,2
H3814,C25,1,1
H3814,C26,2,2
H3814,C27,2,2
H3814,C28,5,5
H3814,C29,5,5
H3814,C30,1,1
H3814,C31,Not enough data available ,
H3814,C32,Not enough data available ,
H3814,C33,3,3
H3814,D01,4,4
H3814,D02,5,5
H3814,D03,5,5
H3814,D04,3,3
H3814,D05,1,1
H3814,D06,2,2
H3814,D07,5,5
H3814,D08,1,1
H3814,D09,1,1
H3814,D10,1,1
H3814,D11,3,3
H3814,D12,1,1
H3815,C01,4,4
H3815,C02,5,5
H3815,C03,4,4
H3815,C04,5,5
H3815,C05,2,2
H3815,C06,4,4
H3815,C07,5,5
H3815,C08,5,5
H3815,C09,4,4
H3815,C10,5,5
H3815,C11,5,5
H3815,C12,4,4
H3815,C13,4,4
H3815,C14,5,5
H3815,C15,3,3
H3815,C16,5,5
H3815,C17,5,5
H3815,C18,4,4
H3815,C19,4,4
H3815,C20,3,3
H3815,C21,3,3
H3815,C22,1,1
H3815,C23,3,3
H3815,C24,2,2
H3815,C25,3,3
H3815,C26,4,4
H3815,C27,Not enough data available ,
H3815,C28,4,4
H3815,C29,4,4
H3815,C30,3,3
H3815,C31,3,3
H3815,C32,2,2
H3815,C33,5,5
H3815,D01,5,5
H3815,D02,4,4
H3815,D03,4,4
H3815,D04,1,1
H3815,D05,4,4
H3815,D06,Not enough data available ,
H3815,D07,5,5
H3815,D08,4,4
H3815,D09,5,5
H3815,D10,4,4
H3815,D11,5,5
H3815,D12,5,5
H3817,C01,4,4
H3817,C02,4,4
H3817,C03,3,3
H3817,C04,4,4
H3817,C05,3,3
H3817,C06,3,3
H3817,C07,Plan not required to report measure ,
H3817,C08,Plan not required to report measure ,
H3817,C09,Plan not required to report measure ,
H3817,C10,3,3
H3817,C11,4,4
H3817,C12,4,4
H3817,C13,3,3
H3817,C14,3,3
H3817,C15,1,1
H3817,C16,5,5
H3817,C17,4,4
H3817,C18,4,4
H3817,C19,3,3
H3817,C20,4,4
H3817,C21,3,3
H3817,C22,2,2
H3817,C23,1,1
H3817,C24,5,5
H3817,C25,2,2
H3817,C26,2,2
H3817,C27,1,1
H3817,C28,5,5
H3817,C29,4,4
H3817,C30,3,3
H3817,C31,3,3
H3817,C32,2,2
H3817,C33,5,5
H3817,D01,5,5
H3817,D02,5,5
H3817,D03,4,4
H3817,D04,3,3
H3817,D05,2,2
H3817,D06,3,3
H3817,D07,5,5
H3817,D08,3,3
H3817,D09,4,4
H3817,D10,4,4
H3817,D11,2,2
H3817,D12,3,3
H3822,C01,4,4
H3822,C02,5,5
H3822,C03,5,5
H3822,C04,5,5
H3822,C05,4,4
H3822,C06,3,3
H3822,C07,Plan not required to report measure ,
H3822,C08,Plan not required to report measure ,
H3822,C09,Plan not required to report measure ,
H3822,C10,1,1
H3822,C11,3,3
H3822,C12,4,4
H3822,C13,4,4
H3822,C14,4,4
H3822,C15,2,2
H3822,C16,4,4
H3822,C17,3,3
H3822,C18,4,4
H3822,C19,4,4
H3822,C20,3,3
H3822,C21,3,3
H3822,C22,3,3
H3822,C23,2,2
H3822,C24,3,3
H3822,C25,3,3
H3822,C26,3,3
H3822,C27,3,3
H3822,C28,5,5
H3822,C29,4,4
H3822,C30,3,3
H3822,C31,3,3
H3822,C32,3,3
H3822,C33,3,3
H3822,D01,4,4
H3822,D02,5,5
H3822,D03,4,4
H3822,D04,2,2
H3822,D05,4,4
H3822,D06,3,3
H3822,D07,5,5
H3822,D08,2,2
H3822,D09,3,3
H3822,D10,2,2
H3822,D11,4,4
H3822,D12,4,4
H3828,C01,Plan too small to be measured ,
H3828,C02,Plan too small to be measured ,
H3828,C03,Plan too small to be measured ,
H3828,C04,Plan too new to be measured ,
H3828,C05,Plan too new to be measured ,
H3828,C06,Plan too small to be measured ,
H3828,C07,Plan not required to report measure ,
H3828,C08,Plan not required to report measure ,
H3828,C09,Plan not required to report measure ,
H3828,C10,Plan too small to be measured ,
H3828,C11,Plan too small to be measured ,
H3828,C12,Plan too small to be measured ,
H3828,C13,Plan too small to be measured ,
H3828,C14,Plan too small to be measured ,
H3828,C15,Plan too small to be measured ,
H3828,C16,Plan too small to be measured ,
H3828,C17,Plan too small to be measured ,
H3828,C18,Plan too small to be measured ,
H3828,C19,Plan too small to be measured ,
H3828,C20,Plan too small to be measured ,
H3828,C21,Plan too small to be measured ,
H3828,C22,Plan too small to be measured ,
H3828,C23,Plan too small to be measured ,
H3828,C24,Plan too small to be measured ,
H3828,C25,Plan too small to be measured ,
H3828,C26,Plan too small to be measured ,
H3828,C27,Plan too small to be measured ,
H3828,C28,Not enough data available ,
H3828,C29,Not enough data available ,
H3828,C30,Not enough data available ,
H3828,C31,Not enough data available ,
H3828,C32,Not enough data available ,
H3828,C33,4,4
H3828,D01,3,3
H3828,D02,Not enough data available ,
H3828,D03,Not enough data available ,
H3828,D04,Not enough data available ,
H3828,D05,Plan too small to be measured ,
H3828,D06,Plan too small to be measured ,
H3828,D07,4,4
H3828,D08,Not enough data available ,
H3828,D09,Not enough data available ,
H3828,D10,Not enough data available ,
H3828,D11,Not enough data available ,
H3828,D12,Not enough data available,
H3832,C01,4,4
H3832,C02,4,4
H3832,C03,4,4
H3832,C04,4,4
H3832,C05,3,3
H3832,C06,4,4
H3832,C07,Plan not required to report measure ,
H3832,C08,Plan not required to report measure ,
H3832,C09,Plan not required to report measure ,
H3832,C10,4,4
H3832,C11,4,4
H3832,C12,4,4
H3832,C13,5,5
H3832,C14,2,2
H3832,C15,2,2
H3832,C16,3,3
H3832,C17,3,3
H3832,C18,3,3
H3832,C19,2,2
H3832,C20,2,2
H3832,C21,2,2
H3832,C22,3,3
H3832,C23,2,2
H3832,C24,1,1
H3832,C25,4,4
H3832,C26,4,4
H3832,C27,2,2
H3832,C28,5,5
H3832,C29,5,5
H3832,C30,3,3
H3832,C31,5,5
H3832,C32,3,3
H3832,C33,4,4
H3832,D01,5,5
H3832,D02,5,5
H3832,D03,5,5
H3832,D04,4,4
H3832,D05,2,2
H3832,D06,3,3
H3832,D07,4,4
H3832,D08,3,3
H3832,D09,3,3
H3832,D10,3,3
H3832,D11,3,3
H3832,D12,3,3
H3864,C01,3,3
H3864,C02,5,5
H3864,C03,3,3
H3864,C04,3,3
H3864,C05,4,4
H3864,C06,3,3
H3864,C07,3,3
H3864,C08,4,4
H3864,C09,3,3
H3864,C10,2,2
H3864,C11,4,4
H3864,C12,4,4
H3864,C13,3,3
H3864,C14,3,3
H3864,C15,2,2
H3864,C16,3,3
H3864,C17,3,3
H3864,C18,3,3
H3864,C19,2,2
H3864,C20,3,3
H3864,C21,3,3
H3864,C22,3,3
H3864,C23,3,3
H3864,C24,5,5
H3864,C25,3,3
H3864,C26,4,4
H3864,C27,4,4
H3864,C28,5,5
H3864,C29,4,4
H3864,C30,4,4
H3864,C31,3,3
H3864,C32,4,4
H3864,C33,3,3
H3864,D01,3,3
H3864,D02,5,5
H3864,D03,4,4
H3864,D04,3,3
H3864,D05,3,3
H3864,D06,3,3
H3864,D07,5,5
H3864,D08,3,3
H3864,D09,3,3
H3864,D10,3,3
H3864,D11,3,3
H3864,D12,3,3
H3868,C01,Plan too new to be measured ,
H3868,C02,Plan too new to be measured ,
H3868,C03,Plan too new to be measured ,
H3868,C04,Plan too new to be measured ,
H3868,C05,Plan too new to be measured ,
H3868,C06,Plan too new to be measured ,
H3868,C07,Plan too new to be measured ,
H3868,C08,Plan too new to be measured ,
H3868,C09,Plan too new to be measured ,
H3868,C10,Plan too new to be measured ,
H3868,C11,Plan too new to be measured ,
H3868,C12,Plan too new to be measured ,
H3868,C13,Plan too new to be measured ,
H3868,C14,Plan too new to be measured ,
H3868,C15,Plan too new to be measured ,
H3868,C16,Plan too new to be measured ,
H3868,C17,Plan too new to be measured ,
H3868,C18,Plan too new to be measured ,
H3868,C19,Plan too new to be measured ,
H3868,C20,Plan too new to be measured ,
H3868,C21,Plan too new to be measured ,
H3868,C22,Plan too new to be measured ,
H3868,C23,Plan too new to be measured ,
H3868,C24,Plan too new to be measured ,
H3868,C25,Plan too new to be measured ,
H3868,C26,Plan too new to be measured ,
H3868,C27,Plan too new to be measured ,
H3868,C28,Plan too new to be measured ,
H3868,C29,Plan too new to be measured ,
H3868,C30,Plan too new to be measured ,
H3868,C31,Not enough data available ,
H3868,C32,Not enough data available ,
H3868,C33,Plan too new to be measured ,
H3868,D01,Plan too new to be measured ,
H3868,D02,Plan too new to be measured ,
H3868,D03,Plan too new to be measured ,
H3868,D04,Plan too new to be measured ,
H3868,D05,Plan too new to be measured ,
H3868,D06,Plan too new to be measured ,
H3868,D07,Plan too new to be measured ,
H3868,D08,Plan too new to be measured ,
H3868,D09,Plan too new to be measured ,
H3868,D10,Plan too new to be measured ,
H3868,D11,Plan too new to be measured ,
H3868,D12,Plan too new to be measured,
H3890,C01,4,4
H3890,C02,5,5
H3890,C03,5,5
H3890,C04,3,3
H3890,C05,2,2
H3890,C06,4,4
H3890,C07,Plan not required to report measure ,
H3890,C08,Plan not required to report measure ,
H3890,C09,Plan not required to report measure ,
H3890,C10,Not enough data available ,
H3890,C11,3,3
H3890,C12,4,4
H3890,C13,4,4
H3890,C14,4,4
H3890,C15,2,2
H3890,C16,3,3
H3890,C17,3,3
H3890,C18,2,2
H3890,C19,3,3
H3890,C20,3,3
H3890,C21,3,3
H3890,C22,4,4
H3890,C23,3,3
H3890,C24,3,3
H3890,C25,4,4
H3890,C26,3,3
H3890,C27,3,3
H3890,C28,4,4
H3890,C29,4,4
H3890,C30,4,4
H3890,C31,5,5
H3890,C32,3,3
H3890,C33,3,3
H3890,D01,4,4
H3890,D02,4,4
H3890,D03,4,4
H3890,D04,2,2
H3890,D05,2,2
H3890,D06,3,3
H3890,D07,4,4
H3890,D08,2,2
H3890,D09,3,3
H3890,D10,2,2
H3890,D11,3,3
H3890,D12,3,3
H3907,C01,4,4
H3907,C02,5,5
H3907,C03,4,4
H3907,C04,3,3
H3907,C05,2,2
H3907,C06,2,2
H3907,C07,Plan not required to report measure ,
H3907,C08,Plan not required to report measure ,
H3907,C09,Plan not required to report measure ,
H3907,C10,2,2
H3907,C11,3,3
H3907,C12,5,5
H3907,C13,4,4
H3907,C14,3,3
H3907,C15,2,2
H3907,C16,3,3
H3907,C17,5,5
H3907,C18,4,4
H3907,C19,3,3
H3907,C20,5,5
H3907,C21,4,4
H3907,C22,5,5
H3907,C23,5,5
H3907,C24,5,5
H3907,C25,5,5
H3907,C26,5,5
H3907,C27,4,4
H3907,C28,5,5
H3907,C29,5,5
H3907,C30,4,4
H3907,C31,4,4
H3907,C32,4,4
H3907,C33,4,4
H3907,D01,4,4
H3907,D02,5,5
H3907,D03,5,5
H3907,D04,5,5
H3907,D05,5,5
H3907,D06,5,5
H3907,D07,5,5
H3907,D08,4,4
H3907,D09,5,5
H3907,D10,5,5
H3907,D11,3,3
H3907,D12,3,3
H3909,C01,4,4
H3909,C02,5,5
H3909,C03,5,5
H3909,C04,5,5
H3909,C05,4,4
H3909,C06,4,4
H3909,C07,Plan not required to report measure ,
H3909,C08,Plan not required to report measure ,
H3909,C09,Plan not required to report measure ,
H3909,C10,3,3
H3909,C11,4,4
H3909,C12,4,4
H3909,C13,4,4
H3909,C14,4,4
H3909,C15,2,2
H3909,C16,2,2
H3909,C17,4,4
H3909,C18,4,4
H3909,C19,4,4
H3909,C20,3,3
H3909,C21,5,5
H3909,C22,4,4
H3909,C23,4,4
H3909,C24,3,3
H3909,C25,4,4
H3909,C26,4,4
H3909,C27,3,3
H3909,C28,5,5
H3909,C29,5,5
H3909,C30,4,4
H3909,C31,3,3
H3909,C32,4,4
H3909,C33,4,4
H3909,D01,3,3
H3909,D02,5,5
H3909,D03,5,5
H3909,D04,5,5
H3909,D05,4,4
H3909,D06,4,4
H3909,D07,5,5
H3909,D08,3,3
H3909,D09,4,4
H3909,D10,3,3
H3909,D11,4,4
H3909,D12,3,3
H3916,C01,4,4
H3916,C02,4,4
H3916,C03,4,4
H3916,C04,2,2
H3916,C05,3,3
H3916,C06,2,2
H3916,C07,Plan not required to report measure ,
H3916,C08,Plan not required to report measure ,
H3916,C09,Plan not required to report measure ,
H3916,C10,3,3
H3916,C11,4,4
H3916,C12,4,4
H3916,C13,4,4
H3916,C14,4,4
H3916,C15,2,2
H3916,C16,2,2
H3916,C17,4,4
H3916,C18,3,3
H3916,C19,4,4
H3916,C20,4,4
H3916,C21,3,3
H3916,C22,4,4
H3916,C23,4,4
H3916,C24,5,5
H3916,C25,5,5
H3916,C26,5,5
H3916,C27,5,5
H3916,C28,5,5
H3916,C29,5,5
H3916,C30,3,3
H3916,C31,3,3
H3916,C32,4,4
H3916,C33,3,3
H3916,D01,4,4
H3916,D02,5,5
H3916,D03,5,5
H3916,D04,4,4
H3916,D05,4,4
H3916,D06,5,5
H3916,D07,5,5
H3916,D08,4,4
H3916,D09,5,5
H3916,D10,4,4
H3916,D11,3,3
H3916,D12,3,3
H3923,C01,4,4
H3923,C02,4,4
H3923,C03,5,5
H3923,C04,5,5
H3923,C05,4,4
H3923,C06,3,3
H3923,C07,Plan not required to report measure ,
H3923,C08,Plan not required to report measure ,
H3923,C09,Plan not required to report measure ,
H3923,C10,2,2
H3923,C11,3,3
H3923,C12,4,4
H3923,C13,4,4
H3923,C14,4,4
H3923,C15,3,3
H3923,C16,3,3
H3923,C17,5,5
H3923,C18,3,3
H3923,C19,3,3
H3923,C20,5,5
H3923,C21,3,3
H3923,C22,4,4
H3923,C23,5,5
H3923,C24,4,4
H3923,C25,4,4
H3923,C26,4,4
H3923,C27,5,5
H3923,C28,5,5
H3923,C29,5,5
H3923,C30,4,4
H3923,C31,4,4
H3923,C32,3,3
H3923,C33,5,5
H3923,D01,4,4
H3923,D02,5,5
H3923,D03,5,5
H3923,D04,4,4
H3923,D05,2,2
H3923,D06,4,4
H3923,D07,5,5
H3923,D08,4,4
H3923,D09,4,4
H3923,D10,4,4
H3923,D11,2,2
H3923,D12,3,3
H3924,C01,4,4
H3924,C02,4,4
H3924,C03,4,4
H3924,C04,3,3
H3924,C05,5,5
H3924,C06,3,3
H3924,C07,Plan not required to report measure ,
H3924,C08,Plan not required to report measure ,
H3924,C09,Plan not required to report measure ,
H3924,C10,3,3
H3924,C11,5,5
H3924,C12,5,5
H3924,C13,5,5
H3924,C14,4,4
H3924,C15,1,1
H3924,C16,1,1
H3924,C17,5,5
H3924,C18,4,4
H3924,C19,3,3
H3924,C20,5,5
H3924,C21,3,3
H3924,C22,4,4
H3924,C23,4,4
H3924,C24,5,5
H3924,C25,4,4
H3924,C26,4,4
H3924,C27,4,4
H3924,C28,5,5
H3924,C29,3,3
H3924,C30,3,3
H3924,C31,5,5
H3924,C32,3,3
H3924,C33,5,5
H3924,D01,5,5
H3924,D02,5,5
H3924,D03,3,3
H3924,D04,3,3
H3924,D05,4,4
H3924,D06,5,5
H3924,D07,5,5
H3924,D08,4,4
H3924,D09,5,5
H3924,D10,4,4
H3924,D11,4,4
H3924,D12,3,3
H3928,C01,3,3
H3928,C02,3,3
H3928,C03,2,2
H3928,C04,Not enough data available ,
H3928,C05,Not enough data available ,
H3928,C06,3,3
H3928,C07,Plan not required to report measure ,
H3928,C08,Plan not required to report measure ,
H3928,C09,Plan not required to report measure ,
H3928,C10,Not enough data available ,
H3928,C11,4,4
H3928,C12,3,3
H3928,C13,3,3
H3928,C14,4,4
H3928,C15,3,3
H3928,C16,2,2
H3928,C17,5,5
H3928,C18,5,5
H3928,C19,4,4
H3928,C20,3,3
H3928,C21,2,2
H3928,C22,5,5
H3928,C23,4,4
H3928,C24,4,4
H3928,C25,3,3
H3928,C26,4,4
H3928,C27,4,4
H3928,C28,3,3
H3928,C29,1,1
H3928,C30,1,1
H3928,C31,3,3
H3928,C32,5,5
H3928,C33,4,4
H3928,D01,5,5
H3928,D02,3,3
H3928,D03,1,1
H3928,D04,1,1
H3928,D05,2,2
H3928,D06,2,2
H3928,D07,5,5
H3928,D08,1,1
H3928,D09,2,2
H3928,D10,2,2
H3928,D11,5,5
H3928,D12,3,3
H3931,C01,3,3
H3931,C02,3,3
H3931,C03,2,2
H3931,C04,4,4
H3931,C05,4,4
H3931,C06,3,3
H3931,C07,3,3
H3931,C08,5,5
H3931,C09,3,3
H3931,C10,3,3
H3931,C11,3,3
H3931,C12,3,3
H3931,C13,3,3
H3931,C14,4,4
H3931,C15,2,2
H3931,C16,1,1
H3931,C17,5,5
H3931,C18,4,4
H3931,C19,3,3
H3931,C20,3,3
H3931,C21,2,2
H3931,C22,3,3
H3931,C23,2,2
H3931,C24,2,2
H3931,C25,2,2
H3931,C26,2,2
H3931,C27,2,2
H3931,C28,3,3
H3931,C29,3,3
H3931,C30,2,2
H3931,C31,3,3
H3931,C32,4,4
H3931,C33,4,4
H3931,D01,5,5
H3931,D02,3,3
H3931,D03,3,3
H3931,D04,1,1
H3931,D05,3,3
H3931,D06,3,3
H3931,D07,5,5
H3931,D08,3,3
H3931,D09,3,3
H3931,D10,3,3
H3931,D11,3,3
H3931,D12,3,3
H3949,C01,3,3
H3949,C02,3,3
H3949,C03,4,4
H3949,C04,Not enough data available ,
H3949,C05,Not enough data available ,
H3949,C06,3,3
H3949,C07,2,2
H3949,C08,4,4
H3949,C09,4,4
H3949,C10,3,3
H3949,C11,3,3
H3949,C12,3,3
H3949,C13,4,4
H3949,C14,4,4
H3949,C15,4,4
H3949,C16,Not enough data available ,
H3949,C17,4,4
H3949,C18,2,2
H3949,C19,4,4
H3949,C20,3,3
H3949,C21,2,2
H3949,C22,3,3
H3949,C23,Not enough data available ,
H3949,C24,3,3
H3949,C25,2,2
H3949,C26,3,3
H3949,C27,Not enough data available ,
H3949,C28,4,4
H3949,C29,3,3
H3949,C30,2,2
H3949,C31,4,4
H3949,C32,4,4
H3949,C33,4,4
H3949,D01,5,5
H3949,D02,4,4
H3949,D03,3,3
H3949,D04,3,3
H3949,D05,3,3
H3949,D06,3,3
H3949,D07,5,5
H3949,D08,3,3
H3949,D09,3,3
H3949,D10,3,3
H3949,D11,4,4
H3949,D12,4,4
H3952,C01,4,4
H3952,C02,5,5
H3952,C03,5,5
H3952,C04,2,2
H3952,C05,3,3
H3952,C06,3,3
H3952,C07,Plan not required to report measure ,
H3952,C08,Plan not required to report measure ,
H3952,C09,Plan not required to report measure ,
H3952,C10,3,3
H3952,C11,3,3
H3952,C12,3,3
H3952,C13,4,4
H3952,C14,3,3
H3952,C15,4,4
H3952,C16,2,2
H3952,C17,4,4
H3952,C18,4,4
H3952,C19,4,4
H3952,C20,3,3
H3952,C21,5,5
H3952,C22,4,4
H3952,C23,4,4
H3952,C24,5,5
H3952,C25,4,4
H3952,C26,5,5
H3952,C27,3,3
H3952,C28,5,5
H3952,C29,5,5
H3952,C30,4,4
H3952,C31,3,3
H3952,C32,4,4
H3952,C33,4,4
H3952,D01,3,3
H3952,D02,5,5
H3952,D03,5,5
H3952,D04,5,5
H3952,D05,3,3
H3952,D06,3,3
H3952,D07,5,5
H3952,D08,3,3
H3952,D09,3,3
H3952,D10,3,3
H3952,D11,4,4
H3952,D12,4,4
H3954,C01,4,4
H3954,C02,4,4
H3954,C03,4,4
H3954,C04,3,3
H3954,C05,4,4
H3954,C06,2,2
H3954,C07,4,4
H3954,C08,4,4
H3954,C09,4,4
H3954,C10,2,2
H3954,C11,3,3
H3954,C12,5,5
H3954,C13,5,5
H3954,C14,5,5
H3954,C15,3,3
H3954,C16,3,3
H3954,C17,5,5
H3954,C18,5,5
H3954,C19,3,3
H3954,C20,5,5
H3954,C21,2,2
H3954,C22,3,3
H3954,C23,4,4
H3954,C24,4,4
H3954,C25,4,4
H3954,C26,5,5
H3954,C27,3,3
H3954,C28,5,5
H3954,C29,5,5
H3954,C30,3,3
H3954,C31,4,4
H3954,C32,3,3
H3954,C33,5,5
H3954,D01,5,5
H3954,D02,5,5
H3954,D03,5,5
H3954,D04,4,4
H3954,D05,5,5
H3954,D06,5,5
H3954,D07,5,5
H3954,D08,4,4
H3954,D09,4,4
H3954,D10,4,4
H3954,D11,4,4
H3954,D12,3,3
H3957,C01,4,4
H3957,C02,4,4
H3957,C03,5,5
H3957,C04,4,4
H3957,C05,4,4
H3957,C06,2,2
H3957,C07,Plan not required to report measure ,
H3957,C08,Plan not required to report measure ,
H3957,C09,Plan not required to report measure ,
H3957,C10,3,3
H3957,C11,3,3
H3957,C12,5,5
H3957,C13,4,4
H3957,C14,4,4
H3957,C15,3,3
H3957,C16,3,3
H3957,C17,5,5
H3957,C18,3,3
H3957,C19,5,5
H3957,C20,4,4
H3957,C21,3,3
H3957,C22,5,5
H3957,C23,5,5
H3957,C24,5,5
H3957,C25,5,5
H3957,C26,5,5
H3957,C27,5,5
H3957,C28,5,5
H3957,C29,5,5
H3957,C30,3,3
H3957,C31,3,3
H3957,C32,5,5
H3957,C33,3,3
H3957,D01,4,4
H3957,D02,5,5
H3957,D03,5,5
H3957,D04,5,5
H3957,D05,5,5
H3957,D06,5,5
H3957,D07,5,5
H3957,D08,4,4
H3957,D09,5,5
H3957,D10,4,4
H3957,D11,3,3
H3957,D12,4,4
H3959,C01,3,3
H3959,C02,3,3
H3959,C03,4,4
H3959,C04,3,3
H3959,C05,5,5
H3959,C06,2,2
H3959,C07,3,3
H3959,C08,5,5
H3959,C09,4,4
H3959,C10,3,3
H3959,C11,4,4
H3959,C12,3,3
H3959,C13,4,4
H3959,C14,5,5
H3959,C15,3,3
H3959,C16,3,3
H3959,C17,5,5
H3959,C18,4,4
H3959,C19,4,4
H3959,C20,3,3
H3959,C21,3,3
H3959,C22,4,4
H3959,C23,4,4
H3959,C24,5,5
H3959,C25,4,4
H3959,C26,4,4
H3959,C27,5,5
H3959,C28,4,4
H3959,C29,3,3
H3959,C30,2,2
H3959,C31,3,3
H3959,C32,4,4
H3959,C33,4,4
H3959,D01,5,5
H3959,D02,4,4
H3959,D03,3,3
H3959,D04,2,2
H3959,D05,4,4
H3959,D06,4,4
H3959,D07,5,5
H3959,D08,3,3
H3959,D09,3,3
H3959,D10,4,4
H3959,D11,3,3
H3959,D12,4,4
H3962,C01,3,3
H3962,C02,4,4
H3962,C03,5,5
H3962,C04,4,4
H3962,C05,4,4
H3962,C06,3,3
H3962,C07,Plan not required to report measure ,
H3962,C08,Plan not required to report measure ,
H3962,C09,Plan not required to report measure ,
H3962,C10,Not enough data available ,
H3962,C11,3,3
H3962,C12,4,4
H3962,C13,4,4
H3962,C14,3,3
H3962,C15,4,4
H3962,C16,1,1
H3962,C17,5,5
H3962,C18,3,3
H3962,C19,4,4
H3962,C20,5,5
H3962,C21,3,3
H3962,C22,5,5
H3962,C23,4,4
H3962,C24,5,5
H3962,C25,4,4
H3962,C26,4,4
H3962,C27,5,5
H3962,C28,5,5
H3962,C29,4,4
H3962,C30,3,3
H3962,C31,5,5
H3962,C32,4,4
H3962,C33,5,5
H3962,D01,4,4
H3962,D02,5,5
H3962,D03,4,4
H3962,D04,4,4
H3962,D05,3,3
H3962,D06,4,4
H3962,D07,5,5
H3962,D08,4,4
H3962,D09,4,4
H3962,D10,4,4
H3962,D11,2,2
H3962,D12,3,3
H3975,C01,2,2
H3975,C02,2,2
H3975,C03,2,2
H3975,C04,Not enough data available ,
H3975,C05,Not enough data available ,
H3975,C06,1,1
H3975,C07,4,4
H3975,C08,4,4
H3975,C09,4,4
H3975,C10,Not enough data available ,
H3975,C11,2,2
H3975,C12,3,3
H3975,C13,2,2
H3975,C14,2,2
H3975,C15,1,1
H3975,C16,1,1
H3975,C17,3,3
H3975,C18,3,3
H3975,C19,2,2
H3975,C20,2,2
H3975,C21,3,3
H3975,C22,4,4
H3975,C23,4,4
H3975,C24,Not enough data available ,
H3975,C25,2,2
H3975,C26,1,1
H3975,C27,4,4
H3975,C28,3,3
H3975,C29,2,2
H3975,C30,2,2
H3975,C31,Not enough data available ,
H3975,C32,Not enough data available ,
H3975,C33,5,5
H3975,D01,5,5
H3975,D02,3,3
H3975,D03,2,2
H3975,D04,4,4
H3975,D05,2,2
H3975,D06,4,4
H3975,D07,5,5
H3975,D08,2,2
H3975,D09,4,4
H3975,D10,4,4
H3975,D11,4,4
H3975,D12,2,2
H3979,C01,2,2
H3979,C02,4,4
H3979,C03,4,4
H3979,C04,1,1
H3979,C05,4,4
H3979,C06,2,2
H3979,C07,Plan not required to report measure ,
H3979,C08,Plan not required to report measure ,
H3979,C09,Plan not required to report measure ,
H3979,C10,Not enough data available ,
H3979,C11,3,3
H3979,C12,4,4
H3979,C13,4,4
H3979,C14,3,3
H3979,C15,2,2
H3979,C16,3,3
H3979,C17,4,4
H3979,C18,5,5
H3979,C19,3,3
H3979,C20,4,4
H3979,C21,3,3
H3979,C22,5,5
H3979,C23,5,5
H3979,C24,4,4
H3979,C25,5,5
H3979,C26,4,4
H3979,C27,4,4
H3979,C28,4,4
H3979,C29,4,4
H3979,C30,3,3
H3979,C31,5,5
H3979,C32,3,3
H3979,C33,3,3
H3979,D01,4,4
H3979,D02,4,4
H3979,D03,4,4
H3979,D04,1,1
H3979,D05,3,3
H3979,D06,4,4
H3979,D07,5,5
H3979,D08,2,2
H3979,D09,3,3
H3979,D10,2,2
H3979,D11,4,4
H3979,D12,2,2
H4003,C01,5,5
H4003,C02,5,5
H4003,C03,1,1
H4003,C04,5,5
H4003,C05,3,3
H4003,C06,4,4
H4003,C07,5,5
H4003,C08,5,5
H4003,C09,5,5
H4003,C10,5,5
H4003,C11,5,5
H4003,C12,4,4
H4003,C13,5,5
H4003,C14,5,5
H4003,C15,3,3
H4003,C16,3,3
H4003,C17,5,5
H4003,C18,3,3
H4003,C19,5,5
H4003,C20,4,4
H4003,C21,3,3
H4003,C22,3,3
H4003,C23,4,4
H4003,C24,5,5
H4003,C25,5,5
H4003,C26,5,5
H4003,C27,3,3
H4003,C28,5,5
H4003,C29,4,4
H4003,C30,5,5
H4003,C31,5,5
H4003,C32,4,4
H4003,C33,5,5
H4003,D01,5,5
H4003,D02,5,5
H4003,D03,4,4
H4003,D04,5,5
H4003,D05,5,5
H4003,D06,4,4
H4003,D07,5,5
H4003,D08,3,3
H4003,D09,3,3
H4003,D10,2,2
H4003,D11,4,4
H4003,D12,5,5
H4004,C01,5,5
H4004,C02,5,5
H4004,C03,1,1
H4004,C04,5,5
H4004,C05,2,2
H4004,C06,4,4
H4004,C07,5,5
H4004,C08,5,5
H4004,C09,5,5
H4004,C10,5,5
H4004,C11,5,5
H4004,C12,5,5
H4004,C13,5,5
H4004,C14,5,5
H4004,C15,3,3
H4004,C16,3,3
H4004,C17,5,5
H4004,C18,3,3
H4004,C19,5,5
H4004,C20,4,4
H4004,C21,3,3
H4004,C22,4,4
H4004,C23,4,4
H4004,C24,4,4
H4004,C25,5,5
H4004,C26,5,5
H4004,C27,3,3
H4004,C28,5,5
H4004,C29,4,4
H4004,C30,5,5
H4004,C31,5,5
H4004,C32,4,4
H4004,C33,5,5
H4004,D01,5,5
H4004,D02,5,5
H4004,D03,4,4
H4004,D04,5,5
H4004,D05,5,5
H4004,D06,4,4
H4004,D07,5,5
H4004,D08,3,3
H4004,D09,3,3
H4004,D10,2,2
H4004,D11,4,4
H4004,D12,5,5
H4005,C01,4,4
H4005,C02,4,4
H4005,C03,1,1
H4005,C04,4,4
H4005,C05,3,3
H4005,C06,4,4
H4005,C07,Plan not required to report measure ,
H4005,C08,Plan not required to report measure ,
H4005,C09,Plan not required to report measure ,
H4005,C10,Not enough data available ,
H4005,C11,5,5
H4005,C12,3,3
H4005,C13,3,3
H4005,C14,5,5
H4005,C15,4,4
H4005,C16,3,3
H4005,C17,3,3
H4005,C18,2,2
H4005,C19,3,3
H4005,C20,2,2
H4005,C21,2,2
H4005,C22,2,2
H4005,C23,1,1
H4005,C24,3,3
H4005,C25,5,5
H4005,C26,5,5
H4005,C27,2,2
H4005,C28,5,5
H4005,C29,5,5
H4005,C30,3,3
H4005,C31,Not enough data available ,
H4005,C32,Not enough data available ,
H4005,C33,4,4
H4005,D01,4,4
H4005,D02,5,5
H4005,D03,5,5
H4005,D04,3,3
H4005,D05,5,5
H4005,D06,5,5
H4005,D07,5,5
H4005,D08,3,3
H4005,D09,3,3
H4005,D10,2,2
H4005,D11,5,5
H4005,D12,4,4
H4026,C01,Plan too new to be measured ,
H4026,C02,Plan too new to be measured ,
H4026,C03,Plan too new to be measured ,
H4026,C04,Plan too new to be measured ,
H4026,C05,Plan too new to be measured ,
H4026,C06,Plan too new to be measured ,
H4026,C07,Plan not required to report measure ,
H4026,C08,Plan not required to report measure ,
H4026,C09,Plan not required to report measure ,
H4026,C10,Plan too new to be measured ,
H4026,C11,Plan too new to be measured ,
H4026,C12,Plan too new to be measured ,
H4026,C13,Plan too new to be measured ,
H4026,C14,Plan too new to be measured ,
H4026,C15,Plan too new to be measured ,
H4026,C16,Plan too new to be measured ,
H4026,C17,Plan too new to be measured ,
H4026,C18,Plan too new to be measured ,
H4026,C19,Plan too new to be measured ,
H4026,C20,Plan too new to be measured ,
H4026,C21,Plan too new to be measured ,
H4026,C22,Plan too new to be measured ,
H4026,C23,Plan too new to be measured ,
H4026,C24,Plan too new to be measured ,
H4026,C25,Plan too new to be measured ,
H4026,C26,Plan too new to be measured ,
H4026,C27,Plan too new to be measured ,
H4026,C28,Plan too new to be measured ,
H4026,C29,Plan too new to be measured ,
H4026,C30,Plan too new to be measured ,
H4026,C31,Not enough data available ,
H4026,C32,Not enough data available ,
H4026,C33,Plan too new to be measured ,
H4026,D01,Plan too new to be measured ,
H4026,D02,Plan too new to be measured ,
H4026,D03,Plan too new to be measured ,
H4026,D04,Plan too new to be measured ,
H4026,D05,Plan too new to be measured ,
H4026,D06,Plan too new to be measured ,
H4026,D07,Plan too new to be measured ,
H4026,D08,Plan too new to be measured ,
H4026,D09,Plan too new to be measured ,
H4026,D10,Plan too new to be measured ,
H4026,D11,Plan too new to be measured ,
H4026,D12,Plan too new to be measured,
H4032,C01,Plan too new to be measured ,
H4032,C02,Plan too new to be measured ,
H4032,C03,Plan too new to be measured ,
H4032,C04,Plan too new to be measured ,
H4032,C05,Plan too new to be measured ,
H4032,C06,Plan too new to be measured ,
H4032,C07,Plan too new to be measured ,
H4032,C08,Plan too new to be measured ,
H4032,C09,Plan too new to be measured ,
H4032,C10,Plan too new to be measured ,
H4032,C11,Plan too new to be measured ,
H4032,C12,Plan too new to be measured ,
H4032,C13,Plan too new to be measured ,
H4032,C14,Plan too new to be measured ,
H4032,C15,Plan too new to be measured ,
H4032,C16,Plan too new to be measured ,
H4032,C17,Plan too new to be measured ,
H4032,C18,Plan too new to be measured ,
H4032,C19,Plan too new to be measured ,
H4032,C20,Plan too new to be measured ,
H4032,C21,Plan too new to be measured ,
H4032,C22,Plan too new to be measured ,
H4032,C23,Plan too new to be measured ,
H4032,C24,Plan too new to be measured ,
H4032,C25,Plan too new to be measured ,
H4032,C26,Plan too new to be measured ,
H4032,C27,Plan too new to be measured ,
H4032,C28,Plan too new to be measured ,
H4032,C29,Plan too new to be measured ,
H4032,C30,Plan too new to be measured ,
H4032,C31,Not enough data available ,
H4032,C32,Not enough data available ,
H4032,C33,Plan too new to be measured ,
H4032,D01,Plan too new to be measured ,
H4032,D02,Plan too new to be measured ,
H4032,D03,Plan too new to be measured ,
H4032,D04,Plan too new to be measured ,
H4032,D05,Plan too new to be measured ,
H4032,D06,Plan too new to be measured ,
H4032,D07,Plan too new to be measured ,
H4032,D08,Plan too new to be measured ,
H4032,D09,Plan too new to be measured ,
H4032,D10,Plan too new to be measured ,
H4032,D11,Plan too new to be measured ,
H4032,D12,Plan too new to be measured,
H4036,C01,4,4
H4036,C02,5,5
H4036,C03,5,5
H4036,C04,2,2
H4036,C05,4,4
H4036,C06,4,4
H4036,C07,Plan not required to report measure ,
H4036,C08,Plan not required to report measure ,
H4036,C09,Plan not required to report measure ,
H4036,C10,2,2
H4036,C11,3,3
H4036,C12,4,4
H4036,C13,3,3
H4036,C14,3,3
H4036,C15,3,3
H4036,C16,4,4
H4036,C17,4,4
H4036,C18,3,3
H4036,C19,2,2
H4036,C20,4,4
H4036,C21,3,3
H4036,C22,4,4
H4036,C23,4,4
H4036,C24,3,3
H4036,C25,4,4
H4036,C26,5,5
H4036,C27,3,3
H4036,C28,5,5
H4036,C29,5,5
H4036,C30,4,4
H4036,C31,3,3
H4036,C32,4,4
H4036,C33,5,5
H4036,D01,5,5
H4036,D02,5,5
H4036,D03,5,5
H4036,D04,5,5
H4036,D05,4,4
H4036,D06,3,3
H4036,D07,5,5
H4036,D08,4,4
H4036,D09,4,4
H4036,D10,4,4
H4036,D11,4,4
H4036,D12,2,2
H4045,C01,3,3
H4045,C02,3,3
H4045,C03,5,5
H4045,C04,Plan too new to be measured ,
H4045,C05,Plan too new to be measured ,
H4045,C06,5,5
H4045,C07,1,1
H4045,C08,3,3
H4045,C09,3,3
H4045,C10,2,2
H4045,C11,4,4
H4045,C12,3,3
H4045,C13,4,4
H4045,C14,2,2
H4045,C15,4,4
H4045,C16,Not enough data available ,
H4045,C17,2,2
H4045,C18,3,3
H4045,C19,5,5
H4045,C20,2,2
H4045,C21,2,2
H4045,C22,1,1
H4045,C23,2,2
H4045,C24,1,1
H4045,C25,3,3
H4045,C26,4,4
H4045,C27,1,1
H4045,C28,5,5
H4045,C29,5,5
H4045,C30,4,4
H4045,C31,3,3
H4045,C32,2,2
H4045,C33,3,3
H4045,D01,4,4
H4045,D02,5,5
H4045,D03,5,5
H4045,D04,5,5
H4045,D05,4,4
H4045,D06,2,2
H4045,D07,4,4
H4045,D08,4,4
H4045,D09,3,3
H4045,D10,3,3
H4045,D11,4,4
H4045,D12,4,4
H4054,C01,Not enough data available ,
H4054,C02,3,3
H4054,C03,Plan too small to be measured ,
H4054,C04,Plan too new to be measured ,
H4054,C05,Plan too new to be measured ,
H4054,C06,No data available ,
H4054,C07,5,5
H4054,C08,5,5
H4054,C09,5,5
H4054,C10,Not enough data available ,
H4054,C11,4,4
H4054,C12,5,5
H4054,C13,5,5
H4054,C14,5,5
H4054,C15,No data available ,
H4054,C16,No data available ,
H4054,C17,Not enough data available ,
H4054,C18,4,4
H4054,C19,Not enough data available ,
H4054,C20,Not enough data available ,
H4054,C21,5,5
H4054,C22,Plan too small to be measured ,
H4054,C23,Plan too small to be measured ,
H4054,C24,Plan too small to be measured ,
H4054,C25,Plan too small to be measured ,
H4054,C26,Plan too small to be measured ,
H4054,C27,Plan too small to be measured ,
H4054,C28,5,5
H4054,C29,5,5
H4054,C30,5,5
H4054,C31,2,2
H4054,C32,1,1
H4054,C33,3,3
H4054,D01,4,4
H4054,D02,5,5
H4054,D03,5,5
H4054,D04,5,5
H4054,D05,Plan too small to be measured ,
H4054,D06,Plan too small to be measured ,
H4054,D07,5,5
H4054,D08,3,3
H4054,D09,1,1
H4054,D10,2,2
H4054,D11,5,5
H4054,D12,4,4
H4057,C01,Plan too new to be measured ,
H4057,C02,Plan too new to be measured ,
H4057,C03,Plan too new to be measured ,
H4057,C04,Plan too new to be measured ,
H4057,C05,Plan too new to be measured ,
H4057,C06,Plan too new to be measured ,
H4057,C07,Plan too new to be measured ,
H4057,C08,Plan too new to be measured ,
H4057,C09,Plan too new to be measured ,
H4057,C10,Plan too new to be measured ,
H4057,C11,Plan too new to be measured ,
H4057,C12,Plan too new to be measured ,
H4057,C13,Plan too new to be measured ,
H4057,C14,Plan too new to be measured ,
H4057,C15,Plan too new to be measured ,
H4057,C16,Plan too new to be measured ,
H4057,C17,Plan too new to be measured ,
H4057,C18,Plan too new to be measured ,
H4057,C19,Plan too new to be measured ,
H4057,C20,Plan too new to be measured ,
H4057,C21,Plan too new to be measured ,
H4057,C22,Plan too new to be measured ,
H4057,C23,Plan too new to be measured ,
H4057,C24,Plan too new to be measured ,
H4057,C25,Plan too new to be measured ,
H4057,C26,Plan too new to be measured ,
H4057,C27,Plan too new to be measured ,
H4057,C28,Plan too new to be measured ,
H4057,C29,Plan too new to be measured ,
H4057,C30,Plan too new to be measured ,
H4057,C31,Not enough data available ,
H4057,C32,Not enough data available ,
H4057,C33,Plan too new to be measured ,
H4057,D01,Plan too new to be measured ,
H4057,D02,Plan too new to be measured ,
H4057,D03,Plan too new to be measured ,
H4057,D04,Plan too new to be measured ,
H4057,D05,Plan too new to be measured ,
H4057,D06,Plan too new to be measured ,
H4057,D07,Plan too new to be measured ,
H4057,D08,Plan too new to be measured ,
H4057,D09,Plan too new to be measured ,
H4057,D10,Plan too new to be measured ,
H4057,D11,Plan too new to be measured ,
H4057,D12,Plan too new to be measured,
H4073,C01,3,3
H4073,C02,3,3
H4073,C03,3,3
H4073,C04,Plan too new to be measured ,
H4073,C05,Plan too new to be measured ,
H4073,C06,3,3
H4073,C07,4,4
H4073,C08,4,4
H4073,C09,4,4
H4073,C10,Not enough data available ,
H4073,C11,2,2
H4073,C12,3,3
H4073,C13,3,3
H4073,C14,2,2
H4073,C15,4,4
H4073,C16,Not enough data available ,
H4073,C17,3,3
H4073,C18,4,4
H4073,C19,3,3
H4073,C20,3,3
H4073,C21,2,2
H4073,C22,4,4
H4073,C23,Not enough data available ,
H4073,C24,2,2
H4073,C25,3,3
H4073,C26,3,3
H4073,C27,4,4
H4073,C28,3,3
H4073,C29,2,2
H4073,C30,4,4
H4073,C31,Not enough data available ,
H4073,C32,Not enough data available ,
H4073,C33,5,5
H4073,D01,5,5
H4073,D02,3,3
H4073,D03,2,2
H4073,D04,4,4
H4073,D05,3,3
H4073,D06,3,3
H4073,D07,5,5
H4073,D08,3,3
H4073,D09,2,2
H4073,D10,2,2
H4073,D11,4,4
H4073,D12,3,3
H4091,C01,2,2
H4091,C02,4,4
H4091,C03,Plan too small to be measured ,
H4091,C04,Not enough data available ,
H4091,C05,Not enough data available ,
H4091,C06,No data available ,
H4091,C07,5,5
H4091,C08,4,4
H4091,C09,5,5
H4091,C10,Not enough data available ,
H4091,C11,4,4
H4091,C12,4,4
H4091,C13,5,5
H4091,C14,Not enough data available ,
H4091,C15,No data available ,
H4091,C16,No data available ,
H4091,C17,Not enough data available ,
H4091,C18,2,2
H4091,C19,Not enough data available ,
H4091,C20,Not enough data available ,
H4091,C21,1,1
H4091,C22,Plan too small to be measured ,
H4091,C23,Plan too small to be measured ,
H4091,C24,Plan too small to be measured ,
H4091,C25,Plan too small to be measured ,
H4091,C26,Plan too small to be measured ,
H4091,C27,Plan too small to be measured ,
H4091,C28,5,5
H4091,C29,5,5
H4091,C30,Not enough data available ,
H4091,C31,Not enough data available ,
H4091,C32,Not enough data available ,
H4091,C33,5,5
H4091,D01,3,3
H4091,D02,5,5
H4091,D03,5,5
H4091,D04,3,3
H4091,D05,Plan too small to be measured ,
H4091,D06,Plan too small to be measured ,
H4091,D07,4,4
H4091,D08,4,4
H4091,D09,2,2
H4091,D10,4,4
H4091,D11,5,5
H4091,D12,5,5
H4093,C01,Not enough data available ,
H4093,C02,5,5
H4093,C03,Plan too small to be measured ,
H4093,C04,Not enough data available ,
H4093,C05,Not enough data available ,
H4093,C06,No data available ,
H4093,C07,5,5
H4093,C08,5,5
H4093,C09,5,5
H4093,C10,Not enough data available ,
H4093,C11,5,5
H4093,C12,4,4
H4093,C13,Not enough data available ,
H4093,C14,Not enough data available ,
H4093,C15,No data available ,
H4093,C16,No data available ,
H4093,C17,Not enough data available ,
H4093,C18,No data available ,
H4093,C19,Not enough data available ,
H4093,C20,Not enough data available ,
H4093,C21,5,5
H4093,C22,Plan too small to be measured ,
H4093,C23,Plan too small to be measured ,
H4093,C24,Plan too small to be measured ,
H4093,C25,Plan too small to be measured ,
H4093,C26,Plan too small to be measured ,
H4093,C27,Plan too small to be measured ,
H4093,C28,Not enough data available ,
H4093,C29,Not enough data available ,
H4093,C30,Not enough data available ,
H4093,C31,Not enough data available ,
H4093,C32,Not enough data available ,
H4093,C33,3,3
H4093,D01,4,4
H4093,D02,Not enough data available ,
H4093,D03,Not enough data available ,
H4093,D04,5,5
H4093,D05,Plan too small to be measured ,
H4093,D06,Plan too small to be measured ,
H4093,D07,5,5
H4093,D08,3,3
H4093,D09,3,3
H4093,D10,4,4
H4093,D11,5,5
H4093,D12,5,5
H4140,C01,4,4
H4140,C02,4,4
H4140,C03,1,1
H4140,C04,Not enough data available ,
H4140,C05,Not enough data available ,
H4140,C06,5,5
H4140,C07,5,5
H4140,C08,5,5
H4140,C09,4,4
H4140,C10,5,5
H4140,C11,3,3
H4140,C12,4,4
H4140,C13,4,4
H4140,C14,5,5
H4140,C15,4,4
H4140,C16,Not enough data available ,
H4140,C17,5,5
H4140,C18,2,2
H4140,C19,4,4
H4140,C20,2,2
H4140,C21,4,4
H4140,C22,5,5
H4140,C23,5,5
H4140,C24,5,5
H4140,C25,5,5
H4140,C26,5,5
H4140,C27,5,5
H4140,C28,4,4
H4140,C29,3,3
H4140,C30,4,4
H4140,C31,5,5
H4140,C32,4,4
H4140,C33,3,3
H4140,D01,4,4
H4140,D02,4,4
H4140,D03,3,3
H4140,D04,5,5
H4140,D05,5,5
H4140,D06,5,5
H4140,D07,4,4
H4140,D08,2,2
H4140,D09,3,3
H4140,D10,1,1
H4140,D11,4,4
H4140,D12,4,4
H4141,C01,4,4
H4141,C02,4,4
H4141,C03,2,2
H4141,C04,Not enough data available ,
H4141,C05,Not enough data available ,
H4141,C06,4,4
H4141,C07,4,4
H4141,C08,5,5
H4141,C09,5,5
H4141,C10,3,3
H4141,C11,4,4
H4141,C12,4,4
H4141,C13,3,3
H4141,C14,3,3
H4141,C15,4,4
H4141,C16,4,4
H4141,C17,4,4
H4141,C18,3,3
H4141,C19,3,3
H4141,C20,4,4
H4141,C21,3,3
H4141,C22,5,5
H4141,C23,4,4
H4141,C24,4,4
H4141,C25,4,4
H4141,C26,5,5
H4141,C27,3,3
H4141,C28,4,4
H4141,C29,2,2
H4141,C30,4,4
H4141,C31,4,4
H4141,C32,4,4
H4141,C33,5,5
H4141,D01,5,5
H4141,D02,4,4
H4141,D03,2,2
H4141,D04,3,3
H4141,D05,5,5
H4141,D06,4,4
H4141,D07,1,1
H4141,D08,2,2
H4141,D09,3,3
H4141,D10,3,3
H4141,D11,4,4
H4141,D12,3,3
H4152,C01,5,5
H4152,C02,5,5
H4152,C03,5,5
H4152,C04,3,3
H4152,C05,4,4
H4152,C06,3,3
H4152,C07,3,3
H4152,C08,5,5
H4152,C09,4,4
H4152,C10,2,2
H4152,C11,4,4
H4152,C12,4,4
H4152,C13,4,4
H4152,C14,4,4
H4152,C15,4,4
H4152,C16,2,2
H4152,C17,4,4
H4152,C18,1,1
H4152,C19,4,4
H4152,C20,4,4
H4152,C21,2,2
H4152,C22,4,4
H4152,C23,2,2
H4152,C24,4,4
H4152,C25,4,4
H4152,C26,4,4
H4152,C27,2,2
H4152,C28,5,5
H4152,C29,5,5
H4152,C30,3,3
H4152,C31,3,3
H4152,C32,4,4
H4152,C33,4,4
H4152,D01,4,4
H4152,D02,5,5
H4152,D03,5,5
H4152,D04,3,3
H4152,D05,4,4
H4152,D06,5,5
H4152,D07,5,5
H4152,D08,3,3
H4152,D09,4,4
H4152,D10,4,4
H4152,D11,4,4
H4152,D12,4,4
H4158,C01,Plan too new to be measured ,
H4158,C02,Plan too new to be measured ,
H4158,C03,Plan too new to be measured ,
H4158,C04,Plan too new to be measured ,
H4158,C05,Plan too new to be measured ,
H4158,C06,Plan too new to be measured ,
H4158,C07,Plan too new to be measured ,
H4158,C08,Plan too new to be measured ,
H4158,C09,Plan too new to be measured ,
H4158,C10,Plan too new to be measured ,
H4158,C11,Plan too new to be measured ,
H4158,C12,Plan too new to be measured ,
H4158,C13,Plan too new to be measured ,
H4158,C14,Plan too new to be measured ,
H4158,C15,Plan too new to be measured ,
H4158,C16,Plan too new to be measured ,
H4158,C17,Plan too new to be measured ,
H4158,C18,Plan too new to be measured ,
H4158,C19,Plan too new to be measured ,
H4158,C20,Plan too new to be measured ,
H4158,C21,Plan too new to be measured ,
H4158,C22,Plan too new to be measured ,
H4158,C23,Plan too new to be measured ,
H4158,C24,Plan too new to be measured ,
H4158,C25,Plan too new to be measured ,
H4158,C26,Plan too new to be measured ,
H4158,C27,Plan too new to be measured ,
H4158,C28,Plan too new to be measured ,
H4158,C29,Plan too new to be measured ,
H4158,C30,Plan too new to be measured ,
H4158,C31,Not enough data available ,
H4158,C32,Not enough data available ,
H4158,C33,Plan too new to be measured ,
H4158,D01,Plan too new to be measured ,
H4158,D02,Plan too new to be measured ,
H4158,D03,Plan too new to be measured ,
H4158,D04,Plan too new to be measured ,
H4158,D05,Plan too new to be measured ,
H4158,D06,Plan too new to be measured ,
H4158,D07,Plan too new to be measured ,
H4158,D08,Plan too new to be measured ,
H4158,D09,Plan too new to be measured ,
H4158,D10,Plan too new to be measured ,
H4158,D11,Plan too new to be measured ,
H4158,D12,Plan too new to be measured,
H4161,C01,3,3
H4161,C02,4,4
H4161,C03,3,3
H4161,C04,Plan too new to be measured ,
H4161,C05,Plan too new to be measured ,
H4161,C06,3,3
H4161,C07,No data available ,
H4161,C08,No data available ,
H4161,C09,No data available ,
H4161,C10,3,3
H4161,C11,3,3
H4161,C12,3,3
H4161,C13,4,4
H4161,C14,2,2
H4161,C15,4,4
H4161,C16,Not enough data available ,
H4161,C17,3,3
H4161,C18,3,3
H4161,C19,3,3
H4161,C20,3,3
H4161,C21,1,1
H4161,C22,1,1
H4161,C23,Not enough data available ,
H4161,C24,3,3
H4161,C25,1,1
H4161,C26,1,1
H4161,C27,Not enough data available ,
H4161,C28,3,3
H4161,C29,2,2
H4161,C30,4,4
H4161,C31,3,3
H4161,C32,5,5
H4161,C33,5,5
H4161,D01,5,5
H4161,D02,3,3
H4161,D03,2,2
H4161,D04,1,1
H4161,D05,2,2
H4161,D06,2,2
H4161,D07,5,5
H4161,D08,3,3
H4161,D09,3,3
H4161,D10,3,3
H4161,D11,4,4
H4161,D12,4,4
H4172,C01,Not enough data available ,
H4172,C02,5,5
H4172,C03,Plan too small to be measured ,
H4172,C04,Not enough data available ,
H4172,C05,Not enough data available ,
H4172,C06,No data available ,
H4172,C07,5,5
H4172,C08,5,5
H4172,C09,5,5
H4172,C10,Not enough data available ,
H4172,C11,5,5
H4172,C12,5,5
H4172,C13,5,5
H4172,C14,Not enough data available ,
H4172,C15,No data available ,
H4172,C16,No data available ,
H4172,C17,Not enough data available ,
H4172,C18,4,4
H4172,C19,Not enough data available ,
H4172,C20,Not enough data available ,
H4172,C21,4,4
H4172,C22,Plan too small to be measured ,
H4172,C23,Plan too small to be measured ,
H4172,C24,Plan too small to be measured ,
H4172,C25,Plan too small to be measured ,
H4172,C26,Plan too small to be measured ,
H4172,C27,Plan too small to be measured ,
H4172,C28,5,5
H4172,C29,5,5
H4172,C30,5,5
H4172,C31,Not enough data available ,
H4172,C32,Not enough data available ,
H4172,C33,4,4
H4172,D01,4,4
H4172,D02,5,5
H4172,D03,5,5
H4172,D04,4,4
H4172,D05,Plan too small to be measured ,
H4172,D06,Plan too small to be measured ,
H4172,D07,5,5
H4172,D08,5,5
H4172,D09,2,2
H4172,D10,5,5
H4172,D11,5,5
H4172,D12,3,3
H4193,C01,Plan too new to be measured ,
H4193,C02,Plan too new to be measured ,
H4193,C03,Plan too new to be measured ,
H4193,C04,Plan too new to be measured ,
H4193,C05,Plan too new to be measured ,
H4193,C06,Plan too new to be measured ,
H4193,C07,Plan too new to be measured ,
H4193,C08,Plan too new to be measured ,
H4193,C09,Plan too new to be measured ,
H4193,C10,Plan too new to be measured ,
H4193,C11,Plan too new to be measured ,
H4193,C12,Plan too new to be measured ,
H4193,C13,Plan too new to be measured ,
H4193,C14,Plan too new to be measured ,
H4193,C15,Plan too new to be measured ,
H4193,C16,Plan too new to be measured ,
H4193,C17,Plan too new to be measured ,
H4193,C18,Plan too new to be measured ,
H4193,C19,Plan too new to be measured ,
H4193,C20,Plan too new to be measured ,
H4193,C21,Plan too new to be measured ,
H4193,C22,Plan too new to be measured ,
H4193,C23,Plan too new to be measured ,
H4193,C24,Plan too new to be measured ,
H4193,C25,Plan too new to be measured ,
H4193,C26,Plan too new to be measured ,
H4193,C27,Plan too new to be measured ,
H4193,C28,Plan too new to be measured ,
H4193,C29,Plan too new to be measured ,
H4193,C30,Plan too new to be measured ,
H4193,C31,Not enough data available ,
H4193,C32,Not enough data available ,
H4193,C33,Plan too new to be measured ,
H4193,D01,Plan too new to be measured ,
H4193,D02,Plan too new to be measured ,
H4193,D03,Plan too new to be measured ,
H4193,D04,Plan too new to be measured ,
H4193,D05,Plan too new to be measured ,
H4193,D06,Plan too new to be measured ,
H4193,D07,Plan too new to be measured ,
H4193,D08,Plan too new to be measured ,
H4193,D09,Plan too new to be measured ,
H4193,D10,Plan too new to be measured ,
H4193,D11,Plan too new to be measured ,
H4193,D12,Plan too new to be measured,
H4213,C01,2,2
H4213,C02,4,4
H4213,C03,4,4
H4213,C04,2,2
H4213,C05,4,4
H4213,C06,1,1
H4213,C07,Plan not required to report measure ,
H4213,C08,Plan not required to report measure ,
H4213,C09,Plan not required to report measure ,
H4213,C10,Not enough data available ,
H4213,C11,2,2
H4213,C12,3,3
H4213,C13,3,3
H4213,C14,2,2
H4213,C15,2,2
H4213,C16,1,1
H4213,C17,3,3
H4213,C18,4,4
H4213,C19,1,1
H4213,C20,1,1
H4213,C21,1,1
H4213,C22,5,5
H4213,C23,5,5
H4213,C24,5,5
H4213,C25,5,5
H4213,C26,4,4
H4213,C27,5,5
H4213,C28,4,4
H4213,C29,4,4
H4213,C30,2,2
H4213,C31,5,5
H4213,C32,2,2
H4213,C33,3,3
H4213,D01,4,4
H4213,D02,4,4
H4213,D03,4,4
H4213,D04,4,4
H4213,D05,1,1
H4213,D06,5,5
H4213,D07,4,4
H4213,D08,4,4
H4213,D09,3,3
H4213,D10,3,3
H4213,D11,1,1
H4213,D12,1,1
H4227,C01,4,4
H4227,C02,3,3
H4227,C03,4,4
H4227,C04,Not enough data available ,
H4227,C05,Not enough data available ,
H4227,C06,3,3
H4227,C07,2,2
H4227,C08,5,5
H4227,C09,4,4
H4227,C10,Not enough data available ,
H4227,C11,3,3
H4227,C12,3,3
H4227,C13,3,3
H4227,C14,3,3
H4227,C15,5,5
H4227,C16,1,1
H4227,C17,4,4
H4227,C18,1,1
H4227,C19,5,5
H4227,C20,3,3
H4227,C21,2,2
H4227,C22,5,5
H4227,C23,5,5
H4227,C24,5,5
H4227,C25,5,5
H4227,C26,5,5
H4227,C27,4,4
H4227,C28,3,3
H4227,C29,4,4
H4227,C30,5,5
H4227,C31,5,5
H4227,C32,5,5
H4227,C33,4,4
H4227,D01,4,4
H4227,D02,3,3
H4227,D03,4,4
H4227,D04,4,4
H4227,D05,5,5
H4227,D06,4,4
H4227,D07,5,5
H4227,D08,2,2
H4227,D09,2,2
H4227,D10,2,2
H4227,D11,4,4
H4227,D12,4,4
H4232,C01,Plan too small to be measured ,
H4232,C02,Plan too small to be measured ,
H4232,C03,Plan too small to be measured ,
H4232,C04,Not enough data available ,
H4232,C05,Not enough data available ,
H4232,C06,Plan too small to be measured ,
H4232,C07,5,5
H4232,C08,5,5
H4232,C09,5,5
H4232,C10,Plan too small to be measured ,
H4232,C11,Plan too small to be measured ,
H4232,C12,Plan too small to be measured ,
H4232,C13,Plan too small to be measured ,
H4232,C14,Plan too small to be measured ,
H4232,C15,Plan too small to be measured ,
H4232,C16,Plan too small to be measured ,
H4232,C17,Plan too small to be measured ,
H4232,C18,Plan too small to be measured ,
H4232,C19,Plan too small to be measured ,
H4232,C20,Plan too small to be measured ,
H4232,C21,Plan too small to be measured ,
H4232,C22,Plan too small to be measured ,
H4232,C23,Plan too small to be measured ,
H4232,C24,Plan too small to be measured ,
H4232,C25,Plan too small to be measured ,
H4232,C26,Plan too small to be measured ,
H4232,C27,Plan too small to be measured ,
H4232,C28,Not enough data available ,
H4232,C29,Not enough data available ,
H4232,C30,Not enough data available ,
H4232,C31,Not enough data available ,
H4232,C32,Not enough data available ,
H4232,C33,3,3
H4232,D01,4,4
H4232,D02,Not enough data available ,
H4232,D03,Not enough data available ,
H4232,D04,2,2
H4232,D05,Plan too small to be measured ,
H4232,D06,Plan too small to be measured ,
H4232,D07,5,5
H4232,D08,2,2
H4232,D09,2,2
H4232,D10,2,2
H4232,D11,Not enough data available ,
H4232,D12,1,1
H4279,C01,2,2
H4279,C02,3,3
H4279,C03,2,2
H4279,C04,Not enough data available ,
H4279,C05,Not enough data available ,
H4279,C06,2,2
H4279,C07,3,3
H4279,C08,4,4
H4279,C09,3,3
H4279,C10,2,2
H4279,C11,3,3
H4279,C12,3,3
H4279,C13,3,3
H4279,C14,3,3
H4279,C15,5,5
H4279,C16,4,4
H4279,C17,4,4
H4279,C18,4,4
H4279,C19,3,3
H4279,C20,4,4
H4279,C21,4,4
H4279,C22,4,4
H4279,C23,4,4
H4279,C24,5,5
H4279,C25,4,4
H4279,C26,5,5
H4279,C27,3,3
H4279,C28,5,5
H4279,C29,4,4
H4279,C30,4,4
H4279,C31,5,5
H4279,C32,3,3
H4279,C33,4,4
H4279,D01,4,4
H4279,D02,5,5
H4279,D03,4,4
H4279,D04,2,2
H4279,D05,5,5
H4279,D06,5,5
H4279,D07,5,5
H4279,D08,4,4
H4279,D09,4,4
H4279,D10,4,4
H4279,D11,2,2
H4279,D12,3,3
H4286,C01,5,5
H4286,C02,5,5
H4286,C03,5,5
H4286,C04,Plan too new to be measured ,
H4286,C05,Plan too new to be measured ,
H4286,C06,5,5
H4286,C07,5,5
H4286,C08,5,5
H4286,C09,5,5
H4286,C10,5,5
H4286,C11,5,5
H4286,C12,5,5
H4286,C13,5,5
H4286,C14,5,5
H4286,C15,5,5
H4286,C16,Not enough data available ,
H4286,C17,5,5
H4286,C18,5,5
H4286,C19,5,5
H4286,C20,5,5
H4286,C21,5,5
H4286,C22,5,5
H4286,C23,5,5
H4286,C24,5,5
H4286,C25,5,5
H4286,C26,5,5
H4286,C27,5,5
H4286,C28,5,5
H4286,C29,5,5
H4286,C30,5,5
H4286,C31,5,5
H4286,C32,4,4
H4286,C33,4,4
H4286,D01,4,4
H4286,D02,5,5
H4286,D03,5,5
H4286,D04,3,3
H4286,D05,5,5
H4286,D06,5,5
H4286,D07,4,4
H4286,D08,5,5
H4286,D09,5,5
H4286,D10,5,5
H4286,D11,5,5
H4286,D12,5,5
H4329,C01,Plan too new to be measured ,
H4329,C02,Plan too new to be measured ,
H4329,C03,Plan too new to be measured ,
H4329,C04,Plan too new to be measured ,
H4329,C05,Plan too new to be measured ,
H4329,C06,Plan too new to be measured ,
H4329,C07,Plan too new to be measured ,
H4329,C08,Plan too new to be measured ,
H4329,C09,Plan too new to be measured ,
H4329,C10,Plan too new to be measured ,
H4329,C11,Plan too new to be measured ,
H4329,C12,Plan too new to be measured ,
H4329,C13,Plan too new to be measured ,
H4329,C14,Plan too new to be measured ,
H4329,C15,Plan too new to be measured ,
H4329,C16,Plan too new to be measured ,
H4329,C17,Plan too new to be measured ,
H4329,C18,Plan too new to be measured ,
H4329,C19,Plan too new to be measured ,
H4329,C20,Plan too new to be measured ,
H4329,C21,Plan too new to be measured ,
H4329,C22,Plan too new to be measured ,
H4329,C23,Plan too new to be measured ,
H4329,C24,Plan too new to be measured ,
H4329,C25,Plan too new to be measured ,
H4329,C26,Plan too new to be measured ,
H4329,C27,Plan too new to be measured ,
H4329,C28,Plan too new to be measured ,
H4329,C29,Plan too new to be measured ,
H4329,C30,Plan too new to be measured ,
H4329,C31,Not enough data available ,
H4329,C32,Not enough data available ,
H4329,C33,Plan too new to be measured ,
H4329,D01,Plan too new to be measured ,
H4329,D02,Plan too new to be measured ,
H4329,D03,Plan too new to be measured ,
H4329,D04,Plan too new to be measured ,
H4329,D05,Plan too new to be measured ,
H4329,D06,Plan too new to be measured ,
H4329,D07,Plan too new to be measured ,
H4329,D08,Plan too new to be measured ,
H4329,D09,Plan too new to be measured ,
H4329,D10,Plan too new to be measured ,
H4329,D11,Plan too new to be measured ,
H4329,D12,Plan too new to be measured,
H4346,C01,2,2
H4346,C02,3,3
H4346,C03,4,4
H4346,C04,1,1
H4346,C05,2,2
H4346,C06,3,3
H4346,C07,1,1
H4346,C08,4,4
H4346,C09,3,3
H4346,C10,2,2
H4346,C11,3,3
H4346,C12,3,3
H4346,C13,4,4
H4346,C14,3,3
H4346,C15,4,4
H4346,C16,4,4
H4346,C17,4,4
H4346,C18,2,2
H4346,C19,3,3
H4346,C20,2,2
H4346,C21,2,2
H4346,C22,2,2
H4346,C23,2,2
H4346,C24,2,2
H4346,C25,2,2
H4346,C26,1,1
H4346,C27,Not enough data available ,
H4346,C28,3,3
H4346,C29,3,3
H4346,C30,5,5
H4346,C31,3,3
H4346,C32,5,5
H4346,C33,5,5
H4346,D01,5,5
H4346,D02,3,3
H4346,D03,3,3
H4346,D04,5,5
H4346,D05,4,4
H4346,D06,3,3
H4346,D07,5,5
H4346,D08,3,3
H4346,D09,3,3
H4346,D10,3,3
H4346,D11,5,5
H4346,D12,4,4
H4348,C01,Plan too new to be measured ,
H4348,C02,Plan too new to be measured ,
H4348,C03,Plan too new to be measured ,
H4348,C04,Plan too new to be measured ,
H4348,C05,Plan too new to be measured ,
H4348,C06,Plan too new to be measured ,
H4348,C07,Plan too new to be measured ,
H4348,C08,Plan too new to be measured ,
H4348,C09,Plan too new to be measured ,
H4348,C10,Plan too new to be measured ,
H4348,C11,Plan too new to be measured ,
H4348,C12,Plan too new to be measured ,
H4348,C13,Plan too new to be measured ,
H4348,C14,Plan too new to be measured ,
H4348,C15,Plan too new to be measured ,
H4348,C16,Plan too new to be measured ,
H4348,C17,Plan too new to be measured ,
H4348,C18,Plan too new to be measured ,
H4348,C19,Plan too new to be measured ,
H4348,C20,Plan too new to be measured ,
H4348,C21,Plan too new to be measured ,
H4348,C22,Plan too new to be measured ,
H4348,C23,Plan too new to be measured ,
H4348,C24,Plan too new to be measured ,
H4348,C25,Plan too new to be measured ,
H4348,C26,Plan too new to be measured ,
H4348,C27,Plan too new to be measured ,
H4348,C28,Plan too new to be measured ,
H4348,C29,Plan too new to be measured ,
H4348,C30,Plan too new to be measured ,
H4348,C31,Not enough data available ,
H4348,C32,Not enough data available ,
H4348,C33,Plan too new to be measured ,
H4348,D01,Plan too new to be measured ,
H4348,D02,Plan too new to be measured ,
H4348,D03,Plan too new to be measured ,
H4348,D04,Plan too new to be measured ,
H4348,D05,Plan too new to be measured ,
H4348,D06,Plan too new to be measured ,
H4348,D07,Plan too new to be measured ,
H4348,D08,Plan too new to be measured ,
H4348,D09,Plan too new to be measured ,
H4348,D10,Plan too new to be measured ,
H4348,D11,Plan too new to be measured ,
H4348,D12,Plan too new to be measured,
H4371,C01,Plan too new to be measured ,
H4371,C02,Plan too new to be measured ,
H4371,C03,Plan too new to be measured ,
H4371,C04,Plan too new to be measured ,
H4371,C05,Plan too new to be measured ,
H4371,C06,Plan too new to be measured ,
H4371,C07,Plan too new to be measured ,
H4371,C08,Plan too new to be measured ,
H4371,C09,Plan too new to be measured ,
H4371,C10,Plan too new to be measured ,
H4371,C11,Plan too new to be measured ,
H4371,C12,Plan too new to be measured ,
H4371,C13,Plan too new to be measured ,
H4371,C14,Plan too new to be measured ,
H4371,C15,Plan too new to be measured ,
H4371,C16,Plan too new to be measured ,
H4371,C17,Plan too new to be measured ,
H4371,C18,Plan too new to be measured ,
H4371,C19,Plan too new to be measured ,
H4371,C20,Plan too new to be measured ,
H4371,C21,Plan too new to be measured ,
H4371,C22,Plan too new to be measured ,
H4371,C23,Plan too new to be measured ,
H4371,C24,Plan too new to be measured ,
H4371,C25,Plan too new to be measured ,
H4371,C26,Plan too new to be measured ,
H4371,C27,Plan too new to be measured ,
H4371,C28,Plan too new to be measured ,
H4371,C29,Plan too new to be measured ,
H4371,C30,Plan too new to be measured ,
H4371,C31,Not enough data available ,
H4371,C32,Not enough data available ,
H4371,C33,Plan too new to be measured ,
H4371,D01,Plan too new to be measured ,
H4371,D02,Plan too new to be measured ,
H4371,D03,Plan too new to be measured ,
H4371,D04,Plan too new to be measured ,
H4371,D05,Plan too new to be measured ,
H4371,D06,Plan too new to be measured ,
H4371,D07,Plan too new to be measured ,
H4371,D08,Plan too new to be measured ,
H4371,D09,Plan too new to be measured ,
H4371,D10,Plan too new to be measured ,
H4371,D11,Plan too new to be measured ,
H4371,D12,Plan too new to be measured,
H4407,C01,4,4
H4407,C02,5,5
H4407,C03,2,2
H4407,C04,1,1
H4407,C05,5,5
H4407,C06,3,3
H4407,C07,3,3
H4407,C08,4,4
H4407,C09,4,4
H4407,C10,4,4
H4407,C11,4,4
H4407,C12,3,3
H4407,C13,5,5
H4407,C14,4,4
H4407,C15,2,2
H4407,C16,1,1
H4407,C17,5,5
H4407,C18,2,2
H4407,C19,4,4
H4407,C20,4,4
H4407,C21,4,4
H4407,C22,5,5
H4407,C23,5,5
H4407,C24,4,4
H4407,C25,5,5
H4407,C26,4,4
H4407,C27,5,5
H4407,C28,4,4
H4407,C29,4,4
H4407,C30,4,4
H4407,C31,5,5
H4407,C32,4,4
H4407,C33,4,4
H4407,D01,5,5
H4407,D02,4,4
H4407,D03,4,4
H4407,D04,3,3
H4407,D05,4,4
H4407,D06,4,4
H4407,D07,5,5
H4407,D08,2,2
H4407,D09,3,3
H4407,D10,3,3
H4407,D11,4,4
H4407,D12,3,3
H4439,C01,Plan too small to be measured ,
H4439,C02,Plan too small to be measured ,
H4439,C03,Plan too small to be measured ,
H4439,C04,Plan too new to be measured ,
H4439,C05,Plan too new to be measured ,
H4439,C06,Plan too new to be measured ,
H4439,C07,5,5
H4439,C08,Not enough data available ,
H4439,C09,Not enough data available ,
H4439,C10,Plan too small to be measured ,
H4439,C11,Plan too small to be measured ,
H4439,C12,Plan too small to be measured ,
H4439,C13,Plan too small to be measured ,
H4439,C14,Plan too small to be measured ,
H4439,C15,Plan too new to be measured ,
H4439,C16,Plan too new to be measured ,
H4439,C17,Plan too small to be measured ,
H4439,C18,Plan too small to be measured ,
H4439,C19,Plan too small to be measured ,
H4439,C20,Plan too small to be measured ,
H4439,C21,Plan too small to be measured ,
H4439,C22,Plan too small to be measured ,
H4439,C23,Plan too small to be measured ,
H4439,C24,Plan too small to be measured ,
H4439,C25,Plan too small to be measured ,
H4439,C26,Plan too small to be measured ,
H4439,C27,Plan too small to be measured ,
H4439,C28,Not enough data available ,
H4439,C29,Not enough data available ,
H4439,C30,Not enough data available ,
H4439,C31,Not enough data available ,
H4439,C32,Not enough data available ,
H4439,C33,3,3
H4439,D01,4,4
H4439,D02,Not enough data available ,
H4439,D03,Not enough data available ,
H4439,D04,Not enough data available ,
H4439,D05,Plan too small to be measured ,
H4439,D06,Plan too small to be measured ,
H4439,D07,Not enough data available ,
H4439,D08,Not enough data available ,
H4439,D09,3,3
H4439,D10,5,5
H4439,D11,Not enough data available ,
H4439,D12,Not enough data available,
H4444,C01,Plan too new to be measured ,
H4444,C02,Plan too new to be measured ,
H4444,C03,Plan too new to be measured ,
H4444,C04,Plan too new to be measured ,
H4444,C05,Plan too new to be measured ,
H4444,C06,Plan too new to be measured ,
H4444,C07,Plan too new to be measured ,
H4444,C08,Plan too new to be measured ,
H4444,C09,Plan too new to be measured ,
H4444,C10,Plan too new to be measured ,
H4444,C11,Plan too new to be measured ,
H4444,C12,Plan too new to be measured ,
H4444,C13,Plan too new to be measured ,
H4444,C14,Plan too new to be measured ,
H4444,C15,Plan too new to be measured ,
H4444,C16,Plan too new to be measured ,
H4444,C17,Plan too new to be measured ,
H4444,C18,Plan too new to be measured ,
H4444,C19,Plan too new to be measured ,
H4444,C20,Plan too new to be measured ,
H4444,C21,Plan too new to be measured ,
H4444,C22,Plan too new to be measured ,
H4444,C23,Plan too new to be measured ,
H4444,C24,Plan too new to be measured ,
H4444,C25,Plan too new to be measured ,
H4444,C26,Plan too new to be measured ,
H4444,C27,Plan too new to be measured ,
H4444,C28,Plan too new to be measured ,
H4444,C29,Not enough data available ,
H4444,C30,Plan too new to be measured ,
H4444,C31,Not enough data available ,
H4444,C32,Not enough data available ,
H4444,C33,3,3
H4444,D01,4,4
H4444,D02,Plan too new to be measured ,
H4444,D03,Not enough data available ,
H4444,D04,Plan too new to be measured ,
H4444,D05,Plan too new to be measured ,
H4444,D06,Plan too new to be measured ,
H4444,D07,Plan too new to be measured ,
H4444,D08,Plan too new to be measured ,
H4444,D09,Plan too new to be measured ,
H4444,D10,Plan too new to be measured ,
H4444,D11,Plan too new to be measured ,
H4444,D12,Plan too new to be measured,
H4461,C01,4,4
H4461,C02,4,4
H4461,C03,2,2
H4461,C04,5,5
H4461,C05,1,1
H4461,C06,2,2
H4461,C07,4,4
H4461,C08,5,5
H4461,C09,4,4
H4461,C10,3,3
H4461,C11,5,5
H4461,C12,4,4
H4461,C13,4,4
H4461,C14,4,4
H4461,C15,4,4
H4461,C16,3,3
H4461,C17,4,4
H4461,C18,3,3
H4461,C19,3,3
H4461,C20,3,3
H4461,C21,3,3
H4461,C22,5,5
H4461,C23,5,5
H4461,C24,4,4
H4461,C25,5,5
H4461,C26,5,5
H4461,C27,5,5
H4461,C28,4,4
H4461,C29,4,4
H4461,C30,3,3
H4461,C31,3,3
H4461,C32,4,4
H4461,C33,5,5
H4461,D01,5,5
H4461,D02,4,4
H4461,D03,4,4
H4461,D04,2,2
H4461,D05,5,5
H4461,D06,5,5
H4461,D07,1,1
H4461,D08,2,2
H4461,D09,3,3
H4461,D10,3,3
H4461,D11,3,3
H4461,D12,3,3
H4471,C01,2,2
H4471,C02,2,2
H4471,C03,Plan too small to be measured ,
H4471,C04,Plan too new to be measured ,
H4471,C05,Plan too new to be measured ,
H4471,C06,Plan too new to be measured ,
H4471,C07,3,3
H4471,C08,3,3
H4471,C09,3,3
H4471,C10,2,2
H4471,C11,3,3
H4471,C12,3,3
H4471,C13,4,4
H4471,C14,2,2
H4471,C15,Plan too new to be measured ,
H4471,C16,Plan too new to be measured ,
H4471,C17,2,2
H4471,C18,3,3
H4471,C19,3,3
H4471,C20,2,2
H4471,C21,1,1
H4471,C22,Plan too small to be measured ,
H4471,C23,Plan too small to be measured ,
H4471,C24,Plan too small to be measured ,
H4471,C25,Plan too small to be measured ,
H4471,C26,Plan too small to be measured ,
H4471,C27,Plan too small to be measured ,
H4471,C28,3,3
H4471,C29,3,3
H4471,C30,Not enough data available ,
H4471,C31,5,5
H4471,C32,5,5
H4471,C33,5,5
H4471,D01,5,5
H4471,D02,3,3
H4471,D03,3,3
H4471,D04,Not enough data available ,
H4471,D05,Plan too small to be measured ,
H4471,D06,Plan too small to be measured ,
H4471,D07,5,5
H4471,D08,3,3
H4471,D09,2,2
H4471,D10,2,2
H4471,D11,4,4
H4471,D12,4,4
H4473,C01,Plan too new to be measured ,
H4473,C02,Plan too new to be measured ,
H4473,C03,Plan too new to be measured ,
H4473,C04,Plan too new to be measured ,
H4473,C05,Plan too new to be measured ,
H4473,C06,Plan too new to be measured ,
H4473,C07,Plan too new to be measured ,
H4473,C08,Plan too new to be measured ,
H4473,C09,Plan too new to be measured ,
H4473,C10,Plan too new to be measured ,
H4473,C11,Plan too new to be measured ,
H4473,C12,Plan too new to be measured ,
H4473,C13,Plan too new to be measured ,
H4473,C14,Plan too new to be measured ,
H4473,C15,Plan too new to be measured ,
H4473,C16,Plan too new to be measured ,
H4473,C17,Plan too new to be measured ,
H4473,C18,Plan too new to be measured ,
H4473,C19,Plan too new to be measured ,
H4473,C20,Plan too new to be measured ,
H4473,C21,Plan too new to be measured ,
H4473,C22,Plan too new to be measured ,
H4473,C23,Plan too new to be measured ,
H4473,C24,Plan too new to be measured ,
H4473,C25,Plan too new to be measured ,
H4473,C26,Plan too new to be measured ,
H4473,C27,Plan too new to be measured ,
H4473,C28,Plan too new to be measured ,
H4473,C29,Plan too new to be measured ,
H4473,C30,Plan too new to be measured ,
H4473,C31,Not enough data available ,
H4473,C32,Not enough data available ,
H4473,C33,Plan too new to be measured ,
H4473,D01,Plan too new to be measured ,
H4473,D02,Plan too new to be measured ,
H4473,D03,Plan too new to be measured ,
H4473,D04,Plan too new to be measured ,
H4473,D05,Plan too new to be measured ,
H4473,D06,Plan too new to be measured ,
H4473,D07,Plan too new to be measured ,
H4473,D08,Plan too new to be measured ,
H4473,D09,Plan too new to be measured ,
H4473,D10,Plan too new to be measured ,
H4473,D11,Plan too new to be measured ,
H4473,D12,Plan too new to be measured,
H4490,C01,Plan too small to be measured ,
H4490,C02,Plan too small to be measured ,
H4490,C03,Plan too small to be measured ,
H4490,C04,Not enough data available ,
H4490,C05,Not enough data available ,
H4490,C06,Plan too small to be measured ,
H4490,C07,5,5
H4490,C08,5,5
H4490,C09,5,5
H4490,C10,Plan too small to be measured ,
H4490,C11,Plan too small to be measured ,
H4490,C12,Plan too small to be measured ,
H4490,C13,Plan too small to be measured ,
H4490,C14,Plan too small to be measured ,
H4490,C15,Plan too small to be measured ,
H4490,C16,Plan too small to be measured ,
H4490,C17,Plan too small to be measured ,
H4490,C18,Plan too small to be measured ,
H4490,C19,Plan too small to be measured ,
H4490,C20,Plan too small to be measured ,
H4490,C21,Plan too small to be measured ,
H4490,C22,Plan too small to be measured ,
H4490,C23,Plan too small to be measured ,
H4490,C24,Plan too small to be measured ,
H4490,C25,Plan too small to be measured ,
H4490,C26,Plan too small to be measured ,
H4490,C27,Plan too small to be measured ,
H4490,C28,Not enough data available ,
H4490,C29,Not enough data available ,
H4490,C30,Not enough data available ,
H4490,C31,Not enough data available ,
H4490,C32,Not enough data available ,
H4490,C33,3,3
H4490,D01,4,4
H4490,D02,Not enough data available ,
H4490,D03,Not enough data available ,
H4490,D04,2,2
H4490,D05,Plan too small to be measured ,
H4490,D06,Plan too small to be measured ,
H4490,D07,5,5
H4490,D08,2,2
H4490,D09,2,2
H4490,D10,2,2
H4490,D11,4,4
H4490,D12,3,3
H4497,C01,4,4
H4497,C02,5,5
H4497,C03,4,4
H4497,C04,4,4
H4497,C05,4,4
H4497,C06,3,3
H4497,C07,Plan not required to report measure ,
H4497,C08,Plan not required to report measure ,
H4497,C09,Plan not required to report measure ,
H4497,C10,2,2
H4497,C11,4,4
H4497,C12,4,4
H4497,C13,3,3
H4497,C14,4,4
H4497,C15,2,2
H4497,C16,4,4
H4497,C17,4,4
H4497,C18,2,2
H4497,C19,3,3
H4497,C20,3,3
H4497,C21,3,3
H4497,C22,5,5
H4497,C23,5,5
H4497,C24,5,5
H4497,C25,5,5
H4497,C26,5,5
H4497,C27,5,5
H4497,C28,5,5
H4497,C29,5,5
H4497,C30,5,5
H4497,C31,5,5
H4497,C32,5,5
H4497,C33,3,3
H4497,D01,4,4
H4497,D02,5,5
H4497,D03,5,5
H4497,D04,3,3
H4497,D05,4,4
H4497,D06,5,5
H4497,D07,5,5
H4497,D08,3,3
H4497,D09,4,4
H4497,D10,4,4
H4497,D11,3,3
H4497,D12,3,3
H4499,C01,Plan too new to be measured ,
H4499,C02,Plan too new to be measured ,
H4499,C03,Plan too new to be measured ,
H4499,C04,Plan too new to be measured ,
H4499,C05,Plan too new to be measured ,
H4499,C06,Plan too new to be measured ,
H4499,C07,Plan too new to be measured ,
H4499,C08,Plan too new to be measured ,
H4499,C09,Plan too new to be measured ,
H4499,C10,Plan too new to be measured ,
H4499,C11,Plan too new to be measured ,
H4499,C12,Plan too new to be measured ,
H4499,C13,Plan too new to be measured ,
H4499,C14,Plan too new to be measured ,
H4499,C15,Plan too new to be measured ,
H4499,C16,Plan too new to be measured ,
H4499,C17,Plan too new to be measured ,
H4499,C18,Plan too new to be measured ,
H4499,C19,Plan too new to be measured ,
H4499,C20,Plan too new to be measured ,
H4499,C21,Plan too new to be measured ,
H4499,C22,Plan too new to be measured ,
H4499,C23,Plan too new to be measured ,
H4499,C24,Plan too new to be measured ,
H4499,C25,Plan too new to be measured ,
H4499,C26,Plan too new to be measured ,
H4499,C27,Plan too new to be measured ,
H4499,C28,Plan too new to be measured ,
H4499,C29,Not enough data available ,
H4499,C30,Plan too new to be measured ,
H4499,C31,Not enough data available ,
H4499,C32,Not enough data available ,
H4499,C33,4,4
H4499,D01,4,4
H4499,D02,Plan too new to be measured ,
H4499,D03,Not enough data available ,
H4499,D04,Plan too new to be measured ,
H4499,D05,Plan too new to be measured ,
H4499,D06,Plan too new to be measured ,
H4499,D07,Plan too new to be measured ,
H4499,D08,Plan too new to be measured ,
H4499,D09,Plan too new to be measured ,
H4499,D10,Plan too new to be measured ,
H4499,D11,Plan too new to be measured ,
H4499,D12,Plan too new to be measured,
H4506,C01,3,3
H4506,C02,4,4
H4506,C03,5,5
H4506,C04,Not enough data available ,
H4506,C05,Not enough data available ,
H4506,C06,4,4
H4506,C07,Plan not required to report measure ,
H4506,C08,Plan not required to report measure ,
H4506,C09,Plan not required to report measure ,
H4506,C10,3,3
H4506,C11,4,4
H4506,C12,4,4
H4506,C13,4,4
H4506,C14,4,4
H4506,C15,4,4
H4506,C16,4,4
H4506,C17,4,4
H4506,C18,4,4
H4506,C19,4,4
H4506,C20,3,3
H4506,C21,3,3
H4506,C22,4,4
H4506,C23,4,4
H4506,C24,3,3
H4506,C25,4,4
H4506,C26,3,3
H4506,C27,3,3
H4506,C28,4,4
H4506,C29,3,3
H4506,C30,5,5
H4506,C31,3,3
H4506,C32,4,4
H4506,C33,5,5
H4506,D01,5,5
H4506,D02,4,4
H4506,D03,3,3
H4506,D04,3,3
H4506,D05,4,4
H4506,D06,3,3
H4506,D07,5,5
H4506,D08,4,4
H4506,D09,4,4
H4506,D10,4,4
H4506,D11,5,5
H4506,D12,4,4
H4513,C01,4,4
H4513,C02,5,5
H4513,C03,4,4
H4513,C04,2,2
H4513,C05,5,5
H4513,C06,3,3
H4513,C07,3,3
H4513,C08,4,4
H4513,C09,4,4
H4513,C10,4,4
H4513,C11,4,4
H4513,C12,4,4
H4513,C13,5,5
H4513,C14,4,4
H4513,C15,4,4
H4513,C16,4,4
H4513,C17,5,5
H4513,C18,3,3
H4513,C19,4,4
H4513,C20,4,4
H4513,C21,2,2
H4513,C22,5,5
H4513,C23,5,5
H4513,C24,4,4
H4513,C25,4,4
H4513,C26,5,5
H4513,C27,4,4
H4513,C28,4,4
H4513,C29,4,4
H4513,C30,4,4
H4513,C31,4,4
H4513,C32,4,4
H4513,C33,4,4
H4513,D01,5,5
H4513,D02,4,4
H4513,D03,4,4
H4513,D04,3,3
H4513,D05,5,5
H4513,D06,3,3
H4513,D07,5,5
H4513,D08,3,3
H4513,D09,3,3
H4513,D10,3,3
H4513,D11,4,4
H4513,D12,4,4
H4514,C01,3,3
H4514,C02,4,4
H4514,C03,4,4
H4514,C04,3,3
H4514,C05,4,4
H4514,C06,4,4
H4514,C07,4,4
H4514,C08,5,5
H4514,C09,5,5
H4514,C10,2,2
H4514,C11,5,5
H4514,C12,5,5
H4514,C13,4,4
H4514,C14,4,4
H4514,C15,4,4
H4514,C16,3,3
H4514,C17,3,3
H4514,C18,3,3
H4514,C19,3,3
H4514,C20,2,2
H4514,C21,3,3
H4514,C22,4,4
H4514,C23,4,4
H4514,C24,2,2
H4514,C25,4,4
H4514,C26,4,4
H4514,C27,3,3
H4514,C28,4,4
H4514,C29,3,3
H4514,C30,3,3
H4514,C31,5,5
H4514,C32,5,5
H4514,C33,5,5
H4514,D01,5,5
H4514,D02,4,4
H4514,D03,3,3
H4514,D04,3,3
H4514,D05,4,4
H4514,D06,4,4
H4514,D07,5,5
H4514,D08,3,3
H4514,D09,3,3
H4514,D10,3,3
H4514,D11,4,4
H4514,D12,4,4
H4523,C01,3,3
H4523,C02,4,4
H4523,C03,4,4
H4523,C04,3,3
H4523,C05,4,4
H4523,C06,3,3
H4523,C07,No data available ,
H4523,C08,No data available ,
H4523,C09,No data available ,
H4523,C10,3,3
H4523,C11,4,4
H4523,C12,5,5
H4523,C13,4,4
H4523,C14,3,3
H4523,C15,3,3
H4523,C16,2,2
H4523,C17,5,5
H4523,C18,4,4
H4523,C19,4,4
H4523,C20,3,3
H4523,C21,3,3
H4523,C22,4,4
H4523,C23,4,4
H4523,C24,3,3
H4523,C25,5,5
H4523,C26,4,4
H4523,C27,4,4
H4523,C28,4,4
H4523,C29,3,3
H4523,C30,3,3
H4523,C31,4,4
H4523,C32,5,5
H4523,C33,4,4
H4523,D01,5,5
H4523,D02,4,4
H4523,D03,3,3
H4523,D04,2,2
H4523,D05,4,4
H4523,D06,4,4
H4523,D07,5,5
H4523,D08,3,3
H4523,D09,3,3
H4523,D10,3,3
H4523,D11,5,5
H4523,D12,4,4
H4527,C01,4,4
H4527,C02,4,4
H4527,C03,5,5
H4527,C04,3,3
H4527,C05,2,2
H4527,C06,4,4
H4527,C07,4,4
H4527,C08,5,5
H4527,C09,5,5
H4527,C10,2,2
H4527,C11,5,5
H4527,C12,5,5
H4527,C13,5,5
H4527,C14,5,5
H4527,C15,3,3
H4527,C16,4,4
H4527,C17,4,4
H4527,C18,2,2
H4527,C19,3,3
H4527,C20,2,2
H4527,C21,3,3
H4527,C22,4,4
H4527,C23,5,5
H4527,C24,3,3
H4527,C25,5,5
H4527,C26,5,5
H4527,C27,3,3
H4527,C28,4,4
H4527,C29,3,3
H4527,C30,5,5
H4527,C31,5,5
H4527,C32,4,4
H4527,C33,5,5
H4527,D01,5,5
H4527,D02,4,4
H4527,D03,3,3
H4527,D04,4,4
H4527,D05,5,5
H4527,D06,3,3
H4527,D07,5,5
H4527,D08,3,3
H4527,D09,4,4
H4527,D10,4,4
H4527,D11,4,4
H4527,D12,4,4
H4537,C01,Not enough data available ,
H4537,C02,2,2
H4537,C03,Plan too small to be measured ,
H4537,C04,Plan too new to be measured ,
H4537,C05,Plan too new to be measured ,
H4537,C06,Not enough data available ,
H4537,C07,4,4
H4537,C08,4,4
H4537,C09,4,4
H4537,C10,Not enough data available ,
H4537,C11,1,1
H4537,C12,3,3
H4537,C13,3,3
H4537,C14,2,2
H4537,C15,Not enough data available ,
H4537,C16,Not enough data available ,
H4537,C17,3,3
H4537,C18,No data available ,
H4537,C19,Not enough data available ,
H4537,C20,2,2
H4537,C21,2,2
H4537,C22,Plan too small to be measured ,
H4537,C23,Plan too small to be measured ,
H4537,C24,Plan too small to be measured ,
H4537,C25,Plan too small to be measured ,
H4537,C26,Plan too small to be measured ,
H4537,C27,Plan too small to be measured ,
H4537,C28,Not enough data available ,
H4537,C29,Not enough data available ,
H4537,C30,Not enough data available ,
H4537,C31,Not enough data available ,
H4537,C32,Not enough data available ,
H4537,C33,5,5
H4537,D01,5,5
H4537,D02,Not enough data available ,
H4537,D03,Not enough data available ,
H4537,D04,3,3
H4537,D05,Plan too small to be measured ,
H4537,D06,Plan too small to be measured ,
H4537,D07,5,5
H4537,D08,3,3
H4537,D09,4,4
H4537,D10,2,2
H4537,D11,4,4
H4537,D12,2,2
H4544,C01,3,3
H4544,C02,2,2
H4544,C03,2,2
H4544,C04,Not enough data available ,
H4544,C05,Not enough data available ,
H4544,C06,2,2
H4544,C07,Plan not required to report measure ,
H4544,C08,Plan not required to report measure ,
H4544,C09,Plan not required to report measure ,
H4544,C10,Not enough data available ,
H4544,C11,3,3
H4544,C12,3,3
H4544,C13,2,2
H4544,C14,2,2
H4544,C15,2,2
H4544,C16,2,2
H4544,C17,5,5
H4544,C18,3,3
H4544,C19,3,3
H4544,C20,3,3
H4544,C21,2,2
H4544,C22,4,4
H4544,C23,3,3
H4544,C24,Not enough data available ,
H4544,C25,2,2
H4544,C26,2,2
H4544,C27,Not enough data available ,
H4544,C28,3,3
H4544,C29,2,2
H4544,C30,1,1
H4544,C31,5,5
H4544,C32,5,5
H4544,C33,5,5
H4544,D01,5,5
H4544,D02,3,3
H4544,D03,2,2
H4544,D04,3,3
H4544,D05,1,1
H4544,D06,Not enough data available ,
H4544,D07,5,5
H4544,D08,1,1
H4544,D09,2,2
H4544,D10,2,2
H4544,D11,5,5
H4544,D12,2,2
H4604,C01,3,3
H4604,C02,4,4
H4604,C03,5,5
H4604,C04,4,4
H4604,C05,3,3
H4604,C06,4,4
H4604,C07,4,4
H4604,C08,5,5
H4604,C09,5,5
H4604,C10,4,4
H4604,C11,5,5
H4604,C12,5,5
H4604,C13,4,4
H4604,C14,3,3
H4604,C15,2,2
H4604,C16,4,4
H4604,C17,4,4
H4604,C18,4,4
H4604,C19,4,4
H4604,C20,3,3
H4604,C21,2,2
H4604,C22,4,4
H4604,C23,4,4
H4604,C24,Not enough data available ,
H4604,C25,4,4
H4604,C26,2,2
H4604,C27,4,4
H4604,C28,5,5
H4604,C29,4,4
H4604,C30,4,4
H4604,C31,5,5
H4604,C32,4,4
H4604,C33,5,5
H4604,D01,5,5
H4604,D02,5,5
H4604,D03,4,4
H4604,D04,3,3
H4604,D05,2,2
H4604,D06,3,3
H4604,D07,5,5
H4604,D08,2,2
H4604,D09,3,3
H4604,D10,4,4
H4604,D11,4,4
H4604,D12,3,3
H4605,C01,4,4
H4605,C02,4,4
H4605,C03,5,5
H4605,C04,1,1
H4605,C05,2,2
H4605,C06,4,4
H4605,C07,Plan not required to report measure ,
H4605,C08,Plan not required to report measure ,
H4605,C09,Plan not required to report measure ,
H4605,C10,2,2
H4605,C11,4,4
H4605,C12,3,3
H4605,C13,3,3
H4605,C14,2,2
H4605,C15,2,2
H4605,C16,5,5
H4605,C17,3,3
H4605,C18,4,4
H4605,C19,2,2
H4605,C20,3,3
H4605,C21,3,3
H4605,C22,5,5
H4605,C23,5,5
H4605,C24,4,4
H4605,C25,5,5
H4605,C26,4,4
H4605,C27,3,3
H4605,C28,5,5
H4605,C29,5,5
H4605,C30,3,3
H4605,C31,3,3
H4605,C32,4,4
H4605,C33,5,5
H4605,D01,5,5
H4605,D02,5,5
H4605,D03,5,5
H4605,D04,4,4
H4605,D05,3,3
H4605,D06,4,4
H4605,D07,5,5
H4605,D08,2,2
H4605,D09,3,3
H4605,D10,4,4
H4605,D11,2,2
H4605,D12,2,2
H4610,C01,Plan too new to be measured ,
H4610,C02,Plan too new to be measured ,
H4610,C03,Plan too new to be measured ,
H4610,C04,Plan too new to be measured ,
H4610,C05,Plan too new to be measured ,
H4610,C06,Plan too new to be measured ,
H4610,C07,Plan too new to be measured ,
H4610,C08,Plan too new to be measured ,
H4610,C09,Plan too new to be measured ,
H4610,C10,Plan too new to be measured ,
H4610,C11,Plan too new to be measured ,
H4610,C12,Plan too new to be measured ,
H4610,C13,Plan too new to be measured ,
H4610,C14,Plan too new to be measured ,
H4610,C15,Plan too new to be measured ,
H4610,C16,Plan too new to be measured ,
H4610,C17,Plan too new to be measured ,
H4610,C18,Plan too new to be measured ,
H4610,C19,Plan too new to be measured ,
H4610,C20,Plan too new to be measured ,
H4610,C21,Plan too new to be measured ,
H4610,C22,Plan too new to be measured ,
H4610,C23,Plan too new to be measured ,
H4610,C24,Plan too new to be measured ,
H4610,C25,Plan too new to be measured ,
H4610,C26,Plan too new to be measured ,
H4610,C27,Plan too new to be measured ,
H4610,C28,Plan too new to be measured ,
H4610,C29,Plan too new to be measured ,
H4610,C30,Plan too new to be measured ,
H4610,C31,Not enough data available ,
H4610,C32,Not enough data available ,
H4610,C33,Plan too new to be measured ,
H4610,D01,Plan too new to be measured ,
H4610,D02,Plan too new to be measured ,
H4610,D03,Plan too new to be measured ,
H4610,D04,Plan too new to be measured ,
H4610,D05,Plan too new to be measured ,
H4610,D06,Plan too new to be measured ,
H4610,D07,Plan too new to be measured ,
H4610,D08,Plan too new to be measured ,
H4610,D09,Plan too new to be measured ,
H4610,D10,Plan too new to be measured ,
H4610,D11,Plan too new to be measured ,
H4610,D12,Plan too new to be measured,
H4623,C01,2,2
H4623,C02,4,4
H4623,C03,2,2
H4623,C04,2,2
H4623,C05,4,4
H4623,C06,3,3
H4623,C07,Plan not required to report measure ,
H4623,C08,Plan not required to report measure ,
H4623,C09,Plan not required to report measure ,
H4623,C10,3,3
H4623,C11,4,4
H4623,C12,4,4
H4623,C13,4,4
H4623,C14,3,3
H4623,C15,2,2
H4623,C16,2,2
H4623,C17,5,5
H4623,C18,3,3
H4623,C19,3,3
H4623,C20,5,5
H4623,C21,4,4
H4623,C22,3,3
H4623,C23,3,3
H4623,C24,3,3
H4623,C25,3,3
H4623,C26,2,2
H4623,C27,4,4
H4623,C28,5,5
H4623,C29,3,3
H4623,C30,2,2
H4623,C31,4,4
H4623,C32,4,4
H4623,C33,5,5
H4623,D01,5,5
H4623,D02,5,5
H4623,D03,3,3
H4623,D04,3,3
H4623,D05,2,2
H4623,D06,4,4
H4623,D07,1,1
H4623,D08,3,3
H4623,D09,4,4
H4623,D10,4,4
H4623,D11,3,3
H4623,D12,3,3
H4624,C01,2,2
H4624,C02,2,2
H4624,C03,3,3
H4624,C04,Not enough data available ,
H4624,C05,Not enough data available ,
H4624,C06,4,4
H4624,C07,4,4
H4624,C08,5,5
H4624,C09,3,3
H4624,C10,Not enough data available ,
H4624,C11,2,2
H4624,C12,2,2
H4624,C13,4,4
H4624,C14,3,3
H4624,C15,4,4
H4624,C16,1,1
H4624,C17,5,5
H4624,C18,2,2
H4624,C19,4,4
H4624,C20,2,2
H4624,C21,2,2
H4624,C22,2,2
H4624,C23,2,2
H4624,C24,3,3
H4624,C25,1,1
H4624,C26,3,3
H4624,C27,Not enough data available ,
H4624,C28,1,1
H4624,C29,2,2
H4624,C30,1,1
H4624,C31,3,3
H4624,C32,1,1
H4624,C33,4,4
H4624,D01,3,3
H4624,D02,1,1
H4624,D03,2,2
H4624,D04,2,2
H4624,D05,3,3
H4624,D06,Not enough data available ,
H4624,D07,5,5
H4624,D08,3,3
H4624,D09,2,2
H4624,D10,3,3
H4624,D11,3,3
H4624,D12,4,4
H4647,C01,Plan too new to be measured ,
H4647,C02,Plan too new to be measured ,
H4647,C03,Plan too new to be measured ,
H4647,C04,Plan too new to be measured ,
H4647,C05,Plan too new to be measured ,
H4647,C06,Plan too new to be measured ,
H4647,C07,Plan not required to report measure ,
H4647,C08,Plan not required to report measure ,
H4647,C09,Plan not required to report measure ,
H4647,C10,Plan too new to be measured ,
H4647,C11,Plan too new to be measured ,
H4647,C12,Plan too new to be measured ,
H4647,C13,Plan too new to be measured ,
H4647,C14,Plan too new to be measured ,
H4647,C15,Plan too new to be measured ,
H4647,C16,Plan too new to be measured ,
H4647,C17,Plan too new to be measured ,
H4647,C18,Plan too new to be measured ,
H4647,C19,Plan too new to be measured ,
H4647,C20,Plan too new to be measured ,
H4647,C21,Plan too new to be measured ,
H4647,C22,Plan too new to be measured ,
H4647,C23,Plan too new to be measured ,
H4647,C24,Plan too new to be measured ,
H4647,C25,Plan too new to be measured ,
H4647,C26,Plan too new to be measured ,
H4647,C27,Plan too new to be measured ,
H4647,C28,Plan too new to be measured ,
H4647,C29,Not enough data available ,
H4647,C30,Plan too new to be measured ,
H4647,C31,Not enough data available ,
H4647,C32,Not enough data available ,
H4647,C33,3,3
H4647,D01,2,2
H4647,D02,Plan too new to be measured ,
H4647,D03,Not enough data available ,
H4647,D04,Plan too new to be measured ,
H4647,D05,Plan too new to be measured ,
H4647,D06,Plan too new to be measured ,
H4647,D07,Plan too new to be measured ,
H4647,D08,Plan too new to be measured ,
H4647,D09,Plan too new to be measured ,
H4647,D10,Plan too new to be measured ,
H4647,D11,Plan too new to be measured ,
H4647,D12,Plan too new to be measured,
H4661,C01,Plan too small to be measured ,
H4661,C02,Plan too small to be measured ,
H4661,C03,Plan too small to be measured ,
H4661,C04,Plan too new to be measured ,
H4661,C05,Plan too new to be measured ,
H4661,C06,Plan too new to be measured ,
H4661,C07,5,5
H4661,C08,Not enough data available ,
H4661,C09,Not enough data available ,
H4661,C10,Plan too small to be measured ,
H4661,C11,Plan too small to be measured ,
H4661,C12,Plan too small to be measured ,
H4661,C13,Plan too small to be measured ,
H4661,C14,Plan too small to be measured ,
H4661,C15,Plan too new to be measured ,
H4661,C16,Plan too new to be measured ,
H4661,C17,Plan too small to be measured ,
H4661,C18,Plan too small to be measured ,
H4661,C19,Plan too small to be measured ,
H4661,C20,Plan too small to be measured ,
H4661,C21,Plan too small to be measured ,
H4661,C22,Plan too small to be measured ,
H4661,C23,Plan too small to be measured ,
H4661,C24,Plan too small to be measured ,
H4661,C25,Plan too small to be measured ,
H4661,C26,Plan too small to be measured ,
H4661,C27,Plan too small to be measured ,
H4661,C28,Not enough data available ,
H4661,C29,Not enough data available ,
H4661,C30,Not enough data available ,
H4661,C31,Not enough data available ,
H4661,C32,Not enough data available ,
H4661,C33,5,5
H4661,D01,5,5
H4661,D02,Not enough data available ,
H4661,D03,Not enough data available ,
H4661,D04,Not enough data available ,
H4661,D05,Plan too small to be measured ,
H4661,D06,Plan too small to be measured ,
H4661,D07,5,5
H4661,D08,2,2
H4661,D09,4,4
H4661,D10,4,4
H4661,D11,Not enough data available ,
H4661,D12,Not enough data available,
H4676,C01,2,2
H4676,C02,2,2
H4676,C03,1,1
H4676,C04,Not enough data available ,
H4676,C05,Not enough data available ,
H4676,C06,1,1
H4676,C07,4,4
H4676,C08,1,1
H4676,C09,2,2
H4676,C10,Not enough data available ,
H4676,C11,1,1
H4676,C12,1,1
H4676,C13,2,2
H4676,C14,3,3
H4676,C15,2,2
H4676,C16,Not enough data available ,
H4676,C17,1,1
H4676,C18,5,5
H4676,C19,4,4
H4676,C20,2,2
H4676,C21,1,1
H4676,C22,3,3
H4676,C23,4,4
H4676,C24,4,4
H4676,C25,4,4
H4676,C26,4,4
H4676,C27,Not enough data available ,
H4676,C28,4,4
H4676,C29,2,2
H4676,C30,3,3
H4676,C31,5,5
H4676,C32,2,2
H4676,C33,3,3
H4676,D01,3,3
H4676,D02,4,4
H4676,D03,2,2
H4676,D04,3,3
H4676,D05,5,5
H4676,D06,4,4
H4676,D07,2,2
H4676,D08,1,1
H4676,D09,3,3
H4676,D10,4,4
H4676,D11,3,3
H4676,D12,2,2
H4694,C01,Plan too new to be measured ,
H4694,C02,Plan too new to be measured ,
H4694,C03,Plan too new to be measured ,
H4694,C04,Plan too new to be measured ,
H4694,C05,Plan too new to be measured ,
H4694,C06,Plan too new to be measured ,
H4694,C07,Plan too new to be measured ,
H4694,C08,Plan too new to be measured ,
H4694,C09,Plan too new to be measured ,
H4694,C10,Plan too new to be measured ,
H4694,C11,Plan too new to be measured ,
H4694,C12,Plan too new to be measured ,
H4694,C13,Plan too new to be measured ,
H4694,C14,Plan too new to be measured ,
H4694,C15,Plan too new to be measured ,
H4694,C16,Plan too new to be measured ,
H4694,C17,Plan too new to be measured ,
H4694,C18,Plan too new to be measured ,
H4694,C19,Plan too new to be measured ,
H4694,C20,Plan too new to be measured ,
H4694,C21,Plan too new to be measured ,
H4694,C22,Plan too new to be measured ,
H4694,C23,Plan too new to be measured ,
H4694,C24,Plan too new to be measured ,
H4694,C25,Plan too new to be measured ,
H4694,C26,Plan too new to be measured ,
H4694,C27,Plan too new to be measured ,
H4694,C28,Plan too new to be measured ,
H4694,C29,Not enough data available ,
H4694,C30,Plan too new to be measured ,
H4694,C31,Not enough data available ,
H4694,C32,Not enough data available ,
H4694,C33,5,5
H4694,D01,5,5
H4694,D02,Plan too new to be measured ,
H4694,D03,Not enough data available ,
H4694,D04,Plan too new to be measured ,
H4694,D05,Plan too new to be measured ,
H4694,D06,Plan too new to be measured ,
H4694,D07,Plan too new to be measured ,
H4694,D08,Plan too new to be measured ,
H4694,D09,Plan too new to be measured ,
H4694,D10,Plan too new to be measured ,
H4694,D11,Plan too new to be measured ,
H4694,D12,Plan too new to be measured,
H4704,C01,1,1
H4704,C02,2,2
H4704,C03,2,2
H4704,C04,Plan too new to be measured ,
H4704,C05,Plan too new to be measured ,
H4704,C06,Plan too new to be measured ,
H4704,C07,2,2
H4704,C08,3,3
H4704,C09,3,3
H4704,C10,1,1
H4704,C11,2,2
H4704,C12,2,2
H4704,C13,2,2
H4704,C14,1,1
H4704,C15,Plan too new to be measured ,
H4704,C16,Plan too new to be measured ,
H4704,C17,3,3
H4704,C18,2,2
H4704,C19,2,2
H4704,C20,3,3
H4704,C21,2,2
H4704,C22,1,1
H4704,C23,3,3
H4704,C24,2,2
H4704,C25,2,2
H4704,C26,2,2
H4704,C27,1,1
H4704,C28,3,3
H4704,C29,5,5
H4704,C30,Not enough data available ,
H4704,C31,3,3
H4704,C32,5,5
H4704,C33,5,5
H4704,D01,5,5
H4704,D02,3,3
H4704,D03,5,5
H4704,D04,Not enough data available ,
H4704,D05,2,2
H4704,D06,1,1
H4704,D07,5,5
H4704,D08,2,2
H4704,D09,1,1
H4704,D10,2,2
H4704,D11,4,4
H4704,D12,2,2
H4711,C01,2,2
H4711,C02,3,3
H4711,C03,1,1
H4711,C04,2,2
H4711,C05,4,4
H4711,C06,2,2
H4711,C07,3,3
H4711,C08,5,5
H4711,C09,3,3
H4711,C10,3,3
H4711,C11,3,3
H4711,C12,3,3
H4711,C13,3,3
H4711,C14,4,4
H4711,C15,3,3
H4711,C16,3,3
H4711,C17,5,5
H4711,C18,5,5
H4711,C19,2,2
H4711,C20,2,2
H4711,C21,2,2
H4711,C22,3,3
H4711,C23,Not enough data available ,
H4711,C24,4,4
H4711,C25,3,3
H4711,C26,3,3
H4711,C27,4,4
H4711,C28,3,3
H4711,C29,1,1
H4711,C30,3,3
H4711,C31,3,3
H4711,C32,5,5
H4711,C33,4,4
H4711,D01,5,5
H4711,D02,3,3
H4711,D03,1,1
H4711,D04,2,2
H4711,D05,2,2
H4711,D06,Not enough data available ,
H4711,D07,5,5
H4711,D08,3,3
H4711,D09,2,2
H4711,D10,2,2
H4711,D11,4,4
H4711,D12,3,3
H4733,C01,4,4
H4733,C02,3,3
H4733,C03,5,5
H4733,C04,Plan too new to be measured ,
H4733,C05,Plan too new to be measured ,
H4733,C06,5,5
H4733,C07,3,3
H4733,C08,3,3
H4733,C09,2,2
H4733,C10,Not enough data available ,
H4733,C11,4,4
H4733,C12,3,3
H4733,C13,4,4
H4733,C14,1,1
H4733,C15,5,5
H4733,C16,3,3
H4733,C17,1,1
H4733,C18,2,2
H4733,C19,2,2
H4733,C20,1,1
H4733,C21,2,2
H4733,C22,2,2
H4733,C23,3,3
H4733,C24,3,3
H4733,C25,4,4
H4733,C26,5,5
H4733,C27,2,2
H4733,C28,4,4
H4733,C29,5,5
H4733,C30,5,5
H4733,C31,5,5
H4733,C32,5,5
H4733,C33,3,3
H4733,D01,4,4
H4733,D02,4,4
H4733,D03,5,5
H4733,D04,4,4
H4733,D05,5,5
H4733,D06,1,1
H4733,D07,4,4
H4733,D08,3,3
H4733,D09,3,3
H4733,D10,2,2
H4733,D11,3,3
H4733,D12,4,4
H4739,C01,Plan too small to be measured ,
H4739,C02,Plan too small to be measured ,
H4739,C03,Plan too small to be measured ,
H4739,C04,Plan too new to be measured ,
H4739,C05,Plan too new to be measured ,
H4739,C06,Plan too small to be measured ,
H4739,C07,3,3
H4739,C08,5,5
H4739,C09,3,3
H4739,C10,Plan too small to be measured ,
H4739,C11,Plan too small to be measured ,
H4739,C12,Plan too small to be measured ,
H4739,C13,Plan too small to be measured ,
H4739,C14,Plan too small to be measured ,
H4739,C15,Plan too small to be measured ,
H4739,C16,Plan too small to be measured ,
H4739,C17,Plan too small to be measured ,
H4739,C18,Plan too small to be measured ,
H4739,C19,Plan too small to be measured ,
H4739,C20,Plan too small to be measured ,
H4739,C21,Plan too small to be measured ,
H4739,C22,Plan too small to be measured ,
H4739,C23,Plan too small to be measured ,
H4739,C24,Plan too small to be measured ,
H4739,C25,Plan too small to be measured ,
H4739,C26,Plan too small to be measured ,
H4739,C27,Plan too small to be measured ,
H4739,C28,Not enough data available ,
H4739,C29,Not enough data available ,
H4739,C30,Not enough data available ,
H4739,C31,Not enough data available ,
H4739,C32,Not enough data available ,
H4739,C33,4,4
H4739,D01,4,4
H4739,D02,Not enough data available ,
H4739,D03,Not enough data available ,
H4739,D04,Not enough data available ,
H4739,D05,Plan too small to be measured ,
H4739,D06,Plan too small to be measured ,
H4739,D07,5,5
H4739,D08,4,4
H4739,D09,2,2
H4739,D10,2,2
H4739,D11,4,4
H4739,D12,Not enough data available,
H4754,C01,3,3
H4754,C02,4,4
H4754,C03,1,1
H4754,C04,5,5
H4754,C05,2,2
H4754,C06,3,3
H4754,C07,Plan not required to report measure ,
H4754,C08,Plan not required to report measure ,
H4754,C09,Plan not required to report measure ,
H4754,C10,1,1
H4754,C11,3,3
H4754,C12,3,3
H4754,C13,3,3
H4754,C14,3,3
H4754,C15,1,1
H4754,C16,2,2
H4754,C17,3,3
H4754,C18,3,3
H4754,C19,2,2
H4754,C20,3,3
H4754,C21,2,2
H4754,C22,4,4
H4754,C23,3,3
H4754,C24,4,4
H4754,C25,3,3
H4754,C26,4,4
H4754,C27,3,3
H4754,C28,5,5
H4754,C29,5,5
H4754,C30,4,4
H4754,C31,5,5
H4754,C32,5,5
H4754,C33,3,3
H4754,D01,3,3
H4754,D02,5,5
H4754,D03,5,5
H4754,D04,3,3
H4754,D05,1,1
H4754,D06,3,3
H4754,D07,4,4
H4754,D08,4,4
H4754,D09,3,3
H4754,D10,3,3
H4754,D11,2,2
H4754,D12,1,1
H4808,C01,Not enough data available ,
H4808,C02,4,4
H4808,C03,2,2
H4808,C04,Plan too new to be measured ,
H4808,C05,Plan too new to be measured ,
H4808,C06,3,3
H4808,C07,Plan not required to report measure ,
H4808,C08,Plan not required to report measure ,
H4808,C09,Plan not required to report measure ,
H4808,C10,Not enough data available ,
H4808,C11,3,3
H4808,C12,4,4
H4808,C13,4,4
H4808,C14,5,5
H4808,C15,2,2
H4808,C16,3,3
H4808,C17,5,5
H4808,C18,No data available ,
H4808,C19,Not enough data available ,
H4808,C20,4,4
H4808,C21,5,5
H4808,C22,2,2
H4808,C23,2,2
H4808,C24,5,5
H4808,C25,2,2
H4808,C26,4,4
H4808,C27,3,3
H4808,C28,3,3
H4808,C29,2,2
H4808,C30,Not enough data available ,
H4808,C31,5,5
H4808,C32,5,5
H4808,C33,4,4
H4808,D01,5,5
H4808,D02,3,3
H4808,D03,2,2
H4808,D04,4,4
H4808,D05,1,1
H4808,D06,3,3
H4808,D07,5,5
H4808,D08,4,4
H4808,D09,5,5
H4808,D10,5,5
H4808,D11,5,5
H4808,D12,4,4
H4835,C01,2,2
H4835,C02,3,3
H4835,C03,1,1
H4835,C04,Not enough data available ,
H4835,C05,Not enough data available ,
H4835,C06,2,2
H4835,C07,Plan not required to report measure ,
H4835,C08,Plan not required to report measure ,
H4835,C09,Plan not required to report measure ,
H4835,C10,Not enough data available ,
H4835,C11,3,3
H4835,C12,4,4
H4835,C13,4,4
H4835,C14,4,4
H4835,C15,1,1
H4835,C16,2,2
H4835,C17,5,5
H4835,C18,4,4
H4835,C19,2,2
H4835,C20,3,3
H4835,C21,2,2
H4835,C22,3,3
H4835,C23,4,4
H4835,C24,3,3
H4835,C25,2,2
H4835,C26,1,1
H4835,C27,Not enough data available ,
H4835,C28,4,4
H4835,C29,3,3
H4835,C30,3,3
H4835,C31,3,3
H4835,C32,5,5
H4835,C33,4,4
H4835,D01,5,5
H4835,D02,4,4
H4835,D03,3,3
H4835,D04,3,3
H4835,D05,3,3
H4835,D06,Not enough data available ,
H4835,D07,4,4
H4835,D08,2,2
H4835,D09,3,3
H4835,D10,3,3
H4835,D11,3,3
H4835,D12,3,3
H4847,C01,3,3
H4847,C02,3,3
H4847,C03,2,2
H4847,C04,Not enough data available ,
H4847,C05,Not enough data available ,
H4847,C06,3,3
H4847,C07,Plan not required to report measure ,
H4847,C08,Plan not required to report measure ,
H4847,C09,Plan not required to report measure ,
H4847,C10,Not enough data available ,
H4847,C11,2,2
H4847,C12,3,3
H4847,C13,3,3
H4847,C14,3,3
H4847,C15,4,4
H4847,C16,Not enough data available ,
H4847,C17,4,4
H4847,C18,4,4
H4847,C19,3,3
H4847,C20,3,3
H4847,C21,3,3
H4847,C22,5,5
H4847,C23,4,4
H4847,C24,4,4
H4847,C25,4,4
H4847,C26,4,4
H4847,C27,5,5
H4847,C28,5,5
H4847,C29,2,2
H4847,C30,5,5
H4847,C31,Not enough data available ,
H4847,C32,Not enough data available ,
H4847,C33,5,5
H4847,D01,5,5
H4847,D02,5,5
H4847,D03,2,2
H4847,D04,5,5
H4847,D05,4,4
H4847,D06,4,4
H4847,D07,5,5
H4847,D08,3,3
H4847,D09,3,3
H4847,D10,3,3
H4847,D11,5,5
H4847,D12,3,3
H4868,C01,3,3
H4868,C02,3,3
H4868,C03,4,4
H4868,C04,Not enough data available ,
H4868,C05,Not enough data available ,
H4868,C06,5,5
H4868,C07,3,3
H4868,C08,4,4
H4868,C09,3,3
H4868,C10,2,2
H4868,C11,2,2
H4868,C12,3,3
H4868,C13,4,4
H4868,C14,2,2
H4868,C15,5,5
H4868,C16,Not enough data available ,
H4868,C17,3,3
H4868,C18,3,3
H4868,C19,3,3
H4868,C20,3,3
H4868,C21,2,2
H4868,C22,2,2
H4868,C23,2,2
H4868,C24,3,3
H4868,C25,1,1
H4868,C26,1,1
H4868,C27,Not enough data available ,
H4868,C28,4,4
H4868,C29,1,1
H4868,C30,3,3
H4868,C31,5,5
H4868,C32,4,4
H4868,C33,5,5
H4868,D01,5,5
H4868,D02,4,4
H4868,D03,1,1
H4868,D04,4,4
H4868,D05,1,1
H4868,D06,Not enough data available ,
H4868,D07,5,5
H4868,D08,3,3
H4868,D09,3,3
H4868,D10,2,2
H4868,D11,4,4
H4868,D12,4,4
H4869,C01,Not enough data available ,
H4869,C02,1,1
H4869,C03,3,3
H4869,C04,Plan too new to be measured ,
H4869,C05,Plan too new to be measured ,
H4869,C06,5,5
H4869,C07,4,4
H4869,C08,3,3
H4869,C09,3,3
H4869,C10,Not enough data available ,
H4869,C11,1,1
H4869,C12,1,1
H4869,C13,5,5
H4869,C14,3,3
H4869,C15,Not enough data available ,
H4869,C16,Not enough data available ,
H4869,C17,1,1
H4869,C18,No data available ,
H4869,C19,Not enough data available ,
H4869,C20,1,1
H4869,C21,3,3
H4869,C22,3,3
H4869,C23,2,2
H4869,C24,2,2
H4869,C25,3,3
H4869,C26,4,4
H4869,C27,Not enough data available ,
H4869,C28,Not enough data available ,
H4869,C29,4,4
H4869,C30,Not enough data available ,
H4869,C31,5,5
H4869,C32,2,2
H4869,C33,3,3
H4869,D01,3,3
H4869,D02,Not enough data available ,
H4869,D03,4,4
H4869,D04,Not enough data available ,
H4869,D05,4,4
H4869,D06,3,3
H4869,D07,4,4
H4869,D08,4,4
H4869,D09,2,2
H4869,D10,2,2
H4869,D11,4,4
H4869,D12,4,4
H4875,C01,4,4
H4875,C02,4,4
H4875,C03,4,4
H4875,C04,4,4
H4875,C05,4,4
H4875,C06,4,4
H4875,C07,Plan not required to report measure ,
H4875,C08,Plan not required to report measure ,
H4875,C09,Plan not required to report measure ,
H4875,C10,2,2
H4875,C11,4,4
H4875,C12,4,4
H4875,C13,4,4
H4875,C14,4,4
H4875,C15,2,2
H4875,C16,4,4
H4875,C17,4,4
H4875,C18,3,3
H4875,C19,2,2
H4875,C20,4,4
H4875,C21,3,3
H4875,C22,5,5
H4875,C23,4,4
H4875,C24,4,4
H4875,C25,5,5
H4875,C26,4,4
H4875,C27,4,4
H4875,C28,5,5
H4875,C29,5,5
H4875,C30,4,4
H4875,C31,5,5
H4875,C32,2,2
H4875,C33,5,5
H4875,D01,5,5
H4875,D02,5,5
H4875,D03,5,5
H4875,D04,3,3
H4875,D05,3,3
H4875,D06,4,4
H4875,D07,5,5
H4875,D08,3,3
H4875,D09,4,4
H4875,D10,3,3
H4875,D11,4,4
H4875,D12,3,3
H4882,C01,5,5
H4882,C02,4,4
H4882,C03,5,5
H4882,C04,5,5
H4882,C05,4,4
H4882,C06,4,4
H4882,C07,Plan not required to report measure ,
H4882,C08,Plan not required to report measure ,
H4882,C09,Plan not required to report measure ,
H4882,C10,2,2
H4882,C11,4,4
H4882,C12,5,5
H4882,C13,4,4
H4882,C14,4,4
H4882,C15,1,1
H4882,C16,3,3
H4882,C17,4,4
H4882,C18,2,2
H4882,C19,4,4
H4882,C20,4,4
H4882,C21,3,3
H4882,C22,4,4
H4882,C23,4,4
H4882,C24,5,5
H4882,C25,5,5
H4882,C26,5,5
H4882,C27,5,5
H4882,C28,5,5
H4882,C29,5,5
H4882,C30,4,4
H4882,C31,5,5
H4882,C32,2,2
H4882,C33,4,4
H4882,D01,5,5
H4882,D02,5,5
H4882,D03,5,5
H4882,D04,4,4
H4882,D05,4,4
H4882,D06,4,4
H4882,D07,4,4
H4882,D08,4,4
H4882,D09,4,4
H4882,D10,4,4
H4882,D11,3,3
H4882,D12,3,3
H4909,C01,2,2
H4909,C02,3,3
H4909,C03,3,3
H4909,C04,2,2
H4909,C05,1,1
H4909,C06,3,3
H4909,C07,Plan not required to report measure ,
H4909,C08,Plan not required to report measure ,
H4909,C09,Plan not required to report measure ,
H4909,C10,2,2
H4909,C11,3,3
H4909,C12,3,3
H4909,C13,3,3
H4909,C14,3,3
H4909,C15,2,2
H4909,C16,3,3
H4909,C17,4,4
H4909,C18,4,4
H4909,C19,1,1
H4909,C20,4,4
H4909,C21,2,2
H4909,C22,3,3
H4909,C23,Not enough data available ,
H4909,C24,Not enough data available ,
H4909,C25,3,3
H4909,C26,2,2
H4909,C27,4,4
H4909,C28,4,4
H4909,C29,3,3
H4909,C30,3,3
H4909,C31,3,3
H4909,C32,5,5
H4909,C33,5,5
H4909,D01,5,5
H4909,D02,4,4
H4909,D03,3,3
H4909,D04,5,5
H4909,D05,3,3
H4909,D06,3,3
H4909,D07,5,5
H4909,D08,3,3
H4909,D09,3,3
H4909,D10,3,3
H4909,D11,4,4
H4909,D12,2,2
H4931,C01,3,3
H4931,C02,3,3
H4931,C03,4,4
H4931,C04,Not enough data available ,
H4931,C05,Not enough data available ,
H4931,C06,3,3
H4931,C07,4,4
H4931,C08,3,3
H4931,C09,3,3
H4931,C10,1,1
H4931,C11,3,3
H4931,C12,3,3
H4931,C13,4,4
H4931,C14,3,3
H4931,C15,4,4
H4931,C16,3,3
H4931,C17,2,2
H4931,C18,1,1
H4931,C19,2,2
H4931,C20,2,2
H4931,C21,4,4
H4931,C22,4,4
H4931,C23,3,3
H4931,C24,4,4
H4931,C25,5,5
H4931,C26,5,5
H4931,C27,3,3
H4931,C28,4,4
H4931,C29,4,4
H4931,C30,4,4
H4931,C31,4,4
H4931,C32,2,2
H4931,C33,4,4
H4931,D01,4,4
H4931,D02,4,4
H4931,D03,4,4
H4931,D04,4,4
H4931,D05,5,5
H4931,D06,4,4
H4931,D07,4,4
H4931,D08,4,4
H4931,D09,3,3
H4931,D10,3,3
H4931,D11,3,3
H4931,D12,4,4
H4937,C01,4,4
H4937,C02,4,4
H4937,C03,4,4
H4937,C04,1,1
H4937,C05,4,4
H4937,C06,3,3
H4937,C07,Plan not required to report measure ,
H4937,C08,Plan not required to report measure ,
H4937,C09,Plan not required to report measure ,
H4937,C10,1,1
H4937,C11,2,2
H4937,C12,3,3
H4937,C13,3,3
H4937,C14,3,3
H4937,C15,2,2
H4937,C16,2,2
H4937,C17,3,3
H4937,C18,2,2
H4937,C19,3,3
H4937,C20,3,3
H4937,C21,2,2
H4937,C22,2,2
H4937,C23,3,3
H4937,C24,3,3
H4937,C25,3,3
H4937,C26,2,2
H4937,C27,3,3
H4937,C28,4,4
H4937,C29,5,5
H4937,C30,5,5
H4937,C31,3,3
H4937,C32,4,4
H4937,C33,4,4
H4937,D01,5,5
H4937,D02,4,4
H4937,D03,5,5
H4937,D04,3,3
H4937,D05,3,3
H4937,D06,Not enough data available ,
H4937,D07,5,5
H4937,D08,5,5
H4937,D09,4,4
H4937,D10,4,4
H4937,D11,4,4
H4937,D12,3,3
H4939,C01,Plan too new to be measured ,
H4939,C02,Plan too new to be measured ,
H4939,C03,Plan too new to be measured ,
H4939,C04,Plan too new to be measured ,
H4939,C05,Plan too new to be measured ,
H4939,C06,Plan too new to be measured ,
H4939,C07,Plan too new to be measured ,
H4939,C08,Plan too new to be measured ,
H4939,C09,Plan too new to be measured ,
H4939,C10,Plan too new to be measured ,
H4939,C11,Plan too new to be measured ,
H4939,C12,Plan too new to be measured ,
H4939,C13,Plan too new to be measured ,
H4939,C14,Plan too new to be measured ,
H4939,C15,Plan too new to be measured ,
H4939,C16,Plan too new to be measured ,
H4939,C17,Plan too new to be measured ,
H4939,C18,Plan too new to be measured ,
H4939,C19,Plan too new to be measured ,
H4939,C20,Plan too new to be measured ,
H4939,C21,Plan too new to be measured ,
H4939,C22,Plan too new to be measured ,
H4939,C23,Plan too new to be measured ,
H4939,C24,Plan too new to be measured ,
H4939,C25,Plan too new to be measured ,
H4939,C26,Plan too new to be measured ,
H4939,C27,Plan too new to be measured ,
H4939,C28,Plan too new to be measured ,
H4939,C29,Plan too new to be measured ,
H4939,C30,Plan too new to be measured ,
H4939,C31,Not enough data available ,
H4939,C32,Not enough data available ,
H4939,C33,Plan too new to be measured ,
H4939,D01,Plan too new to be measured ,
H4939,D02,Plan too new to be measured ,
H4939,D03,Plan too new to be measured ,
H4939,D04,Plan too new to be measured ,
H4939,D05,Plan too new to be measured ,
H4939,D06,Plan too new to be measured ,
H4939,D07,Plan too new to be measured ,
H4939,D08,Plan too new to be measured ,
H4939,D09,Plan too new to be measured ,
H4939,D10,Plan too new to be measured ,
H4939,D11,Plan too new to be measured ,
H4939,D12,Plan too new to be measured,
H4961,C01,5,5
H4961,C02,5,5
H4961,C03,5,5
H4961,C04,4,4
H4961,C05,3,3
H4961,C06,4,4
H4961,C07,Plan not required to report measure ,
H4961,C08,Plan not required to report measure ,
H4961,C09,Plan not required to report measure ,
H4961,C10,Not enough data available ,
H4961,C11,4,4
H4961,C12,3,3
H4961,C13,4,4
H4961,C14,5,5
H4961,C15,1,1
H4961,C16,4,4
H4961,C17,4,4
H4961,C18,4,4
H4961,C19,4,4
H4961,C20,3,3
H4961,C21,4,4
H4961,C22,3,3
H4961,C23,2,2
H4961,C24,4,4
H4961,C25,4,4
H4961,C26,4,4
H4961,C27,3,3
H4961,C28,4,4
H4961,C29,5,5
H4961,C30,3,3
H4961,C31,5,5
H4961,C32,2,2
H4961,C33,5,5
H4961,D01,5,5
H4961,D02,4,4
H4961,D03,5,5
H4961,D04,3,3
H4961,D05,4,4
H4961,D06,3,3
H4961,D07,5,5
H4961,D08,4,4
H4961,D09,5,5
H4961,D10,5,5
H4961,D11,4,4
H4961,D12,4,4
H4982,C01,3,3
H4982,C02,3,3
H4982,C03,3,3
H4982,C04,2,2
H4982,C05,4,4
H4982,C06,3,3
H4982,C07,Plan not required to report measure ,
H4982,C08,Plan not required to report measure ,
H4982,C09,Plan not required to report measure ,
H4982,C10,5,5
H4982,C11,4,4
H4982,C12,4,4
H4982,C13,4,4
H4982,C14,4,4
H4982,C15,3,3
H4982,C16,2,2
H4982,C17,4,4
H4982,C18,3,3
H4982,C19,4,4
H4982,C20,2,2
H4982,C21,2,2
H4982,C22,1,1
H4982,C23,1,1
H4982,C24,1,1
H4982,C25,1,1
H4982,C26,1,1
H4982,C27,Not enough data available ,
H4982,C28,3,3
H4982,C29,2,2
H4982,C30,3,3
H4982,C31,3,3
H4982,C32,4,4
H4982,C33,4,4
H4982,D01,5,5
H4982,D02,3,3
H4982,D03,2,2
H4982,D04,2,2
H4982,D05,1,1
H4982,D06,1,1
H4982,D07,5,5
H4982,D08,3,3
H4982,D09,3,3
H4982,D10,3,3
H4982,D11,4,4
H4982,D12,4,4
H5008,C01,2,2
H5008,C02,3,3
H5008,C03,2,2
H5008,C04,2,2
H5008,C05,3,3
H5008,C06,3,3
H5008,C07,4,4
H5008,C08,4,4
H5008,C09,4,4
H5008,C10,2,2
H5008,C11,4,4
H5008,C12,3,3
H5008,C13,3,3
H5008,C14,3,3
H5008,C15,4,4
H5008,C16,2,2
H5008,C17,3,3
H5008,C18,2,2
H5008,C19,3,3
H5008,C20,3,3
H5008,C21,2,2
H5008,C22,Not enough data available ,
H5008,C23,Not enough data available ,
H5008,C24,Not enough data available ,
H5008,C25,3,3
H5008,C26,4,4
H5008,C27,Not enough data available ,
H5008,C28,4,4
H5008,C29,3,3
H5008,C30,3,3
H5008,C31,5,5
H5008,C32,4,4
H5008,C33,5,5
H5008,D01,5,5
H5008,D02,4,4
H5008,D03,3,3
H5008,D04,5,5
H5008,D05,5,5
H5008,D06,Not enough data available ,
H5008,D07,5,5
H5008,D08,3,3
H5008,D09,2,2
H5008,D10,2,2
H5008,D11,3,3
H5008,D12,3,3
H5009,C01,3,3
H5009,C02,4,4
H5009,C03,4,4
H5009,C04,4,4
H5009,C05,4,4
H5009,C06,4,4
H5009,C07,Plan not required to report measure ,
H5009,C08,Plan not required to report measure ,
H5009,C09,Plan not required to report measure ,
H5009,C10,1,1
H5009,C11,3,3
H5009,C12,3,3
H5009,C13,3,3
H5009,C14,2,2
H5009,C15,1,1
H5009,C16,2,2
H5009,C17,3,3
H5009,C18,4,4
H5009,C19,3,3
H5009,C20,3,3
H5009,C21,3,3
H5009,C22,2,2
H5009,C23,2,2
H5009,C24,4,4
H5009,C25,3,3
H5009,C26,2,2
H5009,C27,1,1
H5009,C28,5,5
H5009,C29,5,5
H5009,C30,4,4
H5009,C31,3,3
H5009,C32,3,3
H5009,C33,5,5
H5009,D01,5,5
H5009,D02,5,5
H5009,D03,5,5
H5009,D04,3,3
H5009,D05,1,1
H5009,D06,3,3
H5009,D07,5,5
H5009,D08,3,3
H5009,D09,3,3
H5009,D10,4,4
H5009,D11,2,2
H5009,D12,2,2
H5015,C01,2,2
H5015,C02,5,5
H5015,C03,Plan too small to be measured ,
H5015,C04,Not enough data available ,
H5015,C05,Not enough data available ,
H5015,C06,No data available ,
H5015,C07,5,5
H5015,C08,5,5
H5015,C09,5,5
H5015,C10,Not enough data available ,
H5015,C11,5,5
H5015,C12,3,3
H5015,C13,5,5
H5015,C14,Not enough data available ,
H5015,C15,No data available ,
H5015,C16,No data available ,
H5015,C17,Not enough data available ,
H5015,C18,4,4
H5015,C19,Not enough data available ,
H5015,C20,Not enough data available ,
H5015,C21,5,5
H5015,C22,Plan too small to be measured ,
H5015,C23,Plan too small to be measured ,
H5015,C24,Plan too small to be measured ,
H5015,C25,Plan too small to be measured ,
H5015,C26,Plan too small to be measured ,
H5015,C27,Plan too small to be measured ,
H5015,C28,5,5
H5015,C29,5,5
H5015,C30,5,5
H5015,C31,Not enough data available ,
H5015,C32,Not enough data available ,
H5015,C33,3,3
H5015,D01,3,3
H5015,D02,5,5
H5015,D03,5,5
H5015,D04,5,5
H5015,D05,Plan too small to be measured ,
H5015,D06,Plan too small to be measured ,
H5015,D07,5,5
H5015,D08,5,5
H5015,D09,5,5
H5015,D10,5,5
H5015,D11,5,5
H5015,D12,4,4
H5042,C01,5,5
H5042,C02,5,5
H5042,C03,5,5
H5042,C04,3,3
H5042,C05,4,4
H5042,C06,3,3
H5042,C07,Plan not required to report measure ,
H5042,C08,Plan not required to report measure ,
H5042,C09,Plan not required to report measure ,
H5042,C10,3,3
H5042,C11,3,3
H5042,C12,5,5
H5042,C13,4,4
H5042,C14,4,4
H5042,C15,3,3
H5042,C16,4,4
H5042,C17,4,4
H5042,C18,4,4
H5042,C19,4,4
H5042,C20,5,5
H5042,C21,3,3
H5042,C22,3,3
H5042,C23,4,4
H5042,C24,5,5
H5042,C25,4,4
H5042,C26,5,5
H5042,C27,3,3
H5042,C28,5,5
H5042,C29,5,5
H5042,C30,2,2
H5042,C31,5,5
H5042,C32,3,3
H5042,C33,4,4
H5042,D01,4,4
H5042,D02,5,5
H5042,D03,5,5
H5042,D04,4,4
H5042,D05,4,4
H5042,D06,4,4
H5042,D07,4,4
H5042,D08,3,3
H5042,D09,4,4
H5042,D10,3,3
H5042,D11,4,4
H5042,D12,2,2
H5050,C01,4,4
H5050,C02,5,5
H5050,C03,5,5
H5050,C04,3,3
H5050,C05,4,4
H5050,C06,3,3
H5050,C07,Plan not required to report measure ,
H5050,C08,Plan not required to report measure ,
H5050,C09,Plan not required to report measure ,
H5050,C10,5,5
H5050,C11,4,4
H5050,C12,4,4
H5050,C13,5,5
H5050,C14,4,4
H5050,C15,1,1
H5050,C16,3,3
H5050,C17,5,5
H5050,C18,3,3
H5050,C19,4,4
H5050,C20,5,5
H5050,C21,4,4
H5050,C22,1,1
H5050,C23,1,1
H5050,C24,4,4
H5050,C25,2,2
H5050,C26,4,4
H5050,C27,3,3
H5050,C28,5,5
H5050,C29,5,5
H5050,C30,2,2
H5050,C31,3,3
H5050,C32,4,4
H5050,C33,4,4
H5050,D01,4,4
H5050,D02,5,5
H5050,D03,5,5
H5050,D04,3,3
H5050,D05,5,5
H5050,D06,5,5
H5050,D07,5,5
H5050,D08,5,5
H5050,D09,5,5
H5050,D10,5,5
H5050,D11,4,4
H5050,D12,4,4
H5087,C01,2,2
H5087,C02,3,3
H5087,C03,3,3
H5087,C04,Not enough data available ,
H5087,C05,Not enough data available ,
H5087,C06,3,3
H5087,C07,Plan not required to report measure ,
H5087,C08,Plan not required to report measure ,
H5087,C09,Plan not required to report measure ,
H5087,C10,4,4
H5087,C11,4,4
H5087,C12,4,4
H5087,C13,4,4
H5087,C14,3,3
H5087,C15,Not enough data available ,
H5087,C16,Not enough data available ,
H5087,C17,3,3
H5087,C18,4,4
H5087,C19,2,2
H5087,C20,1,1
H5087,C21,1,1
H5087,C22,3,3
H5087,C23,1,1
H5087,C24,2,2
H5087,C25,2,2
H5087,C26,3,3
H5087,C27,Not enough data available ,
H5087,C28,3,3
H5087,C29,3,3
H5087,C30,4,4
H5087,C31,2,2
H5087,C32,5,5
H5087,C33,5,5
H5087,D01,5,5
H5087,D02,3,3
H5087,D03,3,3
H5087,D04,4,4
H5087,D05,3,3
H5087,D06,Not enough data available ,
H5087,D07,5,5
H5087,D08,3,3
H5087,D09,3,3
H5087,D10,2,2
H5087,D11,5,5
H5087,D12,4,4
H5106,C01,4,4
H5106,C02,4,4
H5106,C03,2,2
H5106,C04,4,4
H5106,C05,2,2
H5106,C06,2,2
H5106,C07,Plan not required to report measure ,
H5106,C08,Plan not required to report measure ,
H5106,C09,Plan not required to report measure ,
H5106,C10,3,3
H5106,C11,3,3
H5106,C12,4,4
H5106,C13,3,3
H5106,C14,2,2
H5106,C15,1,1
H5106,C16,4,4
H5106,C17,4,4
H5106,C18,3,3
H5106,C19,4,4
H5106,C20,3,3
H5106,C21,3,3
H5106,C22,4,4
H5106,C23,4,4
H5106,C24,5,5
H5106,C25,4,4
H5106,C26,4,4
H5106,C27,5,5
H5106,C28,5,5
H5106,C29,4,4
H5106,C30,2,2
H5106,C31,4,4
H5106,C32,5,5
H5106,C33,3,3
H5106,D01,4,4
H5106,D02,5,5
H5106,D03,4,4
H5106,D04,3,3
H5106,D05,2,2
H5106,D06,4,4
H5106,D07,5,5
H5106,D08,2,2
H5106,D09,4,4
H5106,D10,4,4
H5106,D11,3,3
H5106,D12,4,4
H5117,C01,Plan too small to be measured ,
H5117,C02,Plan too small to be measured ,
H5117,C03,Plan too small to be measured ,
H5117,C04,Not enough data available ,
H5117,C05,Not enough data available ,
H5117,C06,Plan too small to be measured ,
H5117,C07,Plan not required to report measure ,
H5117,C08,Plan not required to report measure ,
H5117,C09,Plan not required to report measure ,
H5117,C10,Plan too small to be measured ,
H5117,C11,Plan too small to be measured ,
H5117,C12,Plan too small to be measured ,
H5117,C13,Plan too small to be measured ,
H5117,C14,Plan too small to be measured ,
H5117,C15,Plan too small to be measured ,
H5117,C16,Plan too small to be measured ,
H5117,C17,Plan too small to be measured ,
H5117,C18,Plan too small to be measured ,
H5117,C19,Plan too small to be measured ,
H5117,C20,Plan too small to be measured ,
H5117,C21,Plan too small to be measured ,
H5117,C22,Plan too small to be measured ,
H5117,C23,Plan too small to be measured ,
H5117,C24,Plan too small to be measured ,
H5117,C25,Plan too small to be measured ,
H5117,C26,Plan too small to be measured ,
H5117,C27,Plan too small to be measured ,
H5117,C28,No data available ,
H5117,C29,Not enough data available ,
H5117,C30,Not enough data available ,
H5117,C31,Not enough data available ,
H5117,C32,Not enough data available ,
H5117,C33,Not enough data available ,
H5117,D01,Not enough data available ,
H5117,D02,No data available ,
H5117,D03,Not enough data available ,
H5117,D04,Not enough data available ,
H5117,D05,Plan too small to be measured ,
H5117,D06,Plan too small to be measured ,
H5117,D07,Not enough data available ,
H5117,D08,Not enough data available ,
H5117,D09,Not enough data available ,
H5117,D10,Not enough data available ,
H5117,D11,Not required to report ,
H5117,D12,Not enough data available,
H5119,C01,Plan too new to be measured ,
H5119,C02,Plan too new to be measured ,
H5119,C03,Plan too new to be measured ,
H5119,C04,Plan too new to be measured ,
H5119,C05,Plan too new to be measured ,
H5119,C06,Plan too new to be measured ,
H5119,C07,Plan too new to be measured ,
H5119,C08,Plan too new to be measured ,
H5119,C09,Plan too new to be measured ,
H5119,C10,Plan too new to be measured ,
H5119,C11,Plan too new to be measured ,
H5119,C12,Plan too new to be measured ,
H5119,C13,Plan too new to be measured ,
H5119,C14,Plan too new to be measured ,
H5119,C15,Plan too new to be measured ,
H5119,C16,Plan too new to be measured ,
H5119,C17,Plan too new to be measured ,
H5119,C18,Plan too new to be measured ,
H5119,C19,Plan too new to be measured ,
H5119,C20,Plan too new to be measured ,
H5119,C21,Plan too new to be measured ,
H5119,C22,Plan too new to be measured ,
H5119,C23,Plan too new to be measured ,
H5119,C24,Plan too new to be measured ,
H5119,C25,Plan too new to be measured ,
H5119,C26,Plan too new to be measured ,
H5119,C27,Plan too new to be measured ,
H5119,C28,Plan too new to be measured ,
H5119,C29,Plan too new to be measured ,
H5119,C30,Plan too new to be measured ,
H5119,C31,Not enough data available ,
H5119,C32,Not enough data available ,
H5119,C33,Plan too new to be measured ,
H5119,D01,Plan too new to be measured ,
H5119,D02,Plan too new to be measured ,
H5119,D03,Plan too new to be measured ,
H5119,D04,Plan too new to be measured ,
H5119,D05,Plan too new to be measured ,
H5119,D06,Plan too new to be measured ,
H5119,D07,Plan too new to be measured ,
H5119,D08,Plan too new to be measured ,
H5119,D09,Plan too new to be measured ,
H5119,D10,Plan too new to be measured ,
H5119,D11,Plan too new to be measured ,
H5119,D12,Plan too new to be measured,
H5141,C01,5,5
H5141,C02,5,5
H5141,C03,3,3
H5141,C04,3,3
H5141,C05,3,3
H5141,C06,4,4
H5141,C07,Plan not required to report measure ,
H5141,C08,Plan not required to report measure ,
H5141,C09,Plan not required to report measure ,
H5141,C10,5,5
H5141,C11,5,5
H5141,C12,5,5
H5141,C13,4,4
H5141,C14,5,5
H5141,C15,3,3
H5141,C16,2,2
H5141,C17,5,5
H5141,C18,4,4
H5141,C19,5,5
H5141,C20,5,5
H5141,C21,4,4
H5141,C22,2,2
H5141,C23,2,2
H5141,C24,1,1
H5141,C25,3,3
H5141,C26,4,4
H5141,C27,3,3
H5141,C28,4,4
H5141,C29,4,4
H5141,C30,4,4
H5141,C31,4,4
H5141,C32,2,2
H5141,C33,3,3
H5141,D01,3,3
H5141,D02,4,4
H5141,D03,4,4
H5141,D04,4,4
H5141,D05,3,3
H5141,D06,3,3
H5141,D07,5,5
H5141,D08,2,2
H5141,D09,2,2
H5141,D10,1,1
H5141,D11,3,3
H5141,D12,3,3
H5163,C01,Plan too small to be measured ,
H5163,C02,Plan too small to be measured ,
H5163,C03,Plan too small to be measured ,
H5163,C04,Plan too new to be measured ,
H5163,C05,Plan too new to be measured ,
H5163,C06,Plan too new to be measured ,
H5163,C07,1,1
H5163,C08,2,2
H5163,C09,2,2
H5163,C10,Plan too small to be measured ,
H5163,C11,Plan too small to be measured ,
H5163,C12,Plan too small to be measured ,
H5163,C13,Plan too small to be measured ,
H5163,C14,Plan too small to be measured ,
H5163,C15,Plan too new to be measured ,
H5163,C16,Plan too new to be measured ,
H5163,C17,Plan too small to be measured ,
H5163,C18,Plan too small to be measured ,
H5163,C19,Plan too small to be measured ,
H5163,C20,Plan too small to be measured ,
H5163,C21,Plan too small to be measured ,
H5163,C22,Plan too small to be measured ,
H5163,C23,Plan too small to be measured ,
H5163,C24,Plan too small to be measured ,
H5163,C25,Plan too small to be measured ,
H5163,C26,Plan too small to be measured ,
H5163,C27,Plan too small to be measured ,
H5163,C28,Not enough data available ,
H5163,C29,Not enough data available ,
H5163,C30,Not enough data available ,
H5163,C31,Not enough data available ,
H5163,C32,Not enough data available ,
H5163,C33,3,3
H5163,D01,3,3
H5163,D02,Not enough data available ,
H5163,D03,Not enough data available ,
H5163,D04,Not enough data available ,
H5163,D05,Plan too small to be measured ,
H5163,D06,Plan too small to be measured ,
H5163,D07,4,4
H5163,D08,4,4
H5163,D09,3,3
H5163,D10,2,2
H5163,D11,3,3
H5163,D12,Not enough data available,
H5178,C01,Plan too small to be measured ,
H5178,C02,Plan too small to be measured ,
H5178,C03,Plan too small to be measured ,
H5178,C04,Plan too small to be measured ,
H5178,C05,Plan too small to be measured ,
H5178,C06,Plan too small to be measured ,
H5178,C07,Plan not required to report measure ,
H5178,C08,Plan not required to report measure ,
H5178,C09,Plan not required to report measure ,
H5178,C10,Plan too small to be measured ,
H5178,C11,Plan too small to be measured ,
H5178,C12,Plan too small to be measured ,
H5178,C13,Plan too small to be measured ,
H5178,C14,Plan too small to be measured ,
H5178,C15,Plan too small to be measured ,
H5178,C16,Plan too small to be measured ,
H5178,C17,Plan too small to be measured ,
H5178,C18,Plan too small to be measured ,
H5178,C19,Plan too small to be measured ,
H5178,C20,Plan too small to be measured ,
H5178,C21,Plan too small to be measured ,
H5178,C22,Plan too small to be measured ,
H5178,C23,Plan too small to be measured ,
H5178,C24,Plan too small to be measured ,
H5178,C25,Plan too small to be measured ,
H5178,C26,Plan too small to be measured ,
H5178,C27,Plan too small to be measured ,
H5178,C28,Not enough data available ,
H5178,C29,Not enough data available ,
H5178,C30,Not enough data available ,
H5178,C31,5,5
H5178,C32,5,5
H5178,C33,5,5
H5178,D01,5,5
H5178,D02,Not enough data available ,
H5178,D03,Not enough data available ,
H5178,D04,Not enough data available ,
H5178,D05,Plan too small to be measured ,
H5178,D06,Plan too small to be measured ,
H5178,D07,1,1
H5178,D08,1,1
H5178,D09,2,2
H5178,D10,1,1
H5178,D11,Not enough data available ,
H5178,D12,Not enough data available,
H5190,C01,Plan too small to be measured ,
H5190,C02,Plan too small to be measured ,
H5190,C03,Plan too small to be measured ,
H5190,C04,Not enough data available ,
H5190,C05,Not enough data available ,
H5190,C06,Plan too small to be measured ,
H5190,C07,Plan not required to report measure ,
H5190,C08,Plan not required to report measure ,
H5190,C09,Plan not required to report measure ,
H5190,C10,Plan too small to be measured ,
H5190,C11,Plan too small to be measured ,
H5190,C12,Plan too small to be measured ,
H5190,C13,Plan too small to be measured ,
H5190,C14,Plan too small to be measured ,
H5190,C15,Plan too small to be measured ,
H5190,C16,Plan too small to be measured ,
H5190,C17,Plan too small to be measured ,
H5190,C18,Plan too small to be measured ,
H5190,C19,Plan too small to be measured ,
H5190,C20,Plan too small to be measured ,
H5190,C21,Plan too small to be measured ,
H5190,C22,Plan too small to be measured ,
H5190,C23,Plan too small to be measured ,
H5190,C24,Plan too small to be measured ,
H5190,C25,Plan too small to be measured ,
H5190,C26,Plan too small to be measured ,
H5190,C27,Plan too small to be measured ,
H5190,C28,No data available ,
H5190,C29,Not enough data available ,
H5190,C30,Not enough data available ,
H5190,C31,Not enough data available ,
H5190,C32,Not enough data available ,
H5190,C33,Not enough data available ,
H5190,D01,Not enough data available ,
H5190,D02,No data available ,
H5190,D03,Not enough data available ,
H5190,D04,Not enough data available ,
H5190,D05,Plan too small to be measured ,
H5190,D06,Plan too small to be measured ,
H5190,D07,Not enough data available ,
H5190,D08,Not enough data available ,
H5190,D09,Not enough data available ,
H5190,D10,Not enough data available ,
H5190,D11,Not required to report ,
H5190,D12,Not enough data available,
H5209,C01,2,2
H5209,C02,3,3
H5209,C03,4,4
H5209,C04,Not enough data available ,
H5209,C05,Not enough data available ,
H5209,C06,4,4
H5209,C07,5,5
H5209,C08,4,4
H5209,C09,4,4
H5209,C10,Not enough data available ,
H5209,C11,2,2
H5209,C12,2,2
H5209,C13,3,3
H5209,C14,4,4
H5209,C15,5,5
H5209,C16,5,5
H5209,C17,3,3
H5209,C18,1,1
H5209,C19,4,4
H5209,C20,3,3
H5209,C21,4,4
H5209,C22,1,1
H5209,C23,2,2
H5209,C24,1,1
H5209,C25,2,2
H5209,C26,1,1
H5209,C27,Not enough data available ,
H5209,C28,4,4
H5209,C29,4,4
H5209,C30,3,3
H5209,C31,5,5
H5209,C32,2,2
H5209,C33,5,5
H5209,D01,5,5
H5209,D02,4,4
H5209,D03,4,4
H5209,D04,4,4
H5209,D05,1,1
H5209,D06,2,2
H5209,D07,5,5
H5209,D08,3,3
H5209,D09,3,3
H5209,D10,4,4
H5209,D11,2,2
H5209,D12,3,3
H5211,C01,4,4
H5211,C02,5,5
H5211,C03,4,4
H5211,C04,4,4
H5211,C05,3,3
H5211,C06,1,1
H5211,C07,3,3
H5211,C08,5,5
H5211,C09,5,5
H5211,C10,3,3
H5211,C11,4,4
H5211,C12,4,4
H5211,C13,4,4
H5211,C14,4,4
H5211,C15,1,1
H5211,C16,2,2
H5211,C17,4,4
H5211,C18,4,4
H5211,C19,4,4
H5211,C20,5,5
H5211,C21,3,3
H5211,C22,4,4
H5211,C23,3,3
H5211,C24,5,5
H5211,C25,4,4
H5211,C26,5,5
H5211,C27,4,4
H5211,C28,5,5
H5211,C29,5,5
H5211,C30,5,5
H5211,C31,4,4
H5211,C32,2,2
H5211,C33,3,3
H5211,D01,4,4
H5211,D02,5,5
H5211,D03,5,5
H5211,D04,4,4
H5211,D05,4,4
H5211,D06,5,5
H5211,D07,5,5
H5211,D08,4,4
H5211,D09,4,4
H5211,D10,4,4
H5211,D11,3,3
H5211,D12,3,3
H5215,C01,4,4
H5215,C02,5,5
H5215,C03,4,4
H5215,C04,5,5
H5215,C05,5,5
H5215,C06,3,3
H5215,C07,4,4
H5215,C08,5,5
H5215,C09,5,5
H5215,C10,4,4
H5215,C11,5,5
H5215,C12,5,5
H5215,C13,5,5
H5215,C14,5,5
H5215,C15,1,1
H5215,C16,2,2
H5215,C17,5,5
H5215,C18,4,4
H5215,C19,4,4
H5215,C20,5,5
H5215,C21,4,4
H5215,C22,4,4
H5215,C23,4,4
H5215,C24,5,5
H5215,C25,4,4
H5215,C26,5,5
H5215,C27,5,5
H5215,C28,5,5
H5215,C29,5,5
H5215,C30,3,3
H5215,C31,3,3
H5215,C32,2,2
H5215,C33,4,4
H5215,D01,4,4
H5215,D02,5,5
H5215,D03,5,5
H5215,D04,3,3
H5215,D05,2,2
H5215,D06,3,3
H5215,D07,5,5
H5215,D08,4,4
H5215,D09,4,4
H5215,D10,4,4
H5215,D11,4,4
H5215,D12,3,3
H5216,C01,4,4
H5216,C02,4,4
H5216,C03,4,4
H5216,C04,2,2
H5216,C05,4,4
H5216,C06,3,3
H5216,C07,4,4
H5216,C08,5,5
H5216,C09,5,5
H5216,C10,2,2
H5216,C11,3,3
H5216,C12,3,3
H5216,C13,3,3
H5216,C14,3,3
H5216,C15,3,3
H5216,C16,3,3
H5216,C17,5,5
H5216,C18,3,3
H5216,C19,3,3
H5216,C20,4,4
H5216,C21,2,2
H5216,C22,4,4
H5216,C23,4,4
H5216,C24,4,4
H5216,C25,4,4
H5216,C26,2,2
H5216,C27,4,4
H5216,C28,4,4
H5216,C29,3,3
H5216,C30,4,4
H5216,C31,4,4
H5216,C32,4,4
H5216,C33,5,5
H5216,D01,5,5
H5216,D02,4,4
H5216,D03,3,3
H5216,D04,3,3
H5216,D05,2,2
H5216,D06,4,4
H5216,D07,1,1
H5216,D08,2,2
H5216,D09,3,3
H5216,D10,3,3
H5216,D11,4,4
H5216,D12,3,3
H5232,C01,Plan too small to be measured ,
H5232,C02,Plan too small to be measured ,
H5232,C03,Plan too small to be measured ,
H5232,C04,Plan too small to be measured ,
H5232,C05,Plan too small to be measured ,
H5232,C06,Plan too small to be measured ,
H5232,C07,Plan not required to report measure ,
H5232,C08,Plan not required to report measure ,
H5232,C09,Plan not required to report measure ,
H5232,C10,Plan too small to be measured ,
H5232,C11,Plan too small to be measured ,
H5232,C12,Plan too small to be measured ,
H5232,C13,Plan too small to be measured ,
H5232,C14,Plan too small to be measured ,
H5232,C15,Plan too small to be measured ,
H5232,C16,Plan too small to be measured ,
H5232,C17,Plan too small to be measured ,
H5232,C18,Plan too small to be measured ,
H5232,C19,Plan too small to be measured ,
H5232,C20,Plan too small to be measured ,
H5232,C21,Plan too small to be measured ,
H5232,C22,Plan too small to be measured ,
H5232,C23,Plan too small to be measured ,
H5232,C24,Plan too small to be measured ,
H5232,C25,Plan too small to be measured ,
H5232,C26,Plan too small to be measured ,
H5232,C27,Plan too small to be measured ,
H5232,C28,Not enough data available ,
H5232,C29,Not enough data available ,
H5232,C30,Not enough data available ,
H5232,C31,Not enough data available ,
H5232,C32,Not enough data available ,
H5232,C33,4,4
H5232,D01,4,4
H5232,D02,Not enough data available ,
H5232,D03,Not enough data available ,
H5232,D04,Not enough data available ,
H5232,D05,Plan too small to be measured ,
H5232,D06,Plan too small to be measured ,
H5232,D07,4,4
H5232,D08,2,2
H5232,D09,4,4
H5232,D10,4,4
H5232,D11,Not enough data available ,
H5232,D12,Not enough data available,
H5244,C01,Plan too small to be measured ,
H5244,C02,Plan too small to be measured ,
H5244,C03,Plan too small to be measured ,
H5244,C04,Plan too new to be measured ,
H5244,C05,Plan too new to be measured ,
H5244,C06,Plan too new to be measured ,
H5244,C07,No data available ,
H5244,C08,No data available ,
H5244,C09,No data available ,
H5244,C10,Plan too small to be measured ,
H5244,C11,Plan too small to be measured ,
H5244,C12,Plan too small to be measured ,
H5244,C13,Plan too small to be measured ,
H5244,C14,Plan too small to be measured ,
H5244,C15,Plan too new to be measured ,
H5244,C16,Plan too new to be measured ,
H5244,C17,Plan too small to be measured ,
H5244,C18,Plan too small to be measured ,
H5244,C19,Plan too small to be measured ,
H5244,C20,Plan too small to be measured ,
H5244,C21,Plan too small to be measured ,
H5244,C22,Plan too small to be measured ,
H5244,C23,Plan too small to be measured ,
H5244,C24,Plan too small to be measured ,
H5244,C25,Plan too small to be measured ,
H5244,C26,Plan too small to be measured ,
H5244,C27,Plan too small to be measured ,
H5244,C28,Not enough data available ,
H5244,C29,Not enough data available ,
H5244,C30,Not enough data available ,
H5244,C31,Not enough data available ,
H5244,C32,Not enough data available ,
H5244,C33,4,4
H5244,D01,5,5
H5244,D02,Not enough data available ,
H5244,D03,Not enough data available ,
H5244,D04,Not enough data available ,
H5244,D05,Plan too small to be measured ,
H5244,D06,Plan too small to be measured ,
H5244,D07,5,5
H5244,D08,Not enough data available ,
H5244,D09,Not enough data available ,
H5244,D10,5,5
H5244,D11,Not enough data available ,
H5244,D12,Not enough data available,
H5253,C01,4,4
H5253,C02,4,4
H5253,C03,3,3
H5253,C04,2,2
H5253,C05,1,1
H5253,C06,3,3
H5253,C07,4,4
H5253,C08,5,5
H5253,C09,5,5
H5253,C10,2,2
H5253,C11,4,4
H5253,C12,5,5
H5253,C13,4,4
H5253,C14,4,4
H5253,C15,3,3
H5253,C16,3,3
H5253,C17,3,3
H5253,C18,2,2
H5253,C19,3,3
H5253,C20,3,3
H5253,C21,3,3
H5253,C22,4,4
H5253,C23,4,4
H5253,C24,4,4
H5253,C25,4,4
H5253,C26,4,4
H5253,C27,4,4
H5253,C28,4,4
H5253,C29,4,4
H5253,C30,4,4
H5253,C31,5,5
H5253,C32,4,4
H5253,C33,5,5
H5253,D01,5,5
H5253,D02,4,4
H5253,D03,4,4
H5253,D04,4,4
H5253,D05,4,4
H5253,D06,3,3
H5253,D07,5,5
H5253,D08,3,3
H5253,D09,3,3
H5253,D10,4,4
H5253,D11,4,4
H5253,D12,3,3
H5256,C01,4,4
H5256,C02,5,5
H5256,C03,5,5
H5256,C04,3,3
H5256,C05,1,1
H5256,C06,2,2
H5256,C07,Plan not required to report measure ,
H5256,C08,Plan not required to report measure ,
H5256,C09,Plan not required to report measure ,
H5256,C10,Benefit not offered by plan ,
H5256,C11,4,4
H5256,C12,5,5
H5256,C13,2,2
H5256,C14,5,5
H5256,C15,2,2
H5256,C16,2,2
H5256,C17,Plan not required to report measure ,
H5256,C18,No data available ,
H5256,C19,Plan not required to report measure ,
H5256,C20,Plan not required to report measure ,
H5256,C21,3,3
H5256,C22,5,5
H5256,C23,5,5
H5256,C24,5,5
H5256,C25,5,5
H5256,C26,5,5
H5256,C27,5,5
H5256,C28,5,5
H5256,C29,5,5
H5256,C30,4,4
H5256,C31,Not enough data available ,
H5256,C32,Not enough data available ,
H5256,C33,Plan not required to report measure ,
H5256,D01,Plan not required to report measure ,
H5256,D02,Plan not required to report measure ,
H5256,D03,Plan not required to report measure ,
H5256,D04,Plan not required to report measure ,
H5256,D05,Plan not required to report measure ,
H5256,D06,Plan not required to report measure ,
H5256,D07,Plan not required to report measure ,
H5256,D08,Plan not required to report measure ,
H5256,D09,Plan not required to report measure ,
H5256,D10,Plan not required to report measure ,
H5256,D11,Plan not required to report measure ,
H5256,D12,Plan not required to report measure,
H5262,C01,4,4
H5262,C02,5,5
H5262,C03,5,5
H5262,C04,5,5
H5262,C05,5,5
H5262,C06,3,3
H5262,C07,1,1
H5262,C08,3,3
H5262,C09,4,4
H5262,C10,3,3
H5262,C11,4,4
H5262,C12,4,4
H5262,C13,1,1
H5262,C14,2,2
H5262,C15,2,2
H5262,C16,3,3
H5262,C17,4,4
H5262,C18,4,4
H5262,C19,3,3
H5262,C20,5,5
H5262,C21,3,3
H5262,C22,2,2
H5262,C23,3,3
H5262,C24,5,5
H5262,C25,4,4
H5262,C26,4,4
H5262,C27,5,5
H5262,C28,5,5
H5262,C29,5,5
H5262,C30,4,4
H5262,C31,5,5
H5262,C32,3,3
H5262,C33,4,4
H5262,D01,4,4
H5262,D02,5,5
H5262,D03,5,5
H5262,D04,2,2
H5262,D05,2,2
H5262,D06,3,3
H5262,D07,5,5
H5262,D08,4,4
H5262,D09,4,4
H5262,D10,4,4
H5262,D11,4,4
H5262,D12,4,4
H5264,C01,4,4
H5264,C02,5,5
H5264,C03,5,5
H5264,C04,2,2
H5264,C05,2,2
H5264,C06,3,3
H5264,C07,Plan not required to report measure ,
H5264,C08,Plan not required to report measure ,
H5264,C09,Plan not required to report measure ,
H5264,C10,Benefit not offered by plan ,
H5264,C11,4,4
H5264,C12,5,5
H5264,C13,4,4
H5264,C14,4,4
H5264,C15,3,3
H5264,C16,2,2
H5264,C17,Plan not required to report measure ,
H5264,C18,No data available ,
H5264,C19,Plan not required to report measure ,
H5264,C20,Plan not required to report measure ,
H5264,C21,3,3
H5264,C22,4,4
H5264,C23,3,3
H5264,C24,5,5
H5264,C25,5,5
H5264,C26,5,5
H5264,C27,5,5
H5264,C28,5,5
H5264,C29,5,5
H5264,C30,3,3
H5264,C31,4,4
H5264,C32,4,4
H5264,C33,Plan not required to report measure ,
H5264,D01,Plan not required to report measure ,
H5264,D02,Plan not required to report measure ,
H5264,D03,Plan not required to report measure ,
H5264,D04,Plan not required to report measure ,
H5264,D05,Plan not required to report measure ,
H5264,D06,Plan not required to report measure ,
H5264,D07,Plan not required to report measure ,
H5264,D08,Plan not required to report measure ,
H5264,D09,Plan not required to report measure ,
H5264,D10,Plan not required to report measure ,
H5264,D11,Plan not required to report measure ,
H5264,D12,Plan not required to report measure,
H5272,C01,Plan too new to be measured ,
H5272,C02,Plan too new to be measured ,
H5272,C03,Plan too new to be measured ,
H5272,C04,Plan too new to be measured ,
H5272,C05,Plan too new to be measured ,
H5272,C06,Plan too new to be measured ,
H5272,C07,Plan too new to be measured ,
H5272,C08,Plan too new to be measured ,
H5272,C09,Plan too new to be measured ,
H5272,C10,Plan too new to be measured ,
H5272,C11,Plan too new to be measured ,
H5272,C12,Plan too new to be measured ,
H5272,C13,Plan too new to be measured ,
H5272,C14,Plan too new to be measured ,
H5272,C15,Plan too new to be measured ,
H5272,C16,Plan too new to be measured ,
H5272,C17,Plan too new to be measured ,
H5272,C18,Plan too new to be measured ,
H5272,C19,Plan too new to be measured ,
H5272,C20,Plan too new to be measured ,
H5272,C21,Plan too new to be measured ,
H5272,C22,Plan too new to be measured ,
H5272,C23,Plan too new to be measured ,
H5272,C24,Plan too new to be measured ,
H5272,C25,Plan too new to be measured ,
H5272,C26,Plan too new to be measured ,
H5272,C27,Plan too new to be measured ,
H5272,C28,Plan too new to be measured ,
H5272,C29,Plan too new to be measured ,
H5272,C30,Plan too new to be measured ,
H5272,C31,Not enough data available ,
H5272,C32,Not enough data available ,
H5272,C33,Plan too new to be measured ,
H5272,D01,Plan too new to be measured ,
H5272,D02,Plan too new to be measured ,
H5272,D03,Plan too new to be measured ,
H5272,D04,Plan too new to be measured ,
H5272,D05,Plan too new to be measured ,
H5272,D06,Plan too new to be measured ,
H5272,D07,Plan too new to be measured ,
H5272,D08,Plan too new to be measured ,
H5272,D09,Plan too new to be measured ,
H5272,D10,Plan too new to be measured ,
H5272,D11,Plan too new to be measured ,
H5272,D12,Plan too new to be measured,
H5273,C01,4,4
H5273,C02,5,5
H5273,C03,5,5
H5273,C04,2,2
H5273,C05,4,4
H5273,C06,5,5
H5273,C07,Plan not required to report measure ,
H5273,C08,Plan not required to report measure ,
H5273,C09,Plan not required to report measure ,
H5273,C10,Not enough data available ,
H5273,C11,3,3
H5273,C12,5,5
H5273,C13,3,3
H5273,C14,4,4
H5273,C15,1,1
H5273,C16,1,1
H5273,C17,4,4
H5273,C18,2,2
H5273,C19,4,4
H5273,C20,4,4
H5273,C21,4,4
H5273,C22,2,2
H5273,C23,2,2
H5273,C24,3,3
H5273,C25,2,2
H5273,C26,3,3
H5273,C27,2,2
H5273,C28,4,4
H5273,C29,4,4
H5273,C30,3,3
H5273,C31,5,5
H5273,C32,4,4
H5273,C33,4,4
H5273,D01,4,4
H5273,D02,4,4
H5273,D03,4,4
H5273,D04,3,3
H5273,D05,1,1
H5273,D06,4,4
H5273,D07,5,5
H5273,D08,3,3
H5273,D09,5,5
H5273,D10,4,4
H5273,D11,4,4
H5273,D12,3,3
H5294,C01,2,2
H5294,C02,3,3
H5294,C03,3,3
H5294,C04,Not enough data available ,
H5294,C05,Not enough data available ,
H5294,C06,3,3
H5294,C07,4,4
H5294,C08,4,4
H5294,C09,4,4
H5294,C10,2,2
H5294,C11,2,2
H5294,C12,2,2
H5294,C13,3,3
H5294,C14,2,2
H5294,C15,4,4
H5294,C16,4,4
H5294,C17,4,4
H5294,C18,2,2
H5294,C19,3,3
H5294,C20,2,2
H5294,C21,2,2
H5294,C22,3,3
H5294,C23,4,4
H5294,C24,5,5
H5294,C25,4,4
H5294,C26,4,4
H5294,C27,5,5
H5294,C28,3,3
H5294,C29,3,3
H5294,C30,4,4
H5294,C31,5,5
H5294,C32,4,4
H5294,C33,5,5
H5294,D01,5,5
H5294,D02,3,3
H5294,D03,3,3
H5294,D04,3,3
H5294,D05,3,3
H5294,D06,Not enough data available ,
H5294,D07,5,5
H5294,D08,2,2
H5294,D09,2,2
H5294,D10,2,2
H5294,D11,5,5
H5294,D12,3,3
H5296,C01,5,5
H5296,C02,5,5
H5296,C03,4,4
H5296,C04,2,2
H5296,C05,1,1
H5296,C06,4,4
H5296,C07,5,5
H5296,C08,5,5
H5296,C09,5,5
H5296,C10,Not enough data available ,
H5296,C11,3,3
H5296,C12,5,5
H5296,C13,4,4
H5296,C14,5,5
H5296,C15,2,2
H5296,C16,5,5
H5296,C17,5,5
H5296,C18,4,4
H5296,C19,5,5
H5296,C20,4,4
H5296,C21,4,4
H5296,C22,4,4
H5296,C23,5,5
H5296,C24,5,5
H5296,C25,4,4
H5296,C26,5,5
H5296,C27,4,4
H5296,C28,3,3
H5296,C29,4,4
H5296,C30,3,3
H5296,C31,2,2
H5296,C32,5,5
H5296,C33,5,5
H5296,D01,5,5
H5296,D02,3,3
H5296,D03,4,4
H5296,D04,3,3
H5296,D05,5,5
H5296,D06,5,5
H5296,D07,5,5
H5296,D08,4,4
H5296,D09,5,5
H5296,D10,5,5
H5296,D11,5,5
H5296,D12,5,5
H5299,C01,Not enough data available ,
H5299,C02,5,5
H5299,C03,3,3
H5299,C04,Plan too new to be measured ,
H5299,C05,Plan too new to be measured ,
H5299,C06,5,5
H5299,C07,5,5
H5299,C08,No data available ,
H5299,C09,No data available ,
H5299,C10,Not enough data available ,
H5299,C11,4,4
H5299,C12,5,5
H5299,C13,5,5
H5299,C14,5,5
H5299,C15,Not enough data available ,
H5299,C16,Not enough data available ,
H5299,C17,5,5
H5299,C18,No data available ,
H5299,C19,5,5
H5299,C20,4,4
H5299,C21,4,4
H5299,C22,4,4
H5299,C23,4,4
H5299,C24,5,5
H5299,C25,5,5
H5299,C26,5,5
H5299,C27,5,5
H5299,C28,3,3
H5299,C29,2,2
H5299,C30,Not enough data available ,
H5299,C31,Not enough data available ,
H5299,C32,Not enough data available ,
H5299,C33,4,4
H5299,D01,5,5
H5299,D02,3,3
H5299,D03,2,2
H5299,D04,3,3
H5299,D05,5,5
H5299,D06,4,4
H5299,D07,5,5
H5299,D08,4,4
H5299,D09,5,5
H5299,D10,5,5
H5299,D11,4,4
H5299,D12,5,5
H5302,C01,3,3
H5302,C02,3,3
H5302,C03,2,2
H5302,C04,Not enough data available ,
H5302,C05,Not enough data available ,
H5302,C06,4,4
H5302,C07,3,3
H5302,C08,5,5
H5302,C09,5,5
H5302,C10,Not enough data available ,
H5302,C11,3,3
H5302,C12,5,5
H5302,C13,3,3
H5302,C14,3,3
H5302,C15,5,5
H5302,C16,3,3
H5302,C17,5,5
H5302,C18,4,4
H5302,C19,4,4
H5302,C20,3,3
H5302,C21,3,3
H5302,C22,4,4
H5302,C23,5,5
H5302,C24,4,4
H5302,C25,4,4
H5302,C26,5,5
H5302,C27,5,5
H5302,C28,4,4
H5302,C29,2,2
H5302,C30,3,3
H5302,C31,4,4
H5302,C32,5,5
H5302,C33,4,4
H5302,D01,5,5
H5302,D02,4,4
H5302,D03,2,2
H5302,D04,5,5
H5302,D05,5,5
H5302,D06,5,5
H5302,D07,5,5
H5302,D08,4,4
H5302,D09,3,3
H5302,D10,3,3
H5302,D11,5,5
H5302,D12,3,3
H5314,C01,Plan too new to be measured ,
H5314,C02,Plan too new to be measured ,
H5314,C03,Plan too new to be measured ,
H5314,C04,Plan too new to be measured ,
H5314,C05,Plan too new to be measured ,
H5314,C06,Plan too new to be measured ,
H5314,C07,Plan too new to be measured ,
H5314,C08,Plan too new to be measured ,
H5314,C09,Plan too new to be measured ,
H5314,C10,Plan too new to be measured ,
H5314,C11,Plan too new to be measured ,
H5314,C12,Plan too new to be measured ,
H5314,C13,Plan too new to be measured ,
H5314,C14,Plan too new to be measured ,
H5314,C15,Plan too new to be measured ,
H5314,C16,Plan too new to be measured ,
H5314,C17,Plan too new to be measured ,
H5314,C18,Plan too new to be measured ,
H5314,C19,Plan too new to be measured ,
H5314,C20,Plan too new to be measured ,
H5314,C21,Plan too new to be measured ,
H5314,C22,Plan too new to be measured ,
H5314,C23,Plan too new to be measured ,
H5314,C24,Plan too new to be measured ,
H5314,C25,Plan too new to be measured ,
H5314,C26,Plan too new to be measured ,
H5314,C27,Plan too new to be measured ,
H5314,C28,Plan too new to be measured ,
H5314,C29,Plan too new to be measured ,
H5314,C30,Plan too new to be measured ,
H5314,C31,Not enough data available ,
H5314,C32,Not enough data available ,
H5314,C33,Plan too new to be measured ,
H5314,D01,Plan too new to be measured ,
H5314,D02,Plan too new to be measured ,
H5314,D03,Plan too new to be measured ,
H5314,D04,Plan too new to be measured ,
H5314,D05,Plan too new to be measured ,
H5314,D06,Plan too new to be measured ,
H5314,D07,Plan too new to be measured ,
H5314,D08,Plan too new to be measured ,
H5314,D09,Plan too new to be measured ,
H5314,D10,Plan too new to be measured ,
H5314,D11,Plan too new to be measured ,
H5314,D12,Plan too new to be measured,
H5322,C01,2,2
H5322,C02,4,4
H5322,C03,2,2
H5322,C04,3,3
H5322,C05,3,3
H5322,C06,3,3
H5322,C07,4,4
H5322,C08,4,4
H5322,C09,5,5
H5322,C10,2,2
H5322,C11,4,4
H5322,C12,4,4
H5322,C13,3,3
H5322,C14,4,4
H5322,C15,4,4
H5322,C16,3,3
H5322,C17,3,3
H5322,C18,2,2
H5322,C19,3,3
H5322,C20,3,3
H5322,C21,2,2
H5322,C22,5,5
H5322,C23,4,4
H5322,C24,4,4
H5322,C25,4,4
H5322,C26,5,5
H5322,C27,3,3
H5322,C28,4,4
H5322,C29,2,2
H5322,C30,4,4
H5322,C31,4,4
H5322,C32,4,4
H5322,C33,5,5
H5322,D01,5,5
H5322,D02,4,4
H5322,D03,2,2
H5322,D04,4,4
H5322,D05,5,5
H5322,D06,4,4
H5322,D07,5,5
H5322,D08,3,3
H5322,D09,2,2
H5322,D10,2,2
H5322,D11,4,4
H5322,D12,3,3
H5325,C01,2,2
H5325,C02,3,3
H5325,C03,2,2
H5325,C04,2,2
H5325,C05,2,2
H5325,C06,2,2
H5325,C07,3,3
H5325,C08,5,5
H5325,C09,3,3
H5325,C10,Not enough data available ,
H5325,C11,3,3
H5325,C12,3,3
H5325,C13,3,3
H5325,C14,2,2
H5325,C15,4,4
H5325,C16,3,3
H5325,C17,5,5
H5325,C18,4,4
H5325,C19,3,3
H5325,C20,3,3
H5325,C21,2,2
H5325,C22,4,4
H5325,C23,3,3
H5325,C24,5,5
H5325,C25,4,4
H5325,C26,5,5
H5325,C27,3,3
H5325,C28,4,4
H5325,C29,3,3
H5325,C30,2,2
H5325,C31,3,3
H5325,C32,5,5
H5325,C33,4,4
H5325,D01,5,5
H5325,D02,4,4
H5325,D03,3,3
H5325,D04,2,2
H5325,D05,5,5
H5325,D06,5,5
H5325,D07,5,5
H5325,D08,3,3
H5325,D09,2,2
H5325,D10,2,2
H5325,D11,4,4
H5325,D12,3,3
H5361,C01,2,2
H5361,C02,2,2
H5361,C03,2,2
H5361,C04,Plan too new to be measured ,
H5361,C05,Plan too new to be measured ,
H5361,C06,Plan too new to be measured ,
H5361,C07,Plan not required to report measure ,
H5361,C08,Plan not required to report measure ,
H5361,C09,Plan not required to report measure ,
H5361,C10,Not enough data available ,
H5361,C11,2,2
H5361,C12,3,3
H5361,C13,4,4
H5361,C14,3,3
H5361,C15,Plan too new to be measured ,
H5361,C16,Plan too new to be measured ,
H5361,C17,2,2
H5361,C18,No data available ,
H5361,C19,Not enough data available ,
H5361,C20,1,1
H5361,C21,Not enough data available ,
H5361,C22,3,3
H5361,C23,3,3
H5361,C24,1,1
H5361,C25,2,2
H5361,C26,2,2
H5361,C27,2,2
H5361,C28,4,4
H5361,C29,4,4
H5361,C30,Not enough data available ,
H5361,C31,2,2
H5361,C32,5,5
H5361,C33,4,4
H5361,D01,3,3
H5361,D02,4,4
H5361,D03,4,4
H5361,D04,Not enough data available ,
H5361,D05,1,1
H5361,D06,1,1
H5361,D07,5,5
H5361,D08,1,1
H5361,D09,3,3
H5361,D10,2,2
H5361,D11,4,4
H5361,D12,3,3
H5374,C01,Not enough data available ,
H5374,C02,5,5
H5374,C03,Plan too small to be measured ,
H5374,C04,Not enough data available ,
H5374,C05,Not enough data available ,
H5374,C06,No data available ,
H5374,C07,1,1
H5374,C08,5,5
H5374,C09,5,5
H5374,C10,Not enough data available ,
H5374,C11,5,5
H5374,C12,5,5
H5374,C13,4,4
H5374,C14,Not enough data available ,
H5374,C15,No data available ,
H5374,C16,No data available ,
H5374,C17,Not enough data available ,
H5374,C18,4,4
H5374,C19,Not enough data available ,
H5374,C20,Not enough data available ,
H5374,C21,5,5
H5374,C22,Plan too small to be measured ,
H5374,C23,Plan too small to be measured ,
H5374,C24,Plan too small to be measured ,
H5374,C25,Plan too small to be measured ,
H5374,C26,Plan too small to be measured ,
H5374,C27,Plan too small to be measured ,
H5374,C28,5,5
H5374,C29,5,5
H5374,C30,Not enough data available ,
H5374,C31,Not enough data available ,
H5374,C32,Not enough data available ,
H5374,C33,4,4
H5374,D01,4,4
H5374,D02,5,5
H5374,D03,5,5
H5374,D04,5,5
H5374,D05,Plan too small to be measured ,
H5374,D06,Plan too small to be measured ,
H5374,D07,4,4
H5374,D08,5,5
H5374,D09,5,5
H5374,D10,5,5
H5374,D11,5,5
H5374,D12,5,5
H5377,C01,3,3
H5377,C02,4,4
H5377,C03,4,4
H5377,C04,Plan too small to be measured ,
H5377,C05,Plan too small to be measured ,
H5377,C06,3,3
H5377,C07,No data available ,
H5377,C08,No data available ,
H5377,C09,No data available ,
H5377,C10,Not enough data available ,
H5377,C11,3,3
H5377,C12,4,4
H5377,C13,4,4
H5377,C14,2,2
H5377,C15,2,2
H5377,C16,2,2
H5377,C17,5,5
H5377,C18,4,4
H5377,C19,4,4
H5377,C20,5,5
H5377,C21,2,2
H5377,C22,3,3
H5377,C23,5,5
H5377,C24,Not enough data available ,
H5377,C25,4,4
H5377,C26,3,3
H5377,C27,3,3
H5377,C28,5,5
H5377,C29,1,1
H5377,C30,3,3
H5377,C31,3,3
H5377,C32,5,5
H5377,C33,5,5
H5377,D01,5,5
H5377,D02,5,5
H5377,D03,1,1
H5377,D04,3,3
H5377,D05,4,4
H5377,D06,3,3
H5377,D07,1,1
H5377,D08,2,2
H5377,D09,4,4
H5377,D10,4,4
H5377,D11,3,3
H5377,D12,2,2
H5386,C01,4,4
H5386,C02,4,4
H5386,C03,4,4
H5386,C04,3,3
H5386,C05,4,4
H5386,C06,4,4
H5386,C07,Plan not required to report measure ,
H5386,C08,Plan not required to report measure ,
H5386,C09,Plan not required to report measure ,
H5386,C10,3,3
H5386,C11,4,4
H5386,C12,4,4
H5386,C13,5,5
H5386,C14,4,4
H5386,C15,1,1
H5386,C16,4,4
H5386,C17,4,4
H5386,C18,2,2
H5386,C19,2,2
H5386,C20,4,4
H5386,C21,2,2
H5386,C22,3,3
H5386,C23,2,2
H5386,C24,5,5
H5386,C25,5,5
H5386,C26,5,5
H5386,C27,3,3
H5386,C28,4,4
H5386,C29,5,5
H5386,C30,2,2
H5386,C31,4,4
H5386,C32,3,3
H5386,C33,4,4
H5386,D01,3,3
H5386,D02,4,4
H5386,D03,5,5
H5386,D04,3,3
H5386,D05,4,4
H5386,D06,4,4
H5386,D07,4,4
H5386,D08,3,3
H5386,D09,3,3
H5386,D10,3,3
H5386,D11,4,4
H5386,D12,4,4
H5397,C01,Plan too new to be measured ,
H5397,C02,Plan too new to be measured ,
H5397,C03,Plan too new to be measured ,
H5397,C04,Plan too new to be measured ,
H5397,C05,Plan too new to be measured ,
H5397,C06,Plan too new to be measured ,
H5397,C07,Plan too new to be measured ,
H5397,C08,Plan too new to be measured ,
H5397,C09,Plan too new to be measured ,
H5397,C10,Plan too new to be measured ,
H5397,C11,Plan too new to be measured ,
H5397,C12,Plan too new to be measured ,
H5397,C13,Plan too new to be measured ,
H5397,C14,Plan too new to be measured ,
H5397,C15,Plan too new to be measured ,
H5397,C16,Plan too new to be measured ,
H5397,C17,Plan too new to be measured ,
H5397,C18,Plan too new to be measured ,
H5397,C19,Plan too new to be measured ,
H5397,C20,Plan too new to be measured ,
H5397,C21,Plan too new to be measured ,
H5397,C22,Plan too new to be measured ,
H5397,C23,Plan too new to be measured ,
H5397,C24,Plan too new to be measured ,
H5397,C25,Plan too new to be measured ,
H5397,C26,Plan too new to be measured ,
H5397,C27,Plan too new to be measured ,
H5397,C28,Plan too new to be measured ,
H5397,C29,Plan too new to be measured ,
H5397,C30,Plan too new to be measured ,
H5397,C31,Not enough data available ,
H5397,C32,Not enough data available ,
H5397,C33,Plan too new to be measured ,
H5397,D01,Plan too new to be measured ,
H5397,D02,Plan too new to be measured ,
H5397,D03,Plan too new to be measured ,
H5397,D04,Plan too new to be measured ,
H5397,D05,Plan too new to be measured ,
H5397,D06,Plan too new to be measured ,
H5397,D07,Plan too new to be measured ,
H5397,D08,Plan too new to be measured ,
H5397,D09,Plan too new to be measured ,
H5397,D10,Plan too new to be measured ,
H5397,D11,Plan too new to be measured ,
H5397,D12,Plan too new to be measured,
H5410,C01,3,3
H5410,C02,4,4
H5410,C03,2,2
H5410,C04,Not enough data available ,
H5410,C05,Not enough data available ,
H5410,C06,3,3
H5410,C07,4,4
H5410,C08,4,4
H5410,C09,4,4
H5410,C10,4,4
H5410,C11,3,3
H5410,C12,3,3
H5410,C13,4,4
H5410,C14,3,3
H5410,C15,3,3
H5410,C16,Not enough data available ,
H5410,C17,4,4
H5410,C18,4,4
H5410,C19,2,2
H5410,C20,3,3
H5410,C21,3,3
H5410,C22,3,3
H5410,C23,Not enough data available ,
H5410,C24,3,3
H5410,C25,2,2
H5410,C26,3,3
H5410,C27,3,3
H5410,C28,3,3
H5410,C29,3,3
H5410,C30,5,5
H5410,C31,5,5
H5410,C32,4,4
H5410,C33,4,4
H5410,D01,5,5
H5410,D02,3,3
H5410,D03,3,3
H5410,D04,4,4
H5410,D05,3,3
H5410,D06,3,3
H5410,D07,5,5
H5410,D08,2,2
H5410,D09,3,3
H5410,D10,3,3
H5410,D11,5,5
H5410,D12,3,3
H5420,C01,4,4
H5420,C02,5,5
H5420,C03,1,1
H5420,C04,4,4
H5420,C05,4,4
H5420,C06,5,5
H5420,C07,4,4
H5420,C08,5,5
H5420,C09,5,5
H5420,C10,5,5
H5420,C11,4,4
H5420,C12,5,5
H5420,C13,5,5
H5420,C14,5,5
H5420,C15,4,4
H5420,C16,4,4
H5420,C17,5,5
H5420,C18,3,3
H5420,C19,3,3
H5420,C20,2,2
H5420,C21,3,3
H5420,C22,5,5
H5420,C23,5,5
H5420,C24,3,3
H5420,C25,5,5
H5420,C26,5,5
H5420,C27,5,5
H5420,C28,4,4
H5420,C29,4,4
H5420,C30,4,4
H5420,C31,5,5
H5420,C32,4,4
H5420,C33,5,5
H5420,D01,5,5
H5420,D02,4,4
H5420,D03,4,4
H5420,D04,3,3
H5420,D05,5,5
H5420,D06,5,5
H5420,D07,5,5
H5420,D08,3,3
H5420,D09,4,4
H5420,D10,2,2
H5420,D11,5,5
H5420,D12,4,4
H5422,C01,3,3
H5422,C02,3,3
H5422,C03,1,1
H5422,C04,2,2
H5422,C05,4,4
H5422,C06,4,4
H5422,C07,3,3
H5422,C08,4,4
H5422,C09,3,3
H5422,C10,1,1
H5422,C11,3,3
H5422,C12,3,3
H5422,C13,3,3
H5422,C14,2,2
H5422,C15,4,4
H5422,C16,1,1
H5422,C17,4,4
H5422,C18,3,3
H5422,C19,2,2
H5422,C20,3,3
H5422,C21,2,2
H5422,C22,4,4
H5422,C23,5,5
H5422,C24,3,3
H5422,C25,4,4
H5422,C26,4,4
H5422,C27,4,4
H5422,C28,3,3
H5422,C29,2,2
H5422,C30,3,3
H5422,C31,4,4
H5422,C32,5,5
H5422,C33,5,5
H5422,D01,5,5
H5422,D02,3,3
H5422,D03,2,2
H5422,D04,4,4
H5422,D05,3,3
H5422,D06,Not enough data available ,
H5422,D07,5,5
H5422,D08,2,2
H5422,D09,2,2
H5422,D10,2,2
H5422,D11,4,4
H5422,D12,2,2
H5425,C01,4,4
H5425,C02,4,4
H5425,C03,4,4
H5425,C04,4,4
H5425,C05,1,1
H5425,C06,5,5
H5425,C07,4,4
H5425,C08,5,5
H5425,C09,5,5
H5425,C10,4,4
H5425,C11,5,5
H5425,C12,4,4
H5425,C13,5,5
H5425,C14,5,5
H5425,C15,2,2
H5425,C16,2,2
H5425,C17,4,4
H5425,C18,4,4
H5425,C19,3,3
H5425,C20,3,3
H5425,C21,2,2
H5425,C22,2,2
H5425,C23,2,2
H5425,C24,3,3
H5425,C25,3,3
H5425,C26,5,5
H5425,C27,2,2
H5425,C28,5,5
H5425,C29,5,5
H5425,C30,4,4
H5425,C31,5,5
H5425,C32,4,4
H5425,C33,4,4
H5425,D01,5,5
H5425,D02,5,5
H5425,D03,5,5
H5425,D04,2,2
H5425,D05,5,5
H5425,D06,4,4
H5425,D07,5,5
H5425,D08,4,4
H5425,D09,4,4
H5425,D10,4,4
H5425,D11,4,4
H5425,D12,4,4
H5427,C01,5,5
H5427,C02,5,5
H5427,C03,2,2
H5427,C04,1,1
H5427,C05,2,2
H5427,C06,4,4
H5427,C07,5,5
H5427,C08,5,5
H5427,C09,5,5
H5427,C10,5,5
H5427,C11,5,5
H5427,C12,4,4
H5427,C13,5,5
H5427,C14,5,5
H5427,C15,4,4
H5427,C16,3,3
H5427,C17,5,5
H5427,C18,4,4
H5427,C19,3,3
H5427,C20,4,4
H5427,C21,4,4
H5427,C22,4,4
H5427,C23,5,5
H5427,C24,3,3
H5427,C25,4,4
H5427,C26,4,4
H5427,C27,4,4
H5427,C28,5,5
H5427,C29,4,4
H5427,C30,5,5
H5427,C31,5,5
H5427,C32,5,5
H5427,C33,5,5
H5427,D01,5,5
H5427,D02,5,5
H5427,D03,4,4
H5427,D04,4,4
H5427,D05,5,5
H5427,D06,4,4
H5427,D07,5,5
H5427,D08,4,4
H5427,D09,4,4
H5427,D10,4,4
H5427,D11,4,4
H5427,D12,4,4
H5431,C01,5,5
H5431,C02,5,5
H5431,C03,1,1
H5431,C04,Not enough data available ,
H5431,C05,Not enough data available ,
H5431,C06,5,5
H5431,C07,5,5
H5431,C08,5,5
H5431,C09,4,4
H5431,C10,3,3
H5431,C11,5,5
H5431,C12,3,3
H5431,C13,5,5
H5431,C14,5,5
H5431,C15,5,5
H5431,C16,Not enough data available ,
H5431,C17,4,4
H5431,C18,4,4
H5431,C19,5,5
H5431,C20,2,2
H5431,C21,4,4
H5431,C22,4,4
H5431,C23,4,4
H5431,C24,4,4
H5431,C25,5,5
H5431,C26,5,5
H5431,C27,4,4
H5431,C28,4,4
H5431,C29,4,4
H5431,C30,2,2
H5431,C31,5,5
H5431,C32,5,5
H5431,C33,5,5
H5431,D01,5,5
H5431,D02,4,4
H5431,D03,4,4
H5431,D04,1,1
H5431,D05,5,5
H5431,D06,4,4
H5431,D07,5,5
H5431,D08,4,4
H5431,D09,4,4
H5431,D10,3,3
H5431,D11,5,5
H5431,D12,5,5
H5433,C01,2,2
H5433,C02,3,3
H5433,C03,4,4
H5433,C04,4,4
H5433,C05,4,4
H5433,C06,4,4
H5433,C07,3,3
H5433,C08,2,2
H5433,C09,2,2
H5433,C10,3,3
H5433,C11,3,3
H5433,C12,3,3
H5433,C13,3,3
H5433,C14,3,3
H5433,C15,4,4
H5433,C16,1,1
H5433,C17,2,2
H5433,C18,2,2
H5433,C19,3,3
H5433,C20,2,2
H5433,C21,2,2
H5433,C22,1,1
H5433,C23,1,1
H5433,C24,1,1
H5433,C25,2,2
H5433,C26,3,3
H5433,C27,1,1
H5433,C28,5,5
H5433,C29,4,4
H5433,C30,3,3
H5433,C31,3,3
H5433,C32,2,2
H5433,C33,3,3
H5433,D01,3,3
H5433,D02,5,5
H5433,D03,4,4
H5433,D04,4,4
H5433,D05,3,3
H5433,D06,1,1
H5433,D07,5,5
H5433,D08,3,3
H5433,D09,2,2
H5433,D10,2,2
H5433,D11,2,2
H5433,D12,4,4
H5434,C01,4,4
H5434,C02,4,4
H5434,C03,4,4
H5434,C04,4,4
H5434,C05,3,3
H5434,C06,4,4
H5434,C07,Plan not required to report measure ,
H5434,C08,Plan not required to report measure ,
H5434,C09,Plan not required to report measure ,
H5434,C10,3,3
H5434,C11,3,3
H5434,C12,4,4
H5434,C13,3,3
H5434,C14,3,3
H5434,C15,2,2
H5434,C16,5,5
H5434,C17,2,2
H5434,C18,4,4
H5434,C19,1,1
H5434,C20,1,1
H5434,C21,4,4
H5434,C22,4,4
H5434,C23,4,4
H5434,C24,3,3
H5434,C25,4,4
H5434,C26,3,3
H5434,C27,4,4
H5434,C28,4,4
H5434,C29,4,4
H5434,C30,4,4
H5434,C31,4,4
H5434,C32,4,4
H5434,C33,4,4
H5434,D01,5,5
H5434,D02,4,4
H5434,D03,4,4
H5434,D04,4,4
H5434,D05,2,2
H5434,D06,3,3
H5434,D07,5,5
H5434,D08,2,2
H5434,D09,3,3
H5434,D10,3,3
H5434,D11,3,3
H5434,D12,2,2
H5435,C01,2,2
H5435,C02,2,2
H5435,C03,2,2
H5435,C04,Not enough data available ,
H5435,C05,Not enough data available ,
H5435,C06,1,1
H5435,C07,Plan not required to report measure ,
H5435,C08,Plan not required to report measure ,
H5435,C09,Plan not required to report measure ,
H5435,C10,Not enough data available ,
H5435,C11,1,1
H5435,C12,3,3
H5435,C13,1,1
H5435,C14,1,1
H5435,C15,1,1
H5435,C16,1,1
H5435,C17,2,2
H5435,C18,2,2
H5435,C19,3,3
H5435,C20,1,1
H5435,C21,2,2
H5435,C22,5,5
H5435,C23,4,4
H5435,C24,Not enough data available ,
H5435,C25,2,2
H5435,C26,1,1
H5435,C27,4,4
H5435,C28,4,4
H5435,C29,5,5
H5435,C30,3,3
H5435,C31,5,5
H5435,C32,5,5
H5435,C33,5,5
H5435,D01,5,5
H5435,D02,4,4
H5435,D03,5,5
H5435,D04,2,2
H5435,D05,2,2
H5435,D06,3,3
H5435,D07,5,5
H5435,D08,2,2
H5435,D09,2,2
H5435,D10,2,2
H5435,D11,Not enough data available ,
H5435,D12,1,1
H5439,C01,2,2
H5439,C02,3,3
H5439,C03,2,2
H5439,C04,2,2
H5439,C05,4,4
H5439,C06,2,2
H5439,C07,Plan not required to report measure ,
H5439,C08,Plan not required to report measure ,
H5439,C09,Plan not required to report measure ,
H5439,C10,2,2
H5439,C11,2,2
H5439,C12,3,3
H5439,C13,3,3
H5439,C14,3,3
H5439,C15,1,1
H5439,C16,1,1
H5439,C17,4,4
H5439,C18,4,4
H5439,C19,1,1
H5439,C20,4,4
H5439,C21,2,2
H5439,C22,1,1
H5439,C23,1,1
H5439,C24,Not enough data available ,
H5439,C25,1,1
H5439,C26,1,1
H5439,C27,1,1
H5439,C28,4,4
H5439,C29,4,4
H5439,C30,3,3
H5439,C31,5,5
H5439,C32,5,5
H5439,C33,5,5
H5439,D01,5,5
H5439,D02,4,4
H5439,D03,4,4
H5439,D04,3,3
H5439,D05,1,1
H5439,D06,2,2
H5439,D07,5,5
H5439,D08,3,3
H5439,D09,3,3
H5439,D10,4,4
H5439,D11,3,3
H5439,D12,2,2
H5447,C01,Plan too small to be measured ,
H5447,C02,Plan too small to be measured ,
H5447,C03,Plan too small to be measured ,
H5447,C04,Plan too small to be measured ,
H5447,C05,Plan too small to be measured ,
H5447,C06,Plan too small to be measured ,
H5447,C07,1,1
H5447,C08,No data available ,
H5447,C09,No data available ,
H5447,C10,Plan too small to be measured ,
H5447,C11,Plan too small to be measured ,
H5447,C12,Plan too small to be measured ,
H5447,C13,Plan too small to be measured ,
H5447,C14,Plan too small to be measured ,
H5447,C15,Plan too small to be measured ,
H5447,C16,Plan too small to be measured ,
H5447,C17,Plan too small to be measured ,
H5447,C18,Plan too small to be measured ,
H5447,C19,Plan too small to be measured ,
H5447,C20,Plan too small to be measured ,
H5447,C21,Plan too small to be measured ,
H5447,C22,Plan too small to be measured ,
H5447,C23,Plan too small to be measured ,
H5447,C24,Plan too small to be measured ,
H5447,C25,Plan too small to be measured ,
H5447,C26,Plan too small to be measured ,
H5447,C27,Plan too small to be measured ,
H5447,C28,Not enough data available ,
H5447,C29,Not enough data available ,
H5447,C30,Not enough data available ,
H5447,C31,Not enough data available ,
H5447,C32,Not enough data available ,
H5447,C33,3,3
H5447,D01,4,4
H5447,D02,Not enough data available ,
H5447,D03,Not enough data available ,
H5447,D04,Not enough data available ,
H5447,D05,Plan too small to be measured ,
H5447,D06,Plan too small to be measured ,
H5447,D07,5,5
H5447,D08,Not enough data available ,
H5447,D09,Not enough data available ,
H5447,D10,Not enough data available ,
H5447,D11,Not enough data available ,
H5447,D12,Not enough data available,
H5453,C01,Plan too new to be measured ,
H5453,C02,Plan too new to be measured ,
H5453,C03,Plan too new to be measured ,
H5453,C04,Plan too new to be measured ,
H5453,C05,Plan too new to be measured ,
H5453,C06,Plan too new to be measured ,
H5453,C07,Plan too new to be measured ,
H5453,C08,Plan too new to be measured ,
H5453,C09,Plan too new to be measured ,
H5453,C10,Plan too new to be measured ,
H5453,C11,Plan too new to be measured ,
H5453,C12,Plan too new to be measured ,
H5453,C13,Plan too new to be measured ,
H5453,C14,Plan too new to be measured ,
H5453,C15,Plan too new to be measured ,
H5453,C16,Plan too new to be measured ,
H5453,C17,Plan too new to be measured ,
H5453,C18,Plan too new to be measured ,
H5453,C19,Plan too new to be measured ,
H5453,C20,Plan too new to be measured ,
H5453,C21,Plan too new to be measured ,
H5453,C22,Plan too new to be measured ,
H5453,C23,Plan too new to be measured ,
H5453,C24,Plan too new to be measured ,
H5453,C25,Plan too new to be measured ,
H5453,C26,Plan too new to be measured ,
H5453,C27,Plan too new to be measured ,
H5453,C28,Plan too new to be measured ,
H5453,C29,Not enough data available ,
H5453,C30,Plan too new to be measured ,
H5453,C31,Not enough data available ,
H5453,C32,Not enough data available ,
H5453,C33,4,4
H5453,D01,5,5
H5453,D02,Plan too new to be measured ,
H5453,D03,Not enough data available ,
H5453,D04,Plan too new to be measured ,
H5453,D05,Plan too new to be measured ,
H5453,D06,Plan too new to be measured ,
H5453,D07,Plan too new to be measured ,
H5453,D08,Plan too new to be measured ,
H5453,D09,Plan too new to be measured ,
H5453,D10,Plan too new to be measured ,
H5453,D11,Plan too new to be measured ,
H5453,D12,Plan too new to be measured,
H5454,C01,Not enough data available ,
H5454,C02,No data available ,
H5454,C03,Plan too small to be measured ,
H5454,C04,Plan too small to be measured ,
H5454,C05,Plan too small to be measured ,
H5454,C06,Plan too small to be measured ,
H5454,C07,5,5
H5454,C08,2,2
H5454,C09,5,5
H5454,C10,Not enough data available ,
H5454,C11,1,1
H5454,C12,1,1
H5454,C13,2,2
H5454,C14,No data available ,
H5454,C15,Plan too small to be measured ,
H5454,C16,Plan too small to be measured ,
H5454,C17,3,3
H5454,C18,No data available ,
H5454,C19,Not enough data available ,
H5454,C20,1,1
H5454,C21,No data available ,
H5454,C22,Plan too small to be measured ,
H5454,C23,Plan too small to be measured ,
H5454,C24,Plan too small to be measured ,
H5454,C25,Plan too small to be measured ,
H5454,C26,Plan too small to be measured ,
H5454,C27,Plan too small to be measured ,
H5454,C28,1,1
H5454,C29,1,1
H5454,C30,Not enough data available ,
H5454,C31,Not enough data available ,
H5454,C32,Not enough data available ,
H5454,C33,4,4
H5454,D01,4,4
H5454,D02,1,1
H5454,D03,1,1
H5454,D04,Not enough data available ,
H5454,D05,Plan too small to be measured ,
H5454,D06,Plan too small to be measured ,
H5454,D07,5,5
H5454,D08,2,2
H5454,D09,2,2
H5454,D10,2,2
H5454,D11,4,4
H5454,D12,3,3
H5471,C01,4,4
H5471,C02,4,4
H5471,C03,1,1
H5471,C04,Not enough data available ,
H5471,C05,Not enough data available ,
H5471,C06,5,5
H5471,C07,5,5
H5471,C08,4,4
H5471,C09,5,5
H5471,C10,4,4
H5471,C11,4,4
H5471,C12,4,4
H5471,C13,5,5
H5471,C14,5,5
H5471,C15,5,5
H5471,C16,5,5
H5471,C17,3,3
H5471,C18,2,2
H5471,C19,4,4
H5471,C20,1,1
H5471,C21,4,4
H5471,C22,5,5
H5471,C23,5,5
H5471,C24,4,4
H5471,C25,5,5
H5471,C26,5,5
H5471,C27,5,5
H5471,C28,4,4
H5471,C29,2,2
H5471,C30,5,5
H5471,C31,4,4
H5471,C32,5,5
H5471,C33,5,5
H5471,D01,5,5
H5471,D02,4,4
H5471,D03,2,2
H5471,D04,5,5
H5471,D05,5,5
H5471,D06,4,4
H5471,D07,5,5
H5471,D08,4,4
H5471,D09,4,4
H5471,D10,3,3
H5471,D11,5,5
H5471,D12,5,5
H5472,C01,Not enough data available ,
H5472,C02,Not enough data available ,
H5472,C03,4,4
H5472,C04,Plan too new to be measured ,
H5472,C05,Plan too new to be measured ,
H5472,C06,4,4
H5472,C07,5,5
H5472,C08,5,5
H5472,C09,5,5
H5472,C10,Not enough data available ,
H5472,C11,4,4
H5472,C12,3,3
H5472,C13,4,4
H5472,C14,5,5
H5472,C15,Not enough data available ,
H5472,C16,Not enough data available ,
H5472,C17,5,5
H5472,C18,No data available ,
H5472,C19,Not enough data available ,
H5472,C20,4,4
H5472,C21,5,5
H5472,C22,2,2
H5472,C23,3,3
H5472,C24,4,4
H5472,C25,5,5
H5472,C26,5,5
H5472,C27,1,1
H5472,C28,4,4
H5472,C29,3,3
H5472,C30,Not enough data available ,
H5472,C31,Not enough data available ,
H5472,C32,Not enough data available ,
H5472,C33,5,5
H5472,D01,5,5
H5472,D02,4,4
H5472,D03,3,3
H5472,D04,Not enough data available ,
H5472,D05,5,5
H5472,D06,Not enough data available ,
H5472,D07,5,5
H5472,D08,5,5
H5472,D09,5,5
H5472,D10,4,4
H5472,D11,3,3
H5472,D12,5,5
H5475,C01,2,2
H5475,C02,3,3
H5475,C03,2,2
H5475,C04,Not enough data available ,
H5475,C05,Not enough data available ,
H5475,C06,2,2
H5475,C07,3,3
H5475,C08,4,4
H5475,C09,3,3
H5475,C10,2,2
H5475,C11,3,3
H5475,C12,3,3
H5475,C13,3,3
H5475,C14,2,2
H5475,C15,2,2
H5475,C16,Not enough data available ,
H5475,C17,3,3
H5475,C18,3,3
H5475,C19,3,3
H5475,C20,3,3
H5475,C21,2,2
H5475,C22,2,2
H5475,C23,4,4
H5475,C24,2,2
H5475,C25,1,1
H5475,C26,1,1
H5475,C27,Not enough data available ,
H5475,C28,3,3
H5475,C29,3,3
H5475,C30,4,4
H5475,C31,3,3
H5475,C32,5,5
H5475,C33,5,5
H5475,D01,5,5
H5475,D02,3,3
H5475,D03,3,3
H5475,D04,4,4
H5475,D05,1,1
H5475,D06,Not enough data available ,
H5475,D07,5,5
H5475,D08,1,1
H5475,D09,2,2
H5475,D10,2,2
H5475,D11,4,4
H5475,D12,3,3
H5496,C01,5,5
H5496,C02,5,5
H5496,C03,2,2
H5496,C04,3,3
H5496,C05,1,1
H5496,C06,3,3
H5496,C07,5,5
H5496,C08,5,5
H5496,C09,5,5
H5496,C10,Not enough data available ,
H5496,C11,5,5
H5496,C12,5,5
H5496,C13,5,5
H5496,C14,5,5
H5496,C15,2,2
H5496,C16,1,1
H5496,C17,5,5
H5496,C18,5,5
H5496,C19,5,5
H5496,C20,5,5
H5496,C21,5,5
H5496,C22,1,1
H5496,C23,Not enough data available ,
H5496,C24,1,1
H5496,C25,2,2
H5496,C26,2,2
H5496,C27,Not enough data available ,
H5496,C28,2,2
H5496,C29,3,3
H5496,C30,4,4
H5496,C31,5,5
H5496,C32,5,5
H5496,C33,3,3
H5496,D01,3,3
H5496,D02,2,2
H5496,D03,3,3
H5496,D04,3,3
H5496,D05,4,4
H5496,D06,3,3
H5496,D07,4,4
H5496,D08,4,4
H5496,D09,4,4
H5496,D10,4,4
H5496,D11,4,4
H5496,D12,5,5
H5521,C01,4,4
H5521,C02,4,4
H5521,C03,3,3
H5521,C04,5,5
H5521,C05,5,5
H5521,C06,3,3
H5521,C07,3,3
H5521,C08,5,5
H5521,C09,4,4
H5521,C10,3,3
H5521,C11,4,4
H5521,C12,5,5
H5521,C13,3,3
H5521,C14,4,4
H5521,C15,1,1
H5521,C16,3,3
H5521,C17,5,5
H5521,C18,4,4
H5521,C19,3,3
H5521,C20,3,3
H5521,C21,4,4
H5521,C22,4,4
H5521,C23,4,4
H5521,C24,3,3
H5521,C25,5,5
H5521,C26,4,4
H5521,C27,5,5
H5521,C28,5,5
H5521,C29,5,5
H5521,C30,4,4
H5521,C31,3,3
H5521,C32,4,4
H5521,C33,4,4
H5521,D01,5,5
H5521,D02,5,5
H5521,D03,5,5
H5521,D04,5,5
H5521,D05,4,4
H5521,D06,4,4
H5521,D07,5,5
H5521,D08,4,4
H5521,D09,4,4
H5521,D10,4,4
H5521,D11,4,4
H5521,D12,3,3
H5522,C01,4,4
H5522,C02,4,4
H5522,C03,5,5
H5522,C04,3,3
H5522,C05,4,4
H5522,C06,3,3
H5522,C07,Plan not required to report measure ,
H5522,C08,Plan not required to report measure ,
H5522,C09,Plan not required to report measure ,
H5522,C10,4,4
H5522,C11,4,4
H5522,C12,5,5
H5522,C13,3,3
H5522,C14,5,5
H5522,C15,2,2
H5522,C16,4,4
H5522,C17,4,4
H5522,C18,4,4
H5522,C19,3,3
H5522,C20,3,3
H5522,C21,3,3
H5522,C22,4,4
H5522,C23,4,4
H5522,C24,3,3
H5522,C25,4,4
H5522,C26,5,5
H5522,C27,4,4
H5522,C28,5,5
H5522,C29,5,5
H5522,C30,4,4
H5522,C31,3,3
H5522,C32,4,4
H5522,C33,4,4
H5522,D01,5,5
H5522,D02,5,5
H5522,D03,5,5
H5522,D04,3,3
H5522,D05,5,5
H5522,D06,4,4
H5522,D07,5,5
H5522,D08,4,4
H5522,D09,4,4
H5522,D10,4,4
H5522,D11,3,3
H5522,D12,3,3
H5525,C01,3,3
H5525,C02,4,4
H5525,C03,3,3
H5525,C04,Not enough data available ,
H5525,C05,Not enough data available ,
H5525,C06,2,2
H5525,C07,4,4
H5525,C08,5,5
H5525,C09,5,5
H5525,C10,2,2
H5525,C11,3,3
H5525,C12,3,3
H5525,C13,3,3
H5525,C14,3,3
H5525,C15,3,3
H5525,C16,2,2
H5525,C17,4,4
H5525,C18,2,2
H5525,C19,3,3
H5525,C20,4,4
H5525,C21,2,2
H5525,C22,4,4
H5525,C23,4,4
H5525,C24,4,4
H5525,C25,4,4
H5525,C26,3,3
H5525,C27,4,4
H5525,C28,4,4
H5525,C29,3,3
H5525,C30,3,3
H5525,C31,4,4
H5525,C32,3,3
H5525,C33,5,5
H5525,D01,5,5
H5525,D02,4,4
H5525,D03,3,3
H5525,D04,3,3
H5525,D05,4,4
H5525,D06,4,4
H5525,D07,1,1
H5525,D08,3,3
H5525,D09,3,3
H5525,D10,3,3
H5525,D11,3,3
H5525,D12,3,3
H5526,C01,5,5
H5526,C02,5,5
H5526,C03,5,5
H5526,C04,4,4
H5526,C05,4,4
H5526,C06,3,3
H5526,C07,Plan not required to report measure ,
H5526,C08,Plan not required to report measure ,
H5526,C09,Plan not required to report measure ,
H5526,C10,3,3
H5526,C11,4,4
H5526,C12,5,5
H5526,C13,4,4
H5526,C14,4,4
H5526,C15,1,1
H5526,C16,5,5
H5526,C17,4,4
H5526,C18,3,3
H5526,C19,5,5
H5526,C20,3,3
H5526,C21,3,3
H5526,C22,5,5
H5526,C23,5,5
H5526,C24,2,2
H5526,C25,4,4
H5526,C26,4,4
H5526,C27,3,3
H5526,C28,5,5
H5526,C29,5,5
H5526,C30,4,4
H5526,C31,3,3
H5526,C32,4,4
H5526,C33,3,3
H5526,D01,4,4
H5526,D02,5,5
H5526,D03,5,5
H5526,D04,4,4
H5526,D05,4,4
H5526,D06,4,4
H5526,D07,5,5
H5526,D08,4,4
H5526,D09,5,5
H5526,D10,4,4
H5526,D11,3,3
H5526,D12,5,5
H5528,C01,Plan too small to be measured ,
H5528,C02,Plan too small to be measured ,
H5528,C03,Plan too small to be measured ,
H5528,C04,Plan too small to be measured ,
H5528,C05,Plan too small to be measured ,
H5528,C06,Plan too small to be measured ,
H5528,C07,Plan not required to report measure ,
H5528,C08,Plan not required to report measure ,
H5528,C09,Plan not required to report measure ,
H5528,C10,Plan too small to be measured ,
H5528,C11,Plan too small to be measured ,
H5528,C12,Plan too small to be measured ,
H5528,C13,Plan too small to be measured ,
H5528,C14,Plan too small to be measured ,
H5528,C15,Plan too small to be measured ,
H5528,C16,Plan too small to be measured ,
H5528,C17,Plan too small to be measured ,
H5528,C18,Plan too small to be measured ,
H5528,C19,Plan too small to be measured ,
H5528,C20,Plan too small to be measured ,
H5528,C21,Plan too small to be measured ,
H5528,C22,Plan too small to be measured ,
H5528,C23,Plan too small to be measured ,
H5528,C24,Plan too small to be measured ,
H5528,C25,Plan too small to be measured ,
H5528,C26,Plan too small to be measured ,
H5528,C27,Plan too small to be measured ,
H5528,C28,Not enough data available ,
H5528,C29,Not enough data available ,
H5528,C30,Not enough data available ,
H5528,C31,Not enough data available ,
H5528,C32,Not enough data available ,
H5528,C33,Not enough data available ,
H5528,D01,Not enough data available ,
H5528,D02,Not enough data available ,
H5528,D03,Not enough data available ,
H5528,D04,Not enough data available ,
H5528,D05,Plan too small to be measured ,
H5528,D06,Plan too small to be measured ,
H5528,D07,Not enough data available ,
H5528,D08,Not enough data available ,
H5528,D09,Not enough data available ,
H5528,D10,Not enough data available ,
H5528,D11,Not enough data available ,
H5528,D12,Not enough data available,
H5533,C01,4,4
H5533,C02,5,5
H5533,C03,4,4
H5533,C04,3,3
H5533,C05,3,3
H5533,C06,2,2
H5533,C07,Plan not required to report measure ,
H5533,C08,Plan not required to report measure ,
H5533,C09,Plan not required to report measure ,
H5533,C10,1,1
H5533,C11,4,4
H5533,C12,5,5
H5533,C13,4,4
H5533,C14,4,4
H5533,C15,2,2
H5533,C16,4,4
H5533,C17,5,5
H5533,C18,4,4
H5533,C19,3,3
H5533,C20,5,5
H5533,C21,4,4
H5533,C22,4,4
H5533,C23,5,5
H5533,C24,5,5
H5533,C25,5,5
H5533,C26,5,5
H5533,C27,4,4
H5533,C28,5,5
H5533,C29,5,5
H5533,C30,4,4
H5533,C31,4,4
H5533,C32,4,4
H5533,C33,4,4
H5533,D01,4,4
H5533,D02,5,5
H5533,D03,5,5
H5533,D04,3,3
H5533,D05,4,4
H5533,D06,5,5
H5533,D07,5,5
H5533,D08,4,4
H5533,D09,5,5
H5533,D10,4,4
H5533,D11,2,2
H5533,D12,3,3
H5549,C01,4,4
H5549,C02,5,5
H5549,C03,4,4
H5549,C04,Not enough data available ,
H5549,C05,Not enough data available ,
H5549,C06,4,4
H5549,C07,4,4
H5549,C08,4,4
H5549,C09,4,4
H5549,C10,Not enough data available ,
H5549,C11,3,3
H5549,C12,3,3
H5549,C13,3,3
H5549,C14,4,4
H5549,C15,5,5
H5549,C16,3,3
H5549,C17,5,5
H5549,C18,2,2
H5549,C19,4,4
H5549,C20,3,3
H5549,C21,4,4
H5549,C22,2,2
H5549,C23,3,3
H5549,C24,2,2
H5549,C25,3,3
H5549,C26,3,3
H5549,C27,3,3
H5549,C28,3,3
H5549,C29,3,3
H5549,C30,3,3
H5549,C31,4,4
H5549,C32,3,3
H5549,C33,4,4
H5549,D01,5,5
H5549,D02,3,3
H5549,D03,3,3
H5549,D04,2,2
H5549,D05,1,1
H5549,D06,2,2
H5549,D07,5,5
H5549,D08,4,4
H5549,D09,4,4
H5549,D10,4,4
H5549,D11,5,5
H5549,D12,4,4
H5577,C01,5,5
H5577,C02,5,5
H5577,C03,1,1
H5577,C04,5,5
H5577,C05,4,4
H5577,C06,5,5
H5577,C07,5,5
H5577,C08,5,5
H5577,C09,5,5
H5577,C10,5,5
H5577,C11,5,5
H5577,C12,5,5
H5577,C13,5,5
H5577,C14,5,5
H5577,C15,4,4
H5577,C16,5,5
H5577,C17,5,5
H5577,C18,4,4
H5577,C19,5,5
H5577,C20,5,5
H5577,C21,4,4
H5577,C22,3,3
H5577,C23,4,4
H5577,C24,5,5
H5577,C25,5,5
H5577,C26,5,5
H5577,C27,3,3
H5577,C28,4,4
H5577,C29,5,5
H5577,C30,5,5
H5577,C31,5,5
H5577,C32,4,4
H5577,C33,5,5
H5577,D01,5,5
H5577,D02,4,4
H5577,D03,5,5
H5577,D04,5,5
H5577,D05,5,5
H5577,D06,4,4
H5577,D07,5,5
H5577,D08,3,3
H5577,D09,4,4
H5577,D10,2,2
H5577,D11,5,5
H5577,D12,5,5
H5580,C01,2,2
H5580,C02,3,3
H5580,C03,4,4
H5580,C04,Not enough data available ,
H5580,C05,Not enough data available ,
H5580,C06,3,3
H5580,C07,2,2
H5580,C08,3,3
H5580,C09,3,3
H5580,C10,1,1
H5580,C11,3,3
H5580,C12,3,3
H5580,C13,3,3
H5580,C14,3,3
H5580,C15,4,4
H5580,C16,4,4
H5580,C17,3,3
H5580,C18,1,1
H5580,C19,2,2
H5580,C20,2,2
H5580,C21,4,4
H5580,C22,2,2
H5580,C23,4,4
H5580,C24,3,3
H5580,C25,3,3
H5580,C26,3,3
H5580,C27,3,3
H5580,C28,5,5
H5580,C29,4,4
H5580,C30,4,4
H5580,C31,5,5
H5580,C32,3,3
H5580,C33,3,3
H5580,D01,3,3
H5580,D02,5,5
H5580,D03,4,4
H5580,D04,4,4
H5580,D05,4,4
H5580,D06,Not enough data available ,
H5580,D07,5,5
H5580,D08,2,2
H5580,D09,1,1
H5580,D10,1,1
H5580,D11,2,2
H5580,D12,3,3
H5587,C01,2,2
H5587,C02,2,2
H5587,C03,1,1
H5587,C04,Not enough data available ,
H5587,C05,Not enough data available ,
H5587,C06,2,2
H5587,C07,4,4
H5587,C08,4,4
H5587,C09,4,4
H5587,C10,5,5
H5587,C11,4,4
H5587,C12,3,3
H5587,C13,2,2
H5587,C14,5,5
H5587,C15,3,3
H5587,C16,2,2
H5587,C17,5,5
H5587,C18,3,3
H5587,C19,5,5
H5587,C20,5,5
H5587,C21,2,2
H5587,C22,1,1
H5587,C23,1,1
H5587,C24,3,3
H5587,C25,1,1
H5587,C26,2,2
H5587,C27,1,1
H5587,C28,4,4
H5587,C29,4,4
H5587,C30,4,4
H5587,C31,4,4
H5587,C32,2,2
H5587,C33,4,4
H5587,D01,4,4
H5587,D02,4,4
H5587,D03,4,4
H5587,D04,3,3
H5587,D05,3,3
H5587,D06,3,3
H5587,D07,4,4
H5587,D08,5,5
H5587,D09,5,5
H5587,D10,5,5
H5587,D11,4,4
H5587,D12,4,4
H5590,C01,2,2
H5590,C02,3,3
H5590,C03,2,2
H5590,C04,Not enough data available ,
H5590,C05,Not enough data available ,
H5590,C06,3,3
H5590,C07,4,4
H5590,C08,4,4
H5590,C09,4,4
H5590,C10,4,4
H5590,C11,4,4
H5590,C12,3,3
H5590,C13,3,3
H5590,C14,3,3
H5590,C15,2,2
H5590,C16,Not enough data available ,
H5590,C17,3,3
H5590,C18,1,1
H5590,C19,2,2
H5590,C20,2,2
H5590,C21,3,3
H5590,C22,1,1
H5590,C23,Not enough data available ,
H5590,C24,1,1
H5590,C25,2,2
H5590,C26,3,3
H5590,C27,Not enough data available ,
H5590,C28,3,3
H5590,C29,4,4
H5590,C30,3,3
H5590,C31,5,5
H5590,C32,4,4
H5590,C33,5,5
H5590,D01,5,5
H5590,D02,3,3
H5590,D03,4,4
H5590,D04,5,5
H5590,D05,3,3
H5590,D06,2,2
H5590,D07,5,5
H5590,D08,4,4
H5590,D09,3,3
H5590,D10,4,4
H5590,D11,4,4
H5590,D12,3,3
H5591,C01,5,5
H5591,C02,5,5
H5591,C03,5,5
H5591,C04,4,4
H5591,C05,4,4
H5591,C06,3,3
H5591,C07,Plan not required to report measure ,
H5591,C08,Plan not required to report measure ,
H5591,C09,Plan not required to report measure ,
H5591,C10,1,1
H5591,C11,4,4
H5591,C12,5,5
H5591,C13,3,3
H5591,C14,4,4
H5591,C15,1,1
H5591,C16,3,3
H5591,C17,5,5
H5591,C18,3,3
H5591,C19,4,4
H5591,C20,5,5
H5591,C21,3,3
H5591,C22,2,2
H5591,C23,4,4
H5591,C24,5,5
H5591,C25,2,2
H5591,C26,5,5
H5591,C27,3,3
H5591,C28,5,5
H5591,C29,5,5
H5591,C30,4,4
H5591,C31,3,3
H5591,C32,2,2
H5591,C33,5,5
H5591,D01,5,5
H5591,D02,5,5
H5591,D03,5,5
H5591,D04,4,4
H5591,D05,4,4
H5591,D06,4,4
H5591,D07,5,5
H5591,D08,3,3
H5591,D09,4,4
H5591,D10,4,4
H5591,D11,3,3
H5591,D12,2,2
H5593,C01,3,3
H5593,C02,3,3
H5593,C03,4,4
H5593,C04,Not enough data available ,
H5593,C05,Not enough data available ,
H5593,C06,2,2
H5593,C07,3,3
H5593,C08,5,5
H5593,C09,3,3
H5593,C10,Not enough data available ,
H5593,C11,4,4
H5593,C12,3,3
H5593,C13,3,3
H5593,C14,4,4
H5593,C15,4,4
H5593,C16,3,3
H5593,C17,5,5
H5593,C18,4,4
H5593,C19,4,4
H5593,C20,3,3
H5593,C21,3,3
H5593,C22,5,5
H5593,C23,4,4
H5593,C24,3,3
H5593,C25,3,3
H5593,C26,4,4
H5593,C27,4,4
H5593,C28,4,4
H5593,C29,1,1
H5593,C30,2,2
H5593,C31,5,5
H5593,C32,5,5
H5593,C33,4,4
H5593,D01,5,5
H5593,D02,4,4
H5593,D03,1,1
H5593,D04,2,2
H5593,D05,5,5
H5593,D06,4,4
H5593,D07,5,5
H5593,D08,4,4
H5593,D09,2,2
H5593,D10,3,3
H5593,D11,4,4
H5593,D12,3,3
H5594,C01,5,5
H5594,C02,5,5
H5594,C03,3,3
H5594,C04,3,3
H5594,C05,4,4
H5594,C06,4,4
H5594,C07,5,5
H5594,C08,5,5
H5594,C09,5,5
H5594,C10,5,5
H5594,C11,4,4
H5594,C12,4,4
H5594,C13,5,5
H5594,C14,5,5
H5594,C15,4,4
H5594,C16,5,5
H5594,C17,4,4
H5594,C18,3,3
H5594,C19,3,3
H5594,C20,3,3
H5594,C21,5,5
H5594,C22,5,5
H5594,C23,5,5
H5594,C24,3,3
H5594,C25,4,4
H5594,C26,5,5
H5594,C27,4,4
H5594,C28,5,5
H5594,C29,4,4
H5594,C30,3,3
H5594,C31,4,4
H5594,C32,5,5
H5594,C33,5,5
H5594,D01,5,5
H5594,D02,5,5
H5594,D03,4,4
H5594,D04,3,3
H5594,D05,5,5
H5594,D06,4,4
H5594,D07,5,5
H5594,D08,4,4
H5594,D09,4,4
H5594,D10,3,3
H5594,D11,4,4
H5594,D12,4,4
H5599,C01,2,2
H5599,C02,3,3
H5599,C03,2,2
H5599,C04,Not enough data available ,
H5599,C05,Not enough data available ,
H5599,C06,4,4
H5599,C07,3,3
H5599,C08,3,3
H5599,C09,3,3
H5599,C10,2,2
H5599,C11,2,2
H5599,C12,3,3
H5599,C13,2,2
H5599,C14,2,2
H5599,C15,5,5
H5599,C16,Not enough data available ,
H5599,C17,2,2
H5599,C18,2,2
H5599,C19,3,3
H5599,C20,1,1
H5599,C21,2,2
H5599,C22,2,2
H5599,C23,Not enough data available ,
H5599,C24,1,1
H5599,C25,1,1
H5599,C26,1,1
H5599,C27,2,2
H5599,C28,3,3
H5599,C29,4,4
H5599,C30,2,2
H5599,C31,3,3
H5599,C32,4,4
H5599,C33,5,5
H5599,D01,5,5
H5599,D02,3,3
H5599,D03,4,4
H5599,D04,4,4
H5599,D05,3,3
H5599,D06,Not enough data available ,
H5599,D07,5,5
H5599,D08,3,3
H5599,D09,2,2
H5599,D10,2,2
H5599,D11,4,4
H5599,D12,3,3
H5608,C01,4,4
H5608,C02,4,4
H5608,C03,5,5
H5608,C04,Not enough data available ,
H5608,C05,Not enough data available ,
H5608,C06,4,4
H5608,C07,4,4
H5608,C08,5,5
H5608,C09,3,3
H5608,C10,Not enough data available ,
H5608,C11,3,3
H5608,C12,3,3
H5608,C13,5,5
H5608,C14,2,2
H5608,C15,4,4
H5608,C16,2,2
H5608,C17,3,3
H5608,C18,2,2
H5608,C19,5,5
H5608,C20,4,4
H5608,C21,1,1
H5608,C22,1,1
H5608,C23,2,2
H5608,C24,3,3
H5608,C25,4,4
H5608,C26,4,4
H5608,C27,3,3
H5608,C28,5,5
H5608,C29,4,4
H5608,C30,4,4
H5608,C31,Not enough data available ,
H5608,C32,Not enough data available ,
H5608,C33,4,4
H5608,D01,4,4
H5608,D02,5,5
H5608,D03,4,4
H5608,D04,3,3
H5608,D05,5,5
H5608,D06,3,3
H5608,D07,4,4
H5608,D08,4,4
H5608,D09,4,4
H5608,D10,4,4
H5608,D11,3,3
H5608,D12,5,5
H5619,C01,3,3
H5619,C02,4,4
H5619,C03,2,2
H5619,C04,2,2
H5619,C05,3,3
H5619,C06,3,3
H5619,C07,4,4
H5619,C08,4,4
H5619,C09,5,5
H5619,C10,3,3
H5619,C11,3,3
H5619,C12,4,4
H5619,C13,3,3
H5619,C14,4,4
H5619,C15,3,3
H5619,C16,1,1
H5619,C17,5,5
H5619,C18,2,2
H5619,C19,3,3
H5619,C20,4,4
H5619,C21,2,2
H5619,C22,3,3
H5619,C23,3,3
H5619,C24,3,3
H5619,C25,2,2
H5619,C26,2,2
H5619,C27,3,3
H5619,C28,4,4
H5619,C29,3,3
H5619,C30,4,4
H5619,C31,3,3
H5619,C32,4,4
H5619,C33,5,5
H5619,D01,5,5
H5619,D02,4,4
H5619,D03,3,3
H5619,D04,3,3
H5619,D05,2,2
H5619,D06,2,2
H5619,D07,1,1
H5619,D08,2,2
H5619,D09,3,3
H5619,D10,3,3
H5619,D11,3,3
H5619,D12,3,3
H5628,C01,2,2
H5628,C02,3,3
H5628,C03,2,2
H5628,C04,Not enough data available ,
H5628,C05,Not enough data available ,
H5628,C06,3,3
H5628,C07,2,2
H5628,C08,3,3
H5628,C09,3,3
H5628,C10,1,1
H5628,C11,3,3
H5628,C12,2,2
H5628,C13,3,3
H5628,C14,2,2
H5628,C15,4,4
H5628,C16,Not enough data available ,
H5628,C17,3,3
H5628,C18,4,4
H5628,C19,2,2
H5628,C20,2,2
H5628,C21,2,2
H5628,C22,2,2
H5628,C23,3,3
H5628,C24,1,1
H5628,C25,1,1
H5628,C26,1,1
H5628,C27,3,3
H5628,C28,4,4
H5628,C29,4,4
H5628,C30,3,3
H5628,C31,4,4
H5628,C32,3,3
H5628,C33,5,5
H5628,D01,5,5
H5628,D02,4,4
H5628,D03,4,4
H5628,D04,4,4
H5628,D05,3,3
H5628,D06,3,3
H5628,D07,5,5
H5628,D08,3,3
H5628,D09,3,3
H5628,D10,3,3
H5628,D11,3,3
H5628,D12,2,2
H5644,C01,Plan too small to be measured ,
H5644,C02,Plan too small to be measured ,
H5644,C03,Plan too small to be measured ,
H5644,C04,Plan too small to be measured ,
H5644,C05,Plan too small to be measured ,
H5644,C06,Plan too small to be measured ,
H5644,C07,Plan not required to report measure ,
H5644,C08,Plan not required to report measure ,
H5644,C09,Plan not required to report measure ,
H5644,C10,Plan too small to be measured ,
H5644,C11,Plan too small to be measured ,
H5644,C12,Plan too small to be measured ,
H5644,C13,Plan too small to be measured ,
H5644,C14,Plan too small to be measured ,
H5644,C15,Plan too small to be measured ,
H5644,C16,Plan too small to be measured ,
H5644,C17,Plan too small to be measured ,
H5644,C18,Plan too small to be measured ,
H5644,C19,Plan too small to be measured ,
H5644,C20,Plan too small to be measured ,
H5644,C21,Plan too small to be measured ,
H5644,C22,Plan too small to be measured ,
H5644,C23,Plan too small to be measured ,
H5644,C24,Plan too small to be measured ,
H5644,C25,Plan too small to be measured ,
H5644,C26,Plan too small to be measured ,
H5644,C27,Plan too small to be measured ,
H5644,C28,No data available ,
H5644,C29,Not enough data available ,
H5644,C30,Not enough data available ,
H5644,C31,Not enough data available ,
H5644,C32,Not enough data available ,
H5644,C33,Not enough data available ,
H5644,D01,Not enough data available ,
H5644,D02,No data available ,
H5644,D03,Not enough data available ,
H5644,D04,Not enough data available ,
H5644,D05,Plan too small to be measured ,
H5644,D06,Plan too small to be measured ,
H5644,D07,Not enough data available ,
H5644,D08,Not enough data available ,
H5644,D09,Not enough data available ,
H5644,D10,Not enough data available ,
H5644,D11,Not required to report ,
H5644,D12,Not enough data available,
H5649,C01,3,3
H5649,C02,3,3
H5649,C03,5,5
H5649,C04,3,3
H5649,C05,2,2
H5649,C06,4,4
H5649,C07,2,2
H5649,C08,4,4
H5649,C09,3,3
H5649,C10,5,5
H5649,C11,4,4
H5649,C12,3,3
H5649,C13,4,4
H5649,C14,3,3
H5649,C15,3,3
H5649,C16,1,1
H5649,C17,4,4
H5649,C18,2,2
H5649,C19,3,3
H5649,C20,2,2
H5649,C21,2,2
H5649,C22,1,1
H5649,C23,Not enough data available ,
H5649,C24,Not enough data available ,
H5649,C25,1,1
H5649,C26,1,1
H5649,C27,Not enough data available ,
H5649,C28,4,4
H5649,C29,3,3
H5649,C30,4,4
H5649,C31,4,4
H5649,C32,3,3
H5649,C33,5,5
H5649,D01,5,5
H5649,D02,4,4
H5649,D03,3,3
H5649,D04,5,5
H5649,D05,3,3
H5649,D06,Not enough data available ,
H5649,D07,5,5
H5649,D08,3,3
H5649,D09,2,2
H5649,D10,2,2
H5649,D11,2,2
H5649,D12,4,4
H5652,C01,5,5
H5652,C02,4,4
H5652,C03,5,5
H5652,C04,3,3
H5652,C05,3,3
H5652,C06,5,5
H5652,C07,4,4
H5652,C08,5,5
H5652,C09,5,5
H5652,C10,Not enough data available ,
H5652,C11,5,5
H5652,C12,5,5
H5652,C13,5,5
H5652,C14,5,5
H5652,C15,4,4
H5652,C16,3,3
H5652,C17,4,4
H5652,C18,5,5
H5652,C19,Not enough data available ,
H5652,C20,2,2
H5652,C21,4,4
H5652,C22,4,4
H5652,C23,5,5
H5652,C24,5,5
H5652,C25,5,5
H5652,C26,5,5
H5652,C27,3,3
H5652,C28,5,5
H5652,C29,5,5
H5652,C30,3,3
H5652,C31,5,5
H5652,C32,5,5
H5652,C33,5,5
H5652,D01,5,5
H5652,D02,5,5
H5652,D03,5,5
H5652,D04,3,3
H5652,D05,5,5
H5652,D06,5,5
H5652,D07,5,5
H5652,D08,3,3
H5652,D09,4,4
H5652,D10,4,4
H5652,D11,5,5
H5652,D12,2,2
H5692,C01,Plan too new to be measured ,
H5692,C02,Plan too new to be measured ,
H5692,C03,Plan too new to be measured ,
H5692,C04,Plan too new to be measured ,
H5692,C05,Plan too new to be measured ,
H5692,C06,Plan too new to be measured ,
H5692,C07,Plan too new to be measured ,
H5692,C08,Plan too new to be measured ,
H5692,C09,Plan too new to be measured ,
H5692,C10,Plan too new to be measured ,
H5692,C11,Plan too new to be measured ,
H5692,C12,Plan too new to be measured ,
H5692,C13,Plan too new to be measured ,
H5692,C14,Plan too new to be measured ,
H5692,C15,Plan too new to be measured ,
H5692,C16,Plan too new to be measured ,
H5692,C17,Plan too new to be measured ,
H5692,C18,Plan too new to be measured ,
H5692,C19,Plan too new to be measured ,
H5692,C20,Plan too new to be measured ,
H5692,C21,Plan too new to be measured ,
H5692,C22,Plan too new to be measured ,
H5692,C23,Plan too new to be measured ,
H5692,C24,Plan too new to be measured ,
H5692,C25,Plan too new to be measured ,
H5692,C26,Plan too new to be measured ,
H5692,C27,Plan too new to be measured ,
H5692,C28,Plan too new to be measured ,
H5692,C29,Plan too new to be measured ,
H5692,C30,Plan too new to be measured ,
H5692,C31,Not enough data available ,
H5692,C32,Not enough data available ,
H5692,C33,Plan too new to be measured ,
H5692,D01,Plan too new to be measured ,
H5692,D02,Plan too new to be measured ,
H5692,D03,Plan too new to be measured ,
H5692,D04,Plan too new to be measured ,
H5692,D05,Plan too new to be measured ,
H5692,D06,Plan too new to be measured ,
H5692,D07,Plan too new to be measured ,
H5692,D08,Plan too new to be measured ,
H5692,D09,Plan too new to be measured ,
H5692,D10,Plan too new to be measured ,
H5692,D11,Plan too new to be measured ,
H5692,D12,Plan too new to be measured,
H5703,C01,Plan too small to be measured ,
H5703,C02,Plan too small to be measured ,
H5703,C03,Plan too small to be measured ,
H5703,C04,Not enough data available ,
H5703,C05,Not enough data available ,
H5703,C06,Plan too small to be measured ,
H5703,C07,2,2
H5703,C08,Not enough data available ,
H5703,C09,Not enough data available ,
H5703,C10,Plan too small to be measured ,
H5703,C11,Plan too small to be measured ,
H5703,C12,Plan too small to be measured ,
H5703,C13,Plan too small to be measured ,
H5703,C14,Plan too small to be measured ,
H5703,C15,Plan too small to be measured ,
H5703,C16,Plan too small to be measured ,
H5703,C17,Plan too small to be measured ,
H5703,C18,Plan too small to be measured ,
H5703,C19,Plan too small to be measured ,
H5703,C20,Plan too small to be measured ,
H5703,C21,Plan too small to be measured ,
H5703,C22,Plan too small to be measured ,
H5703,C23,Plan too small to be measured ,
H5703,C24,Plan too small to be measured ,
H5703,C25,Plan too small to be measured ,
H5703,C26,Plan too small to be measured ,
H5703,C27,Plan too small to be measured ,
H5703,C28,Not enough data available ,
H5703,C29,Not enough data available ,
H5703,C30,Not enough data available ,
H5703,C31,Not enough data available ,
H5703,C32,Not enough data available ,
H5703,C33,4,4
H5703,D01,4,4
H5703,D02,Not enough data available ,
H5703,D03,Not enough data available ,
H5703,D04,3,3
H5703,D05,Plan too small to be measured ,
H5703,D06,Plan too small to be measured ,
H5703,D07,5,5
H5703,D08,5,5
H5703,D09,3,3
H5703,D10,4,4
H5703,D11,4,4
H5703,D12,4,4
H5718,C01,Plan too new to be measured ,
H5718,C02,Plan too new to be measured ,
H5718,C03,Plan too new to be measured ,
H5718,C04,Plan too new to be measured ,
H5718,C05,Plan too new to be measured ,
H5718,C06,Plan too new to be measured ,
H5718,C07,Plan too new to be measured ,
H5718,C08,Plan too new to be measured ,
H5718,C09,Plan too new to be measured ,
H5718,C10,Plan too new to be measured ,
H5718,C11,Plan too new to be measured ,
H5718,C12,Plan too new to be measured ,
H5718,C13,Plan too new to be measured ,
H5718,C14,Plan too new to be measured ,
H5718,C15,Plan too new to be measured ,
H5718,C16,Plan too new to be measured ,
H5718,C17,Plan too new to be measured ,
H5718,C18,Plan too new to be measured ,
H5718,C19,Plan too new to be measured ,
H5718,C20,Plan too new to be measured ,
H5718,C21,Plan too new to be measured ,
H5718,C22,Plan too new to be measured ,
H5718,C23,Plan too new to be measured ,
H5718,C24,Plan too new to be measured ,
H5718,C25,Plan too new to be measured ,
H5718,C26,Plan too new to be measured ,
H5718,C27,Plan too new to be measured ,
H5718,C28,Plan too new to be measured ,
H5718,C29,Not enough data available ,
H5718,C30,Plan too new to be measured ,
H5718,C31,Not enough data available ,
H5718,C32,Not enough data available ,
H5718,C33,4,4
H5718,D01,5,5
H5718,D02,Plan too new to be measured ,
H5718,D03,Not enough data available ,
H5718,D04,Plan too new to be measured ,
H5718,D05,Plan too new to be measured ,
H5718,D06,Plan too new to be measured ,
H5718,D07,Plan too new to be measured ,
H5718,D08,Plan too new to be measured ,
H5718,D09,Plan too new to be measured ,
H5718,D10,Plan too new to be measured ,
H5718,D11,Plan too new to be measured ,
H5718,D12,Plan too new to be measured,
H5734,C01,Plan too new to be measured ,
H5734,C02,Plan too new to be measured ,
H5734,C03,Plan too new to be measured ,
H5734,C04,Plan too new to be measured ,
H5734,C05,Plan too new to be measured ,
H5734,C06,Plan too new to be measured ,
H5734,C07,Plan too new to be measured ,
H5734,C08,Plan too new to be measured ,
H5734,C09,Plan too new to be measured ,
H5734,C10,Plan too new to be measured ,
H5734,C11,Plan too new to be measured ,
H5734,C12,Plan too new to be measured ,
H5734,C13,Plan too new to be measured ,
H5734,C14,Plan too new to be measured ,
H5734,C15,Plan too new to be measured ,
H5734,C16,Plan too new to be measured ,
H5734,C17,Plan too new to be measured ,
H5734,C18,Plan too new to be measured ,
H5734,C19,Plan too new to be measured ,
H5734,C20,Plan too new to be measured ,
H5734,C21,Plan too new to be measured ,
H5734,C22,Plan too new to be measured ,
H5734,C23,Plan too new to be measured ,
H5734,C24,Plan too new to be measured ,
H5734,C25,Plan too new to be measured ,
H5734,C26,Plan too new to be measured ,
H5734,C27,Plan too new to be measured ,
H5734,C28,Plan too new to be measured ,
H5734,C29,Plan too new to be measured ,
H5734,C30,Plan too new to be measured ,
H5734,C31,Not enough data available ,
H5734,C32,Not enough data available ,
H5734,C33,Plan too new to be measured ,
H5734,D01,Plan too new to be measured ,
H5734,D02,Plan too new to be measured ,
H5734,D03,Plan too new to be measured ,
H5734,D04,Plan too new to be measured ,
H5734,D05,Plan too new to be measured ,
H5734,D06,Plan too new to be measured ,
H5734,D07,Plan too new to be measured ,
H5734,D08,Plan too new to be measured ,
H5734,D09,Plan too new to be measured ,
H5734,D10,Plan too new to be measured ,
H5734,D11,Plan too new to be measured ,
H5734,D12,Plan too new to be measured,
H5774,C01,5,5
H5774,C02,5,5
H5774,C03,1,1
H5774,C04,3,3
H5774,C05,1,1
H5774,C06,4,4
H5774,C07,5,5
H5774,C08,5,5
H5774,C09,5,5
H5774,C10,5,5
H5774,C11,5,5
H5774,C12,5,5
H5774,C13,5,5
H5774,C14,5,5
H5774,C15,4,4
H5774,C16,5,5
H5774,C17,5,5
H5774,C18,3,3
H5774,C19,4,4
H5774,C20,4,4
H5774,C21,3,3
H5774,C22,3,3
H5774,C23,3,3
H5774,C24,5,5
H5774,C25,5,5
H5774,C26,5,5
H5774,C27,3,3
H5774,C28,4,4
H5774,C29,4,4
H5774,C30,5,5
H5774,C31,5,5
H5774,C32,5,5
H5774,C33,4,4
H5774,D01,4,4
H5774,D02,4,4
H5774,D03,4,4
H5774,D04,3,3
H5774,D05,5,5
H5774,D06,5,5
H5774,D07,5,5
H5774,D08,4,4
H5774,D09,4,4
H5774,D10,2,2
H5774,D11,4,4
H5774,D12,5,5
H5779,C01,2,2
H5779,C02,3,3
H5779,C03,4,4
H5779,C04,Not enough data available ,
H5779,C05,Not enough data available ,
H5779,C06,2,2
H5779,C07,Plan not required to report measure ,
H5779,C08,Plan not required to report measure ,
H5779,C09,Plan not required to report measure ,
H5779,C10,Not enough data available ,
H5779,C11,3,3
H5779,C12,3,3
H5779,C13,4,4
H5779,C14,3,3
H5779,C15,4,4
H5779,C16,Not enough data available ,
H5779,C17,3,3
H5779,C18,2,2
H5779,C19,2,2
H5779,C20,3,3
H5779,C21,2,2
H5779,C22,1,1
H5779,C23,3,3
H5779,C24,1,1
H5779,C25,2,2
H5779,C26,2,2
H5779,C27,3,3
H5779,C28,3,3
H5779,C29,2,2
H5779,C30,3,3
H5779,C31,5,5
H5779,C32,5,5
H5779,C33,5,5
H5779,D01,5,5
H5779,D02,3,3
H5779,D03,2,2
H5779,D04,3,3
H5779,D05,3,3
H5779,D06,Not enough data available ,
H5779,D07,5,5
H5779,D08,3,3
H5779,D09,3,3
H5779,D10,3,3
H5779,D11,4,4
H5779,D12,4,4
H5793,C01,3,3
H5793,C02,4,4
H5793,C03,4,4
H5793,C04,5,5
H5793,C05,5,5
H5793,C06,4,4
H5793,C07,3,3
H5793,C08,5,5
H5793,C09,3,3
H5793,C10,2,2
H5793,C11,3,3
H5793,C12,4,4
H5793,C13,3,3
H5793,C14,4,4
H5793,C15,4,4
H5793,C16,1,1
H5793,C17,5,5
H5793,C18,3,3
H5793,C19,4,4
H5793,C20,3,3
H5793,C21,3,3
H5793,C22,3,3
H5793,C23,1,1
H5793,C24,4,4
H5793,C25,2,2
H5793,C26,4,4
H5793,C27,3,3
H5793,C28,4,4
H5793,C29,3,3
H5793,C30,3,3
H5793,C31,3,3
H5793,C32,4,4
H5793,C33,4,4
H5793,D01,5,5
H5793,D02,4,4
H5793,D03,3,3
H5793,D04,2,2
H5793,D05,3,3
H5793,D06,3,3
H5793,D07,5,5
H5793,D08,4,4
H5793,D09,4,4
H5793,D10,4,4
H5793,D11,3,3
H5793,D12,4,4
H5810,C01,2,2
H5810,C02,3,3
H5810,C03,3,3
H5810,C04,Not enough data available ,
H5810,C05,Not enough data available ,
H5810,C06,Not enough data available ,
H5810,C07,Plan not required to report measure ,
H5810,C08,Plan not required to report measure ,
H5810,C09,Plan not required to report measure ,
H5810,C10,Not enough data available ,
H5810,C11,2,2
H5810,C12,3,3
H5810,C13,3,3
H5810,C14,3,3
H5810,C15,Not enough data available ,
H5810,C16,Not enough data available ,
H5810,C17,2,2
H5810,C18,No data available ,
H5810,C19,Not enough data available ,
H5810,C20,1,1
H5810,C21,1,1
H5810,C22,1,1
H5810,C23,Not enough data available ,
H5810,C24,1,1
H5810,C25,Not enough data available ,
H5810,C26,2,2
H5810,C27,Not enough data available ,
H5810,C28,1,1
H5810,C29,3,3
H5810,C30,3,3
H5810,C31,5,5
H5810,C32,5,5
H5810,C33,5,5
H5810,D01,5,5
H5810,D02,1,1
H5810,D03,3,3
H5810,D04,3,3
H5810,D05,2,2
H5810,D06,Not enough data available ,
H5810,D07,5,5
H5810,D08,2,2
H5810,D09,4,4
H5810,D10,2,2
H5810,D11,5,5
H5810,D12,4,4
H5823,C01,2,2
H5823,C02,3,3
H5823,C03,2,2
H5823,C04,Not enough data available ,
H5823,C05,Not enough data available ,
H5823,C06,2,2
H5823,C07,2,2
H5823,C08,3,3
H5823,C09,3,3
H5823,C10,1,1
H5823,C11,2,2
H5823,C12,3,3
H5823,C13,3,3
H5823,C14,2,2
H5823,C15,2,2
H5823,C16,Not enough data available ,
H5823,C17,3,3
H5823,C18,2,2
H5823,C19,2,2
H5823,C20,2,2
H5823,C21,2,2
H5823,C22,1,1
H5823,C23,Not enough data available ,
H5823,C24,2,2
H5823,C25,1,1
H5823,C26,1,1
H5823,C27,Not enough data available ,
H5823,C28,3,3
H5823,C29,4,4
H5823,C30,3,3
H5823,C31,4,4
H5823,C32,3,3
H5823,C33,5,5
H5823,D01,5,5
H5823,D02,3,3
H5823,D03,4,4
H5823,D04,5,5
H5823,D05,3,3
H5823,D06,Not enough data available ,
H5823,D07,5,5
H5823,D08,4,4
H5823,D09,3,3
H5823,D10,4,4
H5823,D11,3,3
H5823,D12,2,2
H5826,C01,2,2
H5826,C02,3,3
H5826,C03,4,4
H5826,C04,Not enough data available ,
H5826,C05,Not enough data available ,
H5826,C06,4,4
H5826,C07,2,2
H5826,C08,3,3
H5826,C09,3,3
H5826,C10,1,1
H5826,C11,3,3
H5826,C12,3,3
H5826,C13,3,3
H5826,C14,2,2
H5826,C15,2,2
H5826,C16,4,4
H5826,C17,3,3
H5826,C18,4,4
H5826,C19,4,4
H5826,C20,3,3
H5826,C21,2,2
H5826,C22,1,1
H5826,C23,1,1
H5826,C24,2,2
H5826,C25,2,2
H5826,C26,2,2
H5826,C27,2,2
H5826,C28,5,5
H5826,C29,4,4
H5826,C30,2,2
H5826,C31,2,2
H5826,C32,2,2
H5826,C33,5,5
H5826,D01,4,4
H5826,D02,5,5
H5826,D03,4,4
H5826,D04,4,4
H5826,D05,3,3
H5826,D06,3,3
H5826,D07,5,5
H5826,D08,4,4
H5826,D09,3,3
H5826,D10,4,4
H5826,D11,3,3
H5826,D12,3,3
H5828,C01,2,2
H5828,C02,2,2
H5828,C03,2,2
H5828,C04,Not enough data available ,
H5828,C05,Not enough data available ,
H5828,C06,1,1
H5828,C07,2,2
H5828,C08,4,4
H5828,C09,3,3
H5828,C10,1,1
H5828,C11,2,2
H5828,C12,3,3
H5828,C13,3,3
H5828,C14,2,2
H5828,C15,4,4
H5828,C16,1,1
H5828,C17,3,3
H5828,C18,2,2
H5828,C19,2,2
H5828,C20,3,3
H5828,C21,2,2
H5828,C22,4,4
H5828,C23,4,4
H5828,C24,3,3
H5828,C25,3,3
H5828,C26,2,2
H5828,C27,3,3
H5828,C28,3,3
H5828,C29,2,2
H5828,C30,3,3
H5828,C31,5,5
H5828,C32,5,5
H5828,C33,5,5
H5828,D01,5,5
H5828,D02,3,3
H5828,D03,2,2
H5828,D04,4,4
H5828,D05,4,4
H5828,D06,4,4
H5828,D07,5,5
H5828,D08,1,1
H5828,D09,2,2
H5828,D10,2,2
H5828,D11,4,4
H5828,D12,3,3
H5843,C01,4,4
H5843,C02,4,4
H5843,C03,4,4
H5843,C04,2,2
H5843,C05,3,3
H5843,C06,4,4
H5843,C07,Plan not required to report measure ,
H5843,C08,Plan not required to report measure ,
H5843,C09,Plan not required to report measure ,
H5843,C10,4,4
H5843,C11,3,3
H5843,C12,4,4
H5843,C13,4,4
H5843,C14,4,4
H5843,C15,2,2
H5843,C16,3,3
H5843,C17,5,5
H5843,C18,2,2
H5843,C19,2,2
H5843,C20,5,5
H5843,C21,5,5
H5843,C22,2,2
H5843,C23,2,2
H5843,C24,4,4
H5843,C25,3,3
H5843,C26,2,2
H5843,C27,1,1
H5843,C28,4,4
H5843,C29,2,2
H5843,C30,4,4
H5843,C31,4,4
H5843,C32,2,2
H5843,C33,4,4
H5843,D01,4,4
H5843,D02,4,4
H5843,D03,2,2
H5843,D04,3,3
H5843,D05,3,3
H5843,D06,4,4
H5843,D07,4,4
H5843,D08,4,4
H5843,D09,4,4
H5843,D10,4,4
H5843,D11,4,4
H5843,D12,3,3
H5852,C01,Not enough data available ,
H5852,C02,4,4
H5852,C03,5,5
H5852,C04,Not enough data available ,
H5852,C05,Not enough data available ,
H5852,C06,Not enough data available ,
H5852,C07,3,3
H5852,C08,4,4
H5852,C09,4,4
H5852,C10,Not enough data available ,
H5852,C11,2,2
H5852,C12,4,4
H5852,C13,5,5
H5852,C14,3,3
H5852,C15,Not enough data available ,
H5852,C16,Not enough data available ,
H5852,C17,4,4
H5852,C18,No data available ,
H5852,C19,No data available ,
H5852,C20,4,4
H5852,C21,1,1
H5852,C22,4,4
H5852,C23,Not enough data available ,
H5852,C24,3,3
H5852,C25,4,4
H5852,C26,5,5
H5852,C27,3,3
H5852,C28,Not enough data available ,
H5852,C29,Not enough data available ,
H5852,C30,5,5
H5852,C31,Not enough data available ,
H5852,C32,Not enough data available ,
H5852,C33,3,3
H5852,D01,3,3
H5852,D02,Not enough data available ,
H5852,D03,Not enough data available ,
H5852,D04,3,3
H5852,D05,5,5
H5852,D06,Not enough data available ,
H5852,D07,4,4
H5852,D08,4,4
H5852,D09,4,4
H5852,D10,4,4
H5852,D11,4,4
H5852,D12,4,4
H5854,C01,3,3
H5854,C02,4,4
H5854,C03,3,3
H5854,C04,4,4
H5854,C05,5,5
H5854,C06,3,3
H5854,C07,3,3
H5854,C08,4,4
H5854,C09,4,4
H5854,C10,1,1
H5854,C11,3,3
H5854,C12,3,3
H5854,C13,3,3
H5854,C14,3,3
H5854,C15,4,4
H5854,C16,4,4
H5854,C17,5,5
H5854,C18,2,2
H5854,C19,4,4
H5854,C20,4,4
H5854,C21,3,3
H5854,C22,4,4
H5854,C23,4,4
H5854,C24,3,3
H5854,C25,4,4
H5854,C26,4,4
H5854,C27,3,3
H5854,C28,4,4
H5854,C29,4,4
H5854,C30,2,2
H5854,C31,3,3
H5854,C32,5,5
H5854,C33,5,5
H5854,D01,5,5
H5854,D02,4,4
H5854,D03,4,4
H5854,D04,5,5
H5854,D05,4,4
H5854,D06,3,3
H5854,D07,5,5
H5854,D08,4,4
H5854,D09,3,3
H5854,D10,3,3
H5854,D11,4,4
H5854,D12,3,3
H5859,C01,2,2
H5859,C02,3,3
H5859,C03,2,2
H5859,C04,1,1
H5859,C05,1,1
H5859,C06,3,3
H5859,C07,3,3
H5859,C08,4,4
H5859,C09,4,4
H5859,C10,3,3
H5859,C11,3,3
H5859,C12,3,3
H5859,C13,2,2
H5859,C14,4,4
H5859,C15,3,3
H5859,C16,1,1
H5859,C17,5,5
H5859,C18,2,2
H5859,C19,5,5
H5859,C20,5,5
H5859,C21,4,4
H5859,C22,1,1
H5859,C23,1,1
H5859,C24,Not enough data available ,
H5859,C25,2,2
H5859,C26,3,3
H5859,C27,Not enough data available ,
H5859,C28,5,5
H5859,C29,4,4
H5859,C30,3,3
H5859,C31,5,5
H5859,C32,2,2
H5859,C33,3,3
H5859,D01,4,4
H5859,D02,5,5
H5859,D03,4,4
H5859,D04,4,4
H5859,D05,3,3
H5859,D06,Not enough data available ,
H5859,D07,5,5
H5859,D08,4,4
H5859,D09,3,3
H5859,D10,4,4
H5859,D11,3,3
H5859,D12,3,3
H5883,C01,4,4
H5883,C02,5,5
H5883,C03,4,4
H5883,C04,3,3
H5883,C05,4,4
H5883,C06,3,3
H5883,C07,Plan not required to report measure ,
H5883,C08,Plan not required to report measure ,
H5883,C09,Plan not required to report measure ,
H5883,C10,4,4
H5883,C11,4,4
H5883,C12,5,5
H5883,C13,4,4
H5883,C14,4,4
H5883,C15,2,2
H5883,C16,3,3
H5883,C17,4,4
H5883,C18,4,4
H5883,C19,3,3
H5883,C20,3,3
H5883,C21,3,3
H5883,C22,5,5
H5883,C23,4,4
H5883,C24,3,3
H5883,C25,4,4
H5883,C26,5,5
H5883,C27,4,4
H5883,C28,5,5
H5883,C29,5,5
H5883,C30,5,5
H5883,C31,5,5
H5883,C32,5,5
H5883,C33,5,5
H5883,D01,4,4
H5883,D02,5,5
H5883,D03,5,5
H5883,D04,2,2
H5883,D05,2,2
H5883,D06,3,3
H5883,D07,5,5
H5883,D08,3,3
H5883,D09,4,4
H5883,D10,4,4
H5883,D11,4,4
H5883,D12,4,4
H5900,C01,4,4
H5900,C02,5,5
H5900,C03,4,4
H5900,C04,Plan too new to be measured ,
H5900,C05,Plan too new to be measured ,
H5900,C06,2,2
H5900,C07,Plan not required to report measure ,
H5900,C08,Plan not required to report measure ,
H5900,C09,Plan not required to report measure ,
H5900,C10,3,3
H5900,C11,4,4
H5900,C12,3,3
H5900,C13,3,3
H5900,C14,4,4
H5900,C15,2,2
H5900,C16,4,4
H5900,C17,2,2
H5900,C18,3,3
H5900,C19,4,4
H5900,C20,2,2
H5900,C21,2,2
H5900,C22,5,5
H5900,C23,5,5
H5900,C24,2,2
H5900,C25,4,4
H5900,C26,4,4
H5900,C27,5,5
H5900,C28,5,5
H5900,C29,5,5
H5900,C30,3,3
H5900,C31,3,3
H5900,C32,2,2
H5900,C33,5,5
H5900,D01,5,5
H5900,D02,5,5
H5900,D03,5,5
H5900,D04,3,3
H5900,D05,2,2
H5900,D06,4,4
H5900,D07,4,4
H5900,D08,4,4
H5900,D09,4,4
H5900,D10,4,4
H5900,D11,3,3
H5900,D12,2,2
H5926,C01,2,2
H5926,C02,4,4
H5926,C03,2,2
H5926,C04,Not enough data available ,
H5926,C05,Not enough data available ,
H5926,C06,3,3
H5926,C07,3,3
H5926,C08,3,3
H5926,C09,3,3
H5926,C10,1,1
H5926,C11,4,4
H5926,C12,3,3
H5926,C13,3,3
H5926,C14,2,2
H5926,C15,Not enough data available ,
H5926,C16,Not enough data available ,
H5926,C17,2,2
H5926,C18,2,2
H5926,C19,3,3
H5926,C20,2,2
H5926,C21,2,2
H5926,C22,4,4
H5926,C23,4,4
H5926,C24,2,2
H5926,C25,2,2
H5926,C26,2,2
H5926,C27,1,1
H5926,C28,4,4
H5926,C29,4,4
H5926,C30,4,4
H5926,C31,3,3
H5926,C32,4,4
H5926,C33,5,5
H5926,D01,5,5
H5926,D02,4,4
H5926,D03,4,4
H5926,D04,4,4
H5926,D05,2,2
H5926,D06,3,3
H5926,D07,5,5
H5926,D08,3,3
H5926,D09,3,3
H5926,D10,3,3
H5926,D11,4,4
H5926,D12,3,3
H5928,C01,3,3
H5928,C02,4,4
H5928,C03,5,5
H5928,C04,Not enough data available ,
H5928,C05,Not enough data available ,
H5928,C06,5,5
H5928,C07,Plan not required to report measure ,
H5928,C08,Plan not required to report measure ,
H5928,C09,Plan not required to report measure ,
H5928,C10,3,3
H5928,C11,5,5
H5928,C12,3,3
H5928,C13,5,5
H5928,C14,2,2
H5928,C15,4,4
H5928,C16,Not enough data available ,
H5928,C17,4,4
H5928,C18,2,2
H5928,C19,4,4
H5928,C20,3,3
H5928,C21,3,3
H5928,C22,2,2
H5928,C23,3,3
H5928,C24,4,4
H5928,C25,3,3
H5928,C26,3,3
H5928,C27,Not enough data available ,
H5928,C28,4,4
H5928,C29,4,4
H5928,C30,4,4
H5928,C31,2,2
H5928,C32,4,4
H5928,C33,4,4
H5928,D01,5,5
H5928,D02,4,4
H5928,D03,4,4
H5928,D04,5,5
H5928,D05,4,4
H5928,D06,Not enough data available ,
H5928,D07,5,5
H5928,D08,3,3
H5928,D09,3,3
H5928,D10,2,2
H5928,D11,4,4
H5928,D12,4,4
H5932,C01,2,2
H5932,C02,3,3
H5932,C03,3,3
H5932,C04,Not enough data available ,
H5932,C05,Not enough data available ,
H5932,C06,2,2
H5932,C07,1,1
H5932,C08,3,3
H5932,C09,3,3
H5932,C10,3,3
H5932,C11,3,3
H5932,C12,3,3
H5932,C13,3,3
H5932,C14,4,4
H5932,C15,4,4
H5932,C16,Not enough data available ,
H5932,C17,4,4
H5932,C18,2,2
H5932,C19,3,3
H5932,C20,3,3
H5932,C21,2,2
H5932,C22,4,4
H5932,C23,4,4
H5932,C24,4,4
H5932,C25,5,5
H5932,C26,5,5
H5932,C27,5,5
H5932,C28,5,5
H5932,C29,4,4
H5932,C30,3,3
H5932,C31,4,4
H5932,C32,4,4
H5932,C33,3,3
H5932,D01,4,4
H5932,D02,5,5
H5932,D03,4,4
H5932,D04,3,3
H5932,D05,5,5
H5932,D06,4,4
H5932,D07,4,4
H5932,D08,4,4
H5932,D09,3,3
H5932,D10,4,4
H5932,D11,3,3
H5932,D12,3,3
H5937,C01,3,3
H5937,C02,3,3
H5937,C03,3,3
H5937,C04,Not enough data available ,
H5937,C05,Not enough data available ,
H5937,C06,No data available ,
H5937,C07,2,2
H5937,C08,Not enough data available ,
H5937,C09,Not enough data available ,
H5937,C10,Not enough data available ,
H5937,C11,4,4
H5937,C12,3,3
H5937,C13,3,3
H5937,C14,3,3
H5937,C15,No data available ,
H5937,C16,No data available ,
H5937,C17,3,3
H5937,C18,1,1
H5937,C19,4,4
H5937,C20,3,3
H5937,C21,3,3
H5937,C22,1,1
H5937,C23,2,2
H5937,C24,2,2
H5937,C25,3,3
H5937,C26,4,4
H5937,C27,3,3
H5937,C28,4,4
H5937,C29,5,5
H5937,C30,3,3
H5937,C31,5,5
H5937,C32,4,4
H5937,C33,3,3
H5937,D01,4,4
H5937,D02,4,4
H5937,D03,5,5
H5937,D04,4,4
H5937,D05,3,3
H5937,D06,3,3
H5937,D07,5,5
H5937,D08,3,3
H5937,D09,2,2
H5937,D10,2,2
H5937,D11,2,2
H5937,D12,3,3
H5938,C01,5,5
H5938,C02,5,5
H5938,C03,5,5
H5938,C04,2,2
H5938,C05,4,4
H5938,C06,4,4
H5938,C07,Plan not required to report measure ,
H5938,C08,Plan not required to report measure ,
H5938,C09,Plan not required to report measure ,
H5938,C10,5,5
H5938,C11,5,5
H5938,C12,5,5
H5938,C13,5,5
H5938,C14,4,4
H5938,C15,2,2
H5938,C16,5,5
H5938,C17,4,4
H5938,C18,4,4
H5938,C19,3,3
H5938,C20,4,4
H5938,C21,3,3
H5938,C22,5,5
H5938,C23,5,5
H5938,C24,5,5
H5938,C25,5,5
H5938,C26,5,5
H5938,C27,3,3
H5938,C28,5,5
H5938,C29,5,5
H5938,C30,4,4
H5938,C31,5,5
H5938,C32,5,5
H5938,C33,4,4
H5938,D01,4,4
H5938,D02,5,5
H5938,D03,5,5
H5938,D04,4,4
H5938,D05,5,5
H5938,D06,4,4
H5938,D07,5,5
H5938,D08,3,3
H5938,D09,4,4
H5938,D10,4,4
H5938,D11,3,3
H5938,D12,3,3
H5943,C01,2,2
H5943,C02,2,2
H5943,C03,5,5
H5943,C04,Not enough data available ,
H5943,C05,Not enough data available ,
H5943,C06,Not enough data available ,
H5943,C07,2,2
H5943,C08,2,2
H5943,C09,3,3
H5943,C10,Not enough data available ,
H5943,C11,3,3
H5943,C12,1,1
H5943,C13,Not enough data available ,
H5943,C14,Not enough data available ,
H5943,C15,Not enough data available ,
H5943,C16,Not enough data available ,
H5943,C17,1,1
H5943,C18,No data available ,
H5943,C19,Not enough data available ,
H5943,C20,2,2
H5943,C21,1,1
H5943,C22,3,3
H5943,C23,Not enough data available ,
H5943,C24,3,3
H5943,C25,Not enough data available ,
H5943,C26,3,3
H5943,C27,Not enough data available ,
H5943,C28,Not enough data available ,
H5943,C29,Not enough data available ,
H5943,C30,Not enough data available ,
H5943,C31,Not enough data available ,
H5943,C32,Not enough data available ,
H5943,C33,4,4
H5943,D01,5,5
H5943,D02,Not enough data available ,
H5943,D03,Not enough data available ,
H5943,D04,Not enough data available ,
H5943,D05,3,3
H5943,D06,Not enough data available ,
H5943,D07,5,5
H5943,D08,Not enough data available ,
H5943,D09,Not enough data available ,
H5943,D10,Not enough data available ,
H5943,D11,4,4
H5943,D12,Not enough data available,
H5945,C01,4,4
H5945,C02,5,5
H5945,C03,3,3
H5945,C04,2,2
H5945,C05,4,4
H5945,C06,3,3
H5945,C07,1,1
H5945,C08,5,5
H5945,C09,4,4
H5945,C10,4,4
H5945,C11,5,5
H5945,C12,4,4
H5945,C13,4,4
H5945,C14,5,5
H5945,C15,2,2
H5945,C16,4,4
H5945,C17,5,5
H5945,C18,4,4
H5945,C19,3,3
H5945,C20,5,5
H5945,C21,5,5
H5945,C22,3,3
H5945,C23,3,3
H5945,C24,4,4
H5945,C25,4,4
H5945,C26,5,5
H5945,C27,3,3
H5945,C28,4,4
H5945,C29,5,5
H5945,C30,5,5
H5945,C31,5,5
H5945,C32,5,5
H5945,C33,3,3
H5945,D01,4,4
H5945,D02,4,4
H5945,D03,5,5
H5945,D04,4,4
H5945,D05,4,4
H5945,D06,4,4
H5945,D07,4,4
H5945,D08,3,3
H5945,D09,4,4
H5945,D10,4,4
H5945,D11,4,4
H5945,D12,2,2
H5959,C01,5,5
H5959,C02,5,5
H5959,C03,5,5
H5959,C04,3,3
H5959,C05,5,5
H5959,C06,2,2
H5959,C07,Plan not required to report measure ,
H5959,C08,Plan not required to report measure ,
H5959,C09,Plan not required to report measure ,
H5959,C10,1,1
H5959,C11,5,5
H5959,C12,5,5
H5959,C13,4,4
H5959,C14,4,4
H5959,C15,2,2
H5959,C16,4,4
H5959,C17,4,4
H5959,C18,4,4
H5959,C19,4,4
H5959,C20,4,4
H5959,C21,2,2
H5959,C22,3,3
H5959,C23,2,2
H5959,C24,3,3
H5959,C25,4,4
H5959,C26,4,4
H5959,C27,3,3
H5959,C28,5,5
H5959,C29,5,5
H5959,C30,5,5
H5959,C31,5,5
H5959,C32,4,4
H5959,C33,5,5
H5959,D01,4,4
H5959,D02,5,5
H5959,D03,5,5
H5959,D04,5,5
H5959,D05,4,4
H5959,D06,5,5
H5959,D07,5,5
H5959,D08,4,4
H5959,D09,4,4
H5959,D10,4,4
H5959,D11,2,2
H5959,D12,3,3
H5965,C01,2,2
H5965,C02,2,2
H5965,C03,1,1
H5965,C04,Not enough data available ,
H5965,C05,Not enough data available ,
H5965,C06,2,2
H5965,C07,4,4
H5965,C08,3,3
H5965,C09,3,3
H5965,C10,Not enough data available ,
H5965,C11,2,2
H5965,C12,3,3
H5965,C13,3,3
H5965,C14,3,3
H5965,C15,3,3
H5965,C16,1,1
H5965,C17,3,3
H5965,C18,2,2
H5965,C19,3,3
H5965,C20,2,2
H5965,C21,1,1
H5965,C22,1,1
H5965,C23,Not enough data available ,
H5965,C24,1,1
H5965,C25,1,1
H5965,C26,1,1
H5965,C27,3,3
H5965,C28,2,2
H5965,C29,2,2
H5965,C30,5,5
H5965,C31,Not enough data available ,
H5965,C32,Not enough data available ,
H5965,C33,5,5
H5965,D01,5,5
H5965,D02,2,2
H5965,D03,2,2
H5965,D04,3,3
H5965,D05,1,1
H5965,D06,Not enough data available ,
H5965,D07,5,5
H5965,D08,3,3
H5965,D09,3,3
H5965,D10,2,2
H5965,D11,3,3
H5965,D12,2,2
H5969,C01,1,1
H5969,C02,2,2
H5969,C03,2,2
H5969,C04,Not enough data available ,
H5969,C05,Not enough data available ,
H5969,C06,4,4
H5969,C07,2,2
H5969,C08,5,5
H5969,C09,2,2
H5969,C10,Not enough data available ,
H5969,C11,2,2
H5969,C12,2,2
H5969,C13,3,3
H5969,C14,1,1
H5969,C15,3,3
H5969,C16,Not enough data available ,
H5969,C17,3,3
H5969,C18,4,4
H5969,C19,2,2
H5969,C20,2,2
H5969,C21,1,1
H5969,C22,1,1
H5969,C23,Not enough data available ,
H5969,C24,1,1
H5969,C25,2,2
H5969,C26,4,4
H5969,C27,Not enough data available ,
H5969,C28,5,5
H5969,C29,4,4
H5969,C30,4,4
H5969,C31,Not enough data available ,
H5969,C32,Not enough data available ,
H5969,C33,4,4
H5969,D01,3,3
H5969,D02,5,5
H5969,D03,4,4
H5969,D04,4,4
H5969,D05,3,3
H5969,D06,Not enough data available ,
H5969,D07,4,4
H5969,D08,4,4
H5969,D09,4,4
H5969,D10,5,5
H5969,D11,4,4
H5969,D12,5,5
H5970,C01,3,3
H5970,C02,3,3
H5970,C03,3,3
H5970,C04,4,4
H5970,C05,2,2
H5970,C06,3,3
H5970,C07,4,4
H5970,C08,4,4
H5970,C09,5,5
H5970,C10,2,2
H5970,C11,3,3
H5970,C12,3,3
H5970,C13,3,3
H5970,C14,4,4
H5970,C15,3,3
H5970,C16,2,2
H5970,C17,4,4
H5970,C18,2,2
H5970,C19,3,3
H5970,C20,3,3
H5970,C21,2,2
H5970,C22,2,2
H5970,C23,Not enough data available ,
H5970,C24,Not enough data available ,
H5970,C25,1,1
H5970,C26,1,1
H5970,C27,Not enough data available ,
H5970,C28,4,4
H5970,C29,4,4
H5970,C30,3,3
H5970,C31,4,4
H5970,C32,3,3
H5970,C33,5,5
H5970,D01,5,5
H5970,D02,4,4
H5970,D03,4,4
H5970,D04,4,4
H5970,D05,1,1
H5970,D06,3,3
H5970,D07,1,1
H5970,D08,3,3
H5970,D09,3,3
H5970,D10,3,3
H5970,D11,4,4
H5970,D12,3,3
H5989,C01,4,4
H5989,C02,3,3
H5989,C03,3,3
H5989,C04,Not enough data available ,
H5989,C05,Not enough data available ,
H5989,C06,4,4
H5989,C07,Plan not required to report measure ,
H5989,C08,Plan not required to report measure ,
H5989,C09,Plan not required to report measure ,
H5989,C10,2,2
H5989,C11,4,4
H5989,C12,3,3
H5989,C13,3,3
H5989,C14,3,3
H5989,C15,2,2
H5989,C16,Not enough data available ,
H5989,C17,4,4
H5989,C18,3,3
H5989,C19,3,3
H5989,C20,3,3
H5989,C21,3,3
H5989,C22,2,2
H5989,C23,Not enough data available ,
H5989,C24,2,2
H5989,C25,3,3
H5989,C26,4,4
H5989,C27,3,3
H5989,C28,4,4
H5989,C29,3,3
H5989,C30,4,4
H5989,C31,5,5
H5989,C32,5,5
H5989,C33,5,5
H5989,D01,4,4
H5989,D02,4,4
H5989,D03,3,3
H5989,D04,5,5
H5989,D05,3,3
H5989,D06,Not enough data available ,
H5989,D07,5,5
H5989,D08,3,3
H5989,D09,3,3
H5989,D10,2,2
H5989,D11,3,3
H5989,D12,4,4
H5991,C01,3,3
H5991,C02,4,4
H5991,C03,3,3
H5991,C04,Not enough data available ,
H5991,C05,Not enough data available ,
H5991,C06,3,3
H5991,C07,1,1
H5991,C08,3,3
H5991,C09,3,3
H5991,C10,Not enough data available ,
H5991,C11,3,3
H5991,C12,2,2
H5991,C13,3,3
H5991,C14,4,4
H5991,C15,5,5
H5991,C16,Not enough data available ,
H5991,C17,3,3
H5991,C18,2,2
H5991,C19,2,2
H5991,C20,3,3
H5991,C21,3,3
H5991,C22,2,2
H5991,C23,1,1
H5991,C24,3,3
H5991,C25,2,2
H5991,C26,2,2
H5991,C27,Not enough data available ,
H5991,C28,3,3
H5991,C29,3,3
H5991,C30,4,4
H5991,C31,Not enough data available ,
H5991,C32,Not enough data available ,
H5991,C33,4,4
H5991,D01,5,5
H5991,D02,3,3
H5991,D03,3,3
H5991,D04,3,3
H5991,D05,1,1
H5991,D06,2,2
H5991,D07,4,4
H5991,D08,3,3
H5991,D09,3,3
H5991,D10,3,3
H5991,D11,4,4
H5991,D12,3,3
H5992,C01,1,1
H5992,C02,3,3
H5992,C03,Plan too small to be measured ,
H5992,C04,Plan too small to be measured ,
H5992,C05,Plan too small to be measured ,
H5992,C06,Plan too small to be measured ,
H5992,C07,3,3
H5992,C08,3,3
H5992,C09,5,5
H5992,C10,Not enough data available ,
H5992,C11,3,3
H5992,C12,2,2
H5992,C13,2,2
H5992,C14,2,2
H5992,C15,Plan too small to be measured ,
H5992,C16,Plan too small to be measured ,
H5992,C17,1,1
H5992,C18,No data available ,
H5992,C19,Not enough data available ,
H5992,C20,1,1
H5992,C21,No data available ,
H5992,C22,Plan too small to be measured ,
H5992,C23,Plan too small to be measured ,
H5992,C24,Plan too small to be measured ,
H5992,C25,Plan too small to be measured ,
H5992,C26,Plan too small to be measured ,
H5992,C27,Plan too small to be measured ,
H5992,C28,Not enough data available ,
H5992,C29,Not enough data available ,
H5992,C30,Not enough data available ,
H5992,C31,Not enough data available ,
H5992,C32,Not enough data available ,
H5992,C33,5,5
H5992,D01,5,5
H5992,D02,Not enough data available ,
H5992,D03,Not enough data available ,
H5992,D04,1,1
H5992,D05,Plan too small to be measured ,
H5992,D06,Plan too small to be measured ,
H5992,D07,5,5
H5992,D08,4,4
H5992,D09,2,2
H5992,D10,3,3
H5992,D11,5,5
H5992,D12,5,5
H5995,C01,2,2
H5995,C02,2,2
H5995,C03,Plan too small to be measured ,
H5995,C04,Not enough data available ,
H5995,C05,Not enough data available ,
H5995,C06,2,2
H5995,C07,Plan not required to report measure ,
H5995,C08,Plan not required to report measure ,
H5995,C09,Plan not required to report measure ,
H5995,C10,Not enough data available ,
H5995,C11,3,3
H5995,C12,1,1
H5995,C13,3,3
H5995,C14,1,1
H5995,C15,Not enough data available ,
H5995,C16,Not enough data available ,
H5995,C17,1,1
H5995,C18,3,3
H5995,C19,1,1
H5995,C20,1,1
H5995,C21,2,2
H5995,C22,Plan too small to be measured ,
H5995,C23,Plan too small to be measured ,
H5995,C24,Plan too small to be measured ,
H5995,C25,Plan too small to be measured ,
H5995,C26,Plan too small to be measured ,
H5995,C27,Plan too small to be measured ,
H5995,C28,5,5
H5995,C29,Not enough data available ,
H5995,C30,1,1
H5995,C31,5,5
H5995,C32,2,2
H5995,C33,3,3
H5995,D01,4,4
H5995,D02,5,5
H5995,D03,Not enough data available ,
H5995,D04,3,3
H5995,D05,Plan too small to be measured ,
H5995,D06,Plan too small to be measured ,
H5995,D07,4,4
H5995,D08,3,3
H5995,D09,2,2
H5995,D10,4,4
H5995,D11,3,3
H5995,D12,2,2
H6018,C01,Not enough data available ,
H6018,C02,4,4
H6018,C03,1,1
H6018,C04,Plan too new to be measured ,
H6018,C05,Plan too new to be measured ,
H6018,C06,1,1
H6018,C07,Plan not required to report measure ,
H6018,C08,Plan not required to report measure ,
H6018,C09,Plan not required to report measure ,
H6018,C10,Not enough data available ,
H6018,C11,3,3
H6018,C12,3,3
H6018,C13,4,4
H6018,C14,5,5
H6018,C15,Not enough data available ,
H6018,C16,Not enough data available ,
H6018,C17,5,5
H6018,C18,No data available ,
H6018,C19,Not enough data available ,
H6018,C20,3,3
H6018,C21,Not enough data available ,
H6018,C22,3,3
H6018,C23,3,3
H6018,C24,5,5
H6018,C25,2,2
H6018,C26,2,2
H6018,C27,3,3
H6018,C28,2,2
H6018,C29,1,1
H6018,C30,Not enough data available ,
H6018,C31,Not enough data available ,
H6018,C32,Not enough data available ,
H6018,C33,4,4
H6018,D01,5,5
H6018,D02,2,2
H6018,D03,1,1
H6018,D04,Not enough data available ,
H6018,D05,2,2
H6018,D06,2,2
H6018,D07,5,5
H6018,D08,4,4
H6018,D09,4,4
H6018,D10,4,4
H6018,D11,4,4
H6018,D12,3,3
H6019,C01,3,3
H6019,C02,4,4
H6019,C03,5,5
H6019,C04,Plan too new to be measured ,
H6019,C05,Plan too new to be measured ,
H6019,C06,5,5
H6019,C07,2,2
H6019,C08,3,3
H6019,C09,3,3
H6019,C10,1,1
H6019,C11,3,3
H6019,C12,3,3
H6019,C13,3,3
H6019,C14,2,2
H6019,C15,5,5
H6019,C16,Not enough data available ,
H6019,C17,3,3
H6019,C18,2,2
H6019,C19,3,3
H6019,C20,2,2
H6019,C21,3,3
H6019,C22,1,1
H6019,C23,1,1
H6019,C24,1,1
H6019,C25,2,2
H6019,C26,3,3
H6019,C27,1,1
H6019,C28,5,5
H6019,C29,5,5
H6019,C30,4,4
H6019,C31,3,3
H6019,C32,5,5
H6019,C33,3,3
H6019,D01,3,3
H6019,D02,5,5
H6019,D03,5,5
H6019,D04,4,4
H6019,D05,3,3
H6019,D06,1,1
H6019,D07,4,4
H6019,D08,3,3
H6019,D09,2,2
H6019,D10,2,2
H6019,D11,3,3
H6019,D12,4,4
H6078,C01,4,4
H6078,C02,3,3
H6078,C03,5,5
H6078,C04,1,1
H6078,C05,3,3
H6078,C06,3,3
H6078,C07,Plan not required to report measure ,
H6078,C08,Plan not required to report measure ,
H6078,C09,Plan not required to report measure ,
H6078,C10,Not enough data available ,
H6078,C11,3,3
H6078,C12,3,3
H6078,C13,4,4
H6078,C14,3,3
H6078,C15,3,3
H6078,C16,4,4
H6078,C17,4,4
H6078,C18,2,2
H6078,C19,2,2
H6078,C20,4,4
H6078,C21,3,3
H6078,C22,5,5
H6078,C23,4,4
H6078,C24,3,3
H6078,C25,5,5
H6078,C26,5,5
H6078,C27,3,3
H6078,C28,5,5
H6078,C29,Not enough data available ,
H6078,C30,4,4
H6078,C31,5,5
H6078,C32,5,5
H6078,C33,Not enough data available ,
H6078,D01,Not enough data available ,
H6078,D02,5,5
H6078,D03,Not enough data available ,
H6078,D04,3,3
H6078,D05,4,4
H6078,D06,4,4
H6078,D07,Not enough data available ,
H6078,D08,2,2
H6078,D09,4,4
H6078,D10,3,3
H6078,D11,Not enough data available ,
H6078,D12,3,3
H6130,C01,Plan too small to be measured ,
H6130,C02,Plan too small to be measured ,
H6130,C03,Plan too small to be measured ,
H6130,C04,Plan too new to be measured ,
H6130,C05,Plan too new to be measured ,
H6130,C06,Plan too new to be measured ,
H6130,C07,Plan not required to report measure ,
H6130,C08,Plan not required to report measure ,
H6130,C09,Plan not required to report measure ,
H6130,C10,Plan too small to be measured ,
H6130,C11,Plan too small to be measured ,
H6130,C12,Plan too small to be measured ,
H6130,C13,Plan too small to be measured ,
H6130,C14,Plan too small to be measured ,
H6130,C15,Plan too new to be measured ,
H6130,C16,Plan too new to be measured ,
H6130,C17,Plan too small to be measured ,
H6130,C18,Plan too small to be measured ,
H6130,C19,Plan too small to be measured ,
H6130,C20,Plan too small to be measured ,
H6130,C21,Plan too small to be measured ,
H6130,C22,Plan too small to be measured ,
H6130,C23,Plan too small to be measured ,
H6130,C24,Plan too small to be measured ,
H6130,C25,Plan too small to be measured ,
H6130,C26,Plan too small to be measured ,
H6130,C27,Plan too small to be measured ,
H6130,C28,Not enough data available ,
H6130,C29,Not enough data available ,
H6130,C30,Not enough data available ,
H6130,C31,Not enough data available ,
H6130,C32,Not enough data available ,
H6130,C33,Not enough data available ,
H6130,D01,Plan not required to report measure ,
H6130,D02,Plan not required to report measure ,
H6130,D03,Plan not required to report measure ,
H6130,D04,Plan not required to report measure ,
H6130,D05,Plan not required to report measure ,
H6130,D06,Plan not required to report measure ,
H6130,D07,Plan not required to report measure ,
H6130,D08,Plan not required to report measure ,
H6130,D09,Plan not required to report measure ,
H6130,D10,Plan not required to report measure ,
H6130,D11,Plan not required to report measure ,
H6130,D12,Plan not required to report measure,
H6154,C01,2,2
H6154,C02,3,3
H6154,C03,2,2
H6154,C04,5,5
H6154,C05,5,5
H6154,C06,2,2
H6154,C07,Plan not required to report measure ,
H6154,C08,Plan not required to report measure ,
H6154,C09,Plan not required to report measure ,
H6154,C10,Not enough data available ,
H6154,C11,2,2
H6154,C12,3,3
H6154,C13,3,3
H6154,C14,3,3
H6154,C15,Not enough data available ,
H6154,C16,Not enough data available ,
H6154,C17,5,5
H6154,C18,No data available ,
H6154,C19,No data available ,
H6154,C20,5,5
H6154,C21,2,2
H6154,C22,4,4
H6154,C23,3,3
H6154,C24,4,4
H6154,C25,4,4
H6154,C26,3,3
H6154,C27,5,5
H6154,C28,5,5
H6154,C29,3,3
H6154,C30,3,3
H6154,C31,Not enough data available ,
H6154,C32,Not enough data available ,
H6154,C33,4,4
H6154,D01,5,5
H6154,D02,5,5
H6154,D03,3,3
H6154,D04,4,4
H6154,D05,3,3
H6154,D06,3,3
H6154,D07,5,5
H6154,D08,3,3
H6154,D09,4,4
H6154,D10,4,4
H6154,D11,2,2
H6154,D12,3,3
H6158,C01,3,3
H6158,C02,4,4
H6158,C03,2,2
H6158,C04,1,1
H6158,C05,2,2
H6158,C06,2,2
H6158,C07,Plan not required to report measure ,
H6158,C08,Plan not required to report measure ,
H6158,C09,Plan not required to report measure ,
H6158,C10,1,1
H6158,C11,3,3
H6158,C12,3,3
H6158,C13,3,3
H6158,C14,1,1
H6158,C15,1,1
H6158,C16,2,2
H6158,C17,3,3
H6158,C18,2,2
H6158,C19,2,2
H6158,C20,1,1
H6158,C21,2,2
H6158,C22,5,5
H6158,C23,5,5
H6158,C24,3,3
H6158,C25,4,4
H6158,C26,3,3
H6158,C27,3,3
H6158,C28,5,5
H6158,C29,4,4
H6158,C30,3,3
H6158,C31,5,5
H6158,C32,2,2
H6158,C33,3,3
H6158,D01,4,4
H6158,D02,5,5
H6158,D03,4,4
H6158,D04,3,3
H6158,D05,2,2
H6158,D06,5,5
H6158,D07,4,4
H6158,D08,2,2
H6158,D09,3,3
H6158,D10,3,3
H6158,D11,2,2
H6158,D12,2,2
H6170,C01,Plan too small to be measured ,
H6170,C02,Plan too small to be measured ,
H6170,C03,Plan too small to be measured ,
H6170,C04,Plan too new to be measured ,
H6170,C05,Plan too new to be measured ,
H6170,C06,Plan too new to be measured ,
H6170,C07,1,1
H6170,C08,No data available ,
H6170,C09,No data available ,
H6170,C10,Plan too small to be measured ,
H6170,C11,Plan too small to be measured ,
H6170,C12,Plan too small to be measured ,
H6170,C13,Plan too small to be measured ,
H6170,C14,Plan too small to be measured ,
H6170,C15,Plan too new to be measured ,
H6170,C16,Plan too new to be measured ,
H6170,C17,Plan too small to be measured ,
H6170,C18,Plan too small to be measured ,
H6170,C19,Plan too small to be measured ,
H6170,C20,Plan too small to be measured ,
H6170,C21,Plan too small to be measured ,
H6170,C22,Plan too small to be measured ,
H6170,C23,Plan too small to be measured ,
H6170,C24,Plan too small to be measured ,
H6170,C25,Plan too small to be measured ,
H6170,C26,Plan too small to be measured ,
H6170,C27,Plan too small to be measured ,
H6170,C28,Not enough data available ,
H6170,C29,Not enough data available ,
H6170,C30,Not enough data available ,
H6170,C31,Not enough data available ,
H6170,C32,Not enough data available ,
H6170,C33,3,3
H6170,D01,3,3
H6170,D02,Not enough data available ,
H6170,D03,Not enough data available ,
H6170,D04,Not enough data available ,
H6170,D05,Plan too small to be measured ,
H6170,D06,Plan too small to be measured ,
H6170,D07,5,5
H6170,D08,Not enough data available ,
H6170,D09,Not enough data available ,
H6170,D10,Not enough data available ,
H6170,D11,Not required to report ,
H6170,D12,Not enough data available,
H6200,C01,5,5
H6200,C02,5,5
H6200,C03,4,4
H6200,C04,Plan too new to be measured ,
H6200,C05,Plan too new to be measured ,
H6200,C06,3,3
H6200,C07,Plan not required to report measure ,
H6200,C08,Plan not required to report measure ,
H6200,C09,Plan not required to report measure ,
H6200,C10,Not enough data available ,
H6200,C11,5,5
H6200,C12,4,4
H6200,C13,5,5
H6200,C14,4,4
H6200,C15,1,1
H6200,C16,4,4
H6200,C17,4,4
H6200,C18,3,3
H6200,C19,4,4
H6200,C20,3,3
H6200,C21,4,4
H6200,C22,4,4
H6200,C23,3,3
H6200,C24,3,3
H6200,C25,2,2
H6200,C26,2,2
H6200,C27,3,3
H6200,C28,4,4
H6200,C29,3,3
H6200,C30,3,3
H6200,C31,5,5
H6200,C32,4,4
H6200,C33,3,3
H6200,D01,4,4
H6200,D02,4,4
H6200,D03,3,3
H6200,D04,2,2
H6200,D05,1,1
H6200,D06,1,1
H6200,D07,5,5
H6200,D08,2,2
H6200,D09,4,4
H6200,D10,4,4
H6200,D11,4,4
H6200,D12,3,3
H6202,C01,4,4
H6202,C02,5,5
H6202,C03,4,4
H6202,C04,4,4
H6202,C05,5,5
H6202,C06,2,2
H6202,C07,Plan not required to report measure ,
H6202,C08,Plan not required to report measure ,
H6202,C09,Plan not required to report measure ,
H6202,C10,2,2
H6202,C11,4,4
H6202,C12,3,3
H6202,C13,4,4
H6202,C14,3,3
H6202,C15,1,1
H6202,C16,4,4
H6202,C17,3,3
H6202,C18,3,3
H6202,C19,3,3
H6202,C20,3,3
H6202,C21,2,2
H6202,C22,4,4
H6202,C23,3,3
H6202,C24,4,4
H6202,C25,4,4
H6202,C26,4,4
H6202,C27,5,5
H6202,C28,5,5
H6202,C29,5,5
H6202,C30,1,1
H6202,C31,5,5
H6202,C32,2,2
H6202,C33,4,4
H6202,D01,5,5
H6202,D02,5,5
H6202,D03,5,5
H6202,D04,3,3
H6202,D05,3,3
H6202,D06,5,5
H6202,D07,5,5
H6202,D08,3,3
H6202,D09,4,4
H6202,D10,4,4
H6202,D11,4,4
H6202,D12,1,1
H6224,C01,Plan too new to be measured ,
H6224,C02,Plan too new to be measured ,
H6224,C03,Plan too new to be measured ,
H6224,C04,Plan too new to be measured ,
H6224,C05,Plan too new to be measured ,
H6224,C06,Plan too new to be measured ,
H6224,C07,Plan too new to be measured ,
H6224,C08,Plan too new to be measured ,
H6224,C09,Plan too new to be measured ,
H6224,C10,Plan too new to be measured ,
H6224,C11,Plan too new to be measured ,
H6224,C12,Plan too new to be measured ,
H6224,C13,Plan too new to be measured ,
H6224,C14,Plan too new to be measured ,
H6224,C15,Plan too new to be measured ,
H6224,C16,Plan too new to be measured ,
H6224,C17,Plan too new to be measured ,
H6224,C18,Plan too new to be measured ,
H6224,C19,Plan too new to be measured ,
H6224,C20,Plan too new to be measured ,
H6224,C21,Plan too new to be measured ,
H6224,C22,Plan too new to be measured ,
H6224,C23,Plan too new to be measured ,
H6224,C24,Plan too new to be measured ,
H6224,C25,Plan too new to be measured ,
H6224,C26,Plan too new to be measured ,
H6224,C27,Plan too new to be measured ,
H6224,C28,Plan too new to be measured ,
H6224,C29,Plan too new to be measured ,
H6224,C30,Plan too new to be measured ,
H6224,C31,Not enough data available ,
H6224,C32,Not enough data available ,
H6224,C33,Plan too new to be measured ,
H6224,D01,Plan too new to be measured ,
H6224,D02,Plan too new to be measured ,
H6224,D03,Plan too new to be measured ,
H6224,D04,Plan too new to be measured ,
H6224,D05,Plan too new to be measured ,
H6224,D06,Plan too new to be measured ,
H6224,D07,Plan too new to be measured ,
H6224,D08,Plan too new to be measured ,
H6224,D09,Plan too new to be measured ,
H6224,D10,Plan too new to be measured ,
H6224,D11,Plan too new to be measured ,
H6224,D12,Plan too new to be measured,
H6237,C01,4,4
H6237,C02,5,5
H6237,C03,3,3
H6237,C04,3,3
H6237,C05,1,1
H6237,C06,4,4
H6237,C07,Plan not required to report measure ,
H6237,C08,Plan not required to report measure ,
H6237,C09,Plan not required to report measure ,
H6237,C10,2,2
H6237,C11,5,5
H6237,C12,4,4
H6237,C13,4,4
H6237,C14,3,3
H6237,C15,2,2
H6237,C16,5,5
H6237,C17,4,4
H6237,C18,5,5
H6237,C19,4,4
H6237,C20,5,5
H6237,C21,3,3
H6237,C22,1,1
H6237,C23,1,1
H6237,C24,3,3
H6237,C25,1,1
H6237,C26,1,1
H6237,C27,Not enough data available ,
H6237,C28,5,5
H6237,C29,4,4
H6237,C30,3,3
H6237,C31,5,5
H6237,C32,3,3
H6237,C33,5,5
H6237,D01,5,5
H6237,D02,5,5
H6237,D03,4,4
H6237,D04,4,4
H6237,D05,2,2
H6237,D06,3,3
H6237,D07,5,5
H6237,D08,3,3
H6237,D09,4,4
H6237,D10,4,4
H6237,D11,2,2
H6237,D12,3,3
H6248,C01,Plan too small to be measured ,
H6248,C02,Plan too small to be measured ,
H6248,C03,Plan too small to be measured ,
H6248,C04,Plan too new to be measured ,
H6248,C05,Plan too new to be measured ,
H6248,C06,Plan too new to be measured ,
H6248,C07,1,1
H6248,C08,2,2
H6248,C09,2,2
H6248,C10,Plan too small to be measured ,
H6248,C11,Plan too small to be measured ,
H6248,C12,Plan too small to be measured ,
H6248,C13,Plan too small to be measured ,
H6248,C14,Plan too small to be measured ,
H6248,C15,Plan too new to be measured ,
H6248,C16,Plan too new to be measured ,
H6248,C17,Plan too small to be measured ,
H6248,C18,Plan too small to be measured ,
H6248,C19,Plan too small to be measured ,
H6248,C20,Plan too small to be measured ,
H6248,C21,Plan too small to be measured ,
H6248,C22,Plan too small to be measured ,
H6248,C23,Plan too small to be measured ,
H6248,C24,Plan too small to be measured ,
H6248,C25,Plan too small to be measured ,
H6248,C26,Plan too small to be measured ,
H6248,C27,Plan too small to be measured ,
H6248,C28,Not enough data available ,
H6248,C29,Not enough data available ,
H6248,C30,Not enough data available ,
H6248,C31,Not enough data available ,
H6248,C32,Not enough data available ,
H6248,C33,3,3
H6248,D01,4,4
H6248,D02,Not enough data available ,
H6248,D03,Not enough data available ,
H6248,D04,Not enough data available ,
H6248,D05,Plan too small to be measured ,
H6248,D06,Plan too small to be measured ,
H6248,D07,4,4
H6248,D08,1,1
H6248,D09,1,1
H6248,D10,2,2
H6248,D11,Not enough data available ,
H6248,D12,Not enough data available,
H6309,C01,Plan too new to be measured ,
H6309,C02,Plan too new to be measured ,
H6309,C03,Plan too new to be measured ,
H6309,C04,Plan too new to be measured ,
H6309,C05,Plan too new to be measured ,
H6309,C06,Plan too new to be measured ,
H6309,C07,Plan not required to report measure ,
H6309,C08,Plan not required to report measure ,
H6309,C09,Plan not required to report measure ,
H6309,C10,Plan too new to be measured ,
H6309,C11,Plan too new to be measured ,
H6309,C12,Plan too new to be measured ,
H6309,C13,Plan too new to be measured ,
H6309,C14,Plan too new to be measured ,
H6309,C15,Plan too new to be measured ,
H6309,C16,Plan too new to be measured ,
H6309,C17,Plan too new to be measured ,
H6309,C18,Plan too new to be measured ,
H6309,C19,Plan too new to be measured ,
H6309,C20,Plan too new to be measured ,
H6309,C21,Plan too new to be measured ,
H6309,C22,Plan too new to be measured ,
H6309,C23,Plan too new to be measured ,
H6309,C24,Plan too new to be measured ,
H6309,C25,Plan too new to be measured ,
H6309,C26,Plan too new to be measured ,
H6309,C27,Plan too new to be measured ,
H6309,C28,Plan too new to be measured ,
H6309,C29,Plan too new to be measured ,
H6309,C30,Plan too new to be measured ,
H6309,C31,Not enough data available ,
H6309,C32,Not enough data available ,
H6309,C33,Plan too new to be measured ,
H6309,D01,Plan too new to be measured ,
H6309,D02,Plan too new to be measured ,
H6309,D03,Plan too new to be measured ,
H6309,D04,Plan too new to be measured ,
H6309,D05,Plan too new to be measured ,
H6309,D06,Plan too new to be measured ,
H6309,D07,Plan too new to be measured ,
H6309,D08,Plan too new to be measured ,
H6309,D09,Plan too new to be measured ,
H6309,D10,Plan too new to be measured ,
H6309,D11,Plan too new to be measured ,
H6309,D12,Plan too new to be measured,
H6316,C01,Plan too small to be measured ,
H6316,C02,Plan too small to be measured ,
H6316,C03,Plan too small to be measured ,
H6316,C04,Plan too small to be measured ,
H6316,C05,Plan too small to be measured ,
H6316,C06,Plan too small to be measured ,
H6316,C07,No data available ,
H6316,C08,No data available ,
H6316,C09,No data available ,
H6316,C10,Plan too small to be measured ,
H6316,C11,Plan too small to be measured ,
H6316,C12,Plan too small to be measured ,
H6316,C13,Plan too small to be measured ,
H6316,C14,Plan too small to be measured ,
H6316,C15,Plan too small to be measured ,
H6316,C16,Plan too small to be measured ,
H6316,C17,Plan too small to be measured ,
H6316,C18,Plan too small to be measured ,
H6316,C19,Plan too small to be measured ,
H6316,C20,Plan too small to be measured ,
H6316,C21,Plan too small to be measured ,
H6316,C22,Plan too small to be measured ,
H6316,C23,Plan too small to be measured ,
H6316,C24,Plan too small to be measured ,
H6316,C25,Plan too small to be measured ,
H6316,C26,Plan too small to be measured ,
H6316,C27,Plan too small to be measured ,
H6316,C28,Not enough data available ,
H6316,C29,Not enough data available ,
H6316,C30,Not enough data available ,
H6316,C31,Not enough data available ,
H6316,C32,Not enough data available ,
H6316,C33,5,5
H6316,D01,5,5
H6316,D02,Not enough data available ,
H6316,D03,Not enough data available ,
H6316,D04,Not enough data available ,
H6316,D05,Plan too small to be measured ,
H6316,D06,Plan too small to be measured ,
H6316,D07,5,5
H6316,D08,Not enough data available ,
H6316,D09,Not enough data available ,
H6316,D10,Not enough data available ,
H6316,D11,Not required to report ,
H6316,D12,Not enough data available,
H6322,C01,3,3
H6322,C02,2,2
H6322,C03,2,2
H6322,C04,Plan too new to be measured ,
H6322,C05,Plan too new to be measured ,
H6322,C06,2,2
H6322,C07,Plan not required to report measure ,
H6322,C08,Plan not required to report measure ,
H6322,C09,Plan not required to report measure ,
H6322,C10,Not enough data available ,
H6322,C11,2,2
H6322,C12,2,2
H6322,C13,2,2
H6322,C14,4,4
H6322,C15,2,2
H6322,C16,4,4
H6322,C17,2,2
H6322,C18,3,3
H6322,C19,2,2
H6322,C20,1,1
H6322,C21,3,3
H6322,C22,3,3
H6322,C23,2,2
H6322,C24,3,3
H6322,C25,3,3
H6322,C26,3,3
H6322,C27,2,2
H6322,C28,3,3
H6322,C29,4,4
H6322,C30,3,3
H6322,C31,5,5
H6322,C32,2,2
H6322,C33,3,3
H6322,D01,3,3
H6322,D02,3,3
H6322,D03,4,4
H6322,D04,3,3
H6322,D05,4,4
H6322,D06,3,3
H6322,D07,5,5
H6322,D08,2,2
H6322,D09,2,2
H6322,D10,2,2
H6322,D11,2,2
H6322,D12,2,2
H6341,C01,Plan too new to be measured ,
H6341,C02,Plan too new to be measured ,
H6341,C03,Plan too new to be measured ,
H6341,C04,Plan too new to be measured ,
H6341,C05,Plan too new to be measured ,
H6341,C06,Plan too new to be measured ,
H6341,C07,Plan too new to be measured ,
H6341,C08,Plan too new to be measured ,
H6341,C09,Plan too new to be measured ,
H6341,C10,Plan too new to be measured ,
H6341,C11,Plan too new to be measured ,
H6341,C12,Plan too new to be measured ,
H6341,C13,Plan too new to be measured ,
H6341,C14,Plan too new to be measured ,
H6341,C15,Plan too new to be measured ,
H6341,C16,Plan too new to be measured ,
H6341,C17,Plan too new to be measured ,
H6341,C18,Plan too new to be measured ,
H6341,C19,Plan too new to be measured ,
H6341,C20,Plan too new to be measured ,
H6341,C21,Plan too new to be measured ,
H6341,C22,Plan too new to be measured ,
H6341,C23,Plan too new to be measured ,
H6341,C24,Plan too new to be measured ,
H6341,C25,Plan too new to be measured ,
H6341,C26,Plan too new to be measured ,
H6341,C27,Plan too new to be measured ,
H6341,C28,Plan too new to be measured ,
H6341,C29,Plan too new to be measured ,
H6341,C30,Plan too new to be measured ,
H6341,C31,Not enough data available ,
H6341,C32,Not enough data available ,
H6341,C33,Plan too new to be measured ,
H6341,D01,Plan too new to be measured ,
H6341,D02,Plan too new to be measured ,
H6341,D03,Plan too new to be measured ,
H6341,D04,Plan too new to be measured ,
H6341,D05,Plan too new to be measured ,
H6341,D06,Plan too new to be measured ,
H6341,D07,Plan too new to be measured ,
H6341,D08,Plan too new to be measured ,
H6341,D09,Plan too new to be measured ,
H6341,D10,Plan too new to be measured ,
H6341,D11,Plan too new to be measured ,
H6341,D12,Plan too new to be measured,
H6345,C01,Not enough data available ,
H6345,C02,5,5
H6345,C03,Plan too small to be measured ,
H6345,C04,Not enough data available ,
H6345,C05,Not enough data available ,
H6345,C06,No data available ,
H6345,C07,5,5
H6345,C08,5,5
H6345,C09,5,5
H6345,C10,Not enough data available ,
H6345,C11,No data available ,
H6345,C12,5,5
H6345,C13,No data available ,
H6345,C14,Not enough data available ,
H6345,C15,No data available ,
H6345,C16,No data available ,
H6345,C17,Not enough data available ,
H6345,C18,No data available ,
H6345,C19,Not enough data available ,
H6345,C20,Not enough data available ,
H6345,C21,1,1
H6345,C22,Plan too small to be measured ,
H6345,C23,Plan too small to be measured ,
H6345,C24,Plan too small to be measured ,
H6345,C25,Plan too small to be measured ,
H6345,C26,Plan too small to be measured ,
H6345,C27,Plan too small to be measured ,
H6345,C28,Not enough data available ,
H6345,C29,Not enough data available ,
H6345,C30,Not enough data available ,
H6345,C31,Not enough data available ,
H6345,C32,Not enough data available ,
H6345,C33,4,4
H6345,D01,4,4
H6345,D02,Not enough data available ,
H6345,D03,Not enough data available ,
H6345,D04,4,4
H6345,D05,Plan too small to be measured ,
H6345,D06,Plan too small to be measured ,
H6345,D07,5,5
H6345,D08,3,3
H6345,D09,5,5
H6345,D10,5,5
H6345,D11,5,5
H6345,D12,5,5
H6348,C01,1,1
H6348,C02,2,2
H6348,C03,2,2
H6348,C04,Not enough data available ,
H6348,C05,Not enough data available ,
H6348,C06,2,2
H6348,C07,Plan not required to report measure ,
H6348,C08,Plan not required to report measure ,
H6348,C09,Plan not required to report measure ,
H6348,C10,Not enough data available ,
H6348,C11,1,1
H6348,C12,2,2
H6348,C13,3,3
H6348,C14,3,3
H6348,C15,2,2
H6348,C16,Not enough data available ,
H6348,C17,3,3
H6348,C18,2,2
H6348,C19,3,3
H6348,C20,2,2
H6348,C21,2,2
H6348,C22,4,4
H6348,C23,4,4
H6348,C24,2,2
H6348,C25,3,3
H6348,C26,2,2
H6348,C27,5,5
H6348,C28,2,2
H6348,C29,3,3
H6348,C30,4,4
H6348,C31,Not enough data available ,
H6348,C32,Not enough data available ,
H6348,C33,5,5
H6348,D01,5,5
H6348,D02,2,2
H6348,D03,3,3
H6348,D04,3,3
H6348,D05,3,3
H6348,D06,4,4
H6348,D07,5,5
H6348,D08,4,4
H6348,D09,3,3
H6348,D10,4,4
H6348,D11,3,3
H6348,D12,3,3
H6351,C01,Not enough data available ,
H6351,C02,5,5
H6351,C03,Plan too small to be measured ,
H6351,C04,Not enough data available ,
H6351,C05,Not enough data available ,
H6351,C06,No data available ,
H6351,C07,1,1
H6351,C08,5,5
H6351,C09,5,5
H6351,C10,Not enough data available ,
H6351,C11,3,3
H6351,C12,2,2
H6351,C13,3,3
H6351,C14,Not enough data available ,
H6351,C15,No data available ,
H6351,C16,No data available ,
H6351,C17,5,5
H6351,C18,No data available ,
H6351,C19,Not enough data available ,
H6351,C20,5,5
H6351,C21,1,1
H6351,C22,Plan too small to be measured ,
H6351,C23,Plan too small to be measured ,
H6351,C24,Plan too small to be measured ,
H6351,C25,Plan too small to be measured ,
H6351,C26,Plan too small to be measured ,
H6351,C27,Plan too small to be measured ,
H6351,C28,3,3
H6351,C29,5,5
H6351,C30,Not enough data available ,
H6351,C31,Not enough data available ,
H6351,C32,Not enough data available ,
H6351,C33,3,3
H6351,D01,3,3
H6351,D02,3,3
H6351,D03,5,5
H6351,D04,4,4
H6351,D05,Plan too small to be measured ,
H6351,D06,Plan too small to be measured ,
H6351,D07,5,5
H6351,D08,3,3
H6351,D09,4,4
H6351,D10,5,5
H6351,D11,5,5
H6351,D12,5,5
H6368,C01,Plan too new to be measured ,
H6368,C02,Plan too new to be measured ,
H6368,C03,Plan too new to be measured ,
H6368,C04,Plan too new to be measured ,
H6368,C05,Plan too new to be measured ,
H6368,C06,Plan too new to be measured ,
H6368,C07,Plan not required to report measure ,
H6368,C08,Plan not required to report measure ,
H6368,C09,Plan not required to report measure ,
H6368,C10,Plan too new to be measured ,
H6368,C11,Plan too new to be measured ,
H6368,C12,Plan too new to be measured ,
H6368,C13,Plan too new to be measured ,
H6368,C14,Plan too new to be measured ,
H6368,C15,Plan too new to be measured ,
H6368,C16,Plan too new to be measured ,
H6368,C17,Plan too new to be measured ,
H6368,C18,Plan too new to be measured ,
H6368,C19,Plan too new to be measured ,
H6368,C20,Plan too new to be measured ,
H6368,C21,Plan too new to be measured ,
H6368,C22,Plan too new to be measured ,
H6368,C23,Plan too new to be measured ,
H6368,C24,Plan too new to be measured ,
H6368,C25,Plan too new to be measured ,
H6368,C26,Plan too new to be measured ,
H6368,C27,Plan too new to be measured ,
H6368,C28,Plan too new to be measured ,
H6368,C29,Plan too new to be measured ,
H6368,C30,Plan too new to be measured ,
H6368,C31,Not enough data available ,
H6368,C32,Not enough data available ,
H6368,C33,Plan too new to be measured ,
H6368,D01,Plan too new to be measured ,
H6368,D02,Plan too new to be measured ,
H6368,D03,Plan too new to be measured ,
H6368,D04,Plan too new to be measured ,
H6368,D05,Plan too new to be measured ,
H6368,D06,Plan too new to be measured ,
H6368,D07,Plan too new to be measured ,
H6368,D08,Plan too new to be measured ,
H6368,D09,Plan too new to be measured ,
H6368,D10,Plan too new to be measured ,
H6368,D11,Plan too new to be measured ,
H6368,D12,Plan too new to be measured,
H6378,C01,Plan too small to be measured ,
H6378,C02,Plan too small to be measured ,
H6378,C03,Plan too small to be measured ,
H6378,C04,Plan too new to be measured ,
H6378,C05,Plan too new to be measured ,
H6378,C06,Plan too small to be measured ,
H6378,C07,3,3
H6378,C08,Not enough data available ,
H6378,C09,Not enough data available ,
H6378,C10,Plan too small to be measured ,
H6378,C11,Plan too small to be measured ,
H6378,C12,Plan too small to be measured ,
H6378,C13,Plan too small to be measured ,
H6378,C14,Plan too small to be measured ,
H6378,C15,Plan too small to be measured ,
H6378,C16,Plan too small to be measured ,
H6378,C17,Plan too small to be measured ,
H6378,C18,Plan too small to be measured ,
H6378,C19,Plan too small to be measured ,
H6378,C20,Plan too small to be measured ,
H6378,C21,Plan too small to be measured ,
H6378,C22,Plan too small to be measured ,
H6378,C23,Plan too small to be measured ,
H6378,C24,Plan too small to be measured ,
H6378,C25,Plan too small to be measured ,
H6378,C26,Plan too small to be measured ,
H6378,C27,Plan too small to be measured ,
H6378,C28,Not enough data available ,
H6378,C29,Not enough data available ,
H6378,C30,Not enough data available ,
H6378,C31,Not enough data available ,
H6378,C32,Not enough data available ,
H6378,C33,4,4
H6378,D01,4,4
H6378,D02,Not enough data available ,
H6378,D03,Not enough data available ,
H6378,D04,Not enough data available ,
H6378,D05,Plan too small to be measured ,
H6378,D06,Plan too small to be measured ,
H6378,D07,5,5
H6378,D08,Not enough data available ,
H6378,D09,Not enough data available ,
H6378,D10,Not enough data available ,
H6378,D11,Not enough data available ,
H6378,D12,Not enough data available,
H6379,C01,3,3
H6379,C02,3,3
H6379,C03,2,2
H6379,C04,Plan too small to be measured ,
H6379,C05,Plan too small to be measured ,
H6379,C06,2,2
H6379,C07,5,5
H6379,C08,Not enough data available ,
H6379,C09,Not enough data available ,
H6379,C10,Not enough data available ,
H6379,C11,3,3
H6379,C12,3,3
H6379,C13,3,3
H6379,C14,4,4
H6379,C15,1,1
H6379,C16,Not enough data available ,
H6379,C17,4,4
H6379,C18,No data available ,
H6379,C19,Not enough data available ,
H6379,C20,2,2
H6379,C21,3,3
H6379,C22,1,1
H6379,C23,Not enough data available ,
H6379,C24,1,1
H6379,C25,1,1
H6379,C26,1,1
H6379,C27,3,3
H6379,C28,2,2
H6379,C29,2,2
H6379,C30,Not enough data available ,
H6379,C31,Not enough data available ,
H6379,C32,Not enough data available ,
H6379,C33,4,4
H6379,D01,4,4
H6379,D02,2,2
H6379,D03,2,2
H6379,D04,Not enough data available ,
H6379,D05,1,1
H6379,D06,Not enough data available ,
H6379,D07,5,5
H6379,D08,4,4
H6379,D09,5,5
H6379,D10,4,4
H6379,D11,4,4
H6379,D12,1,1
H6396,C01,3,3
H6396,C02,3,3
H6396,C03,2,2
H6396,C04,Not enough data available ,
H6396,C05,Not enough data available ,
H6396,C06,2,2
H6396,C07,4,4
H6396,C08,5,5
H6396,C09,4,4
H6396,C10,Not enough data available ,
H6396,C11,3,3
H6396,C12,3,3
H6396,C13,2,2
H6396,C14,4,4
H6396,C15,2,2
H6396,C16,Not enough data available ,
H6396,C17,4,4
H6396,C18,3,3
H6396,C19,4,4
H6396,C20,3,3
H6396,C21,2,2
H6396,C22,5,5
H6396,C23,5,5
H6396,C24,4,4
H6396,C25,4,4
H6396,C26,5,5
H6396,C27,5,5
H6396,C28,4,4
H6396,C29,4,4
H6396,C30,5,5
H6396,C31,Not enough data available ,
H6396,C32,Not enough data available ,
H6396,C33,5,5
H6396,D01,5,5
H6396,D02,4,4
H6396,D03,4,4
H6396,D04,3,3
H6396,D05,5,5
H6396,D06,4,4
H6396,D07,5,5
H6396,D08,5,5
H6396,D09,4,4
H6396,D10,4,4
H6396,D11,4,4
H6396,D12,4,4
H6399,C01,2,2
H6399,C02,2,2
H6399,C03,2,2
H6399,C04,Not enough data available ,
H6399,C05,Not enough data available ,
H6399,C06,3,3
H6399,C07,2,2
H6399,C08,5,5
H6399,C09,3,3
H6399,C10,Not enough data available ,
H6399,C11,2,2
H6399,C12,2,2
H6399,C13,2,2
H6399,C14,3,3
H6399,C15,4,4
H6399,C16,Not enough data available ,
H6399,C17,5,5
H6399,C18,1,1
H6399,C19,2,2
H6399,C20,2,2
H6399,C21,3,3
H6399,C22,3,3
H6399,C23,Not enough data available ,
H6399,C24,3,3
H6399,C25,3,3
H6399,C26,3,3
H6399,C27,Not enough data available ,
H6399,C28,2,2
H6399,C29,5,5
H6399,C30,5,5
H6399,C31,2,2
H6399,C32,5,5
H6399,C33,4,4
H6399,D01,5,5
H6399,D02,2,2
H6399,D03,5,5
H6399,D04,3,3
H6399,D05,3,3
H6399,D06,3,3
H6399,D07,5,5
H6399,D08,3,3
H6399,D09,2,2
H6399,D10,2,2
H6399,D11,5,5
H6399,D12,3,3
H6453,C01,4,4
H6453,C02,5,5
H6453,C03,2,2
H6453,C04,3,3
H6453,C05,3,3
H6453,C06,2,2
H6453,C07,4,4
H6453,C08,4,4
H6453,C09,4,4
H6453,C10,3,3
H6453,C11,4,4
H6453,C12,4,4
H6453,C13,3,3
H6453,C14,4,4
H6453,C15,2,2
H6453,C16,3,3
H6453,C17,4,4
H6453,C18,2,2
H6453,C19,2,2
H6453,C20,4,4
H6453,C21,2,2
H6453,C22,5,5
H6453,C23,5,5
H6453,C24,5,5
H6453,C25,5,5
H6453,C26,5,5
H6453,C27,5,5
H6453,C28,5,5
H6453,C29,4,4
H6453,C30,4,4
H6453,C31,3,3
H6453,C32,2,2
H6453,C33,4,4
H6453,D01,4,4
H6453,D02,5,5
H6453,D03,4,4
H6453,D04,4,4
H6453,D05,5,5
H6453,D06,5,5
H6453,D07,4,4
H6453,D08,3,3
H6453,D09,4,4
H6453,D10,4,4
H6453,D11,5,5
H6453,D12,2,2
H6474,C01,Plan too small to be measured ,
H6474,C02,Plan too small to be measured ,
H6474,C03,Plan too small to be measured ,
H6474,C04,Plan too new to be measured ,
H6474,C05,Plan too new to be measured ,
H6474,C06,Plan too new to be measured ,
H6474,C07,1,1
H6474,C08,No data available ,
H6474,C09,No data available ,
H6474,C10,Plan too small to be measured ,
H6474,C11,Plan too small to be measured ,
H6474,C12,Plan too small to be measured ,
H6474,C13,Plan too small to be measured ,
H6474,C14,Plan too small to be measured ,
H6474,C15,Plan too new to be measured ,
H6474,C16,Plan too new to be measured ,
H6474,C17,Plan too small to be measured ,
H6474,C18,Plan too small to be measured ,
H6474,C19,Plan too small to be measured ,
H6474,C20,Plan too small to be measured ,
H6474,C21,Plan too small to be measured ,
H6474,C22,Plan too small to be measured ,
H6474,C23,Plan too small to be measured ,
H6474,C24,Plan too small to be measured ,
H6474,C25,Plan too small to be measured ,
H6474,C26,Plan too small to be measured ,
H6474,C27,Plan too small to be measured ,
H6474,C28,Not enough data available ,
H6474,C29,Not enough data available ,
H6474,C30,Not enough data available ,
H6474,C31,Not enough data available ,
H6474,C32,Not enough data available ,
H6474,C33,3,3
H6474,D01,3,3
H6474,D02,Not enough data available ,
H6474,D03,Not enough data available ,
H6474,D04,Not enough data available ,
H6474,D05,Plan too small to be measured ,
H6474,D06,Plan too small to be measured ,
H6474,D07,5,5
H6474,D08,Not enough data available ,
H6474,D09,Not enough data available ,
H6474,D10,Not enough data available ,
H6474,D11,Not required to report ,
H6474,D12,Not enough data available,
H6515,C01,Plan too new to be measured ,
H6515,C02,Plan too new to be measured ,
H6515,C03,Plan too new to be measured ,
H6515,C04,Plan too new to be measured ,
H6515,C05,Plan too new to be measured ,
H6515,C06,Plan too new to be measured ,
H6515,C07,Plan too new to be measured ,
H6515,C08,Plan too new to be measured ,
H6515,C09,Plan too new to be measured ,
H6515,C10,Plan too new to be measured ,
H6515,C11,Plan too new to be measured ,
H6515,C12,Plan too new to be measured ,
H6515,C13,Plan too new to be measured ,
H6515,C14,Plan too new to be measured ,
H6515,C15,Plan too new to be measured ,
H6515,C16,Plan too new to be measured ,
H6515,C17,Plan too new to be measured ,
H6515,C18,Plan too new to be measured ,
H6515,C19,Plan too new to be measured ,
H6515,C20,Plan too new to be measured ,
H6515,C21,Plan too new to be measured ,
H6515,C22,Plan too new to be measured ,
H6515,C23,Plan too new to be measured ,
H6515,C24,Plan too new to be measured ,
H6515,C25,Plan too new to be measured ,
H6515,C26,Plan too new to be measured ,
H6515,C27,Plan too new to be measured ,
H6515,C28,Plan too new to be measured ,
H6515,C29,Plan too new to be measured ,
H6515,C30,Plan too new to be measured ,
H6515,C31,Not enough data available ,
H6515,C32,Not enough data available ,
H6515,C33,Plan too new to be measured ,
H6515,D01,Plan too new to be measured ,
H6515,D02,Plan too new to be measured ,
H6515,D03,Plan too new to be measured ,
H6515,D04,Plan too new to be measured ,
H6515,D05,Plan too new to be measured ,
H6515,D06,Plan too new to be measured ,
H6515,D07,Plan too new to be measured ,
H6515,D08,Plan too new to be measured ,
H6515,D09,Plan too new to be measured ,
H6515,D10,Plan too new to be measured ,
H6515,D11,Plan too new to be measured ,
H6515,D12,Plan too new to be measured,
H6529,C01,4,4
H6529,C02,4,4
H6529,C03,5,5
H6529,C04,3,3
H6529,C05,4,4
H6529,C06,3,3
H6529,C07,Plan not required to report measure ,
H6529,C08,Plan not required to report measure ,
H6529,C09,Plan not required to report measure ,
H6529,C10,Not enough data available ,
H6529,C11,1,1
H6529,C12,3,3
H6529,C13,1,1
H6529,C14,4,4
H6529,C15,3,3
H6529,C16,1,1
H6529,C17,4,4
H6529,C18,No data available ,
H6529,C19,No data available ,
H6529,C20,4,4
H6529,C21,No data available ,
H6529,C22,4,4
H6529,C23,5,5
H6529,C24,5,5
H6529,C25,5,5
H6529,C26,5,5
H6529,C27,5,5
H6529,C28,3,3
H6529,C29,Not enough data available ,
H6529,C30,3,3
H6529,C31,Not enough data available ,
H6529,C32,Not enough data available ,
H6529,C33,3,3
H6529,D01,3,3
H6529,D02,3,3
H6529,D03,Not enough data available ,
H6529,D04,3,3
H6529,D05,5,5
H6529,D06,4,4
H6529,D07,4,4
H6529,D08,2,2
H6529,D09,3,3
H6529,D10,3,3
H6529,D11,2,2
H6529,D12,2,2
H6545,C01,Not enough data available ,
H6545,C02,5,5
H6545,C03,4,4
H6545,C04,Plan too new to be measured ,
H6545,C05,Plan too new to be measured ,
H6545,C06,4,4
H6545,C07,Plan not required to report measure ,
H6545,C08,Plan not required to report measure ,
H6545,C09,Plan not required to report measure ,
H6545,C10,Not enough data available ,
H6545,C11,4,4
H6545,C12,5,5
H6545,C13,5,5
H6545,C14,5,5
H6545,C15,2,2
H6545,C16,4,4
H6545,C17,5,5
H6545,C18,4,4
H6545,C19,4,4
H6545,C20,4,4
H6545,C21,4,4
H6545,C22,2,2
H6545,C23,1,1
H6545,C24,4,4
H6545,C25,2,2
H6545,C26,3,3
H6545,C27,2,2
H6545,C28,4,4
H6545,C29,1,1
H6545,C30,3,3
H6545,C31,5,5
H6545,C32,2,2
H6545,C33,4,4
H6545,D01,5,5
H6545,D02,4,4
H6545,D03,1,1
H6545,D04,1,1
H6545,D05,1,1
H6545,D06,1,1
H6545,D07,5,5
H6545,D08,4,4
H6545,D09,5,5
H6545,D10,5,5
H6545,D11,4,4
H6545,D12,4,4
H6550,C01,1,1
H6550,C02,2,2
H6550,C03,1,1
H6550,C04,Not enough data available ,
H6550,C05,Not enough data available ,
H6550,C06,2,2
H6550,C07,4,4
H6550,C08,3,3
H6550,C09,3,3
H6550,C10,Not enough data available ,
H6550,C11,2,2
H6550,C12,2,2
H6550,C13,2,2
H6550,C14,3,3
H6550,C15,3,3
H6550,C16,Not enough data available ,
H6550,C17,3,3
H6550,C18,2,2
H6550,C19,2,2
H6550,C20,2,2
H6550,C21,2,2
H6550,C22,4,4
H6550,C23,4,4
H6550,C24,1,1
H6550,C25,2,2
H6550,C26,2,2
H6550,C27,3,3
H6550,C28,2,2
H6550,C29,2,2
H6550,C30,3,3
H6550,C31,Not enough data available ,
H6550,C32,Not enough data available ,
H6550,C33,5,5
H6550,D01,5,5
H6550,D02,2,2
H6550,D03,2,2
H6550,D04,4,4
H6550,D05,3,3
H6550,D06,3,3
H6550,D07,5,5
H6550,D08,5,5
H6550,D09,3,3
H6550,D10,4,4
H6550,D11,4,4
H6550,D12,3,3
H6566,C01,Plan too new to be measured ,
H6566,C02,Plan too new to be measured ,
H6566,C03,Plan too new to be measured ,
H6566,C04,Plan too new to be measured ,
H6566,C05,Plan too new to be measured ,
H6566,C06,Plan too new to be measured ,
H6566,C07,Plan too new to be measured ,
H6566,C08,Plan too new to be measured ,
H6566,C09,Plan too new to be measured ,
H6566,C10,Plan too new to be measured ,
H6566,C11,Plan too new to be measured ,
H6566,C12,Plan too new to be measured ,
H6566,C13,Plan too new to be measured ,
H6566,C14,Plan too new to be measured ,
H6566,C15,Plan too new to be measured ,
H6566,C16,Plan too new to be measured ,
H6566,C17,Plan too new to be measured ,
H6566,C18,Plan too new to be measured ,
H6566,C19,Plan too new to be measured ,
H6566,C20,Plan too new to be measured ,
H6566,C21,Plan too new to be measured ,
H6566,C22,Plan too new to be measured ,
H6566,C23,Plan too new to be measured ,
H6566,C24,Plan too new to be measured ,
H6566,C25,Plan too new to be measured ,
H6566,C26,Plan too new to be measured ,
H6566,C27,Plan too new to be measured ,
H6566,C28,Plan too new to be measured ,
H6566,C29,Plan too new to be measured ,
H6566,C30,Plan too new to be measured ,
H6566,C31,Not enough data available ,
H6566,C32,Not enough data available ,
H6566,C33,Plan too new to be measured ,
H6566,D01,Plan too new to be measured ,
H6566,D02,Plan too new to be measured ,
H6566,D03,Plan too new to be measured ,
H6566,D04,Plan too new to be measured ,
H6566,D05,Plan too new to be measured ,
H6566,D06,Plan too new to be measured ,
H6566,D07,Plan too new to be measured ,
H6566,D08,Plan too new to be measured ,
H6566,D09,Plan too new to be measured ,
H6566,D10,Plan too new to be measured ,
H6566,D11,Plan too new to be measured ,
H6566,D12,Plan too new to be measured,
H6586,C01,Not enough data available ,
H6586,C02,4,4
H6586,C03,1,1
H6586,C04,Plan too new to be measured ,
H6586,C05,Plan too new to be measured ,
H6586,C06,3,3
H6586,C07,Plan not required to report measure ,
H6586,C08,Plan not required to report measure ,
H6586,C09,Plan not required to report measure ,
H6586,C10,Not enough data available ,
H6586,C11,3,3
H6586,C12,4,4
H6586,C13,4,4
H6586,C14,5,5
H6586,C15,1,1
H6586,C16,2,2
H6586,C17,5,5
H6586,C18,No data available ,
H6586,C19,Not enough data available ,
H6586,C20,3,3
H6586,C21,5,5
H6586,C22,1,1
H6586,C23,1,1
H6586,C24,5,5
H6586,C25,1,1
H6586,C26,2,2
H6586,C27,1,1
H6586,C28,3,3
H6586,C29,1,1
H6586,C30,Not enough data available ,
H6586,C31,5,5
H6586,C32,2,2
H6586,C33,4,4
H6586,D01,5,5
H6586,D02,3,3
H6586,D03,1,1
H6586,D04,3,3
H6586,D05,1,1
H6586,D06,2,2
H6586,D07,5,5
H6586,D08,4,4
H6586,D09,4,4
H6586,D10,4,4
H6586,D11,4,4
H6586,D12,2,2
H6595,C01,2,2
H6595,C02,2,2
H6595,C03,1,1
H6595,C04,Not enough data available ,
H6595,C05,Not enough data available ,
H6595,C06,1,1
H6595,C07,4,4
H6595,C08,4,4
H6595,C09,4,4
H6595,C10,2,2
H6595,C11,3,3
H6595,C12,3,3
H6595,C13,2,2
H6595,C14,2,2
H6595,C15,3,3
H6595,C16,1,1
H6595,C17,3,3
H6595,C18,1,1
H6595,C19,4,4
H6595,C20,2,2
H6595,C21,2,2
H6595,C22,5,5
H6595,C23,5,5
H6595,C24,5,5
H6595,C25,4,4
H6595,C26,5,5
H6595,C27,4,4
H6595,C28,4,4
H6595,C29,2,2
H6595,C30,3,3
H6595,C31,4,4
H6595,C32,4,4
H6595,C33,5,5
H6595,D01,5,5
H6595,D02,4,4
H6595,D03,2,2
H6595,D04,5,5
H6595,D05,5,5
H6595,D06,5,5
H6595,D07,5,5
H6595,D08,3,3
H6595,D09,2,2
H6595,D10,2,2
H6595,D11,3,3
H6595,D12,3,3
H6622,C01,3,3
H6622,C02,4,4
H6622,C03,3,3
H6622,C04,4,4
H6622,C05,5,5
H6622,C06,3,3
H6622,C07,4,4
H6622,C08,4,4
H6622,C09,4,4
H6622,C10,3,3
H6622,C11,4,4
H6622,C12,4,4
H6622,C13,4,4
H6622,C14,4,4
H6622,C15,2,2
H6622,C16,2,2
H6622,C17,5,5
H6622,C18,3,3
H6622,C19,4,4
H6622,C20,4,4
H6622,C21,2,2
H6622,C22,2,2
H6622,C23,4,4
H6622,C24,2,2
H6622,C25,4,4
H6622,C26,2,2
H6622,C27,4,4
H6622,C28,4,4
H6622,C29,3,3
H6622,C30,4,4
H6622,C31,4,4
H6622,C32,4,4
H6622,C33,5,5
H6622,D01,5,5
H6622,D02,4,4
H6622,D03,3,3
H6622,D04,4,4
H6622,D05,4,4
H6622,D06,4,4
H6622,D07,1,1
H6622,D08,3,3
H6622,D09,3,3
H6622,D10,3,3
H6622,D11,3,3
H6622,D12,3,3
H6652,C01,Plan too small to be measured ,
H6652,C02,Plan too small to be measured ,
H6652,C03,Plan too small to be measured ,
H6652,C04,Not enough data available ,
H6652,C05,Not enough data available ,
H6652,C06,Plan too small to be measured ,
H6652,C07,No data available ,
H6652,C08,No data available ,
H6652,C09,No data available ,
H6652,C10,Plan too small to be measured ,
H6652,C11,Plan too small to be measured ,
H6652,C12,Plan too small to be measured ,
H6652,C13,Plan too small to be measured ,
H6652,C14,Plan too small to be measured ,
H6652,C15,Plan too small to be measured ,
H6652,C16,Plan too small to be measured ,
H6652,C17,Plan too small to be measured ,
H6652,C18,Plan too small to be measured ,
H6652,C19,Plan too small to be measured ,
H6652,C20,Plan too small to be measured ,
H6652,C21,Plan too small to be measured ,
H6652,C22,Plan too small to be measured ,
H6652,C23,Plan too small to be measured ,
H6652,C24,Plan too small to be measured ,
H6652,C25,Plan too small to be measured ,
H6652,C26,Plan too small to be measured ,
H6652,C27,Plan too small to be measured ,
H6652,C28,No data available ,
H6652,C29,Not enough data available ,
H6652,C30,Not enough data available ,
H6652,C31,Not enough data available ,
H6652,C32,Not enough data available ,
H6652,C33,3,3
H6652,D01,4,4
H6652,D02,No data available ,
H6652,D03,Not enough data available ,
H6652,D04,Not enough data available ,
H6652,D05,Plan too small to be measured ,
H6652,D06,Plan too small to be measured ,
H6652,D07,Not enough data available ,
H6652,D08,Not enough data available ,
H6652,D09,Not enough data available ,
H6652,D10,Not enough data available ,
H6652,D11,Not required to report ,
H6652,D12,Not enough data available,
H6672,C01,Not enough data available ,
H6672,C02,3,3
H6672,C03,1,1
H6672,C04,Plan too small to be measured ,
H6672,C05,Plan too small to be measured ,
H6672,C06,3,3
H6672,C07,5,5
H6672,C08,3,3
H6672,C09,5,5
H6672,C10,Not enough data available ,
H6672,C11,2,2
H6672,C12,2,2
H6672,C13,2,2
H6672,C14,4,4
H6672,C15,Not enough data available ,
H6672,C16,Not enough data available ,
H6672,C17,4,4
H6672,C18,No data available ,
H6672,C19,Not enough data available ,
H6672,C20,2,2
H6672,C21,Not enough data available ,
H6672,C22,1,1
H6672,C23,Not enough data available ,
H6672,C24,1,1
H6672,C25,1,1
H6672,C26,1,1
H6672,C27,Not enough data available ,
H6672,C28,1,1
H6672,C29,1,1
H6672,C30,Not enough data available ,
H6672,C31,Not enough data available ,
H6672,C32,Not enough data available ,
H6672,C33,4,4
H6672,D01,4,4
H6672,D02,1,1
H6672,D03,1,1
H6672,D04,Not enough data available ,
H6672,D05,1,1
H6672,D06,Not enough data available ,
H6672,D07,5,5
H6672,D08,1,1
H6672,D09,3,3
H6672,D10,2,2
H6672,D11,5,5
H6672,D12,2,2
H6706,C01,Plan too small to be measured ,
H6706,C02,Plan too small to be measured ,
H6706,C03,Plan too small to be measured ,
H6706,C04,Plan too small to be measured ,
H6706,C05,Plan too small to be measured ,
H6706,C06,Plan too small to be measured ,
H6706,C07,Plan not required to report measure ,
H6706,C08,Plan not required to report measure ,
H6706,C09,Plan not required to report measure ,
H6706,C10,Plan too small to be measured ,
H6706,C11,Plan too small to be measured ,
H6706,C12,Plan too small to be measured ,
H6706,C13,Plan too small to be measured ,
H6706,C14,Plan too small to be measured ,
H6706,C15,Plan too small to be measured ,
H6706,C16,Plan too small to be measured ,
H6706,C17,Plan too small to be measured ,
H6706,C18,Plan too small to be measured ,
H6706,C19,Plan too small to be measured ,
H6706,C20,Plan too small to be measured ,
H6706,C21,Plan too small to be measured ,
H6706,C22,Plan too small to be measured ,
H6706,C23,Plan too small to be measured ,
H6706,C24,Plan too small to be measured ,
H6706,C25,Plan too small to be measured ,
H6706,C26,Plan too small to be measured ,
H6706,C27,Plan too small to be measured ,
H6706,C28,Not enough data available ,
H6706,C29,Not enough data available ,
H6706,C30,Not enough data available ,
H6706,C31,Not enough data available ,
H6706,C32,Not enough data available ,
H6706,C33,5,5
H6706,D01,5,5
H6706,D02,Not enough data available ,
H6706,D03,Not enough data available ,
H6706,D04,Not enough data available ,
H6706,D05,Plan too small to be measured ,
H6706,D06,Plan too small to be measured ,
H6706,D07,5,5
H6706,D08,2,2
H6706,D09,2,2
H6706,D10,2,2
H6706,D11,Not enough data available ,
H6706,D12,Not enough data available,
H6723,C01,4,4
H6723,C02,5,5
H6723,C03,4,4
H6723,C04,4,4
H6723,C05,4,4
H6723,C06,3,3
H6723,C07,Plan not required to report measure ,
H6723,C08,Plan not required to report measure ,
H6723,C09,Plan not required to report measure ,
H6723,C10,2,2
H6723,C11,3,3
H6723,C12,4,4
H6723,C13,3,3
H6723,C14,4,4
H6723,C15,2,2
H6723,C16,2,2
H6723,C17,4,4
H6723,C18,1,1
H6723,C19,3,3
H6723,C20,3,3
H6723,C21,3,3
H6723,C22,5,5
H6723,C23,5,5
H6723,C24,5,5
H6723,C25,5,5
H6723,C26,5,5
H6723,C27,4,4
H6723,C28,5,5
H6723,C29,5,5
H6723,C30,5,5
H6723,C31,4,4
H6723,C32,3,3
H6723,C33,3,3
H6723,D01,4,4
H6723,D02,5,5
H6723,D03,5,5
H6723,D04,3,3
H6723,D05,5,5
H6723,D06,5,5
H6723,D07,5,5
H6723,D08,3,3
H6723,D09,4,4
H6723,D10,4,4
H6723,D11,3,3
H6723,D12,3,3
H6743,C01,2,2
H6743,C02,2,2
H6743,C03,1,1
H6743,C04,3,3
H6743,C05,3,3
H6743,C06,2,2
H6743,C07,Plan not required to report measure ,
H6743,C08,Plan not required to report measure ,
H6743,C09,Plan not required to report measure ,
H6743,C10,1,1
H6743,C11,1,1
H6743,C12,2,2
H6743,C13,2,2
H6743,C14,1,1
H6743,C15,2,2
H6743,C16,3,3
H6743,C17,1,1
H6743,C18,4,4
H6743,C19,1,1
H6743,C20,1,1
H6743,C21,1,1
H6743,C22,2,2
H6743,C23,2,2
H6743,C24,3,3
H6743,C25,2,2
H6743,C26,1,1
H6743,C27,3,3
H6743,C28,5,5
H6743,C29,5,5
H6743,C30,1,1
H6743,C31,5,5
H6743,C32,1,1
H6743,C33,3,3
H6743,D01,4,4
H6743,D02,5,5
H6743,D03,5,5
H6743,D04,3,3
H6743,D05,3,3
H6743,D06,4,4
H6743,D07,4,4
H6743,D08,1,1
H6743,D09,2,2
H6743,D10,2,2
H6743,D11,3,3
H6743,D12,1,1
H6765,C01,Not enough data available ,
H6765,C02,1,1
H6765,C03,Plan too small to be measured ,
H6765,C04,Plan too new to be measured ,
H6765,C05,Plan too new to be measured ,
H6765,C06,No data available ,
H6765,C07,5,5
H6765,C08,5,5
H6765,C09,5,5
H6765,C10,Not enough data available ,
H6765,C11,2,2
H6765,C12,4,4
H6765,C13,2,2
H6765,C14,5,5
H6765,C15,No data available ,
H6765,C16,No data available ,
H6765,C17,Not enough data available ,
H6765,C18,No data available ,
H6765,C19,Not enough data available ,
H6765,C20,Not enough data available ,
H6765,C21,5,5
H6765,C22,Plan too small to be measured ,
H6765,C23,Plan too small to be measured ,
H6765,C24,Plan too small to be measured ,
H6765,C25,Plan too small to be measured ,
H6765,C26,Plan too small to be measured ,
H6765,C27,Plan too small to be measured ,
H6765,C28,4,4
H6765,C29,5,5
H6765,C30,Not enough data available ,
H6765,C31,Not enough data available ,
H6765,C32,Not enough data available ,
H6765,C33,3,3
H6765,D01,4,4
H6765,D02,4,4
H6765,D03,5,5
H6765,D04,4,4
H6765,D05,Plan too small to be measured ,
H6765,D06,Plan too small to be measured ,
H6765,D07,5,5
H6765,D08,5,5
H6765,D09,4,4
H6765,D10,5,5
H6765,D11,5,5
H6765,D12,3,3
H6776,C01,Plan too small to be measured ,
H6776,C02,Plan too small to be measured ,
H6776,C03,Plan too small to be measured ,
H6776,C04,Plan too small to be measured ,
H6776,C05,Plan too small to be measured ,
H6776,C06,Plan too small to be measured ,
H6776,C07,4,4
H6776,C08,2,2
H6776,C09,4,4
H6776,C10,Plan too small to be measured ,
H6776,C11,Plan too small to be measured ,
H6776,C12,Plan too small to be measured ,
H6776,C13,Plan too small to be measured ,
H6776,C14,Plan too small to be measured ,
H6776,C15,Plan too small to be measured ,
H6776,C16,Plan too small to be measured ,
H6776,C17,Plan too small to be measured ,
H6776,C18,Plan too small to be measured ,
H6776,C19,Plan too small to be measured ,
H6776,C20,Plan too small to be measured ,
H6776,C21,Plan too small to be measured ,
H6776,C22,Plan too small to be measured ,
H6776,C23,Plan too small to be measured ,
H6776,C24,Plan too small to be measured ,
H6776,C25,Plan too small to be measured ,
H6776,C26,Plan too small to be measured ,
H6776,C27,Plan too small to be measured ,
H6776,C28,Not enough data available ,
H6776,C29,Not enough data available ,
H6776,C30,Not enough data available ,
H6776,C31,Not enough data available ,
H6776,C32,Not enough data available ,
H6776,C33,5,5
H6776,D01,4,4
H6776,D02,Not enough data available ,
H6776,D03,Not enough data available ,
H6776,D04,3,3
H6776,D05,Plan too small to be measured ,
H6776,D06,Plan too small to be measured ,
H6776,D07,5,5
H6776,D08,3,3
H6776,D09,2,2
H6776,D10,2,2
H6776,D11,4,4
H6776,D12,Not enough data available,
H6813,C01,Not enough data available ,
H6813,C02,3,3
H6813,C03,2,2
H6813,C04,Plan too new to be measured ,
H6813,C05,Plan too new to be measured ,
H6813,C06,3,3
H6813,C07,Plan not required to report measure ,
H6813,C08,Plan not required to report measure ,
H6813,C09,Plan not required to report measure ,
H6813,C10,Not enough data available ,
H6813,C11,3,3
H6813,C12,3,3
H6813,C13,4,4
H6813,C14,4,4
H6813,C15,Not enough data available ,
H6813,C16,Not enough data available ,
H6813,C17,5,5
H6813,C18,No data available ,
H6813,C19,Not enough data available ,
H6813,C20,3,3
H6813,C21,3,3
H6813,C22,2,2
H6813,C23,1,1
H6813,C24,5,5
H6813,C25,4,4
H6813,C26,4,4
H6813,C27,1,1
H6813,C28,3,3
H6813,C29,2,2
H6813,C30,Not enough data available ,
H6813,C31,5,5
H6813,C32,3,3
H6813,C33,4,4
H6813,D01,5,5
H6813,D02,3,3
H6813,D03,2,2
H6813,D04,3,3
H6813,D05,4,4
H6813,D06,1,1
H6813,D07,5,5
H6813,D08,3,3
H6813,D09,4,4
H6813,D10,3,3
H6813,D11,4,4
H6813,D12,3,3
H6815,C01,2,2
H6815,C02,3,3
H6815,C03,3,3
H6815,C04,1,1
H6815,C05,4,4
H6815,C06,3,3
H6815,C07,Plan not required to report measure ,
H6815,C08,Plan not required to report measure ,
H6815,C09,Plan not required to report measure ,
H6815,C10,2,2
H6815,C11,3,3
H6815,C12,3,3
H6815,C13,3,3
H6815,C14,2,2
H6815,C15,2,2
H6815,C16,3,3
H6815,C17,4,4
H6815,C18,3,3
H6815,C19,3,3
H6815,C20,3,3
H6815,C21,1,1
H6815,C22,2,2
H6815,C23,2,2
H6815,C24,2,2
H6815,C25,2,2
H6815,C26,1,1
H6815,C27,1,1
H6815,C28,4,4
H6815,C29,3,3
H6815,C30,3,3
H6815,C31,Not enough data available ,
H6815,C32,Not enough data available ,
H6815,C33,5,5
H6815,D01,5,5
H6815,D02,4,4
H6815,D03,3,3
H6815,D04,4,4
H6815,D05,1,1
H6815,D06,3,3
H6815,D07,5,5
H6815,D08,3,3
H6815,D09,3,3
H6815,D10,4,4
H6815,D11,3,3
H6815,D12,2,2
H6824,C01,Plan too new to be measured ,
H6824,C02,Plan too new to be measured ,
H6824,C03,Plan too new to be measured ,
H6824,C04,Plan too new to be measured ,
H6824,C05,Plan too new to be measured ,
H6824,C06,Plan too new to be measured ,
H6824,C07,Plan too new to be measured ,
H6824,C08,Plan too new to be measured ,
H6824,C09,Plan too new to be measured ,
H6824,C10,Plan too new to be measured ,
H6824,C11,Plan too new to be measured ,
H6824,C12,Plan too new to be measured ,
H6824,C13,Plan too new to be measured ,
H6824,C14,Plan too new to be measured ,
H6824,C15,Plan too new to be measured ,
H6824,C16,Plan too new to be measured ,
H6824,C17,Plan too new to be measured ,
H6824,C18,Plan too new to be measured ,
H6824,C19,Plan too new to be measured ,
H6824,C20,Plan too new to be measured ,
H6824,C21,Plan too new to be measured ,
H6824,C22,Plan too new to be measured ,
H6824,C23,Plan too new to be measured ,
H6824,C24,Plan too new to be measured ,
H6824,C25,Plan too new to be measured ,
H6824,C26,Plan too new to be measured ,
H6824,C27,Plan too new to be measured ,
H6824,C28,Plan too new to be measured ,
H6824,C29,Plan too new to be measured ,
H6824,C30,Plan too new to be measured ,
H6824,C31,Not enough data available ,
H6824,C32,Not enough data available ,
H6824,C33,Plan too new to be measured ,
H6824,D01,Plan too new to be measured ,
H6824,D02,Plan too new to be measured ,
H6824,D03,Plan too new to be measured ,
H6824,D04,Plan too new to be measured ,
H6824,D05,Plan too new to be measured ,
H6824,D06,Plan too new to be measured ,
H6824,D07,Plan too new to be measured ,
H6824,D08,Plan too new to be measured ,
H6824,D09,Plan too new to be measured ,
H6824,D10,Plan too new to be measured ,
H6824,D11,Plan too new to be measured ,
H6824,D12,Plan too new to be measured,
H6832,C01,Not enough data available ,
H6832,C02,Not enough data available ,
H6832,C03,Plan too small to be measured ,
H6832,C04,Plan too small to be measured ,
H6832,C05,Plan too small to be measured ,
H6832,C06,No data available ,
H6832,C07,5,5
H6832,C08,5,5
H6832,C09,5,5
H6832,C10,Not enough data available ,
H6832,C11,1,1
H6832,C12,1,1
H6832,C13,1,1
H6832,C14,Not enough data available ,
H6832,C15,No data available ,
H6832,C16,No data available ,
H6832,C17,1,1
H6832,C18,No data available ,
H6832,C19,Not enough data available ,
H6832,C20,1,1
H6832,C21,4,4
H6832,C22,Plan too small to be measured ,
H6832,C23,Plan too small to be measured ,
H6832,C24,Plan too small to be measured ,
H6832,C25,Plan too small to be measured ,
H6832,C26,Plan too small to be measured ,
H6832,C27,Plan too small to be measured ,
H6832,C28,4,4
H6832,C29,4,4
H6832,C30,Not enough data available ,
H6832,C31,Not enough data available ,
H6832,C32,Not enough data available ,
H6832,C33,3,3
H6832,D01,5,5
H6832,D02,4,4
H6832,D03,4,4
H6832,D04,1,1
H6832,D05,Plan too small to be measured ,
H6832,D06,Plan too small to be measured ,
H6832,D07,5,5
H6832,D08,1,1
H6832,D09,1,1
H6832,D10,1,1
H6832,D11,4,4
H6832,D12,3,3
H6847,C01,Not enough data available ,
H6847,C02,5,5
H6847,C03,5,5
H6847,C04,Plan too new to be measured ,
H6847,C05,Plan too new to be measured ,
H6847,C06,5,5
H6847,C07,Plan not required to report measure ,
H6847,C08,Plan not required to report measure ,
H6847,C09,Plan not required to report measure ,
H6847,C10,Not enough data available ,
H6847,C11,3,3
H6847,C12,5,5
H6847,C13,3,3
H6847,C14,4,4
H6847,C15,Not enough data available ,
H6847,C16,Not enough data available ,
H6847,C17,5,5
H6847,C18,No data available ,
H6847,C19,Not enough data available ,
H6847,C20,5,5
H6847,C21,Not enough data available ,
H6847,C22,2,2
H6847,C23,2,2
H6847,C24,3,3
H6847,C25,4,4
H6847,C26,4,4
H6847,C27,4,4
H6847,C28,Not enough data available ,
H6847,C29,Not enough data available ,
H6847,C30,Not enough data available ,
H6847,C31,2,2
H6847,C32,2,2
H6847,C33,4,4
H6847,D01,4,4
H6847,D02,Not enough data available ,
H6847,D03,Not enough data available ,
H6847,D04,Not enough data available ,
H6847,D05,3,3
H6847,D06,Not enough data available ,
H6847,D07,4,4
H6847,D08,2,2
H6847,D09,5,5
H6847,D10,4,4
H6847,D11,4,4
H6847,D12,5,5
H6851,C01,1,1
H6851,C02,2,2
H6851,C03,2,2
H6851,C04,Plan too new to be measured ,
H6851,C05,Plan too new to be measured ,
H6851,C06,2,2
H6851,C07,Plan not required to report measure ,
H6851,C08,Plan not required to report measure ,
H6851,C09,Plan not required to report measure ,
H6851,C10,Not enough data available ,
H6851,C11,2,2
H6851,C12,4,4
H6851,C13,2,2
H6851,C14,5,5
H6851,C15,Not enough data available ,
H6851,C16,Not enough data available ,
H6851,C17,4,4
H6851,C18,No data available ,
H6851,C19,1,1
H6851,C20,3,3
H6851,C21,2,2
H6851,C22,2,2
H6851,C23,2,2
H6851,C24,3,3
H6851,C25,3,3
H6851,C26,3,3
H6851,C27,Not enough data available ,
H6851,C28,3,3
H6851,C29,4,4
H6851,C30,5,5
H6851,C31,Not enough data available ,
H6851,C32,Not enough data available ,
H6851,C33,3,3
H6851,D01,3,3
H6851,D02,3,3
H6851,D03,4,4
H6851,D04,3,3
H6851,D05,3,3
H6851,D06,2,2
H6851,D07,5,5
H6851,D08,4,4
H6851,D09,3,3
H6851,D10,3,3
H6851,D11,3,3
H6851,D12,1,1
H6852,C01,Not enough data available ,
H6852,C02,4,4
H6852,C03,Plan too small to be measured ,
H6852,C04,Plan too new to be measured ,
H6852,C05,Plan too new to be measured ,
H6852,C06,3,3
H6852,C07,No data available ,
H6852,C08,No data available ,
H6852,C09,No data available ,
H6852,C10,Not enough data available ,
H6852,C11,3,3
H6852,C12,3,3
H6852,C13,5,5
H6852,C14,4,4
H6852,C15,Not enough data available ,
H6852,C16,Not enough data available ,
H6852,C17,5,5
H6852,C18,No data available ,
H6852,C19,Not enough data available ,
H6852,C20,4,4
H6852,C21,Not enough data available ,
H6852,C22,Plan too small to be measured ,
H6852,C23,Plan too small to be measured ,
H6852,C24,Plan too small to be measured ,
H6852,C25,Plan too small to be measured ,
H6852,C26,Plan too small to be measured ,
H6852,C27,Plan too small to be measured ,
H6852,C28,2,2
H6852,C29,1,1
H6852,C30,Not enough data available ,
H6852,C31,5,5
H6852,C32,2,2
H6852,C33,4,4
H6852,D01,5,5
H6852,D02,2,2
H6852,D03,1,1
H6852,D04,3,3
H6852,D05,Plan too small to be measured ,
H6852,D06,Plan too small to be measured ,
H6852,D07,5,5
H6852,D08,2,2
H6852,D09,3,3
H6852,D10,4,4
H6852,D11,4,4
H6852,D12,5,5
H6874,C01,4,4
H6874,C02,5,5
H6874,C03,2,2
H6874,C04,Not enough data available ,
H6874,C05,Not enough data available ,
H6874,C06,2,2
H6874,C07,Plan not required to report measure ,
H6874,C08,Plan not required to report measure ,
H6874,C09,Plan not required to report measure ,
H6874,C10,Not enough data available ,
H6874,C11,3,3
H6874,C12,4,4
H6874,C13,5,5
H6874,C14,4,4
H6874,C15,1,1
H6874,C16,3,3
H6874,C17,4,4
H6874,C18,No data available ,
H6874,C19,5,5
H6874,C20,4,4
H6874,C21,1,1
H6874,C22,5,5
H6874,C23,4,4
H6874,C24,5,5
H6874,C25,4,4
H6874,C26,4,4
H6874,C27,5,5
H6874,C28,4,4
H6874,C29,4,4
H6874,C30,3,3
H6874,C31,Not enough data available ,
H6874,C32,Not enough data available ,
H6874,C33,5,5
H6874,D01,4,4
H6874,D02,4,4
H6874,D03,4,4
H6874,D04,1,1
H6874,D05,2,2
H6874,D06,4,4
H6874,D07,5,5
H6874,D08,3,3
H6874,D09,2,2
H6874,D10,2,2
H6874,D11,Not enough data available ,
H6874,D12,3,3
H6876,C01,Not enough data available ,
H6876,C02,Not enough data available ,
H6876,C03,3,3
H6876,C04,Plan too new to be measured ,
H6876,C05,Plan too new to be measured ,
H6876,C06,Plan too new to be measured ,
H6876,C07,4,4
H6876,C08,4,4
H6876,C09,3,3
H6876,C10,Not enough data available ,
H6876,C11,1,1
H6876,C12,2,2
H6876,C13,3,3
H6876,C14,2,2
H6876,C15,Plan too new to be measured ,
H6876,C16,Plan too new to be measured ,
H6876,C17,5,5
H6876,C18,No data available ,
H6876,C19,Not enough data available ,
H6876,C20,1,1
H6876,C21,Not enough data available ,
H6876,C22,4,4
H6876,C23,4,4
H6876,C24,2,2
H6876,C25,2,2
H6876,C26,4,4
H6876,C27,3,3
H6876,C28,1,1
H6876,C29,1,1
H6876,C30,Not enough data available ,
H6876,C31,Not enough data available ,
H6876,C32,Not enough data available ,
H6876,C33,4,4
H6876,D01,3,3
H6876,D02,1,1
H6876,D03,1,1
H6876,D04,Not enough data available ,
H6876,D05,4,4
H6876,D06,3,3
H6876,D07,5,5
H6876,D08,2,2
H6876,D09,2,2
H6876,D10,3,3
H6876,D11,4,4
H6876,D12,4,4
H6891,C01,Plan too small to be measured ,
H6891,C02,Plan too small to be measured ,
H6891,C03,Plan too small to be measured ,
H6891,C04,Not enough data available ,
H6891,C05,Not enough data available ,
H6891,C06,No data available ,
H6891,C07,5,5
H6891,C08,5,5
H6891,C09,5,5
H6891,C10,Plan too small to be measured ,
H6891,C11,Plan too small to be measured ,
H6891,C12,Plan too small to be measured ,
H6891,C13,Plan too small to be measured ,
H6891,C14,Plan too small to be measured ,
H6891,C15,No data available ,
H6891,C16,No data available ,
H6891,C17,Plan too small to be measured ,
H6891,C18,Plan too small to be measured ,
H6891,C19,Plan too small to be measured ,
H6891,C20,Plan too small to be measured ,
H6891,C21,Plan too small to be measured ,
H6891,C22,Plan too small to be measured ,
H6891,C23,Plan too small to be measured ,
H6891,C24,Plan too small to be measured ,
H6891,C25,Plan too small to be measured ,
H6891,C26,Plan too small to be measured ,
H6891,C27,Plan too small to be measured ,
H6891,C28,Not enough data available ,
H6891,C29,Not enough data available ,
H6891,C30,Not enough data available ,
H6891,C31,Not enough data available ,
H6891,C32,Not enough data available ,
H6891,C33,3,3
H6891,D01,4,4
H6891,D02,Not enough data available ,
H6891,D03,Not enough data available ,
H6891,D04,3,3
H6891,D05,Plan too small to be measured ,
H6891,D06,Plan too small to be measured ,
H6891,D07,5,5
H6891,D08,1,1
H6891,D09,1,1
H6891,D10,1,1
H6891,D11,3,3
H6891,D12,3,3
H6898,C01,5,5
H6898,C02,5,5
H6898,C03,5,5
H6898,C04,5,5
H6898,C05,5,5
H6898,C06,3,3
H6898,C07,Plan not required to report measure ,
H6898,C08,Plan not required to report measure ,
H6898,C09,Plan not required to report measure ,
H6898,C10,3,3
H6898,C11,3,3
H6898,C12,3,3
H6898,C13,3,3
H6898,C14,2,2
H6898,C15,1,1
H6898,C16,4,4
H6898,C17,2,2
H6898,C18,2,2
H6898,C19,4,4
H6898,C20,2,2
H6898,C21,2,2
H6898,C22,2,2
H6898,C23,4,4
H6898,C24,4,4
H6898,C25,4,4
H6898,C26,4,4
H6898,C27,4,4
H6898,C28,5,5
H6898,C29,5,5
H6898,C30,4,4
H6898,C31,3,3
H6898,C32,5,5
H6898,C33,5,5
H6898,D01,5,5
H6898,D02,5,5
H6898,D03,5,5
H6898,D04,3,3
H6898,D05,3,3
H6898,D06,5,5
H6898,D07,4,4
H6898,D08,4,4
H6898,D09,5,5
H6898,D10,4,4
H6898,D11,4,4
H6898,D12,2,2
H6910,C01,4,4
H6910,C02,4,4
H6910,C03,2,2
H6910,C04,4,4
H6910,C05,5,5
H6910,C06,3,3
H6910,C07,Plan not required to report measure ,
H6910,C08,Plan not required to report measure ,
H6910,C09,Plan not required to report measure ,
H6910,C10,Not enough data available ,
H6910,C11,4,4
H6910,C12,4,4
H6910,C13,4,4
H6910,C14,3,3
H6910,C15,2,2
H6910,C16,3,3
H6910,C17,4,4
H6910,C18,5,5
H6910,C19,5,5
H6910,C20,4,4
H6910,C21,2,2
H6910,C22,4,4
H6910,C23,4,4
H6910,C24,5,5
H6910,C25,5,5
H6910,C26,4,4
H6910,C27,4,4
H6910,C28,5,5
H6910,C29,4,4
H6910,C30,4,4
H6910,C31,Not enough data available ,
H6910,C32,Not enough data available ,
H6910,C33,4,4
H6910,D01,3,3
H6910,D02,5,5
H6910,D03,4,4
H6910,D04,2,2
H6910,D05,3,3
H6910,D06,4,4
H6910,D07,4,4
H6910,D08,2,2
H6910,D09,4,4
H6910,D10,4,4
H6910,D11,4,4
H6910,D12,4,4
H6959,C01,Plan too small to be measured ,
H6959,C02,Plan too small to be measured ,
H6959,C03,Plan too small to be measured ,
H6959,C04,Not enough data available ,
H6959,C05,Not enough data available ,
H6959,C06,Plan too small to be measured ,
H6959,C07,5,5
H6959,C08,5,5
H6959,C09,5,5
H6959,C10,Plan too small to be measured ,
H6959,C11,Plan too small to be measured ,
H6959,C12,Plan too small to be measured ,
H6959,C13,Plan too small to be measured ,
H6959,C14,Plan too small to be measured ,
H6959,C15,Plan too small to be measured ,
H6959,C16,Plan too small to be measured ,
H6959,C17,Plan too small to be measured ,
H6959,C18,Plan too small to be measured ,
H6959,C19,Plan too small to be measured ,
H6959,C20,Plan too small to be measured ,
H6959,C21,Plan too small to be measured ,
H6959,C22,Plan too small to be measured ,
H6959,C23,Plan too small to be measured ,
H6959,C24,Plan too small to be measured ,
H6959,C25,Plan too small to be measured ,
H6959,C26,Plan too small to be measured ,
H6959,C27,Plan too small to be measured ,
H6959,C28,Not enough data available ,
H6959,C29,Not enough data available ,
H6959,C30,Not enough data available ,
H6959,C31,Not enough data available ,
H6959,C32,Not enough data available ,
H6959,C33,4,4
H6959,D01,5,5
H6959,D02,Not enough data available ,
H6959,D03,Not enough data available ,
H6959,D04,3,3
H6959,D05,Plan too small to be measured ,
H6959,D06,Plan too small to be measured ,
H6959,D07,5,5
H6959,D08,3,3
H6959,D09,3,3
H6959,D10,5,5
H6959,D11,5,5
H6959,D12,5,5
H6971,C01,Plan too new to be measured ,
H6971,C02,Plan too new to be measured ,
H6971,C03,Plan too new to be measured ,
H6971,C04,Plan too new to be measured ,
H6971,C05,Plan too new to be measured ,
H6971,C06,Plan too new to be measured ,
H6971,C07,Plan too new to be measured ,
H6971,C08,Plan too new to be measured ,
H6971,C09,Plan too new to be measured ,
H6971,C10,Plan too new to be measured ,
H6971,C11,Plan too new to be measured ,
H6971,C12,Plan too new to be measured ,
H6971,C13,Plan too new to be measured ,
H6971,C14,Plan too new to be measured ,
H6971,C15,Plan too new to be measured ,
H6971,C16,Plan too new to be measured ,
H6971,C17,Plan too new to be measured ,
H6971,C18,Plan too new to be measured ,
H6971,C19,Plan too new to be measured ,
H6971,C20,Plan too new to be measured ,
H6971,C21,Plan too new to be measured ,
H6971,C22,Plan too new to be measured ,
H6971,C23,Plan too new to be measured ,
H6971,C24,Plan too new to be measured ,
H6971,C25,Plan too new to be measured ,
H6971,C26,Plan too new to be measured ,
H6971,C27,Plan too new to be measured ,
H6971,C28,Plan too new to be measured ,
H6971,C29,Plan too new to be measured ,
H6971,C30,Plan too new to be measured ,
H6971,C31,Not enough data available ,
H6971,C32,Not enough data available ,
H6971,C33,Plan too new to be measured ,
H6971,D01,Plan too new to be measured ,
H6971,D02,Plan too new to be measured ,
H6971,D03,Plan too new to be measured ,
H6971,D04,Plan too new to be measured ,
H6971,D05,Plan too new to be measured ,
H6971,D06,Plan too new to be measured ,
H6971,D07,Plan too new to be measured ,
H6971,D08,Plan too new to be measured ,
H6971,D09,Plan too new to be measured ,
H6971,D10,Plan too new to be measured ,
H6971,D11,Plan too new to be measured ,
H6971,D12,Plan too new to be measured,
H6988,C01,4,4
H6988,C02,5,5
H6988,C03,4,4
H6988,C04,Not enough data available ,
H6988,C05,Not enough data available ,
H6988,C06,5,5
H6988,C07,5,5
H6988,C08,5,5
H6988,C09,5,5
H6988,C10,Not enough data available ,
H6988,C11,5,5
H6988,C12,4,4
H6988,C13,5,5
H6988,C14,5,5
H6988,C15,5,5
H6988,C16,3,3
H6988,C17,5,5
H6988,C18,5,5
H6988,C19,5,5
H6988,C20,4,4
H6988,C21,5,5
H6988,C22,3,3
H6988,C23,4,4
H6988,C24,2,2
H6988,C25,Not enough data available ,
H6988,C26,3,3
H6988,C27,Not enough data available ,
H6988,C28,4,4
H6988,C29,4,4
H6988,C30,4,4
H6988,C31,5,5
H6988,C32,5,5
H6988,C33,3,3
H6988,D01,4,4
H6988,D02,4,4
H6988,D03,4,4
H6988,D04,3,3
H6988,D05,2,2
H6988,D06,Not enough data available ,
H6988,D07,4,4
H6988,D08,5,5
H6988,D09,5,5
H6988,D10,5,5
H6988,D11,3,3
H6988,D12,5,5
H6994,C01,Plan too new to be measured ,
H6994,C02,Plan too new to be measured ,
H6994,C03,Plan too new to be measured ,
H6994,C04,Plan too new to be measured ,
H6994,C05,Plan too new to be measured ,
H6994,C06,Plan too new to be measured ,
H6994,C07,Plan too new to be measured ,
H6994,C08,Plan too new to be measured ,
H6994,C09,Plan too new to be measured ,
H6994,C10,Plan too new to be measured ,
H6994,C11,Plan too new to be measured ,
H6994,C12,Plan too new to be measured ,
H6994,C13,Plan too new to be measured ,
H6994,C14,Plan too new to be measured ,
H6994,C15,Plan too new to be measured ,
H6994,C16,Plan too new to be measured ,
H6994,C17,Plan too new to be measured ,
H6994,C18,Plan too new to be measured ,
H6994,C19,Plan too new to be measured ,
H6994,C20,Plan too new to be measured ,
H6994,C21,Plan too new to be measured ,
H6994,C22,Plan too new to be measured ,
H6994,C23,Plan too new to be measured ,
H6994,C24,Plan too new to be measured ,
H6994,C25,Plan too new to be measured ,
H6994,C26,Plan too new to be measured ,
H6994,C27,Plan too new to be measured ,
H6994,C28,Plan too new to be measured ,
H6994,C29,Plan too new to be measured ,
H6994,C30,Plan too new to be measured ,
H6994,C31,Not enough data available ,
H6994,C32,Not enough data available ,
H6994,C33,Plan too new to be measured ,
H6994,D01,Plan too new to be measured ,
H6994,D02,Plan too new to be measured ,
H6994,D03,Plan too new to be measured ,
H6994,D04,Plan too new to be measured ,
H6994,D05,Plan too new to be measured ,
H6994,D06,Plan too new to be measured ,
H6994,D07,Plan too new to be measured ,
H6994,D08,Plan too new to be measured ,
H6994,D09,Plan too new to be measured ,
H6994,D10,Plan too new to be measured ,
H6994,D11,Plan too new to be measured ,
H6994,D12,Plan too new to be measured,
H7006,C01,4,4
H7006,C02,2,2
H7006,C03,2,2
H7006,C04,2,2
H7006,C05,3,3
H7006,C06,3,3
H7006,C07,No data available ,
H7006,C08,No data available ,
H7006,C09,No data available ,
H7006,C10,Not enough data available ,
H7006,C11,2,2
H7006,C12,1,1
H7006,C13,3,3
H7006,C14,1,1
H7006,C15,1,1
H7006,C16,2,2
H7006,C17,1,1
H7006,C18,3,3
H7006,C19,1,1
H7006,C20,1,1
H7006,C21,2,2
H7006,C22,1,1
H7006,C23,1,1
H7006,C24,2,2
H7006,C25,1,1
H7006,C26,1,1
H7006,C27,2,2
H7006,C28,4,4
H7006,C29,3,3
H7006,C30,1,1
H7006,C31,5,5
H7006,C32,2,2
H7006,C33,3,3
H7006,D01,4,4
H7006,D02,4,4
H7006,D03,3,3
H7006,D04,2,2
H7006,D05,4,4
H7006,D06,3,3
H7006,D07,4,4
H7006,D08,2,2
H7006,D09,3,3
H7006,D10,3,3
H7006,D11,4,4
H7006,D12,2,2
H7020,C01,3,3
H7020,C02,5,5
H7020,C03,3,3
H7020,C04,2,2
H7020,C05,1,1
H7020,C06,4,4
H7020,C07,Plan not required to report measure ,
H7020,C08,Plan not required to report measure ,
H7020,C09,Plan not required to report measure ,
H7020,C10,Not enough data available ,
H7020,C11,3,3
H7020,C12,4,4
H7020,C13,4,4
H7020,C14,3,3
H7020,C15,3,3
H7020,C16,3,3
H7020,C17,5,5
H7020,C18,4,4
H7020,C19,3,3
H7020,C20,4,4
H7020,C21,3,3
H7020,C22,5,5
H7020,C23,5,5
H7020,C24,4,4
H7020,C25,4,4
H7020,C26,4,4
H7020,C27,5,5
H7020,C28,4,4
H7020,C29,4,4
H7020,C30,3,3
H7020,C31,5,5
H7020,C32,3,3
H7020,C33,4,4
H7020,D01,5,5
H7020,D02,4,4
H7020,D03,4,4
H7020,D04,4,4
H7020,D05,4,4
H7020,D06,4,4
H7020,D07,5,5
H7020,D08,2,2
H7020,D09,3,3
H7020,D10,4,4
H7020,D11,4,4
H7020,D12,3,3
H7028,C01,Not enough data available ,
H7028,C02,5,5
H7028,C03,1,1
H7028,C04,Plan too new to be measured ,
H7028,C05,Plan too new to be measured ,
H7028,C06,3,3
H7028,C07,No data available ,
H7028,C08,No data available ,
H7028,C09,No data available ,
H7028,C10,Not enough data available ,
H7028,C11,4,4
H7028,C12,4,4
H7028,C13,4,4
H7028,C14,5,5
H7028,C15,2,2
H7028,C16,Not enough data available ,
H7028,C17,5,5
H7028,C18,3,3
H7028,C19,5,5
H7028,C20,4,4
H7028,C21,4,4
H7028,C22,5,5
H7028,C23,5,5
H7028,C24,5,5
H7028,C25,4,4
H7028,C26,5,5
H7028,C27,5,5
H7028,C28,4,4
H7028,C29,3,3
H7028,C30,Not enough data available ,
H7028,C31,5,5
H7028,C32,5,5
H7028,C33,4,4
H7028,D01,5,5
H7028,D02,4,4
H7028,D03,3,3
H7028,D04,3,3
H7028,D05,4,4
H7028,D06,4,4
H7028,D07,5,5
H7028,D08,4,4
H7028,D09,5,5
H7028,D10,5,5
H7028,D11,5,5
H7028,D12,3,3
H7063,C01,4,4
H7063,C02,4,4
H7063,C03,5,5
H7063,C04,4,4
H7063,C05,5,5
H7063,C06,2,2
H7063,C07,Plan not required to report measure ,
H7063,C08,Plan not required to report measure ,
H7063,C09,Plan not required to report measure ,
H7063,C10,Not enough data available ,
H7063,C11,4,4
H7063,C12,3,3
H7063,C13,3,3
H7063,C14,3,3
H7063,C15,1,1
H7063,C16,1,1
H7063,C17,2,2
H7063,C18,2,2
H7063,C19,3,3
H7063,C20,2,2
H7063,C21,3,3
H7063,C22,5,5
H7063,C23,5,5
H7063,C24,3,3
H7063,C25,4,4
H7063,C26,3,3
H7063,C27,4,4
H7063,C28,3,3
H7063,C29,5,5
H7063,C30,3,3
H7063,C31,Not enough data available ,
H7063,C32,Not enough data available ,
H7063,C33,3,3
H7063,D01,4,4
H7063,D02,3,3
H7063,D03,5,5
H7063,D04,4,4
H7063,D05,4,4
H7063,D06,5,5
H7063,D07,5,5
H7063,D08,2,2
H7063,D09,4,4
H7063,D10,4,4
H7063,D11,3,3
H7063,D12,3,3
H7074,C01,Plan too small to be measured ,
H7074,C02,Plan too small to be measured ,
H7074,C03,Plan too small to be measured ,
H7074,C04,Plan too new to be measured ,
H7074,C05,Plan too new to be measured ,
H7074,C06,Plan too small to be measured ,
H7074,C07,Plan not required to report measure ,
H7074,C08,Plan not required to report measure ,
H7074,C09,Plan not required to report measure ,
H7074,C10,Plan too small to be measured ,
H7074,C11,Plan too small to be measured ,
H7074,C12,Plan too small to be measured ,
H7074,C13,Plan too small to be measured ,
H7074,C14,Plan too small to be measured ,
H7074,C15,Plan too small to be measured ,
H7074,C16,Plan too small to be measured ,
H7074,C17,Plan too small to be measured ,
H7074,C18,Plan too small to be measured ,
H7074,C19,Plan too small to be measured ,
H7074,C20,No data available ,
H7074,C21,Plan too small to be measured ,
H7074,C22,Plan too small to be measured ,
H7074,C23,Plan too small to be measured ,
H7074,C24,Plan too small to be measured ,
H7074,C25,Plan too small to be measured ,
H7074,C26,Plan too small to be measured ,
H7074,C27,Plan too small to be measured ,
H7074,C28,Not enough data available ,
H7074,C29,Not enough data available ,
H7074,C30,Not enough data available ,
H7074,C31,Not enough data available ,
H7074,C32,Not enough data available ,
H7074,C33,5,5
H7074,D01,5,5
H7074,D02,Not enough data available ,
H7074,D03,Not enough data available ,
H7074,D04,Not enough data available ,
H7074,D05,Plan too small to be measured ,
H7074,D06,Plan too small to be measured ,
H7074,D07,5,5
H7074,D08,Not enough data available ,
H7074,D09,5,5
H7074,D10,5,5
H7074,D11,Not enough data available ,
H7074,D12,Not enough data available,
H7093,C01,3,3
H7093,C02,3,3
H7093,C03,2,2
H7093,C04,Plan too new to be measured ,
H7093,C05,Plan too new to be measured ,
H7093,C06,3,3
H7093,C07,Plan not required to report measure ,
H7093,C08,Plan not required to report measure ,
H7093,C09,Plan not required to report measure ,
H7093,C10,2,2
H7093,C11,3,3
H7093,C12,3,3
H7093,C13,3,3
H7093,C14,2,2
H7093,C15,2,2
H7093,C16,3,3
H7093,C17,4,4
H7093,C18,2,2
H7093,C19,1,1
H7093,C20,3,3
H7093,C21,3,3
H7093,C22,4,4
H7093,C23,4,4
H7093,C24,4,4
H7093,C25,4,4
H7093,C26,3,3
H7093,C27,4,4
H7093,C28,4,4
H7093,C29,3,3
H7093,C30,3,3
H7093,C31,5,5
H7093,C32,5,5
H7093,C33,5,5
H7093,D01,5,5
H7093,D02,4,4
H7093,D03,3,3
H7093,D04,5,5
H7093,D05,2,2
H7093,D06,3,3
H7093,D07,5,5
H7093,D08,2,2
H7093,D09,3,3
H7093,D10,3,3
H7093,D11,4,4
H7093,D12,2,2
H7115,C01,3,3
H7115,C02,4,4
H7115,C03,5,5
H7115,C04,4,4
H7115,C05,2,2
H7115,C06,4,4
H7115,C07,4,4
H7115,C08,1,1
H7115,C09,1,1
H7115,C10,Not enough data available ,
H7115,C11,3,3
H7115,C12,5,5
H7115,C13,4,4
H7115,C14,3,3
H7115,C15,1,1
H7115,C16,3,3
H7115,C17,3,3
H7115,C18,2,2
H7115,C19,1,1
H7115,C20,4,4
H7115,C21,2,2
H7115,C22,5,5
H7115,C23,4,4
H7115,C24,3,3
H7115,C25,5,5
H7115,C26,4,4
H7115,C27,4,4
H7115,C28,3,3
H7115,C29,4,4
H7115,C30,3,3
H7115,C31,3,3
H7115,C32,2,2
H7115,C33,4,4
H7115,D01,4,4
H7115,D02,3,3
H7115,D03,4,4
H7115,D04,3,3
H7115,D05,5,5
H7115,D06,4,4
H7115,D07,5,5
H7115,D08,2,2
H7115,D09,3,3
H7115,D10,3,3
H7115,D11,5,5
H7115,D12,3,3
H7123,C01,3,3
H7123,C02,3,3
H7123,C03,3,3
H7123,C04,Not enough data available ,
H7123,C05,Not enough data available ,
H7123,C06,4,4
H7123,C07,4,4
H7123,C08,3,3
H7123,C09,3,3
H7123,C10,Not enough data available ,
H7123,C11,2,2
H7123,C12,3,3
H7123,C13,3,3
H7123,C14,3,3
H7123,C15,Not enough data available ,
H7123,C16,Not enough data available ,
H7123,C17,3,3
H7123,C18,1,1
H7123,C19,3,3
H7123,C20,3,3
H7123,C21,2,2
H7123,C22,3,3
H7123,C23,4,4
H7123,C24,5,5
H7123,C25,3,3
H7123,C26,5,5
H7123,C27,4,4
H7123,C28,3,3
H7123,C29,3,3
H7123,C30,5,5
H7123,C31,5,5
H7123,C32,5,5
H7123,C33,4,4
H7123,D01,4,4
H7123,D02,3,3
H7123,D03,3,3
H7123,D04,3,3
H7123,D05,4,4
H7123,D06,4,4
H7123,D07,5,5
H7123,D08,5,5
H7123,D09,3,3
H7123,D10,2,2
H7123,D11,2,2
H7123,D12,3,3
H7147,C01,Not enough data available ,
H7147,C02,4,4
H7147,C03,2,2
H7147,C04,Plan too new to be measured ,
H7147,C05,Plan too new to be measured ,
H7147,C06,4,4
H7147,C07,5,5
H7147,C08,5,5
H7147,C09,4,4
H7147,C10,Not enough data available ,
H7147,C11,3,3
H7147,C12,4,4
H7147,C13,4,4
H7147,C14,5,5
H7147,C15,3,3
H7147,C16,2,2
H7147,C17,5,5
H7147,C18,2,2
H7147,C19,4,4
H7147,C20,4,4
H7147,C21,5,5
H7147,C22,4,4
H7147,C23,4,4
H7147,C24,5,5
H7147,C25,4,4
H7147,C26,4,4
H7147,C27,3,3
H7147,C28,3,3
H7147,C29,2,2
H7147,C30,3,3
H7147,C31,3,3
H7147,C32,5,5
H7147,C33,4,4
H7147,D01,5,5
H7147,D02,3,3
H7147,D03,2,2
H7147,D04,2,2
H7147,D05,3,3
H7147,D06,3,3
H7147,D07,5,5
H7147,D08,4,4
H7147,D09,5,5
H7147,D10,4,4
H7147,D11,4,4
H7147,D12,4,4
H7149,C01,3,3
H7149,C02,3,3
H7149,C03,4,4
H7149,C04,4,4
H7149,C05,3,3
H7149,C06,2,2
H7149,C07,3,3
H7149,C08,5,5
H7149,C09,3,3
H7149,C10,4,4
H7149,C11,3,3
H7149,C12,4,4
H7149,C13,3,3
H7149,C14,4,4
H7149,C15,3,3
H7149,C16,3,3
H7149,C17,5,5
H7149,C18,4,4
H7149,C19,3,3
H7149,C20,3,3
H7149,C21,3,3
H7149,C22,4,4
H7149,C23,4,4
H7149,C24,3,3
H7149,C25,4,4
H7149,C26,2,2
H7149,C27,5,5
H7149,C28,4,4
H7149,C29,1,1
H7149,C30,2,2
H7149,C31,3,3
H7149,C32,5,5
H7149,C33,4,4
H7149,D01,5,5
H7149,D02,4,4
H7149,D03,1,1
H7149,D04,1,1
H7149,D05,3,3
H7149,D06,4,4
H7149,D07,5,5
H7149,D08,3,3
H7149,D09,3,3
H7149,D10,4,4
H7149,D11,4,4
H7149,D12,3,3
H7151,C01,4,4
H7151,C02,4,4
H7151,C03,3,3
H7151,C04,Plan too new to be measured ,
H7151,C05,Plan too new to be measured ,
H7151,C06,4,4
H7151,C07,No data available ,
H7151,C08,No data available ,
H7151,C09,No data available ,
H7151,C10,Not enough data available ,
H7151,C11,4,4
H7151,C12,4,4
H7151,C13,5,5
H7151,C14,4,4
H7151,C15,4,4
H7151,C16,Not enough data available ,
H7151,C17,5,5
H7151,C18,4,4
H7151,C19,5,5
H7151,C20,5,5
H7151,C21,5,5
H7151,C22,3,3
H7151,C23,3,3
H7151,C24,5,5
H7151,C25,2,2
H7151,C26,2,2
H7151,C27,4,4
H7151,C28,4,4
H7151,C29,1,1
H7151,C30,3,3
H7151,C31,3,3
H7151,C32,3,3
H7151,C33,4,4
H7151,D01,5,5
H7151,D02,4,4
H7151,D03,1,1
H7151,D04,3,3
H7151,D05,2,2
H7151,D06,2,2
H7151,D07,5,5
H7151,D08,4,4
H7151,D09,5,5
H7151,D10,4,4
H7151,D11,4,4
H7151,D12,5,5
H7199,C01,Not enough data available ,
H7199,C02,4,4
H7199,C03,2,2
H7199,C04,Plan too new to be measured ,
H7199,C05,Plan too new to be measured ,
H7199,C06,4,4
H7199,C07,Plan not required to report measure ,
H7199,C08,Plan not required to report measure ,
H7199,C09,Plan not required to report measure ,
H7199,C10,Not enough data available ,
H7199,C11,4,4
H7199,C12,4,4
H7199,C13,4,4
H7199,C14,5,5
H7199,C15,1,1
H7199,C16,5,5
H7199,C17,5,5
H7199,C18,No data available ,
H7199,C19,Not enough data available ,
H7199,C20,4,4
H7199,C21,4,4
H7199,C22,1,1
H7199,C23,1,1
H7199,C24,4,4
H7199,C25,2,2
H7199,C26,2,2
H7199,C27,1,1
H7199,C28,3,3
H7199,C29,2,2
H7199,C30,3,3
H7199,C31,3,3
H7199,C32,5,5
H7199,C33,4,4
H7199,D01,5,5
H7199,D02,3,3
H7199,D03,2,2
H7199,D04,3,3
H7199,D05,1,1
H7199,D06,2,2
H7199,D07,5,5
H7199,D08,5,5
H7199,D09,5,5
H7199,D10,5,5
H7199,D11,5,5
H7199,D12,4,4
H7220,C01,4,4
H7220,C02,5,5
H7220,C03,5,5
H7220,C04,4,4
H7220,C05,5,5
H7220,C06,3,3
H7220,C07,Plan not required to report measure ,
H7220,C08,Plan not required to report measure ,
H7220,C09,Plan not required to report measure ,
H7220,C10,3,3
H7220,C11,4,4
H7220,C12,5,5
H7220,C13,5,5
H7220,C14,4,4
H7220,C15,1,1
H7220,C16,2,2
H7220,C17,4,4
H7220,C18,4,4
H7220,C19,5,5
H7220,C20,4,4
H7220,C21,3,3
H7220,C22,3,3
H7220,C23,3,3
H7220,C24,4,4
H7220,C25,4,4
H7220,C26,4,4
H7220,C27,4,4
H7220,C28,5,5
H7220,C29,4,4
H7220,C30,4,4
H7220,C31,4,4
H7220,C32,3,3
H7220,C33,4,4
H7220,D01,4,4
H7220,D02,5,5
H7220,D03,4,4
H7220,D04,4,4
H7220,D05,3,3
H7220,D06,3,3
H7220,D07,5,5
H7220,D08,3,3
H7220,D09,4,4
H7220,D10,3,3
H7220,D11,4,4
H7220,D12,3,3
H7239,C01,Plan too new to be measured ,
H7239,C02,Plan too new to be measured ,
H7239,C03,Plan too new to be measured ,
H7239,C04,Plan too new to be measured ,
H7239,C05,Plan too new to be measured ,
H7239,C06,Plan too new to be measured ,
H7239,C07,Plan too new to be measured ,
H7239,C08,Plan too new to be measured ,
H7239,C09,Plan too new to be measured ,
H7239,C10,Plan too new to be measured ,
H7239,C11,Plan too new to be measured ,
H7239,C12,Plan too new to be measured ,
H7239,C13,Plan too new to be measured ,
H7239,C14,Plan too new to be measured ,
H7239,C15,Plan too new to be measured ,
H7239,C16,Plan too new to be measured ,
H7239,C17,Plan too new to be measured ,
H7239,C18,Plan too new to be measured ,
H7239,C19,Plan too new to be measured ,
H7239,C20,Plan too new to be measured ,
H7239,C21,Plan too new to be measured ,
H7239,C22,Plan too new to be measured ,
H7239,C23,Plan too new to be measured ,
H7239,C24,Plan too new to be measured ,
H7239,C25,Plan too new to be measured ,
H7239,C26,Plan too new to be measured ,
H7239,C27,Plan too new to be measured ,
H7239,C28,Plan too new to be measured ,
H7239,C29,Not enough data available ,
H7239,C30,Plan too new to be measured ,
H7239,C31,Not enough data available ,
H7239,C32,Not enough data available ,
H7239,C33,3,3
H7239,D01,4,4
H7239,D02,Plan too new to be measured ,
H7239,D03,Not enough data available ,
H7239,D04,Plan too new to be measured ,
H7239,D05,Plan too new to be measured ,
H7239,D06,Plan too new to be measured ,
H7239,D07,Plan too new to be measured ,
H7239,D08,Plan too new to be measured ,
H7239,D09,Plan too new to be measured ,
H7239,D10,Plan too new to be measured ,
H7239,D11,Plan too new to be measured ,
H7239,D12,Plan too new to be measured,
H7275,C01,Plan too new to be measured ,
H7275,C02,Plan too new to be measured ,
H7275,C03,Plan too new to be measured ,
H7275,C04,Plan too new to be measured ,
H7275,C05,Plan too new to be measured ,
H7275,C06,Plan too new to be measured ,
H7275,C07,Plan too new to be measured ,
H7275,C08,Plan too new to be measured ,
H7275,C09,Plan too new to be measured ,
H7275,C10,Plan too new to be measured ,
H7275,C11,Plan too new to be measured ,
H7275,C12,Plan too new to be measured ,
H7275,C13,Plan too new to be measured ,
H7275,C14,Plan too new to be measured ,
H7275,C15,Plan too new to be measured ,
H7275,C16,Plan too new to be measured ,
H7275,C17,Plan too new to be measured ,
H7275,C18,Plan too new to be measured ,
H7275,C19,Plan too new to be measured ,
H7275,C20,Plan too new to be measured ,
H7275,C21,Plan too new to be measured ,
H7275,C22,Plan too new to be measured ,
H7275,C23,Plan too new to be measured ,
H7275,C24,Plan too new to be measured ,
H7275,C25,Plan too new to be measured ,
H7275,C26,Plan too new to be measured ,
H7275,C27,Plan too new to be measured ,
H7275,C28,Plan too new to be measured ,
H7275,C29,Plan too new to be measured ,
H7275,C30,Plan too new to be measured ,
H7275,C31,Not enough data available ,
H7275,C32,Not enough data available ,
H7275,C33,Plan too new to be measured ,
H7275,D01,Plan too new to be measured ,
H7275,D02,Plan too new to be measured ,
H7275,D03,Plan too new to be measured ,
H7275,D04,Plan too new to be measured ,
H7275,D05,Plan too new to be measured ,
H7275,D06,Plan too new to be measured ,
H7275,D07,Plan too new to be measured ,
H7275,D08,Plan too new to be measured ,
H7275,D09,Plan too new to be measured ,
H7275,D10,Plan too new to be measured ,
H7275,D11,Plan too new to be measured ,
H7275,D12,Plan too new to be measured,
H7284,C01,4,4
H7284,C02,4,4
H7284,C03,2,2
H7284,C04,Not enough data available ,
H7284,C05,Not enough data available ,
H7284,C06,3,3
H7284,C07,4,4
H7284,C08,5,5
H7284,C09,5,5
H7284,C10,2,2
H7284,C11,4,4
H7284,C12,4,4
H7284,C13,4,4
H7284,C14,3,3
H7284,C15,3,3
H7284,C16,2,2
H7284,C17,4,4
H7284,C18,3,3
H7284,C19,2,2
H7284,C20,3,3
H7284,C21,3,3
H7284,C22,4,4
H7284,C23,4,4
H7284,C24,3,3
H7284,C25,4,4
H7284,C26,3,3
H7284,C27,3,3
H7284,C28,4,4
H7284,C29,2,2
H7284,C30,4,4
H7284,C31,4,4
H7284,C32,4,4
H7284,C33,5,5
H7284,D01,5,5
H7284,D02,4,4
H7284,D03,2,2
H7284,D04,3,3
H7284,D05,4,4
H7284,D06,3,3
H7284,D07,1,1
H7284,D08,3,3
H7284,D09,3,3
H7284,D10,3,3
H7284,D11,4,4
H7284,D12,3,3
H7301,C01,3,3
H7301,C02,3,3
H7301,C03,3,3
H7301,C04,3,3
H7301,C05,5,5
H7301,C06,2,2
H7301,C07,Plan not required to report measure ,
H7301,C08,Plan not required to report measure ,
H7301,C09,Plan not required to report measure ,
H7301,C10,4,4
H7301,C11,3,3
H7301,C12,5,5
H7301,C13,3,3
H7301,C14,4,4
H7301,C15,2,2
H7301,C16,3,3
H7301,C17,5,5
H7301,C18,4,4
H7301,C19,3,3
H7301,C20,3,3
H7301,C21,3,3
H7301,C22,3,3
H7301,C23,2,2
H7301,C24,3,3
H7301,C25,2,2
H7301,C26,3,3
H7301,C27,3,3
H7301,C28,4,4
H7301,C29,4,4
H7301,C30,3,3
H7301,C31,4,4
H7301,C32,4,4
H7301,C33,4,4
H7301,D01,5,5
H7301,D02,4,4
H7301,D03,4,4
H7301,D04,2,2
H7301,D05,4,4
H7301,D06,3,3
H7301,D07,5,5
H7301,D08,3,3
H7301,D09,4,4
H7301,D10,4,4
H7301,D11,4,4
H7301,D12,2,2
H7323,C01,2,2
H7323,C02,3,3
H7323,C03,3,3
H7323,C04,Not enough data available ,
H7323,C05,Not enough data available ,
H7323,C06,3,3
H7323,C07,Plan not required to report measure ,
H7323,C08,Plan not required to report measure ,
H7323,C09,Plan not required to report measure ,
H7323,C10,Not enough data available ,
H7323,C11,2,2
H7323,C12,3,3
H7323,C13,3,3
H7323,C14,3,3
H7323,C15,3,3
H7323,C16,1,1
H7323,C17,3,3
H7323,C18,3,3
H7323,C19,2,2
H7323,C20,2,2
H7323,C21,2,2
H7323,C22,4,4
H7323,C23,Not enough data available ,
H7323,C24,4,4
H7323,C25,3,3
H7323,C26,2,2
H7323,C27,4,4
H7323,C28,2,2
H7323,C29,2,2
H7323,C30,5,5
H7323,C31,3,3
H7323,C32,2,2
H7323,C33,5,5
H7323,D01,5,5
H7323,D02,2,2
H7323,D03,2,2
H7323,D04,5,5
H7323,D05,4,4
H7323,D06,Not enough data available ,
H7323,D07,5,5
H7323,D08,2,2
H7323,D09,2,2
H7323,D10,3,3
H7323,D11,5,5
H7323,D12,3,3
H7326,C01,3,3
H7326,C02,3,3
H7326,C03,2,2
H7326,C04,Not enough data available ,
H7326,C05,Not enough data available ,
H7326,C06,3,3
H7326,C07,Plan not required to report measure ,
H7326,C08,Plan not required to report measure ,
H7326,C09,Plan not required to report measure ,
H7326,C10,1,1
H7326,C11,2,2
H7326,C12,3,3
H7326,C13,3,3
H7326,C14,3,3
H7326,C15,4,4
H7326,C16,Not enough data available ,
H7326,C17,4,4
H7326,C18,4,4
H7326,C19,3,3
H7326,C20,3,3
H7326,C21,3,3
H7326,C22,4,4
H7326,C23,Not enough data available ,
H7326,C24,4,4
H7326,C25,4,4
H7326,C26,4,4
H7326,C27,Not enough data available ,
H7326,C28,4,4
H7326,C29,2,2
H7326,C30,5,5
H7326,C31,5,5
H7326,C32,5,5
H7326,C33,5,5
H7326,D01,5,5
H7326,D02,4,4
H7326,D03,2,2
H7326,D04,5,5
H7326,D05,4,4
H7326,D06,4,4
H7326,D07,5,5
H7326,D08,3,3
H7326,D09,3,3
H7326,D10,3,3
H7326,D11,4,4
H7326,D12,3,3
H7355,C01,Plan too new to be measured ,
H7355,C02,Plan too new to be measured ,
H7355,C03,Plan too new to be measured ,
H7355,C04,Plan too new to be measured ,
H7355,C05,Plan too new to be measured ,
H7355,C06,Plan too new to be measured ,
H7355,C07,Plan too new to be measured ,
H7355,C08,Plan too new to be measured ,
H7355,C09,Plan too new to be measured ,
H7355,C10,Plan too new to be measured ,
H7355,C11,Plan too new to be measured ,
H7355,C12,Plan too new to be measured ,
H7355,C13,Plan too new to be measured ,
H7355,C14,Plan too new to be measured ,
H7355,C15,Plan too new to be measured ,
H7355,C16,Plan too new to be measured ,
H7355,C17,Plan too new to be measured ,
H7355,C18,Plan too new to be measured ,
H7355,C19,Plan too new to be measured ,
H7355,C20,Plan too new to be measured ,
H7355,C21,Plan too new to be measured ,
H7355,C22,Plan too new to be measured ,
H7355,C23,Plan too new to be measured ,
H7355,C24,Plan too new to be measured ,
H7355,C25,Plan too new to be measured ,
H7355,C26,Plan too new to be measured ,
H7355,C27,Plan too new to be measured ,
H7355,C28,Plan too new to be measured ,
H7355,C29,Not enough data available ,
H7355,C30,Plan too new to be measured ,
H7355,C31,Not enough data available ,
H7355,C32,Not enough data available ,
H7355,C33,4,4
H7355,D01,5,5
H7355,D02,Plan too new to be measured ,
H7355,D03,Not enough data available ,
H7355,D04,Plan too new to be measured ,
H7355,D05,Plan too new to be measured ,
H7355,D06,Plan too new to be measured ,
H7355,D07,Plan too new to be measured ,
H7355,D08,Plan too new to be measured ,
H7355,D09,Plan too new to be measured ,
H7355,D10,Plan too new to be measured ,
H7355,D11,Plan too new to be measured ,
H7355,D12,Plan too new to be measured,
H7379,C01,4,4
H7379,C02,5,5
H7379,C03,5,5
H7379,C04,Plan too new to be measured ,
H7379,C05,Plan too new to be measured ,
H7379,C06,4,4
H7379,C07,Plan not required to report measure ,
H7379,C08,Plan not required to report measure ,
H7379,C09,Plan not required to report measure ,
H7379,C10,Not enough data available ,
H7379,C11,3,3
H7379,C12,4,4
H7379,C13,3,3
H7379,C14,3,3
H7379,C15,2,2
H7379,C16,4,4
H7379,C17,4,4
H7379,C18,3,3
H7379,C19,3,3
H7379,C20,4,4
H7379,C21,3,3
H7379,C22,4,4
H7379,C23,4,4
H7379,C24,4,4
H7379,C25,4,4
H7379,C26,4,4
H7379,C27,4,4
H7379,C28,5,5
H7379,C29,Not enough data available ,
H7379,C30,4,4
H7379,C31,2,2
H7379,C32,2,2
H7379,C33,4,4
H7379,D01,4,4
H7379,D02,5,5
H7379,D03,Not enough data available ,
H7379,D04,3,3
H7379,D05,4,4
H7379,D06,4,4
H7379,D07,Not enough data available ,
H7379,D08,4,4
H7379,D09,4,4
H7379,D10,4,4
H7379,D11,3,3
H7379,D12,2,2
H7389,C01,2,2
H7389,C02,2,2
H7389,C03,1,1
H7389,C04,Plan too new to be measured ,
H7389,C05,Plan too new to be measured ,
H7389,C06,1,1
H7389,C07,Plan not required to report measure ,
H7389,C08,Plan not required to report measure ,
H7389,C09,Plan not required to report measure ,
H7389,C10,Not enough data available ,
H7389,C11,2,2
H7389,C12,3,3
H7389,C13,3,3
H7389,C14,2,2
H7389,C15,Not enough data available ,
H7389,C16,Not enough data available ,
H7389,C17,2,2
H7389,C18,3,3
H7389,C19,1,1
H7389,C20,2,2
H7389,C21,1,1
H7389,C22,2,2
H7389,C23,Not enough data available ,
H7389,C24,Not enough data available ,
H7389,C25,Not enough data available ,
H7389,C26,1,1
H7389,C27,Not enough data available ,
H7389,C28,2,2
H7389,C29,1,1
H7389,C30,2,2
H7389,C31,5,5
H7389,C32,5,5
H7389,C33,4,4
H7389,D01,5,5
H7389,D02,2,2
H7389,D03,1,1
H7389,D04,4,4
H7389,D05,2,2
H7389,D06,Not enough data available ,
H7389,D07,5,5
H7389,D08,2,2
H7389,D09,2,2
H7389,D10,2,2
H7389,D11,4,4
H7389,D12,3,3
H7397,C01,Plan too new to be measured ,
H7397,C02,Plan too new to be measured ,
H7397,C03,Plan too new to be measured ,
H7397,C04,Plan too new to be measured ,
H7397,C05,Plan too new to be measured ,
H7397,C06,Plan too new to be measured ,
H7397,C07,Plan too new to be measured ,
H7397,C08,Plan too new to be measured ,
H7397,C09,Plan too new to be measured ,
H7397,C10,Plan too new to be measured ,
H7397,C11,Plan too new to be measured ,
H7397,C12,Plan too new to be measured ,
H7397,C13,Plan too new to be measured ,
H7397,C14,Plan too new to be measured ,
H7397,C15,Plan too new to be measured ,
H7397,C16,Plan too new to be measured ,
H7397,C17,Plan too new to be measured ,
H7397,C18,Plan too new to be measured ,
H7397,C19,Plan too new to be measured ,
H7397,C20,Plan too new to be measured ,
H7397,C21,Plan too new to be measured ,
H7397,C22,Plan too new to be measured ,
H7397,C23,Plan too new to be measured ,
H7397,C24,Plan too new to be measured ,
H7397,C25,Plan too new to be measured ,
H7397,C26,Plan too new to be measured ,
H7397,C27,Plan too new to be measured ,
H7397,C28,Plan too new to be measured ,
H7397,C29,Not enough data available ,
H7397,C30,Plan too new to be measured ,
H7397,C31,Not enough data available ,
H7397,C32,Not enough data available ,
H7397,C33,4,4
H7397,D01,5,5
H7397,D02,Plan too new to be measured ,
H7397,D03,Not enough data available ,
H7397,D04,Plan too new to be measured ,
H7397,D05,Plan too new to be measured ,
H7397,D06,Plan too new to be measured ,
H7397,D07,Plan too new to be measured ,
H7397,D08,Plan too new to be measured ,
H7397,D09,Plan too new to be measured ,
H7397,D10,Plan too new to be measured ,
H7397,D11,Plan too new to be measured ,
H7397,D12,Plan too new to be measured,
H7435,C01,Plan too new to be measured ,
H7435,C02,Plan too new to be measured ,
H7435,C03,Plan too new to be measured ,
H7435,C04,Plan too new to be measured ,
H7435,C05,Plan too new to be measured ,
H7435,C06,Plan too new to be measured ,
H7435,C07,Plan too new to be measured ,
H7435,C08,Plan too new to be measured ,
H7435,C09,Plan too new to be measured ,
H7435,C10,Plan too new to be measured ,
H7435,C11,Plan too new to be measured ,
H7435,C12,Plan too new to be measured ,
H7435,C13,Plan too new to be measured ,
H7435,C14,Plan too new to be measured ,
H7435,C15,Plan too new to be measured ,
H7435,C16,Plan too new to be measured ,
H7435,C17,Plan too new to be measured ,
H7435,C18,Plan too new to be measured ,
H7435,C19,Plan too new to be measured ,
H7435,C20,Plan too new to be measured ,
H7435,C21,Plan too new to be measured ,
H7435,C22,Plan too new to be measured ,
H7435,C23,Plan too new to be measured ,
H7435,C24,Plan too new to be measured ,
H7435,C25,Plan too new to be measured ,
H7435,C26,Plan too new to be measured ,
H7435,C27,Plan too new to be measured ,
H7435,C28,Plan too new to be measured ,
H7435,C29,Plan too new to be measured ,
H7435,C30,Plan too new to be measured ,
H7435,C31,Not enough data available ,
H7435,C32,Not enough data available ,
H7435,C33,Plan too new to be measured ,
H7435,D01,Plan too new to be measured ,
H7435,D02,Plan too new to be measured ,
H7435,D03,Plan too new to be measured ,
H7435,D04,Plan too new to be measured ,
H7435,D05,Plan too new to be measured ,
H7435,D06,Plan too new to be measured ,
H7435,D07,Plan too new to be measured ,
H7435,D08,Plan too new to be measured ,
H7435,D09,Plan too new to be measured ,
H7435,D10,Plan too new to be measured ,
H7435,D11,Plan too new to be measured ,
H7435,D12,Plan too new to be measured,
H7464,C01,2,2
H7464,C02,4,4
H7464,C03,3,3
H7464,C04,3,3
H7464,C05,3,3
H7464,C06,4,4
H7464,C07,4,4
H7464,C08,4,4
H7464,C09,4,4
H7464,C10,3,3
H7464,C11,4,4
H7464,C12,3,3
H7464,C13,3,3
H7464,C14,3,3
H7464,C15,4,4
H7464,C16,2,2
H7464,C17,3,3
H7464,C18,1,1
H7464,C19,3,3
H7464,C20,2,2
H7464,C21,2,2
H7464,C22,3,3
H7464,C23,4,4
H7464,C24,3,3
H7464,C25,3,3
H7464,C26,2,2
H7464,C27,Not enough data available ,
H7464,C28,4,4
H7464,C29,4,4
H7464,C30,3,3
H7464,C31,5,5
H7464,C32,4,4
H7464,C33,5,5
H7464,D01,5,5
H7464,D02,4,4
H7464,D03,4,4
H7464,D04,5,5
H7464,D05,3,3
H7464,D06,3,3
H7464,D07,5,5
H7464,D08,3,3
H7464,D09,2,2
H7464,D10,2,2
H7464,D11,4,4
H7464,D12,3,3
H7471,C01,Plan too new to be measured ,
H7471,C02,Plan too new to be measured ,
H7471,C03,Plan too new to be measured ,
H7471,C04,Plan too new to be measured ,
H7471,C05,Plan too new to be measured ,
H7471,C06,Plan too new to be measured ,
H7471,C07,Plan too new to be measured ,
H7471,C08,Plan too new to be measured ,
H7471,C09,Plan too new to be measured ,
H7471,C10,Plan too new to be measured ,
H7471,C11,Plan too new to be measured ,
H7471,C12,Plan too new to be measured ,
H7471,C13,Plan too new to be measured ,
H7471,C14,Plan too new to be measured ,
H7471,C15,Plan too new to be measured ,
H7471,C16,Plan too new to be measured ,
H7471,C17,Plan too new to be measured ,
H7471,C18,Plan too new to be measured ,
H7471,C19,Plan too new to be measured ,
H7471,C20,Plan too new to be measured ,
H7471,C21,Plan too new to be measured ,
H7471,C22,Plan too new to be measured ,
H7471,C23,Plan too new to be measured ,
H7471,C24,Plan too new to be measured ,
H7471,C25,Plan too new to be measured ,
H7471,C26,Plan too new to be measured ,
H7471,C27,Plan too new to be measured ,
H7471,C28,Plan too new to be measured ,
H7471,C29,Not enough data available ,
H7471,C30,Plan too new to be measured ,
H7471,C31,Not enough data available ,
H7471,C32,Not enough data available ,
H7471,C33,4,4
H7471,D01,5,5
H7471,D02,Plan too new to be measured ,
H7471,D03,Not enough data available ,
H7471,D04,Plan too new to be measured ,
H7471,D05,Plan too new to be measured ,
H7471,D06,Plan too new to be measured ,
H7471,D07,Plan too new to be measured ,
H7471,D08,Plan too new to be measured ,
H7471,D09,Plan too new to be measured ,
H7471,D10,Plan too new to be measured ,
H7471,D11,Plan too new to be measured ,
H7471,D12,Plan too new to be measured,
H7511,C01,Not enough data available ,
H7511,C02,Not enough data available ,
H7511,C03,Plan too small to be measured ,
H7511,C04,Not enough data available ,
H7511,C05,Not enough data available ,
H7511,C06,No data available ,
H7511,C07,5,5
H7511,C08,5,5
H7511,C09,5,5
H7511,C10,Not enough data available ,
H7511,C11,Not enough data available ,
H7511,C12,Not enough data available ,
H7511,C13,Not enough data available ,
H7511,C14,Not enough data available ,
H7511,C15,No data available ,
H7511,C16,No data available ,
H7511,C17,Not enough data available ,
H7511,C18,No data available ,
H7511,C19,Not enough data available ,
H7511,C20,Not enough data available ,
H7511,C21,1,1
H7511,C22,Plan too small to be measured ,
H7511,C23,Plan too small to be measured ,
H7511,C24,Plan too small to be measured ,
H7511,C25,Plan too small to be measured ,
H7511,C26,Plan too small to be measured ,
H7511,C27,Plan too small to be measured ,
H7511,C28,Not enough data available ,
H7511,C29,Not enough data available ,
H7511,C30,Not enough data available ,
H7511,C31,Not enough data available ,
H7511,C32,Not enough data available ,
H7511,C33,4,4
H7511,D01,4,4
H7511,D02,Not enough data available ,
H7511,D03,Not enough data available ,
H7511,D04,3,3
H7511,D05,Plan too small to be measured ,
H7511,D06,Plan too small to be measured ,
H7511,D07,4,4
H7511,D08,5,5
H7511,D09,4,4
H7511,D10,5,5
H7511,D11,4,4
H7511,D12,4,4
H7512,C01,Plan too small to be measured ,
H7512,C02,Plan too small to be measured ,
H7512,C03,Plan too small to be measured ,
H7512,C04,Plan too new to be measured ,
H7512,C05,Plan too new to be measured ,
H7512,C06,Plan too small to be measured ,
H7512,C07,Plan not required to report measure ,
H7512,C08,Plan not required to report measure ,
H7512,C09,Plan not required to report measure ,
H7512,C10,Plan too small to be measured ,
H7512,C11,Plan too small to be measured ,
H7512,C12,Plan too small to be measured ,
H7512,C13,Plan too small to be measured ,
H7512,C14,Plan too small to be measured ,
H7512,C15,Plan too small to be measured ,
H7512,C16,Plan too small to be measured ,
H7512,C17,Plan too small to be measured ,
H7512,C18,Plan too small to be measured ,
H7512,C19,Plan too small to be measured ,
H7512,C20,Plan too small to be measured ,
H7512,C21,Plan too small to be measured ,
H7512,C22,Plan too small to be measured ,
H7512,C23,Plan too small to be measured ,
H7512,C24,Plan too small to be measured ,
H7512,C25,Plan too small to be measured ,
H7512,C26,Plan too small to be measured ,
H7512,C27,Plan too small to be measured ,
H7512,C28,No data available ,
H7512,C29,Not enough data available ,
H7512,C30,Not enough data available ,
H7512,C31,Not enough data available ,
H7512,C32,Not enough data available ,
H7512,C33,Not enough data available ,
H7512,D01,Not enough data available ,
H7512,D02,No data available ,
H7512,D03,Not enough data available ,
H7512,D04,Not enough data available ,
H7512,D05,Plan too small to be measured ,
H7512,D06,Plan too small to be measured ,
H7512,D07,Not enough data available ,
H7512,D08,Not enough data available ,
H7512,D09,Not enough data available ,
H7512,D10,Not enough data available ,
H7512,D11,Not required to report ,
H7512,D12,Not enough data available,
H7518,C01,1,1
H7518,C02,1,1
H7518,C03,2,2
H7518,C04,Not enough data available ,
H7518,C05,Not enough data available ,
H7518,C06,2,2
H7518,C07,4,4
H7518,C08,3,3
H7518,C09,3,3
H7518,C10,Not enough data available ,
H7518,C11,1,1
H7518,C12,2,2
H7518,C13,3,3
H7518,C14,3,3
H7518,C15,2,2
H7518,C16,1,1
H7518,C17,2,2
H7518,C18,4,4
H7518,C19,2,2
H7518,C20,2,2
H7518,C21,1,1
H7518,C22,3,3
H7518,C23,4,4
H7518,C24,3,3
H7518,C25,3,3
H7518,C26,3,3
H7518,C27,4,4
H7518,C28,2,2
H7518,C29,1,1
H7518,C30,4,4
H7518,C31,Not enough data available ,
H7518,C32,Not enough data available ,
H7518,C33,Not enough data available ,
H7518,D01,Not enough data available ,
H7518,D02,2,2
H7518,D03,1,1
H7518,D04,3,3
H7518,D05,2,2
H7518,D06,Not enough data available ,
H7518,D07,5,5
H7518,D08,4,4
H7518,D09,3,3
H7518,D10,4,4
H7518,D11,3,3
H7518,D12,3,3
H7522,C01,Not enough data available ,
H7522,C02,4,4
H7522,C03,1,1
H7522,C04,4,4
H7522,C05,1,1
H7522,C06,2,2
H7522,C07,Plan not required to report measure ,
H7522,C08,Plan not required to report measure ,
H7522,C09,Plan not required to report measure ,
H7522,C10,Not enough data available ,
H7522,C11,Not enough data available ,
H7522,C12,Not enough data available ,
H7522,C13,4,4
H7522,C14,3,3
H7522,C15,Not enough data available ,
H7522,C16,Not enough data available ,
H7522,C17,5,5
H7522,C18,No data available ,
H7522,C19,Not enough data available ,
H7522,C20,3,3
H7522,C21,3,3
H7522,C22,5,5
H7522,C23,5,5
H7522,C24,4,4
H7522,C25,5,5
H7522,C26,5,5
H7522,C27,Not enough data available ,
H7522,C28,Not enough data available ,
H7522,C29,Not enough data available ,
H7522,C30,Not enough data available ,
H7522,C31,Not enough data available ,
H7522,C32,Not enough data available ,
H7522,C33,Not enough data available ,
H7522,D01,Not enough data available ,
H7522,D02,Not enough data available ,
H7522,D03,Not enough data available ,
H7522,D04,Not enough data available ,
H7522,D05,5,5
H7522,D06,Not enough data available ,
H7522,D07,Not enough data available ,
H7522,D08,1,1
H7522,D09,4,4
H7522,D10,2,2
H7522,D11,Not enough data available ,
H7522,D12,4,4
H7524,C01,Plan too small to be measured ,
H7524,C02,Plan too small to be measured ,
H7524,C03,Plan too small to be measured ,
H7524,C04,Plan too new to be measured ,
H7524,C05,Plan too new to be measured ,
H7524,C06,Plan too small to be measured ,
H7524,C07,4,4
H7524,C08,Not enough data available ,
H7524,C09,Not enough data available ,
H7524,C10,Plan too small to be measured ,
H7524,C11,Plan too small to be measured ,
H7524,C12,Plan too small to be measured ,
H7524,C13,Plan too small to be measured ,
H7524,C14,Plan too small to be measured ,
H7524,C15,Plan too small to be measured ,
H7524,C16,Plan too small to be measured ,
H7524,C17,Plan too small to be measured ,
H7524,C18,Plan too small to be measured ,
H7524,C19,Plan too small to be measured ,
H7524,C20,Plan too small to be measured ,
H7524,C21,Plan too small to be measured ,
H7524,C22,Plan too small to be measured ,
H7524,C23,Plan too small to be measured ,
H7524,C24,Plan too small to be measured ,
H7524,C25,Plan too small to be measured ,
H7524,C26,Plan too small to be measured ,
H7524,C27,Plan too small to be measured ,
H7524,C28,Not enough data available ,
H7524,C29,Not enough data available ,
H7524,C30,Not enough data available ,
H7524,C31,Not enough data available ,
H7524,C32,Not enough data available ,
H7524,C33,3,3
H7524,D01,3,3
H7524,D02,Not enough data available ,
H7524,D03,Not enough data available ,
H7524,D04,Not enough data available ,
H7524,D05,Plan too small to be measured ,
H7524,D06,Plan too small to be measured ,
H7524,D07,5,5
H7524,D08,1,1
H7524,D09,4,4
H7524,D10,3,3
H7524,D11,Not enough data available ,
H7524,D12,Not enough data available,
H7557,C01,Not enough data available ,
H7557,C02,Not enough data available ,
H7557,C03,Plan too small to be measured ,
H7557,C04,Not enough data available ,
H7557,C05,Not enough data available ,
H7557,C06,No data available ,
H7557,C07,1,1
H7557,C08,5,5
H7557,C09,5,5
H7557,C10,Not enough data available ,
H7557,C11,Not enough data available ,
H7557,C12,Not enough data available ,
H7557,C13,Not enough data available ,
H7557,C14,Not enough data available ,
H7557,C15,No data available ,
H7557,C16,No data available ,
H7557,C17,Not enough data available ,
H7557,C18,No data available ,
H7557,C19,Not enough data available ,
H7557,C20,Not enough data available ,
H7557,C21,5,5
H7557,C22,Plan too small to be measured ,
H7557,C23,Plan too small to be measured ,
H7557,C24,Plan too small to be measured ,
H7557,C25,Plan too small to be measured ,
H7557,C26,Plan too small to be measured ,
H7557,C27,Plan too small to be measured ,
H7557,C28,4,4
H7557,C29,5,5
H7557,C30,Not enough data available ,
H7557,C31,Not enough data available ,
H7557,C32,Not enough data available ,
H7557,C33,4,4
H7557,D01,4,4
H7557,D02,4,4
H7557,D03,5,5
H7557,D04,4,4
H7557,D05,Plan too small to be measured ,
H7557,D06,Plan too small to be measured ,
H7557,D07,5,5
H7557,D08,5,5
H7557,D09,4,4
H7557,D10,5,5
H7557,D11,4,4
H7557,D12,5,5
H7598,C01,Plan too small to be measured ,
H7598,C02,Plan too small to be measured ,
H7598,C03,Plan too small to be measured ,
H7598,C04,Not enough data available ,
H7598,C05,Not enough data available ,
H7598,C06,Plan too small to be measured ,
H7598,C07,5,5
H7598,C08,Not enough data available ,
H7598,C09,Not enough data available ,
H7598,C10,Plan too small to be measured ,
H7598,C11,Plan too small to be measured ,
H7598,C12,Plan too small to be measured ,
H7598,C13,Plan too small to be measured ,
H7598,C14,Plan too small to be measured ,
H7598,C15,Plan too small to be measured ,
H7598,C16,Plan too small to be measured ,
H7598,C17,Plan too small to be measured ,
H7598,C18,Plan too small to be measured ,
H7598,C19,Plan too small to be measured ,
H7598,C20,Plan too small to be measured ,
H7598,C21,Plan too small to be measured ,
H7598,C22,Plan too small to be measured ,
H7598,C23,Plan too small to be measured ,
H7598,C24,Plan too small to be measured ,
H7598,C25,Plan too small to be measured ,
H7598,C26,Plan too small to be measured ,
H7598,C27,Plan too small to be measured ,
H7598,C28,Not enough data available ,
H7598,C29,Not enough data available ,
H7598,C30,Not enough data available ,
H7598,C31,Not enough data available ,
H7598,C32,Not enough data available ,
H7598,C33,3,3
H7598,D01,2,2
H7598,D02,Not enough data available ,
H7598,D03,Not enough data available ,
H7598,D04,Not enough data available ,
H7598,D05,Plan too small to be measured ,
H7598,D06,Plan too small to be measured ,
H7598,D07,5,5
H7598,D08,Not enough data available ,
H7598,D09,3,3
H7598,D10,4,4
H7598,D11,Not enough data available ,
H7598,D12,Not enough data available,
H7605,C01,Not enough data available ,
H7605,C02,3,3
H7605,C03,2,2
H7605,C04,Plan too new to be measured ,
H7605,C05,Plan too new to be measured ,
H7605,C06,3,3
H7605,C07,5,5
H7605,C08,5,5
H7605,C09,5,5
H7605,C10,Not enough data available ,
H7605,C11,3,3
H7605,C12,3,3
H7605,C13,4,4
H7605,C14,4,4
H7605,C15,2,2
H7605,C16,Not enough data available ,
H7605,C17,5,5
H7605,C18,No data available ,
H7605,C19,5,5
H7605,C20,4,4
H7605,C21,3,3
H7605,C22,4,4
H7605,C23,4,4
H7605,C24,5,5
H7605,C25,4,4
H7605,C26,3,3
H7605,C27,3,3
H7605,C28,3,3
H7605,C29,1,1
H7605,C30,2,2
H7605,C31,5,5
H7605,C32,5,5
H7605,C33,4,4
H7605,D01,5,5
H7605,D02,3,3
H7605,D03,1,1
H7605,D04,2,2
H7605,D05,3,3
H7605,D06,1,1
H7605,D07,5,5
H7605,D08,3,3
H7605,D09,4,4
H7605,D10,3,3
H7605,D11,4,4
H7605,D12,4,4
H7607,C01,3,3
H7607,C02,4,4
H7607,C03,5,5
H7607,C04,Not enough data available ,
H7607,C05,Not enough data available ,
H7607,C06,4,4
H7607,C07,4,4
H7607,C08,5,5
H7607,C09,5,5
H7607,C10,Not enough data available ,
H7607,C11,5,5
H7607,C12,5,5
H7607,C13,5,5
H7607,C14,5,5
H7607,C15,Not enough data available ,
H7607,C16,Not enough data available ,
H7607,C17,5,5
H7607,C18,4,4
H7607,C19,2,2
H7607,C20,2,2
H7607,C21,1,1
H7607,C22,1,1
H7607,C23,Plan too small to be measured ,
H7607,C24,Plan too small to be measured ,
H7607,C25,3,3
H7607,C26,2,2
H7607,C27,Plan too small to be measured ,
H7607,C28,5,5
H7607,C29,3,3
H7607,C30,3,3
H7607,C31,1,1
H7607,C32,2,2
H7607,C33,4,4
H7607,D01,4,4
H7607,D02,5,5
H7607,D03,3,3
H7607,D04,5,5
H7607,D05,2,2
H7607,D06,Plan too small to be measured ,
H7607,D07,5,5
H7607,D08,4,4
H7607,D09,3,3
H7607,D10,3,3
H7607,D11,1,1
H7607,D12,4,4
H7617,C01,5,5
H7617,C02,5,5
H7617,C03,4,4
H7617,C04,4,4
H7617,C05,4,4
H7617,C06,3,3
H7617,C07,No data available ,
H7617,C08,No data available ,
H7617,C09,No data available ,
H7617,C10,2,2
H7617,C11,3,3
H7617,C12,5,5
H7617,C13,3,3
H7617,C14,4,4
H7617,C15,3,3
H7617,C16,3,3
H7617,C17,5,5
H7617,C18,3,3
H7617,C19,3,3
H7617,C20,4,4
H7617,C21,3,3
H7617,C22,5,5
H7617,C23,5,5
H7617,C24,4,4
H7617,C25,5,5
H7617,C26,5,5
H7617,C27,5,5
H7617,C28,5,5
H7617,C29,Not enough data available ,
H7617,C30,3,3
H7617,C31,5,5
H7617,C32,3,3
H7617,C33,Not enough data available ,
H7617,D01,Not enough data available ,
H7617,D02,5,5
H7617,D03,Not enough data available ,
H7617,D04,3,3
H7617,D05,5,5
H7617,D06,5,5
H7617,D07,Not enough data available ,
H7617,D08,4,4
H7617,D09,4,4
H7617,D10,4,4
H7617,D11,3,3
H7617,D12,3,3
H7620,C01,Plan too new to be measured ,
H7620,C02,Plan too new to be measured ,
H7620,C03,Plan too new to be measured ,
H7620,C04,Plan too new to be measured ,
H7620,C05,Plan too new to be measured ,
H7620,C06,Plan too new to be measured ,
H7620,C07,Plan too new to be measured ,
H7620,C08,Plan too new to be measured ,
H7620,C09,Plan too new to be measured ,
H7620,C10,Plan too new to be measured ,
H7620,C11,Plan too new to be measured ,
H7620,C12,Plan too new to be measured ,
H7620,C13,Plan too new to be measured ,
H7620,C14,Plan too new to be measured ,
H7620,C15,Plan too new to be measured ,
H7620,C16,Plan too new to be measured ,
H7620,C17,Plan too new to be measured ,
H7620,C18,Plan too new to be measured ,
H7620,C19,Plan too new to be measured ,
H7620,C20,Plan too new to be measured ,
H7620,C21,Plan too new to be measured ,
H7620,C22,Plan too new to be measured ,
H7620,C23,Plan too new to be measured ,
H7620,C24,Plan too new to be measured ,
H7620,C25,Plan too new to be measured ,
H7620,C26,Plan too new to be measured ,
H7620,C27,Plan too new to be measured ,
H7620,C28,Plan too new to be measured ,
H7620,C29,Plan too new to be measured ,
H7620,C30,Plan too new to be measured ,
H7620,C31,Not enough data available ,
H7620,C32,Not enough data available ,
H7620,C33,Plan too new to be measured ,
H7620,D01,Plan too new to be measured ,
H7620,D02,Plan too new to be measured ,
H7620,D03,Plan too new to be measured ,
H7620,D04,Plan too new to be measured ,
H7620,D05,Plan too new to be measured ,
H7620,D06,Plan too new to be measured ,
H7620,D07,Plan too new to be measured ,
H7620,D08,Plan too new to be measured ,
H7620,D09,Plan too new to be measured ,
H7620,D10,Plan too new to be measured ,
H7620,D11,Plan too new to be measured ,
H7620,D12,Plan too new to be measured,
H7635,C01,Plan too new to be measured ,
H7635,C02,Plan too new to be measured ,
H7635,C03,Plan too new to be measured ,
H7635,C04,Plan too new to be measured ,
H7635,C05,Plan too new to be measured ,
H7635,C06,Plan too new to be measured ,
H7635,C07,Plan too new to be measured ,
H7635,C08,Plan too new to be measured ,
H7635,C09,Plan too new to be measured ,
H7635,C10,Plan too new to be measured ,
H7635,C11,Plan too new to be measured ,
H7635,C12,Plan too new to be measured ,
H7635,C13,Plan too new to be measured ,
H7635,C14,Plan too new to be measured ,
H7635,C15,Plan too new to be measured ,
H7635,C16,Plan too new to be measured ,
H7635,C17,Plan too new to be measured ,
H7635,C18,Plan too new to be measured ,
H7635,C19,Plan too new to be measured ,
H7635,C20,Plan too new to be measured ,
H7635,C21,Plan too new to be measured ,
H7635,C22,Plan too new to be measured ,
H7635,C23,Plan too new to be measured ,
H7635,C24,Plan too new to be measured ,
H7635,C25,Plan too new to be measured ,
H7635,C26,Plan too new to be measured ,
H7635,C27,Plan too new to be measured ,
H7635,C28,Plan too new to be measured ,
H7635,C29,Plan too new to be measured ,
H7635,C30,Plan too new to be measured ,
H7635,C31,Not enough data available ,
H7635,C32,Not enough data available ,
H7635,C33,Plan too new to be measured ,
H7635,D01,Plan too new to be measured ,
H7635,D02,Plan too new to be measured ,
H7635,D03,Plan too new to be measured ,
H7635,D04,Plan too new to be measured ,
H7635,D05,Plan too new to be measured ,
H7635,D06,Plan too new to be measured ,
H7635,D07,Plan too new to be measured ,
H7635,D08,Plan too new to be measured ,
H7635,D09,Plan too new to be measured ,
H7635,D10,Plan too new to be measured ,
H7635,D11,Plan too new to be measured ,
H7635,D12,Plan too new to be measured,
H7670,C01,4,4
H7670,C02,4,4
H7670,C03,5,5
H7670,C04,Plan too new to be measured ,
H7670,C05,Plan too new to be measured ,
H7670,C06,4,4
H7670,C07,Plan not required to report measure ,
H7670,C08,Plan not required to report measure ,
H7670,C09,Plan not required to report measure ,
H7670,C10,Not enough data available ,
H7670,C11,4,4
H7670,C12,5,5
H7670,C13,5,5
H7670,C14,2,2
H7670,C15,2,2
H7670,C16,4,4
H7670,C17,4,4
H7670,C18,No data available ,
H7670,C19,3,3
H7670,C20,5,5
H7670,C21,4,4
H7670,C22,3,3
H7670,C23,4,4
H7670,C24,4,4
H7670,C25,4,4
H7670,C26,4,4
H7670,C27,3,3
H7670,C28,4,4
H7670,C29,5,5
H7670,C30,4,4
H7670,C31,5,5
H7670,C32,2,2
H7670,C33,5,5
H7670,D01,5,5
H7670,D02,4,4
H7670,D03,5,5
H7670,D04,5,5
H7670,D05,5,5
H7670,D06,4,4
H7670,D07,4,4
H7670,D08,5,5
H7670,D09,3,3
H7670,D10,4,4
H7670,D11,4,4
H7670,D12,4,4
H7678,C01,3,3
H7678,C02,3,3
H7678,C03,3,3
H7678,C04,Not enough data available ,
H7678,C05,Not enough data available ,
H7678,C06,4,4
H7678,C07,4,4
H7678,C08,3,3
H7678,C09,3,3
H7678,C10,Not enough data available ,
H7678,C11,2,2
H7678,C12,2,2
H7678,C13,3,3
H7678,C14,1,1
H7678,C15,Not enough data available ,
H7678,C16,Not enough data available ,
H7678,C17,2,2
H7678,C18,3,3
H7678,C19,4,4
H7678,C20,1,1
H7678,C21,2,2
H7678,C22,4,4
H7678,C23,4,4
H7678,C24,2,2
H7678,C25,4,4
H7678,C26,3,3
H7678,C27,4,4
H7678,C28,2,2
H7678,C29,3,3
H7678,C30,5,5
H7678,C31,5,5
H7678,C32,5,5
H7678,C33,5,5
H7678,D01,5,5
H7678,D02,2,2
H7678,D03,3,3
H7678,D04,5,5
H7678,D05,3,3
H7678,D06,3,3
H7678,D07,5,5
H7678,D08,3,3
H7678,D09,3,3
H7678,D10,3,3
H7678,D11,5,5
H7678,D12,4,4
H7680,C01,4,4
H7680,C02,5,5
H7680,C03,5,5
H7680,C04,2,2
H7680,C05,2,2
H7680,C06,4,4
H7680,C07,4,4
H7680,C08,4,4
H7680,C09,4,4
H7680,C10,Not enough data available ,
H7680,C11,5,5
H7680,C12,4,4
H7680,C13,5,5
H7680,C14,5,5
H7680,C15,4,4
H7680,C16,3,3
H7680,C17,5,5
H7680,C18,3,3
H7680,C19,5,5
H7680,C20,4,4
H7680,C21,4,4
H7680,C22,3,3
H7680,C23,4,4
H7680,C24,4,4
H7680,C25,4,4
H7680,C26,5,5
H7680,C27,3,3
H7680,C28,4,4
H7680,C29,3,3
H7680,C30,4,4
H7680,C31,5,5
H7680,C32,5,5
H7680,C33,3,3
H7680,D01,4,4
H7680,D02,4,4
H7680,D03,3,3
H7680,D04,4,4
H7680,D05,5,5
H7680,D06,3,3
H7680,D07,4,4
H7680,D08,3,3
H7680,D09,4,4
H7680,D10,4,4
H7680,D11,4,4
H7680,D12,4,4
H7710,C01,Plan too new to be measured ,
H7710,C02,Plan too new to be measured ,
H7710,C03,Plan too new to be measured ,
H7710,C04,Plan too new to be measured ,
H7710,C05,Plan too new to be measured ,
H7710,C06,Plan too new to be measured ,
H7710,C07,Plan too new to be measured ,
H7710,C08,Plan too new to be measured ,
H7710,C09,Plan too new to be measured ,
H7710,C10,Plan too new to be measured ,
H7710,C11,Plan too new to be measured ,
H7710,C12,Plan too new to be measured ,
H7710,C13,Plan too new to be measured ,
H7710,C14,Plan too new to be measured ,
H7710,C15,Plan too new to be measured ,
H7710,C16,Plan too new to be measured ,
H7710,C17,Plan too new to be measured ,
H7710,C18,Plan too new to be measured ,
H7710,C19,Plan too new to be measured ,
H7710,C20,Plan too new to be measured ,
H7710,C21,Plan too new to be measured ,
H7710,C22,Plan too new to be measured ,
H7710,C23,Plan too new to be measured ,
H7710,C24,Plan too new to be measured ,
H7710,C25,Plan too new to be measured ,
H7710,C26,Plan too new to be measured ,
H7710,C27,Plan too new to be measured ,
H7710,C28,Plan too new to be measured ,
H7710,C29,Not enough data available ,
H7710,C30,Plan too new to be measured ,
H7710,C31,Not enough data available ,
H7710,C32,Not enough data available ,
H7710,C33,3,3
H7710,D01,4,4
H7710,D02,Plan too new to be measured ,
H7710,D03,Not enough data available ,
H7710,D04,Plan too new to be measured ,
H7710,D05,Plan too new to be measured ,
H7710,D06,Plan too new to be measured ,
H7710,D07,Plan too new to be measured ,
H7710,D08,Plan too new to be measured ,
H7710,D09,Plan too new to be measured ,
H7710,D10,Plan too new to be measured ,
H7710,D11,Plan too new to be measured ,
H7710,D12,Plan too new to be measured,
H7766,C01,Plan too new to be measured ,
H7766,C02,Plan too new to be measured ,
H7766,C03,Plan too new to be measured ,
H7766,C04,Plan too new to be measured ,
H7766,C05,Plan too new to be measured ,
H7766,C06,Plan too new to be measured ,
H7766,C07,Plan too new to be measured ,
H7766,C08,Plan too new to be measured ,
H7766,C09,Plan too new to be measured ,
H7766,C10,Plan too new to be measured ,
H7766,C11,Plan too new to be measured ,
H7766,C12,Plan too new to be measured ,
H7766,C13,Plan too new to be measured ,
H7766,C14,Plan too new to be measured ,
H7766,C15,Plan too new to be measured ,
H7766,C16,Plan too new to be measured ,
H7766,C17,Plan too new to be measured ,
H7766,C18,Plan too new to be measured ,
H7766,C19,Plan too new to be measured ,
H7766,C20,Plan too new to be measured ,
H7766,C21,Plan too new to be measured ,
H7766,C22,Plan too new to be measured ,
H7766,C23,Plan too new to be measured ,
H7766,C24,Plan too new to be measured ,
H7766,C25,Plan too new to be measured ,
H7766,C26,Plan too new to be measured ,
H7766,C27,Plan too new to be measured ,
H7766,C28,Plan too new to be measured ,
H7766,C29,Plan too new to be measured ,
H7766,C30,Plan too new to be measured ,
H7766,C31,Not enough data available ,
H7766,C32,Not enough data available ,
H7766,C33,Plan too new to be measured ,
H7766,D01,Plan too new to be measured ,
H7766,D02,Plan too new to be measured ,
H7766,D03,Plan too new to be measured ,
H7766,D04,Plan too new to be measured ,
H7766,D05,Plan too new to be measured ,
H7766,D06,Plan too new to be measured ,
H7766,D07,Plan too new to be measured ,
H7766,D08,Plan too new to be measured ,
H7766,D09,Plan too new to be measured ,
H7766,D10,Plan too new to be measured ,
H7766,D11,Plan too new to be measured ,
H7766,D12,Plan too new to be measured,
H7779,C01,Not enough data available ,
H7779,C02,No data available ,
H7779,C03,Plan too small to be measured ,
H7779,C04,Not enough data available ,
H7779,C05,Not enough data available ,
H7779,C06,No data available ,
H7779,C07,5,5
H7779,C08,5,5
H7779,C09,5,5
H7779,C10,Not enough data available ,
H7779,C11,4,4
H7779,C12,3,3
H7779,C13,3,3
H7779,C14,Not enough data available ,
H7779,C15,No data available ,
H7779,C16,No data available ,
H7779,C17,Not enough data available ,
H7779,C18,No data available ,
H7779,C19,Not enough data available ,
H7779,C20,Not enough data available ,
H7779,C21,5,5
H7779,C22,Plan too small to be measured ,
H7779,C23,Plan too small to be measured ,
H7779,C24,Plan too small to be measured ,
H7779,C25,Plan too small to be measured ,
H7779,C26,Plan too small to be measured ,
H7779,C27,Plan too small to be measured ,
H7779,C28,Not enough data available ,
H7779,C29,5,5
H7779,C30,Not enough data available ,
H7779,C31,5,5
H7779,C32,5,5
H7779,C33,3,3
H7779,D01,4,4
H7779,D02,Not enough data available ,
H7779,D03,5,5
H7779,D04,3,3
H7779,D05,Plan too small to be measured ,
H7779,D06,Plan too small to be measured ,
H7779,D07,5,5
H7779,D08,5,5
H7779,D09,4,4
H7779,D10,4,4
H7779,D11,2,2
H7779,D12,1,1
H7787,C01,4,4
H7787,C02,3,3
H7787,C03,5,5
H7787,C04,Not enough data available ,
H7787,C05,Not enough data available ,
H7787,C06,4,4
H7787,C07,Plan not required to report measure ,
H7787,C08,Plan not required to report measure ,
H7787,C09,Plan not required to report measure ,
H7787,C10,2,2
H7787,C11,2,2
H7787,C12,4,4
H7787,C13,4,4
H7787,C14,4,4
H7787,C15,2,2
H7787,C16,3,3
H7787,C17,4,4
H7787,C18,3,3
H7787,C19,3,3
H7787,C20,3,3
H7787,C21,3,3
H7787,C22,5,5
H7787,C23,4,4
H7787,C24,3,3
H7787,C25,5,5
H7787,C26,3,3
H7787,C27,5,5
H7787,C28,5,5
H7787,C29,5,5
H7787,C30,5,5
H7787,C31,5,5
H7787,C32,3,3
H7787,C33,4,4
H7787,D01,5,5
H7787,D02,5,5
H7787,D03,5,5
H7787,D04,2,2
H7787,D05,5,5
H7787,D06,4,4
H7787,D07,5,5
H7787,D08,4,4
H7787,D09,4,4
H7787,D10,3,3
H7787,D11,4,4
H7787,D12,3,3
H7813,C01,Plan too small to be measured ,
H7813,C02,Plan too small to be measured ,
H7813,C03,Plan too small to be measured ,
H7813,C04,Plan too new to be measured ,
H7813,C05,Plan too new to be measured ,
H7813,C06,Plan too small to be measured ,
H7813,C07,No data available ,
H7813,C08,No data available ,
H7813,C09,No data available ,
H7813,C10,Plan too small to be measured ,
H7813,C11,Plan too small to be measured ,
H7813,C12,Plan too small to be measured ,
H7813,C13,Plan too small to be measured ,
H7813,C14,Plan too small to be measured ,
H7813,C15,Plan too small to be measured ,
H7813,C16,Plan too small to be measured ,
H7813,C17,Plan too small to be measured ,
H7813,C18,Plan too small to be measured ,
H7813,C19,Plan too small to be measured ,
H7813,C20,Plan too small to be measured ,
H7813,C21,Plan too small to be measured ,
H7813,C22,Plan too small to be measured ,
H7813,C23,Plan too small to be measured ,
H7813,C24,Plan too small to be measured ,
H7813,C25,Plan too small to be measured ,
H7813,C26,Plan too small to be measured ,
H7813,C27,Plan too small to be measured ,
H7813,C28,No data available ,
H7813,C29,Not enough data available ,
H7813,C30,Not enough data available ,
H7813,C31,Not enough data available ,
H7813,C32,Not enough data available ,
H7813,C33,Not enough data available ,
H7813,D01,Not enough data available ,
H7813,D02,No data available ,
H7813,D03,Not enough data available ,
H7813,D04,Not enough data available ,
H7813,D05,Plan too small to be measured ,
H7813,D06,Plan too small to be measured ,
H7813,D07,Not enough data available ,
H7813,D08,Not enough data available ,
H7813,D09,Not enough data available ,
H7813,D10,Not enough data available ,
H7813,D11,Not required to report ,
H7813,D12,Not enough data available,
H7849,C01,3,3
H7849,C02,3,3
H7849,C03,3,3
H7849,C04,Not enough data available ,
H7849,C05,Not enough data available ,
H7849,C06,3,3
H7849,C07,Plan not required to report measure ,
H7849,C08,Plan not required to report measure ,
H7849,C09,Plan not required to report measure ,
H7849,C10,2,2
H7849,C11,3,3
H7849,C12,3,3
H7849,C13,3,3
H7849,C14,2,2
H7849,C15,1,1
H7849,C16,2,2
H7849,C17,3,3
H7849,C18,3,3
H7849,C19,2,2
H7849,C20,2,2
H7849,C21,2,2
H7849,C22,4,4
H7849,C23,4,4
H7849,C24,2,2
H7849,C25,4,4
H7849,C26,1,1
H7849,C27,3,3
H7849,C28,3,3
H7849,C29,3,3
H7849,C30,3,3
H7849,C31,4,4
H7849,C32,4,4
H7849,C33,4,4
H7849,D01,5,5
H7849,D02,3,3
H7849,D03,3,3
H7849,D04,3,3
H7849,D05,3,3
H7849,D06,2,2
H7849,D07,5,5
H7849,D08,2,2
H7849,D09,3,3
H7849,D10,2,2
H7849,D11,4,4
H7849,D12,3,3
H7917,C01,4,4
H7917,C02,5,5
H7917,C03,3,3
H7917,C04,2,2
H7917,C05,3,3
H7917,C06,3,3
H7917,C07,No data available ,
H7917,C08,No data available ,
H7917,C09,No data available ,
H7917,C10,3,3
H7917,C11,4,4
H7917,C12,4,4
H7917,C13,4,4
H7917,C14,4,4
H7917,C15,2,2
H7917,C16,3,3
H7917,C17,4,4
H7917,C18,3,3
H7917,C19,3,3
H7917,C20,3,3
H7917,C21,3,3
H7917,C22,5,5
H7917,C23,5,5
H7917,C24,5,5
H7917,C25,5,5
H7917,C26,5,5
H7917,C27,4,4
H7917,C28,5,5
H7917,C29,5,5
H7917,C30,3,3
H7917,C31,4,4
H7917,C32,3,3
H7917,C33,4,4
H7917,D01,4,4
H7917,D02,5,5
H7917,D03,5,5
H7917,D04,4,4
H7917,D05,4,4
H7917,D06,5,5
H7917,D07,4,4
H7917,D08,2,2
H7917,D09,4,4
H7917,D10,4,4
H7917,D11,4,4
H7917,D12,2,2
H7980,C01,Plan too new to be measured ,
H7980,C02,Plan too new to be measured ,
H7980,C03,Plan too new to be measured ,
H7980,C04,Plan too new to be measured ,
H7980,C05,Plan too new to be measured ,
H7980,C06,Plan too new to be measured ,
H7980,C07,Plan not required to report measure ,
H7980,C08,Plan not required to report measure ,
H7980,C09,Plan not required to report measure ,
H7980,C10,Plan too new to be measured ,
H7980,C11,Plan too new to be measured ,
H7980,C12,Plan too new to be measured ,
H7980,C13,Plan too new to be measured ,
H7980,C14,Plan too new to be measured ,
H7980,C15,Plan too new to be measured ,
H7980,C16,Plan too new to be measured ,
H7980,C17,Plan too new to be measured ,
H7980,C18,Plan too new to be measured ,
H7980,C19,Plan too new to be measured ,
H7980,C20,Plan too new to be measured ,
H7980,C21,Plan too new to be measured ,
H7980,C22,Plan too new to be measured ,
H7980,C23,Plan too new to be measured ,
H7980,C24,Plan too new to be measured ,
H7980,C25,Plan too new to be measured ,
H7980,C26,Plan too new to be measured ,
H7980,C27,Plan too new to be measured ,
H7980,C28,Plan too new to be measured ,
H7980,C29,Not enough data available ,
H7980,C30,Plan too new to be measured ,
H7980,C31,Not enough data available ,
H7980,C32,Not enough data available ,
H7980,C33,3,3
H7980,D01,3,3
H7980,D02,Plan too new to be measured ,
H7980,D03,Not enough data available ,
H7980,D04,Plan too new to be measured ,
H7980,D05,Plan too new to be measured ,
H7980,D06,Plan too new to be measured ,
H7980,D07,Plan too new to be measured ,
H7980,D08,Plan too new to be measured ,
H7980,D09,Plan too new to be measured ,
H7980,D10,Plan too new to be measured ,
H7980,D11,Plan too new to be measured ,
H7980,D12,Plan too new to be measured,
H7993,C01,5,5
H7993,C02,5,5
H7993,C03,4,4
H7993,C04,Not enough data available ,
H7993,C05,Not enough data available ,
H7993,C06,4,4
H7993,C07,5,5
H7993,C08,5,5
H7993,C09,5,5
H7993,C10,5,5
H7993,C11,5,5
H7993,C12,5,5
H7993,C13,5,5
H7993,C14,5,5
H7993,C15,4,4
H7993,C16,2,2
H7993,C17,5,5
H7993,C18,3,3
H7993,C19,5,5
H7993,C20,5,5
H7993,C21,5,5
H7993,C22,3,3
H7993,C23,4,4
H7993,C24,5,5
H7993,C25,4,4
H7993,C26,5,5
H7993,C27,4,4
H7993,C28,4,4
H7993,C29,4,4
H7993,C30,4,4
H7993,C31,5,5
H7993,C32,5,5
H7993,C33,4,4
H7993,D01,5,5
H7993,D02,4,4
H7993,D03,4,4
H7993,D04,1,1
H7993,D05,5,5
H7993,D06,4,4
H7993,D07,5,5
H7993,D08,4,4
H7993,D09,5,5
H7993,D10,4,4
H7993,D11,5,5
H7993,D12,5,5
H8003,C01,4,4
H8003,C02,4,4
H8003,C03,3,3
H8003,C04,3,3
H8003,C05,4,4
H8003,C06,3,3
H8003,C07,Plan not required to report measure ,
H8003,C08,Plan not required to report measure ,
H8003,C09,Plan not required to report measure ,
H8003,C10,4,4
H8003,C11,3,3
H8003,C12,4,4
H8003,C13,3,3
H8003,C14,4,4
H8003,C15,1,1
H8003,C16,3,3
H8003,C17,5,5
H8003,C18,4,4
H8003,C19,2,2
H8003,C20,5,5
H8003,C21,3,3
H8003,C22,4,4
H8003,C23,5,5
H8003,C24,5,5
H8003,C25,4,4
H8003,C26,4,4
H8003,C27,3,3
H8003,C28,5,5
H8003,C29,5,5
H8003,C30,4,4
H8003,C31,3,3
H8003,C32,5,5
H8003,C33,4,4
H8003,D01,5,5
H8003,D02,5,5
H8003,D03,5,5
H8003,D04,4,4
H8003,D05,4,4
H8003,D06,4,4
H8003,D07,5,5
H8003,D08,3,3
H8003,D09,4,4
H8003,D10,3,3
H8003,D11,4,4
H8003,D12,2,2
H8010,C01,5,5
H8010,C02,5,5
H8010,C03,2,2
H8010,C04,Not enough data available ,
H8010,C05,Not enough data available ,
H8010,C06,4,4
H8010,C07,Plan not required to report measure ,
H8010,C08,Plan not required to report measure ,
H8010,C09,Plan not required to report measure ,
H8010,C10,Not enough data available ,
H8010,C11,5,5
H8010,C12,5,5
H8010,C13,4,4
H8010,C14,5,5
H8010,C15,3,3
H8010,C16,Not enough data available ,
H8010,C17,5,5
H8010,C18,4,4
H8010,C19,5,5
H8010,C20,5,5
H8010,C21,5,5
H8010,C22,3,3
H8010,C23,4,4
H8010,C24,3,3
H8010,C25,3,3
H8010,C26,4,4
H8010,C27,3,3
H8010,C28,3,3
H8010,C29,4,4
H8010,C30,5,5
H8010,C31,5,5
H8010,C32,3,3
H8010,C33,3,3
H8010,D01,3,3
H8010,D02,3,3
H8010,D03,4,4
H8010,D04,5,5
H8010,D05,4,4
H8010,D06,Not enough data available ,
H8010,D07,5,5
H8010,D08,1,1
H8010,D09,2,2
H8010,D10,1,1
H8010,D11,3,3
H8010,D12,4,4
H8051,C01,Plan too new to be measured ,
H8051,C02,Plan too new to be measured ,
H8051,C03,Plan too new to be measured ,
H8051,C04,Plan too new to be measured ,
H8051,C05,Plan too new to be measured ,
H8051,C06,Plan too new to be measured ,
H8051,C07,Plan too new to be measured ,
H8051,C08,Plan too new to be measured ,
H8051,C09,Plan too new to be measured ,
H8051,C10,Plan too new to be measured ,
H8051,C11,Plan too new to be measured ,
H8051,C12,Plan too new to be measured ,
H8051,C13,Plan too new to be measured ,
H8051,C14,Plan too new to be measured ,
H8051,C15,Plan too new to be measured ,
H8051,C16,Plan too new to be measured ,
H8051,C17,Plan too new to be measured ,
H8051,C18,Plan too new to be measured ,
H8051,C19,Plan too new to be measured ,
H8051,C20,Plan too new to be measured ,
H8051,C21,Plan too new to be measured ,
H8051,C22,Plan too new to be measured ,
H8051,C23,Plan too new to be measured ,
H8051,C24,Plan too new to be measured ,
H8051,C25,Plan too new to be measured ,
H8051,C26,Plan too new to be measured ,
H8051,C27,Plan too new to be measured ,
H8051,C28,Plan too new to be measured ,
H8051,C29,Plan too new to be measured ,
H8051,C30,Plan too new to be measured ,
H8051,C31,Not enough data available ,
H8051,C32,Not enough data available ,
H8051,C33,Plan too new to be measured ,
H8051,D01,Plan too new to be measured ,
H8051,D02,Plan too new to be measured ,
H8051,D03,Plan too new to be measured ,
H8051,D04,Plan too new to be measured ,
H8051,D05,Plan too new to be measured ,
H8051,D06,Plan too new to be measured ,
H8051,D07,Plan too new to be measured ,
H8051,D08,Plan too new to be measured ,
H8051,D09,Plan too new to be measured ,
H8051,D10,Plan too new to be measured ,
H8051,D11,Plan too new to be measured ,
H8051,D12,Plan too new to be measured,
H8067,C01,Plan too small to be measured ,
H8067,C02,Plan too small to be measured ,
H8067,C03,Plan too small to be measured ,
H8067,C04,Not enough data available ,
H8067,C05,Not enough data available ,
H8067,C06,Plan too small to be measured ,
H8067,C07,5,5
H8067,C08,5,5
H8067,C09,5,5
H8067,C10,Plan too small to be measured ,
H8067,C11,Plan too small to be measured ,
H8067,C12,Plan too small to be measured ,
H8067,C13,Plan too small to be measured ,
H8067,C14,Plan too small to be measured ,
H8067,C15,Plan too small to be measured ,
H8067,C16,Plan too small to be measured ,
H8067,C17,Plan too small to be measured ,
H8067,C18,Plan too small to be measured ,
H8067,C19,Plan too small to be measured ,
H8067,C20,Plan too small to be measured ,
H8067,C21,Plan too small to be measured ,
H8067,C22,Plan too small to be measured ,
H8067,C23,Plan too small to be measured ,
H8067,C24,Plan too small to be measured ,
H8067,C25,Plan too small to be measured ,
H8067,C26,Plan too small to be measured ,
H8067,C27,Plan too small to be measured ,
H8067,C28,Not enough data available ,
H8067,C29,Not enough data available ,
H8067,C30,Not enough data available ,
H8067,C31,Not enough data available ,
H8067,C32,Not enough data available ,
H8067,C33,3,3
H8067,D01,4,4
H8067,D02,Not enough data available ,
H8067,D03,Not enough data available ,
H8067,D04,Not enough data available ,
H8067,D05,Plan too small to be measured ,
H8067,D06,Plan too small to be measured ,
H8067,D07,5,5
H8067,D08,Not enough data available ,
H8067,D09,3,3
H8067,D10,5,5
H8067,D11,5,5
H8067,D12,Not enough data available,
H8070,C01,4,4
H8070,C02,4,4
H8070,C03,4,4
H8070,C04,Plan too new to be measured ,
H8070,C05,Plan too new to be measured ,
H8070,C06,2,2
H8070,C07,Plan not required to report measure ,
H8070,C08,Plan not required to report measure ,
H8070,C09,Plan not required to report measure ,
H8070,C10,2,2
H8070,C11,3,3
H8070,C12,4,4
H8070,C13,4,4
H8070,C14,3,3
H8070,C15,1,1
H8070,C16,2,2
H8070,C17,3,3
H8070,C18,1,1
H8070,C19,4,4
H8070,C20,3,3
H8070,C21,2,2
H8070,C22,4,4
H8070,C23,4,4
H8070,C24,5,5
H8070,C25,4,4
H8070,C26,4,4
H8070,C27,5,5
H8070,C28,5,5
H8070,C29,5,5
H8070,C30,4,4
H8070,C31,3,3
H8070,C32,2,2
H8070,C33,3,3
H8070,D01,4,4
H8070,D02,5,5
H8070,D03,5,5
H8070,D04,3,3
H8070,D05,2,2
H8070,D06,4,4
H8070,D07,5,5
H8070,D08,3,3
H8070,D09,4,4
H8070,D10,4,4
H8070,D11,3,3
H8070,D12,3,3
H8093,C01,1,1
H8093,C02,3,3
H8093,C03,Plan too small to be measured ,
H8093,C04,Not enough data available ,
H8093,C05,Not enough data available ,
H8093,C06,No data available ,
H8093,C07,5,5
H8093,C08,5,5
H8093,C09,5,5
H8093,C10,Not enough data available ,
H8093,C11,5,5
H8093,C12,4,4
H8093,C13,2,2
H8093,C14,Not enough data available ,
H8093,C15,No data available ,
H8093,C16,No data available ,
H8093,C17,Not enough data available ,
H8093,C18,5,5
H8093,C19,Not enough data available ,
H8093,C20,Not enough data available ,
H8093,C21,5,5
H8093,C22,Plan too small to be measured ,
H8093,C23,Plan too small to be measured ,
H8093,C24,Plan too small to be measured ,
H8093,C25,Plan too small to be measured ,
H8093,C26,Plan too small to be measured ,
H8093,C27,Plan too small to be measured ,
H8093,C28,5,5
H8093,C29,5,5
H8093,C30,4,4
H8093,C31,Not enough data available ,
H8093,C32,Not enough data available ,
H8093,C33,3,3
H8093,D01,4,4
H8093,D02,5,5
H8093,D03,5,5
H8093,D04,4,4
H8093,D05,Plan too small to be measured ,
H8093,D06,Plan too small to be measured ,
H8093,D07,5,5
H8093,D08,5,5
H8093,D09,5,5
H8093,D10,4,4
H8093,D11,4,4
H8093,D12,4,4
H8095,C01,4,4
H8095,C02,4,4
H8095,C03,Plan too small to be measured ,
H8095,C04,Plan too new to be measured ,
H8095,C05,Plan too new to be measured ,
H8095,C06,2,2
H8095,C07,Plan not required to report measure ,
H8095,C08,Plan not required to report measure ,
H8095,C09,Plan not required to report measure ,
H8095,C10,Not enough data available ,
H8095,C11,4,4
H8095,C12,3,3
H8095,C13,4,4
H8095,C14,4,4
H8095,C15,3,3
H8095,C16,Not enough data available ,
H8095,C17,2,2
H8095,C18,No data available ,
H8095,C19,Not enough data available ,
H8095,C20,1,1
H8095,C21,No data available ,
H8095,C22,Plan too small to be measured ,
H8095,C23,Plan too small to be measured ,
H8095,C24,Plan too small to be measured ,
H8095,C25,Plan too small to be measured ,
H8095,C26,Plan too small to be measured ,
H8095,C27,Plan too small to be measured ,
H8095,C28,Not enough data available ,
H8095,C29,Not enough data available ,
H8095,C30,Not enough data available ,
H8095,C31,Not enough data available ,
H8095,C32,Not enough data available ,
H8095,C33,5,5
H8095,D01,5,5
H8095,D02,Not enough data available ,
H8095,D03,Not enough data available ,
H8095,D04,3,3
H8095,D05,Plan too small to be measured ,
H8095,D06,Plan too small to be measured ,
H8095,D07,4,4
H8095,D08,5,5
H8095,D09,4,4
H8095,D10,4,4
H8095,D11,3,3
H8095,D12,1,1
H8121,C01,Plan too small to be measured ,
H8121,C02,Plan too small to be measured ,
H8121,C03,Plan too small to be measured ,
H8121,C04,Plan too new to be measured ,
H8121,C05,Plan too new to be measured ,
H8121,C06,Plan too small to be measured ,
H8121,C07,Plan not required to report measure ,
H8121,C08,Plan not required to report measure ,
H8121,C09,Plan not required to report measure ,
H8121,C10,Plan too small to be measured ,
H8121,C11,Plan too small to be measured ,
H8121,C12,Plan too small to be measured ,
H8121,C13,Plan too small to be measured ,
H8121,C14,Plan too small to be measured ,
H8121,C15,Plan too small to be measured ,
H8121,C16,Plan too small to be measured ,
H8121,C17,Plan too small to be measured ,
H8121,C18,Plan too small to be measured ,
H8121,C19,Plan too small to be measured ,
H8121,C20,Plan too small to be measured ,
H8121,C21,Plan too small to be measured ,
H8121,C22,Plan too small to be measured ,
H8121,C23,Plan too small to be measured ,
H8121,C24,Plan too small to be measured ,
H8121,C25,Plan too small to be measured ,
H8121,C26,Plan too small to be measured ,
H8121,C27,Plan too small to be measured ,
H8121,C28,No data available ,
H8121,C29,Not enough data available ,
H8121,C30,Not enough data available ,
H8121,C31,Not enough data available ,
H8121,C32,Not enough data available ,
H8121,C33,Not enough data available ,
H8121,D01,Not enough data available ,
H8121,D02,No data available ,
H8121,D03,Not enough data available ,
H8121,D04,Not enough data available ,
H8121,D05,Plan too small to be measured ,
H8121,D06,Plan too small to be measured ,
H8121,D07,Not enough data available ,
H8121,D08,Not enough data available ,
H8121,D09,Not enough data available ,
H8121,D10,Not enough data available ,
H8121,D11,Not required to report ,
H8121,D12,Not enough data available,
H8133,C01,3,3
H8133,C02,3,3
H8133,C03,3,3
H8133,C04,Not enough data available ,
H8133,C05,Not enough data available ,
H8133,C06,3,3
H8133,C07,Plan not required to report measure ,
H8133,C08,Plan not required to report measure ,
H8133,C09,Plan not required to report measure ,
H8133,C10,Not enough data available ,
H8133,C11,2,2
H8133,C12,2,2
H8133,C13,3,3
H8133,C14,2,2
H8133,C15,3,3
H8133,C16,Not enough data available ,
H8133,C17,2,2
H8133,C18,4,4
H8133,C19,5,5
H8133,C20,1,1
H8133,C21,3,3
H8133,C22,3,3
H8133,C23,4,4
H8133,C24,Not enough data available ,
H8133,C25,3,3
H8133,C26,4,4
H8133,C27,4,4
H8133,C28,4,4
H8133,C29,3,3
H8133,C30,4,4
H8133,C31,5,5
H8133,C32,4,4
H8133,C33,3,3
H8133,D01,4,4
H8133,D02,4,4
H8133,D03,3,3
H8133,D04,3,3
H8133,D05,3,3
H8133,D06,Not enough data available ,
H8133,D07,5,5
H8133,D08,2,2
H8133,D09,2,2
H8133,D10,2,2
H8133,D11,5,5
H8133,D12,4,4
H8142,C01,4,4
H8142,C02,4,4
H8142,C03,4,4
H8142,C04,2,2
H8142,C05,4,4
H8142,C06,4,4
H8142,C07,Plan not required to report measure ,
H8142,C08,Plan not required to report measure ,
H8142,C09,Plan not required to report measure ,
H8142,C10,4,4
H8142,C11,4,4
H8142,C12,4,4
H8142,C13,5,5
H8142,C14,3,3
H8142,C15,3,3
H8142,C16,3,3
H8142,C17,4,4
H8142,C18,2,2
H8142,C19,2,2
H8142,C20,4,4
H8142,C21,3,3
H8142,C22,3,3
H8142,C23,2,2
H8142,C24,5,5
H8142,C25,5,5
H8142,C26,5,5
H8142,C27,5,5
H8142,C28,4,4
H8142,C29,5,5
H8142,C30,4,4
H8142,C31,3,3
H8142,C32,3,3
H8142,C33,3,3
H8142,D01,2,2
H8142,D02,4,4
H8142,D03,5,5
H8142,D04,5,5
H8142,D05,5,5
H8142,D06,5,5
H8142,D07,5,5
H8142,D08,4,4
H8142,D09,5,5
H8142,D10,5,5
H8142,D11,3,3
H8142,D12,3,3
H8145,C01,2,2
H8145,C02,4,4
H8145,C03,4,4
H8145,C04,3,3
H8145,C05,5,5
H8145,C06,2,2
H8145,C07,Plan not required to report measure ,
H8145,C08,Plan not required to report measure ,
H8145,C09,Plan not required to report measure ,
H8145,C10,2,2
H8145,C11,3,3
H8145,C12,3,3
H8145,C13,3,3
H8145,C14,3,3
H8145,C15,2,2
H8145,C16,2,2
H8145,C17,5,5
H8145,C18,3,3
H8145,C19,3,3
H8145,C20,4,4
H8145,C21,2,2
H8145,C22,5,5
H8145,C23,5,5
H8145,C24,3,3
H8145,C25,5,5
H8145,C26,4,4
H8145,C27,5,5
H8145,C28,4,4
H8145,C29,4,4
H8145,C30,2,2
H8145,C31,5,5
H8145,C32,4,4
H8145,C33,5,5
H8145,D01,5,5
H8145,D02,4,4
H8145,D03,4,4
H8145,D04,1,1
H8145,D05,2,2
H8145,D06,4,4
H8145,D07,1,1
H8145,D08,3,3
H8145,D09,3,3
H8145,D10,4,4
H8145,D11,3,3
H8145,D12,2,2
H8166,C01,4,4
H8166,C02,4,4
H8166,C03,5,5
H8166,C04,Plan too new to be measured ,
H8166,C05,Plan too new to be measured ,
H8166,C06,3,3
H8166,C07,Plan not required to report measure ,
H8166,C08,Plan not required to report measure ,
H8166,C09,Plan not required to report measure ,
H8166,C10,Not enough data available ,
H8166,C11,4,4
H8166,C12,5,5
H8166,C13,3,3
H8166,C14,4,4
H8166,C15,2,2
H8166,C16,2,2
H8166,C17,4,4
H8166,C18,4,4
H8166,C19,5,5
H8166,C20,4,4
H8166,C21,4,4
H8166,C22,2,2
H8166,C23,2,2
H8166,C24,4,4
H8166,C25,3,3
H8166,C26,4,4
H8166,C27,2,2
H8166,C28,4,4
H8166,C29,5,5
H8166,C30,4,4
H8166,C31,4,4
H8166,C32,4,4
H8166,C33,3,3
H8166,D01,4,4
H8166,D02,4,4
H8166,D03,5,5
H8166,D04,4,4
H8166,D05,3,3
H8166,D06,3,3
H8166,D07,5,5
H8166,D08,2,2
H8166,D09,4,4
H8166,D10,4,4
H8166,D11,4,4
H8166,D12,5,5
H8173,C01,4,4
H8173,C02,5,5
H8173,C03,1,1
H8173,C04,2,2
H8173,C05,3,3
H8173,C06,4,4
H8173,C07,5,5
H8173,C08,5,5
H8173,C09,4,4
H8173,C10,5,5
H8173,C11,5,5
H8173,C12,5,5
H8173,C13,5,5
H8173,C14,4,4
H8173,C15,1,1
H8173,C16,3,3
H8173,C17,5,5
H8173,C18,5,5
H8173,C19,4,4
H8173,C20,4,4
H8173,C21,5,5
H8173,C22,3,3
H8173,C23,2,2
H8173,C24,5,5
H8173,C25,1,1
H8173,C26,1,1
H8173,C27,1,1
H8173,C28,4,4
H8173,C29,1,1
H8173,C30,1,1
H8173,C31,5,5
H8173,C32,3,3
H8173,C33,4,4
H8173,D01,5,5
H8173,D02,4,4
H8173,D03,1,1
H8173,D04,2,2
H8173,D05,1,1
H8173,D06,2,2
H8173,D07,5,5
H8173,D08,4,4
H8173,D09,5,5
H8173,D10,5,5
H8173,D11,4,4
H8173,D12,4,4
H8176,C01,3,3
H8176,C02,3,3
H8176,C03,2,2
H8176,C04,Not enough data available ,
H8176,C05,Not enough data available ,
H8176,C06,3,3
H8176,C07,3,3
H8176,C08,3,3
H8176,C09,3,3
H8176,C10,Not enough data available ,
H8176,C11,2,2
H8176,C12,3,3
H8176,C13,2,2
H8176,C14,2,2
H8176,C15,Not enough data available ,
H8176,C16,Not enough data available ,
H8176,C17,2,2
H8176,C18,5,5
H8176,C19,3,3
H8176,C20,1,1
H8176,C21,2,2
H8176,C22,5,5
H8176,C23,4,4
H8176,C24,4,4
H8176,C25,3,3
H8176,C26,4,4
H8176,C27,4,4
H8176,C28,3,3
H8176,C29,3,3
H8176,C30,5,5
H8176,C31,5,5
H8176,C32,5,5
H8176,C33,5,5
H8176,D01,5,5
H8176,D02,3,3
H8176,D03,3,3
H8176,D04,5,5
H8176,D05,4,4
H8176,D06,4,4
H8176,D07,5,5
H8176,D08,3,3
H8176,D09,2,2
H8176,D10,2,2
H8176,D11,4,4
H8176,D12,2,2
H8181,C01,4,4
H8181,C02,4,4
H8181,C03,4,4
H8181,C04,5,5
H8181,C05,4,4
H8181,C06,2,2
H8181,C07,Plan not required to report measure ,
H8181,C08,Plan not required to report measure ,
H8181,C09,Plan not required to report measure ,
H8181,C10,Not enough data available ,
H8181,C11,3,3
H8181,C12,3,3
H8181,C13,3,3
H8181,C14,3,3
H8181,C15,1,1
H8181,C16,3,3
H8181,C17,2,2
H8181,C18,2,2
H8181,C19,2,2
H8181,C20,2,2
H8181,C21,2,2
H8181,C22,5,5
H8181,C23,4,4
H8181,C24,2,2
H8181,C25,4,4
H8181,C26,2,2
H8181,C27,5,5
H8181,C28,4,4
H8181,C29,4,4
H8181,C30,2,2
H8181,C31,Not enough data available ,
H8181,C32,Not enough data available ,
H8181,C33,4,4
H8181,D01,4,4
H8181,D02,4,4
H8181,D03,4,4
H8181,D04,2,2
H8181,D05,3,3
H8181,D06,4,4
H8181,D07,5,5
H8181,D08,3,3
H8181,D09,4,4
H8181,D10,4,4
H8181,D11,3,3
H8181,D12,3,3
H8189,C01,2,2
H8189,C02,3,3
H8189,C03,2,2
H8189,C04,Not enough data available ,
H8189,C05,Not enough data available ,
H8189,C06,2,2
H8189,C07,4,4
H8189,C08,5,5
H8189,C09,4,4
H8189,C10,Not enough data available ,
H8189,C11,2,2
H8189,C12,4,4
H8189,C13,4,4
H8189,C14,3,3
H8189,C15,5,5
H8189,C16,3,3
H8189,C17,3,3
H8189,C18,4,4
H8189,C19,5,5
H8189,C20,3,3
H8189,C21,2,2
H8189,C22,3,3
H8189,C23,2,2
H8189,C24,2,2
H8189,C25,2,2
H8189,C26,3,3
H8189,C27,4,4
H8189,C28,2,2
H8189,C29,3,3
H8189,C30,3,3
H8189,C31,5,5
H8189,C32,5,5
H8189,C33,5,5
H8189,D01,5,5
H8189,D02,2,2
H8189,D03,3,3
H8189,D04,2,2
H8189,D05,3,3
H8189,D06,Not enough data available ,
H8189,D07,5,5
H8189,D08,3,3
H8189,D09,3,3
H8189,D10,3,3
H8189,D11,3,3
H8189,D12,3,3
H8211,C01,2,2
H8211,C02,3,3
H8211,C03,2,2
H8211,C04,1,1
H8211,C05,3,3
H8211,C06,1,1
H8211,C07,Plan not required to report measure ,
H8211,C08,Plan not required to report measure ,
H8211,C09,Plan not required to report measure ,
H8211,C10,1,1
H8211,C11,3,3
H8211,C12,3,3
H8211,C13,2,2
H8211,C14,2,2
H8211,C15,1,1
H8211,C16,2,2
H8211,C17,3,3
H8211,C18,2,2
H8211,C19,2,2
H8211,C20,2,2
H8211,C21,2,2
H8211,C22,4,4
H8211,C23,4,4
H8211,C24,2,2
H8211,C25,3,3
H8211,C26,1,1
H8211,C27,4,4
H8211,C28,4,4
H8211,C29,4,4
H8211,C30,2,2
H8211,C31,5,5
H8211,C32,4,4
H8211,C33,5,5
H8211,D01,5,5
H8211,D02,4,4
H8211,D03,4,4
H8211,D04,4,4
H8211,D05,1,1
H8211,D06,4,4
H8211,D07,5,5
H8211,D08,2,2
H8211,D09,3,3
H8211,D10,3,3
H8211,D11,4,4
H8211,D12,2,2
H8212,C01,Plan too new to be measured ,
H8212,C02,Plan too new to be measured ,
H8212,C03,Plan too new to be measured ,
H8212,C04,Plan too new to be measured ,
H8212,C05,Plan too new to be measured ,
H8212,C06,Plan too new to be measured ,
H8212,C07,Plan too new to be measured ,
H8212,C08,Plan too new to be measured ,
H8212,C09,Plan too new to be measured ,
H8212,C10,Plan too new to be measured ,
H8212,C11,Plan too new to be measured ,
H8212,C12,Plan too new to be measured ,
H8212,C13,Plan too new to be measured ,
H8212,C14,Plan too new to be measured ,
H8212,C15,Plan too new to be measured ,
H8212,C16,Plan too new to be measured ,
H8212,C17,Plan too new to be measured ,
H8212,C18,Plan too new to be measured ,
H8212,C19,Plan too new to be measured ,
H8212,C20,Plan too new to be measured ,
H8212,C21,Plan too new to be measured ,
H8212,C22,Plan too new to be measured ,
H8212,C23,Plan too new to be measured ,
H8212,C24,Plan too new to be measured ,
H8212,C25,Plan too new to be measured ,
H8212,C26,Plan too new to be measured ,
H8212,C27,Plan too new to be measured ,
H8212,C28,Plan too new to be measured ,
H8212,C29,Plan too new to be measured ,
H8212,C30,Plan too new to be measured ,
H8212,C31,Not enough data available ,
H8212,C32,Not enough data available ,
H8212,C33,Plan too new to be measured ,
H8212,D01,Plan too new to be measured ,
H8212,D02,Plan too new to be measured ,
H8212,D03,Plan too new to be measured ,
H8212,D04,Plan too new to be measured ,
H8212,D05,Plan too new to be measured ,
H8212,D06,Plan too new to be measured ,
H8212,D07,Plan too new to be measured ,
H8212,D08,Plan too new to be measured ,
H8212,D09,Plan too new to be measured ,
H8212,D10,Plan too new to be measured ,
H8212,D11,Plan too new to be measured ,
H8212,D12,Plan too new to be measured,
H8298,C01,3,3
H8298,C02,4,4
H8298,C03,2,2
H8298,C04,Not enough data available ,
H8298,C05,Not enough data available ,
H8298,C06,4,4
H8298,C07,5,5
H8298,C08,4,4
H8298,C09,4,4
H8298,C10,2,2
H8298,C11,4,4
H8298,C12,3,3
H8298,C13,4,4
H8298,C14,3,3
H8298,C15,5,5
H8298,C16,Not enough data available ,
H8298,C17,4,4
H8298,C18,1,1
H8298,C19,5,5
H8298,C20,3,3
H8298,C21,3,3
H8298,C22,3,3
H8298,C23,3,3
H8298,C24,3,3
H8298,C25,2,2
H8298,C26,5,5
H8298,C27,3,3
H8298,C28,4,4
H8298,C29,5,5
H8298,C30,4,4
H8298,C31,3,3
H8298,C32,5,5
H8298,C33,4,4
H8298,D01,4,4
H8298,D02,4,4
H8298,D03,5,5
H8298,D04,5,5
H8298,D05,5,5
H8298,D06,4,4
H8298,D07,5,5
H8298,D08,4,4
H8298,D09,3,3
H8298,D10,3,3
H8298,D11,4,4
H8298,D12,5,5
H8320,C01,Plan too new to be measured ,
H8320,C02,Plan too new to be measured ,
H8320,C03,Plan too new to be measured ,
H8320,C04,Plan too new to be measured ,
H8320,C05,Plan too new to be measured ,
H8320,C06,Plan too new to be measured ,
H8320,C07,Plan too new to be measured ,
H8320,C08,Plan too new to be measured ,
H8320,C09,Plan too new to be measured ,
H8320,C10,Plan too new to be measured ,
H8320,C11,Plan too new to be measured ,
H8320,C12,Plan too new to be measured ,
H8320,C13,Plan too new to be measured ,
H8320,C14,Plan too new to be measured ,
H8320,C15,Plan too new to be measured ,
H8320,C16,Plan too new to be measured ,
H8320,C17,Plan too new to be measured ,
H8320,C18,Plan too new to be measured ,
H8320,C19,Plan too new to be measured ,
H8320,C20,Plan too new to be measured ,
H8320,C21,Plan too new to be measured ,
H8320,C22,Plan too new to be measured ,
H8320,C23,Plan too new to be measured ,
H8320,C24,Plan too new to be measured ,
H8320,C25,Plan too new to be measured ,
H8320,C26,Plan too new to be measured ,
H8320,C27,Plan too new to be measured ,
H8320,C28,Plan too new to be measured ,
H8320,C29,Not enough data available ,
H8320,C30,Plan too new to be measured ,
H8320,C31,Not enough data available ,
H8320,C32,Not enough data available ,
H8320,C33,4,4
H8320,D01,5,5
H8320,D02,Plan too new to be measured ,
H8320,D03,Not enough data available ,
H8320,D04,Plan too new to be measured ,
H8320,D05,Plan too new to be measured ,
H8320,D06,Plan too new to be measured ,
H8320,D07,Plan too new to be measured ,
H8320,D08,Plan too new to be measured ,
H8320,D09,Plan too new to be measured ,
H8320,D10,Plan too new to be measured ,
H8320,D11,Plan too new to be measured ,
H8320,D12,Plan too new to be measured,
H8330,C01,3,3
H8330,C02,4,4
H8330,C03,5,5
H8330,C04,Plan too new to be measured ,
H8330,C05,Plan too new to be measured ,
H8330,C06,5,5
H8330,C07,5,5
H8330,C08,4,4
H8330,C09,5,5
H8330,C10,1,1
H8330,C11,4,4
H8330,C12,4,4
H8330,C13,3,3
H8330,C14,3,3
H8330,C15,5,5
H8330,C16,5,5
H8330,C17,3,3
H8330,C18,1,1
H8330,C19,4,4
H8330,C20,3,3
H8330,C21,4,4
H8330,C22,1,1
H8330,C23,1,1
H8330,C24,3,3
H8330,C25,2,2
H8330,C26,4,4
H8330,C27,1,1
H8330,C28,4,4
H8330,C29,5,5
H8330,C30,4,4
H8330,C31,4,4
H8330,C32,4,4
H8330,C33,4,4
H8330,D01,4,4
H8330,D02,4,4
H8330,D03,5,5
H8330,D04,4,4
H8330,D05,3,3
H8330,D06,1,1
H8330,D07,5,5
H8330,D08,4,4
H8330,D09,3,3
H8330,D10,3,3
H8330,D11,4,4
H8330,D12,4,4
H8332,C01,4,4
H8332,C02,4,4
H8332,C03,Plan too small to be measured ,
H8332,C04,2,2
H8332,C05,2,2
H8332,C06,4,4
H8332,C07,Plan not required to report measure ,
H8332,C08,Plan not required to report measure ,
H8332,C09,Plan not required to report measure ,
H8332,C10,4,4
H8332,C11,4,4
H8332,C12,5,5
H8332,C13,4,4
H8332,C14,4,4
H8332,C15,2,2
H8332,C16,4,4
H8332,C17,5,5
H8332,C18,4,4
H8332,C19,4,4
H8332,C20,3,3
H8332,C21,3,3
H8332,C22,Plan too small to be measured ,
H8332,C23,Plan too small to be measured ,
H8332,C24,Plan too small to be measured ,
H8332,C25,Plan too small to be measured ,
H8332,C26,Plan too small to be measured ,
H8332,C27,Plan too small to be measured ,
H8332,C28,4,4
H8332,C29,5,5
H8332,C30,3,3
H8332,C31,4,4
H8332,C32,5,5
H8332,C33,4,4
H8332,D01,5,5
H8332,D02,4,4
H8332,D03,5,5
H8332,D04,3,3
H8332,D05,Plan too small to be measured ,
H8332,D06,Plan too small to be measured ,
H8332,D07,5,5
H8332,D08,2,2
H8332,D09,3,3
H8332,D10,3,3
H8332,D11,5,5
H8332,D12,4,4
H8379,C01,3,3
H8379,C02,4,4
H8379,C03,2,2
H8379,C04,4,4
H8379,C05,3,3
H8379,C06,3,3
H8379,C07,4,4
H8379,C08,3,3
H8379,C09,2,2
H8379,C10,2,2
H8379,C11,3,3
H8379,C12,3,3
H8379,C13,4,4
H8379,C14,4,4
H8379,C15,4,4
H8379,C16,4,4
H8379,C17,3,3
H8379,C18,3,3
H8379,C19,3,3
H8379,C20,4,4
H8379,C21,3,3
H8379,C22,4,4
H8379,C23,4,4
H8379,C24,3,3
H8379,C25,4,4
H8379,C26,4,4
H8379,C27,3,3
H8379,C28,4,4
H8379,C29,3,3
H8379,C30,1,1
H8379,C31,5,5
H8379,C32,2,2
H8379,C33,5,5
H8379,D01,5,5
H8379,D02,4,4
H8379,D03,3,3
H8379,D04,4,4
H8379,D05,5,5
H8379,D06,3,3
H8379,D07,5,5
H8379,D08,3,3
H8379,D09,3,3
H8379,D10,2,2
H8379,D11,4,4
H8379,D12,3,3
H8385,C01,5,5
H8385,C02,5,5
H8385,C03,4,4
H8385,C04,Plan too new to be measured ,
H8385,C05,Plan too new to be measured ,
H8385,C06,3,3
H8385,C07,Plan not required to report measure ,
H8385,C08,Plan not required to report measure ,
H8385,C09,Plan not required to report measure ,
H8385,C10,Not enough data available ,
H8385,C11,4,4
H8385,C12,5,5
H8385,C13,3,3
H8385,C14,5,5
H8385,C15,1,1
H8385,C16,2,2
H8385,C17,4,4
H8385,C18,5,5
H8385,C19,3,3
H8385,C20,4,4
H8385,C21,3,3
H8385,C22,5,5
H8385,C23,5,5
H8385,C24,3,3
H8385,C25,4,4
H8385,C26,3,3
H8385,C27,4,4
H8385,C28,4,4
H8385,C29,5,5
H8385,C30,3,3
H8385,C31,1,1
H8385,C32,1,1
H8385,C33,4,4
H8385,D01,5,5
H8385,D02,4,4
H8385,D03,5,5
H8385,D04,3,3
H8385,D05,2,2
H8385,D06,5,5
H8385,D07,5,5
H8385,D08,3,3
H8385,D09,3,3
H8385,D10,2,2
H8385,D11,4,4
H8385,D12,3,3
H8390,C01,Plan too small to be measured ,
H8390,C02,Plan too small to be measured ,
H8390,C03,Plan too small to be measured ,
H8390,C04,Plan too small to be measured ,
H8390,C05,Plan too small to be measured ,
H8390,C06,Plan too small to be measured ,
H8390,C07,No data available ,
H8390,C08,No data available ,
H8390,C09,No data available ,
H8390,C10,Plan too small to be measured ,
H8390,C11,Plan too small to be measured ,
H8390,C12,Plan too small to be measured ,
H8390,C13,Plan too small to be measured ,
H8390,C14,Plan too small to be measured ,
H8390,C15,Plan too small to be measured ,
H8390,C16,Plan too small to be measured ,
H8390,C17,Plan too small to be measured ,
H8390,C18,Plan too small to be measured ,
H8390,C19,Plan too small to be measured ,
H8390,C20,Plan too small to be measured ,
H8390,C21,Plan too small to be measured ,
H8390,C22,Plan too small to be measured ,
H8390,C23,Plan too small to be measured ,
H8390,C24,Plan too small to be measured ,
H8390,C25,Plan too small to be measured ,
H8390,C26,Plan too small to be measured ,
H8390,C27,Plan too small to be measured ,
H8390,C28,Not enough data available ,
H8390,C29,Not enough data available ,
H8390,C30,Not enough data available ,
H8390,C31,Not enough data available ,
H8390,C32,Not enough data available ,
H8390,C33,5,5
H8390,D01,5,5
H8390,D02,Not enough data available ,
H8390,D03,Not enough data available ,
H8390,D04,Not enough data available ,
H8390,D05,Plan too small to be measured ,
H8390,D06,Plan too small to be measured ,
H8390,D07,5,5
H8390,D08,Not enough data available ,
H8390,D09,Not enough data available ,
H8390,D10,Not enough data available ,
H8390,D11,Not enough data available ,
H8390,D12,Not enough data available,
H8432,C01,3,3
H8432,C02,4,4
H8432,C03,4,4
H8432,C04,3,3
H8432,C05,3,3
H8432,C06,4,4
H8432,C07,2,2
H8432,C08,4,4
H8432,C09,3,3
H8432,C10,2,2
H8432,C11,3,3
H8432,C12,3,3
H8432,C13,3,3
H8432,C14,2,2
H8432,C15,4,4
H8432,C16,2,2
H8432,C17,4,4
H8432,C18,3,3
H8432,C19,3,3
H8432,C20,4,4
H8432,C21,3,3
H8432,C22,2,2
H8432,C23,Not enough data available ,
H8432,C24,2,2
H8432,C25,3,3
H8432,C26,1,1
H8432,C27,3,3
H8432,C28,4,4
H8432,C29,3,3
H8432,C30,4,4
H8432,C31,3,3
H8432,C32,4,4
H8432,C33,5,5
H8432,D01,5,5
H8432,D02,4,4
H8432,D03,3,3
H8432,D04,5,5
H8432,D05,2,2
H8432,D06,4,4
H8432,D07,5,5
H8432,D08,3,3
H8432,D09,3,3
H8432,D10,2,2
H8432,D11,5,5
H8432,D12,3,3
H8457,C01,Not enough data available ,
H8457,C02,Not enough data available ,
H8457,C03,Plan too small to be measured ,
H8457,C04,Not enough data available ,
H8457,C05,Not enough data available ,
H8457,C06,No data available ,
H8457,C07,1,1
H8457,C08,5,5
H8457,C09,5,5
H8457,C10,Not enough data available ,
H8457,C11,Not enough data available ,
H8457,C12,Not enough data available ,
H8457,C13,Not enough data available ,
H8457,C14,Not enough data available ,
H8457,C15,No data available ,
H8457,C16,No data available ,
H8457,C17,Not enough data available ,
H8457,C18,No data available ,
H8457,C19,Not enough data available ,
H8457,C20,Not enough data available ,
H8457,C21,5,5
H8457,C22,Plan too small to be measured ,
H8457,C23,Plan too small to be measured ,
H8457,C24,Plan too small to be measured ,
H8457,C25,Plan too small to be measured ,
H8457,C26,Plan too small to be measured ,
H8457,C27,Plan too small to be measured ,
H8457,C28,5,5
H8457,C29,3,3
H8457,C30,Not enough data available ,
H8457,C31,Not enough data available ,
H8457,C32,Not enough data available ,
H8457,C33,4,4
H8457,D01,4,4
H8457,D02,5,5
H8457,D03,3,3
H8457,D04,4,4
H8457,D05,Plan too small to be measured ,
H8457,D06,Plan too small to be measured ,
H8457,D07,5,5
H8457,D08,5,5
H8457,D09,3,3
H8457,D10,4,4
H8457,D11,4,4
H8457,D12,5,5
H8481,C01,Plan too new to be measured ,
H8481,C02,Plan too new to be measured ,
H8481,C03,Plan too new to be measured ,
H8481,C04,Plan too new to be measured ,
H8481,C05,Plan too new to be measured ,
H8481,C06,Plan too new to be measured ,
H8481,C07,Plan too new to be measured ,
H8481,C08,Plan too new to be measured ,
H8481,C09,Plan too new to be measured ,
H8481,C10,Plan too new to be measured ,
H8481,C11,Plan too new to be measured ,
H8481,C12,Plan too new to be measured ,
H8481,C13,Plan too new to be measured ,
H8481,C14,Plan too new to be measured ,
H8481,C15,Plan too new to be measured ,
H8481,C16,Plan too new to be measured ,
H8481,C17,Plan too new to be measured ,
H8481,C18,Plan too new to be measured ,
H8481,C19,Plan too new to be measured ,
H8481,C20,Plan too new to be measured ,
H8481,C21,Plan too new to be measured ,
H8481,C22,Plan too new to be measured ,
H8481,C23,Plan too new to be measured ,
H8481,C24,Plan too new to be measured ,
H8481,C25,Plan too new to be measured ,
H8481,C26,Plan too new to be measured ,
H8481,C27,Plan too new to be measured ,
H8481,C28,Plan too new to be measured ,
H8481,C29,Plan too new to be measured ,
H8481,C30,Plan too new to be measured ,
H8481,C31,Not enough data available ,
H8481,C32,Not enough data available ,
H8481,C33,Plan too new to be measured ,
H8481,D01,Plan too new to be measured ,
H8481,D02,Plan too new to be measured ,
H8481,D03,Plan too new to be measured ,
H8481,D04,Plan too new to be measured ,
H8481,D05,Plan too new to be measured ,
H8481,D06,Plan too new to be measured ,
H8481,D07,Plan too new to be measured ,
H8481,D08,Plan too new to be measured ,
H8481,D09,Plan too new to be measured ,
H8481,D10,Plan too new to be measured ,
H8481,D11,Plan too new to be measured ,
H8481,D12,Plan too new to be measured,
H8492,C01,Plan too small to be measured ,
H8492,C02,Plan too small to be measured ,
H8492,C03,Plan too small to be measured ,
H8492,C04,Not enough data available ,
H8492,C05,Not enough data available ,
H8492,C06,Plan too small to be measured ,
H8492,C07,5,5
H8492,C08,5,5
H8492,C09,5,5
H8492,C10,Plan too small to be measured ,
H8492,C11,Plan too small to be measured ,
H8492,C12,Plan too small to be measured ,
H8492,C13,Plan too small to be measured ,
H8492,C14,Plan too small to be measured ,
H8492,C15,Plan too small to be measured ,
H8492,C16,Plan too small to be measured ,
H8492,C17,Plan too small to be measured ,
H8492,C18,Plan too small to be measured ,
H8492,C19,Plan too small to be measured ,
H8492,C20,Plan too small to be measured ,
H8492,C21,Plan too small to be measured ,
H8492,C22,Plan too small to be measured ,
H8492,C23,Plan too small to be measured ,
H8492,C24,Plan too small to be measured ,
H8492,C25,Plan too small to be measured ,
H8492,C26,Plan too small to be measured ,
H8492,C27,Plan too small to be measured ,
H8492,C28,Not enough data available ,
H8492,C29,Not enough data available ,
H8492,C30,Not enough data available ,
H8492,C31,Not enough data available ,
H8492,C32,Not enough data available ,
H8492,C33,3,3
H8492,D01,4,4
H8492,D02,Not enough data available ,
H8492,D03,Not enough data available ,
H8492,D04,2,2
H8492,D05,Plan too small to be measured ,
H8492,D06,Plan too small to be measured ,
H8492,D07,5,5
H8492,D08,2,2
H8492,D09,1,1
H8492,D10,1,1
H8492,D11,5,5
H8492,D12,4,4
H8547,C01,4,4
H8547,C02,5,5
H8547,C03,4,4
H8547,C04,Not enough data available ,
H8547,C05,Not enough data available ,
H8547,C06,5,5
H8547,C07,Plan not required to report measure ,
H8547,C08,Plan not required to report measure ,
H8547,C09,Plan not required to report measure ,
H8547,C10,Not enough data available ,
H8547,C11,4,4
H8547,C12,4,4
H8547,C13,5,5
H8547,C14,4,4
H8547,C15,4,4
H8547,C16,Not enough data available ,
H8547,C17,3,3
H8547,C18,No data available ,
H8547,C19,5,5
H8547,C20,3,3
H8547,C21,4,4
H8547,C22,4,4
H8547,C23,4,4
H8547,C24,3,3
H8547,C25,4,4
H8547,C26,4,4
H8547,C27,5,5
H8547,C28,3,3
H8547,C29,3,3
H8547,C30,2,2
H8547,C31,Not enough data available ,
H8547,C32,Not enough data available ,
H8547,C33,3,3
H8547,D01,4,4
H8547,D02,3,3
H8547,D03,3,3
H8547,D04,2,2
H8547,D05,4,4
H8547,D06,4,4
H8547,D07,5,5
H8547,D08,1,1
H8547,D09,3,3
H8547,D10,2,2
H8547,D11,4,4
H8547,D12,4,4
H8552,C01,2,2
H8552,C02,3,3
H8552,C03,2,2
H8552,C04,4,4
H8552,C05,1,1
H8552,C06,2,2
H8552,C07,3,3
H8552,C08,4,4
H8552,C09,3,3
H8552,C10,1,1
H8552,C11,2,2
H8552,C12,2,2
H8552,C13,2,2
H8552,C14,1,1
H8552,C15,2,2
H8552,C16,1,1
H8552,C17,3,3
H8552,C18,4,4
H8552,C19,2,2
H8552,C20,3,3
H8552,C21,2,2
H8552,C22,2,2
H8552,C23,1,1
H8552,C24,Not enough data available ,
H8552,C25,1,1
H8552,C26,1,1
H8552,C27,Not enough data available ,
H8552,C28,3,3
H8552,C29,4,4
H8552,C30,3,3
H8552,C31,5,5
H8552,C32,5,5
H8552,C33,5,5
H8552,D01,5,5
H8552,D02,3,3
H8552,D03,4,4
H8552,D04,4,4
H8552,D05,1,1
H8552,D06,Not enough data available ,
H8552,D07,5,5
H8552,D08,2,2
H8552,D09,2,2
H8552,D10,2,2
H8552,D11,3,3
H8552,D12,2,2
H8554,C01,2,2
H8554,C02,3,3
H8554,C03,3,3
H8554,C04,Not enough data available ,
H8554,C05,Not enough data available ,
H8554,C06,4,4
H8554,C07,1,1
H8554,C08,No data available ,
H8554,C09,No data available ,
H8554,C10,Not enough data available ,
H8554,C11,2,2
H8554,C12,3,3
H8554,C13,3,3
H8554,C14,2,2
H8554,C15,Not enough data available ,
H8554,C16,Not enough data available ,
H8554,C17,3,3
H8554,C18,No data available ,
H8554,C19,No data available ,
H8554,C20,2,2
H8554,C21,No data available ,
H8554,C22,4,4
H8554,C23,Not enough data available ,
H8554,C24,4,4
H8554,C25,3,3
H8554,C26,4,4
H8554,C27,Not enough data available ,
H8554,C28,3,3
H8554,C29,3,3
H8554,C30,4,4
H8554,C31,Not enough data available ,
H8554,C32,Not enough data available ,
H8554,C33,3,3
H8554,D01,4,4
H8554,D02,3,3
H8554,D03,3,3
H8554,D04,3,3
H8554,D05,3,3
H8554,D06,4,4
H8554,D07,5,5
H8554,D08,2,2
H8554,D09,3,3
H8554,D10,3,3
H8554,D11,5,5
H8554,D12,4,4
H8578,C01,4,4
H8578,C02,4,4
H8578,C03,5,5
H8578,C04,4,4
H8578,C05,2,2
H8578,C06,3,3
H8578,C07,Plan not required to report measure ,
H8578,C08,Plan not required to report measure ,
H8578,C09,Plan not required to report measure ,
H8578,C10,1,1
H8578,C11,3,3
H8578,C12,4,4
H8578,C13,4,4
H8578,C14,5,5
H8578,C15,2,2
H8578,C16,3,3
H8578,C17,4,4
H8578,C18,2,2
H8578,C19,4,4
H8578,C20,4,4
H8578,C21,2,2
H8578,C22,1,1
H8578,C23,1,1
H8578,C24,4,4
H8578,C25,2,2
H8578,C26,2,2
H8578,C27,2,2
H8578,C28,5,5
H8578,C29,5,5
H8578,C30,3,3
H8578,C31,5,5
H8578,C32,1,1
H8578,C33,3,3
H8578,D01,3,3
H8578,D02,5,5
H8578,D03,5,5
H8578,D04,2,2
H8578,D05,1,1
H8578,D06,2,2
H8578,D07,5,5
H8578,D08,4,4
H8578,D09,4,4
H8578,D10,4,4
H8578,D11,4,4
H8578,D12,4,4
H8597,C01,3,3
H8597,C02,3,3
H8597,C03,3,3
H8597,C04,4,4
H8597,C05,3,3
H8597,C06,4,4
H8597,C07,3,3
H8597,C08,5,5
H8597,C09,4,4
H8597,C10,2,2
H8597,C11,4,4
H8597,C12,3,3
H8597,C13,3,3
H8597,C14,3,3
H8597,C15,5,5
H8597,C16,3,3
H8597,C17,5,5
H8597,C18,4,4
H8597,C19,3,3
H8597,C20,2,2
H8597,C21,2,2
H8597,C22,4,4
H8597,C23,3,3
H8597,C24,4,4
H8597,C25,4,4
H8597,C26,4,4
H8597,C27,4,4
H8597,C28,3,3
H8597,C29,1,1
H8597,C30,3,3
H8597,C31,4,4
H8597,C32,4,4
H8597,C33,4,4
H8597,D01,5,5
H8597,D02,3,3
H8597,D03,1,1
H8597,D04,2,2
H8597,D05,3,3
H8597,D06,3,3
H8597,D07,5,5
H8597,D08,3,3
H8597,D09,2,2
H8597,D10,2,2
H8597,D11,5,5
H8597,D12,4,4
H8604,C01,4,4
H8604,C02,5,5
H8604,C03,4,4
H8604,C04,4,4
H8604,C05,1,1
H8604,C06,2,2
H8604,C07,Plan not required to report measure ,
H8604,C08,Plan not required to report measure ,
H8604,C09,Plan not required to report measure ,
H8604,C10,Not enough data available ,
H8604,C11,2,2
H8604,C12,4,4
H8604,C13,2,2
H8604,C14,2,2
H8604,C15,1,1
H8604,C16,1,1
H8604,C17,3,3
H8604,C18,No data available ,
H8604,C19,No data available ,
H8604,C20,2,2
H8604,C21,3,3
H8604,C22,5,5
H8604,C23,4,4
H8604,C24,5,5
H8604,C25,4,4
H8604,C26,5,5
H8604,C27,4,4
H8604,C28,5,5
H8604,C29,5,5
H8604,C30,2,2
H8604,C31,Not enough data available ,
H8604,C32,Not enough data available ,
H8604,C33,3,3
H8604,D01,3,3
H8604,D02,5,5
H8604,D03,5,5
H8604,D04,3,3
H8604,D05,4,4
H8604,D06,5,5
H8604,D07,5,5
H8604,D08,2,2
H8604,D09,3,3
H8604,D10,4,4
H8604,D11,4,4
H8604,D12,3,3
H8634,C01,4,4
H8634,C02,4,4
H8634,C03,3,3
H8634,C04,2,2
H8634,C05,3,3
H8634,C06,4,4
H8634,C07,2,2
H8634,C08,5,5
H8634,C09,3,3
H8634,C10,1,1
H8634,C11,2,2
H8634,C12,3,3
H8634,C13,3,3
H8634,C14,3,3
H8634,C15,2,2
H8634,C16,2,2
H8634,C17,3,3
H8634,C18,3,3
H8634,C19,2,2
H8634,C20,2,2
H8634,C21,3,3
H8634,C22,4,4
H8634,C23,3,3
H8634,C24,3,3
H8634,C25,3,3
H8634,C26,2,2
H8634,C27,4,4
H8634,C28,3,3
H8634,C29,4,4
H8634,C30,Not enough data available ,
H8634,C31,4,4
H8634,C32,3,3
H8634,C33,3,3
H8634,D01,4,4
H8634,D02,3,3
H8634,D03,4,4
H8634,D04,Not enough data available ,
H8634,D05,2,2
H8634,D06,1,1
H8634,D07,5,5
H8634,D08,2,2
H8634,D09,2,2
H8634,D10,2,2
H8634,D11,4,4
H8634,D12,3,3
H8649,C01,2,2
H8649,C02,3,3
H8649,C03,2,2
H8649,C04,4,4
H8649,C05,2,2
H8649,C06,2,2
H8649,C07,2,2
H8649,C08,5,5
H8649,C09,3,3
H8649,C10,3,3
H8649,C11,2,2
H8649,C12,3,3
H8649,C13,2,2
H8649,C14,2,2
H8649,C15,2,2
H8649,C16,3,3
H8649,C17,5,5
H8649,C18,5,5
H8649,C19,4,4
H8649,C20,3,3
H8649,C21,2,2
H8649,C22,5,5
H8649,C23,5,5
H8649,C24,5,5
H8649,C25,4,4
H8649,C26,4,4
H8649,C27,4,4
H8649,C28,4,4
H8649,C29,3,3
H8649,C30,3,3
H8649,C31,3,3
H8649,C32,3,3
H8649,C33,4,4
H8649,D01,5,5
H8649,D02,4,4
H8649,D03,3,3
H8649,D04,3,3
H8649,D05,3,3
H8649,D06,5,5
H8649,D07,5,5
H8649,D08,2,2
H8649,D09,3,3
H8649,D10,3,3
H8649,D11,4,4
H8649,D12,2,2
H8711,C01,Plan too small to be measured ,
H8711,C02,Plan too small to be measured ,
H8711,C03,Plan too small to be measured ,
H8711,C04,Not enough data available ,
H8711,C05,Not enough data available ,
H8711,C06,Plan too small to be measured ,
H8711,C07,Plan not required to report measure ,
H8711,C08,Plan not required to report measure ,
H8711,C09,Plan not required to report measure ,
H8711,C10,Plan too small to be measured ,
H8711,C11,Plan too small to be measured ,
H8711,C12,Plan too small to be measured ,
H8711,C13,Plan too small to be measured ,
H8711,C14,Plan too small to be measured ,
H8711,C15,Plan too small to be measured ,
H8711,C16,Plan too small to be measured ,
H8711,C17,Plan too small to be measured ,
H8711,C18,Plan too small to be measured ,
H8711,C19,Plan too small to be measured ,
H8711,C20,Plan too small to be measured ,
H8711,C21,Plan too small to be measured ,
H8711,C22,Plan too small to be measured ,
H8711,C23,Plan too small to be measured ,
H8711,C24,Plan too small to be measured ,
H8711,C25,Plan too small to be measured ,
H8711,C26,Plan too small to be measured ,
H8711,C27,Plan too small to be measured ,
H8711,C28,Not enough data available ,
H8711,C29,Not enough data available ,
H8711,C30,Not enough data available ,
H8711,C31,Not enough data available ,
H8711,C32,Not enough data available ,
H8711,C33,Not enough data available ,
H8711,D01,Not enough data available ,
H8711,D02,Not enough data available ,
H8711,D03,Not enough data available ,
H8711,D04,Not enough data available ,
H8711,D05,Plan too small to be measured ,
H8711,D06,Plan too small to be measured ,
H8711,D07,5,5
H8711,D08,Not enough data available ,
H8711,D09,2,2
H8711,D10,5,5
H8711,D11,Not enough data available ,
H8711,D12,Not enough data available,
H8764,C01,4,4
H8764,C02,5,5
H8764,C03,5,5
H8764,C04,4,4
H8764,C05,4,4
H8764,C06,5,5
H8764,C07,Plan not required to report measure ,
H8764,C08,Plan not required to report measure ,
H8764,C09,Plan not required to report measure ,
H8764,C10,4,4
H8764,C11,4,4
H8764,C12,3,3
H8764,C13,4,4
H8764,C14,2,2
H8764,C15,3,3
H8764,C16,3,3
H8764,C17,4,4
H8764,C18,3,3
H8764,C19,3,3
H8764,C20,4,4
H8764,C21,4,4
H8764,C22,2,2
H8764,C23,1,1
H8764,C24,4,4
H8764,C25,3,3
H8764,C26,4,4
H8764,C27,1,1
H8764,C28,5,5
H8764,C29,5,5
H8764,C30,3,3
H8764,C31,1,1
H8764,C32,3,3
H8764,C33,4,4
H8764,D01,3,3
H8764,D02,5,5
H8764,D03,5,5
H8764,D04,3,3
H8764,D05,2,2
H8764,D06,2,2
H8764,D07,4,4
H8764,D08,2,2
H8764,D09,2,2
H8764,D10,2,2
H8764,D11,2,2
H8764,D12,3,3
H8768,C01,4,4
H8768,C02,4,4
H8768,C03,4,4
H8768,C04,3,3
H8768,C05,4,4
H8768,C06,3,3
H8768,C07,Plan not required to report measure ,
H8768,C08,Plan not required to report measure ,
H8768,C09,Plan not required to report measure ,
H8768,C10,2,2
H8768,C11,5,5
H8768,C12,5,5
H8768,C13,3,3
H8768,C14,4,4
H8768,C15,2,2
H8768,C16,3,3
H8768,C17,3,3
H8768,C18,2,2
H8768,C19,3,3
H8768,C20,2,2
H8768,C21,2,2
H8768,C22,3,3
H8768,C23,3,3
H8768,C24,Not enough data available ,
H8768,C25,2,2
H8768,C26,1,1
H8768,C27,3,3
H8768,C28,4,4
H8768,C29,3,3
H8768,C30,5,5
H8768,C31,5,5
H8768,C32,4,4
H8768,C33,5,5
H8768,D01,5,5
H8768,D02,4,4
H8768,D03,3,3
H8768,D04,5,5
H8768,D05,1,1
H8768,D06,3,3
H8768,D07,5,5
H8768,D08,2,2
H8768,D09,4,4
H8768,D10,3,3
H8768,D11,4,4
H8768,D12,3,3
H8783,C01,4,4
H8783,C02,5,5
H8783,C03,5,5
H8783,C04,5,5
H8783,C05,5,5
H8783,C06,2,2
H8783,C07,Plan not required to report measure ,
H8783,C08,Plan not required to report measure ,
H8783,C09,Plan not required to report measure ,
H8783,C10,Not enough data available ,
H8783,C11,4,4
H8783,C12,5,5
H8783,C13,2,2
H8783,C14,3,3
H8783,C15,1,1
H8783,C16,2,2
H8783,C17,4,4
H8783,C18,2,2
H8783,C19,4,4
H8783,C20,4,4
H8783,C21,4,4
H8783,C22,4,4
H8783,C23,4,4
H8783,C24,3,3
H8783,C25,4,4
H8783,C26,4,4
H8783,C27,5,5
H8783,C28,5,5
H8783,C29,5,5
H8783,C30,3,3
H8783,C31,Not enough data available ,
H8783,C32,Not enough data available ,
H8783,C33,3,3
H8783,D01,4,4
H8783,D02,5,5
H8783,D03,5,5
H8783,D04,4,4
H8783,D05,4,4
H8783,D06,5,5
H8783,D07,5,5
H8783,D08,2,2
H8783,D09,4,4
H8783,D10,4,4
H8783,D11,3,3
H8783,D12,4,4
H8794,C01,4,4
H8794,C02,5,5
H8794,C03,Plan too small to be measured ,
H8794,C04,Plan too new to be measured ,
H8794,C05,Plan too new to be measured ,
H8794,C06,Plan too new to be measured ,
H8794,C07,4,4
H8794,C08,4,4
H8794,C09,3,3
H8794,C10,5,5
H8794,C11,5,5
H8794,C12,3,3
H8794,C13,5,5
H8794,C14,4,4
H8794,C15,Plan too new to be measured ,
H8794,C16,Plan too new to be measured ,
H8794,C17,5,5
H8794,C18,2,2
H8794,C19,5,5
H8794,C20,5,5
H8794,C21,5,5
H8794,C22,Plan too small to be measured ,
H8794,C23,Plan too small to be measured ,
H8794,C24,Plan too small to be measured ,
H8794,C25,Plan too small to be measured ,
H8794,C26,Plan too small to be measured ,
H8794,C27,Plan too small to be measured ,
H8794,C28,4,4
H8794,C29,5,5
H8794,C30,Not enough data available ,
H8794,C31,4,4
H8794,C32,4,4
H8794,C33,4,4
H8794,D01,4,4
H8794,D02,4,4
H8794,D03,5,5
H8794,D04,Not enough data available ,
H8794,D05,Plan too small to be measured ,
H8794,D06,Plan too small to be measured ,
H8794,D07,5,5
H8794,D08,4,4
H8794,D09,3,3
H8794,D10,3,3
H8794,D11,4,4
H8794,D12,4,4
H8797,C01,Not enough data available ,
H8797,C02,Not enough data available ,
H8797,C03,Plan too small to be measured ,
H8797,C04,Plan too small to be measured ,
H8797,C05,Plan too small to be measured ,
H8797,C06,No data available ,
H8797,C07,5,5
H8797,C08,4,4
H8797,C09,5,5
H8797,C10,Not enough data available ,
H8797,C11,Not enough data available ,
H8797,C12,Not enough data available ,
H8797,C13,Not enough data available ,
H8797,C14,Not enough data available ,
H8797,C15,No data available ,
H8797,C16,No data available ,
H8797,C17,Not enough data available ,
H8797,C18,No data available ,
H8797,C19,Not enough data available ,
H8797,C20,Not enough data available ,
H8797,C21,4,4
H8797,C22,Plan too small to be measured ,
H8797,C23,Plan too small to be measured ,
H8797,C24,Plan too small to be measured ,
H8797,C25,Plan too small to be measured ,
H8797,C26,Plan too small to be measured ,
H8797,C27,Plan too small to be measured ,
H8797,C28,Not enough data available ,
H8797,C29,Not enough data available ,
H8797,C30,Not enough data available ,
H8797,C31,Not enough data available ,
H8797,C32,Not enough data available ,
H8797,C33,4,4
H8797,D01,4,4
H8797,D02,Not enough data available ,
H8797,D03,Not enough data available ,
H8797,D04,3,3
H8797,D05,Plan too small to be measured ,
H8797,D06,Plan too small to be measured ,
H8797,D07,5,5
H8797,D08,4,4
H8797,D09,3,3
H8797,D10,5,5
H8797,D11,5,5
H8797,D12,5,5
H8832,C01,Plan too new to be measured ,
H8832,C02,Plan too new to be measured ,
H8832,C03,Plan too new to be measured ,
H8832,C04,Plan too new to be measured ,
H8832,C05,Plan too new to be measured ,
H8832,C06,Plan too new to be measured ,
H8832,C07,Plan not required to report measure ,
H8832,C08,Plan not required to report measure ,
H8832,C09,Plan not required to report measure ,
H8832,C10,Plan too new to be measured ,
H8832,C11,Plan too new to be measured ,
H8832,C12,Plan too new to be measured ,
H8832,C13,Plan too new to be measured ,
H8832,C14,Plan too new to be measured ,
H8832,C15,Plan too new to be measured ,
H8832,C16,Plan too new to be measured ,
H8832,C17,Plan too new to be measured ,
H8832,C18,Plan too new to be measured ,
H8832,C19,Plan too new to be measured ,
H8832,C20,Plan too new to be measured ,
H8832,C21,Plan too new to be measured ,
H8832,C22,Plan too new to be measured ,
H8832,C23,Plan too new to be measured ,
H8832,C24,Plan too new to be measured ,
H8832,C25,Plan too new to be measured ,
H8832,C26,Plan too new to be measured ,
H8832,C27,Plan too new to be measured ,
H8832,C28,Plan too new to be measured ,
H8832,C29,Not enough data available ,
H8832,C30,Plan too new to be measured ,
H8832,C31,Not enough data available ,
H8832,C32,Not enough data available ,
H8832,C33,5,5
H8832,D01,5,5
H8832,D02,Plan too new to be measured ,
H8832,D03,Not enough data available ,
H8832,D04,Plan too new to be measured ,
H8832,D05,Plan too new to be measured ,
H8832,D06,Plan too new to be measured ,
H8832,D07,Plan too new to be measured ,
H8832,D08,Plan too new to be measured ,
H8832,D09,Plan too new to be measured ,
H8832,D10,Plan too new to be measured ,
H8832,D11,Plan too new to be measured ,
H8832,D12,Plan too new to be measured,
H8845,C01,Plan too small to be measured ,
H8845,C02,Plan too small to be measured ,
H8845,C03,Plan too small to be measured ,
H8845,C04,Plan too small to be measured ,
H8845,C05,Plan too small to be measured ,
H8845,C06,Plan too small to be measured ,
H8845,C07,2,2
H8845,C08,2,2
H8845,C09,2,2
H8845,C10,Plan too small to be measured ,
H8845,C11,Plan too small to be measured ,
H8845,C12,Plan too small to be measured ,
H8845,C13,Plan too small to be measured ,
H8845,C14,Plan too small to be measured ,
H8845,C15,Plan too small to be measured ,
H8845,C16,Plan too small to be measured ,
H8845,C17,Plan too small to be measured ,
H8845,C18,Plan too small to be measured ,
H8845,C19,Plan too small to be measured ,
H8845,C20,Plan too small to be measured ,
H8845,C21,Plan too small to be measured ,
H8845,C22,Plan too small to be measured ,
H8845,C23,Plan too small to be measured ,
H8845,C24,Plan too small to be measured ,
H8845,C25,Plan too small to be measured ,
H8845,C26,Plan too small to be measured ,
H8845,C27,Plan too small to be measured ,
H8845,C28,Not enough data available ,
H8845,C29,Not enough data available ,
H8845,C30,Not enough data available ,
H8845,C31,Not enough data available ,
H8845,C32,Not enough data available ,
H8845,C33,5,5
H8845,D01,5,5
H8845,D02,Not enough data available ,
H8845,D03,Not enough data available ,
H8845,D04,3,3
H8845,D05,Plan too small to be measured ,
H8845,D06,Plan too small to be measured ,
H8845,D07,5,5
H8845,D08,4,4
H8845,D09,2,2
H8845,D10,4,4
H8845,D11,Not enough data available ,
H8845,D12,3,3
H8849,C01,3,3
H8849,C02,4,4
H8849,C03,4,4
H8849,C04,Not enough data available ,
H8849,C05,Not enough data available ,
H8849,C06,4,4
H8849,C07,1,1
H8849,C08,4,4
H8849,C09,4,4
H8849,C10,4,4
H8849,C11,3,3
H8849,C12,3,3
H8849,C13,4,4
H8849,C14,3,3
H8849,C15,5,5
H8849,C16,Not enough data available ,
H8849,C17,3,3
H8849,C18,3,3
H8849,C19,4,4
H8849,C20,2,2
H8849,C21,2,2
H8849,C22,3,3
H8849,C23,Not enough data available ,
H8849,C24,Not enough data available ,
H8849,C25,2,2
H8849,C26,3,3
H8849,C27,Not enough data available ,
H8849,C28,4,4
H8849,C29,3,3
H8849,C30,5,5
H8849,C31,5,5
H8849,C32,4,4
H8849,C33,5,5
H8849,D01,5,5
H8849,D02,4,4
H8849,D03,3,3
H8849,D04,5,5
H8849,D05,3,3
H8849,D06,Not enough data available ,
H8849,D07,5,5
H8849,D08,3,3
H8849,D09,2,2
H8849,D10,2,2
H8849,D11,4,4
H8849,D12,5,5
H8854,C01,3,3
H8854,C02,3,3
H8854,C03,3,3
H8854,C04,4,4
H8854,C05,5,5
H8854,C06,3,3
H8854,C07,3,3
H8854,C08,4,4
H8854,C09,4,4
H8854,C10,Not enough data available ,
H8854,C11,3,3
H8854,C12,3,3
H8854,C13,3,3
H8854,C14,2,2
H8854,C15,5,5
H8854,C16,Not enough data available ,
H8854,C17,4,4
H8854,C18,1,1
H8854,C19,3,3
H8854,C20,3,3
H8854,C21,2,2
H8854,C22,4,4
H8854,C23,4,4
H8854,C24,3,3
H8854,C25,2,2
H8854,C26,4,4
H8854,C27,3,3
H8854,C28,4,4
H8854,C29,4,4
H8854,C30,4,4
H8854,C31,3,3
H8854,C32,2,2
H8854,C33,4,4
H8854,D01,4,4
H8854,D02,4,4
H8854,D03,4,4
H8854,D04,2,2
H8854,D05,2,2
H8854,D06,1,1
H8854,D07,4,4
H8854,D08,1,1
H8854,D09,1,1
H8854,D10,1,1
H8854,D11,3,3
H8854,D12,4,4
H8879,C01,Plan too new to be measured ,
H8879,C02,Plan too new to be measured ,
H8879,C03,Plan too new to be measured ,
H8879,C04,Plan too new to be measured ,
H8879,C05,Plan too new to be measured ,
H8879,C06,Plan too new to be measured ,
H8879,C07,Plan not required to report measure ,
H8879,C08,Plan not required to report measure ,
H8879,C09,Plan not required to report measure ,
H8879,C10,Plan too new to be measured ,
H8879,C11,Plan too new to be measured ,
H8879,C12,Plan too new to be measured ,
H8879,C13,Plan too new to be measured ,
H8879,C14,Plan too new to be measured ,
H8879,C15,Plan too new to be measured ,
H8879,C16,Plan too new to be measured ,
H8879,C17,Plan too new to be measured ,
H8879,C18,Plan too new to be measured ,
H8879,C19,Plan too new to be measured ,
H8879,C20,Plan too new to be measured ,
H8879,C21,Plan too new to be measured ,
H8879,C22,Plan too new to be measured ,
H8879,C23,Plan too new to be measured ,
H8879,C24,Plan too new to be measured ,
H8879,C25,Plan too new to be measured ,
H8879,C26,Plan too new to be measured ,
H8879,C27,Plan too new to be measured ,
H8879,C28,Plan too new to be measured ,
H8879,C29,Not enough data available ,
H8879,C30,Plan too new to be measured ,
H8879,C31,Not enough data available ,
H8879,C32,Not enough data available ,
H8879,C33,3,3
H8879,D01,3,3
H8879,D02,Plan too new to be measured ,
H8879,D03,Not enough data available ,
H8879,D04,Plan too new to be measured ,
H8879,D05,Plan too new to be measured ,
H8879,D06,Plan too new to be measured ,
H8879,D07,Plan too new to be measured ,
H8879,D08,Plan too new to be measured ,
H8879,D09,Plan too new to be measured ,
H8879,D10,Plan too new to be measured ,
H8879,D11,Plan too new to be measured ,
H8879,D12,Plan too new to be measured,
H8889,C01,4,4
H8889,C02,5,5
H8889,C03,5,5
H8889,C04,4,4
H8889,C05,4,4
H8889,C06,3,3
H8889,C07,No data available ,
H8889,C08,No data available ,
H8889,C09,No data available ,
H8889,C10,1,1
H8889,C11,4,4
H8889,C12,4,4
H8889,C13,3,3
H8889,C14,4,4
H8889,C15,1,1
H8889,C16,4,4
H8889,C17,4,4
H8889,C18,3,3
H8889,C19,3,3
H8889,C20,4,4
H8889,C21,3,3
H8889,C22,4,4
H8889,C23,4,4
H8889,C24,3,3
H8889,C25,4,4
H8889,C26,2,2
H8889,C27,5,5
H8889,C28,5,5
H8889,C29,5,5
H8889,C30,3,3
H8889,C31,3,3
H8889,C32,2,2
H8889,C33,4,4
H8889,D01,4,4
H8889,D02,5,5
H8889,D03,5,5
H8889,D04,2,2
H8889,D05,2,2
H8889,D06,3,3
H8889,D07,5,5
H8889,D08,4,4
H8889,D09,4,4
H8889,D10,4,4
H8889,D11,3,3
H8889,D12,3,3
H8894,C01,3,3
H8894,C02,4,4
H8894,C03,2,2
H8894,C04,Plan too new to be measured ,
H8894,C05,Plan too new to be measured ,
H8894,C06,3,3
H8894,C07,2,2
H8894,C08,3,3
H8894,C09,3,3
H8894,C10,3,3
H8894,C11,3,3
H8894,C12,3,3
H8894,C13,4,4
H8894,C14,2,2
H8894,C15,5,5
H8894,C16,Not enough data available ,
H8894,C17,4,4
H8894,C18,2,2
H8894,C19,3,3
H8894,C20,2,2
H8894,C21,2,2
H8894,C22,2,2
H8894,C23,1,1
H8894,C24,3,3
H8894,C25,2,2
H8894,C26,5,5
H8894,C27,1,1
H8894,C28,4,4
H8894,C29,5,5
H8894,C30,4,4
H8894,C31,3,3
H8894,C32,2,2
H8894,C33,3,3
H8894,D01,3,3
H8894,D02,4,4
H8894,D03,5,5
H8894,D04,5,5
H8894,D05,4,4
H8894,D06,2,2
H8894,D07,4,4
H8894,D08,2,2
H8894,D09,2,2
H8894,D10,1,1
H8894,D11,1,1
H8894,D12,4,4
H8902,C01,Plan too small to be measured ,
H8902,C02,Plan too small to be measured ,
H8902,C03,Plan too small to be measured ,
H8902,C04,Plan too new to be measured ,
H8902,C05,Plan too new to be measured ,
H8902,C06,Plan too small to be measured ,
H8902,C07,5,5
H8902,C08,Not enough data available ,
H8902,C09,Not enough data available ,
H8902,C10,Plan too small to be measured ,
H8902,C11,Plan too small to be measured ,
H8902,C12,Plan too small to be measured ,
H8902,C13,Plan too small to be measured ,
H8902,C14,Plan too small to be measured ,
H8902,C15,Plan too small to be measured ,
H8902,C16,Plan too small to be measured ,
H8902,C17,Plan too small to be measured ,
H8902,C18,Plan too small to be measured ,
H8902,C19,Plan too small to be measured ,
H8902,C20,Plan too small to be measured ,
H8902,C21,Plan too small to be measured ,
H8902,C22,Plan too small to be measured ,
H8902,C23,Plan too small to be measured ,
H8902,C24,Plan too small to be measured ,
H8902,C25,Plan too small to be measured ,
H8902,C26,Plan too small to be measured ,
H8902,C27,Plan too small to be measured ,
H8902,C28,Not enough data available ,
H8902,C29,Not enough data available ,
H8902,C30,Not enough data available ,
H8902,C31,Not enough data available ,
H8902,C32,Not enough data available ,
H8902,C33,4,4
H8902,D01,5,5
H8902,D02,Not enough data available ,
H8902,D03,Not enough data available ,
H8902,D04,Not enough data available ,
H8902,D05,Plan too small to be measured ,
H8902,D06,Plan too small to be measured ,
H8902,D07,5,5
H8902,D08,2,2
H8902,D09,3,3
H8902,D10,5,5
H8902,D11,Not required to report ,
H8902,D12,4,4
H8908,C01,2,2
H8908,C02,3,3
H8908,C03,2,2
H8908,C04,Not enough data available ,
H8908,C05,Not enough data available ,
H8908,C06,3,3
H8908,C07,4,4
H8908,C08,4,4
H8908,C09,4,4
H8908,C10,1,1
H8908,C11,3,3
H8908,C12,3,3
H8908,C13,3,3
H8908,C14,3,3
H8908,C15,5,5
H8908,C16,Not enough data available ,
H8908,C17,4,4
H8908,C18,2,2
H8908,C19,4,4
H8908,C20,3,3
H8908,C21,2,2
H8908,C22,3,3
H8908,C23,Not enough data available ,
H8908,C24,3,3
H8908,C25,3,3
H8908,C26,2,2
H8908,C27,Not enough data available ,
H8908,C28,4,4
H8908,C29,2,2
H8908,C30,3,3
H8908,C31,5,5
H8908,C32,4,4
H8908,C33,5,5
H8908,D01,5,5
H8908,D02,4,4
H8908,D03,2,2
H8908,D04,2,2
H8908,D05,3,3
H8908,D06,3,3
H8908,D07,1,1
H8908,D08,2,2
H8908,D09,2,2
H8908,D10,2,2
H8908,D11,3,3
H8908,D12,4,4
H8917,C01,Plan too new to be measured ,
H8917,C02,Plan too new to be measured ,
H8917,C03,Plan too new to be measured ,
H8917,C04,Plan too new to be measured ,
H8917,C05,Plan too new to be measured ,
H8917,C06,Plan too new to be measured ,
H8917,C07,Plan too new to be measured ,
H8917,C08,Plan too new to be measured ,
H8917,C09,Plan too new to be measured ,
H8917,C10,Plan too new to be measured ,
H8917,C11,Plan too new to be measured ,
H8917,C12,Plan too new to be measured ,
H8917,C13,Plan too new to be measured ,
H8917,C14,Plan too new to be measured ,
H8917,C15,Plan too new to be measured ,
H8917,C16,Plan too new to be measured ,
H8917,C17,Plan too new to be measured ,
H8917,C18,Plan too new to be measured ,
H8917,C19,Plan too new to be measured ,
H8917,C20,Plan too new to be measured ,
H8917,C21,Plan too new to be measured ,
H8917,C22,Plan too new to be measured ,
H8917,C23,Plan too new to be measured ,
H8917,C24,Plan too new to be measured ,
H8917,C25,Plan too new to be measured ,
H8917,C26,Plan too new to be measured ,
H8917,C27,Plan too new to be measured ,
H8917,C28,Plan too new to be measured ,
H8917,C29,Not enough data available ,
H8917,C30,Plan too new to be measured ,
H8917,C31,Not enough data available ,
H8917,C32,Not enough data available ,
H8917,C33,4,4
H8917,D01,5,5
H8917,D02,Plan too new to be measured ,
H8917,D03,Not enough data available ,
H8917,D04,Plan too new to be measured ,
H8917,D05,Plan too new to be measured ,
H8917,D06,Plan too new to be measured ,
H8917,D07,Plan too new to be measured ,
H8917,D08,Plan too new to be measured ,
H8917,D09,Plan too new to be measured ,
H8917,D10,Plan too new to be measured ,
H8917,D11,Plan too new to be measured ,
H8917,D12,Plan too new to be measured,
H8928,C01,3,3
H8928,C02,3,3
H8928,C03,5,5
H8928,C04,Plan too new to be measured ,
H8928,C05,Plan too new to be measured ,
H8928,C06,5,5
H8928,C07,5,5
H8928,C08,4,4
H8928,C09,5,5
H8928,C10,5,5
H8928,C11,4,4
H8928,C12,3,3
H8928,C13,3,3
H8928,C14,4,4
H8928,C15,5,5
H8928,C16,5,5
H8928,C17,5,5
H8928,C18,3,3
H8928,C19,5,5
H8928,C20,3,3
H8928,C21,5,5
H8928,C22,2,2
H8928,C23,2,2
H8928,C24,4,4
H8928,C25,4,4
H8928,C26,5,5
H8928,C27,3,3
H8928,C28,5,5
H8928,C29,5,5
H8928,C30,5,5
H8928,C31,5,5
H8928,C32,2,2
H8928,C33,3,3
H8928,D01,3,3
H8928,D02,5,5
H8928,D03,5,5
H8928,D04,3,3
H8928,D05,5,5
H8928,D06,3,3
H8928,D07,4,4
H8928,D08,4,4
H8928,D09,3,3
H8928,D10,3,3
H8928,D11,4,4
H8928,D12,5,5
H8947,C01,Not enough data available ,
H8947,C02,Not enough data available ,
H8947,C03,4,4
H8947,C04,Plan too new to be measured ,
H8947,C05,Plan too new to be measured ,
H8947,C06,Plan too new to be measured ,
H8947,C07,Plan not required to report measure ,
H8947,C08,Plan not required to report measure ,
H8947,C09,Plan not required to report measure ,
H8947,C10,Not enough data available ,
H8947,C11,3,3
H8947,C12,5,5
H8947,C13,5,5
H8947,C14,2,2
H8947,C15,Plan too new to be measured ,
H8947,C16,Plan too new to be measured ,
H8947,C17,5,5
H8947,C18,No data available ,
H8947,C19,Not enough data available ,
H8947,C20,4,4
H8947,C21,Not enough data available ,
H8947,C22,5,5
H8947,C23,5,5
H8947,C24,5,5
H8947,C25,5,5
H8947,C26,5,5
H8947,C27,5,5
H8947,C28,3,3
H8947,C29,4,4
H8947,C30,Not enough data available ,
H8947,C31,2,2
H8947,C32,2,2
H8947,C33,3,3
H8947,D01,3,3
H8947,D02,3,3
H8947,D03,4,4
H8947,D04,Not enough data available ,
H8947,D05,5,5
H8947,D06,5,5
H8947,D07,5,5
H8947,D08,3,3
H8947,D09,3,3
H8947,D10,2,2
H8947,D11,4,4
H8947,D12,1,1
H8967,C01,Plan too small to be measured ,
H8967,C02,Plan too small to be measured ,
H8967,C03,Plan too small to be measured ,
H8967,C04,Not enough data available ,
H8967,C05,Not enough data available ,
H8967,C06,Plan too small to be measured ,
H8967,C07,4,4
H8967,C08,5,5
H8967,C09,5,5
H8967,C10,Plan too small to be measured ,
H8967,C11,Plan too small to be measured ,
H8967,C12,Plan too small to be measured ,
H8967,C13,Plan too small to be measured ,
H8967,C14,Plan too small to be measured ,
H8967,C15,Plan too small to be measured ,
H8967,C16,Plan too small to be measured ,
H8967,C17,Plan too small to be measured ,
H8967,C18,Plan too small to be measured ,
H8967,C19,Plan too small to be measured ,
H8967,C20,Plan too small to be measured ,
H8967,C21,Plan too small to be measured ,
H8967,C22,Plan too small to be measured ,
H8967,C23,Plan too small to be measured ,
H8967,C24,Plan too small to be measured ,
H8967,C25,Plan too small to be measured ,
H8967,C26,Plan too small to be measured ,
H8967,C27,Plan too small to be measured ,
H8967,C28,Not enough data available ,
H8967,C29,Not enough data available ,
H8967,C30,Not enough data available ,
H8967,C31,Not enough data available ,
H8967,C32,Not enough data available ,
H8967,C33,4,4
H8967,D01,4,4
H8967,D02,Not enough data available ,
H8967,D03,Not enough data available ,
H8967,D04,Not enough data available ,
H8967,D05,Plan too small to be measured ,
H8967,D06,Plan too small to be measured ,
H8967,D07,5,5
H8967,D08,Not enough data available ,
H8967,D09,5,5
H8967,D10,5,5
H8967,D11,4,4
H8967,D12,Not enough data available,
H9001,C01,4,4
H9001,C02,4,4
H9001,C03,5,5
H9001,C04,4,4
H9001,C05,2,2
H9001,C06,2,2
H9001,C07,Plan not required to report measure ,
H9001,C08,Plan not required to report measure ,
H9001,C09,Plan not required to report measure ,
H9001,C10,4,4
H9001,C11,3,3
H9001,C12,3,3
H9001,C13,4,4
H9001,C14,3,3
H9001,C15,2,2
H9001,C16,3,3
H9001,C17,4,4
H9001,C18,3,3
H9001,C19,5,5
H9001,C20,3,3
H9001,C21,5,5
H9001,C22,4,4
H9001,C23,4,4
H9001,C24,5,5
H9001,C25,4,4
H9001,C26,4,4
H9001,C27,3,3
H9001,C28,5,5
H9001,C29,5,5
H9001,C30,4,4
H9001,C31,5,5
H9001,C32,2,2
H9001,C33,3,3
H9001,D01,4,4
H9001,D02,5,5
H9001,D03,5,5
H9001,D04,3,3
H9001,D05,3,3
H9001,D06,4,4
H9001,D07,5,5
H9001,D08,3,3
H9001,D09,4,4
H9001,D10,4,4
H9001,D11,3,3
H9001,D12,4,4
H9003,C01,5,5
H9003,C02,5,5
H9003,C03,5,5
H9003,C04,3,3
H9003,C05,3,3
H9003,C06,4,4
H9003,C07,Plan not required to report measure ,
H9003,C08,Plan not required to report measure ,
H9003,C09,Plan not required to report measure ,
H9003,C10,5,5
H9003,C11,5,5
H9003,C12,5,5
H9003,C13,5,5
H9003,C14,5,5
H9003,C15,2,2
H9003,C16,3,3
H9003,C17,5,5
H9003,C18,4,4
H9003,C19,5,5
H9003,C20,5,5
H9003,C21,5,5
H9003,C22,1,1
H9003,C23,1,1
H9003,C24,3,3
H9003,C25,2,2
H9003,C26,4,4
H9003,C27,1,1
H9003,C28,5,5
H9003,C29,5,5
H9003,C30,4,4
H9003,C31,3,3
H9003,C32,4,4
H9003,C33,4,4
H9003,D01,4,4
H9003,D02,5,5
H9003,D03,5,5
H9003,D04,5,5
H9003,D05,5,5
H9003,D06,5,5
H9003,D07,5,5
H9003,D08,4,4
H9003,D09,5,5
H9003,D10,5,5
H9003,D11,4,4
H9003,D12,5,5
H9042,C01,4,4
H9042,C02,5,5
H9042,C03,4,4
H9042,C04,Plan too small to be measured ,
H9042,C05,Plan too small to be measured ,
H9042,C06,3,3
H9042,C07,Plan not required to report measure ,
H9042,C08,Plan not required to report measure ,
H9042,C09,Plan not required to report measure ,
H9042,C10,Not enough data available ,
H9042,C11,2,2
H9042,C12,3,3
H9042,C13,1,1
H9042,C14,3,3
H9042,C15,2,2
H9042,C16,4,4
H9042,C17,2,2
H9042,C18,No data available ,
H9042,C19,3,3
H9042,C20,3,3
H9042,C21,4,4
H9042,C22,5,5
H9042,C23,5,5
H9042,C24,5,5
H9042,C25,5,5
H9042,C26,4,4
H9042,C27,5,5
H9042,C28,5,5
H9042,C29,4,4
H9042,C30,2,2
H9042,C31,Not enough data available ,
H9042,C32,Not enough data available ,
H9042,C33,3,3
H9042,D01,3,3
H9042,D02,5,5
H9042,D03,4,4
H9042,D04,1,1
H9042,D05,3,3
H9042,D06,4,4
H9042,D07,4,4
H9042,D08,1,1
H9042,D09,3,3
H9042,D10,3,3
H9042,D11,3,3
H9042,D12,1,1
H9047,C01,4,4
H9047,C02,5,5
H9047,C03,5,5
H9047,C04,5,5
H9047,C05,3,3
H9047,C06,4,4
H9047,C07,4,4
H9047,C08,5,5
H9047,C09,4,4
H9047,C10,3,3
H9047,C11,4,4
H9047,C12,4,4
H9047,C13,4,4
H9047,C14,4,4
H9047,C15,1,1
H9047,C16,4,4
H9047,C17,5,5
H9047,C18,4,4
H9047,C19,4,4
H9047,C20,5,5
H9047,C21,3,3
H9047,C22,1,1
H9047,C23,2,2
H9047,C24,3,3
H9047,C25,3,3
H9047,C26,4,4
H9047,C27,3,3
H9047,C28,5,5
H9047,C29,5,5
H9047,C30,4,4
H9047,C31,5,5
H9047,C32,3,3
H9047,C33,4,4
H9047,D01,5,5
H9047,D02,5,5
H9047,D03,5,5
H9047,D04,5,5
H9047,D05,2,2
H9047,D06,2,2
H9047,D07,4,4
H9047,D08,3,3
H9047,D09,4,4
H9047,D10,4,4
H9047,D11,3,3
H9047,D12,3,3
H9065,C01,4,4
H9065,C02,4,4
H9065,C03,3,3
H9065,C04,5,5
H9065,C05,3,3
H9065,C06,2,2
H9065,C07,2,2
H9065,C08,5,5
H9065,C09,3,3
H9065,C10,2,2
H9065,C11,3,3
H9065,C12,3,3
H9065,C13,3,3
H9065,C14,2,2
H9065,C15,2,2
H9065,C16,2,2
H9065,C17,5,5
H9065,C18,3,3
H9065,C19,3,3
H9065,C20,4,4
H9065,C21,2,2
H9065,C22,2,2
H9065,C23,Not enough data available ,
H9065,C24,2,2
H9065,C25,2,2
H9065,C26,1,1
H9065,C27,2,2
H9065,C28,4,4
H9065,C29,3,3
H9065,C30,3,3
H9065,C31,3,3
H9065,C32,5,5
H9065,C33,5,5
H9065,D01,5,5
H9065,D02,4,4
H9065,D03,3,3
H9065,D04,5,5
H9065,D05,1,1
H9065,D06,3,3
H9065,D07,5,5
H9065,D08,4,4
H9065,D09,4,4
H9065,D10,4,4
H9065,D11,5,5
H9065,D12,2,2
H9066,C01,Not enough data available ,
H9066,C02,1,1
H9066,C03,Plan too small to be measured ,
H9066,C04,Plan too small to be measured ,
H9066,C05,Plan too small to be measured ,
H9066,C06,Plan too small to be measured ,
H9066,C07,5,5
H9066,C08,1,1
H9066,C09,1,1
H9066,C10,Not enough data available ,
H9066,C11,No data available ,
H9066,C12,1,1
H9066,C13,2,2
H9066,C14,No data available ,
H9066,C15,Plan too small to be measured ,
H9066,C16,Plan too small to be measured ,
H9066,C17,1,1
H9066,C18,No data available ,
H9066,C19,Not enough data available ,
H9066,C20,1,1
H9066,C21,No data available ,
H9066,C22,Plan too small to be measured ,
H9066,C23,Plan too small to be measured ,
H9066,C24,Plan too small to be measured ,
H9066,C25,Plan too small to be measured ,
H9066,C26,Plan too small to be measured ,
H9066,C27,Plan too small to be measured ,
H9066,C28,Not enough data available ,
H9066,C29,Not enough data available ,
H9066,C30,Not enough data available ,
H9066,C31,Not enough data available ,
H9066,C32,Not enough data available ,
H9066,C33,3,3
H9066,D01,3,3
H9066,D02,Not enough data available ,
H9066,D03,Not enough data available ,
H9066,D04,3,3
H9066,D05,Plan too small to be measured ,
H9066,D06,Plan too small to be measured ,
H9066,D07,5,5
H9066,D08,1,1
H9066,D09,1,1
H9066,D10,1,1
H9066,D11,2,2
H9066,D12,5,5
H9096,C01,4,4
H9096,C02,5,5
H9096,C03,5,5
H9096,C04,5,5
H9096,C05,4,4
H9096,C06,3,3
H9096,C07,Plan not required to report measure ,
H9096,C08,Plan not required to report measure ,
H9096,C09,Plan not required to report measure ,
H9096,C10,1,1
H9096,C11,4,4
H9096,C12,4,4
H9096,C13,4,4
H9096,C14,4,4
H9096,C15,1,1
H9096,C16,3,3
H9096,C17,5,5
H9096,C18,2,2
H9096,C19,5,5
H9096,C20,5,5
H9096,C21,2,2
H9096,C22,2,2
H9096,C23,3,3
H9096,C24,5,5
H9096,C25,2,2
H9096,C26,2,2
H9096,C27,4,4
H9096,C28,4,4
H9096,C29,5,5
H9096,C30,3,3
H9096,C31,5,5
H9096,C32,4,4
H9096,C33,4,4
H9096,D01,4,4
H9096,D02,4,4
H9096,D03,5,5
H9096,D04,3,3
H9096,D05,2,2
H9096,D06,4,4
H9096,D07,5,5
H9096,D08,5,5
H9096,D09,5,5
H9096,D10,4,4
H9096,D11,3,3
H9096,D12,4,4
H9147,C01,2,2
H9147,C02,3,3
H9147,C03,2,2
H9147,C04,Not enough data available ,
H9147,C05,Not enough data available ,
H9147,C06,3,3
H9147,C07,2,2
H9147,C08,4,4
H9147,C09,4,4
H9147,C10,Not enough data available ,
H9147,C11,2,2
H9147,C12,3,3
H9147,C13,2,2
H9147,C14,4,4
H9147,C15,4,4
H9147,C16,Not enough data available ,
H9147,C17,3,3
H9147,C18,2,2
H9147,C19,1,1
H9147,C20,3,3
H9147,C21,2,2
H9147,C22,3,3
H9147,C23,4,4
H9147,C24,3,3
H9147,C25,4,4
H9147,C26,4,4
H9147,C27,Not enough data available ,
H9147,C28,3,3
H9147,C29,3,3
H9147,C30,4,4
H9147,C31,Not enough data available ,
H9147,C32,Not enough data available ,
H9147,C33,4,4
H9147,D01,3,3
H9147,D02,3,3
H9147,D03,3,3
H9147,D04,4,4
H9147,D05,4,4
H9147,D06,4,4
H9147,D07,5,5
H9147,D08,3,3
H9147,D09,2,2
H9147,D10,2,2
H9147,D11,4,4
H9147,D12,3,3
H9153,C01,Not enough data available ,
H9153,C02,1,1
H9153,C03,Plan too small to be measured ,
H9153,C04,Not enough data available ,
H9153,C05,Not enough data available ,
H9153,C06,No data available ,
H9153,C07,5,5
H9153,C08,1,1
H9153,C09,1,1
H9153,C10,Not enough data available ,
H9153,C11,1,1
H9153,C12,1,1
H9153,C13,1,1
H9153,C14,Not enough data available ,
H9153,C15,No data available ,
H9153,C16,No data available ,
H9153,C17,Not enough data available ,
H9153,C18,2,2
H9153,C19,Not enough data available ,
H9153,C20,Not enough data available ,
H9153,C21,Not enough data available ,
H9153,C22,Plan too small to be measured ,
H9153,C23,Plan too small to be measured ,
H9153,C24,Plan too small to be measured ,
H9153,C25,Plan too small to be measured ,
H9153,C26,Plan too small to be measured ,
H9153,C27,Plan too small to be measured ,
H9153,C28,4,4
H9153,C29,5,5
H9153,C30,Not enough data available ,
H9153,C31,Not enough data available ,
H9153,C32,Not enough data available ,
H9153,C33,3,3
H9153,D01,3,3
H9153,D02,4,4
H9153,D03,5,5
H9153,D04,2,2
H9153,D05,Plan too small to be measured ,
H9153,D06,Plan too small to be measured ,
H9153,D07,5,5
H9153,D08,3,3
H9153,D09,4,4
H9153,D10,4,4
H9153,D11,4,4
H9153,D12,3,3
H9179,C01,Not enough data available ,
H9179,C02,Not enough data available ,
H9179,C03,3,3
H9179,C04,Plan too new to be measured ,
H9179,C05,Plan too new to be measured ,
H9179,C06,Plan too new to be measured ,
H9179,C07,Plan not required to report measure ,
H9179,C08,Plan not required to report measure ,
H9179,C09,Plan not required to report measure ,
H9179,C10,Not enough data available ,
H9179,C11,2,2
H9179,C12,5,5
H9179,C13,4,4
H9179,C14,5,5
H9179,C15,Plan too new to be measured ,
H9179,C16,Plan too new to be measured ,
H9179,C17,4,4
H9179,C18,No data available ,
H9179,C19,Not enough data available ,
H9179,C20,3,3
H9179,C21,Not enough data available ,
H9179,C22,4,4
H9179,C23,5,5
H9179,C24,5,5
H9179,C25,4,4
H9179,C26,2,2
H9179,C27,5,5
H9179,C28,4,4
H9179,C29,4,4
H9179,C30,Not enough data available ,
H9179,C31,Not enough data available ,
H9179,C32,Not enough data available ,
H9179,C33,4,4
H9179,D01,3,3
H9179,D02,4,4
H9179,D03,4,4
H9179,D04,Not enough data available ,
H9179,D05,2,2
H9179,D06,4,4
H9179,D07,5,5
H9179,D08,4,4
H9179,D09,3,3
H9179,D10,3,3
H9179,D11,3,3
H9179,D12,4,4
H9191,C01,2,2
H9191,C02,4,4
H9191,C03,Plan too small to be measured ,
H9191,C04,Not enough data available ,
H9191,C05,Not enough data available ,
H9191,C06,No data available ,
H9191,C07,5,5
H9191,C08,5,5
H9191,C09,5,5
H9191,C10,Not enough data available ,
H9191,C11,5,5
H9191,C12,5,5
H9191,C13,5,5
H9191,C14,Not enough data available ,
H9191,C15,No data available ,
H9191,C16,No data available ,
H9191,C17,Not enough data available ,
H9191,C18,2,2
H9191,C19,Not enough data available ,
H9191,C20,Not enough data available ,
H9191,C21,5,5
H9191,C22,Plan too small to be measured ,
H9191,C23,Plan too small to be measured ,
H9191,C24,Plan too small to be measured ,
H9191,C25,Plan too small to be measured ,
H9191,C26,Plan too small to be measured ,
H9191,C27,Plan too small to be measured ,
H9191,C28,5,5
H9191,C29,5,5
H9191,C30,5,5
H9191,C31,Not enough data available ,
H9191,C32,Not enough data available ,
H9191,C33,3,3
H9191,D01,4,4
H9191,D02,5,5
H9191,D03,5,5
H9191,D04,4,4
H9191,D05,Plan too small to be measured ,
H9191,D06,Plan too small to be measured ,
H9191,D07,5,5
H9191,D08,5,5
H9191,D09,3,3
H9191,D10,4,4
H9191,D11,5,5
H9191,D12,3,3
H9207,C01,4,4
H9207,C02,4,4
H9207,C03,4,4
H9207,C04,Not enough data available ,
H9207,C05,Not enough data available ,
H9207,C06,4,4
H9207,C07,4,4
H9207,C08,4,4
H9207,C09,4,4
H9207,C10,Not enough data available ,
H9207,C11,3,3
H9207,C12,3,3
H9207,C13,4,4
H9207,C14,3,3
H9207,C15,5,5
H9207,C16,Not enough data available ,
H9207,C17,3,3
H9207,C18,1,1
H9207,C19,5,5
H9207,C20,3,3
H9207,C21,3,3
H9207,C22,3,3
H9207,C23,3,3
H9207,C24,4,4
H9207,C25,3,3
H9207,C26,4,4
H9207,C27,Not enough data available ,
H9207,C28,4,4
H9207,C29,4,4
H9207,C30,3,3
H9207,C31,5,5
H9207,C32,3,3
H9207,C33,3,3
H9207,D01,4,4
H9207,D02,4,4
H9207,D03,4,4
H9207,D04,3,3
H9207,D05,4,4
H9207,D06,Not enough data available ,
H9207,D07,5,5
H9207,D08,3,3
H9207,D09,3,3
H9207,D10,2,2
H9207,D11,4,4
H9207,D12,5,5
H9219,C01,3,3
H9219,C02,4,4
H9219,C03,Plan too small to be measured ,
H9219,C04,Not enough data available ,
H9219,C05,Not enough data available ,
H9219,C06,2,2
H9219,C07,Plan not required to report measure ,
H9219,C08,Plan not required to report measure ,
H9219,C09,Plan not required to report measure ,
H9219,C10,Not enough data available ,
H9219,C11,2,2
H9219,C12,2,2
H9219,C13,3,3
H9219,C14,3,3
H9219,C15,Not enough data available ,
H9219,C16,Not enough data available ,
H9219,C17,5,5
H9219,C18,No data available ,
H9219,C19,No data available ,
H9219,C20,4,4
H9219,C21,No data available ,
H9219,C22,Plan too small to be measured ,
H9219,C23,Plan too small to be measured ,
H9219,C24,Plan too small to be measured ,
H9219,C25,Plan too small to be measured ,
H9219,C26,Plan too small to be measured ,
H9219,C27,Plan too small to be measured ,
H9219,C28,Not enough data available ,
H9219,C29,Not enough data available ,
H9219,C30,Not enough data available ,
H9219,C31,Not enough data available ,
H9219,C32,Not enough data available ,
H9219,C33,5,5
H9219,D01,Plan not required to report measure ,
H9219,D02,Plan not required to report measure ,
H9219,D03,Plan not required to report measure ,
H9219,D04,Plan not required to report measure ,
H9219,D05,Plan not required to report measure ,
H9219,D06,Plan not required to report measure ,
H9219,D07,Plan not required to report measure ,
H9219,D08,Plan not required to report measure ,
H9219,D09,Plan not required to report measure ,
H9219,D10,Plan not required to report measure ,
H9219,D11,Plan not required to report measure ,
H9219,D12,Plan not required to report measure,
H9231,C01,Not enough data available ,
H9231,C02,4,4
H9231,C03,1,1
H9231,C04,Plan too new to be measured ,
H9231,C05,Plan too new to be measured ,
H9231,C06,1,1
H9231,C07,No data available ,
H9231,C08,No data available ,
H9231,C09,No data available ,
H9231,C10,Not enough data available ,
H9231,C11,3,3
H9231,C12,4,4
H9231,C13,4,4
H9231,C14,4,4
H9231,C15,Not enough data available ,
H9231,C16,Not enough data available ,
H9231,C17,5,5
H9231,C18,No data available ,
H9231,C19,Not enough data available ,
H9231,C20,3,3
H9231,C21,Not enough data available ,
H9231,C22,3,3
H9231,C23,4,4
H9231,C24,4,4
H9231,C25,2,2
H9231,C26,1,1
H9231,C27,Not enough data available ,
H9231,C28,3,3
H9231,C29,1,1
H9231,C30,Not enough data available ,
H9231,C31,Not enough data available ,
H9231,C32,Not enough data available ,
H9231,C33,4,4
H9231,D01,5,5
H9231,D02,3,3
H9231,D03,1,1
H9231,D04,Not enough data available ,
H9231,D05,3,3
H9231,D06,Not enough data available ,
H9231,D07,5,5
H9231,D08,2,2
H9231,D09,4,4
H9231,D10,4,4
H9231,D11,Not enough data available ,
H9231,D12,4,4
H9306,C01,3,3
H9306,C02,4,4
H9306,C03,3,3
H9306,C04,Plan too new to be measured ,
H9306,C05,Plan too new to be measured ,
H9306,C06,4,4
H9306,C07,4,4
H9306,C08,4,4
H9306,C09,4,4
H9306,C10,Not enough data available ,
H9306,C11,3,3
H9306,C12,3,3
H9306,C13,3,3
H9306,C14,3,3
H9306,C15,4,4
H9306,C16,2,2
H9306,C17,2,2
H9306,C18,2,2
H9306,C19,3,3
H9306,C20,2,2
H9306,C21,3,3
H9306,C22,4,4
H9306,C23,3,3
H9306,C24,4,4
H9306,C25,3,3
H9306,C26,4,4
H9306,C27,3,3
H9306,C28,3,3
H9306,C29,4,4
H9306,C30,4,4
H9306,C31,Not enough data available ,
H9306,C32,Not enough data available ,
H9306,C33,5,5
H9306,D01,5,5
H9306,D02,3,3
H9306,D03,4,4
H9306,D04,4,4
H9306,D05,4,4
H9306,D06,3,3
H9306,D07,5,5
H9306,D08,1,1
H9306,D09,2,2
H9306,D10,1,1
H9306,D11,3,3
H9306,D12,3,3
H9314,C01,Plan too new to be measured ,
H9314,C02,Plan too new to be measured ,
H9314,C03,Plan too new to be measured ,
H9314,C04,Plan too new to be measured ,
H9314,C05,Plan too new to be measured ,
H9314,C06,Plan too new to be measured ,
H9314,C07,Plan too new to be measured ,
H9314,C08,Plan too new to be measured ,
H9314,C09,Plan too new to be measured ,
H9314,C10,Plan too new to be measured ,
H9314,C11,Plan too new to be measured ,
H9314,C12,Plan too new to be measured ,
H9314,C13,Plan too new to be measured ,
H9314,C14,Plan too new to be measured ,
H9314,C15,Plan too new to be measured ,
H9314,C16,Plan too new to be measured ,
H9314,C17,Plan too new to be measured ,
H9314,C18,Plan too new to be measured ,
H9314,C19,Plan too new to be measured ,
H9314,C20,Plan too new to be measured ,
H9314,C21,Plan too new to be measured ,
H9314,C22,Plan too new to be measured ,
H9314,C23,Plan too new to be measured ,
H9314,C24,Plan too new to be measured ,
H9314,C25,Plan too new to be measured ,
H9314,C26,Plan too new to be measured ,
H9314,C27,Plan too new to be measured ,
H9314,C28,Plan too new to be measured ,
H9314,C29,Plan too new to be measured ,
H9314,C30,Plan too new to be measured ,
H9314,C31,Not enough data available ,
H9314,C32,Not enough data available ,
H9314,C33,Plan too new to be measured ,
H9314,D01,Plan too new to be measured ,
H9314,D02,Plan too new to be measured ,
H9314,D03,Plan too new to be measured ,
H9314,D04,Plan too new to be measured ,
H9314,D05,Plan too new to be measured ,
H9314,D06,Plan too new to be measured ,
H9314,D07,Plan too new to be measured ,
H9314,D08,Plan too new to be measured ,
H9314,D09,Plan too new to be measured ,
H9314,D10,Plan too new to be measured ,
H9314,D11,Plan too new to be measured ,
H9314,D12,Plan too new to be measured,
H9326,C01,Plan too new to be measured ,
H9326,C02,Plan too new to be measured ,
H9326,C03,Plan too new to be measured ,
H9326,C04,Plan too new to be measured ,
H9326,C05,Plan too new to be measured ,
H9326,C06,Plan too new to be measured ,
H9326,C07,Plan not required to report measure ,
H9326,C08,Plan not required to report measure ,
H9326,C09,Plan not required to report measure ,
H9326,C10,Plan too new to be measured ,
H9326,C11,Plan too new to be measured ,
H9326,C12,Plan too new to be measured ,
H9326,C13,Plan too new to be measured ,
H9326,C14,Plan too new to be measured ,
H9326,C15,Plan too new to be measured ,
H9326,C16,Plan too new to be measured ,
H9326,C17,Plan too new to be measured ,
H9326,C18,Plan too new to be measured ,
H9326,C19,Plan too new to be measured ,
H9326,C20,Plan too new to be measured ,
H9326,C21,Plan too new to be measured ,
H9326,C22,Plan too new to be measured ,
H9326,C23,Plan too new to be measured ,
H9326,C24,Plan too new to be measured ,
H9326,C25,Plan too new to be measured ,
H9326,C26,Plan too new to be measured ,
H9326,C27,Plan too new to be measured ,
H9326,C28,Plan too new to be measured ,
H9326,C29,Plan too new to be measured ,
H9326,C30,Plan too new to be measured ,
H9326,C31,Not enough data available ,
H9326,C32,Not enough data available ,
H9326,C33,Plan too new to be measured ,
H9326,D01,Plan too new to be measured ,
H9326,D02,Plan too new to be measured ,
H9326,D03,Plan too new to be measured ,
H9326,D04,Plan too new to be measured ,
H9326,D05,Plan too new to be measured ,
H9326,D06,Plan too new to be measured ,
H9326,D07,Plan too new to be measured ,
H9326,D08,Plan too new to be measured ,
H9326,D09,Plan too new to be measured ,
H9326,D10,Plan too new to be measured ,
H9326,D11,Plan too new to be measured ,
H9326,D12,Plan too new to be measured,
H9364,C01,3,3
H9364,C02,4,4
H9364,C03,2,2
H9364,C04,Not enough data available ,
H9364,C05,Not enough data available ,
H9364,C06,1,1
H9364,C07,3,3
H9364,C08,5,5
H9364,C09,4,4
H9364,C10,Not enough data available ,
H9364,C11,4,4
H9364,C12,3,3
H9364,C13,3,3
H9364,C14,4,4
H9364,C15,3,3
H9364,C16,3,3
H9364,C17,4,4
H9364,C18,2,2
H9364,C19,2,2
H9364,C20,4,4
H9364,C21,2,2
H9364,C22,1,1
H9364,C23,3,3
H9364,C24,3,3
H9364,C25,2,2
H9364,C26,2,2
H9364,C27,3,3
H9364,C28,4,4
H9364,C29,4,4
H9364,C30,4,4
H9364,C31,Not enough data available ,
H9364,C32,Not enough data available ,
H9364,C33,5,5
H9364,D01,5,5
H9364,D02,4,4
H9364,D03,4,4
H9364,D04,4,4
H9364,D05,2,2
H9364,D06,2,2
H9364,D07,5,5
H9364,D08,5,5
H9364,D09,4,4
H9364,D10,4,4
H9364,D11,3,3
H9364,D12,2,2
H9387,C01,2,2
H9387,C02,2,2
H9387,C03,2,2
H9387,C04,Not enough data available ,
H9387,C05,Not enough data available ,
H9387,C06,1,1
H9387,C07,4,4
H9387,C08,3,3
H9387,C09,2,2
H9387,C10,Not enough data available ,
H9387,C11,1,1
H9387,C12,2,2
H9387,C13,3,3
H9387,C14,2,2
H9387,C15,2,2
H9387,C16,Not enough data available ,
H9387,C17,3,3
H9387,C18,No data available ,
H9387,C19,4,4
H9387,C20,2,2
H9387,C21,2,2
H9387,C22,4,4
H9387,C23,Not enough data available ,
H9387,C24,2,2
H9387,C25,1,1
H9387,C26,1,1
H9387,C27,3,3
H9387,C28,2,2
H9387,C29,1,1
H9387,C30,2,2
H9387,C31,Not enough data available ,
H9387,C32,Not enough data available ,
H9387,C33,5,5
H9387,D01,5,5
H9387,D02,2,2
H9387,D03,1,1
H9387,D04,3,3
H9387,D05,2,2
H9387,D06,3,3
H9387,D07,5,5
H9387,D08,3,3
H9387,D09,4,4
H9387,D10,4,4
H9387,D11,2,2
H9387,D12,3,3
H9412,C01,Plan too small to be measured ,
H9412,C02,Plan too small to be measured ,
H9412,C03,Plan too small to be measured ,
H9412,C04,Plan too small to be measured ,
H9412,C05,Plan too small to be measured ,
H9412,C06,Plan too small to be measured ,
H9412,C07,Plan not required to report measure ,
H9412,C08,Plan not required to report measure ,
H9412,C09,Plan not required to report measure ,
H9412,C10,Plan too small to be measured ,
H9412,C11,Plan too small to be measured ,
H9412,C12,Plan too small to be measured ,
H9412,C13,Plan too small to be measured ,
H9412,C14,Plan too small to be measured ,
H9412,C15,Plan too small to be measured ,
H9412,C16,Plan too small to be measured ,
H9412,C17,Plan too small to be measured ,
H9412,C18,Plan too small to be measured ,
H9412,C19,Plan too small to be measured ,
H9412,C20,Plan too small to be measured ,
H9412,C21,Plan too small to be measured ,
H9412,C22,Plan too small to be measured ,
H9412,C23,Plan too small to be measured ,
H9412,C24,Plan too small to be measured ,
H9412,C25,Plan too small to be measured ,
H9412,C26,Plan too small to be measured ,
H9412,C27,Plan too small to be measured ,
H9412,C28,No data available ,
H9412,C29,Not enough data available ,
H9412,C30,Not enough data available ,
H9412,C31,Not enough data available ,
H9412,C32,Not enough data available ,
H9412,C33,Not enough data available ,
H9412,D01,Not enough data available ,
H9412,D02,No data available ,
H9412,D03,Not enough data available ,
H9412,D04,Not enough data available ,
H9412,D05,Plan too small to be measured ,
H9412,D06,Plan too small to be measured ,
H9412,D07,Not enough data available ,
H9412,D08,Not enough data available ,
H9412,D09,Not enough data available ,
H9412,D10,Not enough data available ,
H9412,D11,Not required to report ,
H9412,D12,Not enough data available,
H9431,C01,2,2
H9431,C02,3,3
H9431,C03,2,2
H9431,C04,2,2
H9431,C05,4,4
H9431,C06,3,3
H9431,C07,Plan not required to report measure ,
H9431,C08,Plan not required to report measure ,
H9431,C09,Plan not required to report measure ,
H9431,C10,3,3
H9431,C11,3,3
H9431,C12,3,3
H9431,C13,3,3
H9431,C14,3,3
H9431,C15,2,2
H9431,C16,2,2
H9431,C17,5,5
H9431,C18,5,5
H9431,C19,4,4
H9431,C20,3,3
H9431,C21,2,2
H9431,C22,2,2
H9431,C23,3,3
H9431,C24,3,3
H9431,C25,3,3
H9431,C26,1,1
H9431,C27,2,2
H9431,C28,4,4
H9431,C29,5,5
H9431,C30,3,3
H9431,C31,3,3
H9431,C32,5,5
H9431,C33,4,4
H9431,D01,5,5
H9431,D02,4,4
H9431,D03,5,5
H9431,D04,2,2
H9431,D05,1,1
H9431,D06,Not enough data available ,
H9431,D07,5,5
H9431,D08,3,3
H9431,D09,3,3
H9431,D10,3,3
H9431,D11,4,4
H9431,D12,2,2
H9460,C01,2,2
H9460,C02,3,3
H9460,C03,3,3
H9460,C04,Not enough data available ,
H9460,C05,Not enough data available ,
H9460,C06,3,3
H9460,C07,Plan not required to report measure ,
H9460,C08,Plan not required to report measure ,
H9460,C09,Plan not required to report measure ,
H9460,C10,Not enough data available ,
H9460,C11,2,2
H9460,C12,3,3
H9460,C13,3,3
H9460,C14,3,3
H9460,C15,Not enough data available ,
H9460,C16,Not enough data available ,
H9460,C17,3,3
H9460,C18,No data available ,
H9460,C19,No data available ,
H9460,C20,2,2
H9460,C21,2,2
H9460,C22,4,4
H9460,C23,Not enough data available ,
H9460,C24,3,3
H9460,C25,4,4
H9460,C26,3,3
H9460,C27,Not enough data available ,
H9460,C28,3,3
H9460,C29,3,3
H9460,C30,4,4
H9460,C31,Not enough data available ,
H9460,C32,Not enough data available ,
H9460,C33,4,4
H9460,D01,5,5
H9460,D02,3,3
H9460,D03,3,3
H9460,D04,3,3
H9460,D05,3,3
H9460,D06,Not enough data available ,
H9460,D07,5,5
H9460,D08,1,1
H9460,D09,2,2
H9460,D10,2,2
H9460,D11,Not enough data available ,
H9460,D12,3,3
H9485,C01,5,5
H9485,C02,5,5
H9485,C03,5,5
H9485,C04,Plan too new to be measured ,
H9485,C05,Plan too new to be measured ,
H9485,C06,5,5
H9485,C07,Plan not required to report measure ,
H9485,C08,Plan not required to report measure ,
H9485,C09,Plan not required to report measure ,
H9485,C10,Not enough data available ,
H9485,C11,3,3
H9485,C12,4,4
H9485,C13,3,3
H9485,C14,3,3
H9485,C15,2,2
H9485,C16,Not enough data available ,
H9485,C17,5,5
H9485,C18,No data available ,
H9485,C19,4,4
H9485,C20,5,5
H9485,C21,2,2
H9485,C22,2,2
H9485,C23,4,4
H9485,C24,3,3
H9485,C25,4,4
H9485,C26,4,4
H9485,C27,4,4
H9485,C28,4,4
H9485,C29,5,5
H9485,C30,2,2
H9485,C31,3,3
H9485,C32,3,3
H9485,C33,4,4
H9485,D01,4,4
H9485,D02,4,4
H9485,D03,5,5
H9485,D04,3,3
H9485,D05,3,3
H9485,D06,3,3
H9485,D07,4,4
H9485,D08,3,3
H9485,D09,4,4
H9485,D10,4,4
H9485,D11,3,3
H9485,D12,3,3
H9489,C01,2,2
H9489,C02,4,4
H9489,C03,Plan too small to be measured ,
H9489,C04,Plan too small to be measured ,
H9489,C05,Plan too small to be measured ,
H9489,C06,4,4
H9489,C07,Plan not required to report measure ,
H9489,C08,Plan not required to report measure ,
H9489,C09,Plan not required to report measure ,
H9489,C10,Not enough data available ,
H9489,C11,2,2
H9489,C12,3,3
H9489,C13,2,2
H9489,C14,2,2
H9489,C15,Not enough data available ,
H9489,C16,Not enough data available ,
H9489,C17,3,3
H9489,C18,No data available ,
H9489,C19,Not enough data available ,
H9489,C20,2,2
H9489,C21,No data available ,
H9489,C22,Plan too small to be measured ,
H9489,C23,Plan too small to be measured ,
H9489,C24,Plan too small to be measured ,
H9489,C25,Plan too small to be measured ,
H9489,C26,Plan too small to be measured ,
H9489,C27,Plan too small to be measured ,
H9489,C28,Not enough data available ,
H9489,C29,Not enough data available ,
H9489,C30,Not enough data available ,
H9489,C31,Not enough data available ,
H9489,C32,Not enough data available ,
H9489,C33,5,5
H9489,D01,5,5
H9489,D02,Not enough data available ,
H9489,D03,Not enough data available ,
H9489,D04,2,2
H9489,D05,Plan too small to be measured ,
H9489,D06,Plan too small to be measured ,
H9489,D07,4,4
H9489,D08,5,5
H9489,D09,4,4
H9489,D10,3,3
H9489,D11,5,5
H9489,D12,1,1
H9525,C01,2,2
H9525,C02,4,4
H9525,C03,3,3
H9525,C04,3,3
H9525,C05,3,3
H9525,C06,2,2
H9525,C07,3,3
H9525,C08,5,5
H9525,C09,4,4
H9525,C10,1,1
H9525,C11,3,3
H9525,C12,3,3
H9525,C13,3,3
H9525,C14,2,2
H9525,C15,3,3
H9525,C16,2,2
H9525,C17,5,5
H9525,C18,2,2
H9525,C19,3,3
H9525,C20,5,5
H9525,C21,3,3
H9525,C22,5,5
H9525,C23,4,4
H9525,C24,3,3
H9525,C25,4,4
H9525,C26,3,3
H9525,C27,5,5
H9525,C28,4,4
H9525,C29,4,4
H9525,C30,5,5
H9525,C31,3,3
H9525,C32,5,5
H9525,C33,5,5
H9525,D01,5,5
H9525,D02,4,4
H9525,D03,4,4
H9525,D04,5,5
H9525,D05,3,3
H9525,D06,3,3
H9525,D07,5,5
H9525,D08,2,2
H9525,D09,3,3
H9525,D10,3,3
H9525,D11,4,4
H9525,D12,3,3
H9572,C01,4,4
H9572,C02,5,5
H9572,C03,5,5
H9572,C04,4,4
H9572,C05,3,3
H9572,C06,3,3
H9572,C07,Plan not required to report measure ,
H9572,C08,Plan not required to report measure ,
H9572,C09,Plan not required to report measure ,
H9572,C10,3,3
H9572,C11,5,5
H9572,C12,4,4
H9572,C13,4,4
H9572,C14,4,4
H9572,C15,2,2
H9572,C16,3,3
H9572,C17,4,4
H9572,C18,4,4
H9572,C19,3,3
H9572,C20,3,3
H9572,C21,3,3
H9572,C22,4,4
H9572,C23,5,5
H9572,C24,3,3
H9572,C25,5,5
H9572,C26,5,5
H9572,C27,3,3
H9572,C28,5,5
H9572,C29,5,5
H9572,C30,5,5
H9572,C31,4,4
H9572,C32,4,4
H9572,C33,5,5
H9572,D01,4,4
H9572,D02,5,5
H9572,D03,5,5
H9572,D04,5,5
H9572,D05,5,5
H9572,D06,3,3
H9572,D07,5,5
H9572,D08,4,4
H9572,D09,4,4
H9572,D10,4,4
H9572,D11,4,4
H9572,D12,3,3
H9589,C01,Plan too small to be measured ,
H9589,C02,Plan too small to be measured ,
H9589,C03,Plan too small to be measured ,
H9589,C04,Plan too small to be measured ,
H9589,C05,Plan too small to be measured ,
H9589,C06,Plan too small to be measured ,
H9589,C07,Plan not required to report measure ,
H9589,C08,Plan not required to report measure ,
H9589,C09,Plan not required to report measure ,
H9589,C10,Plan too small to be measured ,
H9589,C11,Plan too small to be measured ,
H9589,C12,Plan too small to be measured ,
H9589,C13,Plan too small to be measured ,
H9589,C14,Plan too small to be measured ,
H9589,C15,Plan too small to be measured ,
H9589,C16,Plan too small to be measured ,
H9589,C17,Plan too small to be measured ,
H9589,C18,Plan too small to be measured ,
H9589,C19,Plan too small to be measured ,
H9589,C20,Plan too small to be measured ,
H9589,C21,Plan too small to be measured ,
H9589,C22,Plan too small to be measured ,
H9589,C23,Plan too small to be measured ,
H9589,C24,Plan too small to be measured ,
H9589,C25,Plan too small to be measured ,
H9589,C26,Plan too small to be measured ,
H9589,C27,Plan too small to be measured ,
H9589,C28,Not enough data available ,
H9589,C29,Not enough data available ,
H9589,C30,Not enough data available ,
H9589,C31,Not enough data available ,
H9589,C32,Not enough data available ,
H9589,C33,4,4
H9589,D01,4,4
H9589,D02,Not enough data available ,
H9589,D03,Not enough data available ,
H9589,D04,Not enough data available ,
H9589,D05,Plan too small to be measured ,
H9589,D06,Plan too small to be measured ,
H9589,D07,5,5
H9589,D08,1,1
H9589,D09,3,3
H9589,D10,4,4
H9589,D11,Not enough data available ,
H9589,D12,Not enough data available,
H9590,C01,Not enough data available ,
H9590,C02,Not enough data available ,
H9590,C03,Plan too small to be measured ,
H9590,C04,Not enough data available ,
H9590,C05,Not enough data available ,
H9590,C06,No data available ,
H9590,C07,1,1
H9590,C08,5,5
H9590,C09,5,5
H9590,C10,Not enough data available ,
H9590,C11,5,5
H9590,C12,5,5
H9590,C13,3,3
H9590,C14,Not enough data available ,
H9590,C15,No data available ,
H9590,C16,No data available ,
H9590,C17,Not enough data available ,
H9590,C18,No data available ,
H9590,C19,Not enough data available ,
H9590,C20,Not enough data available ,
H9590,C21,4,4
H9590,C22,Plan too small to be measured ,
H9590,C23,Plan too small to be measured ,
H9590,C24,Plan too small to be measured ,
H9590,C25,Plan too small to be measured ,
H9590,C26,Plan too small to be measured ,
H9590,C27,Plan too small to be measured ,
H9590,C28,Not enough data available ,
H9590,C29,5,5
H9590,C30,Not enough data available ,
H9590,C31,Not enough data available ,
H9590,C32,Not enough data available ,
H9590,C33,4,4
H9590,D01,4,4
H9590,D02,Not enough data available ,
H9590,D03,5,5
H9590,D04,5,5
H9590,D05,Plan too small to be measured ,
H9590,D06,Plan too small to be measured ,
H9590,D07,5,5
H9590,D08,5,5
H9590,D09,5,5
H9590,D10,5,5
H9590,D11,5,5
H9590,D12,5,5
H9615,C01,4,4
H9615,C02,4,4
H9615,C03,4,4
H9615,C04,5,5
H9615,C05,5,5
H9615,C06,3,3
H9615,C07,Plan not required to report measure ,
H9615,C08,Plan not required to report measure ,
H9615,C09,Plan not required to report measure ,
H9615,C10,2,2
H9615,C11,4,4
H9615,C12,3,3
H9615,C13,4,4
H9615,C14,2,2
H9615,C15,1,1
H9615,C16,4,4
H9615,C17,3,3
H9615,C18,3,3
H9615,C19,3,3
H9615,C20,3,3
H9615,C21,3,3
H9615,C22,4,4
H9615,C23,3,3
H9615,C24,3,3
H9615,C25,4,4
H9615,C26,4,4
H9615,C27,3,3
H9615,C28,5,5
H9615,C29,5,5
H9615,C30,3,3
H9615,C31,4,4
H9615,C32,4,4
H9615,C33,3,3
H9615,D01,3,3
H9615,D02,5,5
H9615,D03,5,5
H9615,D04,5,5
H9615,D05,3,3
H9615,D06,4,4
H9615,D07,5,5
H9615,D08,3,3
H9615,D09,4,4
H9615,D10,3,3
H9615,D11,2,2
H9615,D12,2,2
H9623,C01,Plan too new to be measured ,
H9623,C02,Plan too new to be measured ,
H9623,C03,Plan too new to be measured ,
H9623,C04,Plan too new to be measured ,
H9623,C05,Plan too new to be measured ,
H9623,C06,Plan too new to be measured ,
H9623,C07,Plan too new to be measured ,
H9623,C08,Plan too new to be measured ,
H9623,C09,Plan too new to be measured ,
H9623,C10,Plan too new to be measured ,
H9623,C11,Plan too new to be measured ,
H9623,C12,Plan too new to be measured ,
H9623,C13,Plan too new to be measured ,
H9623,C14,Plan too new to be measured ,
H9623,C15,Plan too new to be measured ,
H9623,C16,Plan too new to be measured ,
H9623,C17,Plan too new to be measured ,
H9623,C18,Plan too new to be measured ,
H9623,C19,Plan too new to be measured ,
H9623,C20,Plan too new to be measured ,
H9623,C21,Plan too new to be measured ,
H9623,C22,Plan too new to be measured ,
H9623,C23,Plan too new to be measured ,
H9623,C24,Plan too new to be measured ,
H9623,C25,Plan too new to be measured ,
H9623,C26,Plan too new to be measured ,
H9623,C27,Plan too new to be measured ,
H9623,C28,Plan too new to be measured ,
H9623,C29,Plan too new to be measured ,
H9623,C30,Plan too new to be measured ,
H9623,C31,Not enough data available ,
H9623,C32,Not enough data available ,
H9623,C33,Plan too new to be measured ,
H9623,D01,Plan too new to be measured ,
H9623,D02,Plan too new to be measured ,
H9623,D03,Plan too new to be measured ,
H9623,D04,Plan too new to be measured ,
H9623,D05,Plan too new to be measured ,
H9623,D06,Plan too new to be measured ,
H9623,D07,Plan too new to be measured ,
H9623,D08,Plan too new to be measured ,
H9623,D09,Plan too new to be measured ,
H9623,D10,Plan too new to be measured ,
H9623,D11,Plan too new to be measured ,
H9623,D12,Plan too new to be measured,
H9630,C01,2,2
H9630,C02,4,4
H9630,C03,2,2
H9630,C04,2,2
H9630,C05,4,4
H9630,C06,1,1
H9630,C07,4,4
H9630,C08,4,4
H9630,C09,4,4
H9630,C10,3,3
H9630,C11,2,2
H9630,C12,4,4
H9630,C13,3,3
H9630,C14,3,3
H9630,C15,2,2
H9630,C16,1,1
H9630,C17,4,4
H9630,C18,2,2
H9630,C19,1,1
H9630,C20,3,3
H9630,C21,2,2
H9630,C22,5,5
H9630,C23,5,5
H9630,C24,3,3
H9630,C25,3,3
H9630,C26,3,3
H9630,C27,5,5
H9630,C28,4,4
H9630,C29,3,3
H9630,C30,4,4
H9630,C31,3,3
H9630,C32,5,5
H9630,C33,5,5
H9630,D01,5,5
H9630,D02,4,4
H9630,D03,3,3
H9630,D04,4,4
H9630,D05,3,3
H9630,D06,5,5
H9630,D07,5,5
H9630,D08,2,2
H9630,D09,3,3
H9630,D10,3,3
H9630,D11,3,3
H9630,D12,2,2
H9678,C01,3,3
H9678,C02,3,3
H9678,C03,3,3
H9678,C04,Plan too new to be measured ,
H9678,C05,Plan too new to be measured ,
H9678,C06,4,4
H9678,C07,Plan not required to report measure ,
H9678,C08,Plan not required to report measure ,
H9678,C09,Plan not required to report measure ,
H9678,C10,Not enough data available ,
H9678,C11,3,3
H9678,C12,3,3
H9678,C13,3,3
H9678,C14,3,3
H9678,C15,Not enough data available ,
H9678,C16,Not enough data available ,
H9678,C17,4,4
H9678,C18,No data available ,
H9678,C19,2,2
H9678,C20,3,3
H9678,C21,3,3
H9678,C22,2,2
H9678,C23,Not enough data available ,
H9678,C24,2,2
H9678,C25,4,4
H9678,C26,2,2
H9678,C27,1,1
H9678,C28,4,4
H9678,C29,3,3
H9678,C30,Not enough data available ,
H9678,C31,Not enough data available ,
H9678,C32,Not enough data available ,
H9678,C33,5,5
H9678,D01,4,4
H9678,D02,4,4
H9678,D03,3,3
H9678,D04,4,4
H9678,D05,3,3
H9678,D06,2,2
H9678,D07,5,5
H9678,D08,2,2
H9678,D09,3,3
H9678,D10,2,2
H9678,D11,4,4
H9678,D12,2,2
H9686,C01,4,4
H9686,C02,5,5
H9686,C03,Plan too small to be measured ,
H9686,C04,Not enough data available ,
H9686,C05,Not enough data available ,
H9686,C06,3,3
H9686,C07,5,5
H9686,C08,5,5
H9686,C09,4,4
H9686,C10,Not enough data available ,
H9686,C11,4,4
H9686,C12,4,4
H9686,C13,4,4
H9686,C14,4,4
H9686,C15,4,4
H9686,C16,4,4
H9686,C17,5,5
H9686,C18,5,5
H9686,C19,5,5
H9686,C20,3,3
H9686,C21,4,4
H9686,C22,Plan too small to be measured ,
H9686,C23,Plan too small to be measured ,
H9686,C24,Plan too small to be measured ,
H9686,C25,Plan too small to be measured ,
H9686,C26,Plan too small to be measured ,
H9686,C27,Plan too small to be measured ,
H9686,C28,4,4
H9686,C29,5,5
H9686,C30,4,4
H9686,C31,Not enough data available ,
H9686,C32,Not enough data available ,
H9686,C33,5,5
H9686,D01,5,5
H9686,D02,4,4
H9686,D03,5,5
H9686,D04,3,3
H9686,D05,Plan too small to be measured ,
H9686,D06,Plan too small to be measured ,
H9686,D07,5,5
H9686,D08,5,5
H9686,D09,5,5
H9686,D10,5,5
H9686,D11,5,5
H9686,D12,5,5
H9690,C01,Plan too small to be measured ,
H9690,C02,Plan too small to be measured ,
H9690,C03,Plan too small to be measured ,
H9690,C04,Plan too new to be measured ,
H9690,C05,Plan too new to be measured ,
H9690,C06,Plan too new to be measured ,
H9690,C07,5,5
H9690,C08,No data available ,
H9690,C09,No data available ,
H9690,C10,Plan too small to be measured ,
H9690,C11,Plan too small to be measured ,
H9690,C12,Plan too small to be measured ,
H9690,C13,Plan too small to be measured ,
H9690,C14,Plan too small to be measured ,
H9690,C15,Plan too new to be measured ,
H9690,C16,Plan too new to be measured ,
H9690,C17,Plan too small to be measured ,
H9690,C18,Plan too small to be measured ,
H9690,C19,Plan too small to be measured ,
H9690,C20,Plan too small to be measured ,
H9690,C21,Plan too small to be measured ,
H9690,C22,Plan too small to be measured ,
H9690,C23,Plan too small to be measured ,
H9690,C24,Plan too small to be measured ,
H9690,C25,Plan too small to be measured ,
H9690,C26,Plan too small to be measured ,
H9690,C27,Plan too small to be measured ,
H9690,C28,Not enough data available ,
H9690,C29,Not enough data available ,
H9690,C30,Not enough data available ,
H9690,C31,Not enough data available ,
H9690,C32,Not enough data available ,
H9690,C33,3,3
H9690,D01,4,4
H9690,D02,Not enough data available ,
H9690,D03,Not enough data available ,
H9690,D04,Not enough data available ,
H9690,D05,Plan too small to be measured ,
H9690,D06,Plan too small to be measured ,
H9690,D07,Not enough data available ,
H9690,D08,5,5
H9690,D09,2,2
H9690,D10,4,4
H9690,D11,Not enough data available ,
H9690,D12,Not enough data available,
H9699,C01,2,2
H9699,C02,4,4
H9699,C03,4,4
H9699,C04,1,1
H9699,C05,3,3
H9699,C06,2,2
H9699,C07,Plan not required to report measure ,
H9699,C08,Plan not required to report measure ,
H9699,C09,Plan not required to report measure ,
H9699,C10,Not enough data available ,
H9699,C11,2,2
H9699,C12,4,4
H9699,C13,4,4
H9699,C14,2,2
H9699,C15,1,1
H9699,C16,3,3
H9699,C17,3,3
H9699,C18,3,3
H9699,C19,1,1
H9699,C20,1,1
H9699,C21,2,2
H9699,C22,4,4
H9699,C23,5,5
H9699,C24,3,3
H9699,C25,4,4
H9699,C26,3,3
H9699,C27,4,4
H9699,C28,5,5
H9699,C29,4,4
H9699,C30,3,3
H9699,C31,5,5
H9699,C32,3,3
H9699,C33,3,3
H9699,D01,4,4
H9699,D02,5,5
H9699,D03,4,4
H9699,D04,3,3
H9699,D05,2,2
H9699,D06,4,4
H9699,D07,4,4
H9699,D08,4,4
H9699,D09,3,3
H9699,D10,3,3
H9699,D11,2,2
H9699,D12,1,1
H9700,C01,Plan too new to be measured ,
H9700,C02,Plan too new to be measured ,
H9700,C03,Plan too new to be measured ,
H9700,C04,Plan too new to be measured ,
H9700,C05,Plan too new to be measured ,
H9700,C06,Plan too new to be measured ,
H9700,C07,Plan not required to report measure ,
H9700,C08,Plan not required to report measure ,
H9700,C09,Plan not required to report measure ,
H9700,C10,Plan too new to be measured ,
H9700,C11,Plan too new to be measured ,
H9700,C12,Plan too new to be measured ,
H9700,C13,Plan too new to be measured ,
H9700,C14,Plan too new to be measured ,
H9700,C15,Plan too new to be measured ,
H9700,C16,Plan too new to be measured ,
H9700,C17,Plan too new to be measured ,
H9700,C18,Plan too new to be measured ,
H9700,C19,Plan too new to be measured ,
H9700,C20,Plan too new to be measured ,
H9700,C21,Plan too new to be measured ,
H9700,C22,Plan too new to be measured ,
H9700,C23,Plan too new to be measured ,
H9700,C24,Plan too new to be measured ,
H9700,C25,Plan too new to be measured ,
H9700,C26,Plan too new to be measured ,
H9700,C27,Plan too new to be measured ,
H9700,C28,Plan too new to be measured ,
H9700,C29,Not enough data available ,
H9700,C30,Plan too new to be measured ,
H9700,C31,Not enough data available ,
H9700,C32,Not enough data available ,
H9700,C33,4,4
H9700,D01,5,5
H9700,D02,Plan too new to be measured ,
H9700,D03,Not enough data available ,
H9700,D04,Plan too new to be measured ,
H9700,D05,Plan too new to be measured ,
H9700,D06,Plan too new to be measured ,
H9700,D07,Plan too new to be measured ,
H9700,D08,Plan too new to be measured ,
H9700,D09,Plan too new to be measured ,
H9700,D10,Plan too new to be measured ,
H9700,D11,Plan too new to be measured ,
H9700,D12,Plan too new to be measured,
H9706,C01,3,3
H9706,C02,4,4
H9706,C03,3,3
H9706,C04,Not enough data available ,
H9706,C05,Not enough data available ,
H9706,C06,3,3
H9706,C07,1,1
H9706,C08,5,5
H9706,C09,2,2
H9706,C10,Not enough data available ,
H9706,C11,2,2
H9706,C12,2,2
H9706,C13,4,4
H9706,C14,3,3
H9706,C15,2,2
H9706,C16,Not enough data available ,
H9706,C17,2,2
H9706,C18,4,4
H9706,C19,4,4
H9706,C20,2,2
H9706,C21,3,3
H9706,C22,3,3
H9706,C23,3,3
H9706,C24,3,3
H9706,C25,2,2
H9706,C26,2,2
H9706,C27,3,3
H9706,C28,3,3
H9706,C29,2,2
H9706,C30,1,1
H9706,C31,5,5
H9706,C32,5,5
H9706,C33,3,3
H9706,D01,4,4
H9706,D02,3,3
H9706,D03,2,2
H9706,D04,2,2
H9706,D05,2,2
H9706,D06,3,3
H9706,D07,5,5
H9706,D08,2,2
H9706,D09,2,2
H9706,D10,2,2
H9706,D11,4,4
H9706,D12,3,3
H9725,C01,4,4
H9725,C02,5,5
H9725,C03,3,3
H9725,C04,Not enough data available ,
H9725,C05,Not enough data available ,
H9725,C06,4,4
H9725,C07,3,3
H9725,C08,4,4
H9725,C09,4,4
H9725,C10,3,3
H9725,C11,3,3
H9725,C12,3,3
H9725,C13,4,4
H9725,C14,3,3
H9725,C15,3,3
H9725,C16,2,2
H9725,C17,4,4
H9725,C18,4,4
H9725,C19,2,2
H9725,C20,4,4
H9725,C21,4,4
H9725,C22,5,5
H9725,C23,5,5
H9725,C24,3,3
H9725,C25,5,5
H9725,C26,4,4
H9725,C27,5,5
H9725,C28,4,4
H9725,C29,3,3
H9725,C30,4,4
H9725,C31,5,5
H9725,C32,4,4
H9725,C33,4,4
H9725,D01,5,5
H9725,D02,4,4
H9725,D03,3,3
H9725,D04,5,5
H9725,D05,4,4
H9725,D06,4,4
H9725,D07,5,5
H9725,D08,2,2
H9725,D09,3,3
H9725,D10,3,3
H9725,D11,5,5
H9725,D12,3,3
H9730,C01,2,2
H9730,C02,3,3
H9730,C03,2,2
H9730,C04,Not enough data available ,
H9730,C05,Not enough data available ,
H9730,C06,1,1
H9730,C07,4,4
H9730,C08,4,4
H9730,C09,4,4
H9730,C10,1,1
H9730,C11,2,2
H9730,C12,3,3
H9730,C13,2,2
H9730,C14,2,2
H9730,C15,1,1
H9730,C16,Not enough data available ,
H9730,C17,4,4
H9730,C18,3,3
H9730,C19,3,3
H9730,C20,3,3
H9730,C21,2,2
H9730,C22,5,5
H9730,C23,5,5
H9730,C24,4,4
H9730,C25,4,4
H9730,C26,4,4
H9730,C27,4,4
H9730,C28,3,3
H9730,C29,3,3
H9730,C30,3,3
H9730,C31,3,3
H9730,C32,5,5
H9730,C33,5,5
H9730,D01,5,5
H9730,D02,3,3
H9730,D03,3,3
H9730,D04,5,5
H9730,D05,4,4
H9730,D06,4,4
H9730,D07,5,5
H9730,D08,3,3
H9730,D09,3,3
H9730,D10,4,4
H9730,D11,4,4
H9730,D12,3,3
H9771,C01,Plan too new to be measured ,
H9771,C02,Plan too new to be measured ,
H9771,C03,Plan too new to be measured ,
H9771,C04,Plan too new to be measured ,
H9771,C05,Plan too new to be measured ,
H9771,C06,Plan too new to be measured ,
H9771,C07,Plan too new to be measured ,
H9771,C08,Plan too new to be measured ,
H9771,C09,Plan too new to be measured ,
H9771,C10,Plan too new to be measured ,
H9771,C11,Plan too new to be measured ,
H9771,C12,Plan too new to be measured ,
H9771,C13,Plan too new to be measured ,
H9771,C14,Plan too new to be measured ,
H9771,C15,Plan too new to be measured ,
H9771,C16,Plan too new to be measured ,
H9771,C17,Plan too new to be measured ,
H9771,C18,Plan too new to be measured ,
H9771,C19,Plan too new to be measured ,
H9771,C20,Plan too new to be measured ,
H9771,C21,Plan too new to be measured ,
H9771,C22,Plan too new to be measured ,
H9771,C23,Plan too new to be measured ,
H9771,C24,Plan too new to be measured ,
H9771,C25,Plan too new to be measured ,
H9771,C26,Plan too new to be measured ,
H9771,C27,Plan too new to be measured ,
H9771,C28,Plan too new to be measured ,
H9771,C29,Plan too new to be measured ,
H9771,C30,Plan too new to be measured ,
H9771,C31,Not enough data available ,
H9771,C32,Not enough data available ,
H9771,C33,Plan too new to be measured ,
H9771,D01,Plan too new to be measured ,
H9771,D02,Plan too new to be measured ,
H9771,D03,Plan too new to be measured ,
H9771,D04,Plan too new to be measured ,
H9771,D05,Plan too new to be measured ,
H9771,D06,Plan too new to be measured ,
H9771,D07,Plan too new to be measured ,
H9771,D08,Plan too new to be measured ,
H9771,D09,Plan too new to be measured ,
H9771,D10,Plan too new to be measured ,
H9771,D11,Plan too new to be measured ,
H9771,D12,Plan too new to be measured,
H9802,C01,Plan too new to be measured ,
H9802,C02,Plan too new to be measured ,
H9802,C03,Plan too new to be measured ,
H9802,C04,Plan too new to be measured ,
H9802,C05,Plan too new to be measured ,
H9802,C06,Plan too new to be measured ,
H9802,C07,Plan too new to be measured ,
H9802,C08,Plan too new to be measured ,
H9802,C09,Plan too new to be measured ,
H9802,C10,Plan too new to be measured ,
H9802,C11,Plan too new to be measured ,
H9802,C12,Plan too new to be measured ,
H9802,C13,Plan too new to be measured ,
H9802,C14,Plan too new to be measured ,
H9802,C15,Plan too new to be measured ,
H9802,C16,Plan too new to be measured ,
H9802,C17,Plan too new to be measured ,
H9802,C18,Plan too new to be measured ,
H9802,C19,Plan too new to be measured ,
H9802,C20,Plan too new to be measured ,
H9802,C21,Plan too new to be measured ,
H9802,C22,Plan too new to be measured ,
H9802,C23,Plan too new to be measured ,
H9802,C24,Plan too new to be measured ,
H9802,C25,Plan too new to be measured ,
H9802,C26,Plan too new to be measured ,
H9802,C27,Plan too new to be measured ,
H9802,C28,Plan too new to be measured ,
H9802,C29,Plan too new to be measured ,
H9802,C30,Plan too new to be measured ,
H9802,C31,Not enough data available ,
H9802,C32,Not enough data available ,
H9802,C33,Plan too new to be measured ,
H9802,D01,Plan too new to be measured ,
H9802,D02,Plan too new to be measured ,
H9802,D03,Plan too new to be measured ,
H9802,D04,Plan too new to be measured ,
H9802,D05,Plan too new to be measured ,
H9802,D06,Plan too new to be measured ,
H9802,D07,Plan too new to be measured ,
H9802,D08,Plan too new to be measured ,
H9802,D09,Plan too new to be measured ,
H9802,D10,Plan too new to be measured ,
H9802,D11,Plan too new to be measured ,
H9802,D12,Plan too new to be measured,
H9808,C01,4,4
H9808,C02,5,5
H9808,C03,4,4
H9808,C04,4,4
H9808,C05,4,4
H9808,C06,4,4
H9808,C07,Plan not required to report measure ,
H9808,C08,Plan not required to report measure ,
H9808,C09,Plan not required to report measure ,
H9808,C10,3,3
H9808,C11,4,4
H9808,C12,5,5
H9808,C13,4,4
H9808,C14,4,4
H9808,C15,1,1
H9808,C16,3,3
H9808,C17,5,5
H9808,C18,3,3
H9808,C19,3,3
H9808,C20,5,5
H9808,C21,4,4
H9808,C22,5,5
H9808,C23,4,4
H9808,C24,5,5
H9808,C25,5,5
H9808,C26,5,5
H9808,C27,5,5
H9808,C28,5,5
H9808,C29,4,4
H9808,C30,2,2
H9808,C31,5,5
H9808,C32,3,3
H9808,C33,3,3
H9808,D01,4,4
H9808,D02,5,5
H9808,D03,4,4
H9808,D04,3,3
H9808,D05,4,4
H9808,D06,5,5
H9808,D07,3,3
H9808,D08,1,1
H9808,D09,3,3
H9808,D10,3,3
H9808,D11,2,2
H9808,D12,3,3
H9811,C01,Plan too small to be measured ,
H9811,C02,Plan too small to be measured ,
H9811,C03,Plan too small to be measured ,
H9811,C04,Not enough data available ,
H9811,C05,Not enough data available ,
H9811,C06,Plan too small to be measured ,
H9811,C07,Plan not required to report measure ,
H9811,C08,Plan not required to report measure ,
H9811,C09,Plan not required to report measure ,
H9811,C10,Plan too small to be measured ,
H9811,C11,Plan too small to be measured ,
H9811,C12,Plan too small to be measured ,
H9811,C13,Plan too small to be measured ,
H9811,C14,Plan too small to be measured ,
H9811,C15,Plan too small to be measured ,
H9811,C16,Plan too small to be measured ,
H9811,C17,Plan too small to be measured ,
H9811,C18,Plan too small to be measured ,
H9811,C19,Plan too small to be measured ,
H9811,C20,Plan too small to be measured ,
H9811,C21,Plan too small to be measured ,
H9811,C22,Plan too small to be measured ,
H9811,C23,Plan too small to be measured ,
H9811,C24,Plan too small to be measured ,
H9811,C25,Plan too small to be measured ,
H9811,C26,Plan too small to be measured ,
H9811,C27,Plan too small to be measured ,
H9811,C28,No data available ,
H9811,C29,Not enough data available ,
H9811,C30,Not enough data available ,
H9811,C31,Not enough data available ,
H9811,C32,Not enough data available ,
H9811,C33,Not enough data available ,
H9811,D01,Not enough data available ,
H9811,D02,No data available ,
H9811,D03,Not enough data available ,
H9811,D04,Not enough data available ,
H9811,D05,Plan too small to be measured ,
H9811,D06,Plan too small to be measured ,
H9811,D07,Not enough data available ,
H9811,D08,Not enough data available ,
H9811,D09,Not enough data available ,
H9811,D10,Not enough data available ,
H9811,D11,Not required to report ,
H9811,D12,Not enough data available,
H9826,C01,Plan too small to be measured ,
H9826,C02,Plan too small to be measured ,
H9826,C03,Plan too small to be measured ,
H9826,C04,Plan too small to be measured ,
H9826,C05,Plan too small to be measured ,
H9826,C06,Plan too small to be measured ,
H9826,C07,1,1
H9826,C08,3,3
H9826,C09,3,3
H9826,C10,Plan too small to be measured ,
H9826,C11,Plan too small to be measured ,
H9826,C12,Plan too small to be measured ,
H9826,C13,Plan too small to be measured ,
H9826,C14,Plan too small to be measured ,
H9826,C15,Plan too small to be measured ,
H9826,C16,Plan too small to be measured ,
H9826,C17,Plan too small to be measured ,
H9826,C18,Plan too small to be measured ,
H9826,C19,Plan too small to be measured ,
H9826,C20,Plan too small to be measured ,
H9826,C21,Plan too small to be measured ,
H9826,C22,Plan too small to be measured ,
H9826,C23,Plan too small to be measured ,
H9826,C24,Plan too small to be measured ,
H9826,C25,Plan too small to be measured ,
H9826,C26,Plan too small to be measured ,
H9826,C27,Plan too small to be measured ,
H9826,C28,Not enough data available ,
H9826,C29,Not enough data available ,
H9826,C30,Not enough data available ,
H9826,C31,Not enough data available ,
H9826,C32,Not enough data available ,
H9826,C33,3,3
H9826,D01,3,3
H9826,D02,Not enough data available ,
H9826,D03,Not enough data available ,
H9826,D04,3,3
H9826,D05,Plan too small to be measured ,
H9826,D06,Plan too small to be measured ,
H9826,D07,5,5
H9826,D08,3,3
H9826,D09,2,2
H9826,D10,1,1
H9826,D11,4,4
H9826,D12,5,5
H9827,C01,Plan too small to be measured ,
H9827,C02,Plan too small to be measured ,
H9827,C03,Plan too small to be measured ,
H9827,C04,Plan too new to be measured ,
H9827,C05,Plan too new to be measured ,
H9827,C06,Plan too small to be measured ,
H9827,C07,Plan not required to report measure ,
H9827,C08,Plan not required to report measure ,
H9827,C09,Plan not required to report measure ,
H9827,C10,Plan too small to be measured ,
H9827,C11,Plan too small to be measured ,
H9827,C12,Plan too small to be measured ,
H9827,C13,Plan too small to be measured ,
H9827,C14,Plan too small to be measured ,
H9827,C15,Plan too small to be measured ,
H9827,C16,Plan too small to be measured ,
H9827,C17,Plan too small to be measured ,
H9827,C18,Plan too small to be measured ,
H9827,C19,Plan too small to be measured ,
H9827,C20,Plan too small to be measured ,
H9827,C21,Plan too small to be measured ,
H9827,C22,Plan too small to be measured ,
H9827,C23,Plan too small to be measured ,
H9827,C24,Plan too small to be measured ,
H9827,C25,Plan too small to be measured ,
H9827,C26,Plan too small to be measured ,
H9827,C27,Plan too small to be measured ,
H9827,C28,Not enough data available ,
H9827,C29,Not enough data available ,
H9827,C30,Not enough data available ,
H9827,C31,Not enough data available ,
H9827,C32,Not enough data available ,
H9827,C33,4,4
H9827,D01,3,3
H9827,D02,Not enough data available ,
H9827,D03,Not enough data available ,
H9827,D04,1,1
H9827,D05,Plan too small to be measured ,
H9827,D06,Plan too small to be measured ,
H9827,D07,5,5
H9827,D08,4,4
H9827,D09,4,4
H9827,D10,2,2
H9827,D11,Not enough data available ,
H9827,D12,4,4
H9834,C01,5,5
H9834,C02,5,5
H9834,C03,4,4
H9834,C04,3,3
H9834,C05,4,4
H9834,C06,3,3
H9834,C07,Plan not required to report measure ,
H9834,C08,Plan not required to report measure ,
H9834,C09,Plan not required to report measure ,
H9834,C10,Not enough data available ,
H9834,C11,4,4
H9834,C12,5,5
H9834,C13,1,1
H9834,C14,3,3
H9834,C15,1,1
H9834,C16,2,2
H9834,C17,4,4
H9834,C18,3,3
H9834,C19,3,3
H9834,C20,5,5
H9834,C21,3,3
H9834,C22,4,4
H9834,C23,5,5
H9834,C24,5,5
H9834,C25,4,4
H9834,C26,4,4
H9834,C27,5,5
H9834,C28,5,5
H9834,C29,5,5
H9834,C30,3,3
H9834,C31,5,5
H9834,C32,2,2
H9834,C33,4,4
H9834,D01,4,4
H9834,D02,5,5
H9834,D03,5,5
H9834,D04,3,3
H9834,D05,2,2
H9834,D06,5,5
H9834,D07,5,5
H9834,D08,3,3
H9834,D09,4,4
H9834,D10,4,4
H9834,D11,Not enough data available ,
H9834,D12,4,4
H9884,C01,4,4
H9884,C02,5,5
H9884,C03,1,1
H9884,C04,Plan too new to be measured ,
H9884,C05,Plan too new to be measured ,
H9884,C06,4,4
H9884,C07,Plan not required to report measure ,
H9884,C08,Plan not required to report measure ,
H9884,C09,Plan not required to report measure ,
H9884,C10,Not enough data available ,
H9884,C11,3,3
H9884,C12,5,5
H9884,C13,5,5
H9884,C14,5,5
H9884,C15,Not enough data available ,
H9884,C16,Not enough data available ,
H9884,C17,5,5
H9884,C18,5,5
H9884,C19,4,4
H9884,C20,4,4
H9884,C21,5,5
H9884,C22,2,2
H9884,C23,3,3
H9884,C24,5,5
H9884,C25,3,3
H9884,C26,4,4
H9884,C27,3,3
H9884,C28,4,4
H9884,C29,4,4
H9884,C30,5,5
H9884,C31,5,5
H9884,C32,4,4
H9884,C33,4,4
H9884,D01,5,5
H9884,D02,4,4
H9884,D03,4,4
H9884,D04,4,4
H9884,D05,4,4
H9884,D06,4,4
H9884,D07,5,5
H9884,D08,4,4
H9884,D09,5,5
H9884,D10,5,5
H9884,D11,5,5
H9884,D12,3,3
H9888,C01,Not enough data available ,
H9888,C02,4,4
H9888,C03,1,1
H9888,C04,Plan too new to be measured ,
H9888,C05,Plan too new to be measured ,
H9888,C06,3,3
H9888,C07,No data available ,
H9888,C08,No data available ,
H9888,C09,No data available ,
H9888,C10,Not enough data available ,
H9888,C11,3,3
H9888,C12,3,3
H9888,C13,4,4
H9888,C14,4,4
H9888,C15,1,1
H9888,C16,Not enough data available ,
H9888,C17,5,5
H9888,C18,No data available ,
H9888,C19,Not enough data available ,
H9888,C20,3,3
H9888,C21,2,2
H9888,C22,4,4
H9888,C23,4,4
H9888,C24,5,5
H9888,C25,4,4
H9888,C26,4,4
H9888,C27,3,3
H9888,C28,3,3
H9888,C29,1,1
H9888,C30,Not enough data available ,
H9888,C31,5,5
H9888,C32,5,5
H9888,C33,4,4
H9888,D01,5,5
H9888,D02,3,3
H9888,D03,1,1
H9888,D04,5,5
H9888,D05,4,4
H9888,D06,4,4
H9888,D07,5,5
H9888,D08,1,1
H9888,D09,4,4
H9888,D10,4,4
H9888,D11,4,4
H9888,D12,3,3
H9904,C01,4,4
H9904,C02,5,5
H9904,C03,5,5
H9904,C04,Plan too new to be measured ,
H9904,C05,Plan too new to be measured ,
H9904,C06,4,4
H9904,C07,Plan not required to report measure ,
H9904,C08,Plan not required to report measure ,
H9904,C09,Plan not required to report measure ,
H9904,C10,Not enough data available ,
H9904,C11,3,3
H9904,C12,3,3
H9904,C13,4,4
H9904,C14,3,3
H9904,C15,1,1
H9904,C16,Not enough data available ,
H9904,C17,4,4
H9904,C18,No data available ,
H9904,C19,4,4
H9904,C20,5,5
H9904,C21,4,4
H9904,C22,4,4
H9904,C23,4,4
H9904,C24,4,4
H9904,C25,4,4
H9904,C26,4,4
H9904,C27,4,4
H9904,C28,4,4
H9904,C29,5,5
H9904,C30,5,5
H9904,C31,Not enough data available ,
H9904,C32,Not enough data available ,
H9904,C33,5,5
H9904,D01,5,5
H9904,D02,4,4
H9904,D03,5,5
H9904,D04,3,3
H9904,D05,4,4
H9904,D06,3,3
H9904,D07,4,4
H9904,D08,3,3
H9904,D09,3,3
H9904,D10,3,3
H9904,D11,4,4
H9904,D12,3,3
H9907,C01,5,5
H9907,C02,5,5
H9907,C03,5,5
H9907,C04,Plan too new to be measured ,
H9907,C05,Plan too new to be measured ,
H9907,C06,4,4
H9907,C07,Plan not required to report measure ,
H9907,C08,Plan not required to report measure ,
H9907,C09,Plan not required to report measure ,
H9907,C10,Not enough data available ,
H9907,C11,3,3
H9907,C12,4,4
H9907,C13,4,4
H9907,C14,4,4
H9907,C15,Not enough data available ,
H9907,C16,Not enough data available ,
H9907,C17,3,3
H9907,C18,4,4
H9907,C19,4,4
H9907,C20,3,3
H9907,C21,4,4
H9907,C22,2,2
H9907,C23,3,3
H9907,C24,3,3
H9907,C25,4,4
H9907,C26,4,4
H9907,C27,2,2
H9907,C28,4,4
H9907,C29,5,5
H9907,C30,4,4
H9907,C31,5,5
H9907,C32,5,5
H9907,C33,4,4
H9907,D01,4,4
H9907,D02,4,4
H9907,D03,5,5
H9907,D04,4,4
H9907,D05,1,1
H9907,D06,2,2
H9907,D07,5,5
H9907,D08,4,4
H9907,D09,4,4
H9907,D10,4,4
H9907,D11,4,4
H9907,D12,3,3
H9909,C01,Not enough data available ,
H9909,C02,No data available ,
H9909,C03,Plan too small to be measured ,
H9909,C04,Not enough data available ,
H9909,C05,Not enough data available ,
H9909,C06,No data available ,
H9909,C07,5,5
H9909,C08,5,5
H9909,C09,5,5
H9909,C10,Not enough data available ,
H9909,C11,No data available ,
H9909,C12,3,3
H9909,C13,1,1
H9909,C14,Not enough data available ,
H9909,C15,No data available ,
H9909,C16,No data available ,
H9909,C17,Not enough data available ,
H9909,C18,No data available ,
H9909,C19,Not enough data available ,
H9909,C20,Not enough data available ,
H9909,C21,5,5
H9909,C22,Plan too small to be measured ,
H9909,C23,Plan too small to be measured ,
H9909,C24,Plan too small to be measured ,
H9909,C25,Plan too small to be measured ,
H9909,C26,Plan too small to be measured ,
H9909,C27,Plan too small to be measured ,
H9909,C28,Not enough data available ,
H9909,C29,Not enough data available ,
H9909,C30,Not enough data available ,
H9909,C31,Not enough data available ,
H9909,C32,Not enough data available ,
H9909,C33,3,3
H9909,D01,4,4
H9909,D02,Not enough data available ,
H9909,D03,Not enough data available ,
H9909,D04,1,1
H9909,D05,Plan too small to be measured ,
H9909,D06,Plan too small to be measured ,
H9909,D07,5,5
H9909,D08,3,3
H9909,D09,1,1
H9909,D10,1,1
H9909,D11,4,4
H9909,D12,2,2
H9916,C01,Plan too new to be measured ,
H9916,C02,Plan too new to be measured ,
H9916,C03,Plan too new to be measured ,
H9916,C04,Plan too new to be measured ,
H9916,C05,Plan too new to be measured ,
H9916,C06,Plan too new to be measured ,
H9916,C07,Plan too new to be measured ,
H9916,C08,Plan too new to be measured ,
H9916,C09,Plan too new to be measured ,
H9916,C10,Plan too new to be measured ,
H9916,C11,Plan too new to be measured ,
H9916,C12,Plan too new to be measured ,
H9916,C13,Plan too new to be measured ,
H9916,C14,Plan too new to be measured ,
H9916,C15,Plan too new to be measured ,
H9916,C16,Plan too new to be measured ,
H9916,C17,Plan too new to be measured ,
H9916,C18,Plan too new to be measured ,
H9916,C19,Plan too new to be measured ,
H9916,C20,Plan too new to be measured ,
H9916,C21,Plan too new to be measured ,
H9916,C22,Plan too new to be measured ,
H9916,C23,Plan too new to be measured ,
H9916,C24,Plan too new to be measured ,
H9916,C25,Plan too new to be measured ,
H9916,C26,Plan too new to be measured ,
H9916,C27,Plan too new to be measured ,
H9916,C28,Plan too new to be measured ,
H9916,C29,Plan too new to be measured ,
H9916,C30,Plan too new to be measured ,
H9916,C31,Not enough data available ,
H9916,C32,Not enough data available ,
H9916,C33,Plan too new to be measured ,
H9916,D01,Plan too new to be measured ,
H9916,D02,Plan too new to be measured ,
H9916,D03,Plan too new to be measured ,
H9916,D04,Plan too new to be measured ,
H9916,D05,Plan too new to be measured ,
H9916,D06,Plan too new to be measured ,
H9916,D07,Plan too new to be measured ,
H9916,D08,Plan too new to be measured ,
H9916,D09,Plan too new to be measured ,
H9916,D10,Plan too new to be measured ,
H9916,D11,Plan too new to be measured ,
H9916,D12,Plan too new to be measured,
H9917,C01,Plan too small to be measured ,
H9917,C02,Plan too small to be measured ,
H9917,C03,Plan too small to be measured ,
H9917,C04,Plan too small to be measured ,
H9917,C05,Plan too small to be measured ,
H9917,C06,Plan too small to be measured ,
H9917,C07,5,5
H9917,C08,5,5
H9917,C09,5,5
H9917,C10,Plan too small to be measured ,
H9917,C11,Plan too small to be measured ,
H9917,C12,Plan too small to be measured ,
H9917,C13,Plan too small to be measured ,
H9917,C14,Plan too small to be measured ,
H9917,C15,Plan too small to be measured ,
H9917,C16,Plan too small to be measured ,
H9917,C17,Plan too small to be measured ,
H9917,C18,Plan too small to be measured ,
H9917,C19,Plan too small to be measured ,
H9917,C20,Plan too small to be measured ,
H9917,C21,Plan too small to be measured ,
H9917,C22,Plan too small to be measured ,
H9917,C23,Plan too small to be measured ,
H9917,C24,Plan too small to be measured ,
H9917,C25,Plan too small to be measured ,
H9917,C26,Plan too small to be measured ,
H9917,C27,Plan too small to be measured ,
H9917,C28,Not enough data available ,
H9917,C29,Not enough data available ,
H9917,C30,Not enough data available ,
H9917,C31,Not enough data available ,
H9917,C32,Not enough data available ,
H9917,C33,3,3
H9917,D01,5,5
H9917,D02,Not enough data available ,
H9917,D03,Not enough data available ,
H9917,D04,Not enough data available ,
H9917,D05,Plan too small to be measured ,
H9917,D06,Plan too small to be measured ,
H9917,D07,Not enough data available ,
H9917,D08,Not enough data available ,
H9917,D09,1,1
H9917,D10,4,4
H9917,D11,5,5
H9917,D12,Not enough data available,
H9942,C01,Not enough data available ,
H9942,C02,5,5
H9942,C03,Plan too small to be measured ,
H9942,C04,Not enough data available ,
H9942,C05,Not enough data available ,
H9942,C06,No data available ,
H9942,C07,1,1
H9942,C08,5,5
H9942,C09,5,5
H9942,C10,Not enough data available ,
H9942,C11,5,5
H9942,C12,5,5
H9942,C13,4,4
H9942,C14,Not enough data available ,
H9942,C15,No data available ,
H9942,C16,No data available ,
H9942,C17,Not enough data available ,
H9942,C18,3,3
H9942,C19,Not enough data available ,
H9942,C20,Not enough data available ,
H9942,C21,5,5
H9942,C22,Plan too small to be measured ,
H9942,C23,Plan too small to be measured ,
H9942,C24,Plan too small to be measured ,
H9942,C25,Plan too small to be measured ,
H9942,C26,Plan too small to be measured ,
H9942,C27,Plan too small to be measured ,
H9942,C28,5,5
H9942,C29,5,5
H9942,C30,Not enough data available ,
H9942,C31,Not enough data available ,
H9942,C32,Not enough data available ,
H9942,C33,4,4
H9942,D01,4,4
H9942,D02,5,5
H9942,D03,5,5
H9942,D04,2,2
H9942,D05,Plan too small to be measured ,
H9942,D06,Plan too small to be measured ,
H9942,D07,5,5
H9942,D08,2,2
H9942,D09,2,2
H9942,D10,3,3
H9942,D11,4,4
H9942,D12,5,5
H9955,C01,2,2
H9955,C02,3,3
H9955,C03,1,1
H9955,C04,Not enough data available ,
H9955,C05,Not enough data available ,
H9955,C06,3,3
H9955,C07,3,3
H9955,C08,3,3
H9955,C09,3,3
H9955,C10,Not enough data available ,
H9955,C11,2,2
H9955,C12,3,3
H9955,C13,2,2
H9955,C14,4,4
H9955,C15,Not enough data available ,
H9955,C16,Not enough data available ,
H9955,C17,2,2
H9955,C18,3,3
H9955,C19,2,2
H9955,C20,2,2
H9955,C21,2,2
H9955,C22,4,4
H9955,C23,Not enough data available ,
H9955,C24,3,3
H9955,C25,2,2
H9955,C26,1,1
H9955,C27,Not enough data available ,
H9955,C28,3,3
H9955,C29,4,4
H9955,C30,4,4
H9955,C31,3,3
H9955,C32,5,5
H9955,C33,5,5
H9955,D01,5,5
H9955,D02,3,3
H9955,D03,4,4
H9955,D04,3,3
H9955,D05,2,2
H9955,D06,Not enough data available ,
H9955,D07,5,5
H9955,D08,3,3
H9955,D09,2,2
H9955,D10,3,3
H9955,D11,4,4
H9955,D12,3,3
H9968,C01,Plan too new to be measured ,
H9968,C02,Plan too new to be measured ,
H9968,C03,Plan too new to be measured ,
H9968,C04,Plan too new to be measured ,
H9968,C05,Plan too new to be measured ,
H9968,C06,Plan too new to be measured ,
H9968,C07,Plan too new to be measured ,
H9968,C08,Plan too new to be measured ,
H9968,C09,Plan too new to be measured ,
H9968,C10,Plan too new to be measured ,
H9968,C11,Plan too new to be measured ,
H9968,C12,Plan too new to be measured ,
H9968,C13,Plan too new to be measured ,
H9968,C14,Plan too new to be measured ,
H9968,C15,Plan too new to be measured ,
H9968,C16,Plan too new to be measured ,
H9968,C17,Plan too new to be measured ,
H9968,C18,Plan too new to be measured ,
H9968,C19,Plan too new to be measured ,
H9968,C20,Plan too new to be measured ,
H9968,C21,Plan too new to be measured ,
H9968,C22,Plan too new to be measured ,
H9968,C23,Plan too new to be measured ,
H9968,C24,Plan too new to be measured ,
H9968,C25,Plan too new to be measured ,
H9968,C26,Plan too new to be measured ,
H9968,C27,Plan too new to be measured ,
H9968,C28,Plan too new to be measured ,
H9968,C29,Not enough data available ,
H9968,C30,Plan too new to be measured ,
H9968,C31,Not enough data available ,
H9968,C32,Not enough data available ,
H9968,C33,3,3
H9968,D01,4,4
H9968,D02,Plan too new to be measured ,
H9968,D03,Not enough data available ,
H9968,D04,Plan too new to be measured ,
H9968,D05,Plan too new to be measured ,
H9968,D06,Plan too new to be measured ,
H9968,D07,Plan too new to be measured ,
H9968,D08,Plan too new to be measured ,
H9968,D09,Plan too new to be measured ,
H9968,D10,Plan too new to be measured ,
H9968,D11,Plan too new to be measured ,
H9968,D12,Plan too new to be measured,
H9977,C01,Plan too new to be measured ,
H9977,C02,Plan too new to be measured ,
H9977,C03,Plan too new to be measured ,
H9977,C04,Plan too new to be measured ,
H9977,C05,Plan too new to be measured ,
H9977,C06,Plan too new to be measured ,
H9977,C07,Plan too new to be measured ,
H9977,C08,Plan too new to be measured ,
H9977,C09,Plan too new to be measured ,
H9977,C10,Plan too new to be measured ,
H9977,C11,Plan too new to be measured ,
H9977,C12,Plan too new to be measured ,
H9977,C13,Plan too new to be measured ,
H9977,C14,Plan too new to be measured ,
H9977,C15,Plan too new to be measured ,
H9977,C16,Plan too new to be measured ,
H9977,C17,Plan too new to be measured ,
H9977,C18,Plan too new to be measured ,
H9977,C19,Plan too new to be measured ,
H9977,C20,Plan too new to be measured ,
H9977,C21,Plan too new to be measured ,
H9977,C22,Plan too new to be measured ,
H9977,C23,Plan too new to be measured ,
H9977,C24,Plan too new to be measured ,
H9977,C25,Plan too new to be measured ,
H9977,C26,Plan too new to be measured ,
H9977,C27,Plan too new to be measured ,
H9977,C28,Plan too new to be measured ,
H9977,C29,Plan too new to be measured ,
H9977,C30,Plan too new to be measured ,
H9977,C31,Not enough data available ,
H9977,C32,Not enough data available ,
H9977,C33,Plan too new to be measured ,
H9977,D01,Plan too new to be measured ,
H9977,D02,Plan too new to be measured ,
H9977,D03,Plan too new to be measured ,
H9977,D04,Plan too new to be measured ,
H9977,D05,Plan too new to be measured ,
H9977,D06,Plan too new to be measured ,
H9977,D07,Plan too new to be measured ,
H9977,D08,Plan too new to be measured ,
H9977,D09,Plan too new to be measured ,
H9977,D10,Plan too new to be measured ,
H9977,D11,Plan too new to be measured ,
H9977,D12,Plan too new to be measured,
H9986,C01,Not enough data available ,
H9986,C02,1,1
H9986,C03,Plan too small to be measured ,
H9986,C04,Plan too new to be measured ,
H9986,C05,Plan too new to be measured ,
H9986,C06,No data available ,
H9986,C07,5,5
H9986,C08,1,1
H9986,C09,1,1
H9986,C10,Not enough data available ,
H9986,C11,1,1
H9986,C12,1,1
H9986,C13,1,1
H9986,C14,1,1
H9986,C15,No data available ,
H9986,C16,No data available ,
H9986,C17,1,1
H9986,C18,1,1
H9986,C19,Not enough data available ,
H9986,C20,1,1
H9986,C21,4,4
H9986,C22,Plan too small to be measured ,
H9986,C23,Plan too small to be measured ,
H9986,C24,Plan too small to be measured ,
H9986,C25,Plan too small to be measured ,
H9986,C26,Plan too small to be measured ,
H9986,C27,Plan too small to be measured ,
H9986,C28,4,4
H9986,C29,3,3
H9986,C30,Not enough data available ,
H9986,C31,5,5
H9986,C32,4,4
H9986,C33,3,3
H9986,D01,3,3
H9986,D02,4,4
H9986,D03,3,3
H9986,D04,3,3
H9986,D05,Plan too small to be measured ,
H9986,D06,Plan too small to be measured ,
H9986,D07,4,4
H9986,D08,5,5
H9986,D09,5,5
H9986,D10,5,5
H9986,D11,5,5
H9986,D12,3,3
R0110,C01,2,2
R0110,C02,3,3
R0110,C03,4,4
R0110,C04,3,3
R0110,C05,4,4
R0110,C06,2,2
R0110,C07,Plan not required to report measure ,
R0110,C08,Plan not required to report measure ,
R0110,C09,Plan not required to report measure ,
R0110,C10,2,2
R0110,C11,3,3
R0110,C12,4,4
R0110,C13,3,3
R0110,C14,3,3
R0110,C15,3,3
R0110,C16,2,2
R0110,C17,4,4
R0110,C18,3,3
R0110,C19,3,3
R0110,C20,4,4
R0110,C21,2,2
R0110,C22,5,5
R0110,C23,4,4
R0110,C24,4,4
R0110,C25,4,4
R0110,C26,4,4
R0110,C27,5,5
R0110,C28,5,5
R0110,C29,4,4
R0110,C30,4,4
R0110,C31,3,3
R0110,C32,4,4
R0110,C33,5,5
R0110,D01,5,5
R0110,D02,5,5
R0110,D03,4,4
R0110,D04,3,3
R0110,D05,3,3
R0110,D06,4,4
R0110,D07,1,1
R0110,D08,3,3
R0110,D09,3,3
R0110,D10,3,3
R0110,D11,4,4
R0110,D12,2,2
R0759,C01,3,3
R0759,C02,3,3
R0759,C03,3,3
R0759,C04,4,4
R0759,C05,2,2
R0759,C06,3,3
R0759,C07,2,2
R0759,C08,3,3
R0759,C09,3,3
R0759,C10,2,2
R0759,C11,3,3
R0759,C12,4,4
R0759,C13,3,3
R0759,C14,3,3
R0759,C15,3,3
R0759,C16,4,4
R0759,C17,3,3
R0759,C18,3,3
R0759,C19,2,2
R0759,C20,2,2
R0759,C21,3,3
R0759,C22,5,5
R0759,C23,4,4
R0759,C24,Not enough data available ,
R0759,C25,4,4
R0759,C26,3,3
R0759,C27,Not enough data available ,
R0759,C28,5,5
R0759,C29,3,3
R0759,C30,3,3
R0759,C31,5,5
R0759,C32,4,4
R0759,C33,5,5
R0759,D01,5,5
R0759,D02,5,5
R0759,D03,3,3
R0759,D04,3,3
R0759,D05,4,4
R0759,D06,Not enough data available ,
R0759,D07,5,5
R0759,D08,3,3
R0759,D09,3,3
R0759,D10,3,3
R0759,D11,3,3
R0759,D12,2,2
R1532,C01,2,2
R1532,C02,2,2
R1532,C03,2,2
R1532,C04,2,2
R1532,C05,1,1
R1532,C06,1,1
R1532,C07,Plan not required to report measure ,
R1532,C08,Plan not required to report measure ,
R1532,C09,Plan not required to report measure ,
R1532,C10,Not enough data available ,
R1532,C11,2,2
R1532,C12,3,3
R1532,C13,2,2
R1532,C14,3,3
R1532,C15,3,3
R1532,C16,2,2
R1532,C17,4,4
R1532,C18,4,4
R1532,C19,3,3
R1532,C20,3,3
R1532,C21,2,2
R1532,C22,4,4
R1532,C23,4,4
R1532,C24,4,4
R1532,C25,2,2
R1532,C26,1,1
R1532,C27,3,3
R1532,C28,4,4
R1532,C29,1,1
R1532,C30,1,1
R1532,C31,5,5
R1532,C32,3,3
R1532,C33,5,5
R1532,D01,5,5
R1532,D02,4,4
R1532,D03,1,1
R1532,D04,2,2
R1532,D05,Not enough data available ,
R1532,D06,Not enough data available ,
R1532,D07,1,1
R1532,D08,3,3
R1532,D09,2,2
R1532,D10,2,2
R1532,D11,4,4
R1532,D12,3,3
R2604,C01,3,3
R2604,C02,4,4
R2604,C03,4,4
R2604,C04,5,5
R2604,C05,1,1
R2604,C06,3,3
R2604,C07,4,4
R2604,C08,4,4
R2604,C09,5,5
R2604,C10,2,2
R2604,C11,4,4
R2604,C12,4,4
R2604,C13,3,3
R2604,C14,3,3
R2604,C15,4,4
R2604,C16,1,1
R2604,C17,3,3
R2604,C18,3,3
R2604,C19,3,3
R2604,C20,3,3
R2604,C21,3,3
R2604,C22,5,5
R2604,C23,5,5
R2604,C24,Not enough data available ,
R2604,C25,4,4
R2604,C26,3,3
R2604,C27,5,5
R2604,C28,5,5
R2604,C29,2,2
R2604,C30,5,5
R2604,C31,5,5
R2604,C32,4,4
R2604,C33,5,5
R2604,D01,5,5
R2604,D02,5,5
R2604,D03,2,2
R2604,D04,4,4
R2604,D05,4,4
R2604,D06,Not enough data available ,
R2604,D07,5,5
R2604,D08,3,3
R2604,D09,3,3
R2604,D10,3,3
R2604,D11,3,3
R2604,D12,3,3
R3175,C01,Plan too small to be measured ,
R3175,C02,Plan too small to be measured ,
R3175,C03,Plan too small to be measured ,
R3175,C04,Not enough data available ,
R3175,C05,Not enough data available ,
R3175,C06,Plan too small to be measured ,
R3175,C07,Plan not required to report measure ,
R3175,C08,Plan not required to report measure ,
R3175,C09,Plan not required to report measure ,
R3175,C10,Plan too small to be measured ,
R3175,C11,Plan too small to be measured ,
R3175,C12,Plan too small to be measured ,
R3175,C13,Plan too small to be measured ,
R3175,C14,Plan too small to be measured ,
R3175,C15,Plan too small to be measured ,
R3175,C16,Plan too small to be measured ,
R3175,C17,Plan too small to be measured ,
R3175,C18,Plan too small to be measured ,
R3175,C19,Plan too small to be measured ,
R3175,C20,Plan too small to be measured ,
R3175,C21,Plan too small to be measured ,
R3175,C22,Plan too small to be measured ,
R3175,C23,Plan too small to be measured ,
R3175,C24,Plan too small to be measured ,
R3175,C25,Plan too small to be measured ,
R3175,C26,Plan too small to be measured ,
R3175,C27,Plan too small to be measured ,
R3175,C28,Not enough data available ,
R3175,C29,Not enough data available ,
R3175,C30,Not enough data available ,
R3175,C31,Not enough data available ,
R3175,C32,Not enough data available ,
R3175,C33,Not enough data available ,
R3175,D01,Plan not required to report measure ,
R3175,D02,Plan not required to report measure ,
R3175,D03,Plan not required to report measure ,
R3175,D04,Plan not required to report measure ,
R3175,D05,Plan not required to report measure ,
R3175,D06,Plan not required to report measure ,
R3175,D07,Plan not required to report measure ,
R3175,D08,Plan not required to report measure ,
R3175,D09,Plan not required to report measure ,
R3175,D10,Plan not required to report measure ,
R3175,D11,Plan not required to report measure ,
R3175,D12,Plan not required to report measure,
R3444,C01,2,2
R3444,C02,3,3
R3444,C03,3,3
R3444,C04,3,3
R3444,C05,4,4
R3444,C06,1,1
R3444,C07,3,3
R3444,C08,4,4
R3444,C09,4,4
R3444,C10,2,2
R3444,C11,3,3
R3444,C12,3,3
R3444,C13,2,2
R3444,C14,2,2
R3444,C15,2,2
R3444,C16,1,1
R3444,C17,3,3
R3444,C18,3,3
R3444,C19,2,2
R3444,C20,3,3
R3444,C21,2,2
R3444,C22,4,4
R3444,C23,4,4
R3444,C24,Not enough data available ,
R3444,C25,4,4
R3444,C26,2,2
R3444,C27,Not enough data available ,
R3444,C28,4,4
R3444,C29,2,2
R3444,C30,3,3
R3444,C31,4,4
R3444,C32,4,4
R3444,C33,5,5
R3444,D01,5,5
R3444,D02,4,4
R3444,D03,2,2
R3444,D04,5,5
R3444,D05,2,2
R3444,D06,3,3
R3444,D07,5,5
R3444,D08,3,3
R3444,D09,3,3
R3444,D10,3,3
R3444,D11,3,3
R3444,D12,3,3
R4182,C01,2,2
R4182,C02,3,3
R4182,C03,3,3
R4182,C04,Not enough data available ,
R4182,C05,Not enough data available ,
R4182,C06,3,3
R4182,C07,Plan not required to report measure ,
R4182,C08,Plan not required to report measure ,
R4182,C09,Plan not required to report measure ,
R4182,C10,2,2
R4182,C11,2,2
R4182,C12,3,3
R4182,C13,2,2
R4182,C14,3,3
R4182,C15,3,3
R4182,C16,2,2
R4182,C17,4,4
R4182,C18,3,3
R4182,C19,2,2
R4182,C20,3,3
R4182,C21,2,2
R4182,C22,5,5
R4182,C23,4,4
R4182,C24,5,5
R4182,C25,5,5
R4182,C26,3,3
R4182,C27,4,4
R4182,C28,5,5
R4182,C29,3,3
R4182,C30,4,4
R4182,C31,4,4
R4182,C32,4,4
R4182,C33,5,5
R4182,D01,5,5
R4182,D02,5,5
R4182,D03,3,3
R4182,D04,3,3
R4182,D05,4,4
R4182,D06,4,4
R4182,D07,1,1
R4182,D08,2,2
R4182,D09,3,3
R4182,D10,3,3
R4182,D11,3,3
R4182,D12,2,2
R5342,C01,3,3
R5342,C02,3,3
R5342,C03,5,5
R5342,C04,Not enough data available ,
R5342,C05,Not enough data available ,
R5342,C06,2,2
R5342,C07,Plan not required to report measure ,
R5342,C08,Plan not required to report measure ,
R5342,C09,Plan not required to report measure ,
R5342,C10,2,2
R5342,C11,4,4
R5342,C12,3,3
R5342,C13,3,3
R5342,C14,3,3
R5342,C15,2,2
R5342,C16,2,2
R5342,C17,3,3
R5342,C18,2,2
R5342,C19,3,3
R5342,C20,2,2
R5342,C21,3,3
R5342,C22,4,4
R5342,C23,4,4
R5342,C24,1,1
R5342,C25,4,4
R5342,C26,1,1
R5342,C27,4,4
R5342,C28,5,5
R5342,C29,5,5
R5342,C30,5,5
R5342,C31,5,5
R5342,C32,4,4
R5342,C33,5,5
R5342,D01,Plan not required to report measure ,
R5342,D02,Plan not required to report measure ,
R5342,D03,Plan not required to report measure ,
R5342,D04,Plan not required to report measure ,
R5342,D05,Plan not required to report measure ,
R5342,D06,Plan not required to report measure ,
R5342,D07,Plan not required to report measure ,
R5342,D08,Plan not required to report measure ,
R5342,D09,Plan not required to report measure ,
R5342,D10,Plan not required to report measure ,
R5342,D11,Plan not required to report measure ,
R5342,D12,Plan not required to report measure,
R5361,C01,2,2
R5361,C02,3,3
R5361,C03,4,4
R5361,C04,2,2
R5361,C05,4,4
R5361,C06,1,1
R5361,C07,Plan not required to report measure ,
R5361,C08,Plan not required to report measure ,
R5361,C09,Plan not required to report measure ,
R5361,C10,Not enough data available ,
R5361,C11,2,2
R5361,C12,3,3
R5361,C13,3,3
R5361,C14,3,3
R5361,C15,4,4
R5361,C16,2,2
R5361,C17,4,4
R5361,C18,3,3
R5361,C19,2,2
R5361,C20,4,4
R5361,C21,2,2
R5361,C22,4,4
R5361,C23,4,4
R5361,C24,Not enough data available ,
R5361,C25,4,4
R5361,C26,3,3
R5361,C27,4,4
R5361,C28,5,5
R5361,C29,4,4
R5361,C30,3,3
R5361,C31,3,3
R5361,C32,2,2
R5361,C33,5,5
R5361,D01,5,5
R5361,D02,5,5
R5361,D03,4,4
R5361,D04,3,3
R5361,D05,Not enough data available ,
R5361,D06,Not enough data available ,
R5361,D07,1,1
R5361,D08,3,3
R5361,D09,3,3
R5361,D10,4,4
R5361,D11,3,3
R5361,D12,2,2
R5826,C01,2,2
R5826,C02,3,3
R5826,C03,2,2
R5826,C04,Not enough data available ,
R5826,C05,Not enough data available ,
R5826,C06,2,2
R5826,C07,Plan not required to report measure ,
R5826,C08,Plan not required to report measure ,
R5826,C09,Plan not required to report measure ,
R5826,C10,Not enough data available ,
R5826,C11,2,2
R5826,C12,3,3
R5826,C13,3,3
R5826,C14,3,3
R5826,C15,3,3
R5826,C16,Not enough data available ,
R5826,C17,4,4
R5826,C18,3,3
R5826,C19,2,2
R5826,C20,3,3
R5826,C21,3,3
R5826,C22,5,5
R5826,C23,4,4
R5826,C24,3,3
R5826,C25,4,4
R5826,C26,2,2
R5826,C27,3,3
R5826,C28,5,5
R5826,C29,3,3
R5826,C30,4,4
R5826,C31,5,5
R5826,C32,4,4
R5826,C33,5,5
R5826,D01,5,5
R5826,D02,5,5
R5826,D03,3,3
R5826,D04,4,4
R5826,D05,3,3
R5826,D06,2,2
R5826,D07,1,1
R5826,D08,3,3
R5826,D09,3,3
R5826,D10,3,3
R5826,D11,3,3
R5826,D12,3,3
R5941,C01,2,2
R5941,C02,4,4
R5941,C03,4,4
R5941,C04,3,3
R5941,C05,4,4
R5941,C06,2,2
R5941,C07,Plan not required to report measure ,
R5941,C08,Plan not required to report measure ,
R5941,C09,Plan not required to report measure ,
R5941,C10,1,1
R5941,C11,2,2
R5941,C12,3,3
R5941,C13,3,3
R5941,C14,2,2
R5941,C15,2,2
R5941,C16,2,2
R5941,C17,5,5
R5941,C18,2,2
R5941,C19,1,1
R5941,C20,4,4
R5941,C21,3,3
R5941,C22,5,5
R5941,C23,5,5
R5941,C24,3,3
R5941,C25,5,5
R5941,C26,2,2
R5941,C27,5,5
R5941,C28,5,5
R5941,C29,4,4
R5941,C30,Not enough data available ,
R5941,C31,5,5
R5941,C32,5,5
R5941,C33,5,5
R5941,D01,5,5
R5941,D02,5,5
R5941,D03,4,4
R5941,D04,Not enough data available ,
R5941,D05,2,2
R5941,D06,4,4
R5941,D07,5,5
R5941,D08,3,3
R5941,D09,4,4
R5941,D10,4,4
R5941,D11,3,3
R5941,D12,2,2
R6694,C01,2,2
R6694,C02,4,4
R6694,C03,5,5
R6694,C04,3,3
R6694,C05,4,4
R6694,C06,3,3
R6694,C07,Plan not required to report measure ,
R6694,C08,Plan not required to report measure ,
R6694,C09,Plan not required to report measure ,
R6694,C10,Not enough data available ,
R6694,C11,3,3
R6694,C12,4,4
R6694,C13,3,3
R6694,C14,4,4
R6694,C15,4,4
R6694,C16,3,3
R6694,C17,5,5
R6694,C18,4,4
R6694,C19,1,1
R6694,C20,3,3
R6694,C21,3,3
R6694,C22,5,5
R6694,C23,5,5
R6694,C24,3,3
R6694,C25,4,4
R6694,C26,4,4
R6694,C27,3,3
R6694,C28,4,4
R6694,C29,4,4
R6694,C30,2,2
R6694,C31,Not enough data available ,
R6694,C32,Not enough data available ,
R6694,C33,4,4
R6694,D01,5,5
R6694,D02,4,4
R6694,D03,4,4
R6694,D04,3,3
R6694,D05,4,4
R6694,D06,4,4
R6694,D07,5,5
R6694,D08,4,4
R6694,D09,3,3
R6694,D10,4,4
R6694,D11,5,5
R6694,D12,1,1
R6801,C01,2,2
R6801,C02,3,3
R6801,C03,2,2
R6801,C04,3,3
R6801,C05,2,2
R6801,C06,3,3
R6801,C07,3,3
R6801,C08,4,4
R6801,C09,4,4
R6801,C10,1,1
R6801,C11,3,3
R6801,C12,3,3
R6801,C13,3,3
R6801,C14,4,4
R6801,C15,3,3
R6801,C16,3,3
R6801,C17,3,3
R6801,C18,2,2
R6801,C19,2,2
R6801,C20,2,2
R6801,C21,2,2
R6801,C22,5,5
R6801,C23,5,5
R6801,C24,3,3
R6801,C25,4,4
R6801,C26,4,4
R6801,C27,3,3
R6801,C28,4,4
R6801,C29,2,2
R6801,C30,4,4
R6801,C31,4,4
R6801,C32,4,4
R6801,C33,5,5
R6801,D01,5,5
R6801,D02,4,4
R6801,D03,2,2
R6801,D04,4,4
R6801,D05,2,2
R6801,D06,2,2
R6801,D07,5,5
R6801,D08,2,2
R6801,D09,2,2
R6801,D10,2,2
R6801,D11,3,3
R6801,D12,2,2
R7220,C01,2,2
R7220,C02,3,3
R7220,C03,1,1
R7220,C04,Not enough data available ,
R7220,C05,Not enough data available ,
R7220,C06,2,2
R7220,C07,Plan not required to report measure ,
R7220,C08,Plan not required to report measure ,
R7220,C09,Plan not required to report measure ,
R7220,C10,Not enough data available ,
R7220,C11,2,2
R7220,C12,3,3
R7220,C13,3,3
R7220,C14,2,2
R7220,C15,1,1
R7220,C16,1,1
R7220,C17,4,4
R7220,C18,4,4
R7220,C19,4,4
R7220,C20,3,3
R7220,C21,2,2
R7220,C22,3,3
R7220,C23,Not enough data available ,
R7220,C24,Not enough data available ,
R7220,C25,2,2
R7220,C26,2,2
R7220,C27,Not enough data available ,
R7220,C28,4,4
R7220,C29,4,4
R7220,C30,3,3
R7220,C31,5,5
R7220,C32,2,2
R7220,C33,5,5
R7220,D01,5,5
R7220,D02,4,4
R7220,D03,4,4
R7220,D04,1,1
R7220,D05,2,2
R7220,D06,Not enough data available ,
R7220,D07,1,1
R7220,D08,3,3
R7220,D09,2,2
R7220,D10,2,2
R7220,D11,4,4
R7220,D12,4,4
R7444,C01,3,3
R7444,C02,4,4
R7444,C03,Plan too small to be measured ,
R7444,C04,4,4
R7444,C05,3,3
R7444,C06,2,2
R7444,C07,Plan not required to report measure ,
R7444,C08,Plan not required to report measure ,
R7444,C09,Plan not required to report measure ,
R7444,C10,2,2
R7444,C11,4,4
R7444,C12,3,3
R7444,C13,3,3
R7444,C14,3,3
R7444,C15,2,2
R7444,C16,4,4
R7444,C17,3,3
R7444,C18,2,2
R7444,C19,4,4
R7444,C20,2,2
R7444,C21,2,2
R7444,C22,Plan too small to be measured ,
R7444,C23,Plan too small to be measured ,
R7444,C24,Plan too small to be measured ,
R7444,C25,Plan too small to be measured ,
R7444,C26,Plan too small to be measured ,
R7444,C27,Plan too small to be measured ,
R7444,C28,4,4
R7444,C29,Not enough data available ,
R7444,C30,3,3
R7444,C31,5,5
R7444,C32,5,5
R7444,C33,Not enough data available ,
R7444,D01,Not enough data available ,
R7444,D02,4,4
R7444,D03,Not enough data available ,
R7444,D04,4,4
R7444,D05,Plan too small to be measured ,
R7444,D06,Plan too small to be measured ,
R7444,D07,5,5
R7444,D08,3,3
R7444,D09,4,4
R7444,D10,4,4
R7444,D11,4,4
R7444,D12,3,3
S0262,C01,Plan not required to report measure ,
S0262,C02,Plan not required to report measure ,
S0262,C03,Plan not required to report measure ,
S0262,C04,Plan not required to report measure ,
S0262,C05,Plan not required to report measure ,
S0262,C06,Plan not required to report measure ,
S0262,C07,Plan not required to report measure ,
S0262,C08,Plan not required to report measure ,
S0262,C09,Plan not required to report measure ,
S0262,C10,Plan not required to report measure ,
S0262,C11,Plan not required to report measure ,
S0262,C12,Plan not required to report measure ,
S0262,C13,Plan not required to report measure ,
S0262,C14,Plan not required to report measure ,
S0262,C15,Plan not required to report measure ,
S0262,C16,Plan not required to report measure ,
S0262,C17,Plan not required to report measure ,
S0262,C18,Plan not required to report measure ,
S0262,C19,Plan not required to report measure ,
S0262,C20,Plan not required to report measure ,
S0262,C21,Plan not required to report measure ,
S0262,C22,Plan not required to report measure ,
S0262,C23,Plan not required to report measure ,
S0262,C24,Plan not required to report measure ,
S0262,C25,Plan not required to report measure ,
S0262,C26,Plan not required to report measure ,
S0262,C27,Plan not required to report measure ,
S0262,C28,Plan not required to report measure ,
S0262,C29,Plan not required to report measure ,
S0262,C30,Plan not required to report measure ,
S0262,C31,Plan not required to report measure ,
S0262,C32,Plan not required to report measure ,
S0262,C33,Plan not required to report measure ,
S0262,D01,Plan too new to be measured ,
S0262,D02,Plan too new to be measured ,
S0262,D03,Not enough data available ,
S0262,D04,Plan too new to be measured ,
S0262,D05,Plan too new to be measured ,
S0262,D06,Plan too new to be measured ,
S0262,D07,Plan too new to be measured ,
S0262,D08,Plan too new to be measured ,
S0262,D09,Plan too new to be measured ,
S0262,D10,Plan too new to be measured ,
S0262,D11,Plan too new to be measured ,
S0262,D12,Plan too new to be measured,
S0375,C01,Plan not required to report measure ,
S0375,C02,Plan not required to report measure ,
S0375,C03,Plan not required to report measure ,
S0375,C04,Plan not required to report measure ,
S0375,C05,Plan not required to report measure ,
S0375,C06,Plan not required to report measure ,
S0375,C07,Plan not required to report measure ,
S0375,C08,Plan not required to report measure ,
S0375,C09,Plan not required to report measure ,
S0375,C10,Plan not required to report measure ,
S0375,C11,Plan not required to report measure ,
S0375,C12,Plan not required to report measure ,
S0375,C13,Plan not required to report measure ,
S0375,C14,Plan not required to report measure ,
S0375,C15,Plan not required to report measure ,
S0375,C16,Plan not required to report measure ,
S0375,C17,Plan not required to report measure ,
S0375,C18,Plan not required to report measure ,
S0375,C19,Plan not required to report measure ,
S0375,C20,Plan not required to report measure ,
S0375,C21,Plan not required to report measure ,
S0375,C22,Plan not required to report measure ,
S0375,C23,Plan not required to report measure ,
S0375,C24,Plan not required to report measure ,
S0375,C25,Plan not required to report measure ,
S0375,C26,Plan not required to report measure ,
S0375,C27,Plan not required to report measure ,
S0375,C28,Plan not required to report measure ,
S0375,C29,Plan not required to report measure ,
S0375,C30,Plan not required to report measure ,
S0375,C31,Plan not required to report measure ,
S0375,C32,Plan not required to report measure ,
S0375,C33,Plan not required to report measure ,
S0375,D01,Plan too new to be measured ,
S0375,D02,Plan too new to be measured ,
S0375,D03,Not enough data available ,
S0375,D04,Plan too new to be measured ,
S0375,D05,Plan too new to be measured ,
S0375,D06,Plan too new to be measured ,
S0375,D07,Plan too new to be measured ,
S0375,D08,Plan too new to be measured ,
S0375,D09,Plan too new to be measured ,
S0375,D10,Plan too new to be measured ,
S0375,D11,Plan too new to be measured ,
S0375,D12,Plan too new to be measured,
S0586,C01,Plan not required to report measure ,
S0586,C02,Plan not required to report measure ,
S0586,C03,Plan not required to report measure ,
S0586,C04,Plan not required to report measure ,
S0586,C05,Plan not required to report measure ,
S0586,C06,Plan not required to report measure ,
S0586,C07,Plan not required to report measure ,
S0586,C08,Plan not required to report measure ,
S0586,C09,Plan not required to report measure ,
S0586,C10,Plan not required to report measure ,
S0586,C11,Plan not required to report measure ,
S0586,C12,Plan not required to report measure ,
S0586,C13,Plan not required to report measure ,
S0586,C14,Plan not required to report measure ,
S0586,C15,Plan not required to report measure ,
S0586,C16,Plan not required to report measure ,
S0586,C17,Plan not required to report measure ,
S0586,C18,Plan not required to report measure ,
S0586,C19,Plan not required to report measure ,
S0586,C20,Plan not required to report measure ,
S0586,C21,Plan not required to report measure ,
S0586,C22,Plan not required to report measure ,
S0586,C23,Plan not required to report measure ,
S0586,C24,Plan not required to report measure ,
S0586,C25,Plan not required to report measure ,
S0586,C26,Plan not required to report measure ,
S0586,C27,Plan not required to report measure ,
S0586,C28,Plan not required to report measure ,
S0586,C29,Plan not required to report measure ,
S0586,C30,Plan not required to report measure ,
S0586,C31,Plan not required to report measure ,
S0586,C32,Plan not required to report measure ,
S0586,C33,Plan not required to report measure ,
S0586,D01,Not enough data available ,
S0586,D02,Not enough data available ,
S0586,D03,Not enough data available ,
S0586,D04,Not enough data available ,
S0586,D05,Plan too small to be measured ,
S0586,D06,Plan too small to be measured ,
S0586,D07,Not enough data available ,
S0586,D08,3,3
S0586,D09,5,5
S0586,D10,5,5
S0586,D11,4,4
S0586,D12,Not enough data available,
S1030,C01,Plan not required to report measure ,
S1030,C02,Plan not required to report measure ,
S1030,C03,Plan not required to report measure ,
S1030,C04,Plan not required to report measure ,
S1030,C05,Plan not required to report measure ,
S1030,C06,Plan not required to report measure ,
S1030,C07,Plan not required to report measure ,
S1030,C08,Plan not required to report measure ,
S1030,C09,Plan not required to report measure ,
S1030,C10,Plan not required to report measure ,
S1030,C11,Plan not required to report measure ,
S1030,C12,Plan not required to report measure ,
S1030,C13,Plan not required to report measure ,
S1030,C14,Plan not required to report measure ,
S1030,C15,Plan not required to report measure ,
S1030,C16,Plan not required to report measure ,
S1030,C17,Plan not required to report measure ,
S1030,C18,Plan not required to report measure ,
S1030,C19,Plan not required to report measure ,
S1030,C20,Plan not required to report measure ,
S1030,C21,Plan not required to report measure ,
S1030,C22,Plan not required to report measure ,
S1030,C23,Plan not required to report measure ,
S1030,C24,Plan not required to report measure ,
S1030,C25,Plan not required to report measure ,
S1030,C26,Plan not required to report measure ,
S1030,C27,Plan not required to report measure ,
S1030,C28,Plan not required to report measure ,
S1030,C29,Plan not required to report measure ,
S1030,C30,Plan not required to report measure ,
S1030,C31,Plan not required to report measure ,
S1030,C32,Plan not required to report measure ,
S1030,C33,Plan not required to report measure ,
S1030,D01,3,3
S1030,D02,5,5
S1030,D03,4,4
S1030,D04,4,4
S1030,D05,3,3
S1030,D06,4,4
S1030,D07,5,5
S1030,D08,1,1
S1030,D09,1,1
S1030,D10,1,1
S1030,D11,1,1
S1030,D12,1,1
S1140,C01,Plan not required to report measure ,
S1140,C02,Plan not required to report measure ,
S1140,C03,Plan not required to report measure ,
S1140,C04,Plan not required to report measure ,
S1140,C05,Plan not required to report measure ,
S1140,C06,Plan not required to report measure ,
S1140,C07,Plan not required to report measure ,
S1140,C08,Plan not required to report measure ,
S1140,C09,Plan not required to report measure ,
S1140,C10,Plan not required to report measure ,
S1140,C11,Plan not required to report measure ,
S1140,C12,Plan not required to report measure ,
S1140,C13,Plan not required to report measure ,
S1140,C14,Plan not required to report measure ,
S1140,C15,Plan not required to report measure ,
S1140,C16,Plan not required to report measure ,
S1140,C17,Plan not required to report measure ,
S1140,C18,Plan not required to report measure ,
S1140,C19,Plan not required to report measure ,
S1140,C20,Plan not required to report measure ,
S1140,C21,Plan not required to report measure ,
S1140,C22,Plan not required to report measure ,
S1140,C23,Plan not required to report measure ,
S1140,C24,Plan not required to report measure ,
S1140,C25,Plan not required to report measure ,
S1140,C26,Plan not required to report measure ,
S1140,C27,Plan not required to report measure ,
S1140,C28,Plan not required to report measure ,
S1140,C29,Plan not required to report measure ,
S1140,C30,Plan not required to report measure ,
S1140,C31,Plan not required to report measure ,
S1140,C32,Plan not required to report measure ,
S1140,C33,Plan not required to report measure ,
S1140,D01,Not enough data available ,
S1140,D02,5,5
S1140,D03,Not enough data available ,
S1140,D04,2,2
S1140,D05,5,5
S1140,D06,5,5
S1140,D07,Not enough data available ,
S1140,D08,3,3
S1140,D09,3,3
S1140,D10,3,3
S1140,D11,3,3
S1140,D12,4,4
S1822,C01,Plan not required to report measure ,
S1822,C02,Plan not required to report measure ,
S1822,C03,Plan not required to report measure ,
S1822,C04,Plan not required to report measure ,
S1822,C05,Plan not required to report measure ,
S1822,C06,Plan not required to report measure ,
S1822,C07,Plan not required to report measure ,
S1822,C08,Plan not required to report measure ,
S1822,C09,Plan not required to report measure ,
S1822,C10,Plan not required to report measure ,
S1822,C11,Plan not required to report measure ,
S1822,C12,Plan not required to report measure ,
S1822,C13,Plan not required to report measure ,
S1822,C14,Plan not required to report measure ,
S1822,C15,Plan not required to report measure ,
S1822,C16,Plan not required to report measure ,
S1822,C17,Plan not required to report measure ,
S1822,C18,Plan not required to report measure ,
S1822,C19,Plan not required to report measure ,
S1822,C20,Plan not required to report measure ,
S1822,C21,Plan not required to report measure ,
S1822,C22,Plan not required to report measure ,
S1822,C23,Plan not required to report measure ,
S1822,C24,Plan not required to report measure ,
S1822,C25,Plan not required to report measure ,
S1822,C26,Plan not required to report measure ,
S1822,C27,Plan not required to report measure ,
S1822,C28,Plan not required to report measure ,
S1822,C29,Plan not required to report measure ,
S1822,C30,Plan not required to report measure ,
S1822,C31,Plan not required to report measure ,
S1822,C32,Plan not required to report measure ,
S1822,C33,Plan not required to report measure ,
S1822,D01,Not enough data available ,
S1822,D02,5,5
S1822,D03,Not enough data available ,
S1822,D04,3,3
S1822,D05,4,4
S1822,D06,3,3
S1822,D07,Not enough data available ,
S1822,D08,4,4
S1822,D09,4,4
S1822,D10,4,4
S1822,D11,5,5
S1822,D12,5,5
S2135,C01,Plan not required to report measure ,
S2135,C02,Plan not required to report measure ,
S2135,C03,Plan not required to report measure ,
S2135,C04,Plan not required to report measure ,
S2135,C05,Plan not required to report measure ,
S2135,C06,Plan not required to report measure ,
S2135,C07,Plan not required to report measure ,
S2135,C08,Plan not required to report measure ,
S2135,C09,Plan not required to report measure ,
S2135,C10,Plan not required to report measure ,
S2135,C11,Plan not required to report measure ,
S2135,C12,Plan not required to report measure ,
S2135,C13,Plan not required to report measure ,
S2135,C14,Plan not required to report measure ,
S2135,C15,Plan not required to report measure ,
S2135,C16,Plan not required to report measure ,
S2135,C17,Plan not required to report measure ,
S2135,C18,Plan not required to report measure ,
S2135,C19,Plan not required to report measure ,
S2135,C20,Plan not required to report measure ,
S2135,C21,Plan not required to report measure ,
S2135,C22,Plan not required to report measure ,
S2135,C23,Plan not required to report measure ,
S2135,C24,Plan not required to report measure ,
S2135,C25,Plan not required to report measure ,
S2135,C26,Plan not required to report measure ,
S2135,C27,Plan not required to report measure ,
S2135,C28,Plan not required to report measure ,
S2135,C29,Plan not required to report measure ,
S2135,C30,Plan not required to report measure ,
S2135,C31,Plan not required to report measure ,
S2135,C32,Plan not required to report measure ,
S2135,C33,Plan not required to report measure ,
S2135,D01,Not enough data available ,
S2135,D02,4,4
S2135,D03,Not enough data available ,
S2135,D04,Not enough data available ,
S2135,D05,5,5
S2135,D06,4,4
S2135,D07,Not enough data available ,
S2135,D08,3,3
S2135,D09,2,2
S2135,D10,2,2
S2135,D11,3,3
S2135,D12,3,3
S2468,C01,Plan not required to report measure ,
S2468,C02,Plan not required to report measure ,
S2468,C03,Plan not required to report measure ,
S2468,C04,Plan not required to report measure ,
S2468,C05,Plan not required to report measure ,
S2468,C06,Plan not required to report measure ,
S2468,C07,Plan not required to report measure ,
S2468,C08,Plan not required to report measure ,
S2468,C09,Plan not required to report measure ,
S2468,C10,Plan not required to report measure ,
S2468,C11,Plan not required to report measure ,
S2468,C12,Plan not required to report measure ,
S2468,C13,Plan not required to report measure ,
S2468,C14,Plan not required to report measure ,
S2468,C15,Plan not required to report measure ,
S2468,C16,Plan not required to report measure ,
S2468,C17,Plan not required to report measure ,
S2468,C18,Plan not required to report measure ,
S2468,C19,Plan not required to report measure ,
S2468,C20,Plan not required to report measure ,
S2468,C21,Plan not required to report measure ,
S2468,C22,Plan not required to report measure ,
S2468,C23,Plan not required to report measure ,
S2468,C24,Plan not required to report measure ,
S2468,C25,Plan not required to report measure ,
S2468,C26,Plan not required to report measure ,
S2468,C27,Plan not required to report measure ,
S2468,C28,Plan not required to report measure ,
S2468,C29,Plan not required to report measure ,
S2468,C30,Plan not required to report measure ,
S2468,C31,Plan not required to report measure ,
S2468,C32,Plan not required to report measure ,
S2468,C33,Plan not required to report measure ,
S2468,D01,5,5
S2468,D02,4,4
S2468,D03,3,3
S2468,D04,4,4
S2468,D05,3,3
S2468,D06,2,2
S2468,D07,4,4
S2468,D08,2,2
S2468,D09,2,2
S2468,D10,2,2
S2468,D11,5,5
S2468,D12,3,3
S2893,C01,Plan not required to report measure ,
S2893,C02,Plan not required to report measure ,
S2893,C03,Plan not required to report measure ,
S2893,C04,Plan not required to report measure ,
S2893,C05,Plan not required to report measure ,
S2893,C06,Plan not required to report measure ,
S2893,C07,Plan not required to report measure ,
S2893,C08,Plan not required to report measure ,
S2893,C09,Plan not required to report measure ,
S2893,C10,Plan not required to report measure ,
S2893,C11,Plan not required to report measure ,
S2893,C12,Plan not required to report measure ,
S2893,C13,Plan not required to report measure ,
S2893,C14,Plan not required to report measure ,
S2893,C15,Plan not required to report measure ,
S2893,C16,Plan not required to report measure ,
S2893,C17,Plan not required to report measure ,
S2893,C18,Plan not required to report measure ,
S2893,C19,Plan not required to report measure ,
S2893,C20,Plan not required to report measure ,
S2893,C21,Plan not required to report measure ,
S2893,C22,Plan not required to report measure ,
S2893,C23,Plan not required to report measure ,
S2893,C24,Plan not required to report measure ,
S2893,C25,Plan not required to report measure ,
S2893,C26,Plan not required to report measure ,
S2893,C27,Plan not required to report measure ,
S2893,C28,Plan not required to report measure ,
S2893,C29,Plan not required to report measure ,
S2893,C30,Plan not required to report measure ,
S2893,C31,Plan not required to report measure ,
S2893,C32,Plan not required to report measure ,
S2893,C33,Plan not required to report measure ,
S2893,D01,2,2
S2893,D02,5,5
S2893,D03,5,5
S2893,D04,5,5
S2893,D05,4,4
S2893,D06,3,3
S2893,D07,4,4
S2893,D08,4,4
S2893,D09,4,4
S2893,D10,3,3
S2893,D11,3,3
S2893,D12,4,4
S3285,C01,Plan not required to report measure ,
S3285,C02,Plan not required to report measure ,
S3285,C03,Plan not required to report measure ,
S3285,C04,Plan not required to report measure ,
S3285,C05,Plan not required to report measure ,
S3285,C06,Plan not required to report measure ,
S3285,C07,Plan not required to report measure ,
S3285,C08,Plan not required to report measure ,
S3285,C09,Plan not required to report measure ,
S3285,C10,Plan not required to report measure ,
S3285,C11,Plan not required to report measure ,
S3285,C12,Plan not required to report measure ,
S3285,C13,Plan not required to report measure ,
S3285,C14,Plan not required to report measure ,
S3285,C15,Plan not required to report measure ,
S3285,C16,Plan not required to report measure ,
S3285,C17,Plan not required to report measure ,
S3285,C18,Plan not required to report measure ,
S3285,C19,Plan not required to report measure ,
S3285,C20,Plan not required to report measure ,
S3285,C21,Plan not required to report measure ,
S3285,C22,Plan not required to report measure ,
S3285,C23,Plan not required to report measure ,
S3285,C24,Plan not required to report measure ,
S3285,C25,Plan not required to report measure ,
S3285,C26,Plan not required to report measure ,
S3285,C27,Plan not required to report measure ,
S3285,C28,Plan not required to report measure ,
S3285,C29,Plan not required to report measure ,
S3285,C30,Plan not required to report measure ,
S3285,C31,Plan not required to report measure ,
S3285,C32,Plan not required to report measure ,
S3285,C33,Plan not required to report measure ,
S3285,D01,Not enough data available ,
S3285,D02,4,4
S3285,D03,Not enough data available ,
S3285,D04,3,3
S3285,D05,4,4
S3285,D06,3,3
S3285,D07,Not enough data available ,
S3285,D08,4,4
S3285,D09,3,3
S3285,D10,3,3
S3285,D11,3,3
S3285,D12,3,3
S3389,C01,Plan not required to report measure ,
S3389,C02,Plan not required to report measure ,
S3389,C03,Plan not required to report measure ,
S3389,C04,Plan not required to report measure ,
S3389,C05,Plan not required to report measure ,
S3389,C06,Plan not required to report measure ,
S3389,C07,Plan not required to report measure ,
S3389,C08,Plan not required to report measure ,
S3389,C09,Plan not required to report measure ,
S3389,C10,Plan not required to report measure ,
S3389,C11,Plan not required to report measure ,
S3389,C12,Plan not required to report measure ,
S3389,C13,Plan not required to report measure ,
S3389,C14,Plan not required to report measure ,
S3389,C15,Plan not required to report measure ,
S3389,C16,Plan not required to report measure ,
S3389,C17,Plan not required to report measure ,
S3389,C18,Plan not required to report measure ,
S3389,C19,Plan not required to report measure ,
S3389,C20,Plan not required to report measure ,
S3389,C21,Plan not required to report measure ,
S3389,C22,Plan not required to report measure ,
S3389,C23,Plan not required to report measure ,
S3389,C24,Plan not required to report measure ,
S3389,C25,Plan not required to report measure ,
S3389,C26,Plan not required to report measure ,
S3389,C27,Plan not required to report measure ,
S3389,C28,Plan not required to report measure ,
S3389,C29,Plan not required to report measure ,
S3389,C30,Plan not required to report measure ,
S3389,C31,Plan not required to report measure ,
S3389,C32,Plan not required to report measure ,
S3389,C33,Plan not required to report measure ,
S3389,D01,Not enough data available ,
S3389,D02,5,5
S3389,D03,Not enough data available ,
S3389,D04,3,3
S3389,D05,5,5
S3389,D06,5,5
S3389,D07,Not enough data available ,
S3389,D08,3,3
S3389,D09,5,5
S3389,D10,4,4
S3389,D11,4,4
S3389,D12,5,5
S3521,C01,Plan not required to report measure ,
S3521,C02,Plan not required to report measure ,
S3521,C03,Plan not required to report measure ,
S3521,C04,Plan not required to report measure ,
S3521,C05,Plan not required to report measure ,
S3521,C06,Plan not required to report measure ,
S3521,C07,Plan not required to report measure ,
S3521,C08,Plan not required to report measure ,
S3521,C09,Plan not required to report measure ,
S3521,C10,Plan not required to report measure ,
S3521,C11,Plan not required to report measure ,
S3521,C12,Plan not required to report measure ,
S3521,C13,Plan not required to report measure ,
S3521,C14,Plan not required to report measure ,
S3521,C15,Plan not required to report measure ,
S3521,C16,Plan not required to report measure ,
S3521,C17,Plan not required to report measure ,
S3521,C18,Plan not required to report measure ,
S3521,C19,Plan not required to report measure ,
S3521,C20,Plan not required to report measure ,
S3521,C21,Plan not required to report measure ,
S3521,C22,Plan not required to report measure ,
S3521,C23,Plan not required to report measure ,
S3521,C24,Plan not required to report measure ,
S3521,C25,Plan not required to report measure ,
S3521,C26,Plan not required to report measure ,
S3521,C27,Plan not required to report measure ,
S3521,C28,Plan not required to report measure ,
S3521,C29,Plan not required to report measure ,
S3521,C30,Plan not required to report measure ,
S3521,C31,Plan not required to report measure ,
S3521,C32,Plan not required to report measure ,
S3521,C33,Plan not required to report measure ,
S3521,D01,Not enough data available ,
S3521,D02,5,5
S3521,D03,Not enough data available ,
S3521,D04,3,3
S3521,D05,5,5
S3521,D06,5,5
S3521,D07,Not enough data available ,
S3521,D08,4,4
S3521,D09,4,4
S3521,D10,4,4
S3521,D11,5,5
S3521,D12,5,5
S3875,C01,Plan not required to report measure ,
S3875,C02,Plan not required to report measure ,
S3875,C03,Plan not required to report measure ,
S3875,C04,Plan not required to report measure ,
S3875,C05,Plan not required to report measure ,
S3875,C06,Plan not required to report measure ,
S3875,C07,Plan not required to report measure ,
S3875,C08,Plan not required to report measure ,
S3875,C09,Plan not required to report measure ,
S3875,C10,Plan not required to report measure ,
S3875,C11,Plan not required to report measure ,
S3875,C12,Plan not required to report measure ,
S3875,C13,Plan not required to report measure ,
S3875,C14,Plan not required to report measure ,
S3875,C15,Plan not required to report measure ,
S3875,C16,Plan not required to report measure ,
S3875,C17,Plan not required to report measure ,
S3875,C18,Plan not required to report measure ,
S3875,C19,Plan not required to report measure ,
S3875,C20,Plan not required to report measure ,
S3875,C21,Plan not required to report measure ,
S3875,C22,Plan not required to report measure ,
S3875,C23,Plan not required to report measure ,
S3875,C24,Plan not required to report measure ,
S3875,C25,Plan not required to report measure ,
S3875,C26,Plan not required to report measure ,
S3875,C27,Plan not required to report measure ,
S3875,C28,Plan not required to report measure ,
S3875,C29,Plan not required to report measure ,
S3875,C30,Plan not required to report measure ,
S3875,C31,Plan not required to report measure ,
S3875,C32,Plan not required to report measure ,
S3875,C33,Plan not required to report measure ,
S3875,D01,Not enough data available ,
S3875,D02,No data available ,
S3875,D03,Not enough data available ,
S3875,D04,Not enough data available ,
S3875,D05,Plan too small to be measured ,
S3875,D06,Plan too small to be measured ,
S3875,D07,Not enough data available ,
S3875,D08,Not enough data available ,
S3875,D09,Not enough data available ,
S3875,D10,Not enough data available ,
S3875,D11,Not required to report ,
S3875,D12,Not enough data available,
S3994,C01,Plan not required to report measure ,
S3994,C02,Plan not required to report measure ,
S3994,C03,Plan not required to report measure ,
S3994,C04,Plan not required to report measure ,
S3994,C05,Plan not required to report measure ,
S3994,C06,Plan not required to report measure ,
S3994,C07,Plan not required to report measure ,
S3994,C08,Plan not required to report measure ,
S3994,C09,Plan not required to report measure ,
S3994,C10,Plan not required to report measure ,
S3994,C11,Plan not required to report measure ,
S3994,C12,Plan not required to report measure ,
S3994,C13,Plan not required to report measure ,
S3994,C14,Plan not required to report measure ,
S3994,C15,Plan not required to report measure ,
S3994,C16,Plan not required to report measure ,
S3994,C17,Plan not required to report measure ,
S3994,C18,Plan not required to report measure ,
S3994,C19,Plan not required to report measure ,
S3994,C20,Plan not required to report measure ,
S3994,C21,Plan not required to report measure ,
S3994,C22,Plan not required to report measure ,
S3994,C23,Plan not required to report measure ,
S3994,C24,Plan not required to report measure ,
S3994,C25,Plan not required to report measure ,
S3994,C26,Plan not required to report measure ,
S3994,C27,Plan not required to report measure ,
S3994,C28,Plan not required to report measure ,
S3994,C29,Plan not required to report measure ,
S3994,C30,Plan not required to report measure ,
S3994,C31,Plan not required to report measure ,
S3994,C32,Plan not required to report measure ,
S3994,C33,Plan not required to report measure ,
S3994,D01,Not enough data available ,
S3994,D02,No data available ,
S3994,D03,Not enough data available ,
S3994,D04,Not enough data available ,
S3994,D05,Plan too small to be measured ,
S3994,D06,Plan too small to be measured ,
S3994,D07,Not enough data available ,
S3994,D08,Not enough data available ,
S3994,D09,Not enough data available ,
S3994,D10,Not enough data available ,
S3994,D11,Not required to report ,
S3994,D12,Not enough data available,
S4501,C01,Plan not required to report measure ,
S4501,C02,Plan not required to report measure ,
S4501,C03,Plan not required to report measure ,
S4501,C04,Plan not required to report measure ,
S4501,C05,Plan not required to report measure ,
S4501,C06,Plan not required to report measure ,
S4501,C07,Plan not required to report measure ,
S4501,C08,Plan not required to report measure ,
S4501,C09,Plan not required to report measure ,
S4501,C10,Plan not required to report measure ,
S4501,C11,Plan not required to report measure ,
S4501,C12,Plan not required to report measure ,
S4501,C13,Plan not required to report measure ,
S4501,C14,Plan not required to report measure ,
S4501,C15,Plan not required to report measure ,
S4501,C16,Plan not required to report measure ,
S4501,C17,Plan not required to report measure ,
S4501,C18,Plan not required to report measure ,
S4501,C19,Plan not required to report measure ,
S4501,C20,Plan not required to report measure ,
S4501,C21,Plan not required to report measure ,
S4501,C22,Plan not required to report measure ,
S4501,C23,Plan not required to report measure ,
S4501,C24,Plan not required to report measure ,
S4501,C25,Plan not required to report measure ,
S4501,C26,Plan not required to report measure ,
S4501,C27,Plan not required to report measure ,
S4501,C28,Plan not required to report measure ,
S4501,C29,Plan not required to report measure ,
S4501,C30,Plan not required to report measure ,
S4501,C31,Plan not required to report measure ,
S4501,C32,Plan not required to report measure ,
S4501,C33,Plan not required to report measure ,
S4501,D01,Not enough data available ,
S4501,D02,5,5
S4501,D03,Not enough data available ,
S4501,D04,4,4
S4501,D05,5,5
S4501,D06,5,5
S4501,D07,Not enough data available ,
S4501,D08,5,5
S4501,D09,5,5
S4501,D10,5,5
S4501,D11,5,5
S4501,D12,5,5
S4802,C01,Plan not required to report measure ,
S4802,C02,Plan not required to report measure ,
S4802,C03,Plan not required to report measure ,
S4802,C04,Plan not required to report measure ,
S4802,C05,Plan not required to report measure ,
S4802,C06,Plan not required to report measure ,
S4802,C07,Plan not required to report measure ,
S4802,C08,Plan not required to report measure ,
S4802,C09,Plan not required to report measure ,
S4802,C10,Plan not required to report measure ,
S4802,C11,Plan not required to report measure ,
S4802,C12,Plan not required to report measure ,
S4802,C13,Plan not required to report measure ,
S4802,C14,Plan not required to report measure ,
S4802,C15,Plan not required to report measure ,
S4802,C16,Plan not required to report measure ,
S4802,C17,Plan not required to report measure ,
S4802,C18,Plan not required to report measure ,
S4802,C19,Plan not required to report measure ,
S4802,C20,Plan not required to report measure ,
S4802,C21,Plan not required to report measure ,
S4802,C22,Plan not required to report measure ,
S4802,C23,Plan not required to report measure ,
S4802,C24,Plan not required to report measure ,
S4802,C25,Plan not required to report measure ,
S4802,C26,Plan not required to report measure ,
S4802,C27,Plan not required to report measure ,
S4802,C28,Plan not required to report measure ,
S4802,C29,Plan not required to report measure ,
S4802,C30,Plan not required to report measure ,
S4802,C31,Plan not required to report measure ,
S4802,C32,Plan not required to report measure ,
S4802,C33,Plan not required to report measure ,
S4802,D01,5,5
S4802,D02,4,4
S4802,D03,2,2
S4802,D04,4,4
S4802,D05,4,4
S4802,D06,3,3
S4802,D07,5,5
S4802,D08,3,3
S4802,D09,3,3
S4802,D10,3,3
S4802,D11,2,2
S4802,D12,3,3
S4983,C01,Plan not required to report measure ,
S4983,C02,Plan not required to report measure ,
S4983,C03,Plan not required to report measure ,
S4983,C04,Plan not required to report measure ,
S4983,C05,Plan not required to report measure ,
S4983,C06,Plan not required to report measure ,
S4983,C07,Plan not required to report measure ,
S4983,C08,Plan not required to report measure ,
S4983,C09,Plan not required to report measure ,
S4983,C10,Plan not required to report measure ,
S4983,C11,Plan not required to report measure ,
S4983,C12,Plan not required to report measure ,
S4983,C13,Plan not required to report measure ,
S4983,C14,Plan not required to report measure ,
S4983,C15,Plan not required to report measure ,
S4983,C16,Plan not required to report measure ,
S4983,C17,Plan not required to report measure ,
S4983,C18,Plan not required to report measure ,
S4983,C19,Plan not required to report measure ,
S4983,C20,Plan not required to report measure ,
S4983,C21,Plan not required to report measure ,
S4983,C22,Plan not required to report measure ,
S4983,C23,Plan not required to report measure ,
S4983,C24,Plan not required to report measure ,
S4983,C25,Plan not required to report measure ,
S4983,C26,Plan not required to report measure ,
S4983,C27,Plan not required to report measure ,
S4983,C28,Plan not required to report measure ,
S4983,C29,Plan not required to report measure ,
S4983,C30,Plan not required to report measure ,
S4983,C31,Plan not required to report measure ,
S4983,C32,Plan not required to report measure ,
S4983,C33,Plan not required to report measure ,
S4983,D01,Plan too new to be measured ,
S4983,D02,Plan too new to be measured ,
S4983,D03,Not enough data available ,
S4983,D04,Plan too new to be measured ,
S4983,D05,Plan too new to be measured ,
S4983,D06,Plan too new to be measured ,
S4983,D07,Plan too new to be measured ,
S4983,D08,Plan too new to be measured ,
S4983,D09,Plan too new to be measured ,
S4983,D10,Plan too new to be measured ,
S4983,D11,Plan too new to be measured ,
S4983,D12,Plan too new to be measured,
S5450,C01,Plan not required to report measure ,
S5450,C02,Plan not required to report measure ,
S5450,C03,Plan not required to report measure ,
S5450,C04,Plan not required to report measure ,
S5450,C05,Plan not required to report measure ,
S5450,C06,Plan not required to report measure ,
S5450,C07,Plan not required to report measure ,
S5450,C08,Plan not required to report measure ,
S5450,C09,Plan not required to report measure ,
S5450,C10,Plan not required to report measure ,
S5450,C11,Plan not required to report measure ,
S5450,C12,Plan not required to report measure ,
S5450,C13,Plan not required to report measure ,
S5450,C14,Plan not required to report measure ,
S5450,C15,Plan not required to report measure ,
S5450,C16,Plan not required to report measure ,
S5450,C17,Plan not required to report measure ,
S5450,C18,Plan not required to report measure ,
S5450,C19,Plan not required to report measure ,
S5450,C20,Plan not required to report measure ,
S5450,C21,Plan not required to report measure ,
S5450,C22,Plan not required to report measure ,
S5450,C23,Plan not required to report measure ,
S5450,C24,Plan not required to report measure ,
S5450,C25,Plan not required to report measure ,
S5450,C26,Plan not required to report measure ,
S5450,C27,Plan not required to report measure ,
S5450,C28,Plan not required to report measure ,
S5450,C29,Plan not required to report measure ,
S5450,C30,Plan not required to report measure ,
S5450,C31,Plan not required to report measure ,
S5450,C32,Plan not required to report measure ,
S5450,C33,Plan not required to report measure ,
S5450,D01,Not enough data available ,
S5450,D02,No data available ,
S5450,D03,Not enough data available ,
S5450,D04,Not enough data available ,
S5450,D05,Plan too small to be measured ,
S5450,D06,Plan too small to be measured ,
S5450,D07,Not enough data available ,
S5450,D08,Not enough data available ,
S5450,D09,Not enough data available ,
S5450,D10,Not enough data available ,
S5450,D11,Not required to report ,
S5450,D12,Not enough data available,
S5540,C01,Plan not required to report measure ,
S5540,C02,Plan not required to report measure ,
S5540,C03,Plan not required to report measure ,
S5540,C04,Plan not required to report measure ,
S5540,C05,Plan not required to report measure ,
S5540,C06,Plan not required to report measure ,
S5540,C07,Plan not required to report measure ,
S5540,C08,Plan not required to report measure ,
S5540,C09,Plan not required to report measure ,
S5540,C10,Plan not required to report measure ,
S5540,C11,Plan not required to report measure ,
S5540,C12,Plan not required to report measure ,
S5540,C13,Plan not required to report measure ,
S5540,C14,Plan not required to report measure ,
S5540,C15,Plan not required to report measure ,
S5540,C16,Plan not required to report measure ,
S5540,C17,Plan not required to report measure ,
S5540,C18,Plan not required to report measure ,
S5540,C19,Plan not required to report measure ,
S5540,C20,Plan not required to report measure ,
S5540,C21,Plan not required to report measure ,
S5540,C22,Plan not required to report measure ,
S5540,C23,Plan not required to report measure ,
S5540,C24,Plan not required to report measure ,
S5540,C25,Plan not required to report measure ,
S5540,C26,Plan not required to report measure ,
S5540,C27,Plan not required to report measure ,
S5540,C28,Plan not required to report measure ,
S5540,C29,Plan not required to report measure ,
S5540,C30,Plan not required to report measure ,
S5540,C31,Plan not required to report measure ,
S5540,C32,Plan not required to report measure ,
S5540,C33,Plan not required to report measure ,
S5540,D01,3,3
S5540,D02,5,5
S5540,D03,5,5
S5540,D04,3,3
S5540,D05,4,4
S5540,D06,4,4
S5540,D07,5,5
S5540,D08,1,1
S5540,D09,2,2
S5540,D10,2,2
S5540,D11,2,2
S5540,D12,3,3
S5584,C01,Plan not required to report measure ,
S5584,C02,Plan not required to report measure ,
S5584,C03,Plan not required to report measure ,
S5584,C04,Plan not required to report measure ,
S5584,C05,Plan not required to report measure ,
S5584,C06,Plan not required to report measure ,
S5584,C07,Plan not required to report measure ,
S5584,C08,Plan not required to report measure ,
S5584,C09,Plan not required to report measure ,
S5584,C10,Plan not required to report measure ,
S5584,C11,Plan not required to report measure ,
S5584,C12,Plan not required to report measure ,
S5584,C13,Plan not required to report measure ,
S5584,C14,Plan not required to report measure ,
S5584,C15,Plan not required to report measure ,
S5584,C16,Plan not required to report measure ,
S5584,C17,Plan not required to report measure ,
S5584,C18,Plan not required to report measure ,
S5584,C19,Plan not required to report measure ,
S5584,C20,Plan not required to report measure ,
S5584,C21,Plan not required to report measure ,
S5584,C22,Plan not required to report measure ,
S5584,C23,Plan not required to report measure ,
S5584,C24,Plan not required to report measure ,
S5584,C25,Plan not required to report measure ,
S5584,C26,Plan not required to report measure ,
S5584,C27,Plan not required to report measure ,
S5584,C28,Plan not required to report measure ,
S5584,C29,Plan not required to report measure ,
S5584,C30,Plan not required to report measure ,
S5584,C31,Plan not required to report measure ,
S5584,C32,Plan not required to report measure ,
S5584,C33,Plan not required to report measure ,
S5584,D01,4,4
S5584,D02,4,4
S5584,D03,3,3
S5584,D04,1,1
S5584,D05,2,2
S5584,D06,1,1
S5584,D07,5,5
S5584,D08,3,3
S5584,D09,2,2
S5584,D10,2,2
S5584,D11,5,5
S5584,D12,4,4
S5593,C01,Plan not required to report measure ,
S5593,C02,Plan not required to report measure ,
S5593,C03,Plan not required to report measure ,
S5593,C04,Plan not required to report measure ,
S5593,C05,Plan not required to report measure ,
S5593,C06,Plan not required to report measure ,
S5593,C07,Plan not required to report measure ,
S5593,C08,Plan not required to report measure ,
S5593,C09,Plan not required to report measure ,
S5593,C10,Plan not required to report measure ,
S5593,C11,Plan not required to report measure ,
S5593,C12,Plan not required to report measure ,
S5593,C13,Plan not required to report measure ,
S5593,C14,Plan not required to report measure ,
S5593,C15,Plan not required to report measure ,
S5593,C16,Plan not required to report measure ,
S5593,C17,Plan not required to report measure ,
S5593,C18,Plan not required to report measure ,
S5593,C19,Plan not required to report measure ,
S5593,C20,Plan not required to report measure ,
S5593,C21,Plan not required to report measure ,
S5593,C22,Plan not required to report measure ,
S5593,C23,Plan not required to report measure ,
S5593,C24,Plan not required to report measure ,
S5593,C25,Plan not required to report measure ,
S5593,C26,Plan not required to report measure ,
S5593,C27,Plan not required to report measure ,
S5593,C28,Plan not required to report measure ,
S5593,C29,Plan not required to report measure ,
S5593,C30,Plan not required to report measure ,
S5593,C31,Plan not required to report measure ,
S5593,C32,Plan not required to report measure ,
S5593,C33,Plan not required to report measure ,
S5593,D01,3,3
S5593,D02,4,4
S5593,D03,3,3
S5593,D04,3,3
S5593,D05,3,3
S5593,D06,3,3
S5593,D07,5,5
S5593,D08,3,3
S5593,D09,3,3
S5593,D10,4,4
S5593,D11,2,2
S5593,D12,3,3
S5596,C01,Plan not required to report measure ,
S5596,C02,Plan not required to report measure ,
S5596,C03,Plan not required to report measure ,
S5596,C04,Plan not required to report measure ,
S5596,C05,Plan not required to report measure ,
S5596,C06,Plan not required to report measure ,
S5596,C07,Plan not required to report measure ,
S5596,C08,Plan not required to report measure ,
S5596,C09,Plan not required to report measure ,
S5596,C10,Plan not required to report measure ,
S5596,C11,Plan not required to report measure ,
S5596,C12,Plan not required to report measure ,
S5596,C13,Plan not required to report measure ,
S5596,C14,Plan not required to report measure ,
S5596,C15,Plan not required to report measure ,
S5596,C16,Plan not required to report measure ,
S5596,C17,Plan not required to report measure ,
S5596,C18,Plan not required to report measure ,
S5596,C19,Plan not required to report measure ,
S5596,C20,Plan not required to report measure ,
S5596,C21,Plan not required to report measure ,
S5596,C22,Plan not required to report measure ,
S5596,C23,Plan not required to report measure ,
S5596,C24,Plan not required to report measure ,
S5596,C25,Plan not required to report measure ,
S5596,C26,Plan not required to report measure ,
S5596,C27,Plan not required to report measure ,
S5596,C28,Plan not required to report measure ,
S5596,C29,Plan not required to report measure ,
S5596,C30,Plan not required to report measure ,
S5596,C31,Plan not required to report measure ,
S5596,C32,Plan not required to report measure ,
S5596,C33,Plan not required to report measure ,
S5596,D01,5,5
S5596,D02,4,4
S5596,D03,3,3
S5596,D04,4,4
S5596,D05,2,2
S5596,D06,3,3
S5596,D07,5,5
S5596,D08,3,3
S5596,D09,2,2
S5596,D10,3,3
S5596,D11,4,4
S5596,D12,2,2
S5601,C01,Plan not required to report measure ,
S5601,C02,Plan not required to report measure ,
S5601,C03,Plan not required to report measure ,
S5601,C04,Plan not required to report measure ,
S5601,C05,Plan not required to report measure ,
S5601,C06,Plan not required to report measure ,
S5601,C07,Plan not required to report measure ,
S5601,C08,Plan not required to report measure ,
S5601,C09,Plan not required to report measure ,
S5601,C10,Plan not required to report measure ,
S5601,C11,Plan not required to report measure ,
S5601,C12,Plan not required to report measure ,
S5601,C13,Plan not required to report measure ,
S5601,C14,Plan not required to report measure ,
S5601,C15,Plan not required to report measure ,
S5601,C16,Plan not required to report measure ,
S5601,C17,Plan not required to report measure ,
S5601,C18,Plan not required to report measure ,
S5601,C19,Plan not required to report measure ,
S5601,C20,Plan not required to report measure ,
S5601,C21,Plan not required to report measure ,
S5601,C22,Plan not required to report measure ,
S5601,C23,Plan not required to report measure ,
S5601,C24,Plan not required to report measure ,
S5601,C25,Plan not required to report measure ,
S5601,C26,Plan not required to report measure ,
S5601,C27,Plan not required to report measure ,
S5601,C28,Plan not required to report measure ,
S5601,C29,Plan not required to report measure ,
S5601,C30,Plan not required to report measure ,
S5601,C31,Plan not required to report measure ,
S5601,C32,Plan not required to report measure ,
S5601,C33,Plan not required to report measure ,
S5601,D01,5,5
S5601,D02,4,4
S5601,D03,3,3
S5601,D04,4,4
S5601,D05,1,1
S5601,D06,2,2
S5601,D07,4,4
S5601,D08,3,3
S5601,D09,2,2
S5601,D10,2,2
S5601,D11,1,1
S5601,D12,2,2
S5609,C01,Plan not required to report measure ,
S5609,C02,Plan not required to report measure ,
S5609,C03,Plan not required to report measure ,
S5609,C04,Plan not required to report measure ,
S5609,C05,Plan not required to report measure ,
S5609,C06,Plan not required to report measure ,
S5609,C07,Plan not required to report measure ,
S5609,C08,Plan not required to report measure ,
S5609,C09,Plan not required to report measure ,
S5609,C10,Plan not required to report measure ,
S5609,C11,Plan not required to report measure ,
S5609,C12,Plan not required to report measure ,
S5609,C13,Plan not required to report measure ,
S5609,C14,Plan not required to report measure ,
S5609,C15,Plan not required to report measure ,
S5609,C16,Plan not required to report measure ,
S5609,C17,Plan not required to report measure ,
S5609,C18,Plan not required to report measure ,
S5609,C19,Plan not required to report measure ,
S5609,C20,Plan not required to report measure ,
S5609,C21,Plan not required to report measure ,
S5609,C22,Plan not required to report measure ,
S5609,C23,Plan not required to report measure ,
S5609,C24,Plan not required to report measure ,
S5609,C25,Plan not required to report measure ,
S5609,C26,Plan not required to report measure ,
S5609,C27,Plan not required to report measure ,
S5609,C28,Plan not required to report measure ,
S5609,C29,Plan not required to report measure ,
S5609,C30,Plan not required to report measure ,
S5609,C31,Plan not required to report measure ,
S5609,C32,Plan not required to report measure ,
S5609,C33,Plan not required to report measure ,
S5609,D01,Not enough data available ,
S5609,D02,4,4
S5609,D03,Not enough data available ,
S5609,D04,3,3
S5609,D05,Plan too small to be measured ,
S5609,D06,Plan too small to be measured ,
S5609,D07,5,5
S5609,D08,2,2
S5609,D09,3,3
S5609,D10,2,2
S5609,D11,3,3
S5609,D12,3,3
S5617,C01,Plan not required to report measure ,
S5617,C02,Plan not required to report measure ,
S5617,C03,Plan not required to report measure ,
S5617,C04,Plan not required to report measure ,
S5617,C05,Plan not required to report measure ,
S5617,C06,Plan not required to report measure ,
S5617,C07,Plan not required to report measure ,
S5617,C08,Plan not required to report measure ,
S5617,C09,Plan not required to report measure ,
S5617,C10,Plan not required to report measure ,
S5617,C11,Plan not required to report measure ,
S5617,C12,Plan not required to report measure ,
S5617,C13,Plan not required to report measure ,
S5617,C14,Plan not required to report measure ,
S5617,C15,Plan not required to report measure ,
S5617,C16,Plan not required to report measure ,
S5617,C17,Plan not required to report measure ,
S5617,C18,Plan not required to report measure ,
S5617,C19,Plan not required to report measure ,
S5617,C20,Plan not required to report measure ,
S5617,C21,Plan not required to report measure ,
S5617,C22,Plan not required to report measure ,
S5617,C23,Plan not required to report measure ,
S5617,C24,Plan not required to report measure ,
S5617,C25,Plan not required to report measure ,
S5617,C26,Plan not required to report measure ,
S5617,C27,Plan not required to report measure ,
S5617,C28,Plan not required to report measure ,
S5617,C29,Plan not required to report measure ,
S5617,C30,Plan not required to report measure ,
S5617,C31,Plan not required to report measure ,
S5617,C32,Plan not required to report measure ,
S5617,C33,Plan not required to report measure ,
S5617,D01,5,5
S5617,D02,4,4
S5617,D03,2,2
S5617,D04,3,3
S5617,D05,2,2
S5617,D06,2,2
S5617,D07,5,5
S5617,D08,2,2
S5617,D09,1,1
S5617,D10,2,2
S5617,D11,4,4
S5617,D12,3,3
S5660,C01,Plan not required to report measure ,
S5660,C02,Plan not required to report measure ,
S5660,C03,Plan not required to report measure ,
S5660,C04,Plan not required to report measure ,
S5660,C05,Plan not required to report measure ,
S5660,C06,Plan not required to report measure ,
S5660,C07,Plan not required to report measure ,
S5660,C08,Plan not required to report measure ,
S5660,C09,Plan not required to report measure ,
S5660,C10,Plan not required to report measure ,
S5660,C11,Plan not required to report measure ,
S5660,C12,Plan not required to report measure ,
S5660,C13,Plan not required to report measure ,
S5660,C14,Plan not required to report measure ,
S5660,C15,Plan not required to report measure ,
S5660,C16,Plan not required to report measure ,
S5660,C17,Plan not required to report measure ,
S5660,C18,Plan not required to report measure ,
S5660,C19,Plan not required to report measure ,
S5660,C20,Plan not required to report measure ,
S5660,C21,Plan not required to report measure ,
S5660,C22,Plan not required to report measure ,
S5660,C23,Plan not required to report measure ,
S5660,C24,Plan not required to report measure ,
S5660,C25,Plan not required to report measure ,
S5660,C26,Plan not required to report measure ,
S5660,C27,Plan not required to report measure ,
S5660,C28,Plan not required to report measure ,
S5660,C29,Plan not required to report measure ,
S5660,C30,Plan not required to report measure ,
S5660,C31,Plan not required to report measure ,
S5660,C32,Plan not required to report measure ,
S5660,C33,Plan not required to report measure ,
S5660,D01,Not enough data available ,
S5660,D02,5,5
S5660,D03,Not enough data available ,
S5660,D04,1,1
S5660,D05,4,4
S5660,D06,4,4
S5660,D07,Not enough data available ,
S5660,D08,3,3
S5660,D09,2,2
S5660,D10,2,2
S5660,D11,2,2
S5660,D12,3,3
S5715,C01,Plan not required to report measure ,
S5715,C02,Plan not required to report measure ,
S5715,C03,Plan not required to report measure ,
S5715,C04,Plan not required to report measure ,
S5715,C05,Plan not required to report measure ,
S5715,C06,Plan not required to report measure ,
S5715,C07,Plan not required to report measure ,
S5715,C08,Plan not required to report measure ,
S5715,C09,Plan not required to report measure ,
S5715,C10,Plan not required to report measure ,
S5715,C11,Plan not required to report measure ,
S5715,C12,Plan not required to report measure ,
S5715,C13,Plan not required to report measure ,
S5715,C14,Plan not required to report measure ,
S5715,C15,Plan not required to report measure ,
S5715,C16,Plan not required to report measure ,
S5715,C17,Plan not required to report measure ,
S5715,C18,Plan not required to report measure ,
S5715,C19,Plan not required to report measure ,
S5715,C20,Plan not required to report measure ,
S5715,C21,Plan not required to report measure ,
S5715,C22,Plan not required to report measure ,
S5715,C23,Plan not required to report measure ,
S5715,C24,Plan not required to report measure ,
S5715,C25,Plan not required to report measure ,
S5715,C26,Plan not required to report measure ,
S5715,C27,Plan not required to report measure ,
S5715,C28,Plan not required to report measure ,
S5715,C29,Plan not required to report measure ,
S5715,C30,Plan not required to report measure ,
S5715,C31,Plan not required to report measure ,
S5715,C32,Plan not required to report measure ,
S5715,C33,Plan not required to report measure ,
S5715,D01,4,4
S5715,D02,4,4
S5715,D03,2,2
S5715,D04,1,1
S5715,D05,1,1
S5715,D06,1,1
S5715,D07,5,5
S5715,D08,2,2
S5715,D09,2,2
S5715,D10,2,2
S5715,D11,1,1
S5715,D12,3,3
S5726,C01,Plan not required to report measure ,
S5726,C02,Plan not required to report measure ,
S5726,C03,Plan not required to report measure ,
S5726,C04,Plan not required to report measure ,
S5726,C05,Plan not required to report measure ,
S5726,C06,Plan not required to report measure ,
S5726,C07,Plan not required to report measure ,
S5726,C08,Plan not required to report measure ,
S5726,C09,Plan not required to report measure ,
S5726,C10,Plan not required to report measure ,
S5726,C11,Plan not required to report measure ,
S5726,C12,Plan not required to report measure ,
S5726,C13,Plan not required to report measure ,
S5726,C14,Plan not required to report measure ,
S5726,C15,Plan not required to report measure ,
S5726,C16,Plan not required to report measure ,
S5726,C17,Plan not required to report measure ,
S5726,C18,Plan not required to report measure ,
S5726,C19,Plan not required to report measure ,
S5726,C20,Plan not required to report measure ,
S5726,C21,Plan not required to report measure ,
S5726,C22,Plan not required to report measure ,
S5726,C23,Plan not required to report measure ,
S5726,C24,Plan not required to report measure ,
S5726,C25,Plan not required to report measure ,
S5726,C26,Plan not required to report measure ,
S5726,C27,Plan not required to report measure ,
S5726,C28,Plan not required to report measure ,
S5726,C29,Plan not required to report measure ,
S5726,C30,Plan not required to report measure ,
S5726,C31,Plan not required to report measure ,
S5726,C32,Plan not required to report measure ,
S5726,C33,Plan not required to report measure ,
S5726,D01,3,3
S5726,D02,4,4
S5726,D03,4,4
S5726,D04,3,3
S5726,D05,3,3
S5726,D06,5,5
S5726,D07,5,5
S5726,D08,3,3
S5726,D09,3,3
S5726,D10,4,4
S5726,D11,5,5
S5726,D12,1,1
S5743,C01,Plan not required to report measure ,
S5743,C02,Plan not required to report measure ,
S5743,C03,Plan not required to report measure ,
S5743,C04,Plan not required to report measure ,
S5743,C05,Plan not required to report measure ,
S5743,C06,Plan not required to report measure ,
S5743,C07,Plan not required to report measure ,
S5743,C08,Plan not required to report measure ,
S5743,C09,Plan not required to report measure ,
S5743,C10,Plan not required to report measure ,
S5743,C11,Plan not required to report measure ,
S5743,C12,Plan not required to report measure ,
S5743,C13,Plan not required to report measure ,
S5743,C14,Plan not required to report measure ,
S5743,C15,Plan not required to report measure ,
S5743,C16,Plan not required to report measure ,
S5743,C17,Plan not required to report measure ,
S5743,C18,Plan not required to report measure ,
S5743,C19,Plan not required to report measure ,
S5743,C20,Plan not required to report measure ,
S5743,C21,Plan not required to report measure ,
S5743,C22,Plan not required to report measure ,
S5743,C23,Plan not required to report measure ,
S5743,C24,Plan not required to report measure ,
S5743,C25,Plan not required to report measure ,
S5743,C26,Plan not required to report measure ,
S5743,C27,Plan not required to report measure ,
S5743,C28,Plan not required to report measure ,
S5743,C29,Plan not required to report measure ,
S5743,C30,Plan not required to report measure ,
S5743,C31,Plan not required to report measure ,
S5743,C32,Plan not required to report measure ,
S5743,C33,Plan not required to report measure ,
S5743,D01,3,3
S5743,D02,4,4
S5743,D03,3,3
S5743,D04,4,4
S5743,D05,3,3
S5743,D06,4,4
S5743,D07,5,5
S5743,D08,4,4
S5743,D09,3,3
S5743,D10,4,4
S5743,D11,1,1
S5743,D12,4,4
S5795,C01,Plan not required to report measure ,
S5795,C02,Plan not required to report measure ,
S5795,C03,Plan not required to report measure ,
S5795,C04,Plan not required to report measure ,
S5795,C05,Plan not required to report measure ,
S5795,C06,Plan not required to report measure ,
S5795,C07,Plan not required to report measure ,
S5795,C08,Plan not required to report measure ,
S5795,C09,Plan not required to report measure ,
S5795,C10,Plan not required to report measure ,
S5795,C11,Plan not required to report measure ,
S5795,C12,Plan not required to report measure ,
S5795,C13,Plan not required to report measure ,
S5795,C14,Plan not required to report measure ,
S5795,C15,Plan not required to report measure ,
S5795,C16,Plan not required to report measure ,
S5795,C17,Plan not required to report measure ,
S5795,C18,Plan not required to report measure ,
S5795,C19,Plan not required to report measure ,
S5795,C20,Plan not required to report measure ,
S5795,C21,Plan not required to report measure ,
S5795,C22,Plan not required to report measure ,
S5795,C23,Plan not required to report measure ,
S5795,C24,Plan not required to report measure ,
S5795,C25,Plan not required to report measure ,
S5795,C26,Plan not required to report measure ,
S5795,C27,Plan not required to report measure ,
S5795,C28,Plan not required to report measure ,
S5795,C29,Plan not required to report measure ,
S5795,C30,Plan not required to report measure ,
S5795,C31,Plan not required to report measure ,
S5795,C32,Plan not required to report measure ,
S5795,C33,Plan not required to report measure ,
S5795,D01,4,4
S5795,D02,5,5
S5795,D03,3,3
S5795,D04,4,4
S5795,D05,3,3
S5795,D06,5,5
S5795,D07,4,4
S5795,D08,2,2
S5795,D09,1,1
S5795,D10,1,1
S5795,D11,3,3
S5795,D12,1,1
S5805,C01,Plan not required to report measure ,
S5805,C02,Plan not required to report measure ,
S5805,C03,Plan not required to report measure ,
S5805,C04,Plan not required to report measure ,
S5805,C05,Plan not required to report measure ,
S5805,C06,Plan not required to report measure ,
S5805,C07,Plan not required to report measure ,
S5805,C08,Plan not required to report measure ,
S5805,C09,Plan not required to report measure ,
S5805,C10,Plan not required to report measure ,
S5805,C11,Plan not required to report measure ,
S5805,C12,Plan not required to report measure ,
S5805,C13,Plan not required to report measure ,
S5805,C14,Plan not required to report measure ,
S5805,C15,Plan not required to report measure ,
S5805,C16,Plan not required to report measure ,
S5805,C17,Plan not required to report measure ,
S5805,C18,Plan not required to report measure ,
S5805,C19,Plan not required to report measure ,
S5805,C20,Plan not required to report measure ,
S5805,C21,Plan not required to report measure ,
S5805,C22,Plan not required to report measure ,
S5805,C23,Plan not required to report measure ,
S5805,C24,Plan not required to report measure ,
S5805,C25,Plan not required to report measure ,
S5805,C26,Plan not required to report measure ,
S5805,C27,Plan not required to report measure ,
S5805,C28,Plan not required to report measure ,
S5805,C29,Plan not required to report measure ,
S5805,C30,Plan not required to report measure ,
S5805,C31,Plan not required to report measure ,
S5805,C32,Plan not required to report measure ,
S5805,C33,Plan not required to report measure ,
S5805,D01,Not enough data available ,
S5805,D02,4,4
S5805,D03,5,5
S5805,D04,3,3
S5805,D05,5,5
S5805,D06,3,3
S5805,D07,5,5
S5805,D08,2,2
S5805,D09,2,2
S5805,D10,1,1
S5805,D11,3,3
S5805,D12,3,3
S5820,C01,Plan not required to report measure ,
S5820,C02,Plan not required to report measure ,
S5820,C03,Plan not required to report measure ,
S5820,C04,Plan not required to report measure ,
S5820,C05,Plan not required to report measure ,
S5820,C06,Plan not required to report measure ,
S5820,C07,Plan not required to report measure ,
S5820,C08,Plan not required to report measure ,
S5820,C09,Plan not required to report measure ,
S5820,C10,Plan not required to report measure ,
S5820,C11,Plan not required to report measure ,
S5820,C12,Plan not required to report measure ,
S5820,C13,Plan not required to report measure ,
S5820,C14,Plan not required to report measure ,
S5820,C15,Plan not required to report measure ,
S5820,C16,Plan not required to report measure ,
S5820,C17,Plan not required to report measure ,
S5820,C18,Plan not required to report measure ,
S5820,C19,Plan not required to report measure ,
S5820,C20,Plan not required to report measure ,
S5820,C21,Plan not required to report measure ,
S5820,C22,Plan not required to report measure ,
S5820,C23,Plan not required to report measure ,
S5820,C24,Plan not required to report measure ,
S5820,C25,Plan not required to report measure ,
S5820,C26,Plan not required to report measure ,
S5820,C27,Plan not required to report measure ,
S5820,C28,Plan not required to report measure ,
S5820,C29,Plan not required to report measure ,
S5820,C30,Plan not required to report measure ,
S5820,C31,Plan not required to report measure ,
S5820,C32,Plan not required to report measure ,
S5820,C33,Plan not required to report measure ,
S5820,D01,5,5
S5820,D02,4,4
S5820,D03,5,5
S5820,D04,3,3
S5820,D05,5,5
S5820,D06,4,4
S5820,D07,5,5
S5820,D08,2,2
S5820,D09,1,1
S5820,D10,1,1
S5820,D11,3,3
S5820,D12,3,3
S5857,C01,Plan not required to report measure ,
S5857,C02,Plan not required to report measure ,
S5857,C03,Plan not required to report measure ,
S5857,C04,Plan not required to report measure ,
S5857,C05,Plan not required to report measure ,
S5857,C06,Plan not required to report measure ,
S5857,C07,Plan not required to report measure ,
S5857,C08,Plan not required to report measure ,
S5857,C09,Plan not required to report measure ,
S5857,C10,Plan not required to report measure ,
S5857,C11,Plan not required to report measure ,
S5857,C12,Plan not required to report measure ,
S5857,C13,Plan not required to report measure ,
S5857,C14,Plan not required to report measure ,
S5857,C15,Plan not required to report measure ,
S5857,C16,Plan not required to report measure ,
S5857,C17,Plan not required to report measure ,
S5857,C18,Plan not required to report measure ,
S5857,C19,Plan not required to report measure ,
S5857,C20,Plan not required to report measure ,
S5857,C21,Plan not required to report measure ,
S5857,C22,Plan not required to report measure ,
S5857,C23,Plan not required to report measure ,
S5857,C24,Plan not required to report measure ,
S5857,C25,Plan not required to report measure ,
S5857,C26,Plan not required to report measure ,
S5857,C27,Plan not required to report measure ,
S5857,C28,Plan not required to report measure ,
S5857,C29,Plan not required to report measure ,
S5857,C30,Plan not required to report measure ,
S5857,C31,Plan not required to report measure ,
S5857,C32,Plan not required to report measure ,
S5857,C33,Plan not required to report measure ,
S5857,D01,Not enough data available ,
S5857,D02,Not enough data available ,
S5857,D03,Not enough data available ,
S5857,D04,Not enough data available ,
S5857,D05,Plan too small to be measured ,
S5857,D06,Plan too small to be measured ,
S5857,D07,Not enough data available ,
S5857,D08,Not enough data available ,
S5857,D09,Not enough data available ,
S5857,D10,Not enough data available ,
S5857,D11,Not enough data available ,
S5857,D12,Not enough data available,
S5877,C01,Plan not required to report measure ,
S5877,C02,Plan not required to report measure ,
S5877,C03,Plan not required to report measure ,
S5877,C04,Plan not required to report measure ,
S5877,C05,Plan not required to report measure ,
S5877,C06,Plan not required to report measure ,
S5877,C07,Plan not required to report measure ,
S5877,C08,Plan not required to report measure ,
S5877,C09,Plan not required to report measure ,
S5877,C10,Plan not required to report measure ,
S5877,C11,Plan not required to report measure ,
S5877,C12,Plan not required to report measure ,
S5877,C13,Plan not required to report measure ,
S5877,C14,Plan not required to report measure ,
S5877,C15,Plan not required to report measure ,
S5877,C16,Plan not required to report measure ,
S5877,C17,Plan not required to report measure ,
S5877,C18,Plan not required to report measure ,
S5877,C19,Plan not required to report measure ,
S5877,C20,Plan not required to report measure ,
S5877,C21,Plan not required to report measure ,
S5877,C22,Plan not required to report measure ,
S5877,C23,Plan not required to report measure ,
S5877,C24,Plan not required to report measure ,
S5877,C25,Plan not required to report measure ,
S5877,C26,Plan not required to report measure ,
S5877,C27,Plan not required to report measure ,
S5877,C28,Plan not required to report measure ,
S5877,C29,Plan not required to report measure ,
S5877,C30,Plan not required to report measure ,
S5877,C31,Plan not required to report measure ,
S5877,C32,Plan not required to report measure ,
S5877,C33,Plan not required to report measure ,
S5877,D01,Not enough data available ,
S5877,D02,5,5
S5877,D03,Not enough data available ,
S5877,D04,3,3
S5877,D05,4,4
S5877,D06,5,5
S5877,D07,Not enough data available ,
S5877,D08,1,1
S5877,D09,2,2
S5877,D10,3,3
S5877,D11,4,4
S5877,D12,4,4
S5884,C01,Plan not required to report measure ,
S5884,C02,Plan not required to report measure ,
S5884,C03,Plan not required to report measure ,
S5884,C04,Plan not required to report measure ,
S5884,C05,Plan not required to report measure ,
S5884,C06,Plan not required to report measure ,
S5884,C07,Plan not required to report measure ,
S5884,C08,Plan not required to report measure ,
S5884,C09,Plan not required to report measure ,
S5884,C10,Plan not required to report measure ,
S5884,C11,Plan not required to report measure ,
S5884,C12,Plan not required to report measure ,
S5884,C13,Plan not required to report measure ,
S5884,C14,Plan not required to report measure ,
S5884,C15,Plan not required to report measure ,
S5884,C16,Plan not required to report measure ,
S5884,C17,Plan not required to report measure ,
S5884,C18,Plan not required to report measure ,
S5884,C19,Plan not required to report measure ,
S5884,C20,Plan not required to report measure ,
S5884,C21,Plan not required to report measure ,
S5884,C22,Plan not required to report measure ,
S5884,C23,Plan not required to report measure ,
S5884,C24,Plan not required to report measure ,
S5884,C25,Plan not required to report measure ,
S5884,C26,Plan not required to report measure ,
S5884,C27,Plan not required to report measure ,
S5884,C28,Plan not required to report measure ,
S5884,C29,Plan not required to report measure ,
S5884,C30,Plan not required to report measure ,
S5884,C31,Plan not required to report measure ,
S5884,C32,Plan not required to report measure ,
S5884,C33,Plan not required to report measure ,
S5884,D01,5,5
S5884,D02,4,4
S5884,D03,3,3
S5884,D04,Not enough data available ,
S5884,D05,3,3
S5884,D06,3,3
S5884,D07,1,1
S5884,D08,3,3
S5884,D09,2,2
S5884,D10,3,3
S5884,D11,3,3
S5884,D12,2,2
S5904,C01,Plan not required to report measure ,
S5904,C02,Plan not required to report measure ,
S5904,C03,Plan not required to report measure ,
S5904,C04,Plan not required to report measure ,
S5904,C05,Plan not required to report measure ,
S5904,C06,Plan not required to report measure ,
S5904,C07,Plan not required to report measure ,
S5904,C08,Plan not required to report measure ,
S5904,C09,Plan not required to report measure ,
S5904,C10,Plan not required to report measure ,
S5904,C11,Plan not required to report measure ,
S5904,C12,Plan not required to report measure ,
S5904,C13,Plan not required to report measure ,
S5904,C14,Plan not required to report measure ,
S5904,C15,Plan not required to report measure ,
S5904,C16,Plan not required to report measure ,
S5904,C17,Plan not required to report measure ,
S5904,C18,Plan not required to report measure ,
S5904,C19,Plan not required to report measure ,
S5904,C20,Plan not required to report measure ,
S5904,C21,Plan not required to report measure ,
S5904,C22,Plan not required to report measure ,
S5904,C23,Plan not required to report measure ,
S5904,C24,Plan not required to report measure ,
S5904,C25,Plan not required to report measure ,
S5904,C26,Plan not required to report measure ,
S5904,C27,Plan not required to report measure ,
S5904,C28,Plan not required to report measure ,
S5904,C29,Plan not required to report measure ,
S5904,C30,Plan not required to report measure ,
S5904,C31,Plan not required to report measure ,
S5904,C32,Plan not required to report measure ,
S5904,C33,Plan not required to report measure ,
S5904,D01,5,5
S5904,D02,4,4
S5904,D03,5,5
S5904,D04,5,5
S5904,D05,2,2
S5904,D06,3,3
S5904,D07,5,5
S5904,D08,2,2
S5904,D09,2,2
S5904,D10,2,2
S5904,D11,5,5
S5904,D12,4,4
S5916,C01,Plan not required to report measure ,
S5916,C02,Plan not required to report measure ,
S5916,C03,Plan not required to report measure ,
S5916,C04,Plan not required to report measure ,
S5916,C05,Plan not required to report measure ,
S5916,C06,Plan not required to report measure ,
S5916,C07,Plan not required to report measure ,
S5916,C08,Plan not required to report measure ,
S5916,C09,Plan not required to report measure ,
S5916,C10,Plan not required to report measure ,
S5916,C11,Plan not required to report measure ,
S5916,C12,Plan not required to report measure ,
S5916,C13,Plan not required to report measure ,
S5916,C14,Plan not required to report measure ,
S5916,C15,Plan not required to report measure ,
S5916,C16,Plan not required to report measure ,
S5916,C17,Plan not required to report measure ,
S5916,C18,Plan not required to report measure ,
S5916,C19,Plan not required to report measure ,
S5916,C20,Plan not required to report measure ,
S5916,C21,Plan not required to report measure ,
S5916,C22,Plan not required to report measure ,
S5916,C23,Plan not required to report measure ,
S5916,C24,Plan not required to report measure ,
S5916,C25,Plan not required to report measure ,
S5916,C26,Plan not required to report measure ,
S5916,C27,Plan not required to report measure ,
S5916,C28,Plan not required to report measure ,
S5916,C29,Plan not required to report measure ,
S5916,C30,Plan not required to report measure ,
S5916,C31,Plan not required to report measure ,
S5916,C32,Plan not required to report measure ,
S5916,C33,Plan not required to report measure ,
S5916,D01,Not enough data available ,
S5916,D02,5,5
S5916,D03,Not enough data available ,
S5916,D04,3,3
S5916,D05,4,4
S5916,D06,5,5
S5916,D07,5,5
S5916,D08,2,2
S5916,D09,1,1
S5916,D10,3,3
S5916,D11,3,3
S5916,D12,1,1
S5921,C01,Plan not required to report measure ,
S5921,C02,Plan not required to report measure ,
S5921,C03,Plan not required to report measure ,
S5921,C04,Plan not required to report measure ,
S5921,C05,Plan not required to report measure ,
S5921,C06,Plan not required to report measure ,
S5921,C07,Plan not required to report measure ,
S5921,C08,Plan not required to report measure ,
S5921,C09,Plan not required to report measure ,
S5921,C10,Plan not required to report measure ,
S5921,C11,Plan not required to report measure ,
S5921,C12,Plan not required to report measure ,
S5921,C13,Plan not required to report measure ,
S5921,C14,Plan not required to report measure ,
S5921,C15,Plan not required to report measure ,
S5921,C16,Plan not required to report measure ,
S5921,C17,Plan not required to report measure ,
S5921,C18,Plan not required to report measure ,
S5921,C19,Plan not required to report measure ,
S5921,C20,Plan not required to report measure ,
S5921,C21,Plan not required to report measure ,
S5921,C22,Plan not required to report measure ,
S5921,C23,Plan not required to report measure ,
S5921,C24,Plan not required to report measure ,
S5921,C25,Plan not required to report measure ,
S5921,C26,Plan not required to report measure ,
S5921,C27,Plan not required to report measure ,
S5921,C28,Plan not required to report measure ,
S5921,C29,Plan not required to report measure ,
S5921,C30,Plan not required to report measure ,
S5921,C31,Plan not required to report measure ,
S5921,C32,Plan not required to report measure ,
S5921,C33,Plan not required to report measure ,
S5921,D01,5,5
S5921,D02,4,4
S5921,D03,2,2
S5921,D04,1,1
S5921,D05,1,1
S5921,D06,1,1
S5921,D07,5,5
S5921,D08,1,1
S5921,D09,1,1
S5921,D10,1,1
S5921,D11,3,3
S5921,D12,2,2
S5953,C01,Plan not required to report measure ,
S5953,C02,Plan not required to report measure ,
S5953,C03,Plan not required to report measure ,
S5953,C04,Plan not required to report measure ,
S5953,C05,Plan not required to report measure ,
S5953,C06,Plan not required to report measure ,
S5953,C07,Plan not required to report measure ,
S5953,C08,Plan not required to report measure ,
S5953,C09,Plan not required to report measure ,
S5953,C10,Plan not required to report measure ,
S5953,C11,Plan not required to report measure ,
S5953,C12,Plan not required to report measure ,
S5953,C13,Plan not required to report measure ,
S5953,C14,Plan not required to report measure ,
S5953,C15,Plan not required to report measure ,
S5953,C16,Plan not required to report measure ,
S5953,C17,Plan not required to report measure ,
S5953,C18,Plan not required to report measure ,
S5953,C19,Plan not required to report measure ,
S5953,C20,Plan not required to report measure ,
S5953,C21,Plan not required to report measure ,
S5953,C22,Plan not required to report measure ,
S5953,C23,Plan not required to report measure ,
S5953,C24,Plan not required to report measure ,
S5953,C25,Plan not required to report measure ,
S5953,C26,Plan not required to report measure ,
S5953,C27,Plan not required to report measure ,
S5953,C28,Plan not required to report measure ,
S5953,C29,Plan not required to report measure ,
S5953,C30,Plan not required to report measure ,
S5953,C31,Plan not required to report measure ,
S5953,C32,Plan not required to report measure ,
S5953,C33,Plan not required to report measure ,
S5953,D01,5,5
S5953,D02,4,4
S5953,D03,4,4
S5953,D04,4,4
S5953,D05,2,2
S5953,D06,3,3
S5953,D07,5,5
S5953,D08,2,2
S5953,D09,3,3
S5953,D10,3,3
S5953,D11,5,5
S5953,D12,2,2
S5960,C01,Plan not required to report measure ,
S5960,C02,Plan not required to report measure ,
S5960,C03,Plan not required to report measure ,
S5960,C04,Plan not required to report measure ,
S5960,C05,Plan not required to report measure ,
S5960,C06,Plan not required to report measure ,
S5960,C07,Plan not required to report measure ,
S5960,C08,Plan not required to report measure ,
S5960,C09,Plan not required to report measure ,
S5960,C10,Plan not required to report measure ,
S5960,C11,Plan not required to report measure ,
S5960,C12,Plan not required to report measure ,
S5960,C13,Plan not required to report measure ,
S5960,C14,Plan not required to report measure ,
S5960,C15,Plan not required to report measure ,
S5960,C16,Plan not required to report measure ,
S5960,C17,Plan not required to report measure ,
S5960,C18,Plan not required to report measure ,
S5960,C19,Plan not required to report measure ,
S5960,C20,Plan not required to report measure ,
S5960,C21,Plan not required to report measure ,
S5960,C22,Plan not required to report measure ,
S5960,C23,Plan not required to report measure ,
S5960,C24,Plan not required to report measure ,
S5960,C25,Plan not required to report measure ,
S5960,C26,Plan not required to report measure ,
S5960,C27,Plan not required to report measure ,
S5960,C28,Plan not required to report measure ,
S5960,C29,Plan not required to report measure ,
S5960,C30,Plan not required to report measure ,
S5960,C31,Plan not required to report measure ,
S5960,C32,Plan not required to report measure ,
S5960,C33,Plan not required to report measure ,
S5960,D01,Not enough data available ,
S5960,D02,4,4
S5960,D03,Not enough data available ,
S5960,D04,4,4
S5960,D05,3,3
S5960,D06,2,2
S5960,D07,Not enough data available ,
S5960,D08,3,3
S5960,D09,2,2
S5960,D10,3,3
S5960,D11,Not enough data available ,
S5960,D12,4,4
S5966,C01,Plan not required to report measure ,
S5966,C02,Plan not required to report measure ,
S5966,C03,Plan not required to report measure ,
S5966,C04,Plan not required to report measure ,
S5966,C05,Plan not required to report measure ,
S5966,C06,Plan not required to report measure ,
S5966,C07,Plan not required to report measure ,
S5966,C08,Plan not required to report measure ,
S5966,C09,Plan not required to report measure ,
S5966,C10,Plan not required to report measure ,
S5966,C11,Plan not required to report measure ,
S5966,C12,Plan not required to report measure ,
S5966,C13,Plan not required to report measure ,
S5966,C14,Plan not required to report measure ,
S5966,C15,Plan not required to report measure ,
S5966,C16,Plan not required to report measure ,
S5966,C17,Plan not required to report measure ,
S5966,C18,Plan not required to report measure ,
S5966,C19,Plan not required to report measure ,
S5966,C20,Plan not required to report measure ,
S5966,C21,Plan not required to report measure ,
S5966,C22,Plan not required to report measure ,
S5966,C23,Plan not required to report measure ,
S5966,C24,Plan not required to report measure ,
S5966,C25,Plan not required to report measure ,
S5966,C26,Plan not required to report measure ,
S5966,C27,Plan not required to report measure ,
S5966,C28,Plan not required to report measure ,
S5966,C29,Plan not required to report measure ,
S5966,C30,Plan not required to report measure ,
S5966,C31,Plan not required to report measure ,
S5966,C32,Plan not required to report measure ,
S5966,C33,Plan not required to report measure ,
S5966,D01,Not enough data available ,
S5966,D02,5,5
S5966,D03,Not enough data available ,
S5966,D04,2,2
S5966,D05,4,4
S5966,D06,3,3
S5966,D07,Not enough data available ,
S5966,D08,1,1
S5966,D09,2,2
S5966,D10,2,2
S5966,D11,5,5
S5966,D12,4,4
S5975,C01,Plan not required to report measure ,
S5975,C02,Plan not required to report measure ,
S5975,C03,Plan not required to report measure ,
S5975,C04,Plan not required to report measure ,
S5975,C05,Plan not required to report measure ,
S5975,C06,Plan not required to report measure ,
S5975,C07,Plan not required to report measure ,
S5975,C08,Plan not required to report measure ,
S5975,C09,Plan not required to report measure ,
S5975,C10,Plan not required to report measure ,
S5975,C11,Plan not required to report measure ,
S5975,C12,Plan not required to report measure ,
S5975,C13,Plan not required to report measure ,
S5975,C14,Plan not required to report measure ,
S5975,C15,Plan not required to report measure ,
S5975,C16,Plan not required to report measure ,
S5975,C17,Plan not required to report measure ,
S5975,C18,Plan not required to report measure ,
S5975,C19,Plan not required to report measure ,
S5975,C20,Plan not required to report measure ,
S5975,C21,Plan not required to report measure ,
S5975,C22,Plan not required to report measure ,
S5975,C23,Plan not required to report measure ,
S5975,C24,Plan not required to report measure ,
S5975,C25,Plan not required to report measure ,
S5975,C26,Plan not required to report measure ,
S5975,C27,Plan not required to report measure ,
S5975,C28,Plan not required to report measure ,
S5975,C29,Plan not required to report measure ,
S5975,C30,Plan not required to report measure ,
S5975,C31,Plan not required to report measure ,
S5975,C32,Plan not required to report measure ,
S5975,C33,Plan not required to report measure ,
S5975,D01,Not enough data available ,
S5975,D02,5,5
S5975,D03,Not enough data available ,
S5975,D04,3,3
S5975,D05,4,4
S5975,D06,5,5
S5975,D07,Not enough data available ,
S5975,D08,3,3
S5975,D09,2,2
S5975,D10,3,3
S5975,D11,2,2
S5975,D12,4,4
S5993,C01,Plan not required to report measure ,
S5993,C02,Plan not required to report measure ,
S5993,C03,Plan not required to report measure ,
S5993,C04,Plan not required to report measure ,
S5993,C05,Plan not required to report measure ,
S5993,C06,Plan not required to report measure ,
S5993,C07,Plan not required to report measure ,
S5993,C08,Plan not required to report measure ,
S5993,C09,Plan not required to report measure ,
S5993,C10,Plan not required to report measure ,
S5993,C11,Plan not required to report measure ,
S5993,C12,Plan not required to report measure ,
S5993,C13,Plan not required to report measure ,
S5993,C14,Plan not required to report measure ,
S5993,C15,Plan not required to report measure ,
S5993,C16,Plan not required to report measure ,
S5993,C17,Plan not required to report measure ,
S5993,C18,Plan not required to report measure ,
S5993,C19,Plan not required to report measure ,
S5993,C20,Plan not required to report measure ,
S5993,C21,Plan not required to report measure ,
S5993,C22,Plan not required to report measure ,
S5993,C23,Plan not required to report measure ,
S5993,C24,Plan not required to report measure ,
S5993,C25,Plan not required to report measure ,
S5993,C26,Plan not required to report measure ,
S5993,C27,Plan not required to report measure ,
S5993,C28,Plan not required to report measure ,
S5993,C29,Plan not required to report measure ,
S5993,C30,Plan not required to report measure ,
S5993,C31,Plan not required to report measure ,
S5993,C32,Plan not required to report measure ,
S5993,C33,Plan not required to report measure ,
S5993,D01,4,4
S5993,D02,4,4
S5993,D03,4,4
S5993,D04,5,5
S5993,D05,3,3
S5993,D06,2,2
S5993,D07,5,5
S5993,D08,3,3
S5993,D09,3,3
S5993,D10,3,3
S5993,D11,3,3
S5993,D12,4,4
S6875,C01,Plan not required to report measure ,
S6875,C02,Plan not required to report measure ,
S6875,C03,Plan not required to report measure ,
S6875,C04,Plan not required to report measure ,
S6875,C05,Plan not required to report measure ,
S6875,C06,Plan not required to report measure ,
S6875,C07,Plan not required to report measure ,
S6875,C08,Plan not required to report measure ,
S6875,C09,Plan not required to report measure ,
S6875,C10,Plan not required to report measure ,
S6875,C11,Plan not required to report measure ,
S6875,C12,Plan not required to report measure ,
S6875,C13,Plan not required to report measure ,
S6875,C14,Plan not required to report measure ,
S6875,C15,Plan not required to report measure ,
S6875,C16,Plan not required to report measure ,
S6875,C17,Plan not required to report measure ,
S6875,C18,Plan not required to report measure ,
S6875,C19,Plan not required to report measure ,
S6875,C20,Plan not required to report measure ,
S6875,C21,Plan not required to report measure ,
S6875,C22,Plan not required to report measure ,
S6875,C23,Plan not required to report measure ,
S6875,C24,Plan not required to report measure ,
S6875,C25,Plan not required to report measure ,
S6875,C26,Plan not required to report measure ,
S6875,C27,Plan not required to report measure ,
S6875,C28,Plan not required to report measure ,
S6875,C29,Plan not required to report measure ,
S6875,C30,Plan not required to report measure ,
S6875,C31,Plan not required to report measure ,
S6875,C32,Plan not required to report measure ,
S6875,C33,Plan not required to report measure ,
S6875,D01,Not enough data available ,
S6875,D02,5,5
S6875,D03,Not enough data available ,
S6875,D04,2,2
S6875,D05,4,4
S6875,D06,5,5
S6875,D07,Not enough data available ,
S6875,D08,2,2
S6875,D09,2,2
S6875,D10,2,2
S6875,D11,5,5
S6875,D12,5,5
S6939,C01,Plan not required to report measure ,
S6939,C02,Plan not required to report measure ,
S6939,C03,Plan not required to report measure ,
S6939,C04,Plan not required to report measure ,
S6939,C05,Plan not required to report measure ,
S6939,C06,Plan not required to report measure ,
S6939,C07,Plan not required to report measure ,
S6939,C08,Plan not required to report measure ,
S6939,C09,Plan not required to report measure ,
S6939,C10,Plan not required to report measure ,
S6939,C11,Plan not required to report measure ,
S6939,C12,Plan not required to report measure ,
S6939,C13,Plan not required to report measure ,
S6939,C14,Plan not required to report measure ,
S6939,C15,Plan not required to report measure ,
S6939,C16,Plan not required to report measure ,
S6939,C17,Plan not required to report measure ,
S6939,C18,Plan not required to report measure ,
S6939,C19,Plan not required to report measure ,
S6939,C20,Plan not required to report measure ,
S6939,C21,Plan not required to report measure ,
S6939,C22,Plan not required to report measure ,
S6939,C23,Plan not required to report measure ,
S6939,C24,Plan not required to report measure ,
S6939,C25,Plan not required to report measure ,
S6939,C26,Plan not required to report measure ,
S6939,C27,Plan not required to report measure ,
S6939,C28,Plan not required to report measure ,
S6939,C29,Plan not required to report measure ,
S6939,C30,Plan not required to report measure ,
S6939,C31,Plan not required to report measure ,
S6939,C32,Plan not required to report measure ,
S6939,C33,Plan not required to report measure ,
S6939,D01,Plan too new to be measured ,
S6939,D02,Plan too new to be measured ,
S6939,D03,Plan too new to be measured ,
S6939,D04,Plan too new to be measured ,
S6939,D05,Plan too new to be measured ,
S6939,D06,Plan too new to be measured ,
S6939,D07,Plan too new to be measured ,
S6939,D08,Plan too new to be measured ,
S6939,D09,Plan too new to be measured ,
S6939,D10,Plan too new to be measured ,
S6939,D11,Plan too new to be measured ,
S6939,D12,Plan too new to be measured,
S8067,C01,Plan not required to report measure ,
S8067,C02,Plan not required to report measure ,
S8067,C03,Plan not required to report measure ,
S8067,C04,Plan not required to report measure ,
S8067,C05,Plan not required to report measure ,
S8067,C06,Plan not required to report measure ,
S8067,C07,Plan not required to report measure ,
S8067,C08,Plan not required to report measure ,
S8067,C09,Plan not required to report measure ,
S8067,C10,Plan not required to report measure ,
S8067,C11,Plan not required to report measure ,
S8067,C12,Plan not required to report measure ,
S8067,C13,Plan not required to report measure ,
S8067,C14,Plan not required to report measure ,
S8067,C15,Plan not required to report measure ,
S8067,C16,Plan not required to report measure ,
S8067,C17,Plan not required to report measure ,
S8067,C18,Plan not required to report measure ,
S8067,C19,Plan not required to report measure ,
S8067,C20,Plan not required to report measure ,
S8067,C21,Plan not required to report measure ,
S8067,C22,Plan not required to report measure ,
S8067,C23,Plan not required to report measure ,
S8067,C24,Plan not required to report measure ,
S8067,C25,Plan not required to report measure ,
S8067,C26,Plan not required to report measure ,
S8067,C27,Plan not required to report measure ,
S8067,C28,Plan not required to report measure ,
S8067,C29,Plan not required to report measure ,
S8067,C30,Plan not required to report measure ,
S8067,C31,Plan not required to report measure ,
S8067,C32,Plan not required to report measure ,
S8067,C33,Plan not required to report measure ,
S8067,D01,Not enough data available ,
S8067,D02,5,5
S8067,D03,Not enough data available ,
S8067,D04,4,4
S8067,D05,4,4
S8067,D06,5,5
S8067,D07,Not enough data available ,
S8067,D08,4,4
S8067,D09,5,5
S8067,D10,5,5
S8067,D11,4,4
S8067,D12,5,5
S8841,C01,Plan not required to report measure ,
S8841,C02,Plan not required to report measure ,
S8841,C03,Plan not required to report measure ,
S8841,C04,Plan not required to report measure ,
S8841,C05,Plan not required to report measure ,
S8841,C06,Plan not required to report measure ,
S8841,C07,Plan not required to report measure ,
S8841,C08,Plan not required to report measure ,
S8841,C09,Plan not required to report measure ,
S8841,C10,Plan not required to report measure ,
S8841,C11,Plan not required to report measure ,
S8841,C12,Plan not required to report measure ,
S8841,C13,Plan not required to report measure ,
S8841,C14,Plan not required to report measure ,
S8841,C15,Plan not required to report measure ,
S8841,C16,Plan not required to report measure ,
S8841,C17,Plan not required to report measure ,
S8841,C18,Plan not required to report measure ,
S8841,C19,Plan not required to report measure ,
S8841,C20,Plan not required to report measure ,
S8841,C21,Plan not required to report measure ,
S8841,C22,Plan not required to report measure ,
S8841,C23,Plan not required to report measure ,
S8841,C24,Plan not required to report measure ,
S8841,C25,Plan not required to report measure ,
S8841,C26,Plan not required to report measure ,
S8841,C27,Plan not required to report measure ,
S8841,C28,Plan not required to report measure ,
S8841,C29,Plan not required to report measure ,
S8841,C30,Plan not required to report measure ,
S8841,C31,Plan not required to report measure ,
S8841,C32,Plan not required to report measure ,
S8841,C33,Plan not required to report measure ,
S8841,D01,Not enough data available ,
S8841,D02,5,5
S8841,D03,Not enough data available ,
S8841,D04,3,3
S8841,D05,5,5
S8841,D06,4,4
S8841,D07,Not enough data available ,
S8841,D08,3,3
S8841,D09,2,2
S8841,D10,1,1
S8841,D11,3,3
S8841,D12,3,3
S9701,C01,Plan not required to report measure ,
S9701,C02,Plan not required to report measure ,
S9701,C03,Plan not required to report measure ,
S9701,C04,Plan not required to report measure ,
S9701,C05,Plan not required to report measure ,
S9701,C06,Plan not required to report measure ,
S9701,C07,Plan not required to report measure ,
S9701,C08,Plan not required to report measure ,
S9701,C09,Plan not required to report measure ,
S9701,C10,Plan not required to report measure ,
S9701,C11,Plan not required to report measure ,
S9701,C12,Plan not required to report measure ,
S9701,C13,Plan not required to report measure ,
S9701,C14,Plan not required to report measure ,
S9701,C15,Plan not required to report measure ,
S9701,C16,Plan not required to report measure ,
S9701,C17,Plan not required to report measure ,
S9701,C18,Plan not required to report measure ,
S9701,C19,Plan not required to report measure ,
S9701,C20,Plan not required to report measure ,
S9701,C21,Plan not required to report measure ,
S9701,C22,Plan not required to report measure ,
S9701,C23,Plan not required to report measure ,
S9701,C24,Plan not required to report measure ,
S9701,C25,Plan not required to report measure ,
S9701,C26,Plan not required to report measure ,
S9701,C27,Plan not required to report measure ,
S9701,C28,Plan not required to report measure ,
S9701,C29,Plan not required to report measure ,
S9701,C30,Plan not required to report measure ,
S9701,C31,Plan not required to report measure ,
S9701,C32,Plan not required to report measure ,
S9701,C33,Plan not required to report measure ,
S9701,D01,Not enough data available ,
S9701,D02,5,5
S9701,D03,Not enough data available ,
S9701,D04,5,5
S9701,D05,5,5
S9701,D06,5,5
S9701,D07,Not enough data available ,
S9701,D08,4,4
S9701,D09,3,3
S9701,D10,4,4
S9701,D11,4,4
S9701,D12,4,4
