"Contract Number","Organization Type","Plan Type","Organization Name","Organization Marketing Name","Parent Organization","Contract Effective Date","Offers Part D","MAOnly","PartD","Enrollment"
"90091","HCPP - 1833 Cost","HCPP - 1833 Cost","UNITED MINE WORKERS OF AMERICA HLTH & RETIREMENT","United Mine Workers of America Health & Retirement","UMWA Health and Retirement Funds","02/01/1974","No","38684","*","38684"
"E3014","Employer/Union Only Direct Contract PDP","Employer/Union Only Direct Contract PDP","PSERS HOP PROGRAM","Pennsylvania Public School Employees Retirement Sy","Commonwealth of PA Pub Schools Retirement System","01/01/2007","Yes","*","95175","95175"
"H0016","National PACE","National PACE","LIFE COORDINATED COMMONWEALTH PACE INC","LIFE COORDINATED COMMONWEALTH PACE INC","LIFE COORDINATED COMMONWEALTH PACE, Inc","04/01/2024","Yes","*","36","36"
"H0028","Local CCP","HMO/HMOPOS","CHA HMO, INC.","Humana","Humana Inc.","01/01/2013","Yes","*","330109","330109"
"H0029","Local CCP","HMO/HMOPOS","COORDINATED CARE OF WASHINGTON, INC.","Wellcare","Centene Corporation","01/01/2018","Yes","*","31878","31878"
"H0034","Local CCP","HMO/HMOPOS","HAMASPIK, INC.","Hamaspik, Inc.","Hamaspik of Rockland County, Inc.","01/01/2020","Yes","*","2282","2282"
"H0062","Local CCP","HMO/HMOPOS","SUPERIOR HEALTHPLAN, INC.","Wellcare","Centene Corporation","01/01/2017","Yes","*","9304","9304"
"H0074","Local CCP","Local PPO","WELLCARE OF MISSISSIPPI, INC.","Wellcare","Centene Corporation","01/01/2021","Yes","*","1527","1527"
"H0104","Local CCP","Local PPO","BLUE CROSS AND BLUE SHIELD OF ALABAMA","Blue Cross and Blue Shield of Alabama","BlueCross BlueShield of Alabama","07/01/2005","Yes","*","113903","113903"
"H0105","National PACE","National PACE","Orangeburg Senior Helping Center, LLC","Orangeburg Senior Helping Center: A PACE Healthcare Program","Orangeburg Senior Helping Center, LLC","03/01/2008","Yes","*","104","104"
"H0107","Local CCP","Local PPO","HEALTH CARE SERVICE CORPORATION","Blue Cross and Blue Shield of Montana","Health Care Service Corporation","01/01/2014","Yes","52985","48432","101417"
"H0111","Local CCP","Local PPO","WELLCARE OF GEORGIA, INC.","Wellcare","Centene Corporation","01/01/2018","Yes","464","5608","6072"
"H0112","National PACE","National PACE","MORSE LIFE HOME CARE, INC.","Palm Beach PACE","Morse Life Home Care, Inc.","11/01/2013","Yes","*","1007","1007"
"H0154","Local CCP","HMO/HMOPOS","VIVA HEALTH, INC.","VIVA Medicare","Triton Health Systems, L.L.C.","05/01/1998","Yes","1377","50584","51961"
"H0169","Local CCP","HMO/HMOPOS","UNITEDHEALTHCARE OF WISCONSIN, INC.","UnitedHealthcare","UnitedHealth Group, Inc.","01/01/2018","Yes","*","102046","102046"
"H0174","Local CCP","HMO/HMOPOS","WELLCARE OF TEXAS, INC.","Wellcare","Centene Corporation","01/01/2016","Yes","*","54139","54139"
"H0216","National PACE","National PACE","PACE IOWA","Immanuel Pathways Iowa","Immanuel","01/01/2012","Yes","*","469","469"
"H0235","National PACE","National PACE","PACE OF NORTHEAST INDIANA, LLC","PACE of Northeast Indiana, LLC","Aging & In-Home Services of Northeast Indiana, Inc","05/01/2021","Yes","*","164","164"
"H0251","Local CCP","HMO/HMOPOS","UNITEDHEALTHCARE PLAN OF THE RIVER VALLEY, INC.","UnitedHealthcare","UnitedHealth Group, Inc.","01/01/2007","Yes","*","77296","77296"
"H0270","Local CCP","Local PPO","WELLCARE HEALTH INSURANCE COMPANY OF AMERICA","Wellcare","Centene Corporation","01/01/2019","Yes","*","664","664"
"H0292","Local CCP","HMO/HMOPOS","HUMANA HEALTH PLAN OF OHIO, INC.","Humana","Humana Inc.","01/01/2019","Yes","*","10868","10868"
"H0294","Local CCP","Local PPO","UNITEDHEALTHCARE INSURANCE COMPANY","UnitedHealthcare","UnitedHealth Group, Inc.","01/01/2012","Yes","3184","66943","70127"
"H0302","Local CCP","HMO/HMOPOS","MEDISUN, INC.","Blue Cross Blue Shield of Arizona (AZ Blue)","Blue Cross Blue Shield of Arizona","08/01/1999","Yes","*","39666","39666"
"H0321","Local CCP","HMO/HMOPOS","ARIZONA PHYSICIANS IPA, INC.","UnitedHealthcare","UnitedHealth Group, Inc.","09/01/2005","Yes","*","70638","70638"
"H0332","Local CCP","HMO/HMOPOS","KS PLAN ADMINISTRATORS, LLC","KelseyCare Advantage","UnitedHealth Group, Inc.","01/01/2008","Yes","779","52279","53058"
"H0342","Local CCP","Local PPO","CAREPARTNERS OF CONNECTICUT, INC.","CarePartners of Connecticut","Point32Health, Inc.","01/01/2021","Yes","*","12021","12021"
"H0351","Local CCP","HMO/HMOPOS","HEALTH NET OF ARIZONA, INC.","Wellcare","Centene Corporation","03/01/1992","Yes","*","23840","23840"
"H0354","Local CCP","HMO/HMOPOS","BRAVO HEALTH PENNSYLVANIA, INC.","HealthSpring","Health Care Service Corporation","12/01/1992","Yes","*","75390","75390"
"H0363","Local CCP","HMO/HMOPOS","LONGEVITY HEALTH PLAN OF COLORADO, INC.","Longevity Health Plan","Longevity Health Founders, LLC","01/01/2021","Yes","*","411","411"
"H0390","National PACE","National PACE","PACE OF SOUTHWEST MICHIGAN, INC.","PACE of Southwest Michigan","PACE of Southwest Michigan, Inc.","08/01/2012","Yes","*","236","236"
"H0413","Local CCP","Local PPO","DEVOTED HEALTH INSURANCE COMPANY OF DELAWARE","Devoted Health","Devoted Health, Inc.","01/01/2026","Yes","*","649","649"
"H0421","Local CCP","Local PPO","CARE IMPROVEMENT PLUS SOUTH CENTRAL INSURANCE CO.","UnitedHealthcare","UnitedHealth Group, Inc.","01/01/2025","Yes","*","5299","5299"
"H0423","Local CCP","HMO/HMOPOS","METROPLUS HEALTH PLAN, INC.","MetroPlus Health Plan","New York City Health and Hospitals Corporation","01/01/2008","Yes","*","13737","13737"
"H0424","National PACE","National PACE","INNOVAGE FLORIDA PACE II, LLC","InnovAge Florida PACE - Orlando","Total Community Options, Inc.","04/01/2024","Yes","*","144","144"
"H0432","Local CCP","HMO/HMOPOS","UNITEDHEALTHCARE OF THE MIDLANDS, INC.","UnitedHealthcare","UnitedHealth Group, Inc.","01/01/2018","Yes","6190","49209","55399"
"H0439","Local CCP","HMO/HMOPOS","HEALTHSPRING LIFE & HEALTH INSURANCE COMPANY, INC.","HealthSpring","Health Care Service Corporation","01/01/2014","Yes","*","30649","30649"
"H0440","National PACE","National PACE","EMPATH LIFE, INC.","Empath LIFE","Empath Health, Inc.","07/01/2023","Yes","*","35","35"
"H0473","Local CCP","Local PPO","HUMANA INSURANCE COMPANY OF KENTUCKY","Humana","Humana Inc.","01/01/2019","Yes","*","16260","16260"
"H0477","National PACE","National PACE","SERENITY CARE, INC.","Serenity Care PACE","Serenity Care, Inc.","05/01/2014","Yes","*","602","602"
"H0504","Local CCP","HMO/HMOPOS","CALIFORNIA PHYSICIANS' SERVICE","Blue Shield of California","California Physicians' Service","05/01/1996","Yes","*","55444","55444"
"H0523","Local CCP","HMO/HMOPOS","AETNA HEALTH OF CALIFORNIA INC.","Aetna Medicare","CVS Health Corporation","05/01/1986","Yes","1401","9912","11313"
"H0524","Local CCP","HMO/HMOPOS","KAISER FOUNDATION HP, INC.","Kaiser Permanente","Kaiser Foundation Health Plan, Inc.","08/01/1987","Yes","10152","1368929","1379081"
"H0542","National PACE","National PACE","ALTAMED HEALTH SERVICES CORPORATION","AltaMed Health Services Corporation","Altamed Health Services Corporation","11/01/2002","Yes","*","3572","3572"
"H0543","Local CCP","HMO/HMOPOS","UHC OF CALIFORNIA","UnitedHealthcare","UnitedHealth Group, Inc.","06/01/1985","Yes","1774","250158","251932"
"H0544","Local CCP","HMO/HMOPOS","BLUE CROSS OF CALIFORNIA","Anthem Blue Cross","Elevance Health, Inc.","02/01/2003","Yes","*","49332","49332"
"H0562","Local CCP","HMO/HMOPOS","HEALTH NET OF CALIFORNIA, INC.","Wellcare","Centene Corporation","10/01/1992","Yes","438","23953","24391"
"H0571","Local CCP","HMO/HMOPOS","CHINESE COMMUNITY HEALTH PLAN","CCHP (Chinese Community Health Plan)","Chinese Hospital Association","08/01/1994","Yes","*","5745","5745"
"H0609","Local CCP","HMO/HMOPOS","UnitedHealthcare Benefits of Texas, Inc.","UnitedHealthcare","UnitedHealth Group, Inc.","07/01/1986","Yes","11683","740091","751774"
"H0613","National PACE","National PACE","TOTAL LONGTERM CARE, INC.","InnovAge Colorado PACE","Total Community Options, Inc.","04/01/2003","Yes","*","2991","2991"
"H0624","Local CCP","HMO/HMOPOS","UnitedHealthcare Benefits of Texas, Inc.","UnitedHealthcare","UnitedHealth Group, Inc.","07/01/2005","Yes","*","32781","32781"
"H0628","Local CCP","HMO/HMOPOS","AETNA HEALTH OF OHIO INC.","Aetna Medicare","CVS Health Corporation","01/01/2020","Yes","*","130881","130881"
"H0629","Local CCP","HMO/HMOPOS","ANTHEM INSURANCE COMPANIES, INC.","Anthem Blue Cross and Blue Shield","Elevance Health, Inc.","01/01/2026","Yes","*","37762","37762"
"H0630","Local CCP","HMO/HMOPOS","KAISER FOUNDATION HP OF CO","Kaiser Permanente","Kaiser Foundation Health Plan, Inc.","01/01/1986","Yes","*","113582","113582"
"H0672","Local CCP","HMO/HMOPOS","HEALTHSPRING HEALTHCARE OF COLORADO, INC.","HealthSpring","Health Care Service Corporation","01/01/2020","Yes","*","25716","25716"
"H0710","Local CCP","Local PPO","CARE IMPROVEMENT PLUS SOUTH CENTRAL INSURANCE CO.","UnitedHealthcare","UnitedHealth Group, Inc.","07/01/2004","Yes","*","45020","45020"
"H0712","Local CCP","HMO/HMOPOS","WELLCARE OF CONNECTICUT, INC.","Wellcare","Centene Corporation","05/01/2005","Yes","*","7148","7148"
"H0724","Local CCP","HMO/HMOPOS","BUCKEYE HEALTH PLAN COMMUNITY SOLUTIONS, Inc.","Wellcare","Centene Corporation","01/01/2018","Yes","*","*","*"
"H0725","National PACE","National PACE","WELLQUEST RIVER VALLEY, LLC","WellQuest River Valley","WellQuest River Valley, LLC","03/01/2026","Yes","*","*","*"
"H0738","Local CCP","HMO/HMOPOS","AmeriHealth Caritas VIP Next, Inc.","AmeriHealth Caritas VIP Care (HMO-D-SNP)","Independence Health Group, Inc.","01/01/2023","Yes","*","1154","1154"
"H0755","Local CCP","HMO/HMOPOS","CARE IMPROVEMENT PLUS SOUTH CENTRAL INSURANCE CO.","UnitedHealthcare","UnitedHealth Group, Inc.","12/01/1996","Yes","1914","92446","94360"
"H0764","Local CCP","Local PPO","UNITEDHEALTHCARE OF NEW ENGLAND, INC.","UnitedHealthcare","UnitedHealth Group, Inc.","01/01/2023","Yes","*","1548","1548"
"H0777","Local CCP","HMO/HMOPOS","MASS GENERAL BRIGHAM HEALTH PLAN, INC","Mass General Brigham Health Plan","Mass General Brigham Incorporated","01/01/2026","Yes","*","403","403"
"H0783","Local CCP","HMO/HMOPOS","HUMANA BENEFIT PLAN OF TEXAS, INC.","Humana","Humana Inc.","01/01/2021","Yes","*","510","510"
"H0809","National PACE","National PACE","MERCY LIFE, INC.","Mercy LIFE","Trinity Health Corporation","03/01/2014","Yes","*","202","202"
"H0816","Local CCP","HMO/HMOPOS","BESHP, INC.","MyAdvocate Medicare Advantage","Sanford Health","01/01/2026","Yes","*","66","66"
"H0819","National PACE","National PACE","SENIOR LIFE YORK, INC.","Senior LIFE York","Senior LIFE York, Inc.","05/01/2011","Yes","*","362","362"
"H0839","National PACE","National PACE","VOANS SENIOR COMMUNITY CARE OF NORTH CAROLINA, INC","Senior CommUnity Care of North Carolina","Volunteers of America National Services","07/01/2013","Yes","*","151","151"
"H0870","National PACE","National PACE","BLUE RIDGE INDEPENDENCE AT HOME, INC.","Blue Ridge Independence at Home","Blue Ridge Hospice, Inc.","08/01/2024","Yes","*","89","89"
"H0885","Local CCP","Local PPO","HEALTHIER NEW JERSEY INSURANCE COMPANY","Braven Health","Horizon Mutual Holdings, Inc","01/01/2021","Yes","1980","48077","50057"
"H0907","Local CCP","HMO/HMOPOS","WELLPOINT IOWA, INC.","Wellpoint","Elevance Health, Inc.","01/01/2021","Yes","*","4254","4254"
"H0908","Local CCP","HMO/HMOPOS","BUCKEYE COMMUNITY HEALTH PLAN, INC.","Wellcare","Centene Corporation","01/01/2008","Yes","*","9103","9103"
"H0913","Local CCP","HMO/HMOPOS","WELLCARE HEALTH PLANS OF NEW JERSEY, INC.","Wellcare","Centene Corporation","01/01/2008","Yes","111","12879","12990"
"H0934","National PACE","National PACE","PACIFIC PACE, LLC","WelbeHealth","WelbeHealth LLC.","07/01/2019","Yes","*","951","951"
"H0963","Local CCP","HMO/HMOPOS","HUMANA MEDICAL PLAN OF MICHIGAN, INC.","Humana","Humana Inc.","01/01/2026","Yes","*","16564","16564"
"H0976","Local CCP","HMO/HMOPOS","SCAN HEALTH PLAN","SCAN Health Plan","SCAN Group","01/01/2024","Yes","*","27584","27584"
"H0978","Local CCP","HMO/HMOPOS","SCAN HEALTH PLAN NEVADA, INC.","SCAN Health Plan","SCAN Group","01/01/2022","Yes","*","5652","5652"
"H0982","Local CCP","HMO/HMOPOS","SOLIS HEALTH PLANS, INC.","Solis Health Plans","Athena Healthcare Holdings, LLC","01/01/2019","Yes","*","22433","22433"
"H1019","Local CCP","HMO/HMOPOS","CAREPLUS HEALTH PLANS, INC.","CarePlus Health Plans, Inc.","Humana Inc.","02/01/1998","Yes","476","171264","171740"
"H1032","Local CCP","HMO/HMOPOS","Sunshine State Health Plan, Inc.","Wellcare","Centene Corporation","01/01/2000","Yes","661","50157","50818"
"H1035","Local CCP","HMO/HMOPOS","FLORIDA BLUE MEDICARE, INC.","Florida Blue HMO","Guidewell Mutual Holding Corporation","11/01/1985","Yes","*","46937","46937"
"H1036","Local CCP","HMO/HMOPOS","HUMANA MEDICAL PLAN, INC.","Humana","Humana Inc.","02/01/1986","Yes","3608","845855","849463"
"H1043","National PACE","National PACE","FLORIDA PACE CENTERS, INC.","Florida Pace Centers, Inc.","Miami Jewish Health Systems, Inc.","01/01/2003","Yes","*","1201","1201"
"H1045","Local CCP","HMO/HMOPOS","PREFERRED CARE PARTNERS, INC.","UnitedHealthcare","UnitedHealth Group, Inc.","08/01/2002","Yes","*","393090","393090"
"H1099","Local CCP","HMO/HMOPOS","HEALTH FIRST HEALTH PLANS","Health First Health Plans, Inc.","Health First Shared Services, Inc.","04/01/1997","Yes","401","36605","37006"
"H1109","Local CCP","HMO/HMOPOS","AETNA HEALTH INC. (GA)","Aetna Medicare","CVS Health Corporation","07/01/2005","Yes","90","1614","1704"
"H1112","Local CCP","HMO/HMOPOS","WELLCARE OF GEORGIA, INC.","Wellcare","Centene Corporation","07/01/2005","Yes","1020","25810","26830"
"H1119","Local CCP","HMO/HMOPOS","TSG GUARD, INC.","Valor Health Plan","The Schroer Group, Inc.","01/01/2019","Yes","*","2357","2357"
"H1170","Local CCP","HMO/HMOPOS","KAISER FOUNDATION HP OF GA, INC.","Kaiser Permanente","Kaiser Foundation Health Plan, Inc.","01/01/1997","Yes","193","41942","42135"
"H1181","MSA","MSA","NETWORK HEALTH INSURANCE CORPORATION","Network Health Medicare Advantage Plans","Network Health, Inc.","01/01/2015","No","1398","*","1398"
"H1188","National PACE","National PACE","ONE SENIOR CARE OHIO, LLC","Buckeye PACE","One Senior Care, Inc.","08/01/2025","Yes","*","84","84"
"H1189","Local CCP","HMO/HMOPOS","CHRISTUS HEALTH PLAN","CHRISTUS Health Advantage","CHRISTUS Health","01/01/2015","Yes","409","8512","8921"
"H1206","Local CCP","HMO/HMOPOS","COVENTRY HEALTH CARE OF ILLINOIS, INC.","Aetna Medicare","CVS Health Corporation","01/01/2024","Yes","*","4259","4259"
"H1212","Local CCP","HMO/HMOPOS","WELLPOINT WEST VIRGINIA , INC.","Wellpoint","Elevance Health, Inc.","01/01/2026","Yes","*","557","557"
"H1215","Local CCP","HMO/HMOPOS","NEBRASKA TOTAL CARE, INC.","Wellcare","Centene Corporation","01/01/2022","Yes","*","2992","2992"
"H1219","National PACE","National PACE","WELBEHEALTH SAN BERNARDINO PACE, LLC","WELBEHEALTH","WelbeHealth LLC.","07/01/2025","Yes","*","146","146"
"H1224","Local CCP","HMO/HMOPOS","LOCAL INITIATIVE HEALTH AUTHORITY FOR LA COUNTY","L.A. Care Health Plan","Local Initiative Health Authority for LA County","01/01/2023","Yes","*","30731","30731"
"H1225","Local CCP","HMO/HMOPOS","HOPKINS HEALTH ADVANTAGE, INC.","Johns Hopkins Advantage MD","Johns Hopkins Healthcare LLC","01/01/2018","Yes","96","7542","7638"
"H1228","National PACE","National PACE","GOLDEN VALLEY HEALTH CENTERS","Central Valley PACE","Golden Valley Health Centers","07/01/2020","Yes","*","388","388"
"H1230","Local CCP","HMO/HMOPOS","KAISER FOUNDATION HP, INC.","Kaiser Permanente","Kaiser Foundation Health Plan, Inc.","05/01/1986","Yes","*","35829","35830"
"H1234","National PACE","National PACE","CAPITAL HEALTH LIFE","Capital Health LIFE","Capital Healthcare, INC.","04/01/2009","Yes","*","198","198"
"H1239","National PACE","National PACE","INNOVAGE VIRGINIA PACE-ROANOKE VALLEY, LLC","InnovAge Virginia PACE- Roanoke Valley","Total Community Options, Inc.","11/01/2013","Yes","*","295","295"
"H1248","Local CCP","Local PPO","LOUISIANA HEALTH SERVICE & INDEMNITY COMPANY","Blue Cross and Blue Shield of Louisiana","Louisiana Health Service & Indemnity Company","01/01/2019","Yes","*","21970","21970"
"H1278","Local CCP","Local PPO","CARE IMPROVEMENT PLUS SOUTH CENTRAL INSURANCE CO.","UnitedHealthcare","UnitedHealth Group, Inc.","01/01/2019","Yes","11621","125203","136824"
"H1280","Local CCP","HMO/HMOPOS","ETERNALHEALTH, INC.","eternalHealth","Eternal Health of Delaware, Inc.","01/01/2022","Yes","*","1537","1537"
"H1285","Local CCP","HMO/HMOPOS","UNITEDHEALTHCARE COMMUNITY PLAN OF OHIO, INC.","UnitedHealthcare Community Plan","UnitedHealth Group, Inc.","01/01/2025","Yes","*","39130","39130"
"H1290","Local CCP","HMO/HMOPOS","DEVOTED HEALTH PLAN OF FLORIDA, INC.","Devoted Health","Devoted Health, Inc.","01/01/2019","Yes","*","51482","51482"
"H1302","Local CCP","Local PPO","BLUE CROSS OF IDAHO HEALTH SERVICE, INC.","Blue Cross of Idaho","Gemstone Holdings, Inc.","07/01/2005","Yes","3778","*","3778"
"H1304","Local CCP","Local PPO","REGENCE BLUESHIELD OF IDAHO, INC.","Regence BlueShield of Idaho","Cambia Health Solutions, Inc.","07/01/2005","Yes","*","865","865"
"H1310","National PACE","National PACE","COMPREHENSIVE SENIOR CARE CORPORATION","Senior Care Partners P.A.C.E.","Comprehensive Senior Care Corporation","04/01/2009","Yes","*","678","678"
"H1312","National PACE","National PACE","TRINITY HEALTH PACE OF ALEXANDRIA","Trinity Health PACE of Alexandria","Trinity Health Corporation","05/01/2024","Yes","*","104","104"
"H1339","Local CCP","HMO/HMOPOS","JOHNS HOPKINS HEALTH PLAN OF VIRGINIA, INC.","Johns Hopkins Advantage MD","Johns Hopkins Healthcare LLC","01/01/2024","Yes","*","610","610"
"H1347","Local CCP","Local PPO","PATRIUS HEALTH, INC.","Patrius Health","BlueCross BlueShield of Alabama","01/01/2023","Yes","*","4639","4639"
"H1350","Local CCP","HMO/HMOPOS","BLUE CROSS OF IDAHO HEALTH SERVICE, INC.","Blue Cross of Idaho","Gemstone Holdings, Inc.","09/01/1997","Yes","2376","30011","32387"
"H1357","National PACE","National PACE","CAROLINA SENIORCARE","Carolina SeniorCare","EveryAge","10/01/2012","Yes","*","155","155"
"H1360","Local CCP","HMO/HMOPOS","UnitedHealthcare Benefits of Texas, Inc.","UnitedHealthcare","UnitedHealth Group, Inc.","01/01/2021","Yes","*","2374","2374"
"H1365","Local CCP","Local PPO","MARTIN'S POINT GENERATIONS ADVANTAGE, INC.","Martin's Point Generations Advantage","Martin's Point Health Care, Inc.","01/01/2010","Yes","*","3615","3615"
"H1372","Local CCP","HMO/HMOPOS","MARQUIS ADVANTAGE, INC.","AgeRight Advantage","Marquis Companies I, Inc.","01/01/2017","Yes","*","1022","1022"
"H1395","Local CCP","Local PPO","NEBRASKA TOTAL CARE, INC.","Wellcare","Centene Corporation","01/01/2022","Yes","357","2301","2658"
"H1396","Local CCP","HMO/HMOPOS","HUMANA BENEFIT PLAN OF SOUTH CAROLINA, INC.","Humana","Humana Inc.","01/01/2026","Yes","*","24962","24962"
"H1416","Local CCP","HMO/HMOPOS","HARMONY HEALTH PLAN,  INC.","Wellcare","Centene Corporation","05/01/2005","Yes","817","56174","56991"
"H1423","Local CCP","HMO/HMOPOS","WELLPOINT HEALTH PLANS, INC.","Wellpoint","Elevance Health, Inc.","01/01/2021","Yes","*","3929","3929"
"H1468","Local CCP","HMO/HMOPOS","HUMANA BENEFIT PLAN OF ILLINOIS, INC.","Humana","Humana Inc.","02/01/1999","Yes","*","137128","137128"
"H1486","Local CCP","HMO/HMOPOS","COMMONWEALTH CARE ALLIANCE, INC.","Commonwealth Care Alliance, Inc.","CareSource","01/01/2026","Yes","*","26457","26457"
"H1500","National PACE","National PACE","LIFE ST. JOSEPH OF THE PINES, INC.","LIFE St. Joseph of the Pines","Trinity Health Corporation","04/01/2011","Yes","*","153","153"
"H1518","National PACE","National PACE","CATHOLIC HEALTH SYSTEM BUFFALO PACE","Catholic Health LIFE","Catholic Health System, Inc.","09/01/2009","Yes","*","258","258"
"H1526","Local CCP","HMO/HMOPOS","GOLD KIDNEY OF FLORIDA INC","Gold Kidney Health Plan","Gold Kidney Health Plan","01/01/2024","Yes","*","2482","2482"
"H1533","National PACE","National PACE","STAYWELL SENIOR CARE, INC.","StayWell Senior Care","American Healthcare Systems, LLC","12/01/2014","Yes","*","81","81"
"H1537","Local CCP","Local PPO","UNITEDHEALTHCARE INSURANCE COMPANY","UnitedHealthcare","UnitedHealth Group, Inc.","01/01/2012","Yes","1789","14564","16353"
"H1544","National PACE","National PACE","LA COAST PACE, LLC","WelbeHealth","WelbeHealth LLC.","01/01/2020","Yes","*","678","678"
"H1587","Local CCP","HMO/HMOPOS","ARKANSAS SUPERIOR SELECT, INC.","Arkansas Superior Select Health Plans","Select Founders, LLC","01/01/2015","Yes","*","2817","2817"
"H1607","Local CCP","Local PPO","ANTHEM INSURANCE COMPANIES, INC.","Anthem Blue Cross and Blue Shield","Elevance Health, Inc.","08/01/2005","Yes","*","8153","8153"
"H1608","Local CCP","Local PPO","COVENTRY HEALTH AND LIFE INSURANCE COMPANY","Aetna Medicare","CVS Health Corporation","07/01/2005","Yes","1061","117126","118187"
"H1609","Local CCP","HMO/HMOPOS","AETNA HEALTH INC. (FL)","Aetna Medicare","CVS Health Corporation","07/01/2005","Yes","1946","118679","120625"
"H1610","Local CCP","HMO/HMOPOS","COVENTRY HEALTH CARE OF VIRGINIA, INC.","Aetna Medicare","CVS Health Corporation","01/01/2018","Yes","*","11332","11332"
"H1611","Local CCP","HMO/HMOPOS","MASS GENERAL BRIGHAM HEALTH PLAN, INC","Mass General Brigham Health Plan","Mass General Brigham Incorporated","01/01/2026","Yes","*","423","423"
"H1619","Local CCP","Local PPO","PARTNERS INSURANCE COMPANY INC","Jefferson Health Plans","Thomas Jefferson University","01/01/2024","Yes","*","4126","4126"
"H1622","National PACE","National PACE","NORTH EAST MEDICAL SERVICES","North East Medical Services - Program of All-Inclusive Care for the Elderly (PACE)","North East Medical Services","01/01/2021","Yes","*","229","229"
"H1644","Local CCP","HMO/HMOPOS","LONGEVITY HEALTH PLAN OF FLORIDA, INC.","Longevity Health Plan","Longevity Health Founders, LLC","01/01/2020","Yes","*","864","864"
"H1651","1876 Cost","1876 Cost","MEDICAL ASSOCIATES HEALTH PLAN, INC.","Medical Associates Health Plan, Inc.","Medical Associates Clinic, P.C.","02/01/1996","No","15096","*","15096"
"H1659","Local CCP","Local PPO","CARE IMPROVEMENT PLUS SOUTH CENTRAL INSURANCE CO.","UnitedHealthcare","UnitedHealth Group, Inc.","01/01/2011","Yes","*","2434","2434"
"H1664","Local CCP","HMO/HMOPOS","HOME STATE HEALTH PLAN, INC.","Wellcare","Centene Corporation","01/01/2018","Yes","*","3983","3983"
"H1666","Local CCP","Local PPO","HCSC INSURANCE SERVICES COMPANY","Blue Cross and Blue Shield of NM, TX","Health Care Service Corporation","01/01/2013","Yes","*","15867","15867"
"H1671","Local CCP","HMO/HMOPOS","IMPERIAL COUNTY LOCAL HEALTH AUTHORITY","Community Health Plan of Imperial Valley","IMPERIAL COUNTY LOCAL HEALTH AUTHORITY","01/01/2026","Yes","*","446","446"
"H1692","Local CCP","HMO/HMOPOS","COVENTRY HEALTH CARE OF WEST VIRGINIA, INC.","Aetna Medicare","CVS Health Corporation","01/01/2014","Yes","1328","20392","21720"
"H1693","National PACE","National PACE","FAMILY HEALTH CENTERS OF SAN DIEGO, INC","Family Health-Center for Older Adults","Family Health Centers of San Diego","07/01/2019","Yes","*","315","315"
"H1714","National PACE","National PACE","VIA CHRISTI HEALTHCARE OUTREACH FOR ELDERS, INC.","Ascension Living HOPE","Ascension Health Alliance","09/01/2002","Yes","*","284","284"
"H1722","Local CCP","HMO/HMOPOS","HEALTHFIRST HEALTH PLAN, INC.","Healthfirst Medicare Plan","Healthfirst, Inc.","01/01/2019","Yes","*","1930","1930"
"H1742","National PACE","National PACE","ASCENSION LIVING ST. VINCENT PACE, INC.","Ascension Living St. Vincent PACE","Ascension Health Alliance","07/01/2023","Yes","*","105","105"
"H1787","Local CCP","HMO/HMOPOS","SANFORD HEALTH PLAN","Great Plains Medicare Advantage","Sanford Health","01/01/2018","Yes","*","380","380"
"H1799","Local CCP","HMO/HMOPOS","MOLINA HEALTHCARE OF KENTUCKY, INC.","Passport Advantage","Molina Healthcare, Inc.","01/01/2022","Yes","*","2284","2284"
"H1822","Local CCP","HMO/HMOPOS","SCAN DESERT HEALTH PLAN, INC.","SCAN Health Plan","SCAN Group","01/01/2022","Yes","*","10542","10542"
"H1846","Local CCP","Local PPO","MOUNT CARMEL HEALTH INSURANCE COMPANY","MediGold","Trinity Health Corporation","01/01/2009","Yes","*","5897","5897"
"H1862","Local CCP","HMO/HMOPOS","WELLCARE OF IOWA, INC.","Wellcare","Centene Corporation","01/01/2021","Yes","*","13406","13406"
"H1889","Local CCP","Local PPO","CARE IMPROVEMENT PLUS SOUTH CENTRAL INSURANCE CO.","UnitedHealthcare","UnitedHealth Group, Inc.","01/01/2020","Yes","5121","261269","266390"
"H1894","Local CCP","HMO/HMOPOS","WELLPOINT WASHINGTON, INC.","Wellpoint","Elevance Health, Inc.","01/01/2014","Yes","*","2332","2332"
"H1904","National PACE","National PACE","PACE GREATER NEW ORLEANS","Pace Greater New Orleans","Catholic Charities Archdiocese of New Orleans","09/01/2007","Yes","*","149","149"
"H1914","Local CCP","Local PPO","WELLCARE HEALTH INSURANCE OF CONNECTICUT, INC.","Wellcare","Centene Corporation","01/01/2020","Yes","1449","9711","11160"
"H1917","National PACE","National PACE","WELBEHEALTH INLAND EMPIRE PACE, LLC","WELBEHEALTH","WelbeHealth LLC.","07/01/2024","Yes","*","650","650"
"H1947","Local CCP","HMO/HMOPOS","COMMUNITY CARE HEALTH PLAN OF LOUISIANA, INC.","Healthy Blue","Elevance Health, Inc.","01/01/2020","Yes","*","3385","3385"
"H1951","Local CCP","HMO/HMOPOS","HUMANA HEALTH BENEFIT PLAN OF LOUISIANA, INC.","Humana","Humana Inc.","06/01/1994","Yes","2998","191182","194180"
"H1961","Local CCP","HMO/HMOPOS","PEOPLES HEALTH, INC.","Peoples Health","UnitedHealth Group, Inc.","07/01/1997","Yes","517","153305","153822"
"H1969","Local CCP","HMO/HMOPOS","REGENCE BLUESHIELD OF IDAHO, INC.","Regence BlueShield of Idaho","Cambia Health Solutions, Inc.","01/01/2015","Yes","*","*","*"
"H1980","National PACE","National PACE","HOSPICE OF THE BLUEGRASS, INC","Bluegrass PACE Care","Hospice of the Bluegrass, Inc.","08/01/2022","Yes","*","98","98"
"H1993","Local CCP","HMO/HMOPOS","ASTIVA HEALTH, INC.","Astiva Health","Astiva Health Holdings Incorporated","01/01/2021","Yes","*","50733","50733"
"H1994","Local CCP","HMO/HMOPOS","SELECTHEALTH, INC.","Select Health","Intermountain Health Care, Inc.","01/01/2013","Yes","824","65914","66738"
"H1997","Local CCP","HMO/HMOPOS","REGENCE BLUESHIELD","Regence BlueShield","Cambia Health Solutions, Inc.","01/01/2014","Yes","*","462","462"
"H2001","Local CCP","Local PPO","SIERRA HEALTH AND LIFE INSURANCE COMPANY, INC.","UnitedHealthcare","UnitedHealth Group, Inc.","08/01/2005","Yes","1071023","1177207","2248230"
"H2029","Local CCP","Local PPO","HUMANA INSURANCE OF PUERTO RICO, INC.","Humana","Humana Inc.","01/01/2008","Yes","*","*","11"
"H2032","Local CCP","Local PPO","Baylor Scott & White Insurance Company","Baylor Scott & White Health Plan","Baylor Scott & White Health","01/01/2018","Yes","*","9096","9096"
"H2034","Local CCP","HMO/HMOPOS","COMMUNITY CARE HEALTH PLAN, INC.","Community Care","CareSource","01/01/2008","Yes","*","311","311"
"H2035","Local CCP","HMO/HMOPOS","ALAMEDA ALLIANCE FOR HEALTH","Alameda Alliance for Health","Alameda Alliance for Health","01/01/2026","Yes","*","257","257"
"H2041","Local CCP","HMO/HMOPOS","DEVOTED HEALTH PLAN OF MISSOURI INC","Devoted Health","Devoted Health, Inc.","01/01/2025","Yes","*","26397","26397"
"H2056","Local CCP","HMO/HMOPOS","AETNA BETTER HEALTH OF MICHIGAN INC.","Aetna Medicare","CVS Health Corporation","01/01/2020","Yes","14","8029","8043"
"H2064","National PACE","National PACE","GEISINGER COMMUNITY HEALTH SERVICES","LIFE Geisinger","Risant Health, Inc.","06/01/2008","Yes","*","392","392"
"H2085","National PACE","National PACE","COLLABRIA CARE","Providence PACE","St. Joseph Home Care Network","01/01/2023","Yes","*","102","102"
"H2108","Local CCP","HMO/HMOPOS","BRAVO HEALTH MID-ATLANTIC, INC.","HealthSpring","Health Care Service Corporation","01/01/2001","Yes","420","12481","12901"
"H2109","National PACE","National PACE","THE JOHNS HOPKINS HEALTH SYSTEM CORPORATION","Hopkins ElderPlus","The Johns Hopkins Health System Corporation","11/01/2002","Yes","*","138","138"
"H2117","Local CCP","Local PPO","MERIDIAN HEALTH PLAN OF MICHIGAN, INC.","Wellcare","Centene Corporation","01/01/2022","Yes","983","4161","5144"
"H2126","Local CCP","HMO/HMOPOS","NEIGHBORHOOD HEALTH PLAN OF RHODE ISLAND","Neighborhood Health Plan of Rhode Island","NEIGHBORHOOD HEALTH PLAN OF RHODE ISLAND","01/01/2026","Yes","*","26","26"
"H2162","Local CCP","HMO/HMOPOS","WELLCARE OF NEW HAMPSHIRE, INC.","Wellcare","Centene Corporation","01/01/2020","Yes","*","*","*"
"H2168","Local CCP","HMO/HMOPOS","VILLAGE SENIOR SERVICES CORPORATION","VillageCareMAX","Village Care of New York, Inc.","01/01/2017","Yes","*","10910","10910"
"H2172","Local CCP","HMO/HMOPOS","KAISER FDTN HLTH PLAN OF THE MID-ATLANTIC STATES","Kaiser Permanente","Kaiser Foundation Health Plan, Inc.","01/01/2018","Yes","1263","114538","115801"
"H2174","Local CCP","HMO/HMOPOS","TRILLIUM COMMUNITY HEALTH PLAN, INC.","Wellcare","Centene Corporation","01/01/2007","Yes","*","4548","4548"
"H2185","Local CCP","HMO/HMOPOS","LIFEWORKS ADVANTAGE, LLC","Lifeworks Advantage","Curana Health Holdings, LLC","01/01/2017","Yes","*","289","289"
"H2218","National PACE","National PACE","HARBOR HEALTH SERVICES, INC.","Elder Service Plan of Harbor Health Services, Inc","Harbor Health Services, Inc.","11/01/2002","Yes","*","515","515"
"H2219","National PACE","National PACE","FALLON COMMUNITY HEALTH PLAN","Fallon Health","Fallon Community Health Plan, Inc.","11/01/2002","Yes","*","1437","1437"
"H2220","National PACE","National PACE","UPHAMS CORNER HEALTH COMMITTEE, INC.","Upham's PACE","Uphams Corner Health Committee, Inc.","11/01/2002","Yes","*","296","296"
"H2221","National PACE","National PACE","CAMBRIDGE PUBLIC HEALTH COMMISSION","CHA PACE","Cambridge Health Alliance","11/01/2002","Yes","*","680","680"
"H2222","National PACE","National PACE","ELEMENT CARE, INC.","Element Care, Inc","Element Care, Inc.","11/01/2003","Yes","*","1187","1187"
"H2223","National PACE","National PACE","NEIGHBORHEALTH CORPORATION","Neighborhood PACE","NEIGHBORHEALTH CORPORATION","11/01/2003","Yes","*","843","843"
"H2224","Local CCP","HMO/HMOPOS","SENIOR WHOLE HEALTH, LLC","Molina Healthcare of Massachusetts","Molina Healthcare, Inc.","08/01/2004","Yes","*","10319","10319"
"H2225","Local CCP","HMO/HMOPOS","COMMONWEALTH CARE ALLIANCE, INC.","Commonwealth Care Alliance Massachusetts","CareSource","06/01/2004","Yes","*","18881","18881"
"H2226","Local CCP","HMO/HMOPOS","UnitedHealthcare of New England, Inc.","UnitedHealthcare","UnitedHealth Group, Inc.","03/01/2004","Yes","*","24392","24392"
"H2230","Local CCP","Local PPO","BCBS  OF MASSACHUSETTS HMO BLUE, INC.","Blue Cross Blue Shield of Massachusetts","Blue Cross and Blue Shield of Massachusetts, Inc.","09/01/2005","Yes","*","45080","45080"
"H2235","Local CCP","HMO/HMOPOS","BAYCARE SELECT HEALTH PLANS, INC.","BayCare Health Plans","BayCare Health System, Inc.","01/01/2019","Yes","*","21545","21545"
"H2237","Local CCP","HMO/HMOPOS","INDEPENDENT CARE HEALTH PLAN","iCare","Humana Inc.","01/01/2007","Yes","*","928","928"
"H2247","Local CCP","HMO/HMOPOS","UNITEDHEALTHCARE COMMUNITY PLAN, INC.","UnitedHealthcare","UnitedHealth Group, Inc.","01/01/2018","Yes","*","39755","39755"
"H2256","Local CCP","HMO/HMOPOS","TUFTS ASSOCIATED HEALTH MAINTENANCE ORGANIZATION","Tufts Health Plan","Point32Health, Inc.","07/01/1994","Yes","5208","95311","100519"
"H2261","Local CCP","HMO/HMOPOS","BCBS  OF MASSACHUSETTS HMO BLUE, INC.","Blue Cross Blue Shield of Massachusetts","Blue Cross and Blue Shield of Massachusetts, Inc.","01/01/1996","Yes","*","41847","41847"
"H2272","Local CCP","HMO/HMOPOS","UNITEDHEALTHCARE OF NEW ENGLAND, INC.","UnitedHealthcare","UnitedHealth Group, Inc.","01/01/2023","Yes","*","10699","10699"
"H2292","Local CCP","Local PPO","CARE IMPROVEMENT PLUS SOUTH CENTRAL INSURANCE CO.","UnitedHealthcare","UnitedHealth Group, Inc.","01/01/2019","Yes","*","8875","8875"
"H2293","Local CCP","Local PPO","SILVERSCRIPT INSURANCE COMPANY","Aetna Medicare","CVS Health Corporation","01/01/2023","Yes","1731","113873","115604"
"H2318","National PACE","National PACE","PACE SOUTHEAST MICHIGAN","PACE Southeast Michigan","Henry Ford Health System","11/01/2003","Yes","*","2355","2355"
"H2320","Local CCP","HMO/HMOPOS","PRIORITY HEALTH","Priority Health Medicare","Corewell Health","07/01/2005","Yes","*","164774","164774"
"H2322","Local CCP","Local PPO","ALLIANCE HEALTH AND LIFE INSURANCE COMPANY","Health Alliance Plan by Henry Ford Health","Henry Ford Health System","08/01/2005","Yes","*","40309","40309"
"H2354","Local CCP","HMO/HMOPOS","HEALTH ALLIANCE PLAN OF MICHIGAN","Health Alliance Plan by Henry Ford Health","Henry Ford Health System","04/01/1997","Yes","23136","64488","87624"
"H2368","National PACE","National PACE","INNOVAGE CALIFORNIA PACE-SACRAMENTO, LLC","InnovAge California PACE - Sacramento","Total Community Options, Inc.","07/01/2020","Yes","*","656","656"
"H2384","National PACE","National PACE","SEQUOIA PACE, LLC","WelbeHealth","WelbeHealth LLC.","07/01/2020","Yes","*","873","873"
"H2385","Local CCP","Local PPO","UNITEDHEALTHCARE INSURANCE COMPANY","UnitedHealthcare","UnitedHealth Group, Inc.","01/01/2026","Yes","*","49089","49089"
"H2386","National PACE","National PACE","APPALACHIAN AGENCY FOR SENIOR CITIZENS, INC.","Appalachian Agency for Senior Citizens, Inc,","Appalachian Agency for Senior Citizens, Inc.","05/01/2008","Yes","*","183","183"
"H2392","Local CCP","HMO/HMOPOS","KANSAS SUPERIOR SELECT, INC.","Kansas Health Advantage","Kansas Superior Select","01/01/2018","Yes","*","879","879"
"H2397","National PACE","National PACE","PACE AT HUDSON HEADWATERS, INC.","PACE at Hudson Headwaters, Inc.","PACE AT HUDSON HEADWATERS, INC.","12/01/2024","Yes","*","51","51"
"H2400","Local CCP","HMO/HMOPOS","SIGNATURE ADVANTAGE, LLC","Abilis Health (HMO SNP)","BrightSpring Health Services, Inc.","01/01/2016","Yes","*","1093","1093"
"H2406","Local CCP","Local PPO","CARE IMPROVEMENT PLUS SOUTH CENTRAL INSURANCE CO.","UnitedHealthcare","UnitedHealth Group, Inc.","06/01/2001","Yes","25285","537896","563181"
"H2416","Local CCP","HMO/HMOPOS","PRIMEWEST RURAL MN HEALTH CARE ACCESS INITIATIVE","PrimeWest Health","PrimeWest Rural MN Health Care Access Initiative","07/01/2005","Yes","*","2139","2139"
"H2417","Local CCP","HMO/HMOPOS","ITASCA MEDICAL CARE","Itasca Medical Care/IMCare Classic","Itasca County","06/01/2005","Yes","*","333","333"
"H2419","Local CCP","HMO/HMOPOS","SOUTH COUNTRY HEALTH ALLIANCE","South Country Health Alliance","South Country Health Alliance","08/01/2005","Yes","*","921","921"
"H2422","Local CCP","HMO/HMOPOS","HEALTHPARTNERS, INC.","HealthPartners","HealthPartners, Inc.","05/01/2005","Yes","*","5775","5775"
"H2425","Local CCP","HMO/HMOPOS","HMO Minnesota","Blue Plus","Aware Integrated, Inc.","09/01/2005","Yes","*","12331","12331"
"H2441","Local CCP","Local PPO","ANTHEM INSURANCE COMPANIES, INC.","Anthem Blue Cross and Blue Shield","Elevance Health, Inc.","01/01/2025","Yes","*","1416","1416"
"H2445","Local CCP","HMO/HMOPOS","UNITEDHEALTHCARE OF THE MID-ATLANTIC, INC.","UnitedHealthcare","UnitedHealth Group, Inc.","01/01/2025","Yes","*","42064","42064"
"H2450","1876 Cost","1876 Cost","MEDICA INSURANCE COMPANY","Medica","Medica Holding Company","01/01/1990","Yes","95913","20696","116609"
"H2458","Local CCP","HMO/HMOPOS","MEDICA HEALTH PLANS","Medica","Medica Holding Company","07/01/1997","Yes","*","14125","14125"
"H2461","1876 Cost","1876 Cost","BCBSM, Inc.","Blue Cross and Blue Shield of Minnesota","Aware Integrated, Inc.","01/01/1999","Yes","32349","14884","47233"
"H2462","1876 Cost","1876 Cost","HEALTHPARTNERS, INC.","HealthPartners","HealthPartners, Inc.","01/01/1999","Yes","2762","*","2762"
"H2463","Local CCP","HMO/HMOPOS","HUMANA HEALTH PLAN OF TEXAS, INC.","Humana","Humana Inc.","01/01/2019","Yes","*","4368","4368"
"H2478","Local CCP","HMO/HMOPOS","MOLINA HEALTHCARE OF NEVADA INC","Molina Healthcare of Nevada","Molina Healthcare, Inc.","01/01/2023","Yes","*","87","87"
"H2486","Local CCP","HMO/HMOPOS","HUMANA MEDICAL PLAN OF UTAH, INC.","Humana","Humana Inc.","01/01/2008","Yes","*","4106","4106"
"H2491","Local CCP","HMO/HMOPOS","WELLCARE HEALTH INSURANCE OF ARIZONA, INC.","Wellcare","Centene Corporation","01/01/2009","Yes","63","10282","10345"
"H2509","Local CCP","HMO/HMOPOS","UNITEDHEALTHCARE OF FLORIDA, INC.","UnitedHealthcare","UnitedHealth Group, Inc.","01/01/2023","Yes","*","73502","73502"
"H2526","Local CCP","Local PPO","DEVOTED HEALTH PLAN OF OHIO INC","Devoted Health","Devoted Health, Inc.","01/01/2023","Yes","1616","10486","12102"
"H2541","National PACE","National PACE","AGEWELL PACE","AgeWell PACE","AgeWell PACE","07/01/2023","Yes","*","127","127"
"H2563","Local CCP","HMO/HMOPOS","SENTARA HEALTH PLANS","Sentara Medicare","Sentara Health Care (SHC)","01/01/2014","Yes","*","909","909"
"H2564","Local CCP","HMO/HMOPOS","AMERIHEALTH CARITAS LOUISIANA, INC.","AmeriHealth Caritas VIP Care (HMO-SNP)","Independence Health Group, Inc.","01/01/2026","Yes","*","*","*"
"H2593","Local CCP","HMO/HMOPOS","WELLPOINT TEXAS, INC.","Wellpoint","Elevance Health, Inc.","01/01/2010","Yes","*","13534","13534"
"H2610","Local CCP","HMO/HMOPOS","ESSENCE HEALTHCARE, INC.","Essence Healthcare","Lumeris Group Holdings Corporation","06/01/2004","Yes","*","50409","50409"
"H2624","Local CCP","HMO/HMOPOS","CARE N' CARE INSURANCE COMPANY OF NORTH CAROLINA","HealthTeam Advantage","Risant Health, Inc.","01/01/2020","Yes","*","3669","3669"
"H2628","Local CCP","HMO/HMOPOS","COMMUNITY INSURANCE COMPANY","Anthem Blue Cross and Blue Shield","Elevance Health, Inc.","01/01/2026","Yes","*","42811","42811"
"H2630","Local CCP","HMO/HMOPOS","VERDA HEALTH PLAN OF ARIZONA, INC.","Verda Health Plan of Arizona","Verda Healthcare, Inc.","01/01/2026","Yes","*","77","77"
"H2663","Local CCP","HMO/HMOPOS","COVENTRY HEALTH CARE OF MISSOURI, INC.","Aetna Medicare","CVS Health Corporation","11/01/1995","Yes","3718","110808","114526"
"H2686","Local CCP","Local PPO","DEVOTED HEALTH INSURANCE COMPANY OF HAWAII INC","Devoted Health","Devoted Health, Inc.","01/01/2023","Yes","937","9767","10704"
"H2687","Local CCP","HMO/HMOPOS","WELLPOINT SOUTH CAROLINA, INC.","Wellpoint","Elevance Health, Inc.","01/01/2026","Yes","*","*","*"
"H2694","Local CCP","Local PPO","ETERNALHEALTH, INC.","eternalHealth","Eternal Health of Delaware, Inc.","01/01/2022","Yes","*","5751","5751"
"H2697","Local CCP","HMO/HMOPOS","DEVOTED HEALTH PLAN OF OHIO, INC.","Devoted Health","Devoted Health, Inc.","01/01/2021","Yes","*","53774","53774"
"H2704","Local CCP","HMO/HMOPOS","KAISER FOUNDATION HP, INC.","Kaiser Permanente","Kaiser Foundation Health Plan, Inc.","01/01/2026","Yes","*","1510","1510"
"H2715","Local CCP","HMO/HMOPOS","MOLINA HEALTHCARE OF ILLINOIS INC","Molina Healthcare of Illinois","Molina Healthcare, Inc.","01/01/2023","Yes","*","936","936"
"H2737","Local CCP","Local PPO","HEALTH NEW ENGLAND, INC.","Health New England Medicare Advantage Plans","Baystate Health, Inc.","01/01/2022","Yes","*","4935","4935"
"H2752","Local CCP","HMO/HMOPOS","BRAVO HEALTH PENNSYLVANIA, INC.","HealthSpring","Health Care Service Corporation","01/01/2022","Yes","*","367","367"
"H2775","Local CCP","Local PPO","AMERICAN PROGRESSIVE LIFE & HLTH INS COMPANY OF NY","Wellcare","Centene Corporation","01/01/2009","Yes","57","59936","59993"
"H2802","Local CCP","HMO/HMOPOS","UNITEDHEALTHCARE OF THE MIDLANDS, INC.","UnitedHealthcare","UnitedHealth Group, Inc.","10/01/1985","Yes","18773","386769","405542"
"H2815","National PACE","National PACE","VOANS SENIOR COMMUNITY CARE OF COLORADO, INC","Senior CommUnity Care of Colorado","Volunteers of America National Services","08/01/2008","Yes","*","299","299"
"H2816","PFFS","PFFS","AMERICAN PROGRESSIVE LIFE & HLTH INS COMPANY OF NY","Wellcare","Centene Corporation","01/01/2011","Yes","1302","527","1829"
"H2819","Local CCP","HMO/HMOPOS","CALIFORNIA PHYSICIANS' SERVICE","Blue Shield of California","California Physicians' Service","01/01/2024","Yes","*","14948","14948"
"H2835","National PACE","National PACE","THE CASCADE PACE, INC.","Thome PACE","United Methodist Retirement Communities, Inc.","02/01/2016","Yes","*","262","262"
"H2836","Local CCP","Local PPO","ANTHEM HEALTH PLANS, INC.","Anthem Blue Cross and Blue Shield","Elevance Health, Inc.","01/01/2012","Yes","*","2497","2497"
"H2845","Local CCP","Local PPO","DEVOTED HEALTH INSURANCE COMPANY OF OKLAHOMA","Devoted Health","Devoted Health, Inc.","01/01/2026","Yes","*","2728","2728"
"H2853","Local CCP","HMO/HMOPOS","CENTENE VENTURE COMPANY TENNESSEE","Ascension Complete","Centene Corporation","01/01/2021","Yes","*","*","*"
"H2875","Local CCP","HMO/HMOPOS","HUMANA WI HEALTH ORGANIZATION INSURANCE CORP","Humana","Humana Inc.","01/01/2025","Yes","*","10004","10004"
"H2882","National PACE","National PACE","PACE CENTRAL MICHIGAN, INC.","PACE Central Michigan","PACE Central Michigan, Inc.","11/01/2018","Yes","*","249","249"
"H2915","Local CCP","HMO/HMOPOS","PENNSYLVANIA HEALTH & WELLNESS, INC.","Wellcare","Centene Corporation","01/01/2018","Yes","252","14553","14805"
"H2918","National PACE","National PACE","Advocates for a Healthy Community, Inc. dba Jordan","Jordan Valley Senior Care","Advocates for a Healthy Community, Inc.","07/01/2024","Yes","*","70","70"
"H2923","Local CCP","HMO/HMOPOS","DEVOTED HEALTH PLAN OF OREGON INC","Devoted Health","Devoted Health, Inc.","01/01/2023","Yes","*","16517","16517"
"H2926","Local CCP","HMO/HMOPOS","PRIMEWEST RURAL MN HEALTH CARE ACCESS INITIATIVE","PrimeWest Health","PrimeWest Rural MN Health Care Access Initiative","01/01/2008","Yes","*","698","698"
"H2936","National PACE","National PACE","LIFECIRCLES","LIFECIRCLES","LifeCircles","02/01/2009","Yes","*","476","476"
"H2937","National PACE","National PACE","SENIOR LIFE GREENSBURG, INC.","Senior LIFE Greensburg","Senior LIFE Greensburg, Inc.","02/01/2013","Yes","*","184","184"
"H2941","National PACE","National PACE","SENTARA LIFE CARE CORPORATION, INC","Sentara PACE","Sentara Health Care (SHC)","11/01/2007","Yes","*","214","214"
"H2942","Local CCP","HMO/HMOPOS","COX HEALTH SYSTEMS HMO INC","Cox HealthPlans","CoxHealth","01/01/2023","Yes","*","4375","4375"
"H2960","Local CCP","HMO/HMOPOS","HOMETOWN HEALTH PLAN, INC.","Kaiser Permanente","Kaiser Foundation Health Plan, Inc.","10/01/1995","Yes","542","21560","22102"
"H2962","Local CCP","HMO/HMOPOS","ULTIMATE HEALTH PLANS, INC.","Ultimate Health Plans","Ultimate Healthcare Holdings, LLC","01/01/2013","Yes","*","21250","21250"
"H2992","National PACE","National PACE","SENIORLIFE WASHINGTON, INC.","Senior LIFE Washington / Uniontown / Greene","SeniorLife Washington, Inc.","05/01/2011","Yes","*","578","578"
"H3038","Local CCP","HMO/HMOPOS","MOLINA HEALTHCARE OF CALIFORNIA","Molina Healthcare of California","Molina Healthcare, Inc.","01/01/2024","Yes","*","29759","29759"
"H3041","Local CCP","HMO/HMOPOS","DEVOTED HEALTH PLAN OF SOUTH CAROLINA INC","Devoted Health","Devoted Health, Inc.","01/01/2023","Yes","*","2267","2267"
"H3048","Local CCP","HMO/HMOPOS","SECUR INC","SECUR Health Plan","Chapters CareNu Inc","01/01/2025","Yes","*","212","212"
"H3060","National PACE","National PACE","VIECARE BUTLER, LLC","LIFE Butler County","Lutheran SeniorLife","09/01/2013","Yes","*","161","161"
"H3080","Local CCP","HMO/HMOPOS","DEVOTED HEALTH PLAN OF ALABAMA INC","Devoted Health","Devoted Health, Inc.","01/01/2023","Yes","*","9590","9590"
"H3084","National PACE","National PACE","INTERNATIONAL COMMUNITY HEALTH SERVICES","International Community Health Services","International Community Health Services","07/01/2019","Yes","*","128","128"
"H3093","Local CCP","HMO/HMOPOS","MOLINA HEALTHCARE OF ILLINOIS, INC.","Molina Healthcare of Illinois","Molina Healthcare, Inc.","01/01/2026","Yes","*","15015","15015"
"H3113","Local CCP","HMO/HMOPOS","OXFORD HEALTH PLANS (NJ), INC.","UnitedHealthcare","UnitedHealth Group, Inc.","07/01/2005","Yes","*","80191","80191"
"H3124","Local CCP","Local PPO","PARTNERS INSURANCE COMPANY OF NEW JERSEY INC","Jefferson Health Plans","Thomas Jefferson University","01/01/2025","Yes","*","936","936"
"H3127","Local CCP","HMO/HMOPOS","UPPER PENINSULA HEALTH PLAN, LLC","Upper Peninsula Health Plan (UPHP) MI Coordinated Health","DLP Marquette Health Plan, LLC","01/01/2026","Yes","*","3061","3061"
"H3138","Local CCP","Local PPO","KAISER PERMANENTE INSURANCE COMPANY","Kaiser Permanente","Kaiser Foundation Health Plan, Inc.","01/01/2024","Yes","*","1317","1317"
"H3146","Local CCP","HMO/HMOPOS","AETNA BETTER HEALTH INC. (GA)","Aetna Medicare","CVS Health Corporation","01/01/2020","Yes","*","57003","57003"
"H3152","Local CCP","HMO/HMOPOS","AETNA HEALTH INC. (NJ)","Aetna Medicare","CVS Health Corporation","09/01/1993","Yes","10584","19571","30155"
"H3170","Local CCP","HMO/HMOPOS","SAPPHIRE EDGE, INC.","Blue Cross and Blue Shield of Nebraska","Blue Cross Blue Shield of Nebraska","01/01/2017","Yes","*","6811","6811"
"H3186","Local CCP","Local PPO","SANFORD HEALTH PLAN OF MINNESOTA","Align powered by Sanford Health Plan","Sanford Health","01/01/2022","Yes","*","2926","2926"
"H3192","Local CCP","HMO/HMOPOS","AETNA HEALTH OF MICHIGAN INC.","Aetna Medicare","CVS Health Corporation","01/01/2020","Yes","*","28103","28103"
"H3204","Local CCP","HMO/HMOPOS","PRESBYTERIAN HEALTH PLAN","Presbyterian Health Plan","Presbyterian Healthcare Services","04/01/1986","Yes","1481","52123","53604"
"H3219","Local CCP","Local PPO","ALLINA HEALTH AND AETNA INSURANCE COMPANY","Allina Health Aetna Medicare","Allina Health and Aetna Insurance Holding Company","01/01/2019","Yes","2502","53904","56406"
"H3239","Local CCP","HMO/HMOPOS","AETNA BETTER HEALTH, INC. (LA)","Aetna Medicare","CVS Health Corporation","01/01/2019","Yes","*","53407","53407"
"H3240","Local CCP","HMO/HMOPOS","WELLPOINT NEW JERSEY, INC.","Wellpoint","Elevance Health, Inc.","01/01/2008","Yes","*","14463","14463"
"H3251","Local CCP","HMO/HMOPOS","HEALTH CARE SERVICE CORPORATION","Blue Cross and Blue Shield of New Mexico","Health Care Service Corporation","11/01/1993","Yes","*","20408","20408"
"H3256","Local CCP","Local PPO","CARE IMPROVEMENT PLUS SOUTH CENTRAL INSURANCE CO.","UnitedHealthcare","UnitedHealth Group, Inc.","01/01/2021","Yes","*","56121","56121"
"H3259","Local CCP","HMO/HMOPOS","VOLUNTEER STATE HEALTH PLAN","BlueCare Plus Tennessee","BlueCross BlueShield of Tennessee","01/01/2014","Yes","*","30460","30460"
"H3274","Local CCP","HMO/HMOPOS","ALIGN SENIOR CARE CALIFORNIA INC.","Align Senior Care","Curana Health Holdings, LLC","01/01/2022","Yes","*","662","662"
"H3276","Local CCP","HMO/HMOPOS","CONNECTICARE INSURANCE COMPANY, INC.","ConnectiCare","Molina Healthcare, Inc.","01/01/2019","Yes","*","491","491"
"H3284","National PACE","National PACE","PNW PACE PARTNERS, LLC","Pacific Northwest PACE Partners","MultiCare Health Systems","01/01/2022","Yes","*","289","289"
"H3288","Local CCP","Local PPO","AETNA HEALTH AND LIFE INSURANCE COMPANY","Aetna Medicare","CVS Health Corporation","01/01/2020","Yes","5197","62544","67741"
"H3291","Local CCP","HMO/HMOPOS","PRUITTHEALTH PREMIER, INC.","PruittHealth Premier","UNICO Services, Inc.","01/01/2016","Yes","*","2985","2985"
"H3305","Local CCP","HMO/HMOPOS","MVP HEALTH PLAN, INC.","MVP HEALTH CARE","MVP Health Care, Inc.","11/01/1985","Yes","1097","26146","27243"
"H3312","Local CCP","HMO/HMOPOS","AETNA HEALTH INC. (NY)","Aetna Medicare","CVS Health Corporation","10/01/1986","Yes","35","103974","104009"
"H3321","National PACE","National PACE","LORETTO INDEPENDENT LIVING SERVICES, INC.","Independent Living Srvcs Of Central Ny","Loretto Management Corporation","11/01/2002","Yes","*","574","574"
"H3322","National PACE","National PACE","SENIOR CARE CONNECTION, INC.","Eddy SeniorCare","Trinity Health Corporation","11/01/2002","Yes","*","446","446"
"H3329","National PACE","National PACE","CENTERLIGHT HEALTHCARE, INC.","CenterLight Healthcare PACE","CenterLight Health System, Inc.","11/01/2003","Yes","*","2944","2944"
"H3330","Local CCP","HMO/HMOPOS","HEALTH INSURANCE PLAN OF GREATER NEW YORK","EmblemHealth","EmblemHealth, Inc.","07/01/1987","Yes","16079","19448","35527"
"H3331","National PACE","National PACE","INDEPENDENT LIVING FOR SENIORS, INC.","ElderONE an Affiliate of Rochester Regional Health","Rochester Regional Health","11/01/2003","Yes","*","810","810"
"H3335","Local CCP","Local PPO","EXCELLUS HEALTH PLAN, INC.","Excellus Health Plan, Inc","Lifetime Healthcare, Inc.","07/01/2004","Yes","2259","84113","86372"
"H3344","Local CCP","Local PPO","INDEPENDENT HEALTH BENEFITS CORPORATION","Independent Health","Independent Health Association, Inc.","09/01/2005","Yes","1387","2715","4102"
"H3347","Local CCP","HMO/HMOPOS","ELDERPLAN, INC.","Elderplan","Elderplan, Inc.","01/01/2006","Yes","*","26840","26840"
"H3351","Local CCP","HMO/HMOPOS","EXCELLUS HEALTH PLAN, INC.","Excellus Health Plan, Inc","Lifetime Healthcare, Inc.","01/01/1990","Yes","1215","169157","170372"
"H3359","Local CCP","HMO/HMOPOS","HEALTHFIRST HEALTH PLAN, INC.","Healthfirst Medicare Plan","Healthfirst, Inc.","06/01/1994","Yes","*","355892","355892"
"H3362","Local CCP","HMO/HMOPOS","INDEPENDENT HEALTH ASSOCIATION, INC.","Independent Health","Independent Health Association, Inc.","01/01/1996","Yes","7906","33520","41426"
"H3379","Local CCP","HMO/HMOPOS","UNITEDHEALTHCARE OF NEW YORK, INC.","UnitedHealthcare","UnitedHealth Group, Inc.","03/01/1997","Yes","4079","97039","101118"
"H3384","Local CCP","HMO/HMOPOS","Highmark Western and Northeastern New York Inc.","Highmark Blue Cross Blue Shield or Highmark Blue Shield","Highmark Health","02/01/1998","Yes","378","22309","22687"
"H3387","Local CCP","HMO/HMOPOS","UNITEDHEALTHCARE OF NEW YORK, INC.","UnitedHealthcare","UnitedHealth Group, Inc.","01/01/1999","Yes","*","151822","151822"
"H3388","Local CCP","HMO/HMOPOS","CAPITAL DISTRICT PHYSICIANS' HEALTH PLAN, INC.","CDPHP Medicare Advantage","Lifetime Healthcare, Inc.","08/01/1999","Yes","544","68924","69468"
"H3404","Local CCP","Local PPO","BLUE CROSS AND BLUE SHIELD OF NORTH CAROLINA","Blue Cross and Blue Shield of North Carolina","CuraCor Solutions Corp.","07/01/2005","Yes","1258","35837","37095"
"H3407","Local CCP","HMO/HMOPOS","EL PASO FIRST HEALTH PLANS, INC.","El Paso Health Medicare Advantage","El Paso County Hospital District","01/01/2020","Yes","*","1876","1876"
"H3418","Local CCP","Local PPO","CARE IMPROVEMENT PLUS SOUTH CENTRAL INSURANCE CO.","UnitedHealthcare","UnitedHealth Group, Inc.","01/01/2020","Yes","*","47191","47191"
"H3419","Local CCP","HMO/HMOPOS","PERENNIAL ADVANTAGE OF COLORADO, INC.","Perennial Advantage","Perennial Consortium, LLC","01/01/2021","Yes","*","321","321"
"H3430","National PACE","National PACE","SUNCOAST PACE, INC.","Suncoast PACE, Inc.","Empath Health, Inc.","09/01/2009","Yes","*","266","266"
"H3443","Local CCP","HMO/HMOPOS","ALIGNMENT HEALTH PLAN OF ARIZONA, INC.","Alignment Health Plan","Alignment Healthcare USA, LLC","01/01/2022","Yes","*","10070","10070"
"H3447","Local CCP","HMO/HMOPOS","HEALTHKEEPERS, INC.","Anthem HealthKeepers","Elevance Health, Inc.","01/01/2013","Yes","*","155321","155321"
"H3449","Local CCP","HMO/HMOPOS","BLUE CROSS AND BLUE SHIELD OF NORTH CAROLINA","Blue Cross and Blue Shield of North Carolina","CuraCor Solutions Corp.","07/01/1995","Yes","6762","134889","141651"
"H3467","Local CCP","HMO/HMOPOS","PROCARE ADVANTAGE, LLC","ProCare Advantage","First Sacramento Capital Funding LLC","01/01/2020","Yes","*","980","980"
"H3473","National PACE","National PACE","INNOVAGE VIRGINIA PACE-CHARLOTTESVILLE, LLC","InnovAge Virginia PACE - Blue Ridge","Total Community Options, Inc.","03/01/2014","Yes","*","278","278"
"H3493","National PACE","National PACE","LIFE AT LOURDES, INC.","Trinity Health LIFE New Jersey","Trinity Health Corporation","05/01/2009","Yes","*","157","157"
"H3499","Local CCP","HMO/HMOPOS","COORDINATED CARE CORPORATION","Wellcare","Centene Corporation","01/01/2018","Yes","*","4231","4231"
"H3517","National PACE","National PACE","HUMBOLDT SENIOR RESOURCE CENTER, INC.","Redwood Coast PACE","Humboldt Senior Resource Center, Inc.","09/01/2014","Yes","*","383","383"
"H3522","National PACE","National PACE","REID HOSPITAL & HEALTH CARE SERVICES, INC.","Reid Health PACE Center","Reid Hospital & Health Care Services, Inc.","10/01/2020","Yes","*","135","135"
"H3528","Local CCP","HMO/HMOPOS","CONNECTICARE, INC.","ConnectiCare","Molina Healthcare, Inc.","01/01/2008","Yes","931","46684","47615"
"H3533","Local CCP","HMO/HMOPOS","HUMANA HEALTH COMPANY OF NEW YORK, INC.","Humana","Humana Inc.","01/01/2009","Yes","*","28804","28804"
"H3536","Local CCP","HMO/HMOPOS","MATTHEW THORNTON HEALTH PLAN, INC.","Anthem Blue Cross and Blue Shield","Elevance Health, Inc.","01/01/2014","Yes","*","*","*"
"H3551","Local CCP","HMO/HMOPOS","ETERNALHEALTH OF ARIZONA INC","eternalHealth","Eternal Health of Delaware, Inc.","01/01/2024","Yes","207","2086","2293"
"H3557","Local CCP","Local PPO","BLUE CROSS & BLUE SHIELD OF RHODE ISLAND","Blue Cross & Blue Shield of Rhode Island","Blue Cross & Blue Shield of Rhode Island","01/01/2020","Yes","*","2395","2395"
"H3561","Local CCP","HMO/HMOPOS","HEALTH NET COMMUNITY SOLUTIONS, INC.","Wellcare","Centene Corporation","01/01/2016","Yes","*","46661","46661"
"H3563","National PACE","National PACE","GARY AND MARY WEST SENIOR SERVICES, INC.","Gary and Mary West PACE","Gary and Mary West Senior Services, Inc.","07/01/2019","Yes","*","447","447"
"H3597","Local CCP","HMO/HMOPOS","AETNA HEALTH INC. (ME)","Aetna Medicare","CVS Health Corporation","01/01/2008","Yes","19","22058","22077"
"H3613","National PACE","National PACE","MCGREGOR PACE","McGregor PACE","McGregor at Overlook","11/01/2002","Yes","*","686","686"
"H3653","Local CCP","HMO/HMOPOS","PARAMOUNT CARE, INC.","Paramount Elite Medicare Plans","MEDICAL MUTUAL OF OHIO","02/01/1995","Yes","33","15224","15257"
"H3655","Local CCP","HMO/HMOPOS","COMMUNITY INSURANCE COMPANY","Anthem Blue Cross and Blue Shield","Elevance Health, Inc.","10/01/1994","Yes","11","145308","145319"
"H3660","Local CCP","HMO/HMOPOS","SUMMACARE INC.","SummaCare Medicare Advantage Plans","General Catalyst Group Management Holdings LP","06/01/1996","Yes","314","34446","34760"
"H3664","Local CCP","HMO/HMOPOS","AULTCARE HEALTH INSURING CORPORATION","PrimeTime Health Plan","Aultman Health Foundation","01/01/1997","Yes","419","14112","14531"
"H3668","Local CCP","HMO/HMOPOS","MOUNT CARMEL HEALTH PLAN, INC.","MediGold","Trinity Health Corporation","03/01/1997","Yes","960","57740","58700"
"H3672","Local CCP","HMO/HMOPOS","THE HEALTH PLAN OF WEST VIRGINIA, INC.","The Health Plan","The Health Plan of West Virginia, Inc.","03/01/1997","Yes","307","6936","7243"
"H3706","Local CCP","HMO/HMOPOS","GLOBALHEALTH, INC.","GlobalHealth","MHH Healthcare, L.P.","01/01/2004","Yes","203","19281","19484"
"H3708","Local CCP","HMO/HMOPOS","OKLAHOMA SUPERIOR SELECT, INC.","American Health Advantage of Oklahoma","Mitchell Family Office","08/01/2005","Yes","*","459","459"
"H3727","Local CCP","HMO/HMOPOS","OH CHS SNP INC.","Communicare Advantage","SNP Holdings, LLC","01/01/2021","Yes","*","2371","2371"
"H3740","National PACE","National PACE","WEST BALTIMORE PACE COMMUNITY COALITION","PACE of West Baltimore","West Baltimore PACE Community Coalition LLC","10/01/2024","Yes","*","42","42"
"H3748","Local CCP","HMO/HMOPOS","AETNA BETTER HEALTH OF WASHINGTON, INC.","Aetna Medicare","CVS Health Corporation","01/01/2020","Yes","*","4421","4421"
"H3755","Local CCP","HMO/HMOPOS","COMMUNITYCARE GOVERNMENT PROGRAMS, INC.","CommunityCare Senior Health Plan (HMO)","St Francis Health System & St John Health System","05/01/1996","Yes","1928","35988","37916"
"H3777","Local CCP","HMO/HMOPOS","BLUE CROSS AND BLUE SHIELD OF NORTH CAROLINA","Experience Health","CuraCor Solutions Corp.","01/01/2020","Yes","*","1983","1983"
"H3794","Local CCP","HMO/HMOPOS","UNITEDHEALTHCARE OF WISCONSIN, INC.","UnitedHealthcare","UnitedHealth Group, Inc.","01/01/2014","Yes","*","47034","47034"
"H3800","Local CCP","HMO/HMOPOS","PROVIDER PARTNERS HEALTH PLAN OF ILLINOIS","Provider Partners Health Plans","Rifkin Managed Care Holding, LLC","01/01/2020","Yes","*","1143","1143"
"H3805","Local CCP","HMO/HMOPOS","UnitedHealthcare Benefits of Texas, Inc.","UnitedHealthcare","UnitedHealth Group, Inc.","01/01/1986","Yes","2225","283898","286123"
"H3809","National PACE","National PACE","PROVIDENCE HEALTH & SERVICES - OREGON","Providence PACE - Oregon","Providence Health & Services","11/01/2003","Yes","*","1906","1906"
"H3810","Local CCP","HMO/HMOPOS","ALLCARE HEALTH PLAN, INC.","AllCare Advantage","AllCare Health, Inc.","05/01/2005","Yes","*","2427","2427"
"H3811","Local CCP","HMO/HMOPOS","SAMARITAN HEALTH PLANS, INC.","Samaritan Advantage Health Plans","Samaritan Health Services, Inc.","06/01/2005","Yes","*","1407","1407"
"H3814","Local CCP","HMO/HMOPOS","ATRIO HEALTH PLANS","ATRIO Health Plans","ATRIO Health Plans","07/01/2005","Yes","*","2047","2047"
"H3815","Local CCP","HMO/HMOPOS","ALIGNMENT HEALTH PLAN","Alignment Health Plan","Alignment Healthcare USA, LLC","07/01/2005","Yes","*","221969","221969"
"H3817","Local CCP","Local PPO","REGENCE BLUECROSS BLUESHIELD OF OREGON","Regence BlueCross BlueShield of Oregon","Cambia Health Solutions, Inc.","07/01/2005","Yes","3902","47345","51247"
"H3822","Local CCP","HMO/HMOPOS","HEALTH CARE SERVICE CORPORATION","Blue Cross and Blue Shield of IL, NM","Health Care Service Corporation","01/01/2013","Yes","*","21478","21478"
"H3828","Local CCP","Local PPO","MOUNT CARMEL HEALTH PLAN OF IDAHO, INC.","Saint Alphonsus Health Plan","Trinity Health Corporation","01/01/2023","Yes","*","741","741"
"H3832","Local CCP","Local PPO","HAWAII MEDICAL SERVICE ASSOCIATION","HMSA Akamai Advantage","Hawaii Medical Service Association","01/01/2011","Yes","1478","37099","38577"
"H3864","Local CCP","HMO/HMOPOS","PACIFICSOURCE COMMUNITY HEALTH PLANS","PacificSource Medicare","PacificSource","01/01/1999","Yes","3160","49493","52653"
"H3868","Local CCP","HMO/HMOPOS","UNITEDHEALTHCARE COMMUNITY PLAN OF TEXAS, L.L.C.","UnitedHealthcare","UnitedHealth Group, Inc.","01/01/2026","Yes","*","6947","6947"
"H3890","Local CCP","Local PPO","HOPKINS HEALTH ADVANTAGE, INC.","Johns Hopkins Advantage MD","Johns Hopkins Healthcare LLC","01/01/2016","Yes","*","6842","6842"
"H3907","Local CCP","HMO/HMOPOS","UPMC HEALTH PLAN, INC.","UPMC for Life","UPMC Health System","01/01/2001","Yes","7504","122031","129535"
"H3908","National PACE","National PACE","TRINITY HEALTH LIFE PENNSYLVANIA, INC.","Mercy LIFE - West Philadelphia","Trinity Health Corporation","01/01/2002","Yes","*","234","234"
"H3909","Local CCP","Local PPO","QCC INSURANCE COMPANY","Independence Blue Cross","Independence Health Group, Inc.","01/01/2002","Yes","2331","20242","22573"
"H3916","Local CCP","Local PPO","HIGHMARK SENIOR HEALTH COMPANY","Highmark Blue Cross Blue Shield or Highmark Blue Shield","Highmark Health","05/01/2003","Yes","21473","217683","239156"
"H3917","National PACE","National PACE","PITTSBURGH CARE PARTNERSHIP, INC.","Community LIFE","UPMC Health System","03/01/2004","Yes","*","806","806"
"H3918","National PACE","National PACE","LIVING INDEPENDENCE FOR THE ELDERLY PITTSBURGH INC","LIFE Pittsburgh","Living Independence for the Elderly Pittsburgh Inc","05/01/2005","Yes","*","561","561"
"H3919","National PACE","National PACE","Mercy LIFE","Mercy LIFE","Trinity Health Corporation","10/01/2005","Yes","*","778","778"
"H3923","Local CCP","Local PPO","CAPITAL ADVANTAGE INSURANCE COMPANY","Capital Blue Cross","CAPITAL BLUE CROSS","09/01/2005","Yes","*","42481","42481"
"H3924","Local CCP","Local PPO","GEISINGER INDEMNITY INSURANCE COMPANY","Geisinger Gold","Risant Health, Inc.","09/01/2005","Yes","*","24416","24416"
"H3925","National PACE","National PACE","PENNSYLVANIA PACE, INC.","Senior LIFE Johnstown","Pennsylvania PACE, Inc.","11/01/2007","Yes","*","236","236"
"H3928","Local CCP","HMO/HMOPOS","AETNA HEALTH INC. (LA)","Aetna Medicare","CVS Health Corporation","01/01/2014","Yes","*","4935","4937"
"H3931","Local CCP","HMO/HMOPOS","AETNA HEALTH INC. (PA)","Aetna Medicare","CVS Health Corporation","11/01/1985","Yes","1443","70119","71562"
"H3933","National PACE","National PACE","OSF HEALTHCARE SYSTEM","OSF Healthcare PACE","OSF Healthcare System","05/01/2024","Yes","*","43","43"
"H3942","National PACE","National PACE","ELDERHAUS INC.","Elderhaus PACE","EveryAge","02/01/2008","Yes","*","115","115"
"H3949","Local CCP","HMO/HMOPOS","BRAVO HEALTH PENNSYLVANIA, INC.","HealthSpring","Health Care Service Corporation","02/01/1992","Yes","*","37459","37459"
"H3952","Local CCP","HMO/HMOPOS","KEYSTONE HEALTH PLAN EAST, INC.","Independence Blue Cross","Independence Health Group, Inc.","01/01/1993","Yes","2638","88412","91050"
"H3954","Local CCP","HMO/HMOPOS","GEISINGER HEALTH PLAN","Geisinger Gold","Risant Health, Inc.","03/01/1994","Yes","2061","69972","72033"
"H3957","Local CCP","HMO/HMOPOS","HIGHMARK CHOICE COMPANY","Highmark Blue Cross Blue Shield or Highmark Blue Shield","Highmark Health","03/01/1995","Yes","737","81058","81795"
"H3959","Local CCP","HMO/HMOPOS","AETNA HEALTH INC. (PA)","Aetna Medicare","CVS Health Corporation","01/01/1996","Yes","10987","194939","205926"
"H3962","Local CCP","HMO/HMOPOS","KEYSTONE HEALTH PLAN CENTRAL, INC.","Capital Blue Cross","CAPITAL BLUE CROSS","05/01/1996","Yes","*","8381","8381"
"H3975","Local CCP","Local PPO","WELLCARE HEALTH INSURANCE COMPANY OF KENTUCKY, INC","Wellcare","Centene Corporation","01/01/2021","Yes","304","3428","3732"
"H3979","Local CCP","HMO/HMOPOS","GHS HEALTH MAINTENANCE ORGANIZATION, INC.","Blue Cross and Blue Shield of Oklahoma","Health Care Service Corporation","01/01/2014","Yes","*","3183","3183"
"H3991","National PACE","National PACE","CONCERTOHEALTH OF NORTHERN VIRGINIA, LLC","Cherry Blossom PACE","Valir PACE Virginia, LLC","12/01/2021","Yes","*","59","59"
"H4003","Local CCP","HMO/HMOPOS","MMM HEALTHCARE, LLC","Medicare y Mucho Mas (MMM)","Elevance Health, Inc.","09/01/2001","Yes","*","95828","95828"
"H4004","Local CCP","HMO/HMOPOS","MMM HEALTHCARE, LLC","Medicare y Mucho Mas (MMM)","Elevance Health, Inc.","08/01/2004","Yes","*","102368","102368"
"H4005","Local CCP","Local PPO","TRIPLE S ADVANTAGE, INC.","Triple-S Advantage","Guidewell Mutual Holding Corporation","01/01/2005","Yes","*","6586","6586"
"H4026","Local CCP","HMO/HMOPOS","SCAN HEALTH PLAN (WA)","SCAN Health Plan","SCAN Group","01/01/2026","Yes","*","3435","3435"
"H4032","Local CCP","HMO/HMOPOS","UNITEDHEALTHCARE OF THE ROCKIES, INC.","UnitedHealthcare","UnitedHealth Group, Inc.","01/01/2026","Yes","*","8702","8702"
"H4036","Local CCP","Local PPO","ANTHEM INSURANCE COMPANIES, INC.","Anthem Blue Cross and Blue Shield","Elevance Health, Inc.","01/01/2008","Yes","117142","249383","366525"
"H4045","Local CCP","HMO/HMOPOS","SANTA CLARA COUNTY HEALTH AUTHORITY","Santa Clara Family Health Plan","SANTA CLARA COUNTY HEALTH AUTHORITY","01/01/2023","Yes","*","11851","11851"
"H4053","National PACE","National PACE","PRISMA HEALTH-UPSTATE","Prisma Health SeniorCare PACE-Upstate","Prisma Health","04/01/2016","Yes","*","194","194"
"H4054","Local CCP","HMO/HMOPOS","PROVIDER PARTNERS HEALTH PLAN OF TEXAS, INC.","Provider Partners Health Plans","Rifkin Managed Care Holding, LLC","01/01/2022","Yes","*","2570","2570"
"H4057","Local CCP","HMO/HMOPOS","KERN HEALTH SYSTEMS","Kern Family Health Care Medicare (D-SNP)","Kern Health Systems (KHS)","01/01/2026","Yes","*","1122","1122"
"H4073","Local CCP","HMO/HMOPOS","WELLCARE HEALTH INSURANCE OF NORTH CAROLINA, INC.","Wellcare","Centene Corporation","01/01/2022","Yes","*","6578","6578"
"H4074","National PACE","National PACE","MERCY LIFE OF ALABAMA","Mercy LIFE of Alabama","Trinity Health Corporation","12/01/2011","Yes","*","167","167"
"H4091","Local CCP","Local PPO","SIMPRA ADVANTAGE, INC.","Simpra Advantage","Associated Care Ventures, Inc.","01/01/2018","Yes","*","3637","3637"
"H4093","Local CCP","HMO/HMOPOS","PROVIDER PARTNERS HEALTH PLAN OF PENNSYLVANIA, INC","Provider Partners Health Plans","Rifkin Managed Care Holding, LLC","01/01/2017","Yes","*","859","859"
"H4105","National PACE","National PACE","PACE ORGANIZATION OF RHODE ISLAND","PACE Organization Of Rhode Island","PACE Organization of Rhode Island","12/01/2005","Yes","*","473","473"
"H4118","National PACE","National PACE","THE WASHTENAW PACE","Huron Valley PACE","Utd Methodist Retirement Communities of SE MI","02/01/2014","Yes","*","295","295"
"H4140","Local CCP","HMO/HMOPOS","DOCTORS HEALTHCARE PLANS, INC.","Doctors HealthCare Plans, Inc.","DOCTORS HEALTHCARE PLANS, INC.","01/01/2019","Yes","*","25767","25767"
"H4141","Local CCP","HMO/HMOPOS","HUMANA EMPLOYERS HEALTH PLAN OF GEORGIA, INC.","Humana","Humana Inc.","01/01/2010","Yes","*","125206","125206"
"H4142","National PACE","National PACE","CHEROKEE NATION COMPREHENSIVE CARE AGENCY","Cherokee Elder Care","Cherokee Nation Comprehensive Care Agency","08/01/2008","Yes","*","176","176"
"H4152","Local CCP","HMO/HMOPOS","BLUE CROSS & BLUE SHIELD OF RHODE ISLAND","Blue Cross & Blue Shield of Rhode Island","Blue Cross & Blue Shield of Rhode Island","01/01/1997","Yes","652","73017","73669"
"H4158","Local CCP","HMO/HMOPOS","BUCKEYE COMMUNITY HEALTH PLAN, INC.","Wellcare","Centene Corporation","01/01/2026","Yes","*","7743","7743"
"H4161","Local CCP","HMO/HMOPOS","BLUE CROSS OF CALIFORNIA PARTNERSHIP PLAN, INC.","Anthem Blue Cross Partnership Plan","Elevance Health, Inc.","01/01/2023","Yes","*","52001","52001"
"H4172","Local CCP","HMO/HMOPOS","NHC ADVANTAGE, LLC","NHC Advantage","Missouri Healthcare Advisors, LLC","01/01/2017","Yes","*","1345","1345"
"H4185","National PACE","National PACE","NEIGHBORHOOD HEALTHCARE","Neighborhood Healthcare PACE","Neighborhood HealthCare","07/01/2021","Yes","*","388","388"
"H4193","Local CCP","HMO/HMOPOS","HAP CARESOURCE","HAP CareSource MI Coordinated Health","Henry Ford Health System","01/01/2026","Yes","*","4350","4350"
"H4203","National PACE","National PACE","PRISMA HEALTH-MIDLANDS","Prisma Health SeniorCare PACE-Midlands","Prisma Health","11/01/2003","Yes","*","264","264"
"H4213","PFFS","PFFS","USABLE MUTUAL INSURANCE COMPANY","Arkansas Blue Medicare","USAble Mutual Insurance Company","01/01/2010","Yes","568","1709","2277"
"H4227","Local CCP","HMO/HMOPOS","VISTA HEALTH PLAN, INC.","VISTA Health Plan Inc.","Independence Health Group, Inc.","01/01/2013","Yes","*","22975","22975"
"H4232","Local CCP","HMO/HMOPOS","AMERICAN HEALTH PLAN OF UT, INC.","American Health Advantage of Utah","Mitchell Family Office","01/01/2021","Yes","*","330","330"
"H4235","National PACE","National PACE","SENIOR TOTAL LIFE CARE, INC.","Senior Total Life Care","CaroMont Health, Inc.","01/01/2014","Yes","*","388","388"
"H4256","National PACE","National PACE","PACE NORTH, INC.","PACE North","PACE North","09/01/2019","Yes","*","250","250"
"H4279","Local CCP","HMO/HMOPOS","UPMC FOR YOU, INC","UPMC for Life Complete Care","UPMC Health System","01/01/2012","Yes","*","37454","37454"
"H4286","Local CCP","HMO/HMOPOS","LEON HEALTH, INC.","Leon Health, Inc.","LMC Family Holdings, LLC","01/01/2022","Yes","*","40360","40360"
"H4305","National PACE","National PACE","TOTAL LIFE HEALTHCARE","Total Life Healthcare","St. Bernard's Healthcare","06/01/2008","Yes","*","360","360"
"H4326","National PACE","National PACE","PACE @ HOME, INC.","Senior TLC","PACE @ Home","12/01/2011","Yes","*","211","211"
"H4329","Local CCP","HMO/HMOPOS","HUMANA BENEFIT PLAN OF ILLINOIS, INC.","Humana","Humana Inc.","01/01/2026","Yes","*","27172","27172"
"H4346","Local CCP","HMO/HMOPOS","HMO COLORADO, INC.","Anthem Blue Cross and Blue Shield","Elevance Health, Inc.","01/01/2010","Yes","*","6962","6962"
"H4348","Local CCP","Local PPO","DEVOTED HEALTH INSURANCE COMPANY OF KANSAS","Devoted Health","Devoted Health, Inc.","01/01/2026","Yes","*","4457","4457"
"H4371","Local CCP","HMO/HMOPOS","SENIOR WHOLE HEALTH, LLC","Molina Healthcare of Massachusetts","Molina Healthcare, Inc.","01/01/2026","Yes","*","108","108"
"H4393","National PACE","National PACE","CATHOLIC MANAGED LONG TERM CARE, INC.","ArchCare Senior Life","Catholic Health Care System","09/01/2009","Yes","*","859","859"
"H4402","National PACE","National PACE","ALEXIAN BROTHERS COMMUNITY SERVICES","Ascension Living Alexian PACE","Ascension Health Alliance","11/01/2002","Yes","*","249","249"
"H4407","Local CCP","HMO/HMOPOS","HEALTHSPRING LIFE & HEALTH INSURANCE COMPANY, INC.","HealthSpring","Health Care Service Corporation","07/01/2005","Yes","197","14179","14376"
"H4439","Local CCP","HMO/HMOPOS","PROVIDER PARTNERS HEALTH PLAN OF NORTH CAROLINA","Provider Partners Health Plans","Rifkin Managed Care Holding, LLC","01/01/2024","Yes","*","104","104"
"H4444","Local CCP","HMO/HMOPOS","PROVIDER PARTNERS HEALTH PLAN OF INDIANA","Provider Partners Health Plans","Rifkin Managed Care Holding, LLC","01/01/2025","Yes","*","4386","4386"
"H4445","National PACE","National PACE","TUNGSTEN HEALTH SOUTH LOS ANGELES, LLC","Habitat Health South Los Angeles","Tungsten Health Holdings, LLC","01/01/2026","Yes","*","34","34"
"H4461","Local CCP","HMO/HMOPOS","CARITEN HEALTH PLAN INC.","Humana","Humana Inc.","01/01/1998","Yes","14746","366858","381604"
"H4471","Local CCP","HMO/HMOPOS","BLUE CROSS OF CALIFORNIA PARTNERSHIP PLAN, INC.","Anthem Blue Cross","Elevance Health, Inc.","01/01/2024","Yes","*","104917","104917"
"H4473","Local CCP","Local PPO","DEVOTED HEALTH INSURANCE COMPANY OF UTAH, INC.","Devoted Health","Devoted Health, Inc.","01/01/2026","Yes","*","1369","1369"
"H4490","Local CCP","HMO/HMOPOS","AMERICAN HEALTH PLAN OF MISSOURI, INC.","American Health Advantage of Missouri","Mitchell Family Office","01/01/2016","Yes","*","768","768"
"H4497","Local CCP","Local PPO","MEDICAL MUTUAL OF OHIO","Medical Mutual of Ohio","MEDICAL MUTUAL OF OHIO","01/01/2016","Yes","2406","9767","12173"
"H4499","Local CCP","HMO/HMOPOS","SENTARA HEALTH PLANS","Sentara Medicare","Sentara Health Care (SHC)","01/01/2025","Yes","*","9282","9282"
"H4506","Local CCP","HMO/HMOPOS","SELECTCARE OF TEXAS, INC.","Wellcare","Centene Corporation","03/01/2001","Yes","637","28681","29318"
"H4513","Local CCP","HMO/HMOPOS","HEALTHSPRING LIFE & HEALTH INSURANCE COMPANY, INC.","HealthSpring","Health Care Service Corporation","03/01/2001","Yes","7021","376505","383526"
"H4514","Local CCP","HMO/HMOPOS","UNITEDHEALTHCARE COMMUNITY PLAN OF TEXAS, L.L.C.","UnitedHealthcare","UnitedHealth Group, Inc.","08/01/2002","Yes","*","149148","149148"
"H4517","National PACE","National PACE","AMARILLO MULTISVC CTR FR THE AGING INC","The Basics at Jan Werner","Amarillo Multisvc Ctr Fr the Aging Inc","03/01/2004","Yes","*","117","117"
"H4518","National PACE","National PACE","BIENVIVIR SENIOR HEALTH SERVICES","Bienvivir Senior Health Services","Bienvivir Senior Health Services","11/01/2003","Yes","*","825","825"
"H4523","Local CCP","HMO/HMOPOS","AETNA HEALTH INC. (TX)","Aetna Medicare","CVS Health Corporation","08/01/2005","Yes","46","37782","37828"
"H4527","Local CCP","HMO/HMOPOS","PHYSICIANS HEALTH CHOICE OF TEXAS, LLC","UnitedHealthcare","UnitedHealth Group, Inc.","08/01/2005","Yes","1815","196064","197879"
"H4537","Local CCP","Local PPO","WELLCARE HEALTH INSURANCE COMPANY OF OKLAHOMA, INC.","Wellcare","Centene Corporation","01/01/2022","Yes","410","2073","2483"
"H4538","National PACE","National PACE","SEEN HEALTH SAN GABRIEL VALLEY, LLC","Seen Health San Gabriel Valley, LLC","Seen Health San Gabriel Valley, LLC","01/01/2025","Yes","*","131","131"
"H4544","Local CCP","Local PPO","PEOPLES HEALTH, INC.","Peoples Health","UnitedHealth Group, Inc.","01/01/2021","Yes","3978","5094","9072"
"H4545","National PACE","National PACE","K-DAY, INC.","K-Day PACE","K-DAY INC","07/01/2025","Yes","*","127","127"
"H4556","HCPP - 1833 Cost","HCPP - 1833 Cost","CONSOLIDATED ASSOC OF RAILROAD EMPLOYEES HC","Consolidated Assoc Of Railroad Employees Hc","Consolidated Assoc of Railroad Employees HC","01/01/1992","No","944","*","944"
"H4604","Local CCP","HMO/HMOPOS","UNITEDHEALTHCARE OF THE ROCKIES, INC.","UnitedHealthcare","UnitedHealth Group, Inc.","01/01/2005","Yes","9171","130489","139660"
"H4605","Local CCP","Local PPO","REGENCE BLUECROSS BLUESHIELD OF UTAH","Regence BlueCross BlueShield of Utah","Cambia Health Solutions, Inc.","07/01/2005","Yes","378","6892","7270"
"H4610","Local CCP","HMO/HMOPOS","UNITEDHEALTHCARE OF NEW ENGLAND, INC.","UnitedHealthcare","UnitedHealth Group, Inc.","01/01/2026","Yes","*","4164","4164"
"H4623","Local CCP","HMO/HMOPOS","HUMANA REGIONAL HEALTH PLAN, INC.","Humana","Humana Inc.","01/01/2019","Yes","*","10953","10953"
"H4624","Local CCP","HMO/HMOPOS","ZING HEALTH OF MICHIGAN, INC.","Zing Health","Zing Health Consolidator, Inc","01/01/2021","Yes","*","36819","36819"
"H4626","National PACE","National PACE","myPlace Greater LA PACE Inc.","myPlace PACE","SCAN Group","01/01/2024","Yes","*","122","122"
"H4647","Local CCP","HMO/HMOPOS","NEW CENTURY HEALTH PLAN, INC.","UCLA Health Medicare Advantage Plan","The Regents of the University of California","01/01/2025","Yes","*","11779","11779"
"H4661","Local CCP","HMO/HMOPOS","CELTIC INSURANCE COMPANY","Wellcare","Centene Corporation","01/01/2024","Yes","*","3826","3826"
"H4676","Local CCP","HMO/HMOPOS","TROY HEALTH, INC.","Troy Medicare","Troy Holdings, Inc.","01/01/2020","Yes","*","1697","1697"
"H4694","Local CCP","HMO/HMOPOS","HEALTHKEEPERS, INC.","Anthem HealthKeepers","Elevance Health, Inc.","01/01/2025","Yes","*","37458","37458"
"H4704","Local CCP","Local PPO","ANTHEM BLUE CROSS LIFE AND HEALTH INS COMPANY","Anthem Blue Cross Life and Health Insurance Company","Elevance Health, Inc.","01/01/2024","Yes","*","8082","8082"
"H4711","Local CCP","HMO/HMOPOS","COVENTRY HEALTH CARE OF NEBRASKA, INC.","Aetna Medicare","CVS Health Corporation","01/01/2020","Yes","260","8138","8398"
"H4714","National PACE","National PACE","PACE OF THE SOUTHERN PIEDMONT, INC.","PACE of the Southern Piedmont","PACE of the Southern Piedmont, Inc.","05/01/2013","Yes","*","278","278"
"H4733","Local CCP","HMO/HMOPOS","COMMUNITY HEALTH GROUP","Community Health Group","Community Health Group","01/01/2023","Yes","*","9976","9976"
"H4739","Local CCP","HMO/HMOPOS","SELECT HEALTH OF SOUTH CAROLINA, INC.","First Choice VIP Care (HMO D-SNP)","Independence Health Group, Inc.","01/01/2022","Yes","*","2675","2675"
"H4754","Local CCP","Local PPO","PACIFICSOURCE COMMUNITY HEALTH PLANS","PacificSource Medicare","PacificSource","01/01/2010","Yes","2191","335","2526"
"H4808","Local CCP","Local PPO","DEVOTED HEALTH INSURANCE COMPANY OF COLORADO INC","Devoted Health","Devoted Health, Inc.","01/01/2023","Yes","933","10791","11724"
"H4835","Local CCP","HMO/HMOPOS","AETNA BETTER HEALTH OF OKLAHOMA INC.","Aetna Medicare","CVS Health Corporation","01/01/2020","Yes","*","3607","3607"
"H4847","Local CCP","HMO/HMOPOS","WELLCARE OF SOUTH CAROLINA, INC.","Wellcare","Centene Corporation","01/01/2019","Yes","1112","5627","6739"
"H4868","Local CCP","HMO/HMOPOS","NEW YORK QUALITY HEALTHCARE CORPORATION","Wellcare","Centene Corporation","01/01/2018","Yes","276","41022","41298"
"H4869","Local CCP","HMO/HMOPOS","GOLD KIDNEY OF ARIZONA","Gold Kidney Health Plan","Gold Kidney Health Plan","01/01/2023","Yes","*","5040","5040"
"H4875","Local CCP","Local PPO","PRIORITY HEALTH","Priority Health Medicare","Corewell Health","01/01/2010","Yes","*","112391","112391"
"H4882","Local CCP","Local PPO","HEALTHPARTNERS, INC.","HealthPartners","HealthPartners, Inc.","01/01/2018","Yes","*","48471","48471"
"H4906","HCPP - 1833 Cost","HCPP - 1833 Cost","C AND O EMPLOYEES' HOSPITAL ASSOCIATION","C and O Employees' Hospital Association","C & O Employees' Hospital Association","05/01/1999","No","1364","*","1364"
"H4909","Local CCP","Local PPO","ANTHEM INSURANCE COMPANIES, INC.","Anthem Blue Cross and Blue Shield","Elevance Health, Inc.","07/01/2005","Yes","2907","8014","10921"
"H4919","National PACE","National PACE","INNOVAGE FLORIDA PACE, LLC","InnovAge Florida  PACE - Tampa","Total Community Options, Inc.","01/01/2024","Yes","*","160","160"
"H4931","Local CCP","HMO/HMOPOS","BANNER - UNIVERSITY CARE ADVANTAGE","Banner Medicare Advantage","Banner Health","01/01/2015","Yes","*","10846","10846"
"H4937","Local CCP","Local PPO","CALIFORNIA PHYSICIANS' SERVICE","Blue Shield of California","California Physicians' Service","01/01/2020","Yes","*","45916","45916"
"H4939","Local CCP","HMO/HMOPOS","ARCADIAN HEALTH PLAN, INC.","Humana","Humana Inc.","01/01/2026","Yes","*","49465","49465"
"H4961","Local CCP","Local PPO","ALIGNMENT HEALTH PLAN","Alignment Health Plan","Alignment Healthcare USA, LLC","01/01/2020","Yes","*","8040","8040"
"H4982","Local CCP","HMO/HMOPOS","AETNA BETTER HEALTH OF CALIFORNIA INC.","Aetna Medicare","CVS Health Corporation","01/01/2020","Yes","*","9605","9605"
"H4999","National PACE","National PACE","LIFE Northwestern Pennsylvania, LLC","LIFE Northwestern Pennsylvania","One Senior Care, Inc.","11/01/2013","Yes","*","759","759"
"H5007","National PACE","National PACE","PROVIDENCE HEALTH & SERVICES – WASHINGTON","Providence PACE - Washington","Providence Health & Services","11/01/2002","Yes","*","1390","1390"
"H5008","Local CCP","HMO/HMOPOS","CARE IMPROVEMENT PLUS SOUTH CENTRAL INSURANCE CO.","UnitedHealthcare","UnitedHealth Group, Inc.","07/01/2005","Yes","*","57726","57726"
"H5009","Local CCP","Local PPO","REGENCE BLUESHIELD","Regence BlueShield","Cambia Health Solutions, Inc.","07/01/2005","Yes","*","10488","10488"
"H5015","Local CCP","HMO/HMOPOS","TEXAS INDEPENDENCE HEALTH PLAN, INC.","Texas Independence Health Plan","Regency ISNP Holdings LLC","01/01/2020","Yes","*","2886","2886"
"H5037","National PACE","National PACE","MOUNTAIN EMPIRE OLDER CITIZENS, INC.","Mountain Empire PACE","Mountain Empire Older Citizens, Inc","03/01/2008","Yes","*","99","99"
"H5042","Local CCP","Local PPO","CDPHP UNIVERSAL BENEFITS, INC.","CDPHP Medicare Advantage","Lifetime Healthcare, Inc.","01/01/2008","Yes","695","2966","3661"
"H5050","Local CCP","HMO/HMOPOS","KAISER FOUNDATION HEALTH PLAN OF WASHINGTON","Kaiser Permanente","Kaiser Foundation Health Plan, Inc.","01/01/1989","Yes","2410","96678","99088"
"H5080","National PACE","National PACE","BOLDAGE PACE INDIANA, LLC","BoldAge PACE","BoldAge PACE, LLC","02/01/2024","Yes","*","72","72"
"H5085","National PACE","National PACE","COMMUNITY PACE AT HOME, INC","Community PACE at Home, Inc,","Community PACE at Home, Inc","07/01/2017","Yes","*","107","107"
"H5087","Local CCP","HMO/HMOPOS","WELLCARE OF CALIFORNIA, INC.","Wellcare","Centene Corporation","01/01/2008","Yes","*","13208","13208"
"H5106","Local CCP","Local PPO","HIGHMARK SENIOR SOLUTIONS COMPANY","Highmark Blue Cross Blue Shield","Highmark Health","07/01/2005","Yes","541","15459","16000"
"H5117","Local CCP","HMO/HMOPOS","LOUISIANA HEALTHCARE CONNECTIONS, INC.","Wellcare","Centene Corporation","01/01/2018","Yes","*","*","*"
"H5119","Local CCP","HMO/HMOPOS","CONTRA COSTA COUNTY MEDICAL SERVICE DBA CONTRA COSTA HEALTH PLAN","Contra Costa Health Care Plus (HMO D-SNP)","Contra Costa Health Services","01/01/2026","Yes","*","453","453"
"H5124","National PACE","National PACE","FRANCISCAN ACO, INC.","Franciscan  Senior Health & Wellness","Franciscan Alliance, Inc.","01/01/2015","Yes","*","377","377"
"H5141","Local CCP","Local PPO","CLOVER INSURANCE COMPANY","Clover Health","Clover Health Holdings, Inc.","01/01/2013","Yes","1673","151995","153668"
"H5163","Local CCP","HMO/HMOPOS","VERDA HEALTH PLAN OF TEXAS INC","Verda Health Plan of Texas","Verda Healthcare, Inc.","01/01/2024","Yes","*","3907","3907"
"H5167","National PACE","National PACE","ROCKY MOUNTAIN HEALTH CARE SERVICES","Rocky Mountain PACE","Bethesda Foundation","12/01/2008","Yes","*","1067","1067"
"H5178","Local CCP","HMO/HMOPOS","HUMANA HEALTH PLAN, INC.","Humana","Humana Inc.","01/01/2020","Yes","*","449","449"
"H5190","Local CCP","HMO/HMOPOS","SUNSHINE STATE HEALTH PLAN, INC.","Wellcare","Centene Corporation","01/01/2013","Yes","*","*","*"
"H5209","Local CCP","HMO/HMOPOS","Molina Healthcare of Wisconsin, Inc.","Molina Healthcare of Wisconsin","Molina Healthcare, Inc.","01/01/1999","Yes","*","2717","2717"
"H5211","Local CCP","HMO/HMOPOS","SECURITY HEALTH PLAN OF WISCONSIN, INC.","Security Health Plan of Wisconsin, Inc.","Sanford Health","08/01/2002","Yes","18162","61197","79359"
"H5212","National PACE","National PACE","COMMUNITY CARE, INC.","Community Care","CareSource","11/01/2003","Yes","*","524","524"
"H5213","National PACE","National PACE","TOTAL COMMUNITY CARE, L.L.C.","InnovAge New Mexico PACE","Total Community Options, Inc.","06/01/2004","Yes","*","417","417"
"H5215","Local CCP","Local PPO","NETWORK HEALTH INSURANCE CORPORATION","Network Health Medicare Advantage Plans","Network Health, Inc.","01/01/2005","Yes","3741","126636","130377"
"H5216","Local CCP","Local PPO","HUMANA INSURANCE COMPANY","Humana","Humana Inc.","07/01/2005","Yes","532057","1860989","2393046"
"H5232","Local CCP","Local PPO","PARAMOUNT INSURANCE COMPANY","Paramount Elite Medicare Plans","MEDICAL MUTUAL OF OHIO","01/01/2020","Yes","*","2124","2124"
"H5244","Local CCP","HMO/HMOPOS","SCAN HEALTH PLAN (NM)","SCAN Health Plan","SCAN Group","01/01/2024","Yes","*","836","836"
"H5253","Local CCP","HMO/HMOPOS","UNITEDHEALTHCARE OF WISCONSIN, INC.","UnitedHealthcare","UnitedHealth Group, Inc.","08/01/1995","Yes","41294","1104795","1146089"
"H5256","1876 Cost","1876 Cost","MEDICAL ASSOCIATES CLINIC HEALTH PLAN","Medical Associates Clinic Health Plan of Wisconsin","Medical Associates Clinic, P.C.","02/01/1996","No","4564","*","4564"
"H5262","Local CCP","HMO/HMOPOS","QUARTZ HEALTH PLAN CORPORATION","Quartz Medicare Advantage (HMO)","University of Wisconsin Hospitals and Clincs Autho","08/01/1999","Yes","2090","16894","18984"
"H5264","1876 Cost","1876 Cost","DEAN HEALTH PLAN, INC.","Dean Health Plan, Inc.","Medica Holding Company","01/01/1999","No","10420","*","10420"
"H5272","Local CCP","HMO/HMOPOS","ABSOLUTE TOTAL CARE, INC.","Wellcare","Centene Corporation","01/01/2026","Yes","*","5279","5279"
"H5273","Local CCP","HMO/HMOPOS","CAREPARTNERS OF CONNECTICUT, INC.","CarePartners of Connecticut","Point32Health, Inc.","01/01/2019","Yes","*","11065","11065"
"H5294","Local CCP","HMO/HMOPOS","SUPERIOR HEALTHPLAN, INC.","Wellcare","Centene Corporation","01/01/2008","Yes","393","16629","17022"
"H5296","Local CCP","HMO/HMOPOS","ALIGNMENT HEALTH PLAN OF NORTH CAROLINA, INC.","Alignment Health Plan","Alignment Healthcare USA, LLC","01/01/2021","Yes","*","31751","31751"
"H5299","Local CCP","HMO/HMOPOS","DEVOTED HEALTH PLAN OF NORTH CAROLINA INC","Devoted Health","Devoted Health, Inc.","01/01/2023","Yes","*","16021","16021"
"H5302","Local CCP","HMO/HMOPOS","AETNA HEALTH INC. (GA)","Aetna Medicare","CVS Health Corporation","01/01/2007","Yes","*","44048","44048"
"H5314","Local CCP","HMO/HMOPOS","TUFTS HEALTH PUBLIC PLANS, INC.","Tufts Health Plan","Point32Health, Inc.","01/01/2026","Yes","*","6806","6806"
"H5322","Local CCP","HMO/HMOPOS","CARE IMPROVEMENT PLUS SOUTH CENTRAL INSURANCE CO.","UnitedHealthcare","UnitedHealth Group, Inc.","01/01/2014","Yes","4398","213194","217592"
"H5325","Local CCP","HMO/HMOPOS","COVENTRY HEALTH CARE OF KANSAS, INC.","Aetna Medicare","CVS Health Corporation","01/01/2019","Yes","*","18810","18810"
"H5361","Local CCP","Local PPO","AMERIHEALTH INSURANCE COMPANY OF NEW JERSEY","AmeriHealth","Independence Health Group, Inc.","01/01/2024","Yes","*","7636","7636"
"H5374","Local CCP","HMO/HMOPOS","LONGEVITY HEALTH PLAN OF NORTH CAROLINA, INC.","Longevity Health Plan","Longevity Health Founders, LLC","01/01/2021","Yes","*","909","909"
"H5377","Local CCP","HMO/HMOPOS","HUMANA MEDICAL PLAN OF PENNSYLVANIA, INC.","Humana","Humana Inc.","01/01/2019","Yes","*","3637","3637"
"H5380","National PACE","National PACE","VISTA COMMUNITY CLINIC","Vista Community Clinic PACE","Vista Community Clinic","07/01/2026","Yes","*","*","*"
"H5386","Local CCP","HMO/HMOPOS","SHARP HEALTH PLAN","Sharp Health Plan","Sharp Healthcare","01/01/2015","Yes","*","19656","19656"
"H5397","Local CCP","HMO/HMOPOS","DEVOTED HEALTH PLAN OF HAWAII, INC.","Devoted Health","Devoted Health, Inc.","01/01/2026","Yes","*","3306","3306"
"H5403","National PACE","National PACE","ON LOK SENIOR HEALTH SERVICES","On Lok PACE","On Lok, Inc.","11/01/2003","Yes","*","1754","1754"
"H5405","National PACE","National PACE","CENTER FOR ELDERS INDEPENDENCE","Center For Elders' Independence","Center For Elders Independence","11/01/2003","Yes","*","1320","1320"
"H5406","National PACE","National PACE","SUTTER VALLEY HOSPITALS","Sutter SeniorCare PACE","Sutter Valley Hospitals","11/01/2003","Yes","*","496","496"
"H5410","Local CCP","HMO/HMOPOS","HEALTHSPRING OF FLORIDA, INC.","HealthSpring","Health Care Service Corporation","05/01/2005","Yes","176","15757","15933"
"H5420","Local CCP","HMO/HMOPOS","Preferred Care Network, Inc.","UnitedHealthcare","UnitedHealth Group, Inc.","06/01/2005","Yes","*","65930","65930"
"H5422","Local CCP","HMO/HMOPOS","BLUE CROSS BLUE SHIELD HEALTHCARE PLAN OF GEORGIA","Anthem Blue Cross and Blue Shield","Elevance Health, Inc.","01/01/2006","Yes","327","14104","14431"
"H5425","Local CCP","HMO/HMOPOS","SCAN HEALTH PLAN","SCAN Health Plan","SCAN Group","05/01/2005","Yes","*","401080","401080"
"H5427","Local CCP","HMO/HMOPOS","FREEDOM HEALTH, INC.","Freedom Health, Inc.","Elevance Health, Inc.","09/01/2005","Yes","264","92282","92546"
"H5431","Local CCP","HMO/HMOPOS","HEALTHSUN HEALTH PLANS, INC.","HealthSun Health Plans, Inc.","Elevance Health, Inc.","08/01/2005","Yes","*","68141","68141"
"H5433","Local CCP","HMO/HMOPOS","ORANGE COUNTY HEALTH AUTHORITY","CalOptima Health OneCare","Orange County Health Authority","08/01/2005","Yes","*","18917","18917"
"H5434","Local CCP","Local PPO","BLUE CROSS AND BLUE SHIELD OF FLORIDA, INC.","Florida Blue","Guidewell Mutual Holding Corporation","08/01/2005","Yes","1869","60092","61961"
"H5435","PFFS","PFFS","CARE IMPROVEMENT PLUS SOUTH CENTRAL INSURANCE CO.","UnitedHealthcare","UnitedHealth Group, Inc.","09/01/2005","Yes","413","1040","1453"
"H5439","Local CCP","Local PPO","HEALTH NET LIFE INSURANCE COMPANY","Wellcare","Centene Corporation","09/01/2005","Yes","781","18780","19561"
"H5447","Local CCP","HMO/HMOPOS","COMMUNITY FIRST HEALTH PLANS, INC.","Community First","Bexar County Hospital District","01/01/2021","Yes","*","806","806"
"H5453","Local CCP","Local PPO","DEVOTED HEALTH INSURANCE COMPANY OF GEORGIA INC","Devoted Health","Devoted Health, Inc.","01/01/2025","Yes","2243","42281","44524"
"H5471","Local CCP","HMO/HMOPOS","SIMPLY HEALTHCARE PLANS, INC.","Simply Healthcare Plans, Inc.","Elevance Health, Inc.","01/01/2012","Yes","*","34329","34329"
"H5472","Local CCP","HMO/HMOPOS","ALIGNMENT HEALTH INSURANCE COMPANY OF ARIZONA INC","Alignment Health Plan","Alignment Healthcare USA, LLC","01/01/2023","Yes","*","10294","10294"
"H5475","Local CCP","HMO/HMOPOS","MERIDIAN HEALTH PLAN OF MICHIGAN, INC.","Wellcare","Centene Corporation","01/01/2011","Yes","*","19857","19857"
"H5493","National PACE","National PACE","LIFE AT ST. FRANCIS HEALTHCARE, INC.","Saint Francis LIFE","Trinity Health Corporation","02/01/2013","Yes","*","310","310"
"H5496","Local CCP","HMO/HMOPOS","IMPERIAL HEALTH PLAN OF CALIFORNIA, INC.","Imperial Health Plan of California, Inc.","Imperial Health Plan of California","01/01/2018","Yes","547","51691","52238"
"H5521","Local CCP","Local PPO","AETNA LIFE INSURANCE COMPANY","Aetna Medicare","CVS Health Corporation","01/01/2006","Yes","51897","977031","1028928"
"H5522","Local CCP","Local PPO","AETNA LIFE INSURANCE COMPANY","Aetna Medicare","CVS Health Corporation","01/01/2006","Yes","808451","639306","1447757"
"H5525","Local CCP","Local PPO","HUMANA BENEFIT PLAN OF ILLINOIS, INC.","Humana","Humana Inc.","01/01/2006","Yes","27959","147162","175121"
"H5526","Local CCP","Local PPO","Highmark Western and Northeastern New York Inc.","Highmark Blue Cross Blue Shield or Highmark Blue Shield","Highmark Health","01/01/2006","Yes","1574","13215","14789"
"H5528","Local CCP","Local PPO","EMBLEMHEALTH PLAN, INC.","EmblemHealth","EmblemHealth, Inc.","01/01/2006","Yes","*","35","35"
"H5533","Local CCP","Local PPO","UPMC HEALTH NETWORK, INC.","UPMC for Life","UPMC Health System","01/01/2006","Yes","1523","56739","58262"
"H5538","National PACE","National PACE","TRINITY HEALTH PACE OF PENSACOLA","Trinity Health PACE of Pensacola","Trinity Health Corporation","03/01/2024","Yes","*","53","53"
"H5549","Local CCP","HMO/HMOPOS","VNS CHOICE","VNS Health Medicare","Visiting Nurse Service of New York","01/01/2007","Yes","*","68772","68772"
"H5577","Local CCP","HMO/HMOPOS","MCS ADVANTAGE, INC.","MCS Classicare","MHH Healthcare, L.P.","01/01/2007","Yes","4245","353717","357962"
"H5580","Local CCP","HMO/HMOPOS","MERCY CARE","Mercy Care Advantage","Mercy Care","01/01/2006","Yes","*","10933","10933"
"H5587","Local CCP","HMO/HMOPOS","HEALTH CHOICE ARIZONA, INC.","Blue Cross Blue Shield of Arizona Health Choice","Blue Cross Blue Shield of Arizona","01/01/2006","Yes","*","8622","8622"
"H5590","Local CCP","HMO/HMOPOS","Bridgeway Health Solutions of Arizona, Inc.","Wellcare","Centene Corporation","01/01/2008","Yes","*","26605","26605"
"H5591","Local CCP","HMO/HMOPOS","MARTIN'S POINT GENERATIONS ADVANTAGE, INC.","Martin's Point Generations Advantage","Martin's Point Health Care, Inc.","01/01/2007","Yes","6646","55984","62630"
"H5593","Local CCP","HMO/HMOPOS","AETNA HEALTH OF IOWA INC.","Aetna Medicare","CVS Health Corporation","01/01/2020","Yes","*","3988","3988"
"H5594","Local CCP","HMO/HMOPOS","OPTIMUM HEALTHCARE, INC.","Optimum HealthCare, Inc.","Elevance Health, Inc.","01/01/2007","Yes","*","80582","80582"
"H5599","Local CCP","HMO/HMOPOS","NEW YORK QUALITY HEALTHCARE CORPORATION","Wellcare","Centene Corporation","01/01/2021","Yes","138","68963","69101"
"H5608","Local CCP","HMO/HMOPOS","DENVER HEALTH MEDICAL PLAN, INC.","Elevate Medicare Advantage","Denver Health and Hospital Authority","01/01/2006","Yes","*","5073","5073"
"H5610","National PACE","National PACE","CARE RESOURCES","Care Resources","Care Resources","09/01/2006","Yes","*","413","413"
"H5619","Local CCP","HMO/HMOPOS","ARCADIAN HEALTH PLAN, INC.","Humana","Humana Inc.","01/01/2007","Yes","2611","482646","485257"
"H5622","National PACE","National PACE","CARE GUIDE PARTNERS, INC.","Care Guide Partners","Hosparus Health Inc","04/01/2024","Yes","*","71","71"
"H5628","Local CCP","HMO/HMOPOS","MOLINA HEALTHCARE OF UTAH, INC.","Molina Healthcare of Utah & Idaho","Molina Healthcare, Inc.","01/01/2006","Yes","*","16889","16889"
"H5629","National PACE","National PACE","COMMUNITY ELDERCARE OF SAN DIEGO","St. Paul's PACE","St. Paul’s Episcopal Home","02/01/2008","Yes","*","1293","1293"
"H5644","Local CCP","HMO/HMOPOS","NETWORK HEALTH INSURANCE CORPORATION","Network Health Medicare Advantage Plans","Network Health, Inc.","01/01/2019","Yes","*","*","*"
"H5649","Local CCP","HMO/HMOPOS","CENTRAL HEALTH PLAN OF CALIFORNIA, INC.","Central Health Medicare Plan","Molina Healthcare, Inc.","01/01/2006","Yes","413","34137","34550"
"H5652","Local CCP","HMO/HMOPOS","SIERRA HEALTH AND LIFE INSURANCE COMPANY, INC.","UnitedHealthcare","UnitedHealth Group, Inc.","09/01/2005","Yes","529","6546","7075"
"H5692","Local CCP","HMO/HMOPOS","SANTA CRUZ MONTEREY MERCED SAN BENITO MARIPOSA MANAGED MEDICAL CARE COMMISSION","Central California Alliance for Health","SANTA CRUZ MONTEREY MERCED SAN BENITO MARIPOSA MAN","01/01/2026","Yes","*","886","886"
"H5703","Local CCP","HMO/HMOPOS","SOUTH COUNTRY HEALTH ALLIANCE","South Country Health Alliance","South Country Health Alliance","01/01/2006","Yes","*","495","495"
"H5718","Local CCP","Local PPO","DEVOTED HEALTH INSURANCE COMPANY OF KENTUCKY INC","Devoted Health","Devoted Health, Inc.","01/01/2025","Yes","*","10822","10822"
"H5734","Local CCP","HMO/HMOPOS","SAN JOAQUIN COUNTY HEALTH COMMISSION","Health Plan of San Joaquin / Mountain Valley Health Plan Advantage D-SNP (HMO)","SAN JOAQUIN COUNTY HEALTH COMMISSION","01/01/2026","Yes","*","339","339"
"H5774","Local CCP","HMO/HMOPOS","TRIPLE S ADVANTAGE, INC.","Triple S Advantage","Guidewell Mutual Holding Corporation","01/01/2006","Yes","*","118761","118761"
"H5779","Local CCP","HMO/HMOPOS","MERIDIAN HEALTH PLAN OF ILLINOIS, INC.","Wellcare","Centene Corporation","01/01/2013","Yes","345","12771","13116"
"H5793","Local CCP","HMO/HMOPOS","AETNA HEALTH INC. (CT)","Aetna Medicare","CVS Health Corporation","01/01/2007","Yes","15","61726","61741"
"H5810","Local CCP","HMO/HMOPOS","MOLINA HEALTHCARE OF CALIFORNIA","Molina Healthcare of California","Molina Healthcare, Inc.","01/01/2006","Yes","*","1410","1410"
"H5822","National PACE","National PACE","MIDLAND CARE CONNECTION","Midland Care PACE","Midland Care Connection, Inc.","01/01/2007","Yes","*","614","614"
"H5823","Local CCP","HMO/HMOPOS","MOLINA HEALTHCARE OF WASHINGTON, INC.","Molina Healthcare of Washington, Inc.","Molina Healthcare, Inc.","01/01/2006","Yes","*","13145","13145"
"H5826","Local CCP","HMO/HMOPOS","COMMUNITY HEALTH PLAN OF WASHINGTON","Community Health Plan of WA Medicare Advantage","Community Health Plan of Washington","01/01/2007","Yes","*","8958","8958"
"H5828","Local CCP","HMO/HMOPOS","WELLPOINT TENNESSEE, INC.","Wellpoint","Elevance Health, Inc.","01/01/2021","Yes","*","27618","27618"
"H5843","Local CCP","HMO/HMOPOS","BANNER HEALTH PLAN, INC.","Banner Medicare Advantage","Banner Health","01/01/2021","Yes","*","7440","7440"
"H5852","Local CCP","HMO/HMOPOS","AIDS HEALTHCARE FOUNDATION","AHF","AIDS Healthcare Foundation","01/01/2006","Yes","*","601","601"
"H5854","Local CCP","HMO/HMOPOS","ANTHEM HEALTH PLANS, INC.","Anthem Blue Cross and Blue Shield","Elevance Health, Inc.","01/01/2007","Yes","136","36702","36838"
"H5859","Local CCP","HMO/HMOPOS","HEALTH PLAN OF CAREOREGON, INC.","CareOregon Advantage","CareOregon, Inc.","01/01/2006","Yes","*","13152","13152"
"H5883","Local CCP","HMO/HMOPOS","BLUE CARE NETWORK OF MICHIGAN","Blue Care Network","Blue Cross Blue Shield of Michigan Mutual Ins. Co.","01/01/2006","Yes","29768","31442","61210"
"H5900","Local CCP","Local PPO","WELLMARK ADVANTAGE HEALTH PLAN, INC.","Wellmark Advantage Health Plan","Blue Cross Blue Shield of Michigan Mutual Ins. Co.","01/01/2022","Yes","600","43308","43908"
"H5902","National PACE","National PACE","SENIOR LIFE ALTOONA, INC.","Senior LIFE Altoona / Ebensburg / Indiana","Senior LIFE Altoona, Inc.","05/01/2011","Yes","*","508","508"
"H5926","Local CCP","HMO/HMOPOS","MOLINA HEALTHCARE OF MICHIGAN, INC.","Molina Healthcare of Michigan","Molina Healthcare, Inc.","01/01/2006","Yes","*","15500","15500"
"H5928","Local CCP","HMO/HMOPOS","California Physicians' Service","Blue Shield of California","California Physicians' Service","01/01/2007","Yes","*","7818","7818"
"H5932","Local CCP","HMO/HMOPOS","GATEWAY HEALTH PLAN, INC.","Highmark Wholecare Medicare Assured","Highmark Health","01/01/2006","Yes","*","41199","41199"
"H5934","National PACE","National PACE","HOPE HOSPICE AND COMMUNITY SERVICES, INC.","Hope PACE","Chapters Health System, Inc.","03/01/2008","Yes","*","616","616"
"H5938","Local CCP","HMO/HMOPOS","CAPITAL HEALTH PLAN","Capital Health Plan","Guidewell Mutual Holding Corporation","01/01/2006","Yes","*","26389","26389"
"H5943","Local CCP","HMO/HMOPOS","SCAN HEALTH PLAN","VillageHealth","SCAN Group","01/01/2006","Yes","*","661","661"
"H5945","Local CCP","HMO/HMOPOS","PROMINENCE HEALTHFIRST","Prominence Health Plan","Universal Health Services, Inc.","01/01/2015","Yes","501","23089","23590"
"H5959","Local CCP","Local PPO","BCBSM, Inc.","Blue Cross and Blue Shield of Minnesota","Aware Integrated, Inc.","01/01/2018","Yes","26605","254544","281149"
"H5965","Local CCP","Local PPO","WELLCARE HEALTH INSURANCE COMPANY OF WASHINGTON","Wellcare","Centene Corporation","01/01/2020","Yes","530","1059","1589"
"H5969","Local CCP","HMO/HMOPOS","ALOHACARE","AlohaCare","AlohaCare","01/01/2006","Yes","*","2559","2559"
"H5970","Local CCP","Local PPO","HUMANA INSURANCE COMPANY OF NEW YORK","Humana","Humana Inc.","01/01/2010","Yes","10525","78039","88564"
"H5978","National PACE","National PACE","SENIOR LIFE LEHIGH VALLEY, INC.","Senior LIFE Lehigh Valley / Reading","Senior LIFE Lehigh Valley, Inc.","02/01/2009","Yes","*","642","642"
"H5989","Local CCP","HMO/HMOPOS","HEALTHFIRST HEALTH PLAN, INC.","Healthfirst Medicare Plan","Healthfirst, Inc.","01/01/2007","Yes","*","13472","13472"
"H5991","Local CCP","HMO/HMOPOS","HEALTH INSURANCE PLAN OF GREATER NEW YORK","EmblemHealth","EmblemHealth, Inc.","01/01/2007","Yes","*","2380","2380"
"H5992","Local CCP","HMO/HMOPOS","SENIOR WHOLE HEALTH OF NEW YORK, INC.","Senior Whole Health of New York","Molina Healthcare, Inc.","01/01/2007","Yes","*","1012","1012"
"H5993","National PACE","National PACE","LAWNDALE CHRISTIAN HEALTH CENTER","Lawndale Christian Health Center","Lawndale Christian Health Center","05/01/2024","Yes","*","42","42"
"H5995","Local CCP","HMO/HMOPOS","ATRIO HEALTH PLANS","ATRIO Health Plans","ATRIO Health Plans","01/01/2006","Yes","*","198","198"
"H6018","Local CCP","Local PPO","DEVOTED HEALTH INSURANCE COMPANY OF PENNSYLVANIA INC","Devoted Health","Devoted Health, Inc.","01/01/2023","Yes","*","8329","8329"
"H6019","Local CCP","HMO/HMOPOS","SAN MATEO HEALTH COMMISSION","HEALTH PLAN OF SAN MATEO","Health Plan of San Mateo","01/01/2023","Yes","*","8528","8528"
"H6059","National PACE","National PACE","PACE OF GUILFORD AND ROCKINGHAM COUNTIES, INC.","PACE OF THE TRIAD","Well-Spring Services, Inc.","06/01/2011","Yes","*","226","226"
"H6078","Local CCP","Local PPO","Group Retiree Health Solutions, Inc.","Blue Medicare Advantage","Elevance Health, Inc.","01/01/2021","Yes","9826","11422","21248"
"H6079","National PACE","National PACE","TOTAL LONGTERM CARE, INC.","InnovAge California PACE","Total Community Options, Inc.","03/01/2014","Yes","*","1226","1226"
"H6081","National PACE","National PACE","HIGH DESERT PACE, INC,","High Desert PACE","High Desert PACE, Inc.","07/01/2024","Yes","*","224","224"
"H6130","MSA","MSA","FENYX HEALTH INSURANCE COMPANY","Fenyx Health","Fenyx Health Holdings, Inc.","01/01/2024","No","1338","*","1338"
"H6142","HCPP - 1833 Cost","HCPP - 1833 Cost","UNION HEALTH SERVICES, INC.","Union Health Service, Inc.","Union Health Services, Inc.","02/01/1983","No","1691","*","1691"
"H6147","National PACE","National PACE","LOMA LINDA UNIVERSITY MEDICAL CENTER","Loma Linda University Health PACE","Loma Linda University Medical Center","01/01/2024","Yes","*","154","154"
"H6154","Local CCP","HMO/HMOPOS","MEDICA HEALTH PLANS","Medica","Medica Holding Company","01/01/2018","Yes","*","1792","1792"
"H6158","Local CCP","HMO/HMOPOS","USABLE HMO, INC.","Arkansas Blue Medicare","USAble Mutual Insurance Company","01/01/2021","Yes","*","4883","4883"
"H6170","Local CCP","HMO/HMOPOS","CHAMPION HEALTH PLAN OF CALIFORNIA INC","Champion Heath Plan","Champion Health Plans-USA, LLC.","01/01/2024","Yes","*","7807","7807"
"H6188","National PACE","National PACE","VIECARE ARMSTRONG, LLC","LIFE Armstrong","Lutheran SeniorLife","04/01/2015","Yes","*","85","85"
"H6200","Local CCP","Local PPO","ESSENCE HEALTHCARE PPO, INC.","Essence Healthcare","Lumeris Group Holdings Corporation","01/01/2023","Yes","*","10976","10976"
"H6202","Local CCP","Local PPO","NEXTBLUE OF NORTH DAKOTA INSURANCE COMPANY","NextBlue of North Dakota","Blue Cross Blue Shield of Michigan Mutual Ins. Co.","01/01/2021","Yes","933","5770","6703"
"H6224","Local CCP","HMO/HMOPOS","HIGHMARK HEALTH OPTIONS WEST VIRGINIA INC.","Highmark Blue Cross Blue Shield","Highmark Health","01/01/2026","Yes","*","269","269"
"H6231","National PACE","National PACE","FRANCISCAN PACE, INC.","PACE Baton Rouge","Franciscan Missionaries of Our Lady Health System","07/01/2008","Yes","*","229","229"
"H6237","Local CCP","HMO/HMOPOS","REGENCE BLUECROSS BLUESHIELD OF OREGON","Regence BlueCross BlueShield of Oregon","Cambia Health Solutions, Inc.","01/01/2014","Yes","*","1867","1867"
"H6248","Local CCP","HMO/HMOPOS","COMMUNITY HEALTH GROUP","Community Health Group","Community Health Group","01/01/2024","Yes","*","582","582"
"H6251","National PACE","National PACE","TRINITY HEALTH PACE OF MONTGOMERY COUNTY","Trinity Health PACE of Montgomery County","Trinity Health Corporation","11/01/2024","Yes","*","84","84"
"H6309","Local CCP","Local PPO","HEALTHPARTNERS INSURANCE COMPANY","HealthPartners","HealthPartners, Inc.","01/01/2026","Yes","*","5000","5000"
"H6316","Local CCP","HMO/HMOPOS","MISSOURI CARE, INCORPORATED","Healthy Blue","Elevance Health, Inc.","01/01/2020","Yes","*","3343","3343"
"H6317","National PACE","National PACE","WELBEHEALTH BAY AREA PACE, LLC","WelbeHealth","WelbeHealth LLC.","01/01/2024","Yes","*","254","254"
"H6322","Local CCP","HMO/HMOPOS","MCLAREN HEALTH PLAN, INC.","McLaren Medicare","McLaren Health Care Corporation","01/01/2022","Yes","*","2411","2411"
"H6334","HCPP - 1833 Cost","HCPP - 1833 Cost","NY HOTEL TRADES COUNCIL & HOTEL ASSOCIATION OF NYC","NY Hotel Trades Council and Hotel Assn. of NYC","NY Hotel Trades Council&Hotel Assn of NYC","01/01/1987","No","4841","*","4841"
"H6341","Local CCP","HMO/HMOPOS","AMERIHEALTH MICHIGAN, INC.","AmeriHealth Caritas VIP Care","Independence Health Group, Inc.","01/01/2026","Yes","*","1898","1898"
"H6342","National PACE","National PACE","COMPLETE HEALTH WITH PACE","Baptist Health PACE","Baptist Health (Arkansas)","06/01/2016","Yes","*","144","144"
"H6345","Local CCP","HMO/HMOPOS","PRUITTHEALTH PREMIER NORTH CAROLINA, LLC","PruittHealth Premier","UNICO Services, Inc.","01/01/2019","Yes","*","856","856"
"H6348","Local CCP","Local PPO","COORDINATED CARE CORPORATION","Wellcare","Centene Corporation","01/01/2018","Yes","99","6147","6246"
"H6351","Local CCP","HMO/HMOPOS","LIBERTY ADVANTAGE, LLC","Liberty Medicare Advantage","Liberty Healthcare Insurance","01/01/2018","Yes","*","3050","3050"
"H6368","Local CCP","HMO/HMOPOS","ELITE HEALTH PLAN, INC.","Elite Health Plan, Inc.","Elite Health Systems, Inc.","01/01/2026","Yes","*","35","35"
"H6371","National PACE","National PACE","LUTHERAN SENIOR HEALTHCARE, INC.","Lutheran Senior LIFE","Lutheran Social Ministries of New Jersey","07/01/2010","Yes","*","96","96"
"H6378","Local CCP","HMO/HMOPOS","AMERIHEALTH CARITAS FLORIDA, INC.","AmeriHealth Caritas VIP Care (HMO-D-SNP)","Independence Health Group, Inc.","01/01/2023","Yes","*","41","41"
"H6396","Local CCP","HMO/HMOPOS","CARESOURCE OHIO, INC.","CareSource MyCare Ohio (HMO D-SNP)","CareSource","01/01/2017","Yes","*","32665","32665"
"H6399","Local CCP","HMO/HMOPOS","AETNA BETTER HEALTH INC. (NJ)","Aetna Medicare","CVS Health Corporation","01/01/2021","Yes","*","7256","7256"
"H6425","National PACE","National PACE","WASHINGTON REGIONAL MEDICORP","PACE of the Ozarks","Washington Regional Medical System","02/01/2019","Yes","*","104","104"
"H6453","Local CCP","HMO/HMOPOS","HMO LOUISIANA, INC.","Blue Cross and Blue Shield of Louisiana","Louisiana Health Service & Indemnity Company","01/01/2016","Yes","*","36153","36153"
"H6474","Local CCP","HMO/HMOPOS","CHAMPION HEALTH PLAN OF NEVADA, INC.","Champion Health Plan","Champion Health Plans-USA, LLC.","01/01/2024","Yes","*","121","121"
"H6515","Local CCP","HMO/HMOPOS","MOLINA HEALTHCARE OF TEXAS, INC.","Molina Healthcare of Texas, Inc.","Molina Healthcare, Inc.","01/01/2026","Yes","*","9760","9760"
"H6517","National PACE","National PACE","Family HealthCare Network (FHCN) PACE","Family HealthCare Network PACE","Family Healthcare Network","07/01/2024","Yes","*","114","114"
"H6529","Local CCP","HMO/HMOPOS","SOUTHEASTERN INDIANA HEALTH ORGANIZATION, INC.","MyTruAdvantage","SIHO Holding, Inc.","01/01/2021","Yes","*","2284","2284"
"H6537","National PACE","National PACE","TUNGSTEN HEALTH SACRAMENTO, LLC","Habitat Health Sacramento","Tungsten Health Holdings, LLC","01/01/2025","Yes","*","234","234"
"H6541","National PACE","National PACE","HORIZON-PACE, LLC","Horizon - PACE","American Health Management, Inc.","09/01/2022","Yes","*","211","211"
"H6545","Local CCP","Local PPO","Devoted Health Insurance Company of Illinois, Inc.","Devoted Health","Devoted Health, Inc.","01/01/2023","Yes","*","2587","2587"
"H6550","Local CCP","HMO/HMOPOS","SUNFLOWER STATE HEALTH PLAN, INC.","Wellcare","Centene Corporation","01/01/2018","Yes","*","2158","2158"
"H6551","National PACE","National PACE","LIFE ST. MARY","LIFE St. Mary","Trinity Health Corporation","03/01/2010","Yes","*","270","270"
"H6566","Local CCP","Local PPO","LAGNIAPPE ADVANTAGE INSURANCE COMPANY","Lagniappe Advantage","Curana Health Holdings, LLC","01/01/2026","Yes","*","1089","1089"
"H6586","Local CCP","Local PPO","DEVOTED HEALTH INSURANCE COMPANY OF ARIZONA, INC.","Devoted Health","Devoted Health, Inc.","01/01/2023","Yes","2544","4654","7198"
"H6595","Local CCP","HMO/HMOPOS","UNITEDHEALTHCARE OF WISCONSIN, INC.","UnitedHealthcare","UnitedHealth Group, Inc.","01/01/2019","Yes","*","29144","29144"
"H6596","National PACE","National PACE","FALLON HEALTH WEINBERG, INC.","Fallon Health Weinberg","Fallon Community Health Plan, Inc.","09/01/2015","Yes","*","241","241"
"H6622","Local CCP","HMO/HMOPOS","HUMANA WI HEALTH ORGANIZATION INSURANCE CORP","Humana","Humana Inc.","01/01/2011","Yes","935","337618","338553"
"H6652","Local CCP","HMO/HMOPOS","AMERICAN HEALTH PLAN OF FL, INC.","American Health Advantage of Florida","Mitchell Family Office","01/01/2021","Yes","*","184","184"
"H6700","National PACE","National PACE","PACE NORTHEAST MICHIGAN","PACE Northeast Michigan","PACE Northeast Michigan","01/01/2026","Yes","*","11","11"
"H6706","Local CCP","HMO/HMOPOS","UnitedHealthcare Benefits of Texas, Inc.","UnitedHealthcare","UnitedHealth Group, Inc.","01/01/2021","Yes","*","578","578"
"H6723","Local CCP","HMO/HMOPOS","MEDICAL MUTUAL OF OHIO","Medical Mutual of Ohio","MEDICAL MUTUAL OF OHIO","01/01/2016","Yes","*","60936","60936"
"H6743","Local CCP","Local PPO","ATRIO HEALTH PLANS","ATRIO Health Plans","ATRIO Health Plans","01/01/2011","Yes","827","20340","21167"
"H6759","National PACE","National PACE","Senior CommUnity Care Of Kentucky","Senior CommUnity Care of Kentucky","Volunteers of America National Services","05/01/2023","Yes","*","93","93"
"H6765","Local CCP","HMO/HMOPOS","AMERICAN HEALTH PLAN OF IOWA INC","Iowa Health Advantage","Mitchell Family Office","01/01/2023","Yes","*","1482","1482"
"H6776","Local CCP","HMO/HMOPOS","ELDERSERVE HEALTH, INC.","ElderServe Health","CareSource","01/01/2016","Yes","*","829","829"
"H6787","National PACE","National PACE","VOANS SENIOR COMMUNITY CARE OF MICHIGAN, INC.","Senior Community Care of Michigan","Volunteers of America National Services","04/01/2015","Yes","*","212","212"
"H6796","National PACE","National PACE","CLINICAS DE SALUD DEL PUEBLO, INC.","PACE by Innercare","Clinicas de Salud del Pueblo, Inc.","01/01/2026","Yes","*","29","29"
"H6813","Local CCP","Local PPO","DEVOTED HEALTH INSURANCE COMPANY OF TEXAS","Devoted Health","Devoted Health, Inc.","01/01/2023","Yes","175","2719","2894"
"H6815","Local CCP","HMO/HMOPOS","HEALTH NET HEALTH PLAN OF OREGON, INC.","Wellcare","Centene Corporation","01/01/2011","Yes","*","12570","12570"
"H6824","Local CCP","Local PPO","UNITEDHEALTHCARE INSURANCE COMPANY","UnitedHealthcare","UnitedHealth Group, Inc.","01/01/2026","Yes","*","21988","21988"
"H6832","Local CCP","HMO/HMOPOS","ALIGN SENIOR CARE MI, LLC","Align Senior Care","Curana Health Holdings, LLC","01/01/2020","Yes","*","1452","1452"
"H6846","National PACE","National PACE","CAREPARTNERS REHABILITATION HOSPITAL, LLLP","CarePartners PACE","HCA Healthcare, Inc.","03/01/2015","Yes","*","233","233"
"H6847","Local CCP","HMO/HMOPOS","Mass General Brigham Health Plan, Inc.","Mass General Brigham Health Plan","Mass General Brigham Incorporated","01/01/2023","Yes","*","2076","2076"
"H6851","Local CCP","HMO/HMOPOS","BOSTON MEDICAL CENTER HEALTH PLAN, INC.","WellSense Health Plan","BMC Health System, Inc.","01/01/2022","Yes","*","4255","4255"
"H6852","Local CCP","HMO/HMOPOS","DEVOTED HEALTH PLAN OF PENNSYLVANIA INC","Devoted Health","Devoted Health, Inc.","01/01/2023","Yes","*","8164","8164"
"H6868","National PACE","National PACE","BOLDAGE PACE KENTUCKY, LLC","BoldAge PACE","BoldAge PACE, LLC","02/01/2024","Yes","*","114","114"
"H6874","Local CCP","Local PPO","ASPIRUS HEALTH PLAN, INC.","Aspirus Health Plan","Aspirus, Inc.","01/01/2021","Yes","951","5065","6016"
"H6876","Local CCP","Local PPO","ZING HEALTH OF MICHIGAN, INC.","Zing Health","Zing Health Consolidator, Inc","01/01/2024","Yes","*","6300","6300"
"H6887","National PACE","National PACE","INSPIRA HEALTH NETWORK LIFE, INC.","Inspira Health Network LIFE","Inspira Health Network, Inc.","08/01/2011","Yes","*","291","291"
"H6891","Local CCP","HMO/HMOPOS","AMERICAN HEALTH PLAN OF TX, INC.","American Health Advantage of Texas","Mitchell Family Office","01/01/2021","Yes","*","483","483"
"H6898","Local CCP","Local PPO","VERMONT BLUE ADVANTAGE, INC.","Vermont Blue Advantage","Blue Cross Blue Shield of Michigan Mutual Ins. Co.","01/01/2021","Yes","*","*","*"
"H6910","Local CCP","HMO/HMOPOS","MOUNT CARMEL HEALTH PLAN OF IDAHO, INC.","Saint Alphonsus Health Plan","Trinity Health Corporation","01/01/2020","Yes","617","21709","22326"
"H6941","National PACE","National PACE","LIFE PACE","LIFE PACE, INC.","LIFE Senior Services, Inc.","01/01/2015","Yes","*","285","285"
"H6959","Local CCP","HMO/HMOPOS","ISNP VENTURES, LLC","KeyCare Advantage","ISNP Holdings, LLC","01/01/2020","Yes","*","517","517"
"H6971","Local CCP","HMO/HMOPOS","MERIDIAN HEALTH PLAN OF ILLINOIS, INC.","Wellcare","Centene Corporation","01/01/2026","Yes","*","15144","15144"
"H6988","Local CCP","HMO/HMOPOS","Anthem HP, LLC","Anthem Blue Cross and Blue Shield HP","Elevance Health, Inc.","01/01/2014","Yes","127","7950","8077"
"H6994","Local CCP","HMO/HMOPOS","DEVOTED HEALTH PLAN OF VIRGINIA INC","Devoted Health","Devoted Health, Inc.","01/01/2026","Yes","*","2393","2393"
"H7003","National PACE","National PACE","PACE NEBRASKA","Immanuel Pathways Omaha","Immanuel","03/01/2013","Yes","*","166","166"
"H7006","Local CCP","Local PPO","ATRIO HEALTH PLANS","ATRIO Health Plans","ATRIO Health Plans","01/01/2010","Yes","100","10412","10512"
"H7020","Local CCP","HMO/HMOPOS","HEALTHSPRING LIFE & HEALTH INSURANCE COMPANY, INC.","HealthSpring","Health Care Service Corporation","01/01/2014","Yes","771","14706","15477"
"H7027","National PACE","National PACE","ESPERANZA HEALTH CENTERS","Panorama PACE","Esperanza Health Centers","07/01/2024","Yes","*","36","36"
"H7028","Local CCP","Local PPO","DEVOTED HEALTH INSURANCE COMPANY OF SOUTH CAROLINA INC","Devoted Health","Devoted Health, Inc.","01/01/2023","Yes","1611","26315","27926"
"H7059","National PACE","National PACE","STRATUM LIFE, LLC","Stratum LIFE","Empath Health, Inc.","02/01/2025","Yes","*","25","25"
"H7063","Local CCP","Local PPO","BLUECROSS BLUESHIELD KANSAS SOLUTIONS, INC.","Blue Cross and Blue Shield of Kansas","Blue Cross Blue Shield of Kansas","01/01/2020","Yes","107","10119","10226"
"H7074","Local CCP","Local PPO","ALIGNMENT HEALTH PLAN OF NORTH CAROLINA, INC.","Alignment Health Plan","Alignment Healthcare USA, LLC","01/01/2022","Yes","*","847","847"
"H7093","Local CCP","Local PPO","COMMUNITY INSURANCE COMPANY","Anthem Blue Cross and Blue Shield","Elevance Health, Inc.","01/01/2022","Yes","1549","8567","10116"
"H7114","National PACE","National PACE","VALIR PACE","Valir PACE","Valir PACE, LLC.","01/01/2015","Yes","*","274","274"
"H7115","Local CCP","HMO/HMOPOS","MEMORIAL HERMANN HEALTH PLAN","Memorial Hermann Health Plan","Memorial Hermann Health System","01/01/2015","Yes","210","14541","14751"
"H7123","Local CCP","HMO/HMOPOS","UPMC HEALTH COVERAGE, INC.","UPMC for Life Complete Care","UPMC Health System","01/01/2020","Yes","*","1469","1469"
"H7147","Local CCP","HMO/HMOPOS","DEVOTED HEALTH PLAN OF COLORADO INC","Devoted Health","Devoted Health, Inc.","01/01/2023","Yes","*","9039","9039"
"H7149","Local CCP","HMO/HMOPOS","AETNA HEALTH INC. (PA)","Aetna Medicare","CVS Health Corporation","01/01/2008","Yes","397","9058","9455"
"H7151","Local CCP","HMO/HMOPOS","DEVOTED HEALTH PLAN OF ILLINOIS, INC.","Devoted Health","Devoted Health, Inc.","01/01/2022","Yes","*","8110","8110"
"H7195","National PACE","National PACE","NORTHLAND PACE PROGRAM","Northland PACE Senior Care Services","Northland Healthcare Alliance","08/01/2008","Yes","*","199","199"
"H7199","Local CCP","Local PPO","DEVOTED HEALTH  PLAN OF OREGON","Devoted Health","Devoted Health, Inc.","01/01/2023","Yes","*","2594","2594"
"H7220","Local CCP","HMO/HMOPOS","HealthKeepers, Inc.","Anthem HealthKeepers","Elevance Health, Inc.","01/01/2009","Yes","*","11032","11032"
"H7233","National PACE","National PACE","VOANS SENIOR COMMUNITY CARE OF MARYLAND","Senior CommUnity Care of Maryland","Volunteers of America National Services","03/01/2025","Yes","*","44","44"
"H7239","Local CCP","HMO/HMOPOS","PROMINENCE HEALTHFIRST OF FLORIDA INC","Prominence Health Plan","Universal Health Services, Inc.","01/01/2025","Yes","*","2662","2662"
"H7262","National PACE","National PACE","TRU COMMUNITY CARE","TRU PACE","TRU Community Care","02/01/2017","Yes","*","334","334"
"H7275","Local CCP","HMO/HMOPOS","PROVIDER PARTNERS HEALTH PLAN OF KENTUCKY","Provider Partners Health Plans","Rifkin Managed Care Holding, LLC","01/01/2026","Yes","*","*","*"
"H7284","Local CCP","Local PPO","HUMANA HEALTH INSURANCE COMPANY OF FLORIDA, INC.","Humana","Humana Inc.","01/01/2019","Yes","*","11585","11585"
"H7296","National PACE","National PACE","HOSPICE OF METRO DENVER, INC","Colorado PACE","Hospice of Metro Denver, Inc","03/01/2025","Yes","*","59","59"
"H7301","Local CCP","Local PPO","COVENTRY HEALTH CARE OF ILLINOIS, INC.","Aetna Medicare","CVS Health Corporation","01/01/2008","Yes","531","97236","97767"
"H7323","Local CCP","Local PPO","WELLCARE NATIONAL HEALTH INSURANCE COMPANY","Wellcare","Centene Corporation","01/01/2020","Yes","*","2078","2078"
"H7326","Local CCP","Local PPO","WELLCARE OF SOUTH CAROLINA, INC.","Wellcare","Centene Corporation","01/01/2018","Yes","*","13208","13208"
"H7355","Local CCP","Local PPO","DEVOTED HEALTH INSURANCE COMPANY OF MISSISSIPPI","Devoted Health","Devoted Health, Inc.","01/01/2025","Yes","*","9053","9053"
"H7366","National PACE","National PACE","CONCERTOHEALTH PACE OF LOS ANGELES, LLC","InnovAge California PACE - Crenshaw","Total Community Options, Inc.","07/01/2022","Yes","*","92","92"
"H7379","Local CCP","Local PPO","CAREFIRST ADVANTAGE PPO, INC.","CareFirst BlueCross BlueShield Medicare Advantage","CareFirst, Inc.","01/01/2022","Yes","3891","42810","46701"
"H7389","Local CCP","HMO/HMOPOS","HealthSpring Life & Health Insurance Company, Inc.","HealthSpring","Health Care Service Corporation","01/01/2022","Yes","*","*","*"
"H7397","Local CCP","Local PPO","DEVOTED HEALTH INSURANCE COMPANY OF ARKANSAS INC","Devoted Health","Devoted Health, Inc.","01/01/2025","Yes","*","4588","4588"
"H7435","Local CCP","HMO/HMOPOS","MERIDIAN HEALTH PLAN OF MICHIGAN, INC.","Wellcare","Centene Corporation","01/01/2026","Yes","*","6622","6622"
"H7464","Local CCP","HMO/HMOPOS","UNITEDHEALTHCARE OF THE MID-ATLANTIC, INC.","UnitedHealthcare","UnitedHealth Group, Inc.","01/01/2018","Yes","*","16986","16986"
"H7469","National PACE","National PACE","PACE PARTNERS OF NORTHEAST FLORIDA, INC.","PACE Partners of Northeast Florida","Community Hospice of Northeast Florida, Inc.","02/01/2020","Yes","*","96","96"
"H7471","Local CCP","Local PPO","DEVOTED HEALTH INSURANCE COMPANY OF INDIANA","Devoted Health","Devoted Health, Inc.","01/01/2025","Yes","*","19650","19650"
"H7501","National PACE","National PACE","ORANGE COUNTY HEALTH AUTHORITY","CalOptima Health PACE","Orange County Health Authority","09/01/2013","Yes","*","276","276"
"H7511","Local CCP","HMO/HMOPOS","GOOD SAMARITAN INSURANCE PLAN OF NEBRASKA, INC.","Great Plains Medicare Advantage","Sanford Health","01/01/2018","Yes","*","633","633"
"H7512","Local CCP","Local PPO","CENTENE VENTURE COMPANY MICHIGAN","Ascension Complete","Centene Corporation","01/01/2022","Yes","*","*","*"
"H7518","Local CCP","Local PPO","WELLCARE OF MISSOURI HEALTH INSURANCE COMPANY, INC","Wellcare","Centene Corporation","01/01/2020","Yes","1461","1915","3376"
"H7522","Local CCP","Local PPO","MMM HEALTHCARE, LLC","Medicare y Mucho Mas (MMM)","Elevance Health, Inc.","01/01/2016","Yes","*","*","*"
"H7524","Local CCP","HMO/HMOPOS","EXCELLUS HEALTH PLAN COMMUNITY CARE LLC","Excellus Health Plan Community Care LLC","Lifetime Healthcare, Inc.","01/01/2023","Yes","*","2122","2122"
"H7557","Local CCP","HMO/HMOPOS","LONGEVITY HEALTH PLAN OF MICHIGAN, INC.","Longevity Health Plan","Longevity Health Founders, LLC","01/01/2021","Yes","*","1367","1367"
"H7598","Local CCP","HMO/HMOPOS","GROUP HEALTH COOPERATIVE OF EAU CLAIRE","Group Health Cooperative of Eau Claire","Group Health Cooperative of Eau Claire","01/01/2021","Yes","*","1341","1341"
"H7605","Local CCP","HMO/HMOPOS","DEVOTED HEALTH PLAN OF TENNESSEE INC","Devoted Health","Devoted Health, Inc.","01/01/2023","Yes","*","2354","2354"
"H7607","Local CCP","HMO/HMOPOS","CLEVER CARE OF GOLDEN STATE, INC.","Clever Care Health Plan","Clever Care Health Plan, Inc.","01/01/2021","Yes","*","51188","51188"
"H7617","Local CCP","Local PPO","EMPHESYS INSURANCE COMPANY","Humana","Humana Inc.","01/01/2020","Yes","231428","951139","1182567"
"H7619","National PACE","National PACE","ATLANTICARE HEALTH SERVICES, INC.","AtlantiCare LIFE Connection","AtlantiCare Health Services, Inc.","10/01/2017","Yes","*","157","157"
"H7620","Local CCP","HMO/HMOPOS","SANTA BARBARA SAN LUIS OBISPO REGIONAL HEALTH AUTHORITY DBA CENCAL HEALTH","CenCal CareConnect","SANTA BARBARA SAN LUIS OBISPO REGIONAL HEALTH AUTH","01/01/2026","Yes","*","508","508"
"H7635","Local CCP","HMO/HMOPOS","NEIGHBORHOOD HEALTH PLAN OF RHODE ISLAND","Neighborhood Health Plan of Rhode Island","NEIGHBORHOOD HEALTH PLAN OF RHODE ISLAND","01/01/2026","Yes","*","11065","11065"
"H7656","National PACE","National PACE","VALLEY PACE, LLC","BoldAge PACE","Valley PACE, LLC","07/01/2024","Yes","*","97","97"
"H7660","National PACE","National PACE","VIECARE BEAVER, LLC","LIFE Beaver and Lawrence Counties","Lutheran SeniorLife","11/01/2008","Yes","*","384","384"
"H7670","Local CCP","HMO/HMOPOS","CENTRAL MASS HEALTH, LLC","Mass Advantage","Central Mass Health Holding LLC","01/01/2022","Yes","*","2853","2853"
"H7678","Local CCP","HMO/HMOPOS","MOLINA HEALTHCARE OF TEXAS, INC.","Molina Healthcare of Texas, Inc.","Molina Healthcare, Inc.","01/01/2008","Yes","*","2735","2735"
"H7680","Local CCP","HMO/HMOPOS","PROMINENCE HEALTHFIRST OF TEXAS","Prominence Health Plan","Universal Health Services, Inc.","01/01/2015","Yes","*","24266","24266"
"H7710","Local CCP","HMO/HMOPOS","HIGHMARK BCBSD, INC.","Highmark Blue Cross Blue Shield","Highmark Health","01/01/2025","Yes","*","4423","4423"
"H7725","National PACE","National PACE","VOANS SENIOR COMMUNITY CARE OF JEFFERSON COUNTY","Senior CommUnity Care of Jefferson County","Volunteers of America National Services","11/01/2024","Yes","*","39","39"
"H7766","Local CCP","Local PPO","DEVOTED HEALTH INSURANCE COMPANY OF LOUISIANA","Devoted Health","Devoted Health, Inc.","01/01/2026","Yes","*","1664","1664"
"H7777","National PACE","National PACE","TRIHEALTH G, LLC","PACE of Cincinnati","TriHealth, Inc.","08/01/2025","Yes","*","38","38"
"H7779","Local CCP","HMO/HMOPOS","AMERICAN HEALTH PLAN, INC.","American Health Advantage of Tennessee","Mitchell Family Office","01/01/2019","Yes","*","292","292"
"H7787","Local CCP","Local PPO","HEALTHSPRING LIFE & HEALTH INSURANCE COMPANY, INC.","HealthSpring","Health Care Service Corporation","01/01/2009","Yes","888","16929","17817"
"H7831","National PACE","National PACE","PRIME ACQUISITIONS, LLC","EverTrue PACE","Midwest Christian Villages, Inc.","05/01/2022","Yes","*","99","99"
"H7849","Local CCP","Local PPO","HEALTHSPRING LIFE & HEALTH INSURANCE COMPANY, INC.","HealthSpring","Health Care Service Corporation","01/01/2020","Yes","*","29161","29161"
"H7855","National PACE","National PACE","BRANDMAN CENTERS FOR SENIOR CARE, INC.","Brandman Centers for Senior Care","Los Angeles Jewish Home for the Aging","02/01/2013","Yes","*","352","352"
"H7917","Local CCP","Local PPO","BLUECROSS BLUESHIELD OF TENNESSEE, INC.","BlueCross BlueShield of Tennessee","BlueCross BlueShield of Tennessee","01/01/2008","Yes","1956","186161","188117"
"H7980","Local CCP","Local PPO","BOSTON MEDICAL CENTER HEALTH PLAN, INC.","WellSense Health Plan","BMC Health System, Inc.","01/01/2025","Yes","*","887","887"
"H7993","Local CCP","HMO/HMOPOS","DEVOTED HEALTH PLAN OF TEXAS, INC.","Devoted Health","Devoted Health, Inc.","01/01/2020","Yes","590","52523","53113"
"H8003","Local CCP","Local PPO","BLUECROSS AND BLUESHIELD OF SOUTH CAROLINA","Blue Cross Blue Shield of South Carolina","BlueCross BlueShield of South Carolina (BCBSSC)","01/01/2018","Yes","658","48085","48743"
"H8010","Local CCP","HMO/HMOPOS","CLOVER HMO OF NEW JERSEY INC.","Clover Health","Clover Health Holdings, Inc.","01/01/2019","Yes","*","3804","3804"
"H8048","National PACE","National PACE","KINSHIP PACE OF INDIANA, LLC","Kinship PACE of Indiana, LLC","CitiPACE Holding Company, LLC","10/01/2025","Yes","*","30","30"
"H8051","Local CCP","HMO/HMOPOS","SAN FRANCISCO HEALTH AUTHORITY DBA SAN FRANCISCO HEALTH PLAN","San Francisco Health Plan","SAN FRANCISCO HEALTH AUTHORITY","01/01/2026","Yes","*","1105","1105"
"H8067","Local CCP","HMO/HMOPOS","PROVIDER PARTNERS HEALTH PLAN, INC.","Provider Partners Health Plans","Rifkin Managed Care Holding, LLC","01/01/2016","Yes","*","*","*"
"H8082","National PACE","National PACE","STOCKTON PACE","WelbeHealth","WelbeHealth LLC.","01/01/2019","Yes","*","1301","1301"
"H8093","Local CCP","HMO/HMOPOS","GEORGIA ASSURANCE, INC.","Georgia Health Advantage","Mitchell Family Office","01/01/2020","Yes","*","2011","2011"
"H8095","Local CCP","HMO/HMOPOS","WELLMARK ADVANTAGE HEALTH PLAN, INC.","Wellmark Advantage Health Plan","Blue Cross Blue Shield of Michigan Mutual Ins. Co.","01/01/2022","Yes","*","*","*"
"H8096","National PACE","National PACE","CENTRA HEALTH, INC.","Centra PACE","Centra Health, Inc.","02/01/2009","Yes","*","405","405"
"H8099","National PACE","National PACE","VOANS SENIOR COMMUNITY CARE OF NORTHERN KENTUCKY","Senior CommUnity Care of Northern Kentucky","Volunteers of America National Services","04/01/2024","Yes","*","65","65"
"H8121","Local CCP","Local PPO","CENTENE VENTURE COMPANY TENNESSEE","Ascension Complete","Centene Corporation","01/01/2022","Yes","*","*","*"
"H8133","Local CCP","HMO/HMOPOS","GHS INSURANCE COMPANY","Blue Cross and Blue Shield of Texas","Health Care Service Corporation","01/01/2015","Yes","*","2578","2578"
"H8142","Local CCP","HMO/HMOPOS","SCOTT AND WHITE HEALTH PLAN","Baylor Scott & White Health Plan","Baylor Scott & White Health","01/01/2018","Yes","3006","35534","38540"
"H8145","PFFS","PFFS","HUMANA INSURANCE COMPANY","Humana","Humana Inc.","01/01/2011","Yes","2419","26975","29394"
"H8166","Local CCP","Local PPO","HIGHMARK BCBSD INC.","Highmark Blue Cross Blue Shield","Highmark Health","01/01/2022","Yes","542","3484","4026"
"H8171","National PACE","National PACE","BEACON PACE ILLINOIS, LLC","BoldAge PACE","BoldAge PACE, LLC","10/01/2025","Yes","*","12","12"
"H8173","Local CCP","HMO/HMOPOS","DEVOTED HEALTH PLAN OF ARIZONA, INC.","Devoted Health","Devoted Health, Inc.","01/01/2021","Yes","368","11287","11655"
"H8176","Local CCP","HMO/HMOPOS","MOLINA HEALTHCARE OF SOUTH CAROLINA,INC","Molina Healthcare of South Carolina","Molina Healthcare, Inc.","01/01/2020","Yes","*","3156","3156"
"H8181","Local CCP","Local PPO","SAPPHIRE EDGE, INC.","Blue Cross and Blue Shield of Nebraska","Blue Cross Blue Shield of Nebraska","01/01/2020","Yes","*","21744","21744"
"H8189","Local CCP","HMO/HMOPOS","MANAGED HEALTH SERVICES INSURANCE CORP.","Wellcare","Centene Corporation","01/01/2008","Yes","*","12924","12924"
"H8211","Local CCP","Local PPO","CARE IMPROVEMENT PLUS SOUTH CENTRAL INSURANCE CO.","UnitedHealthcare","UnitedHealth Group, Inc.","01/01/2018","Yes","943","16240","17183"
"H8212","Local CCP","HMO/HMOPOS","AMERIHEALTH CARITAS NORTH CAROLINA, INC.","AmeriHealth Caritas VIP Care","Independence Health Group, Inc.","01/01/2026","Yes","*","*","*"
"H8261","National PACE","National PACE","PACIFICSOURCE PACE, LLC","PacificSource PACE","PacificSource","05/01/2026","Yes","*","*","*"
"H8298","Local CCP","HMO/HMOPOS","HORIZON HEALTHCARE OF NEW JERSEY, INC.","Horizon Blue Cross Blue Shield of New Jersey","Horizon Mutual Holdings, Inc","01/01/2017","Yes","*","27379","27379"
"H8320","Local CCP","Local PPO","Devoted of Illinois, Inc.","Devoted Health","Devoted Health, Inc.","01/01/2025","Yes","*","3639","3639"
"H8330","Local CCP","HMO/HMOPOS","TUFTS ASSOCIATED HEALTH MAINTENANCE ORGANIZATION","Tufts Health Plan","Point32Health, Inc.","01/01/2022","Yes","*","15538","15538"
"H8332","Local CCP","HMO/HMOPOS","AETNA HEALTH INC. (TX)","Aetna Medicare","CVS Health Corporation","01/01/2021","Yes","*","200","200"
"H8379","Local CCP","HMO/HMOPOS","PRIORITY HEALTH CHOICE, INC.","Priority Health Medicare","Corewell Health","01/01/2020","Yes","*","8630","8630"
"H8385","Local CCP","Local PPO","SANFORD HEALTH PLAN","Align powered by Sanford Health Plan","Sanford Health","01/01/2022","Yes","*","9058","9058"
"H8390","Local CCP","HMO/HMOPOS","CARESOURCE GEORGIA CO.","CareSource","CareSource","01/01/2021","Yes","*","946","946"
"H8421","National PACE","National PACE","ACUTECARE PACE FRANKLIN, LLC","BoldAge PACE","BoldAge PACE, LLC","05/01/2025","Yes","*","40","40"
"H8424","National PACE","National PACE","SIOUXLAND PACE, INC.","UnityPoint Health PACE Senior Care","Iowa Health System","08/01/2008","Yes","*","383","383"
"H8432","Local CCP","HMO/HMOPOS","ANTHEM HP, LLC.","Anthem Blue Cross and Blue Shield HP","Elevance Health, Inc.","01/01/2014","Yes","227","43554","43781"
"H8457","Local CCP","HMO/HMOPOS","LONGEVITY HEALTH PLAN OF NEW YORK, INC.","Longevity Health Plan","Longevity Health Founders, LLC","01/01/2019","Yes","*","706","706"
"H8481","Local CCP","Local PPO","HAWAII MEDICAL SERVICE ASSOCIATION (HMSA)","HMSA Akamai Advantage Dual Care","Hawaii Medical Service Association","01/01/2026","Yes","*","4383","4383"
"H8492","Local CCP","HMO/HMOPOS","DIGNITY CARE CORPORATION","American Health Advantage of Louisiana","Mitchell Family Office","01/01/2020","Yes","*","669","669"
"H8547","Local CCP","HMO/HMOPOS","ILLINOIS BLUE CROSS BLUE SHIELD INSURANCE COMPANY","Blue Cross and Blue Shield of Illinois","Health Care Service Corporation","01/01/2021","Yes","*","1553","1553"
"H8552","Local CCP","Local PPO","ANTHEM BLUE CROSS LIFE AND HEALTH INS COMPANY","Anthem Blue Cross Life and Health Insurance Company","Elevance Health, Inc.","01/01/2012","Yes","*","1062","1062"
"H8554","Local CCP","HMO/HMOPOS","GHS INSURANCE COMPANY","Blue Cross and Blue Shield of OK, TX","Health Care Service Corporation","01/01/2014","Yes","*","774","774"
"H8573","National PACE","National PACE","BEACON OF LIFE NORTH NJ, LLC","Beacon of Life North NJ, LLC","BoldAge PACE, LLC","07/01/2026","Yes","*","*","*"
"H8578","Local CCP","HMO/HMOPOS","HEALTH NEW ENGLAND, INC.","Health New England Medicare Advantage Plans","Baystate Health, Inc.","01/01/2009","Yes","252","9633","9885"
"H8597","Local CCP","HMO/HMOPOS","AETNA BETTER HEALTH OF TEXAS INC.","Aetna Medicare","CVS Health Corporation","01/01/2019","Yes","*","14264","14264"
"H8604","Local CCP","Local PPO","THP INSURANCE COMPANY","The Health Plan","The Health Plan of West Virginia, Inc.","01/01/2008","Yes","*","6935","6935"
"H8614","National PACE","National PACE","MILFORD WELLNESS VILLAGE PACE","PACE Your LIFE","Milford Wellness Village PACE, LLC","06/01/2022","Yes","*","70","70"
"H8634","Local CCP","Local PPO","HEALTH CARE SERVICE CORPORATION","Blue Cross and Blue Shield of IL, NM, OK, TX","Health Care Service Corporation","01/01/2014","Yes","161","27300","27461"
"H8649","Local CCP","HMO/HMOPOS","AETNA HEALTH OF UTAH INC.","Aetna Medicare","CVS Health Corporation","01/01/2008","Yes","*","1437","1439"
"H8655","National PACE","National PACE","INNOVAGE VIRGINIA PACE II, LLC","InnovAge Virginia PACE - Richmond and Peninsula","Total Community Options, Inc.","02/01/2008","Yes","*","596","596"
"H8711","Local CCP","Local PPO","WELLCARE HEALTH INSURANCE COMPANY OF NEW JERSEY","Wellcare","Centene Corporation","01/01/2021","Yes","*","*","*"
"H8764","Local CCP","HMO/HMOPOS","ASPIRE HEALTH PLAN","Aspire Health","Montage Health","01/01/2014","Yes","*","8361","8361"
"H8768","Local CCP","Local PPO","CARE IMPROVEMENT PLUS SOUTH CENTRAL INSURANCE CO.","UnitedHealthcare","UnitedHealth Group, Inc.","01/01/2018","Yes","27055","277945","305000"
"H8769","National PACE","National PACE","Center for Gerontology","Ascension Living PACE Michigan","Ascension Health Alliance","08/01/2015","Yes","*","271","271"
"H8777","National PACE","National PACE","COMPLETE SENIOR CARE, INC.","Complete Senior Care","Health Association of Niagara County, Incorp.","08/01/2011","Yes","*","165","165"
"H8794","Local CCP","HMO/HMOPOS","KAISER FOUNDATION HP, INC.","Kaiser Permanente","Kaiser Foundation Health Plan, Inc.","01/01/2024","Yes","*","143499","143499"
"H8797","Local CCP","HMO/HMOPOS","PERENNIAL ADVANTAGE OF OHIO, INC.","Perennial Advantage","Perennial Consortium, LLC","01/01/2021","Yes","*","1547","1547"
"H8800","National PACE","National PACE","TOTAL SENIOR CARE, INC.","Total Senior Care, Inc.","Community Care of Western New York, Inc.","10/01/2008","Yes","*","124","124"
"H8811","National PACE","National PACE","MYPLACE SOUTH LA PACE INC.","myPlace PACE","SCAN Group","07/01/2025","Yes","*","95","95"
"H8832","Local CCP","Local PPO","ALIGNMENT HEALTH ADVANTAGE PLAN INC","Alignment Health Plan","Alignment Healthcare USA, LLC","01/01/2025","Yes","*","4899","4899"
"H8845","Local CCP","HMO/HMOPOS","MOLINA HEALTHCARE OF ARIZONA, INC.","Molina Healthcare of Arizona","Molina Healthcare, Inc.","01/01/2020","Yes","*","1614","1614"
"H8849","Local CCP","HMO/HMOPOS","WELLPOINT INSURANCE COMPANY","Wellpoint","Elevance Health, Inc.","01/01/2021","Yes","*","55583","55583"
"H8854","Local CCP","HMO/HMOPOS","CAREFIRST ADVANTAGE DSNP, INC.","CareFirst BlueCross BlueShield Advantage DualPrime","CareFirst, Inc.","01/01/2016","Yes","*","8544","8544"
"H8879","Local CCP","HMO/HMOPOS","Healthy Mississippi, Inc.","Healthy Mississippi, Inc.","Singh Holdings LLC","01/01/2025","Yes","*","496","496"
"H8889","Local CCP","Local PPO","MEDICA HEALTH PLANS","Medica","Medica Holding Company","01/01/2019","Yes","3940","108322","112262"
"H8894","Local CCP","HMO/HMOPOS","Inland Empire Health Plan","IEHP DualChoice","INLAND EMPIRE HEALTH PLAN","01/01/2023","Yes","*","38371","38371"
"H8902","Local CCP","HMO/HMOPOS","SCAN HEALTH PLAN TEXAS, INC.","SCAN Health Plan","SCAN Group","01/01/2023","Yes","*","4120","4120"
"H8908","Local CCP","HMO/HMOPOS","HUMANA MEDICAL PLAN OF MICHIGAN, INC.","Humana","Humana Inc.","01/01/2013","Yes","*","22270","22270"
"H8917","Local CCP","Local PPO","DEVOTED HEALTH INSURANCE COMPANY OF WASHINGTON","Devoted Health","Devoted Health, Inc.","01/01/2025","Yes","*","4848","4848"
"H8928","Local CCP","HMO/HMOPOS","FALLON COMMUNITY HEALTH PLAN","Fallon Health","Fallon Community Health Plan, Inc.","01/01/2022","Yes","*","9967","9967"
"H8947","Local CCP","Local PPO","PEAK HEALTH INSURANCE CORPORATION","Peak Health","West Virginia United Health System, Inc.","01/01/2024","Yes","*","12572","12572"
"H8967","Local CCP","HMO/HMOPOS","SANFORD HEALTH PLAN","Great Plains Medicare Advantage","Sanford Health","01/01/2018","Yes","*","391","391"
"H8982","National PACE","National PACE","BROWARD PACE PROGRAM LLC","Broward PACE Program, LLC","SFH PACE Holdings LLC","06/01/2025","Yes","*","158","158"
"H8992","National PACE","National PACE","PACE KC, LLC","PACE KC","Swope Health Services","01/01/2024","Yes","*","33","33"
"H9001","Local CCP","HMO/HMOPOS","FALLON COMMUNITY HEALTH PLAN","Fallon Health","Fallon Community Health Plan, Inc.","04/01/1980","Yes","120","11671","11791"
"H9003","Local CCP","HMO/HMOPOS","KAISER FOUNDATION HP OF THE N W","Kaiser Permanente","Kaiser Foundation Health Plan, Inc.","04/01/1980","Yes","279","109511","109790"
"H9042","Local CCP","Local PPO","SOUTHEASTERN INDIANA HEALTH ORGANIZATION, INC.","MyTruAdvantage","SIHO Holding, Inc.","01/01/2021","Yes","184","8305","8489"
"H9047","Local CCP","HMO/HMOPOS","PROVIDENCE HEALTH ASSURANCE","Providence Medicare Advantage Plans","Providence St Joseph Health","12/01/1985","Yes","803","63530","64333"
"H9052","National PACE","National PACE","REGION VII AREA AGENCY ON AGING","Sunrise PACE","Region VII Area Agency on Aging, Inc.","11/01/2021","Yes","*","140","140"
"H9065","Local CCP","HMO/HMOPOS","AMH HEALTH, LLC","AMH Health","Elevance Health, Inc.","01/01/2020","Yes","*","15059","15059"
"H9066","Local CCP","HMO/HMOPOS","VISITING NURSE ASSOCIATION OF CENTRAL NEW YORK","Nascentia Health Plus","VISITING NURSE ASSOCIATION OF CENTRAL NEW YORK","01/01/2019","Yes","*","641","641"
"H9068","National PACE","National PACE","ALBRIGHT CARE SERVICES","ALBRIGHT CARE SERVICES","Asbury Communities, Inc.","01/01/2012","Yes","*","214","214"
"H9096","Local CCP","HMO/HMOPOS","DEAN HEALTH PLAN, INC.","Dean Advantage","Medica Holding Company","01/01/2016","Yes","692","10819","11511"
"H9147","Local CCP","HMO/HMOPOS","BLUE CROSS AND BLUE SHIELD OF NORTH CAROLINA","Blue Cross and Blue Shield of North Carolina","CuraCor Solutions Corp.","01/01/2021","Yes","*","3466","3466"
"H9153","Local CCP","HMO/HMOPOS","WEST VIRGINIA SENIOR ADVANTAGE, INC.","West Virginia Senior Advantage","SNP Holdings, LLC","01/01/2017","Yes","*","1629","1629"
"H9179","Local CCP","HMO/HMOPOS","TRINITY HEALTH PLAN OF MICHIGAN INC","Trinity Health Plan of Michigan","Trinity Health Corporation","01/01/2024","Yes","174","10780","10954"
"H9185","National PACE","National PACE","A&D CHARITABLE FOUNDATION, INC.","Great Lakes PACE","A&D Charitable Foundation, Inc.","05/01/2015","Yes","*","223","223"
"H9191","Local CCP","HMO/HMOPOS","PROVIDER PARTNERS HEALTH PLAN OF MISSOURI, INC.","Provider Partners Health Plans","Rifkin Managed Care Holding, LLC","01/01/2021","Yes","*","1355","1355"
"H9207","Local CCP","HMO/HMOPOS","HEALTH PARTNERS PLANS, INC.","Jefferson Health Plans","Thomas Jefferson University","01/01/2014","Yes","*","26008","26008"
"H9219","Local CCP","Local PPO","AMH HEALTH PLANS OF MAINE, INC.","AMH Health","Elevance Health, Inc.","01/01/2021","No","201","*","201"
"H9231","Local CCP","Local PPO","DEVOTED HEALTH INSURANCE COMPANY OF TENNESSEE INC","Devoted Health","Devoted Health, Inc.","01/01/2023","Yes","*","7823","7823"
"H9252","National PACE","National PACE","MOUNT SINAI ELDERCARE, INC.","Mount Sinai Eldercare","Mount Sinai Medical Center of Florida, Inc.","07/01/2023","Yes","*","139","139"
"H9266","National PACE","National PACE","PIEDMONT HEALTH SERVICES, INC.","Piedmont Health SeniorCare","PIEDMONT HEALTH SERVICES, INC.","10/01/2008","Yes","*","255","255"
"H9289","National PACE","National PACE","COMPLETE CARE PACE PROGRAM","Complete Care PACE Program","Center for Family Health and Education","07/01/2026","Yes","*","*","*"
"H9306","Local CCP","HMO/HMOPOS","ALTERWOOD ADVANTAGE, INC.","Alterwood Advantage","LifeBridge Health, Inc.","01/01/2022","Yes","164","13680","13844"
"H9314","Local CCP","HMO/HMOPOS","AETNA BETTER HEALTH OF MICHIGAN INC.","Aetna Medicare HIDE","CVS Health Corporation","01/01/2026","Yes","*","17566","17566"
"H9317","National PACE","National PACE","BEACON OF LIFE SC, LLC","BoldAge PACE","BoldAge PACE, LLC","09/01/2024","Yes","*","96","96"
"H9323","National PACE","National PACE","BEACON OF LIFE CENTRAL NJ, LLC","BoldAge PACE","BoldAge PACE, LLC","10/01/2015","Yes","*","417","417"
"H9326","Local CCP","Local PPO","WYOBLUE ADVANTAGE INC","WyoBlue Advantage","Blue Cross Blue Shield of Michigan Mutual Ins. Co.","01/01/2026","Yes","633","5957","6590"
"H9360","National PACE","National PACE","CHINATOWN SERVICE CENTER","www.cscpace.org","CHINATOWN SERVICE CENTER","01/01/2025","Yes","*","92","92"
"H9364","Local CCP","HMO/HMOPOS","WELLCARE OF MAINE, INC.","Wellcare","Centene Corporation","01/01/2019","Yes","*","14929","14929"
"H9387","Local CCP","Local PPO","SUNFLOWER STATE HEALTH PLAN, INC.","Wellcare","Centene Corporation","01/01/2021","Yes","160","750","910"
"H9411","National PACE","National PACE","1818 WESTERN, LLC","HeritAge PACE","1818 WESTERN LLC","01/01/2025","Yes","*","58","58"
"H9412","Local CCP","Local PPO","GEISINGER QUALITY OPTIONS, INC.","Geisinger Gold","Risant Health, Inc.","01/01/2013","Yes","*","*","*"
"H9431","Local CCP","Local PPO","FIRST HEALTH LIFE & HEALTH INSURANCE COMPANY","Aetna Medicare","CVS Health Corporation","01/01/2019","Yes","*","686","686"
"H9438","National PACE","National PACE","BLUESTEM PACE, INC.","Bluestem PACE","Bluestem Communities, Inc.","08/01/2016","Yes","*","106","106"
"H9460","Local CCP","HMO/HMOPOS","HEALTHSPRING LIFE & HEALTH INSURANCE COMPANY, INC.","HealthSpring","Health Care Service Corporation","01/01/2016","Yes","*","1485","1485"
"H9468","National PACE","National PACE","ONE SENIOR CARE KENTUCKY, LLC","Mountain View PACE","One Senior Care, Inc.","06/01/2024","Yes","*","222","222"
"H9485","Local CCP","Local PPO","Mass General Brigham Health Plan, Inc.","Mass General Brigham Health Plan","Mass General Brigham Incorporated","01/01/2023","Yes","*","17915","17915"
"H9489","Local CCP","HMO/HMOPOS","VERMONT BLUE ADVANTAGE, INC.","Vermont Blue Advantage","Blue Cross Blue Shield of Michigan Mutual Ins. Co.","01/01/2021","Yes","*","*","*"
"H9525","Local CCP","HMO/HMOPOS","COMPCARE HEALTH SERVICES INSURANCE CORPORATION","Anthem Blue Cross and Blue Shield","Elevance Health, Inc.","01/01/2013","Yes","*","92954","92954"
"H9564","National PACE","National PACE","PACE4DC LLC","PACE4DC LLC","Element Care INC.","03/01/2023","Yes","*","42","42"
"H9572","Local CCP","Local PPO","BCBS OF MICHIGAN MUTUAL INSURANCE COMPANY","Blue Cross Blue Shield of Michigan","Blue Cross Blue Shield of Michigan Mutual Ins. Co.","01/01/2010","Yes","391803","165066","556869"
"H9590","Local CCP","HMO/HMOPOS","LONGEVITY HEALTH PLAN OF ILLINOIS, INC.","Longevity Health","Longevity Health Founders, LLC","01/01/2019","Yes","*","1003","1003"
"H9592","National PACE","National PACE","INNOVATIVE INTEGRATED HEALTH, INC.","Innovative Integrated Health Inc.","Innovative Integrated Health, Inc.","08/01/2014","Yes","*","1482","1482"
"H9615","Local CCP","Local PPO","MVP HEALTH PLAN, INC.","MVP HEALTH CARE","MVP Health Care, Inc.","01/01/2009","Yes","*","32118","32118"
"H9616","National PACE","National PACE","San Diego PACE, LLC","San Diego PACE","Centro de Salud de la Comunidad de San Ysidro","04/01/2015","Yes","*","2532","2532"
"H9623","Local CCP","HMO/HMOPOS","Ventura County Medi-Cal Managed Care Commission","Gold Coast Health Plan","Ventura County Medi-Cal Managed Care Commission","01/01/2026","Yes","*","681","681"
"H9630","Local CCP","HMO/HMOPOS","ARKANSAS HEALTH & WELLNESS HEALTH PLAN, INC.","Wellcare","Centene Corporation","01/01/2018","Yes","789","20250","21039"
"H9649","National PACE","National PACE","HOPEWEST","HopeWest PACE","Hopewest","09/01/2021","Yes","*","233","233"
"H9678","Local CCP","Local PPO","HEALTHFIRST INSURANCE COMPANY, INC.","Healthfirst Medicare Plan","Healthfirst, Inc.","01/01/2023","Yes","*","640","640"
"H9686","Local CCP","HMO/HMOPOS","ALIGNMENT HEALTH PLAN OF NEVADA, INC.","Alignment Health Plan","Alignment Healthcare USA, LLC","01/01/2021","Yes","*","6285","6285"
"H9690","Local CCP","HMO/HMOPOS","AMERICAN HEALTH PLAN OF INDIANA INC","American Health Advantage of Indiana","Mitchell Family Office","01/01/2024","Yes","*","491","491"
"H9699","Local CCP","HMO/HMOPOS","USABLE HMO, INC.","Arkansas Blue Medicare","USAble Mutual Insurance Company","01/01/2014","Yes","*","7922","7922"
"H9700","Local CCP","Local PPO","DEVOTED HEALTH PLAN OF NORTH CAROLINA INC","Devoted Health","Devoted Health, Inc.","01/01/2025","Yes","3041","17269","20310"
"H9706","Local CCP","HMO/HMOPOS","HCSC INSURANCE SERVICES COMPANY","Blue Cross and Blue Shield of Texas","Health Care Service Corporation","01/01/2020","Yes","*","6170","6170"
"H9725","Local CCP","HMO/HMOPOS","BRAVO HEALTH PENNSYLVANIA, INC.","HealthSpring","Health Care Service Corporation","01/01/2014","Yes","245","31962","32207"
"H9730","Local CCP","HMO/HMOPOS","WELLCARE HEALTH INSURANCE COMPANY OF KENTUCKY, INC","Wellcare","Centene Corporation","01/01/2013","Yes","*","36149","36149"
"H9771","Local CCP","HMO/HMOPOS","AETNA BETTER HEALTH PREMIER PLAN MMAI INC.","Aetna Medicare FIDE","CVS Health Corporation","01/01/2026","Yes","*","26719","26719"
"H9802","Local CCP","Local PPO","DEVOTED HEALTH INSURANCE COMPANY OF NEBRASKA","Devoted Health","Devoted Health, Inc.","01/01/2026","Yes","*","2528","2528"
"H9808","Local CCP","Local PPO","CARE N' CARE INSURANCE COMPANY OF NORTH CAROLINA","HealthTeam Advantage","Risant Health, Inc.","01/01/2016","Yes","34","18957","18991"
"H9811","Local CCP","HMO/HMOPOS","MAGNOLIA HEALTH PLAN, INC.","Wellcare","Centene Corporation","01/01/2017","Yes","*","*","*"
"H9826","Local CCP","HMO/HMOPOS","COMMUNITY HEALTH CHOICE TEXAS, INC.","Community Health Choice","Harris County Hospital District","01/01/2020","Yes","*","1091","1091"
"H9827","Local CCP","HMO/HMOPOS","MOUNT CARMEL HEALTH PLAN OF NEW YORK, INC.","Trinity Health Plan New York","Trinity Health Corporation","01/01/2022","Yes","54","2566","2620"
"H9830","National PACE","National PACE","INNOVAGE PENNSYLVANIA LIFE, LLC","InnovAge Pennsylvania LIFE","Total Community Options, Inc.","10/01/2010","Yes","*","475","475"
"H9834","Local CCP","HMO/HMOPOS","QUARTZ HEALTH PLAN MN CORPORATION","Quartz Medicare Advantage (HMO)","University of Wisconsin Hospitals and Clincs Autho","01/01/2013","Yes","109","2333","2442"
"H9842","National PACE","National PACE","SAINT JOSEPH PACE","Saint Joseph PACE","Trinity Health Corporation","08/01/2016","Yes","*","176","176"
"H9884","Local CCP","Local PPO","DEVOTED HEALTH INSURANCE COMPANY","Devoted Health","Devoted Health, Inc.","01/01/2022","Yes","100","4104","4204"
"H9888","Local CCP","Local PPO","DEVOTED HEALTH INSURANCE COMPANY OF ALABAMA INC","Devoted Health","Devoted Health, Inc.","01/01/2023","Yes","1154","14813","15967"
"H9904","Local CCP","Local PPO","CENTRAL MASS HEALTH, LLC","Mass Advantage","Central Mass Health Holding LLC","01/01/2022","Yes","*","4778","4778"
"H9907","Local CCP","Local PPO","TUFTS ASSOCIATED HEALTH MAINTENANCE ORGANIZATION","Tufts Health Plan","Point32Health, Inc.","01/01/2023","Yes","*","2010","2010"
"H9909","Local CCP","HMO/HMOPOS","AMERICAN HEALTH PLAN OF MS, INC.","American Health Advantage of MS","Mitchell Family Office","01/01/2020","Yes","*","731","731"
"H9916","Local CCP","HMO/HMOPOS","WELLCARE HEALTH INSURANCE OF ARIZONA, INC.","Wellcare","Centene Corporation","01/01/2026","Yes","*","2056","2056"
"H9917","Local CCP","HMO/HMOPOS","ALIGN SENIOR CARE FLORIDA, INC.","Align Senior Care","Curana Health Holdings, LLC","01/01/2021","Yes","*","431","431"
"H9942","Local CCP","Local PPO","LONGEVITY HEALTH PLAN OF NEW JERSEY INSURANCE COMP","Longevity Health Plan","Longevity Health Founders, LLC","01/01/2020","Yes","*","1146","1146"
"H9955","Local CCP","HMO/HMOPOS","MOLINA HEALTHCARE OF OHIO, INC.","Molina Healthcare of Ohio","Molina Healthcare, Inc.","01/01/2021","Yes","*","14495","14495"
"H9968","Local CCP","HMO/HMOPOS","AMERICAN HEALTH PLAN OF PENNSYLVANIA INC","American Health Advantage of Pennsylvania","Mitchell Family Office","01/01/2025","Yes","*","498","498"
"H9977","Local CCP","HMO/HMOPOS","DEVOTED HEALTH PLAN OF NEW MEXICO, INC.","Devoted Health","Devoted Health, Inc.","01/01/2026","Yes","*","2124","2124"
"H9986","Local CCP","HMO/HMOPOS","HPMP OF FLORIDA, INC.","Florida Complete Care","Independent Living Systems, LLC","01/01/2022","Yes","*","1276","1276"
"H9998","National PACE","National PACE","LUBBOCK REGIONAL MENTAL HEALTH MENTAL RETARDATION","Silver Star","Lubbock Regional Mental Health","05/01/2010","Yes","*","150","150"
"R0110","Regional CCP","Regional PPO","HUMANA INSURANCE COMPANY","Humana","Humana Inc.","01/01/2018","Yes","13926","25375","39301"
"R0759","Regional CCP","Regional PPO","CARE IMPROVEMENT PLUS SOUTH CENTRAL INSURANCE CO.","UnitedHealthcare","UnitedHealth Group, Inc.","01/01/2020","Yes","1846","18499","20345"
"R1532","Regional CCP","Regional PPO","HUMANA INSURANCE COMPANY","Humana","Humana Inc.","01/01/2018","Yes","2542","1229","3771"
"R2604","Regional CCP","Regional PPO","CARE IMPROVEMENT PLUS SOUTH CENTRAL INSURANCE CO.","UnitedHealthcare","UnitedHealth Group, Inc.","01/01/2020","Yes","1557","4019","5576"
"R3175","Regional CCP","Regional PPO","UNITEDHEALTHCARE INSURANCE COMPANY","UnitedHealthcare","UnitedHealth Group, Inc.","01/01/2006","No","*","*","*"
"R3444","Regional CCP","Regional PPO","CARE IMPROVEMENT PLUS SOUTH CENTRAL INSURANCE CO.","UnitedHealthcare","UnitedHealth Group, Inc.","01/01/2007","Yes","*","4960","4960"
"R4182","Regional CCP","Regional PPO","HUMANA INSURANCE COMPANY","Humana","Humana Inc.","01/01/2018","Yes","2426","9897","12323"
"R5342","Regional CCP","Regional PPO","CARE IMPROVEMENT PLUS SOUTH CENTRAL INSURANCE CO.","UnitedHealthcare","UnitedHealth Group, Inc.","01/01/2006","No","*","*","*"
"R5361","Regional CCP","Regional PPO","HUMANA INSURANCE COMPANY","Humana","Humana Inc.","01/01/2018","Yes","3172","2328","5500"
"R5826","Regional CCP","Regional PPO","HUMANA INSURANCE COMPANY","Humana","Humana Inc.","01/01/2006","Yes","384","4224","4608"
"R5941","Regional CCP","Regional PPO","ANTHEM INSURANCE COMPANIES, INC.","Anthem Blue Cross and Blue Shield","Elevance Health, Inc.","01/01/2006","Yes","1004","12489","13493"
"R6694","Regional CCP","Regional PPO","AETNA LIFE INSURANCE COMPANY","Aetna Medicare","CVS Health Corporation","01/01/2016","Yes","*","923","923"
"R6801","Regional CCP","Regional PPO","CARE IMPROVEMENT PLUS SOUTH CENTRAL INSURANCE CO.","UnitedHealthcare","UnitedHealth Group, Inc.","01/01/2007","Yes","*","38855","38855"
"R7220","Regional CCP","Regional PPO","HUMANA INSURANCE COMPANY","Humana","Humana Inc.","01/01/2018","Yes","677","2313","2990"
"R7444","Regional CCP","Regional PPO","CARE IMPROVEMENT PLUS SOUTH CENTRAL INSURANCE CO.","UnitedHealthcare","UnitedHealth Group, Inc.","01/01/2009","Yes","*","*","*"
"S0262","PDP","Medicare Prescription Drug Plan","KAISER PERMANENTE INSURANCE COMPANY","Kaiser Permanente","Kaiser Foundation Health Plan, Inc.","01/01/2025","Yes","*","40233","40233"
"S0375","PDP","Medicare Prescription Drug Plan","CAREFIRST ADVANTAGE PPO, INC","CareFirst BlueCross BlueShield Group Prescription Drug Plan","CareFirst, Inc.","01/01/2025","Yes","*","556","556"
"S0586","PDP","Medicare Prescription Drug Plan","MVP HEALTH PLAN, INC.","MVP Health Care","MVP Health Care, Inc.","01/01/2011","Yes","*","236","236"
"S1030","PDP","Medicare Prescription Drug Plan","BCBS OF ALABAMA & UTIC INSURANCE COMPANY","BlueRx (PDP)","BlueCross BlueShield of Alabama","01/01/2007","Yes","*","30974","30974"
"S1140","PDP","Medicare Prescription Drug Plan","Highmark Western and Northeastern New York Inc.","Highmark Blue Cross Blue Shield or Highmark Blue Shield","Highmark Health","01/01/2013","Yes","*","3169","3169"
"S1822","PDP","Medicare Prescription Drug Plan","HEALTHPARTNERS, INC.","HealthPartners","HealthPartners, Inc.","01/01/2009","Yes","*","2723","2723"
"S2135","PDP","Medicare Prescription Drug Plan","BLUE CROSS BLUE SHIELD ASSOCIATION","Blue Cross Blue Shield Association","BlueCross BlueShield Association, Federal Employee","01/01/2024","Yes","*","890783","890783"
"S2468","PDP","Medicare Prescription Drug Plan","CALIFORNIA PHYSICIANS' SERVICE","Blue Shield of California","California Physicians' Service","01/01/2006","Yes","*","44439","44439"
"S2893","PDP","Medicare Prescription Drug Plan","ANTHEM INSURANCE CO. & BCBSMA & BCBSRI & BCBSVT","Blue MedicareRx","Elevance Health, Inc. & BCBSMA & BCBSRI & BCBSVT","01/01/2006","Yes","*","257433","257433"
"S3285","PDP","Medicare Prescription Drug Plan","MG INSURANCE COMPANY","MG Insurance Company","MedImpact Holdings, Inc.","01/01/2019","Yes","*","29820","29820"
"S3389","PDP","Medicare Prescription Drug Plan","UPMC HEALTH BENEFITS, INC.","UPMC Health Plan","UPMC Health System","01/01/2006","Yes","*","2162","2162"
"S3521","PDP","Medicare Prescription Drug Plan","EXCELLUS HEALTH PLAN, INC.","Excellus Health Plan, Inc","Lifetime Healthcare, Inc.","01/01/2006","Yes","*","5032","5032"
"S3875","PDP","Medicare Prescription Drug Plan","GRANITE ALLIANCE INSURANCE COMPANY","Granite Alliance","Prime Therapeutics, LLC.","01/01/2014","Yes","*","*","*"
"S3994","PDP","Medicare Prescription Drug Plan","HAWAII MEDICAL SERVICE ASSOCIATION (HMSA)","HMSAs Medicare Rx Plan","Hawaii Medical Service Association","01/01/2007","Yes","*","1487","1487"
"S4501","PDP","Medicare Prescription Drug Plan","INDEPENDENT HEALTH BENEFITS CORPORATION","Pharmacy Benefit Dimensions PDP","Independent Health Association, Inc.","01/01/2015","Yes","*","7271","7271"
"S4802","PDP","Medicare Prescription Drug Plan","WELLCARE PRESCRIPTION INSURANCE, INC.","Wellcare","Centene Corporation","01/01/2006","Yes","*","8850789","8850789"
"S4983","PDP","Medicare Prescription Drug Plan","KAISER FOUNDATION HEALTH PLAN OF WASHINGTON OPTIONS INC","Kaiser Permanente","Kaiser Foundation Health Plan, Inc.","01/01/2025","Yes","*","6778","6778"
"S5540","PDP","Medicare Prescription Drug Plan","BLUE CROSS AND BLUE SHIELD OF NORTH CAROLINA","Blue Cross and Blue Shield of North Carolina","CuraCor Solutions Corp.","01/01/2006","Yes","*","30495","30495"
"S5584","PDP","Medicare Prescription Drug Plan","BCBS OF MICHIGAN MUTUAL INSURANCE COMPANY","Blue Cross Blue Shield of Michigan","Blue Cross Blue Shield of Michigan Mutual Ins. Co.","01/01/2006","Yes","*","24628","24628"
"S5593","PDP","Medicare Prescription Drug Plan","HM HEALTH INSURANCE COMPANY","Highmark Blue Shield","Highmark Health","01/01/2006","Yes","*","17576","17576"
"S5596","PDP","Medicare Prescription Drug Plan","ANTHEM INSURANCE COMPANIES, INC.","Anthem Insurance Companies, Inc.","Elevance Health, Inc.","01/01/2006","Yes","*","59640","59640"
"S5601","PDP","Medicare Prescription Drug Plan","SILVERSCRIPT INSURANCE COMPANY","Aetna Medicare","CVS Health Corporation","01/01/2006","Yes","*","3876325","3876325"
"S5609","PDP","Medicare Prescription Drug Plan","ASURIS NORTHWEST HEALTH","Asuris Northwest Health","Cambia Health Solutions, Inc.","01/01/2006","Yes","*","271","271"
"S5617","PDP","Medicare Prescription Drug Plan","MEDCO CONTAINMENT LIFE AND MEDCO CONTAINMENT NY","HealthSpring","Health Care Service Corporation","01/01/2006","Yes","*","1588704","1588704"
"S5660","PDP","Medicare Prescription Drug Plan","MEDCO CONTAINMENT LIFE AND MEDCO CONTAINMENT NY","Express Scripts Medicare","Health Care Service Corporation","01/01/2006","Yes","*","973484","973484"
"S5715","PDP","Medicare Prescription Drug Plan","MEDCO CONTAINMENT LIFE & MEDCO CONTAINMENT NY & HEALTH CARE SERVICE CORPORATION","Blue Cross and Blue Shield of IL, NM, OK, TX","Health Care Service Corporation","01/01/2006","Yes","*","198554","198554"
"S5726","PDP","Medicare Prescription Drug Plan","BLUE CROSS AND BLUE SHIELD OF KANSAS","Blue Cross and Blue Shield of Kansas","Blue Cross Blue Shield of Kansas","01/01/2006","Yes","*","149727","149727"
"S5743","PDP","Medicare Prescription Drug Plan","WELLMARK  IA & SD, & BCBS MN, MT, NE, ND,& WY","MedicareBlue Rx","BCBS MN, MT, NE, ND, WY, Wellmark IA and SD","01/01/2006","Yes","*","123615","123615"
"S5795","PDP","Medicare Prescription Drug Plan","USABLE MUTUAL INSURANCE COMPANY","Arkansas Blue Medicare","USAble Mutual Insurance Company","01/01/2006","Yes","*","19417","19417"
"S5805","PDP","Medicare Prescription Drug Plan","UNITEDHEALTHCARE INSURANCE COMPANY OF NEW YORK","UnitedHealthcare","UnitedHealth Group, Inc.","01/01/2006","Yes","*","942","942"
"S5820","PDP","Medicare Prescription Drug Plan","UNITEDHEALTHCARE INS. CO. & UHC INS. CO. OF NY","UnitedHealthcare","UnitedHealth Group, Inc.","01/01/2006","Yes","*","357890","357890"
"S5857","PDP","Medicare Prescription Drug Plan","PRIORITY HEALTH INSURANCE COMPANY","Priority Health Medicare","Corewell Health","01/01/2006","Yes","*","16","16"
"S5877","PDP","Medicare Prescription Drug Plan","EDUCATORS MUTUAL INSURANCE ASSOCIATION","EMI Health","Educators Mutual Insurance Association","01/01/2006","Yes","*","1099","1099"
"S5884","PDP","Medicare Prescription Drug Plan","Humana Insurance Co. & Humana Insurance Co. of NY","Humana","Humana Inc.","01/01/2006","Yes","*","3821277","3821277"
"S5904","PDP","Medicare Prescription Drug Plan","BLUE CROSS AND BLUE SHIELD OF FLORIDA, INC.","Florida Blue","Guidewell Mutual Holding Corporation","01/01/2006","Yes","*","47150","47150"
"S5916","PDP","Medicare Prescription Drug Plan","REGENCE BLUESHIELD OF IDAHO AND REGENCE BC BS UTAH","Regence BlueShield of Idaho and Regence BC BS Utah","Cambia Health Solutions, Inc.","01/01/2006","Yes","*","1107","1107"
"S5921","PDP","Medicare Prescription Drug Plan","UNITEDHEALTHCARE INS. CO. & UHC INS. CO. OF NY","UnitedHealthcare","UnitedHealth Group, Inc.","01/01/2006","Yes","*","2355974","2355974"
"S5953","PDP","Medicare Prescription Drug Plan","BLUECROSS AND BLUESHIELD OF SOUTH CAROLINA","Blue Cross Blue Shield of South Carolina","BlueCross BlueShield of South Carolina (BCBSSC)","01/01/2006","Yes","*","14496","14496"
"S5960","PDP","Medicare Prescription Drug Plan","WELLPOINT LIFE AND HEALTH INSURANCE COMPANY","Wellpoint","Elevance Health, Inc.","01/01/2006","Yes","*","14011","14011"
"S5966","PDP","Medicare Prescription Drug Plan","EMBLEMHEALTH PLAN, INC","EmblemHealth","EmblemHealth, Inc.","01/01/2006","Yes","*","104409","104409"
"S5975","PDP","Medicare Prescription Drug Plan","MODA HEALTH PLAN, INC.","Moda Health Plan, Inc.","Moda Partners, Inc.","01/01/2006","Yes","*","57736","57736"
"S5993","PDP","Medicare Prescription Drug Plan","HORIZON INSURANCE COMPANY","Horizon Blue Cross Blue Shield of New Jersey","Horizon Mutual Holdings, Inc","01/01/2006","Yes","*","36275","36275"
"S6875","PDP","Medicare Prescription Drug Plan","QCC INSURANCE COMPANY","Independence Blue Cross","Independence Health Group, Inc.","01/01/2006","Yes","*","6049","6049"
"S6939","PDP","Medicare Prescription Drug Plan","MASS GENERAL BRIGHAM HEALTH PLAN, INC","Mass General Brigham Health Plan","Mass General Brigham Incorporated","01/01/2026","Yes","*","*","*"
"S8067","PDP","Medicare Prescription Drug Plan","Avalon Insurance Company","Avalon Insurance Company","CAPITAL BLUE CROSS","01/01/2006","Yes","*","1332","1332"
"S8841","PDP","Medicare Prescription Drug Plan","OPTUM INSURANCE OF OHIO, INC.","Optum Insurance of Ohio, Inc.","UnitedHealth Group, Inc.","01/01/2007","Yes","*","1025990","1025990"
"S9701","PDP","Medicare Prescription Drug Plan","DEAN HEALTH INSURANCE, INC.","Navitus MedicareRx","Medica Holding Company","01/01/2015","Yes","*","101553","101553"
