"PROVIDER_ID","report_indicator","cnt_grp","Total_measure_group_cnt","Outcomes_Safety_cnt","Safe_q","star_precap","star_postcap","summary_score_17g","safety_score_17g"
"010001",1,"3) # of groups=5",5,7,4,4,4,"0.20491675313486091","0.57438992927308596"
"010005",1,"3) # of groups=5",5,7,2,3,3,"-0.10611790202742891","-0.179979142670502"
"010006",1,"3) # of groups=5",5,8,4,2,2,"-0.49768633082310365","0.604103727113532"
"010007",1,"2) # of groups=4",4,2,1,1,1,"-1.4029927984646313","-0.54216515037472401"
"010008",0,"",3,0,NA,NA,NA,"0.13109980907375654","NA"
"010011",1,"3) # of groups=5",5,7,1,3,3,"-0.2207135378423038","-0.44406984164780799"
"010012",1,"3) # of groups=5",5,4,1,2,2,"-0.65350240872745569","-1.40191060256431"
"010016",1,"3) # of groups=5",5,7,1,2,2,"-0.58978846801403284","-0.74987148437757201"
"010018",0,"",2,1,2,NA,NA,"0.57354349566846108","0.073394980931914405"
"010019",1,"3) # of groups=5",5,7,3,2,2,"-0.46525796679227588","0.15053640573326499"
"010021",0,"",3,2,1,NA,NA,"0.080433532607578101","-0.59234308582697004"
"010022",0,"",1,1,4,NA,NA,"0.57418317549111486","1.1592742223455501"
"010023",1,"3) # of groups=5",5,7,1,2,2,"-0.35778680412305469","-1.4294809519160201"
"010024",1,"3) # of groups=5",5,6,1,2,2,"-0.44049071725597","-1.20564820899226"
"010029",1,"3) # of groups=5",5,8,2,3,3,"-0.15522748060309882","-0.29022017093096703"
"010033",1,"3) # of groups=5",5,8,2,2,2,"-0.28122207171490199","-0.27232908880020401"
"010034",0,"",2,0,NA,NA,NA,"0.27916985600508221","NA"
"010035",1,"3) # of groups=5",5,7,2,2,2,"-0.38979679214032315","-0.16543627831466501"
"010036",1,"3) # of groups=5",5,3,4,2,2,"-0.35698167797236735","0.66242543312594504"
"010039",1,"3) # of groups=5",5,8,1,3,3,"-0.22976850486638073","-0.59695649766661296"
"010040",1,"3) # of groups=5",5,8,1,2,2,"-0.68928328541732853","-0.50751310824546503"
"010044",1,"1) # of groups=3",3,0,NA,3,3,"0.084562171628787389","NA"
"010045",1,"2) # of groups=4",4,1,1,4,4,"0.32175807251029448","-1.4519272925807101"
"010046",1,"3) # of groups=5",5,6,4,3,3,"-0.17623535494877135","0.84905764757356705"
"010049",1,"3) # of groups=5",5,3,4,4,4,"0.15078714209248156","1.00534418500666"
"010051",0,"",1,0,NA,NA,NA,"0.83274085536568998","NA"
"010052",0,"",2,0,NA,NA,NA,"0.29158501878406146","NA"
"010055",1,"3) # of groups=5",5,8,4,2,2,"-0.46133351330221983","1.1015410054325401"
"010056",1,"3) # of groups=5",5,7,2,3,3,"-0.2541608449880508","-0.10558229596636701"
"010058",0,"",2,0,NA,NA,NA,"0.21887177673789379","NA"
"010059",0,"",1,0,NA,NA,NA,"0.4262245132698268","NA"
"010061",1,"2) # of groups=4",4,2,4,3,3,"-0.1280121288514873","0.58548406583354395"
"010062",0,"",2,2,4,NA,NA,"-0.30051926339949842","0.64718513744392503"
"010065",1,"3) # of groups=5",5,4,3,3,3,"-0.0089722856185146319","0.30851721511833302"
"010073",0,"",3,1,1,NA,NA,"-0.21102707700088374","-1.1606264512757001"
"010078",1,"3) # of groups=5",5,7,2,1,1,"-0.97047293711478599","0.048885019339423297"
"010079",1,"3) # of groups=5",5,6,3,2,2,"-0.37473294088946058","0.43493295197982601"
"010083",1,"3) # of groups=5",5,7,4,4,4,"0.32309279947302899","0.60989365114037897"
"010085",1,"3) # of groups=5",5,7,2,3,3,"-0.14198269942289068","0.0056679818622339196"
"010086",1,"2) # of groups=4",4,1,3,4,4,"0.50933010070997631","0.25849819576305599"
"010087",1,"3) # of groups=5",5,6,1,2,2,"-0.50020474947952243","-0.98923389380528104"
"010089",1,"3) # of groups=5",5,6,4,3,3,"-0.24997057563817099","0.62415065001876702"
"010090",1,"3) # of groups=5",5,7,3,3,3,"-0.12599910291774299","0.20948735685530401"
"010091",0,"",2,0,NA,NA,NA,"-0.15624137112404829","NA"
"010092",1,"3) # of groups=5",5,7,2,2,2,"-0.67397649621327671","-0.283596080754768"
"010095",0,"",1,0,NA,NA,NA,"-0.30609224040742661","NA"
"010097",0,"",2,0,NA,NA,NA,"-0.63179939519764672","NA"
"010099",1,"2) # of groups=4",4,2,1,1,1,"-0.83882021739647783","-0.48604953655028199"
"010100",1,"3) # of groups=5",5,7,1,2,2,"-0.32073797574080598","-0.707026153799169"
"010101",1,"2) # of groups=4",4,2,1,1,1,"-1.0303307070154197","-3.1702142232799999"
"010102",0,"",1,0,NA,NA,NA,"-0.65676862040723105","NA"
"010103",1,"3) # of groups=5",5,7,2,3,3,"-0.082046790458743871","0.062752911861408397"
"010104",1,"3) # of groups=5",5,8,3,3,3,"-0.12901972511756715","0.45483142887939398"
"010108",1,"3) # of groups=5",5,3,1,3,3,"-0.18218853391145884","-0.98895428154490495"
"010110",0,"",0,0,NA,NA,NA,"1.48376739224647","NA"
"010112",1,"2) # of groups=4",4,2,1,2,2,"-0.6206378472971571","-1.42975768187162"
"010113",1,"3) # of groups=5",5,8,1,2,2,"-0.47166288153544444","-0.82818319447817701"
"010114",1,"3) # of groups=5",5,6,1,3,3,"-0.093153685002225373","-0.45763755253617999"
"010118",1,"3) # of groups=5",5,3,4,2,2,"-0.35570096238957505","0.741235308586773"
"010120",1,"2) # of groups=4",4,2,2,1,1,"-1.0207525121943628","-0.235447710716891"
"010125",1,"2) # of groups=4",4,0,NA,3,3,"0.23981897016333997","NA"
"010126",1,"2) # of groups=4",4,2,4,4,4,"0.36970179481884846","0.64718513744392503"
"010128",0,"",1,0,NA,NA,NA,"-0.36583883693217123","NA"
"010129",1,"2) # of groups=4",4,2,2,3,3,"-0.10632603461246889","-0.042749417102011598"
"010130",1,"2) # of groups=4",4,1,3,3,3,"0.02400560234430342","0.32019926737343701"
"010131",1,"3) # of groups=5",5,8,3,3,3,"-0.15067032301528457","0.33641736566602498"
"010138",0,"",1,0,NA,NA,NA,"-1.7099191855418401","NA"
"010139",1,"3) # of groups=5",5,7,3,3,3,"-0.041294367610662304","0.496648070788899"
"010144",1,"3) # of groups=5",5,8,3,3,3,"-0.27350197836415602","0.52122155388213098"
"010148",1,"2) # of groups=4",4,0,NA,3,3,"-0.071252380128862897","NA"
"010149",1,"3) # of groups=5",5,7,1,4,4,"0.065733891682371579","-0.32933081010140602"
"01014F",1,"3) # of groups=5",5,4,2,4,4,"0.20040818154121404","0.059523815873522901"
"010150",0,"",1,2,4,NA,NA,"-0.14619435686014309","0.67803567324911496"
"010157",0,"",2,2,3,NA,NA,"0.03941870802883482","0.154399005817378"
"010158",1,"3) # of groups=5",5,3,3,4,4,"0.091646116483581605","0.264627529080248"
"010164",1,"3) # of groups=5",5,3,4,3,3,"-0.12990249334903151","0.61471861076051904"
"010168",1,"2) # of groups=4",4,3,3,4,4,"0.56994216978547629","0.45665392889072998"
"010169",1,"1) # of groups=3",3,2,4,3,3,"-0.11119195018192189","0.61633460163873499"
"010173",0,"",2,1,1,NA,NA,"-0.26308593608052849","-1.2223275228860799"
"01019F",1,"2) # of groups=4",4,0,NA,4,4,"0.60984016107381456","NA"
"01021F",0,"",0,0,NA,NA,NA,"0.30575234975860999","NA"
"011300",0,"",0,0,NA,NA,NA,"0.63667154898210399","NA"
"011302",0,"",1,0,NA,NA,NA,"0.55796485863118139","NA"
"011304",0,"",1,0,NA,NA,NA,"1.3637388073177801","NA"
"011305",0,"",2,0,NA,NA,NA,"-0.55348822891485661","NA"
"011306",0,"",2,0,NA,NA,NA,"-0.19660064050458487","NA"
"011307",0,"",1,0,NA,NA,NA,"-1.7517951021977001","NA"
"020001",1,"3) # of groups=5",5,8,1,3,3,"-0.16941805199514998","-0.53679453001764299"
"020006",1,"3) # of groups=5",5,7,3,3,3,"-0.15626854813280841","0.31978765613333399"
"020008",1,"2) # of groups=4",4,2,3,4,4,"0.43863292505708873","0.18442710036606999"
"020012",1,"3) # of groups=5",5,5,1,2,2,"-0.62777338392003634","-0.48364314278450798"
"020017",1,"3) # of groups=5",5,7,2,1,1,"-0.82258985684963304","0.0014975373398812501"
"020018",1,"2) # of groups=4",4,1,4,5,5,"0.77988967528812381","1.1592742223455501"
"020024",1,"3) # of groups=5",5,6,1,2,2,"-0.54498187411444243","-0.98398033715706301"
"020026",1,"3) # of groups=5",5,7,1,2,2,"-0.50543480481902414","-1.65597050710243"
"021301",0,"",1,0,NA,NA,NA,"0.16771025957918101","NA"
"021302",0,"",1,0,NA,NA,NA,"0.61638346022673696","NA"
"021304",0,"",1,0,NA,NA,NA,"0.56567029321926898","NA"
"021305",0,"",0,0,NA,NA,NA,"0.88866769255704647","NA"
"021306",0,"",2,0,NA,NA,NA,"0.83127819879409792","NA"
"021307",0,"",0,0,NA,NA,NA,"1.25643800222984","NA"
"021308",0,"",1,0,NA,NA,NA,"1.0795644415967103","NA"
"021309",0,"",0,0,NA,NA,NA,"0.7156351343344447","NA"
"021310",0,"",0,0,NA,NA,NA,"0.333868478831089","NA"
"021311",1,"2) # of groups=4",4,2,4,4,4,"0.34925103720405049","1.0187936291342601"
"021312",0,"",2,0,NA,NA,NA,"-0.92408851184274043","NA"
"021313",0,"",3,0,NA,NA,NA,"0.53232863391784913","NA"
"021314",1,"1) # of groups=3",3,0,NA,3,3,"0.0097090644299898388","NA"
"030002",1,"3) # of groups=5",5,7,2,3,3,"0.018517000380608384","-0.29044355146832102"
"030006",1,"3) # of groups=5",5,8,2,2,2,"-0.36157239137453623","-0.19540431548557199"
"030007",1,"3) # of groups=5",5,4,4,4,4,"0.2518833752065987","0.53038799747227505"
"030010",1,"3) # of groups=5",5,5,2,2,2,"-0.46268410486410311","-0.0059923664634275696"
"030011",1,"3) # of groups=5",5,7,4,3,3,"-0.20521649883997806","0.91479377506675197"
"030012",1,"3) # of groups=5",5,7,3,2,2,"-0.41702868354879208","0.25728939034362303"
"030013",1,"3) # of groups=5",5,8,2,2,2,"-0.53174503729179756","-0.054737022710768503"
"030014",1,"3) # of groups=5",5,8,1,3,3,"0.032158097734450622","-0.30308585833050999"
"030016",1,"3) # of groups=5",5,6,2,2,2,"-0.34624271541606877","-0.209722083382159"
"030022",1,"3) # of groups=5",5,6,2,1,1,"-0.75315859283522613","-0.233871101206021"
"030023",1,"3) # of groups=5",5,7,4,4,4,"0.11371797996599159","0.68485529513631804"
"030024",1,"3) # of groups=5",5,6,2,4,4,"0.1368932099324088","-0.098412238288601503"
"030030",1,"3) # of groups=5",5,6,4,2,2,"-0.47817804906485811","0.54028362873027402"
"030036",1,"3) # of groups=5",5,7,3,4,4,"0.15285221921971978","0.29388417734058497"
"030037",0,"",2,2,4,NA,NA,"-0.33683095500767157","0.77058728066468596"
"030038",1,"3) # of groups=5",5,7,2,3,3,"-0.077935803797922545","-0.27989336225393702"
"030043",1,"3) # of groups=5",5,5,4,2,2,"-0.34230459160518156","0.55521430308888597"
"030055",1,"3) # of groups=5",5,6,3,3,3,"0.006938143143785741","0.42441797813086402"
"030061",1,"3) # of groups=5",5,7,2,3,3,"-0.15987759674528806","-0.19504293280438501"
"030062",1,"3) # of groups=5",5,6,1,4,4,"0.20917637389925264","-0.369478940769777"
"030064",1,"3) # of groups=5",5,7,2,3,3,"-0.041372183124405923","0.055607716606126997"
"030065",1,"3) # of groups=5",5,7,2,2,2,"-0.45810820504187966","-0.079622822054385797"
"030069",1,"3) # of groups=5",5,5,4,3,3,"-0.22619279104069556","0.92806418010938296"
"030071",0,"",3,2,1,NA,NA,"-0.91907971015105772","-0.72531059546793997"
"030073",0,"",2,2,1,NA,NA,"0.31972068233040241","-1.04315961733632"
"030078",0,"",1,2,1,NA,NA,"0.82467379362054527","-0.370582174800971"
"030083",1,"3) # of groups=5",5,4,3,3,3,"0.0014089184127813251","0.15342684016108199"
"030084",0,"",2,2,2,NA,NA,"-0.36219199313420947","0.091875492950499404"
"030085",1,"3) # of groups=5",5,8,4,2,2,"-0.52230980501986002","0.60082824795370504"
"030087",1,"3) # of groups=5",5,8,2,3,3,"-0.13120835827304705","-0.26833563457816401"
"030088",1,"3) # of groups=5",5,7,2,2,2,"-0.47227832851903079","-0.058034101754409498"
"030089",1,"3) # of groups=5",5,7,2,4,4,"0.067158075368003139","0.130608117187823"
"030092",1,"3) # of groups=5",5,7,2,3,3,"-0.16979386525464449","-0.0363388677490524"
"030093",1,"3) # of groups=5",5,8,3,3,3,"-0.095835138641447423","0.36597229311088397"
"030094",1,"3) # of groups=5",5,7,4,2,2,"-0.41897501176443575","0.63161084388160205"
"030101",1,"3) # of groups=5",5,5,4,2,2,"-0.51087442711252662","0.86489909994718805"
"030103",1,"3) # of groups=5",5,8,2,5,5,"0.86001381706705649","-0.179233348275743"
"030105",1,"2) # of groups=4",4,4,2,2,2,"-0.31920934316136163","-0.20821292532885799"
"030107",0,"",2,2,4,NA,NA,"0.50873082987596152","0.76374170984224499"
"030108",0,"",2,2,4,NA,NA,"0.66325432749068403","0.61972190998438303"
"030110",1,"3) # of groups=5",5,6,3,2,2,"-0.57813335371774932","0.18954537798696999"
"030111",1,"3) # of groups=5",5,6,2,4,4,"0.094955787480093728","0.12094927223320399"
"030112",0,"",2,2,1,NA,NA,"-0.43483199631877201","-1.9628573031918"
"030113",0,"",2,0,NA,NA,NA,"0.24903308928876117","NA"
"030114",1,"3) # of groups=5",5,5,2,3,3,"-0.025742898891751742","-0.056029274532284998"
"030115",1,"3) # of groups=5",5,7,2,3,3,"0.049340595106555571","0.0567561394681904"
"030117",1,"2) # of groups=4",4,2,1,2,2,"-0.36701313163194427","-0.67530251135955"
"030119",1,"3) # of groups=5",5,8,2,5,5,"0.48903848487946339","-0.15459455781440401"
"030121",1,"3) # of groups=5",5,6,3,2,2,"-0.5529697684610746","0.32909274769117097"
"030122",1,"3) # of groups=5",5,7,2,3,3,"-0.0060292919973331735","-0.072990960671525107"
"030123",1,"3) # of groups=5",5,7,3,5,5,"0.60866962879776632","0.226125306034199"
"03012F",1,"3) # of groups=5",5,4,3,5,5,"0.68360519913325768","0.25183668241608897"
"030130",1,"3) # of groups=5",5,4,3,3,3,"-0.044922947391301489","0.39116782547887202"
"030134",1,"2) # of groups=4",4,0,NA,5,5,"0.88637524268294776","NA"
"030136",0,"",1,0,NA,NA,NA,"1.0365348407376258","NA"
"030138",1,"2) # of groups=4",4,3,4,4,4,"0.61535635520465115","0.53711766349526702"
"030139",1,"3) # of groups=5",5,3,2,5,5,"0.73127784381001071","-0.024177687972455002"
"03013F",1,"3) # of groups=5",5,4,3,5,5,"0.63210894290737218","0.25599062861128302"
"030146",1,"3) # of groups=5",5,6,2,4,4,"0.24920483302404173","-0.0178775602602027"
"030147",1,"2) # of groups=4",4,2,4,3,3,"0.030388788884828918","0.62056302833951604"
"030148",1,"3) # of groups=5",5,3,2,3,3,"-0.056623631482056125","0.017652039760921001"
"030152",0,"",1,0,NA,NA,NA,"-0.2664936970387739","NA"
"030153",0,"",0,0,NA,NA,NA,"1.09871785816408","NA"
"030154",0,"",1,0,NA,NA,NA,"-0.35308951264237393","NA"
"030155",0,"",0,0,NA,NA,NA,"-4.2031231045294399","NA"
"03033F",1,"2) # of groups=4",4,0,NA,5,5,"1.1314873329352289","NA"
"031300",0,"",1,0,NA,NA,NA,"0.60108322107253354","NA"
"031301",0,"",1,0,NA,NA,NA,"0.72439151758342701","NA"
"031302",0,"",0,0,NA,NA,NA,"0.12463208113425195","NA"
"031304",0,"",1,0,NA,NA,NA,"1.22355235450916","NA"
"031305",0,"",0,0,NA,NA,NA,"0.204581265476417","NA"
"031308",0,"",0,0,NA,NA,NA,"-0.77730491860118001","NA"
"031309",0,"",1,0,NA,NA,NA,"-1.6213901105732262","NA"
"031311",0,"",2,0,NA,NA,NA,"-0.46816482997580511","NA"
"031312",0,"",2,0,NA,NA,NA,"0.2392044932652922","NA"
"031313",0,"",2,0,NA,NA,NA,"1.0945947277231669","NA"
"031314",1,"2) # of groups=4",4,0,NA,2,2,"-0.27800751993402983","NA"
"031315",0,"",3,0,NA,NA,NA,"-0.081794580294281966","NA"
"031317",1,"1) # of groups=3",3,0,NA,2,2,"-1.0380301143061317","NA"
"031318",1,"2) # of groups=4",4,1,4,4,4,"0.31408307221912329","1.1592742223455501"
"031319",0,"",3,1,4,NA,NA,"0.49666392393556941","0.71367557942800797"
"031320",0,"",0,0,NA,NA,NA,"-0.27167751889596253","NA"
"040001",1,"3) # of groups=5",5,3,1,3,3,"-0.10834242031414712","-0.52329059154942803"
"040002",1,"2) # of groups=4",4,2,1,4,4,"0.24695851932260793","-0.45594277527893401"
"040004",1,"3) # of groups=5",5,8,3,4,4,"0.35397008991295309","0.44072664612037099"
"040007",1,"3) # of groups=5",5,6,3,3,3,"0.023336121061496993","0.51667714802995202"
"040010",1,"3) # of groups=5",5,7,3,5,5,"0.43531216745089579","0.363968559136706"
"040011",1,"2) # of groups=4",4,0,NA,4,4,"0.35646766875242597","NA"
"040014",1,"3) # of groups=5",5,8,2,2,2,"-0.48214215669528232","-0.15224043822405001"
"040016",1,"3) # of groups=5",5,7,1,2,2,"-0.33399880831847095","-0.35775995281808398"
"040017",1,"3) # of groups=5",5,3,3,2,2,"-0.53183294270650527","0.21667156189460099"
"040018",0,"",1,0,NA,NA,NA,"1.19980757560766","NA"
"040019",0,"",3,1,3,NA,NA,"-0.22394083762936029","0.13509605254229501"
"040020",1,"3) # of groups=5",5,6,1,1,1,"-1.1210863097601098","-2.2721181668105399"
"040022",1,"3) # of groups=5",5,7,2,3,3,"-0.071802020778778189","0.071222446411933302"
"040026",1,"3) # of groups=5",5,7,4,3,3,"-0.05642833886600284","0.62587053561237305"
"040027",1,"3) # of groups=5",5,7,2,2,2,"-0.63450182756769458","-0.22388922294493299"
"040029",1,"3) # of groups=5",5,7,1,2,2,"-0.34678625759414256","-1.06891142731028"
"040036",1,"3) # of groups=5",5,7,3,1,1,"-0.79638908250456331","0.29607971563170499"
"040039",1,"3) # of groups=5",5,3,1,2,2,"-0.56407944934675247","-0.92470197528590004"
"040041",1,"3) # of groups=5",5,4,4,4,4,"0.28437316367460247","1.0903335896985"
"040050",1,"2) # of groups=4",4,2,4,2,2,"-0.52982666127825806","0.73973674485949603"
"040051",1,"2) # of groups=4",4,2,3,2,2,"-0.41785240203904472","0.158718617139361"
"040055",1,"3) # of groups=5",5,6,1,2,2,"-0.4438497652188157","-0.66651282140176904"
"040062",1,"3) # of groups=5",5,7,4,3,3,"0.013653155297233112","0.574670338403382"
"040067",1,"2) # of groups=4",4,1,3,2,2,"-0.43570701172529314","0.13509605254229501"
"040069",1,"2) # of groups=4",4,1,3,2,2,"-0.5193962461156324","0.196797124152676"
"040071",1,"3) # of groups=5",5,7,1,1,1,"-0.75380445258042139","-1.33462508813908"
"040072",1,"2) # of groups=4",4,1,3,3,3,"0.23668347962095698","0.13509605254229501"
"040076",0,"",1,2,4,NA,NA,"0.36967819753921466","0.61633460163873499"
"040078",1,"3) # of groups=5",5,7,2,2,2,"-0.66497250285412335","-0.138037287324041"
"040084",1,"3) # of groups=5",5,5,4,3,3,"-0.25315113545491846","0.86891908689880304"
"040088",1,"3) # of groups=5",5,3,2,3,3,"-0.069924028003204644","-0.260493205886141"
"04009F",1,"2) # of groups=4",4,1,2,5,5,"1.4546588561664968","-0.050007162288847003"
"04010F",1,"3) # of groups=5",5,3,2,2,2,"-0.30044374354123915","-0.26096598587844"
"040114",1,"3) # of groups=5",5,8,2,3,3,"-0.2272475513105161","-0.017030190908962201"
"040118",1,"3) # of groups=5",5,6,2,3,3,"-0.24991035755750549","-0.036717698405668103"
"040119",1,"3) # of groups=5",5,7,1,3,3,"-0.12500723224758989","-1.36276571478311"
"040132",0,"",1,0,NA,NA,NA,"1.90352263823765","NA"
"040134",1,"3) # of groups=5",5,4,2,3,3,"-0.014958790773923227","-0.15518848621459799"
"040137",1,"3) # of groups=5",5,4,4,4,4,"0.10341954093850932","0.64066845581783904"
"040147",0,"",3,2,4,NA,NA,"0.72122658780252369","1.1134823811683501"
"040153",0,"",1,0,NA,NA,NA,"1.1935715709266215","NA"
"040154",1,"3) # of groups=5",5,5,1,2,2,"-0.58458523097302995","-1.5767141082216301"
"040156",0,"",3,0,NA,NA,NA,"0.5131112613151072","NA"
"040161",1,"2) # of groups=4",4,2,2,2,2,"-0.2197062846804381","-0.058331128617071598"
"040164",0,"",1,0,NA,NA,NA,"-0.6495649823935663","NA"
"041300",1,"1) # of groups=3",3,1,4,5,5,"0.90943461500143563","1.1592742223455501"
"041302",0,"",1,0,NA,NA,NA,"-0.36876074996696118","NA"
"041303",0,"",1,0,NA,NA,NA,"0.085120902610384797","NA"
"041305",0,"",1,0,NA,NA,NA,"0.18084929001374461","NA"
"041306",0,"",1,0,NA,NA,NA,"-2.0092337800641999","NA"
"041307",0,"",2,0,NA,NA,NA,"0.010051261818913561","NA"
"041308",0,"",1,0,NA,NA,NA,"0.32159649265257573","NA"
"041309",0,"",1,0,NA,NA,NA,"0.096394887798916737","NA"
"041310",0,"",2,1,4,NA,NA,"0.11254610922778455","0.71367557942800797"
"041311",1,"2) # of groups=4",4,0,NA,3,3,"0.0015628874613620725","NA"
"041312",1,"2) # of groups=4",4,0,NA,3,3,"0.11461837940833899","NA"
"041313",1,"1) # of groups=3",3,0,NA,4,4,"0.49671147038486313","NA"
"041317",0,"",0,0,NA,NA,NA,"-0.60867773256275282","NA"
"041318",1,"1) # of groups=3",3,1,1,4,4,"0.2038782530066918","-1.11121436763846"
"041320",0,"",1,0,NA,NA,NA,"-0.24260284787521952","NA"
"041321",0,"",3,0,NA,NA,NA,"0.59172656495440124","NA"
"041322",0,"",0,0,NA,NA,NA,"0.18636876597224872","NA"
"041323",1,"1) # of groups=3",3,1,4,4,4,"0.17417303421846339","1.1592742223455501"
"041324",0,"",3,0,NA,NA,NA,"0.57455449898505118","NA"
"041326",0,"",1,0,NA,NA,NA,"-0.15848914660982749","NA"
"041327",0,"",1,0,NA,NA,NA,"-0.78531335844279115","NA"
"041328",0,"",2,0,NA,NA,NA,"0.26105558633566123","NA"
"041329",0,"",2,0,NA,NA,NA,"0.6038006360428978","NA"
"041330",1,"2) # of groups=4",4,0,NA,3,3,"-0.11889838634480455","NA"
"041331",0,"",1,0,NA,NA,NA,"-0.37651648146467942","NA"
"041332",0,"",3,1,4,NA,NA,"0.060629488695080128","1.1592742223455501"
"041334",0,"",1,0,NA,NA,NA,"0.54011367033383795","NA"
"050002",1,"3) # of groups=5",5,5,3,1,1,"-0.84518555189553668","0.22525099992518699"
"050006",1,"3) # of groups=5",5,7,4,4,4,"0.2803011996613336","0.591018448306452"
"050007",1,"3) # of groups=5",5,7,4,5,5,"0.87998521696329257","0.90795743952221797"
"050008",1,"3) # of groups=5",5,6,2,3,3,"-0.027019178292780926","-0.215001120930437"
"050009",1,"3) # of groups=5",5,6,4,4,4,"0.22997809306373582","0.70321187922161399"
"050013",1,"3) # of groups=5",5,4,1,4,4,"0.22991932742643087","-0.64490741696229503"
"050014",1,"3) # of groups=5",5,3,1,4,4,"0.35225594346691658","-0.46634699073296498"
"050017",1,"3) # of groups=5",5,8,2,3,3,"-0.14837870745419351","-0.10687506568914"
"050022",1,"3) # of groups=5",5,7,2,2,2,"-0.38944621405106505","0.105263409386218"
"050024",1,"3) # of groups=5",5,3,4,3,3,"-0.087714069688661703","0.92159696327461404"
"050025",1,"3) # of groups=5",5,8,3,5,5,"0.52799502892412886","0.21618869822224801"
"050026",1,"3) # of groups=5",5,7,3,4,4,"0.077805184169378205","0.38121033213310601"
"050028",1,"2) # of groups=4",4,2,1,1,1,"-0.96230279426089826","-3.7030121852858202"
"050030",1,"3) # of groups=5",5,7,2,1,1,"-1.621655271926957","-0.28331006172652001"
"050036",1,"3) # of groups=5",5,8,3,3,3,"-0.14622983760267291","0.47771878450589"
"050038",1,"3) # of groups=5",5,8,1,2,2,"-0.27883850583250291","-0.61517286510059899"
"050039",1,"3) # of groups=5",5,7,3,3,3,"-0.072614267712606026","0.49971456828732402"
"050040",1,"3) # of groups=5",5,7,2,2,2,"-0.33696577262257821","-0.14296004558331701"
"050042",1,"2) # of groups=4",4,2,4,4,4,"0.42196276602710742","0.893989423885447"
"050043",1,"3) # of groups=5",5,7,3,5,5,"0.53772843078868549","0.29882258047712601"
"050045",1,"3) # of groups=5",5,4,1,1,1,"-1.0399328934590004","-1.7598456267729601"
"050047",1,"3) # of groups=5",5,7,3,3,3,"-0.076730921606702196","0.25259005244486399"
"050054",1,"3) # of groups=5",5,3,3,3,3,"-0.05226466761982719","0.36412989604757001"
"050055",1,"3) # of groups=5",5,7,4,4,4,"0.076518966081161405","0.93282016482413099"
"050056",1,"3) # of groups=5",5,7,2,1,1,"-0.93931326905294998","-0.14324976481972801"
"050057",1,"3) # of groups=5",5,7,3,3,3,"-0.14481200876200234","0.34618143376254701"
"050058",1,"3) # of groups=5",5,7,2,4,4,"0.08575199445956766","0.0171291280431119"
"050060",1,"3) # of groups=5",5,7,1,1,1,"-0.7575500659470531","-0.75677595992970603"
"050063",1,"3) # of groups=5",5,7,4,3,3,"-0.14979683155890181","1.0568119883523699"
"050067",1,"2) # of groups=4",4,1,3,1,1,"-0.79899414745350816","0.13509605254229501"
"050069",1,"3) # of groups=5",5,8,1,4,4,"0.16627947217203873","-0.48979253897963299"
"050070",1,"1) # of groups=3",3,6,4,4,4,"0.30111206559779491","0.59190741363381305"
"050071",1,"2) # of groups=4",4,6,2,2,2,"-0.29584037350160897","-0.23173651758387001"
"050072",1,"1) # of groups=3",3,6,2,3,3,"-0.087006231544225571","-0.17054038642800701"
"050073",1,"2) # of groups=4",4,6,2,2,2,"-0.18164102948185101","-0.14068682280484601"
"050075",1,"3) # of groups=5",5,6,2,2,2,"-0.53562254931240871","-0.19035444712036101"
"050076",1,"1) # of groups=3",3,7,2,4,4,"0.14728512304771507","-0.20563264734727699"
"050077",1,"3) # of groups=5",5,7,3,4,4,"0.067193720863795506","0.34683964065556"
"050078",1,"3) # of groups=5",5,3,4,4,4,"0.1973681179772411","0.87022290959347304"
"050082",1,"3) # of groups=5",5,7,3,4,4,"0.23768465793913068","0.38311160229450197"
"050084",1,"3) # of groups=5",5,6,1,3,3,"-0.14395757540934467","-0.44261283294147702"
"050089",1,"3) # of groups=5",5,6,4,3,3,"-0.22377046253948762","0.862292487886828"
"050090",1,"2) # of groups=4",4,2,1,2,2,"-0.34840767505820119","-1.7241420620133601"
"050091",1,"2) # of groups=4",4,2,1,1,1,"-0.94937518733875315","-1.07514548162294"
"050093",1,"3) # of groups=5",5,8,2,2,2,"-0.43972618058641938","-0.24045722061302999"
"050099",1,"3) # of groups=5",5,7,2,3,3,"-0.18091010528058427","0.083170392850915001"
"050100",1,"3) # of groups=5",5,8,2,4,4,"0.17967300815492104","-0.279218366322457"
"050101",1,"3) # of groups=5",5,6,1,3,3,"0.02900476623750109","-0.40772227786755899"
"050102",1,"3) # of groups=5",5,4,4,3,3,"-0.11337531516570805","0.61743793970396099"
"050103",1,"3) # of groups=5",5,7,3,3,3,"-0.052308269280864898","0.16255179726799901"
"050104",1,"3) # of groups=5",5,6,3,3,3,"0.051781491209305149","0.42049761606935598"
"050107",1,"3) # of groups=5",5,7,4,3,3,"-0.18958784777503271","0.59142503076922204"
"050108",1,"3) # of groups=5",5,8,3,4,4,"0.38062283090813309","0.211658945394992"
"050110",1,"3) # of groups=5",5,4,2,1,1,"-1.0837934173900632","0.077131285516258294"
"050112",1,"3) # of groups=5",5,7,2,5,5,"0.4263467359684836","-0.26740106693677002"
"050113",0,"",3,2,1,NA,NA,"-0.57574708271312358","-0.87751432013476505"
"050115",1,"3) # of groups=5",5,7,3,3,3,"-0.034022658876114699","0.3430886432986"
"050116",1,"3) # of groups=5",5,7,4,4,4,"0.17267746220500729","0.72422747522883102"
"050118",1,"2) # of groups=4",4,2,2,2,2,"-0.49348424217518583","0.086107665922159807"
"050121",1,"3) # of groups=5",5,7,4,3,3,"-0.11300113192416517","0.66940112767621796"
"050122",1,"3) # of groups=5",5,5,3,2,2,"-0.30694288629319061","0.38412368335104202"
"050124",1,"3) # of groups=5",5,7,4,4,4,"0.24089621814100418","0.71477325972793404"
"050125",1,"3) # of groups=5",5,7,3,3,3,"-0.04386401518079508","0.39925434268038701"
"050126",1,"3) # of groups=5",5,7,2,1,1,"-0.75142067449886796","-0.034194578342922201"
"050127",1,"3) # of groups=5",5,5,3,5,5,"0.45308214853440421","0.26703642865452798"
"050128",1,"3) # of groups=5",5,7,1,1,1,"-0.76848357775087206","-0.42916074274224397"
"050129",1,"3) # of groups=5",5,7,2,2,2,"-0.43958032647885137","-0.0282252079022468"
"050131",1,"3) # of groups=5",5,3,4,5,5,"0.46381045571544111","1.2304422111756199"
"050132",1,"3) # of groups=5",5,7,4,4,4,"0.30588019511115705","0.70705276295589503"
"050133",1,"3) # of groups=5",5,7,1,2,2,"-0.55406983420158018","-0.34185833286558098"
"050135",1,"3) # of groups=5",5,5,4,3,3,"-0.2234951619058223","1.13880875437732"
"050136",1,"3) # of groups=5",5,3,4,4,4,"0.11523293384734809","0.62912718617349905"
"050137",1,"1) # of groups=3",3,6,2,4,4,"0.38027167599482059","-0.066250270521080595"
"050138",1,"3) # of groups=5",5,6,3,5,5,"0.51455023522123089","0.221236246122823"
"050139",1,"1) # of groups=3",3,7,2,4,4,"0.1408305315525511","0.11426276075964401"
"050140",1,"2) # of groups=4",4,7,2,3,3,"0.097471401184786421","-0.14903571696596599"
"050145",1,"3) # of groups=5",5,7,1,4,4,"0.32091138098816008","-0.52845390585095997"
"050149",1,"3) # of groups=5",5,8,1,2,2,"-0.32856930464980399","-0.68941076354942599"
"050150",1,"3) # of groups=5",5,5,1,3,3,"-0.022260825233373596","-0.62224875083450404"
"050152",1,"3) # of groups=5",5,5,4,3,3,"-0.11518576719510894","0.62958308061608104"
"050158",1,"3) # of groups=5",5,3,4,3,3,"-0.18837444649101764","0.90236968673635298"
"050159",1,"3) # of groups=5",5,7,1,2,2,"-0.37881658633264503","-0.68834194901511503"
"050167",1,"3) # of groups=5",5,6,3,2,2,"-0.66942369930173018","0.134747740015567"
"050168",1,"3) # of groups=5",5,8,4,4,4,"0.42311997083629621","0.63954408535909801"
"050169",1,"3) # of groups=5",5,8,2,4,4,"0.24309730602630253","0.0403200498311648"
"050174",1,"3) # of groups=5",5,7,1,3,3,"-0.10332651449692501","-0.37665819452087801"
"050179",1,"3) # of groups=5",5,6,4,2,2,"-0.65782143526785963","0.67526289057175404"
"050180",1,"3) # of groups=5",5,8,1,2,2,"-0.4218249334052715","-0.41327852775337398"
"050191",1,"3) # of groups=5",5,6,3,5,5,"0.42581413541459173","0.22476905766802299"
"050192",0,"",2,1,1,NA,NA,"0.42436282234274902","-1.41003635918617"
"050194",1,"2) # of groups=4",4,2,1,2,2,"-0.3002760710143581","-0.483961248829827"
"050195",1,"3) # of groups=5",5,7,2,2,2,"-0.30083004268629759","0.12481800716072999"
"050197",1,"3) # of groups=5",5,5,4,5,5,"0.83383413295851339","0.65435750238957202"
"050204",1,"3) # of groups=5",5,7,4,3,3,"-0.14394332801711693","0.52381083139076901"
"050211",1,"3) # of groups=5",5,3,2,4,4,"0.243246851966475","0.101852120738711"
"050222",1,"3) # of groups=5",5,6,1,4,4,"0.17690791919603166","-0.47089653130197001"
"050224",1,"3) # of groups=5",5,7,3,5,5,"0.4583387371594595","0.46252160187146202"
"050226",1,"3) # of groups=5",5,5,3,4,4,"0.096075163042332073","0.458325293997357"
"050228",1,"3) # of groups=5",5,7,1,2,2,"-0.52649852272631548","-0.536146418176214"
"050230",1,"3) # of groups=5",5,3,1,2,2,"-0.39079141864366695","-0.51491675780263702"
"050231",1,"3) # of groups=5",5,7,4,3,3,"0.033393980370783297","0.64222599679415704"
"050232",1,"3) # of groups=5",5,6,4,5,5,"0.67996074875536994","0.77370018373648197"
"050234",1,"3) # of groups=5",5,4,1,5,4,"0.5584813373700267","-0.69271878648984497"
"050235",1,"3) # of groups=5",5,8,2,3,3,"-0.1187456560386729","-0.062507771464845194"
"050236",1,"3) # of groups=5",5,7,1,2,2,"-0.27953785547389237","-0.330288112251437"
"050238",1,"3) # of groups=5",5,7,1,3,3,"-0.1723622162774909","-0.40839055829147197"
"050239",1,"3) # of groups=5",5,7,4,4,4,"0.20030197512090114","0.876018300447029"
"050242",1,"3) # of groups=5",5,7,2,4,4,"0.21644242227305721","0.094809837711744005"
"050243",1,"3) # of groups=5",5,6,3,2,2,"-0.64882901363488077","0.30754905023565399"
"050245",1,"3) # of groups=5",5,6,2,2,2,"-0.41795012013172683","-0.0388867588459052"
"050248",1,"3) # of groups=5",5,6,3,3,3,"-0.1536929530186032","0.34443611741672098"
"050254",1,"3) # of groups=5",5,4,2,4,4,"0.25065624547737253","0.0056995414533577904"
"050257",0,"",0,2,3,NA,NA,"0.88443466785528568","0.43123138680759199"
"05025F",1,"3) # of groups=5",5,3,4,5,5,"0.44308913019432117","0.75373554022988998"
"050261",1,"3) # of groups=5",5,5,3,3,3,"-0.2246869370655479","0.33454585263550801"
"050262",1,"3) # of groups=5",5,7,2,4,4,"0.26115842952816559","-0.044854994937512903"
"050272",1,"3) # of groups=5",5,7,1,2,2,"-0.31908961331034558","-0.48792472061564501"
"050276",1,"3) # of groups=5",5,5,2,4,4,"0.19836460228881728","0.11402431127318401"
"050278",1,"3) # of groups=5",5,8,3,4,4,"0.15017416021487506","0.26634914053537401"
"050279",1,"2) # of groups=4",4,2,4,2,2,"-0.41237752638053737","0.67803567324911496"
"05027F",1,"3) # of groups=5",5,4,2,4,4,"0.16064262898778062","0.091278524901190303"
"050280",1,"3) # of groups=5",5,7,2,2,2,"-0.45208599294361718","0.117673135993532"
"050281",1,"3) # of groups=5",5,4,4,4,4,"0.32154757365555281","0.85357267823188399"
"050283",1,"3) # of groups=5",5,7,3,5,5,"0.54335301595347629","0.48085584377922402"
"050289",1,"3) # of groups=5",5,3,3,1,1,"-0.84279080722532995","0.32210641866131501"
"050290",1,"3) # of groups=5",5,7,3,4,4,"0.33360028203432723","0.42919320100886399"
"050291",1,"3) # of groups=5",5,7,4,5,5,"0.42923433039160669","0.65798287521939103"
"050292",1,"3) # of groups=5",5,7,4,3,3,"-0.031705456161074674","0.56877816835098105"
"050295",1,"3) # of groups=5",5,7,4,3,3,"0.018960677959839696","0.63172127681009005"
"050298",1,"2) # of groups=4",4,2,1,1,1,"-1.0018298190295396","-3.3855028661051501"
"050300",1,"3) # of groups=5",5,7,2,2,2,"-0.43096004882934763","-0.20308511585481401"
"050301",1,"3) # of groups=5",5,4,4,4,4,"0.20079991943992639","0.771382952863083"
"050305",1,"3) # of groups=5",5,7,2,4,4,"0.14318730979295219","-0.15872240640031901"
"050308",1,"3) # of groups=5",5,8,2,4,4,"0.42118953281561977","-0.0031353189729442601"
"050309",1,"3) # of groups=5",5,7,2,5,5,"0.47860682301789481","-0.00051519082228065796"
"05030F",1,"3) # of groups=5",5,3,3,4,4,"0.16241107614406719","0.26114324985466297"
"050313",1,"3) # of groups=5",5,5,3,4,4,"0.38124464253422585","0.47980910573338398"
"050315",1,"3) # of groups=5",5,7,3,1,1,"-0.83491122384730465","0.15944496733298499"
"05031F",1,"3) # of groups=5",5,4,2,5,5,"0.7223069071338506","-0.022728605985948901"
"050320",1,"3) # of groups=5",5,6,1,1,1,"-0.77442058181086526","-1.2786469167290999"
"050324",1,"3) # of groups=5",5,8,3,5,5,"0.43627190579921926","0.21417200197969799"
"050327",1,"3) # of groups=5",5,7,4,4,4,"0.063369886375829521","0.67533846708508205"
"050329",1,"3) # of groups=5",5,5,4,3,3,"0.019779023612675618","0.88356396456289699"
"050334",1,"3) # of groups=5",5,6,3,4,4,"0.16186652915903169","0.35679632058165101"
"050335",1,"3) # of groups=5",5,4,1,3,3,"-0.078261146265126244","-0.69141277902438503"
"050336",1,"3) # of groups=5",5,6,2,3,3,"0.012574868604230099","-0.26334328677524999"
"050342",1,"3) # of groups=5",5,3,1,3,3,"-0.27334965138554107","-0.576125557631471"
"050348",1,"3) # of groups=5",5,8,4,4,4,"0.35307637422209875","0.57866923322735997"
"050350",1,"1) # of groups=3",3,2,1,3,3,"-0.12351656346407189","-1.11814097427436"
"050351",1,"3) # of groups=5",5,8,3,5,5,"0.42541254030690634","0.26374085007349801"
"050352",1,"2) # of groups=4",4,2,1,3,3,"0.13701049256756034","-0.71017228916033803"
"050353",1,"3) # of groups=5",5,8,4,5,5,"0.55619369439476773","0.80803861382469699"
"050357",1,"3) # of groups=5",5,3,4,5,5,"0.52026824017166073","0.62831583589897899"
"050360",1,"3) # of groups=5",5,7,2,5,5,"0.47038165562404938","-0.0086846852220684306"
"050367",1,"3) # of groups=5",5,7,2,2,2,"-0.3595989997025511","-0.0254195640674173"
"050373",1,"3) # of groups=5",5,7,3,2,2,"-0.47827453853339186","0.45525983484152499"
"050376",1,"3) # of groups=5",5,7,1,1,1,"-1.0822844734785333","-0.97879258342940201"
"050378",0,"",2,4,1,NA,NA,"-0.77321557663417739","-1.58973521431229"
"050380",1,"3) # of groups=5",5,8,2,2,2,"-0.35456672785404825","0.041866236891205499"
"050382",1,"3) # of groups=5",5,7,3,1,1,"-0.91002515946770235","0.24050656245912699"
"050390",1,"3) # of groups=5",5,6,3,1,1,"-0.98322251791689252","0.26410882074779701"
"050393",1,"3) # of groups=5",5,6,3,4,4,"0.21951642309316791","0.49501940634108699"
"050394",1,"3) # of groups=5",5,7,2,4,4,"0.16116367272379706","-0.069656831600020105"
"050396",1,"3) # of groups=5",5,8,1,4,4,"0.2844367233792322","-0.43741263971491701"
"050407",1,"2) # of groups=4",4,2,1,2,2,"-0.30668481314019147","-1.0987013079707799"
"050411",1,"1) # of groups=3",3,6,1,3,3,"-0.19010328307155011","-0.50352946276391197"
"050414",1,"3) # of groups=5",5,7,4,4,4,"0.26707924461196586","0.70744199078111603"
"050417",1,"3) # of groups=5",5,4,1,2,2,"-0.30209233685735254","-0.98674019549870196"
"050424",1,"3) # of groups=5",5,7,3,5,5,"0.95917162114677901","0.295827471709255"
"050425",1,"3) # of groups=5",5,7,2,4,4,"0.075515621406600272","-0.0082059767827982293"
"050426",1,"3) # of groups=5",5,6,4,2,2,"-0.55843987048710708","0.55463947937925295"
"050438",1,"3) # of groups=5",5,6,1,4,4,"0.17767830502818066","-0.50280465680242703"
"050441",1,"3) # of groups=5",5,8,3,5,5,"0.76273426612157513","0.33823056913524402"
"050444",1,"3) # of groups=5",5,6,4,3,3,"-0.16962762808388526","0.87208736344624604"
"050454",1,"3) # of groups=5",5,8,2,4,4,"0.41597284310173277","-0.13885773587471301"
"050455",1,"3) # of groups=5",5,6,4,2,2,"-0.65572268777992671","0.69399236024661703"
"050457",1,"3) # of groups=5",5,6,3,4,4,"0.18413284981178385","0.407628939124347"
"050464",1,"3) # of groups=5",5,6,1,1,1,"-0.9664246612530466","-0.39909865456457899"
"050468",1,"3) # of groups=5",5,5,2,1,1,"-0.83853263551693613","0.0392585843740876"
"050471",1,"3) # of groups=5",5,7,3,2,2,"-0.50893647079387683","0.19799505657226299"
"050481",1,"3) # of groups=5",5,7,1,2,2,"-0.59347669692116767","-0.58729445151037596"
"050485",1,"3) # of groups=5",5,8,1,2,2,"-0.42639005144853392","-0.96504826634248497"
"050488",1,"3) # of groups=5",5,7,4,4,4,"0.36277525740199335","0.61402112810390197"
"050492",1,"3) # of groups=5",5,7,1,2,2,"-0.45915797516316115","-1.1491359030113499"
"050496",1,"3) # of groups=5",5,7,2,4,4,"0.22077199121074481","0.060630186201960701"
"050498",1,"3) # of groups=5",5,5,4,5,5,"0.50401518967473302","0.70659632125136096"
"050503",1,"3) # of groups=5",5,7,2,4,4,"0.32582921421957278","-0.096061407062486101"
"050506",1,"3) # of groups=5",5,6,2,3,3,"-0.26628263979629763","-0.081543436016983106"
"050510",1,"1) # of groups=3",3,5,1,4,4,"0.2473273335068219","-0.53339936392341003"
"050512",1,"1) # of groups=3",3,5,1,4,4,"0.3315843987369172","-0.36638835435512501"
"050515",1,"2) # of groups=4",4,6,2,4,4,"0.43358289079029011","-0.13761624660194699"
"050516",1,"3) # of groups=5",5,7,3,3,3,"-0.082061873016640932","0.33336808436830601"
"050517",1,"3) # of groups=5",5,6,2,1,1,"-1.1124530954397467","-0.24774197226099801"
"050523",1,"3) # of groups=5",5,6,4,3,3,"0.055369607659530404","0.87246978878623804"
"050526",1,"3) # of groups=5",5,3,1,1,1,"-0.80880803856942263","-0.57702542744830099"
"050528",1,"2) # of groups=4",4,2,4,3,3,"-0.098797140384816892","0.77058728066468596"
"050534",1,"3) # of groups=5",5,5,4,2,2,"-0.45310391817401996","1.0891808565246599"
"050537",1,"2) # of groups=4",4,2,4,4,4,"0.57686233126082342","0.69736307289617105"
"050541",1,"1) # of groups=3",3,6,4,4,4,"0.60807777212158642","0.81726272861865101"
"050543",0,"",0,1,4,NA,NA,"0.62722211569765451","1.1592742223455501"
"050549",1,"3) # of groups=5",5,8,3,4,4,"0.1061907221464168","0.496618784067481"
"050551",1,"3) # of groups=5",5,6,1,1,1,"-0.80829306914705423","-0.64267028644641799"
"050557",1,"3) # of groups=5",5,7,3,3,3,"-0.012211695083221494","0.29334353691009002"
"050561",1,"3) # of groups=5",5,6,3,3,3,"-0.21504939272307871","0.21750532538207101"
"050567",1,"3) # of groups=5",5,7,4,5,5,"0.49386171785275035","0.64948241499413395"
"050570",1,"3) # of groups=5",5,7,3,2,2,"-0.52944861406856969","0.15314628377193901"
"050573",1,"3) # of groups=5",5,8,4,4,4,"0.40590273299319934","0.78133904981148505"
"050580",1,"3) # of groups=5",5,3,3,3,3,"-0.11566965805065223","0.25659583282632897"
"050581",1,"3) # of groups=5",5,6,2,2,2,"-0.67325348788854888","0.108708523096988"
"050586",1,"3) # of groups=5",5,3,4,4,4,"0.14388798808670408","1.0257718299571099"
"050588",1,"3) # of groups=5",5,5,3,2,2,"-0.5535205413617188","0.13642875312328601"
"050589",1,"3) # of groups=5",5,3,4,2,2,"-0.50150849607074643","0.73640673645512"
"050590",1,"3) # of groups=5",5,3,3,3,3,"-0.12995181076284829","0.33293878052811499"
"050597",1,"3) # of groups=5",5,6,2,3,3,"0.045327421985646821","0.034329011596985898"
"050599",1,"3) # of groups=5",5,8,1,4,4,"0.13625999791973981","-0.60722571165748396"
"050603",1,"3) # of groups=5",5,6,3,4,4,"0.25966112513899564","0.29577366470806199"
"050604",1,"2) # of groups=4",4,6,2,3,3,"0.080567498102266405","-0.250910598577958"
"050608",1,"2) # of groups=4",4,2,3,2,2,"-0.66180377039349725","0.52378299422316399"
"050609",1,"1) # of groups=3",3,7,3,4,4,"0.48834334410787916","0.16465700643292799"
"050624",1,"3) # of groups=5",5,6,1,2,2,"-0.52789863069276111","-0.60864134202894704"
"050625",1,"3) # of groups=5",5,8,3,5,5,"0.65924397421300696","0.22774796115929499"
"050633",1,"3) # of groups=5",5,5,1,2,2,"-0.39354615075740351","-0.38051863396012398"
"050636",1,"3) # of groups=5",5,5,2,4,4,"0.081069469475938322","-0.036567030286806801"
"050641",1,"2) # of groups=4",4,2,2,1,1,"-0.79115467167612397","0.0079112569190204398"
"050663",1,"3) # of groups=5",5,4,4,3,3,"-0.14205530813554784","0.62994827190784397"
"050668",0,"",1,0,NA,NA,NA,"-2.6399920486186477","NA"
"050674",1,"3) # of groups=5",5,6,2,2,2,"-0.34597767119596146","0.057736706191233202"
"050677",1,"1) # of groups=3",3,6,1,4,4,"0.23737794001074083","-0.37122677921390901"
"050678",1,"3) # of groups=5",5,7,2,4,4,"0.078867447293460832","-0.28266631035636502"
"050684",0,"",2,2,4,NA,NA,"-2.0731120254419158","0.67803567324911496"
"050686",1,"1) # of groups=3",3,6,4,4,4,"0.28828896365174961","0.574899951169481"
"050689",1,"3) # of groups=5",5,4,3,4,4,"0.21617454923129548","0.23104065409855901"
"050690",1,"1) # of groups=3",3,6,3,3,3,"0.037690651835389818","0.217275060655757"
"050696",1,"3) # of groups=5",5,8,3,5,5,"0.57846517103584083","0.48477470042464799"
"050697",0,"",2,2,1,NA,NA,"-0.84714621440176396","-0.48112019473713802"
"050701",1,"3) # of groups=5",5,7,3,3,3,"-0.059453623704156591","0.16709159087891801"
"050704",1,"3) # of groups=5",5,6,1,3,3,"-0.22348681274778384","-0.52240637735431705"
"050708",0,"",2,2,4,NA,NA,"0.75300343266919345","0.75335693237323498"
"050709",1,"3) # of groups=5",5,6,4,3,3,"-0.19793776490074116","0.58644208960093702"
"050710",1,"1) # of groups=3",3,6,2,4,4,"0.43397339595231493","-0.0086895180878913594"
"050714",0,"",3,2,2,NA,NA,"0.67172888029491196","0.086193689777233198"
"050717",1,"1) # of groups=3",3,4,1,3,3,"-0.10695024445009048","-1.4466835972063099"
"050723",1,"1) # of groups=3",3,6,2,3,3,"-0.022919328342431641","0.106961343097631"
"050726",0,"",2,2,3,NA,NA,"-0.89467868042975673","0.37291762354286101"
"050735",1,"3) # of groups=5",5,5,4,4,4,"0.067546784761245121","0.85440453868702504"
"050736",1,"2) # of groups=4",4,2,3,2,2,"-0.41966691877867723","0.44283318968838298"
"050737",1,"3) # of groups=5",5,6,1,1,1,"-0.82869577843975351","-1.1457240818799801"
"050738",1,"3) # of groups=5",5,4,2,2,2,"-0.37335771862107836","-0.12658865750687701"
"050739",1,"3) # of groups=5",5,6,4,2,2,"-0.66129705428477981","0.66166218849122005"
"050740",1,"3) # of groups=5",5,7,3,4,4,"0.31070686479247911","0.46848775729199699"
"050744",1,"2) # of groups=4",4,3,3,2,2,"-0.55291566905717116","0.43503831456078601"
"050745",1,"2) # of groups=4",4,3,4,2,2,"-0.42934794733080406","0.56207143022442296"
"050746",1,"3) # of groups=5",5,6,2,2,2,"-0.62815821300000074","-0.200204818203776"
"050747",1,"1) # of groups=3",3,3,4,1,1,"-1.5900930562940394","0.79912572968484197"
"050748",1,"1) # of groups=3",3,6,3,4,4,"0.44019421984509716","0.41658968888389197"
"050755",1,"3) # of groups=5",5,4,4,2,2,"-0.55362883426758613","1.1482762500585699"
"050758",1,"2) # of groups=4",4,4,4,3,3,"0.037022469421397433","1.0101351016656199"
"050760",1,"2) # of groups=4",4,6,2,1,1,"-0.96207925098946445","0.087602545071244098"
"050761",1,"3) # of groups=5",5,8,3,3,3,"0.0054008207105788325","0.35435693173552002"
"050763",1,"2) # of groups=4",4,3,4,3,3,"0.20250767858068536","1.1080399254376201"
"050764",1,"3) # of groups=5",5,6,2,2,2,"-0.64245825810331303","-0.0221616235955528"
"050765",1,"1) # of groups=3",3,6,2,4,4,"0.46823086500742572","0.0128993893624989"
"050766",0,"",2,2,1,NA,NA,"0.15099680737092547","-0.975184462522944"
"050767",1,"1) # of groups=3",3,6,2,4,4,"0.18623395128765272","0.0423665251010742"
"050769",0,"",2,2,3,NA,NA,"1.0843761362439588","0.46546923095843201"
"050770",1,"3) # of groups=5",5,6,4,2,2,"-0.29457003605004123","0.81610926334463496"
"050771",1,"2) # of groups=4",4,2,3,1,1,"-1.1878070613218508","0.26841815186033202"
"050772",1,"1) # of groups=3",3,6,3,4,4,"0.37116095581648867","0.165889353345723"
"050775",1,"3) # of groups=5",5,7,3,4,4,"0.073973757999753392","0.31228208338584101"
"050776",1,"2) # of groups=4",4,4,4,3,3,"0.12686322414525097","0.979284565860431"
"050777",1,"1) # of groups=3",3,6,3,2,2,"-0.56618612372219723","0.50632163724561696"
"050778",1,"1) # of groups=3",3,4,3,3,3,"-0.12440673076083958","0.40051193602672203"
"050779",1,"3) # of groups=5",5,5,4,4,4,"0.33024594942533364","0.94188739715421499"
"050780",1,"2) # of groups=4",4,2,4,3,3,"0.084745998857482741","1.23334531774254"
"050782",0,"",3,2,4,NA,NA,"0.4054092671903427","0.70204063823186402"
"050783",1,"2) # of groups=4",4,1,1,1,1,"-1.5217362382050967","-1.7870547597370201"
"050784",1,"2) # of groups=4",4,2,4,3,3,"-0.089247639008929736","0.73973674485949603"
"050785",0,"",1,2,4,NA,NA,"1.0761250245637581","1.3812081208488101"
"050855",1,"1) # of groups=3",3,6,1,4,4,"0.15750529767704594","-0.95243239164424698"
"05114F",1,"3) # of groups=5",5,4,3,5,5,"0.57384598824019795","0.26964265461543102"
"05127F",1,"3) # of groups=5",5,4,2,3,3,"0.026932763160802228","-0.17469481936693901"
"05128F",1,"3) # of groups=5",5,4,2,3,3,"-0.15927776147351536","-0.27845860052595001"
"051300",0,"",1,0,NA,NA,NA,"0.24812094973722101","NA"
"051301",1,"2) # of groups=4",4,2,4,3,3,"0.065949065961117131","1.16260436061262"
"051302",0,"",0,0,NA,NA,NA,"0.13674925948918815","NA"
"051303",0,"",2,1,4,NA,NA,"0.70024716685527322","0.71367557942800797"
"051304",0,"",1,0,NA,NA,NA,"-0.72533054571534195","NA"
"051305",0,"",1,0,NA,NA,NA,"-0.38933106437979675","NA"
"051306",0,"",1,2,4,NA,NA,"0.79883389417692752","0.61143007787602999"
"051307",0,"",1,0,NA,NA,NA,"0.84051390442302598","NA"
"051308",0,"",0,0,NA,NA,NA,"1.4392232164176499","NA"
"051309",0,"",1,0,NA,NA,NA,"-1.6771199429798","NA"
"05130F",1,"3) # of groups=5",5,4,1,4,4,"0.10300693564120285","-1.18252865954497"
"051310",1,"3) # of groups=5",5,3,3,5,5,"0.71021754106857571","0.51855938736870699"
"051311",0,"",2,1,4,NA,NA,"-0.35086556951865477","1.1592742223455501"
"051312",0,"",1,0,NA,NA,NA,"-0.23401581337556968","NA"
"051314",1,"1) # of groups=3",3,0,NA,3,3,"0.033253518284602546","NA"
"051315",0,"",1,0,NA,NA,NA,"-0.14131938173719058","NA"
"051316",1,"3) # of groups=5",5,3,2,2,2,"-0.62078820951074709","-0.26145385127389098"
"051317",1,"2) # of groups=4",4,2,1,2,2,"-0.288390388013754","-0.85374590011118801"
"051318",1,"2) # of groups=4",4,2,4,4,4,"0.44103326030526147","1.16260436061262"
"051319",1,"2) # of groups=4",4,0,NA,4,4,"0.36224991790865729","NA"
"051320",1,"1) # of groups=3",3,0,NA,3,3,"-0.0093090074544556201","NA"
"051321",0,"",3,0,NA,NA,NA,"-0.10956702631153942","NA"
"051323",0,"",1,0,NA,NA,NA,"0.20083768907018396","NA"
"051324",1,"2) # of groups=4",4,0,NA,3,3,"0.0087345486091805341","NA"
"051325",1,"2) # of groups=4",4,2,4,3,3,"0.24359377921458342","1.16260436061262"
"051326",0,"",2,0,NA,NA,NA,"-0.52384273674929727","NA"
"051327",0,"",1,0,NA,NA,NA,"0.93909154778395998","NA"
"051328",1,"2) # of groups=4",4,2,1,3,3,"0.14055041486966632","-1.9591784250008"
"051329",1,"2) # of groups=4",4,1,2,4,4,"0.35054113381735819","0.0142553762281567"
"051330",1,"1) # of groups=3",3,0,NA,4,4,"0.3930905305247876","NA"
"051331",0,"",3,0,NA,NA,NA,"0.70798143786635981","NA"
"051332",1,"2) # of groups=4",4,0,NA,3,3,"0.15952964754680871","NA"
"051333",0,"",1,0,NA,NA,NA,"-0.01302173972519638","NA"
"051334",0,"",1,0,NA,NA,NA,"0.53146084977915276","NA"
"051335",0,"",1,0,NA,NA,NA,"-0.212159462688152","NA"
"051336",0,"",1,0,NA,NA,NA,"-0.18959806710097135","NA"
"051337",0,"",2,0,NA,NA,NA,"0.24105345916796272","NA"
"051339",0,"",0,0,NA,NA,NA,"-0.35331487357893798","NA"
"060001",1,"3) # of groups=5",5,6,2,4,4,"0.082754198017821856","-0.028604676063624799"
"060003",1,"2) # of groups=4",4,2,4,3,3,"0.2037141789197105","0.83228835227506703"
"060004",1,"3) # of groups=5",5,3,2,3,3,"0.041161099172644655","0.0979724727590221"
"060006",1,"3) # of groups=5",5,3,4,4,4,"0.34756736866914212","0.71881906551497399"
"060008",1,"2) # of groups=4",4,3,3,3,3,"-0.12952363226441579","0.32632860069062902"
"060009",1,"3) # of groups=5",5,6,3,4,4,"0.35765180432691807","0.19141725152856001"
"060010",1,"3) # of groups=5",5,7,3,5,5,"0.72092736688226056","0.26084089817635903"
"060011",1,"3) # of groups=5",5,6,1,3,3,"-0.19126949253858005","-0.30708998851334801"
"060012",1,"3) # of groups=5",5,4,4,4,4,"0.202049422265622","0.66310836762788805"
"060013",1,"3) # of groups=5",5,5,4,5,5,"0.71571411630512072","0.58087240274525898"
"060014",1,"3) # of groups=5",5,7,2,2,2,"-0.30427511420863834","-0.099274589633481902"
"060015",1,"3) # of groups=5",5,6,2,4,4,"0.2530719842523998","-0.031832802029453003"
"060020",1,"3) # of groups=5",5,7,1,3,3,"-0.15672778101267712","-0.37174328005364699"
"060022",1,"3) # of groups=5",5,8,3,4,4,"0.28433257110345422","0.34926794973269798"
"060023",1,"3) # of groups=5",5,7,2,4,4,"0.15058109900989911","0.086512816312268301"
"060024",1,"3) # of groups=5",5,8,2,5,5,"0.5317150714027491","-0.14811188421910099"
"060027",1,"3) # of groups=5",5,7,1,4,4,"0.41178505706142138","-0.457758750538378"
"060028",1,"3) # of groups=5",5,7,3,5,5,"0.64099854228817976","0.324761289890939"
"060030",1,"3) # of groups=5",5,3,2,3,3,"-0.011864366949304511","0.019479464183192699"
"060031",1,"3) # of groups=5",5,8,2,3,3,"0.057643797747375769","-0.021577544640700799"
"060032",1,"3) # of groups=5",5,7,4,4,4,"0.38375428144147877","1.04343674216097"
"060034",1,"3) # of groups=5",5,8,3,4,4,"0.094731883697962704","0.36967820287242797"
"060044",1,"2) # of groups=4",4,2,3,4,4,"0.64333174816710303","0.29059889529538002"
"060049",0,"",3,2,4,NA,NA,"0.62830546984441316","0.73973674485949603"
"060054",1,"3) # of groups=5",5,4,1,4,4,"0.13434315636065486","-0.65123046140570395"
"06005F",1,"3) # of groups=5",5,4,2,5,5,"0.92501488447332758","-0.043597222090180902"
"060064",1,"3) # of groups=5",5,7,3,4,4,"0.37167139405940069","0.17233471170355399"
"060065",1,"3) # of groups=5",5,6,3,3,3,"-0.25847735113543879","0.380779539779801"
"060071",1,"2) # of groups=4",4,2,4,3,3,"-0.029489314106563747","0.70888620905430599"
"060075",1,"2) # of groups=4",4,2,2,4,4,"0.43288001970350914","-0.24583551839359799"
"060076",1,"2) # of groups=4",4,1,3,3,3,"0.21829313374865161","0.32019926737343701"
"06007F",1,"2) # of groups=4",4,2,4,5,5,"1.0687422608436412","0.90791340800102704"
"060096",1,"3) # of groups=5",5,3,4,5,5,"0.80596480660418468","0.64876128027417201"
"060100",1,"3) # of groups=5",5,7,1,4,4,"0.2380296606064829","-0.51590453580689399"
"060103",1,"3) # of groups=5",5,4,2,4,4,"0.38282809004486568","0.091905782913956804"
"060104",1,"3) # of groups=5",5,6,3,5,5,"0.52858006467082641","0.51572040744066405"
"060107",0,"",3,0,NA,NA,NA,"0.098506379666483512","NA"
"060112",1,"3) # of groups=5",5,8,1,3,3,"-0.063296605700664046","-0.41986821191898199"
"060113",1,"3) # of groups=5",5,7,1,4,4,"0.097184750848276061","-0.36111515112395298"
"060114",1,"3) # of groups=5",5,8,3,5,5,"0.48626510840516568","0.21746269943266"
"060116",1,"3) # of groups=5",5,6,2,4,4,"0.38507346350537885","0.12641659080322501"
"060117",0,"",3,2,4,NA,NA,"0.99166568292248636","0.88744764966484702"
"060118",0,"",2,2,2,NA,NA,"0.12058158100166624","-0.29509982796814499"
"060119",1,"3) # of groups=5",5,7,2,5,5,"0.4644084896992397","-0.17369116267756801"
"060124",0,"",1,2,4,NA,NA,"1.1821169514554584","0.78420746817842502"
"060125",1,"3) # of groups=5",5,4,4,5,5,"0.69362874950794962","1.0435435019450601"
"060126",0,"",3,1,3,NA,NA,"0.50623676388958283","0.196797124152676"
"060128",1,"3) # of groups=5",5,5,3,5,5,"0.56170826936932916","0.244703775341305"
"060129",0,"",2,2,2,NA,NA,"0.49761630602905732","-0.098473476978868504"
"060130",0,"",3,2,3,NA,NA,"1.2009963366339005","0.20828016704789901"
"060131",1,"3) # of groups=5",5,5,1,4,4,"0.31098937013335054","-0.68006650089297904"
"060132",1,"3) # of groups=5",5,6,4,5,5,"0.98618913430723043","0.71469292110091398"
"060133",0,"",2,1,2,NA,NA,"0.25271883059256295","-0.17340930550960801"
"061300",0,"",1,0,NA,NA,NA,"1.8203177567470199","NA"
"061301",1,"1) # of groups=3",3,0,NA,4,4,"0.43704802181988456","NA"
"061302",0,"",1,1,1,NA,NA,"-0.79677762532257901","-4.0659215363999399"
"061303",0,"",2,0,NA,NA,NA,"0.25726592675946292","NA"
"061304",0,"",0,1,4,NA,NA,"0.1144133348015399","1.1592742223455501"
"061305",0,"",1,0,NA,NA,NA,"-1.0587628404717471","NA"
"061306",0,"",2,0,NA,NA,NA,"-1.0517083636607212","NA"
"061307",0,"",0,0,NA,NA,NA,"0.50614681439363496","NA"
"061308",0,"",1,0,NA,NA,NA,"0.16328039561480084","NA"
"061309",0,"",3,1,2,NA,NA,"0.56711392652564452","-0.109511703046801"
"061310",0,"",1,0,NA,NA,NA,"-1.0327900545084692","NA"
"061311",0,"",1,0,NA,NA,NA,"-1.0904327365520015","NA"
"061312",0,"",1,0,NA,NA,NA,"-0.3761993662464625","NA"
"061313",0,"",1,0,NA,NA,NA,"0.30482081092301172","NA"
"061314",0,"",2,0,NA,NA,NA,"0.70192108652403384","NA"
"061315",0,"",1,0,NA,NA,NA,"0.70324336917722163","NA"
"061316",0,"",1,1,4,NA,NA,"-0.24401357193771861","1.1592742223455501"
"061317",0,"",2,1,1,NA,NA,"0.26562014852707655","-0.98554156745484001"
"061318",0,"",2,0,NA,NA,NA,"-0.1614928958780793","NA"
"061319",0,"",0,0,NA,NA,NA,"0.77759429322529106","NA"
"061320",0,"",2,0,NA,NA,NA,"-0.0059187143036866924","NA"
"061321",1,"1) # of groups=3",3,0,NA,5,5,"0.67813932393396226","NA"
"061322",1,"2) # of groups=4",4,1,1,1,1,"-1.1167751230200067","-5.7136315832518001"
"061323",0,"",1,0,NA,NA,NA,"-0.19485087052190556","NA"
"061324",0,"",3,0,NA,NA,NA,"0.55804874346829503","NA"
"061325",0,"",2,1,4,NA,NA,"0.90944906367146439","2.1954126878826599"
"061326",0,"",3,0,NA,NA,NA,"-0.25560363760038046","NA"
"061327",1,"2) # of groups=4",4,1,1,4,4,"0.29147563964103623","-0.72023232262276005"
"061328",0,"",1,0,NA,NA,NA,"0.80240957021893","NA"
"061336",0,"",1,0,NA,NA,NA,"-0.55857955238328982","NA"
"061343",0,"",0,0,NA,NA,NA,"1.3690933439367501","NA"
"061344",1,"2) # of groups=4",4,1,4,4,4,"0.5197451400214026","1.1592742223455501"
"070002",1,"3) # of groups=5",5,8,1,2,2,"-0.5243084718330091","-0.49814413902574001"
"070003",1,"3) # of groups=5",5,3,1,2,2,"-0.28856666724510727","-0.465082326394269"
"070004",1,"3) # of groups=5",5,3,4,5,5,"0.56326536448145703","0.75161671358579396"
"070005",1,"3) # of groups=5",5,6,2,2,2,"-0.40532838751972416","-0.130923445146263"
"070006",1,"3) # of groups=5",5,8,4,5,5,"0.47485662185130695","0.72331191823825802"
"070007",1,"3) # of groups=5",5,6,2,3,3,"-0.15396070936604095","-0.087600472359505202"
"070008",1,"2) # of groups=4",4,2,4,3,3,"-0.13617428509862067","0.67803567324911496"
"070010",1,"3) # of groups=5",5,8,3,4,4,"0.21597867252866088","0.21682556420889501"
"070011",1,"3) # of groups=5",5,6,3,3,3,"-0.058696825618030593","0.25909375981389399"
"070012",0,"",2,0,NA,NA,NA,"0.63032669398505314","NA"
"070016",1,"3) # of groups=5",5,6,3,3,3,"-0.13225290696577019","0.34593050712200701"
"070017",1,"3) # of groups=5",5,7,4,4,4,"0.16427891999137256","0.59959202867918604"
"070018",1,"3) # of groups=5",5,7,4,5,5,"0.52770106319384458","0.71659237405377296"
"070020",1,"3) # of groups=5",5,7,2,3,3,"-0.17824469389249598","-0.101496032773078"
"070021",1,"2) # of groups=4",4,2,3,3,3,"0.14652566838112918","0.205190197820939"
"070022",1,"3) # of groups=5",5,8,3,5,5,"0.44264809867542226","0.241220396251522"
"070024",1,"3) # of groups=5",5,7,4,4,4,"0.33034959319724694","0.67924167704882199"
"070025",1,"3) # of groups=5",5,8,4,4,4,"0.3618039571282633","0.69579317459995704"
"070027",1,"3) # of groups=5",5,7,4,4,4,"0.27510521106047514","0.77137150097720497"
"070028",1,"3) # of groups=5",5,7,2,4,4,"0.18892737382678951","-0.0737759528079691"
"070029",1,"3) # of groups=5",5,4,3,2,2,"-0.43379722880940974","0.35799357179597002"
"070031",1,"3) # of groups=5",5,7,2,4,4,"0.14814374948088491","-0.24191034833459901"
"070033",1,"3) # of groups=5",5,8,4,4,4,"0.12735679313297121","0.69924938553867799"
"070034",1,"3) # of groups=5",5,6,2,3,3,"-0.023503960448951582","-0.0965149840655566"
"070035",1,"3) # of groups=5",5,7,3,2,2,"-0.29600609786965015","0.21695625392703599"
"070036",1,"3) # of groups=5",5,6,2,3,3,"-0.04807266094750981","-0.084183536135366693"
"070038",0,"",0,0,NA,NA,NA,"2.4098942284263698","NA"
"07003F",1,"3) # of groups=5",5,3,1,3,3,"-0.10118499361484469","-0.87075555170587104"
"080001",1,"3) # of groups=5",5,8,3,4,4,"0.23340786990291648","0.16033242436581599"
"080003",1,"3) # of groups=5",5,4,2,3,3,"-0.0055895704386184387","0.130720209989062"
"080004",1,"3) # of groups=5",5,7,2,2,2,"-0.54179850771181348","-0.139370472523935"
"080006",1,"3) # of groups=5",5,5,1,3,3,"-0.0057824606232003938","-0.32490899453203498"
"080007",1,"3) # of groups=5",5,7,1,3,3,"-0.13015659650552025","-1.6680184386410799"
"080009",1,"3) # of groups=5",5,7,2,3,3,"-0.017348874392918948","-0.113205674678554"
"08002F",1,"2) # of groups=4",4,1,3,4,4,"0.55516542071208397","0.50530248220457896"
"090001",1,"3) # of groups=5",5,8,2,2,2,"-0.47162317532498088","-0.070983986878277602"
"090003",1,"3) # of groups=5",5,6,1,1,1,"-0.7354391046368548","-0.49419460738386001"
"090004",1,"3) # of groups=5",5,7,2,3,3,"-0.06954197752229524","-0.106102438312002"
"090005",1,"3) # of groups=5",5,8,2,5,5,"0.47085774563313298","-0.034627463382993301"
"090008",1,"2) # of groups=4",4,4,3,3,3,"0.0077298423505902658","0.3006514448689"
"090011",1,"3) # of groups=5",5,8,3,3,3,"-0.13310008212862459","0.172764396728737"
"09002F",1,"3) # of groups=5",5,4,1,3,3,"-0.036844754109680605","-1.0534255038522"
"100001",1,"3) # of groups=5",5,7,3,4,4,"0.15345161776573302","0.298162176650272"
"100002",1,"3) # of groups=5",5,7,2,2,2,"-0.36002586782609913","0.10988099849819"
"100006",1,"3) # of groups=5",5,8,3,4,4,"0.2499519436684354","0.47226011571073401"
"100007",1,"3) # of groups=5",5,8,3,3,3,"0.030093254108977854","0.20455143433707099"
"100008",1,"3) # of groups=5",5,7,3,5,5,"0.42981609891969946","0.240052806473839"
"100012",1,"3) # of groups=5",5,7,3,5,5,"0.59825170069019462","0.47032421378558298"
"100014",1,"3) # of groups=5",5,7,3,4,4,"0.4108743581940274","0.21653919136341099"
"100017",1,"3) # of groups=5",5,8,2,2,2,"-0.42777047836822218","0.085985173816820595"
"100018",1,"3) # of groups=5",5,8,3,3,3,"-0.058554065354450527","0.14958506149294901"
"100019",1,"3) # of groups=5",5,8,4,4,4,"0.18822772392116355","0.661590127262904"
"100022",1,"3) # of groups=5",5,7,2,1,1,"-0.80224113718039503","0.084683884800886497"
"100023",1,"3) # of groups=5",5,7,4,2,2,"-0.27975786768897748","0.57346746645651503"
"100025",1,"3) # of groups=5",5,7,4,4,4,"0.20813199078692693","0.72249390544264303"
"100026",1,"3) # of groups=5",5,3,3,3,3,"-0.085376896272127648","0.43366086016585997"
"100028",1,"3) # of groups=5",5,7,1,2,2,"-0.52628893975109003","-0.45059760805980398"
"100029",1,"3) # of groups=5",5,6,1,1,1,"-1.0055902267008641","-0.67439949233888496"
"100030",1,"3) # of groups=5",5,7,1,3,3,"0.05434871265397704","-0.47380029179529598"
"100032",1,"3) # of groups=5",5,8,2,2,2,"-0.56455120548990245","-0.103071979038429"
"100034",1,"3) # of groups=5",5,7,2,3,3,"-0.024270117102506719","-0.114701438366052"
"100035",1,"3) # of groups=5",5,8,3,3,3,"-0.22390002040003254","0.47335798658442002"
"100038",1,"3) # of groups=5",5,8,3,3,3,"-0.053528260641006069","0.177772234800777"
"100039",1,"3) # of groups=5",5,7,3,3,3,"-0.19655359539713141","0.40362647321864298"
"100040",1,"3) # of groups=5",5,7,3,3,3,"-0.040594839075685299","0.48524456461033899"
"100043",1,"3) # of groups=5",5,4,3,4,4,"0.22350692473531844","0.32514110849566602"
"100044",1,"3) # of groups=5",5,7,3,3,3,"0.052326955229776782","0.49887579203375498"
"100045",1,"3) # of groups=5",5,6,3,4,4,"0.20635745958659141","0.42514884180878398"
"100046",1,"3) # of groups=5",5,5,3,4,4,"0.39461874332232427","0.31549156636161502"
"100047",1,"2) # of groups=4",4,2,4,2,2,"-0.44341566629990103","1.10994317452178"
"100049",1,"3) # of groups=5",5,5,4,3,3,"-0.10432244689869985","0.86861560795116999"
"100050",1,"3) # of groups=5",5,4,1,4,4,"0.22912597877827379","-0.48559722995930499"
"100051",1,"3) # of groups=5",5,7,2,3,3,"-0.070743136976036333","-0.201528345160122"
"100052",1,"3) # of groups=5",5,6,2,3,3,"-0.25030695405403203","-0.0057749291675496901"
"100053",1,"3) # of groups=5",5,6,3,3,3,"-0.10332113730036019","0.45035178896098699"
"100054",1,"3) # of groups=5",5,3,4,5,5,"0.67741334800178588","0.77110938192968503"
"100055",1,"3) # of groups=5",5,5,3,4,4,"0.10982535738016438","0.29246182207558402"
"100057",1,"3) # of groups=5",5,7,2,4,4,"0.37228255909534802","-0.057422865101518103"
"100062",1,"3) # of groups=5",5,6,4,4,4,"0.32399171298706575","1.0875164760648099"
"100063",1,"3) # of groups=5",5,6,3,3,3,"-0.16427867154871892","0.156639488140529"
"100067",1,"3) # of groups=5",5,6,3,3,3,"0.017833620297329392","0.15640245485305701"
"100068",1,"3) # of groups=5",5,8,2,5,5,"0.53031970558370745","-0.039704399899323298"
"100069",1,"3) # of groups=5",5,7,4,3,3,"-0.07746804834367875","0.66568304850043303"
"100071",1,"3) # of groups=5",5,5,3,1,1,"-0.88490052872321512","0.28706664310023899"
"100072",1,"3) # of groups=5",5,6,4,5,5,"0.44333464946813134","0.54977855502722095"
"100073",1,"3) # of groups=5",5,7,3,4,4,"0.084697051555637615","0.29016396507353498"
"100075",1,"3) # of groups=5",5,7,4,4,4,"0.38411595964509737","0.66870986808522104"
"100077",1,"3) # of groups=5",5,7,4,1,1,"-0.75937302955554731","0.62285747033828198"
"100080",1,"3) # of groups=5",5,8,2,2,2,"-0.31382026619561421","-0.085492014383345999"
"100084",1,"3) # of groups=5",5,7,1,3,3,"-0.069545262832769794","-0.64088389992445005"
"100086",1,"3) # of groups=5",5,7,3,3,3,"-0.19524757556816821","0.25434569400152501"
"100087",1,"3) # of groups=5",5,8,4,5,5,"0.68518205849043623","0.63138831570999598"
"100088",1,"3) # of groups=5",5,8,2,4,4,"0.20425942576904424","-0.163419653699448"
"100090",1,"3) # of groups=5",5,8,3,3,3,"-0.11818916139127458","0.445437682550961"
"100092",1,"3) # of groups=5",5,6,4,4,4,"0.2472365678664564","0.52907366940572498"
"100093",1,"3) # of groups=5",5,7,2,4,4,"0.19283652367161302","-0.035521744124034603"
"100099",1,"3) # of groups=5",5,3,3,2,2,"-0.28514714854819473","0.48987608603896099"
"10009F",1,"3) # of groups=5",5,4,1,3,3,"-0.096054746232128979","-0.35019045485037398"
"100105",1,"3) # of groups=5",5,7,3,4,4,"0.37900419217679343","0.179802468729786"
"100107",1,"3) # of groups=5",5,3,1,2,2,"-0.524523155834694","-0.45178202571318699"
"100109",1,"3) # of groups=5",5,7,1,3,3,"-0.15600523060137836","-0.32349690243434998"
"100110",1,"3) # of groups=5",5,7,4,2,2,"-0.45357406593424054","0.82127007371420602"
"100113",1,"3) # of groups=5",5,8,3,5,5,"0.52763202703134959","0.312110108437263"
"100117",1,"3) # of groups=5",5,8,4,4,4,"0.34787416328531939","0.72299119376992604"
"100118",1,"3) # of groups=5",5,5,3,5,5,"0.4668634926162526","0.40107754921541799"
"100121",1,"3) # of groups=5",5,3,1,3,3,"-0.042598773456399008","-0.376134126127179"
"100122",1,"3) # of groups=5",5,6,3,3,3,"-0.15317761958959081","0.300531339065292"
"100124",1,"3) # of groups=5",5,6,4,4,4,"0.11120696375687883","0.99274896012661695"
"100125",1,"3) # of groups=5",5,5,3,4,4,"0.082956616364579308","0.16617014144393799"
"100126",1,"3) # of groups=5",5,5,4,4,4,"0.10134956343192508","0.67854334921849602"
"100127",1,"3) # of groups=5",5,8,3,4,4,"0.29263593928830955","0.24087428231410801"
"100128",1,"3) # of groups=5",5,8,1,3,3,"-0.2519330905906757","-0.39801356244005798"
"100130",0,"",1,2,4,NA,NA,"0.36447792164460174","0.61633460163873499"
"100131",1,"3) # of groups=5",5,7,3,3,3,"-0.23570814699896434","0.37056379812403401"
"100132",1,"3) # of groups=5",5,6,1,3,3,"-0.10487990582142687","-0.68236721027941005"
"100134",1,"2) # of groups=4",4,0,NA,1,1,"-0.85272701687178576","NA"
"100135",1,"3) # of groups=5",5,8,2,3,3,"-0.15207527992555775","-0.21363269815192501"
"100137",1,"3) # of groups=5",5,7,4,3,3,"-0.2436471483616619","0.59254764721156805"
"100140",1,"3) # of groups=5",5,3,4,4,4,"0.42084563573195066","0.53243689309943298"
"100142",1,"3) # of groups=5",5,3,1,1,1,"-1.1119146193990768","-1.2605828896669999"
"100150",1,"3) # of groups=5",5,5,3,4,4,"0.11727792690566261","0.15651993248260601"
"100151",1,"3) # of groups=5",5,7,2,5,5,"0.78502989860357164","-0.040458289192567602"
"100154",1,"3) # of groups=5",5,7,4,4,4,"0.29976673485103106","0.702517747460494"
"100156",1,"3) # of groups=5",5,6,4,3,3,"-0.14765719990106702","0.79646086130864102"
"100157",1,"3) # of groups=5",5,8,1,1,1,"-0.81152107425209996","-0.700835090275994"
"10015F",0,"",2,1,3,NA,NA,"0.17073458779051609","0.38190033898381798"
"100161",1,"3) # of groups=5",5,7,2,2,2,"-0.53383873306396568","-0.25599713285395498"
"100166",1,"3) # of groups=5",5,7,4,4,4,"0.11326406462182362","0.96445653674313603"
"100167",1,"3) # of groups=5",5,8,2,2,2,"-0.47081151578670583","-0.22197506550090701"
"100168",1,"3) # of groups=5",5,8,2,2,2,"-0.28838298476370899","-0.043984266735213301"
"100173",1,"3) # of groups=5",5,8,2,3,3,"-0.24616620646413165","-0.043182669365235397"
"100175",1,"2) # of groups=4",4,2,2,2,2,"-0.24095295896569033","-0.179462614874977"
"100176",1,"3) # of groups=5",5,7,2,2,2,"-0.41152159385550924","-0.17859378796456599"
"100177",1,"3) # of groups=5",5,6,2,3,3,"0.014635345286131456","-0.25981002442453999"
"100179",1,"3) # of groups=5",5,7,2,2,2,"-0.44101122669809117","-0.21262061966454501"
"100180",1,"3) # of groups=5",5,5,2,2,2,"-0.58741026013031594","0.074218227860888303"
"100181",1,"3) # of groups=5",5,4,4,1,1,"-1.1673643184881251","0.72032422002879604"
"100183",1,"2) # of groups=4",4,2,3,3,3,"-0.052364294171521983","0.24162619141206701"
"100187",1,"3) # of groups=5",5,7,2,2,2,"-0.28966375666155841","0.029038390065136602"
"100189",1,"3) # of groups=5",5,7,3,2,2,"-0.43194560142777333","0.475134548816258"
"100191",1,"3) # of groups=5",5,8,3,2,2,"-0.54209607680258098","0.39468893087162399"
"100200",1,"3) # of groups=5",5,7,3,3,3,"-0.15659480684938182","0.31182038600940998"
"100204",1,"3) # of groups=5",5,8,4,3,3,"-0.1758914175475563","0.60154638264878701"
"100206",1,"3) # of groups=5",5,3,4,5,5,"0.50413419559978467","1.43465400423951"
"100209",1,"3) # of groups=5",5,7,4,4,4,"0.1287233869823598","0.55081675248485096"
"100211",1,"3) # of groups=5",5,3,4,4,4,"0.40296810944790395","1.00520480608699"
"100212",1,"3) # of groups=5",5,7,2,1,1,"-0.81815975665862872","-0.21401095819701599"
"100213",1,"3) # of groups=5",5,7,4,2,2,"-0.57034209845151607","0.75817726553431597"
"100217",1,"3) # of groups=5",5,4,3,4,4,"0.10970490169927058","0.47138110743286099"
"100220",1,"3) # of groups=5",5,8,3,4,4,"0.15602147305421732","0.47382477610343199"
"100223",1,"3) # of groups=5",5,7,3,3,3,"-0.13271884474636977","0.482244444118692"
"100224",1,"3) # of groups=5",5,6,4,2,2,"-0.54522046953815539","0.63311795601341003"
"100226",1,"3) # of groups=5",5,7,1,3,3,"-0.20916156755929996","-0.51593370011902195"
"100228",1,"3) # of groups=5",5,6,4,2,2,"-0.33309854197421612","0.93729345818611798"
"100230",1,"3) # of groups=5",5,6,4,4,4,"0.11294714003486751","0.565643181794804"
"100231",1,"3) # of groups=5",5,8,3,3,3,"-0.19701405490866503","0.23359009468616801"
"100232",1,"3) # of groups=5",5,5,3,2,2,"-0.64904698997555166","0.135621446601008"
"100236",1,"3) # of groups=5",5,7,3,1,1,"-0.70184434940908014","0.196762359795353"
"100238",1,"3) # of groups=5",5,6,2,1,1,"-0.98031180279694075","-0.15834060826288199"
"100242",1,"3) # of groups=5",5,7,3,2,2,"-0.29879420059538897","0.289122613400634"
"100243",1,"3) # of groups=5",5,8,3,3,3,"-0.2052705974208964","0.31979835250319999"
"100244",1,"3) # of groups=5",5,7,4,3,3,"0.056990854736561472","0.53003570179529802"
"100246",1,"3) # of groups=5",5,6,2,1,1,"-0.85618666056525028","0.11196324496658799"
"100248",1,"3) # of groups=5",5,6,2,2,2,"-0.55981651190219273","0.017470603994613001"
"100249",1,"3) # of groups=5",5,5,3,2,2,"-0.40725125304342369","0.22686219994429799"
"100252",1,"3) # of groups=5",5,3,4,3,3,"-0.024041960122201653","1.1878497177979901"
"100253",1,"3) # of groups=5",5,8,4,4,4,"0.23888112180417723","1.06866057127853"
"100254",1,"3) # of groups=5",5,8,4,2,2,"-0.29100857609999276","0.52430720568889699"
"100256",1,"3) # of groups=5",5,7,2,2,2,"-0.58689735831818779","-0.23468013548074501"
"100258",1,"3) # of groups=5",5,7,1,1,1,"-1.0902265240158786","-0.858182866673322"
"100259",1,"3) # of groups=5",5,6,3,2,2,"-0.43629056166021601","0.504155081913639"
"100260",1,"3) # of groups=5",5,8,4,1,1,"-0.9056561026136507","0.739147110717992"
"100264",1,"3) # of groups=5",5,7,3,1,1,"-0.83904210871588936","0.32459012343772597"
"100265",1,"3) # of groups=5",5,7,1,4,4,"0.13589993031186096","-0.44356293130022401"
"100266",1,"3) # of groups=5",5,4,2,4,4,"0.30679809583001594","-0.106553345293319"
"100267",1,"3) # of groups=5",5,4,4,3,3,"-0.046052587903123894","0.63397131617015501"
"100268",1,"3) # of groups=5",5,6,4,3,3,"-0.18491614073731411","0.88629857007125201"
"100269",1,"3) # of groups=5",5,7,4,2,2,"-0.51875427358456727","0.61520239066898896"
"100275",1,"3) # of groups=5",5,7,2,2,2,"-0.60753496331507684","-0.031623875004127402"
"100276",1,"3) # of groups=5",5,7,4,4,4,"0.12623321202654117","0.83325028108144406"
"100277",0,"",0,0,NA,NA,NA,"2.51009146074388","NA"
"100281",1,"3) # of groups=5",5,8,2,3,3,"0.041122298437844276","-0.074027706249956998"
"100284",1,"2) # of groups=4",4,3,4,2,2,"-0.49464874241538309","0.92293671060647997"
"100285",1,"3) # of groups=5",5,7,2,5,5,"0.52298847847291952","0.022071240222782999"
"100286",1,"3) # of groups=5",5,7,2,2,2,"-0.43405466513088842","0.043924553578229102"
"100287",1,"3) # of groups=5",5,8,2,2,2,"-0.61539455949959443","-0.099347074076144098"
"100288",1,"3) # of groups=5",5,6,2,1,1,"-0.77700845444840128","-0.25255477235940499"
"100289",1,"3) # of groups=5",5,8,2,5,5,"0.47107704818527318","-0.031741226845140601"
"100290",1,"3) # of groups=5",5,7,3,4,4,"0.14739653110536893","0.25515333631732801"
"100291",1,"3) # of groups=5",5,4,3,3,3,"-0.21270008099764237","0.176008771328997"
"100292",1,"2) # of groups=4",4,2,3,3,3,"0.2128207606549829","0.42227927693869899"
"100296",1,"3) # of groups=5",5,6,4,5,5,"0.7483961051553597","1.0105333655708599"
"100299",1,"3) # of groups=5",5,7,4,4,4,"0.13590084383420992","0.63184575929732101"
"100302",1,"2) # of groups=4",4,2,2,2,2,"-0.4895801634764273","-0.24792380611405199"
"100307",1,"3) # of groups=5",5,4,4,4,4,"0.21879406081520753","0.85519615990926701"
"100313",1,"1) # of groups=3",3,0,NA,3,3,"-0.026281351433986244","NA"
"100314",1,"3) # of groups=5",5,7,3,5,5,"0.68303056899644909","0.48053238020672301"
"100315",1,"3) # of groups=5",5,7,4,5,5,"0.42969695738412866","0.67559560731072199"
"100316",1,"3) # of groups=5",5,6,2,3,3,"0.010927154794787983","-0.12554954748176"
"100319",1,"3) # of groups=5",5,7,4,5,5,"0.46028938157287763","0.53314835751627299"
"100320",1,"2) # of groups=4",4,2,3,2,2,"-0.29605236397831863","0.43559033149090298"
"100321",1,"3) # of groups=5",5,3,2,3,3,"-0.064914901884689652","-0.047018757953528001"
"100329",1,"3) # of groups=5",5,5,3,3,3,"-0.035717519983943402","0.17018826369218101"
"100330",0,"",3,2,1,NA,NA,"-0.23689625284933363","-0.95334888755384795"
"100350",1,"2) # of groups=4",4,2,2,3,3,"0.082751942489374647","0.0301744213401187"
"100359",1,"3) # of groups=5",5,7,4,5,5,"0.49384533853704932","0.83203383168543898"
"100360",1,"3) # of groups=5",5,5,3,3,3,"0.046802221176555879","0.51501690802994005"
"100361",1,"2) # of groups=4",4,1,3,4,4,"0.5609629637431115","0.38190033898381798"
"100362",0,"",2,2,2,NA,NA,"0.062687919818637236","-0.0047865410818696804"
"100363",1,"2) # of groups=4",4,2,4,4,4,"0.45394724721809349","0.71220100987738799"
"10057F",1,"3) # of groups=5",5,4,1,4,4,"0.079226629659850265","-0.41520967475609699"
"10063F",1,"3) # of groups=5",5,4,2,4,4,"0.3690460322094864","0.019339895029876899"
"10064F",1,"3) # of groups=5",5,4,1,4,4,"0.24778417249532092","-0.63417440073085896"
"10065F",1,"3) # of groups=5",5,4,1,3,3,"-0.20528145521179486","-0.48597409865729602"
"10099F",1,"3) # of groups=5",5,4,4,5,5,"0.84931374116787606","0.86692831577762497"
"101300",0,"",1,0,NA,NA,NA,"0.54249588441415797","NA"
"101303",0,"",1,0,NA,NA,NA,"1.4696796494798801","NA"
"101304",0,"",1,0,NA,NA,NA,"0.4545422975952042","NA"
"101307",1,"1) # of groups=3",3,0,NA,2,2,"-0.94428976617688176","NA"
"101308",1,"1) # of groups=3",3,0,NA,2,2,"-0.966441875628123","NA"
"101309",0,"",1,0,NA,NA,NA,"-0.0061722913902025334","NA"
"101311",0,"",1,0,NA,NA,NA,"0.1488078587407618","NA"
"101312",0,"",3,0,NA,NA,NA,"0.5791504397887377","NA"
"101313",1,"2) # of groups=4",4,0,NA,5,5,"0.75585849947975547","NA"
"101314",0,"",1,0,NA,NA,NA,"-0.18035043411182899","NA"
"101315",0,"",1,0,NA,NA,NA,"0.410667280649609","NA"
"110001",1,"3) # of groups=5",5,6,2,3,3,"-0.19588954788864926","0.029238014002955701"
"110002",1,"3) # of groups=5",5,4,4,1,1,"-0.72000284822827532","0.58153397633272197"
"110003",1,"3) # of groups=5",5,6,3,3,3,"-0.23695273330063046","0.245879023242944"
"110005",1,"3) # of groups=5",5,8,2,4,4,"0.37713547498388","-0.24042349546720099"
"110006",1,"3) # of groups=5",5,7,1,1,1,"-1.0161686870247171","-2.04037503788562"
"110007",1,"3) # of groups=5",5,8,3,2,2,"-0.51082202872864269","0.205378770348844"
"110008",1,"3) # of groups=5",5,8,1,4,4,"0.27641875982005226","-0.98347919916607796"
"110010",1,"3) # of groups=5",5,8,1,4,4,"0.1709761812217909","-0.49269147822131099"
"110011",1,"3) # of groups=5",5,6,1,2,2,"-0.4901937937979946","-1.1115621108359599"
"110015",1,"3) # of groups=5",5,3,3,3,3,"-0.0026492971691430139","0.37917225187922599"
"110016",1,"3) # of groups=5",5,6,3,5,5,"0.44212558481414926","0.31052271581816598"
"110018",1,"3) # of groups=5",5,7,3,3,3,"-0.22750896918138389","0.27183307411986701"
"110023",1,"3) # of groups=5",5,5,1,3,3,"-0.2649193295791486","-2.2909826337769101"
"110024",1,"3) # of groups=5",5,7,1,2,2,"-0.5438343670889616","-0.60720654232581295"
"110025",1,"3) # of groups=5",5,8,1,2,2,"-0.29165983776488585","-0.67919197185053504"
"110027",1,"2) # of groups=4",4,2,1,3,3,"0.14203488199999767","-0.49604579027940299"
"110028",1,"3) # of groups=5",5,8,2,2,2,"-0.43703343064814759","-0.150360279780172"
"110029",1,"3) # of groups=5",5,8,2,3,3,"-0.12055495961572515","-0.18139038738684199"
"110030",1,"3) # of groups=5",5,6,3,3,3,"-0.15065038557332344","0.308589936708971"
"110031",1,"3) # of groups=5",5,7,2,2,2,"-0.29960022258806573","-0.15713687377737501"
"110032",1,"2) # of groups=4",4,2,2,2,2,"-0.21685261970475747","0.092958970172054595"
"110034",1,"3) # of groups=5",5,7,1,1,1,"-0.77410951645061776","-1.5611230517741701"
"110035",1,"3) # of groups=5",5,8,2,4,4,"0.25173789836844523","0.039251437362335898"
"110036",1,"3) # of groups=5",5,8,3,1,1,"-0.75062103179890749","0.27772493192035902"
"110038",1,"3) # of groups=5",5,6,1,2,2,"-0.40514841544978081","-0.67194928039834001"
"110041",1,"2) # of groups=4",4,2,4,3,3,"0.24031553473641898","0.58548406583354395"
"110042",1,"3) # of groups=5",5,6,3,4,4,"0.34988720973570359","0.36547757447428098"
"110043",1,"3) # of groups=5",5,7,1,2,2,"-0.51197543020140324","-1.50197015531088"
"110044",1,"3) # of groups=5",5,4,4,3,3,"-0.15958536636534226","0.76333081522409896"
"110045",1,"2) # of groups=4",4,2,2,4,4,"0.36975940097217713","-0.15432805483825399"
"110046",1,"3) # of groups=5",5,4,2,4,4,"0.1195250352252013","-0.094274155198035406"
"110050",1,"2) # of groups=4",4,0,NA,5,5,"1.3457627183122078","NA"
"110051",1,"3) # of groups=5",5,4,3,3,3,"-0.022207358493585402","0.42202261363876598"
"110054",1,"3) # of groups=5",5,8,2,2,2,"-0.60018857872856934","-0.26691288485192899"
"110064",1,"3) # of groups=5",5,7,1,2,2,"-0.5745147944415725","-0.93055796138751601"
"110069",1,"3) # of groups=5",5,7,2,2,2,"-0.40823553461611239","-0.0011319485597634201"
"110071",0,"",1,0,NA,NA,NA,"-1.1249504757006135","NA"
"110073",0,"",3,1,1,NA,NA,"-0.7998821860662908","-0.35851252034074998"
"110074",1,"3) # of groups=5",5,7,1,4,4,"0.12187777943080978","-0.31008100523903398"
"110075",1,"3) # of groups=5",5,7,2,3,3,"-0.17907068943757612","-0.27597980532642302"
"110076",1,"3) # of groups=5",5,8,1,2,2,"-0.61109526011927251","-0.65997580240564802"
"110078",1,"3) # of groups=5",5,7,1,2,2,"-0.48998746281126354","-1.06712408587519"
"110079",1,"3) # of groups=5",5,7,1,2,2,"-0.35486701619871569","-0.31026436875154201"
"110082",1,"3) # of groups=5",5,6,2,3,3,"-0.069069505826883759","-0.212742902648417"
"110083",1,"3) # of groups=5",5,8,3,4,4,"0.34566138007946323","0.17885093214967801"
"110086",0,"",3,0,NA,NA,NA,"-0.22665009670874403","NA"
"110087",1,"3) # of groups=5",5,8,2,3,3,"0.043404882819795099","-0.088107423393466097"
"110089",1,"3) # of groups=5",5,4,4,3,3,"-0.231972842055787","0.77707275708521595"
"110091",1,"3) # of groups=5",5,6,3,3,3,"-0.23312611640462111","0.28296281000960599"
"110092",0,"",3,2,1,NA,NA,"-0.28138487273711621","-0.84971754918760101"
"110095",1,"3) # of groups=5",5,6,3,3,3,"-0.26256899547288781","0.219532267198711"
"110100",0,"",2,0,NA,NA,NA,"-0.22914981686685457","NA"
"110101",0,"",3,1,2,NA,NA,"0.65635912866050161","0.073394980931914405"
"110104",1,"3) # of groups=5",5,3,1,2,2,"-0.32059108832745542","-0.52384329043631594"
"110105",1,"3) # of groups=5",5,7,4,4,4,"0.1424234377266759","0.98767479727825302"
"110107",1,"3) # of groups=5",5,8,2,2,2,"-0.51633379795780632","-0.093914174411635798"
"110109",1,"2) # of groups=4",4,1,4,4,4,"0.68686501329242555","1.1592742223455501"
"110111",0,"",3,2,4,NA,NA,"0.029009825191762303","0.67803567324911496"
"110113",0,"",3,1,3,NA,NA,"0.38314435121799417","0.196797124152676"
"110121",0,"",3,1,1,NA,NA,"-0.44325174383616101","-1.4128290880791401"
"110122",1,"3) # of groups=5",5,7,2,2,2,"-0.42637507088316434","-0.092346778561806203"
"110124",1,"3) # of groups=5",5,3,3,3,3,"-0.14792901319277996","0.30556960128356803"
"110125",1,"3) # of groups=5",5,5,4,4,4,"0.27923161754128367","1.1097121666974299"
"110128",1,"3) # of groups=5",5,3,4,5,5,"0.48686319442721304","0.91706792152067895"
"110129",1,"3) # of groups=5",5,7,2,3,3,"-0.066933801030201148","-0.037774576976022399"
"110132",1,"2) # of groups=4",4,2,4,1,1,"-0.74479073880171742","0.67803567324911496"
"110142",0,"",3,1,2,NA,NA,"0.12995907873247831","0.073394980931914405"
"110143",1,"3) # of groups=5",5,8,2,3,3,"-0.030506777095415688","-0.118774396929738"
"110146",1,"2) # of groups=4",4,2,4,4,4,"0.32341024649146621","0.70888620905430599"
"110150",1,"2) # of groups=4",4,2,2,2,2,"-0.24477231223235163","-0.276764720921443"
"110153",1,"1) # of groups=3",3,2,3,4,4,"0.10365926987359284","0.506704544232633"
"110161",1,"3) # of groups=5",5,8,1,3,3,"-0.23222099776532906","-0.61221368103500196"
"110164",1,"3) # of groups=5",5,7,1,3,3,"-0.23237853252644874","-0.31534843805642798"
"110165",1,"3) # of groups=5",5,5,3,1,1,"-1.5305073953009449","0.340595530004901"
"110168",1,"3) # of groups=5",5,7,2,4,4,"0.18085883987222343","-0.28608895308944698"
"110177",1,"3) # of groups=5",5,8,3,3,3,"-0.1103971080792536","0.45845228480147299"
"110184",1,"3) # of groups=5",5,6,1,3,3,"-0.10209546953460544","-1.54938378983949"
"110190",0,"",0,0,NA,NA,NA,"1.10733020829871","NA"
"110191",1,"3) # of groups=5",5,8,3,2,2,"-0.29976529238959093","0.13505669587919"
"110192",1,"3) # of groups=5",5,7,2,2,2,"-0.38780362525537887","0.0055326464132230803"
"110194",0,"",3,1,3,NA,NA,"0.16032731048322785","0.13509605254229501"
"110198",1,"3) # of groups=5",5,6,1,2,2,"-0.40990953330939006","-0.84746616544553499"
"110200",1,"3) # of groups=5",5,6,3,5,5,"0.46899409760353516","0.47375530322046899"
"110201",1,"2) # of groups=4",4,2,4,4,4,"0.26800508081569568","0.73973674485949603"
"110209",0,"",0,1,4,NA,NA,"1.0082300970131208","1.1592742223455501"
"110215",1,"3) # of groups=5",5,8,1,3,3,"0.055670933550685031","-0.31871855312365499"
"110225",1,"3) # of groups=5",5,4,2,4,4,"0.34187771606226802","0.030470141601471799"
"110226",1,"3) # of groups=5",5,6,2,1,1,"-1.0262201245887466","-0.28978868780244299"
"110229",1,"3) # of groups=5",5,7,3,4,4,"0.077561187988707786","0.41302412462668198"
"110230",1,"3) # of groups=5",5,7,2,4,4,"0.26299790630636677","-0.20294440296576"
"110233",1,"2) # of groups=4",4,4,3,5,5,"1.0103313827900575","0.16849885590408001"
"110234",0,"",1,0,NA,NA,NA,"0.48342259168477703","NA"
"110236",1,"1) # of groups=3",3,0,NA,3,3,"-0.017348896582534162","NA"
"110237",1,"2) # of groups=4",4,1,4,5,5,"0.72128708461492763","1.1592742223455501"
"110252",1,"3) # of groups=5",5,5,1,4,4,"0.085265294555232157","-0.430913105780109"
"11029F",1,"3) # of groups=5",5,4,1,3,3,"-0.076386391874142007","-0.61025428279312399"
"11030F",1,"3) # of groups=5",5,4,2,4,4,"0.31142489209384727","-0.18150568668144501"
"11031F",0,"",2,0,NA,NA,NA,"1.6008397918003903","NA"
"111302",0,"",1,1,4,NA,NA,"0.8537406483292127","1.1592742223455501"
"111303",0,"",1,0,NA,NA,NA,"1.0841361095594499","NA"
"111304",0,"",1,1,1,NA,NA,"-0.56074881663514375","-2.0216439867464402"
"111305",0,"",1,1,4,NA,NA,"-0.34327371782086652","1.1592742223455501"
"111306",0,"",3,0,NA,NA,NA,"0.84137593893125717","NA"
"111308",0,"",1,0,NA,NA,NA,"1.90366757334432","NA"
"111310",1,"2) # of groups=4",4,1,1,1,1,"-1.1715845355569827","-3.8788087005710001"
"111311",0,"",1,0,NA,NA,NA,"0.26863603562757399","NA"
"111312",0,"",2,0,NA,NA,NA,"0.31974361136493884","NA"
"111313",0,"",2,0,NA,NA,NA,"-0.48221192141281516","NA"
"111314",0,"",1,0,NA,NA,NA,"-1.4957799579158","NA"
"111316",0,"",1,0,NA,NA,NA,"1.0548897352500799","NA"
"111318",0,"",1,0,NA,NA,NA,"-0.83774920273251574","NA"
"111319",0,"",1,1,1,NA,NA,"-0.53097933072202019","-1.22292352335723"
"111320",0,"",2,1,4,NA,NA,"0.76345580578144412","1.1592742223455501"
"111323",0,"",3,1,4,NA,NA,"0.79997239636307427","1.04295049241793"
"111324",0,"",1,0,NA,NA,NA,"-1.8902834422660368","NA"
"111325",0,"",1,0,NA,NA,NA,"-0.3063799705032676","NA"
"111326",0,"",1,1,4,NA,NA,"0.71161241915354978","1.1592742223455501"
"111327",0,"",3,0,NA,NA,NA,"-0.7691324389764429","NA"
"111328",0,"",1,0,NA,NA,NA,"-1.0471644670869131","NA"
"111329",1,"2) # of groups=4",4,2,4,4,4,"0.53775611830487846","1.16260436061262"
"111330",0,"",1,1,1,NA,NA,"-0.67774997012637606","-1.9434475777433"
"111331",0,"",1,1,1,NA,NA,"-4.1269975854334273","-7.1351305897731603"
"111332",0,"",0,1,4,NA,NA,"1.6121017139802927","1.16593449887969"
"111333",0,"",2,1,2,NA,NA,"-0.10636928971421908","-0.24826113971095401"
"111334",0,"",1,0,NA,NA,NA,"-1.3399861752847266","NA"
"111335",0,"",2,0,NA,NA,NA,"0.20937112614517503","NA"
"111336",0,"",1,0,NA,NA,NA,"0.5776773330066437","NA"
"111337",0,"",2,0,NA,NA,NA,"-0.27458713438854765","NA"
"120001",1,"3) # of groups=5",5,8,1,3,3,"0.020073190958664354","-0.80809208506777397"
"120002",1,"3) # of groups=5",5,6,1,2,2,"-0.38283250867060181","-0.81482961550144595"
"120005",1,"3) # of groups=5",5,6,2,3,3,"-0.10845028984437635","0.050725254026826198"
"120006",1,"3) # of groups=5",5,7,4,4,4,"0.3031053061955401","1.00030772302215"
"120007",1,"3) # of groups=5",5,7,3,4,4,"0.34538681901390622","0.39993370397391298"
"120011",1,"3) # of groups=5",5,6,2,4,4,"0.086739104974574058","-0.124104766135227"
"120014",1,"3) # of groups=5",5,4,1,2,2,"-0.34926416557402995","-0.69470623296482004"
"120019",1,"3) # of groups=5",5,5,1,2,2,"-0.35737817688420959","-0.97595417803754303"
"120022",1,"3) # of groups=5",5,7,1,4,4,"0.26164555144157314","-0.45823256389575201"
"120026",1,"3) # of groups=5",5,6,3,4,4,"0.32544160541218836","0.231057554902625"
"120028",1,"2) # of groups=4",4,2,1,3,3,"0.0073654204240940629","-2.1648318218110698"
"121300",0,"",2,1,4,NA,NA,"0.63291445347691422","1.1592742223455501"
"121301",0,"",1,0,NA,NA,NA,"0.70539433786371997","NA"
"121302",0,"",1,0,NA,NA,NA,"1.46004668078129","NA"
"121303",0,"",1,0,NA,NA,NA,"1.5994899646446401","NA"
"121304",0,"",1,0,NA,NA,NA,"1.6014527250496799","NA"
"121305",0,"",0,0,NA,NA,NA,"2.2140084067386399","NA"
"121306",0,"",1,0,NA,NA,NA,"0.52576338887770502","NA"
"121307",0,"",1,0,NA,NA,NA,"0.95995139558692399","NA"
"121308",0,"",1,0,NA,NA,NA,"1.9326773444526799","NA"
"130002",1,"3) # of groups=5",5,6,3,4,4,"0.41874934712830225","0.39514013603739501"
"130003",1,"3) # of groups=5",5,4,2,2,2,"-0.4171191472099911","-0.027862026702941502"
"130006",1,"3) # of groups=5",5,8,2,5,5,"0.4947800286831695","0.00030195752151707502"
"130007",1,"3) # of groups=5",5,7,1,3,3,"-0.13573425426045721","-0.32752636311635902"
"130013",1,"3) # of groups=5",5,7,1,3,3,"0.022403897617706635","-0.75049672054509597"
"130014",1,"2) # of groups=4",4,2,4,5,5,"0.90051944236540682","0.986541031301018"
"130018",1,"3) # of groups=5",5,7,3,3,3,"-0.054584161366311335","0.295948087136367"
"130025",0,"",3,2,3,NA,NA,"0.29056612011777949","0.26484231507219302"
"130028",1,"3) # of groups=5",5,7,2,4,4,"0.10977247380155922","-0.0225966244209155"
"13003F",1,"3) # of groups=5",5,4,4,5,5,"0.96498993827738122","0.89881139008669497"
"130049",1,"3) # of groups=5",5,7,3,4,4,"0.27596793987174811","0.41187352062126897"
"130063",0,"",2,1,3,NA,NA,"0.71333231067285929","0.32019926737343701"
"130065",1,"2) # of groups=4",4,5,3,3,3,"0.19201629026562428","0.42276190669860497"
"130066",0,"",3,2,3,NA,NA,"0.83723065499245619","0.48593498929461199"
"130071",1,"3) # of groups=5",5,5,2,5,5,"0.4790946667684336","-0.078571938491592302"
"130073",0,"",0,0,NA,NA,NA,"1.5081191375687599","NA"
"130074",1,"3) # of groups=5",5,5,1,4,4,"0.26892881314083317","-0.71057266773335903"
"131301",0,"",1,0,NA,NA,NA,"-0.33992051925319938","NA"
"131302",0,"",2,0,NA,NA,NA,"-0.34028016913564429","NA"
"131303",0,"",1,0,NA,NA,NA,"1.012284341379555","NA"
"131304",0,"",1,0,NA,NA,NA,"0.27963003901460798","NA"
"131305",1,"2) # of groups=4",4,1,2,3,3,"-0.039009537238241077","0.055125753448161098"
"131307",0,"",2,0,NA,NA,NA,"0.44505864766405023","NA"
"131309",0,"",1,0,NA,NA,NA,"-0.27358459328437024","NA"
"131310",0,"",1,0,NA,NA,NA,"0.54558449714010027","NA"
"131311",1,"2) # of groups=4",4,0,NA,5,5,"0.97724720944398491","NA"
"131312",0,"",3,0,NA,NA,NA,"0.7901879327154826","NA"
"131313",0,"",2,0,NA,NA,NA,"0.28370633438616089","NA"
"131314",1,"1) # of groups=3",3,0,NA,3,3,"0.041232675765345873","NA"
"131315",0,"",1,0,NA,NA,NA,"-0.63028839884569254","NA"
"131316",0,"",1,0,NA,NA,NA,"0.51577833613952007","NA"
"131317",0,"",1,0,NA,NA,NA,"-0.45222478122705001","NA"
"131318",0,"",2,0,NA,NA,NA,"-0.021214789060849865","NA"
"131319",0,"",3,0,NA,NA,NA,"0.20147914047096965","NA"
"131320",1,"2) # of groups=4",4,0,NA,2,2,"-0.23001480722223155","NA"
"131321",0,"",2,0,NA,NA,NA,"-0.5171520824562077","NA"
"131322",1,"1) # of groups=3",3,0,NA,3,3,"-0.11714037627875447","NA"
"131323",1,"2) # of groups=4",4,0,NA,4,4,"0.62272440004036977","NA"
"131324",0,"",1,0,NA,NA,NA,"0.42637433572088623","NA"
"131325",0,"",3,2,4,NA,NA,"0.45881503059316292","1.1044424956488099"
"131326",1,"2) # of groups=4",4,1,4,3,3,"0.21370800959302239","1.1592742223455501"
"131327",1,"2) # of groups=4",4,0,NA,3,3,"-0.1194026333635011","NA"
"131328",1,"2) # of groups=4",4,2,1,2,2,"-0.69705703416637532","-2.6940726599732598"
"140001",1,"3) # of groups=5",5,3,3,3,3,"-0.13501902145653757","0.18902749089392201"
"140002",1,"3) # of groups=5",5,7,3,4,4,"0.42184693781408328","0.46611395367862901"
"140007",1,"3) # of groups=5",5,6,1,1,1,"-0.90803578269468133","-2.1645638690064701"
"140008",1,"3) # of groups=5",5,5,4,3,3,"-0.20096308600954657","0.58380822368140906"
"140010",1,"3) # of groups=5",5,8,4,5,5,"0.74690151747395639","0.58465236282315802"
"140011",1,"3) # of groups=5",5,6,1,1,1,"-0.87436925902874363","-1.4661340830780101"
"140012",1,"2) # of groups=4",4,2,1,2,2,"-0.50929815342538087","-2.1541311269094301"
"140013",1,"3) # of groups=5",5,4,2,3,3,"0.016434034245984497","-0.100829041763353"
"140015",1,"3) # of groups=5",5,7,2,4,4,"0.089684333022947205","-0.036920218393093999"
"140018",1,"3) # of groups=5",5,7,1,1,1,"-1.0059473566858039","-1.3248531559358001"
"140029",1,"3) # of groups=5",5,8,3,4,4,"0.33882527078337477","0.37193741022584198"
"140030",1,"3) # of groups=5",5,6,3,4,4,"0.40494490140382505","0.390866826190924"
"140032",1,"3) # of groups=5",5,4,2,3,3,"-0.064988394875193353","-0.071968143010718605"
"140034",1,"2) # of groups=4",4,2,2,3,3,"-0.04990179078312279","0.061886731763135201"
"14003F",1,"3) # of groups=5",5,4,1,4,4,"0.22234404097723115","-1.22155554834839"
"140043",1,"3) # of groups=5",5,5,2,1,1,"-0.967374886452399","-0.28270213747246897"
"140046",1,"3) # of groups=5",5,7,3,4,4,"0.16764209573337041","0.41397768272401297"
"140048",1,"3) # of groups=5",5,7,2,2,2,"-0.31932413746653832","-0.11398404678966501"
"140049",1,"3) # of groups=5",5,5,1,1,1,"-0.75984330352156815","-0.45126488093947498"
"14004F",0,"",1,0,NA,NA,NA,"1.6194445626315876","NA"
"140052",1,"2) # of groups=4",4,2,3,4,4,"0.32992594504840328","0.52378299422316399"
"140053",1,"3) # of groups=5",5,6,1,2,2,"-0.33650058248054643","-0.37595922489431"
"140054",1,"3) # of groups=5",5,6,3,3,3,"-0.16707543931346225","0.47158859328746999"
"140059",1,"2) # of groups=4",4,2,3,3,3,"-0.08917449273833121","0.21851304621598899"
"140062",1,"3) # of groups=5",5,8,2,4,4,"0.10296860782233512","-0.290204528190252"
"140063",1,"3) # of groups=5",5,5,1,4,4,"0.15549546113616963","-0.39737839281431803"
"140064",1,"3) # of groups=5",5,4,1,2,2,"-0.38103769387723313","-0.44436600515424102"
"140065",1,"3) # of groups=5",5,7,4,5,5,"0.71160633302468768","0.67371626961011999"
"140067",1,"3) # of groups=5",5,8,1,2,2,"-0.40896096368591905","-0.40324177539568601"
"140068",1,"2) # of groups=4",4,2,1,1,1,"-1.0541691072899115","-0.363078280638434"
"140077",0,"",2,1,2,NA,NA,"-0.32192114508585479","0.073394980931914405"
"14007F",1,"3) # of groups=5",5,4,1,3,3,"-0.26976743293498034","-0.83263048066366196"
"140080",1,"3) # of groups=5",5,4,1,2,2,"-0.53699026067459044","-0.44373769377328398"
"140082",1,"3) # of groups=5",5,5,1,1,1,"-1.19523346465916","-1.4013899769231599"
"140083",0,"",1,2,4,NA,NA,"0.32628218771918061","0.67803567324911496"
"140084",1,"3) # of groups=5",5,4,4,2,2,"-0.36547140066542705","0.56305782337226096"
"140088",1,"3) # of groups=5",5,7,3,4,4,"0.33154293536250379","0.364963595452728"
"140089",1,"2) # of groups=4",4,2,4,3,3,"-0.018668637528905324","0.64718513744392503"
"14008F",1,"2) # of groups=4",4,1,1,3,3,"-0.15028056543379134","-0.420213591951131"
"140091",1,"3) # of groups=5",5,7,1,2,2,"-0.30390722841113871","-0.31205400434310498"
"140093",1,"3) # of groups=5",5,3,2,2,2,"-0.45098412269041721","-0.018937606872623299"
"140095",1,"2) # of groups=4",4,3,3,2,2,"-0.59053212636318464","0.36602883498577199"
"140100",1,"2) # of groups=4",4,3,2,4,4,"0.31410273965448521","0.103424420140586"
"140101",1,"3) # of groups=5",5,5,4,4,4,"0.33619152062750995","0.73862372307355795"
"140103",1,"3) # of groups=5",5,5,4,1,1,"-0.97571270711764346","0.75852776019639701"
"140110",1,"3) # of groups=5",5,4,4,3,3,"-0.013106518989297988","0.66957276631268203"
"140113",1,"3) # of groups=5",5,4,2,3,3,"-0.019860426646689661","-0.194081588413162"
"140114",1,"3) # of groups=5",5,6,3,3,3,"-0.0061505275499362938","0.17676280155467899"
"140115",0,"",3,2,3,NA,NA,"-0.18036423500998908","0.18442710036606999"
"140116",1,"3) # of groups=5",5,7,4,5,5,"0.75319550012383607","0.80697691254364601"
"140117",1,"3) # of groups=5",5,6,2,3,3,"-0.091234960003052534","0.0214140339355125"
"140119",1,"3) # of groups=5",5,8,3,5,5,"0.57958551613742282","0.36917189710976001"
"140120",1,"2) # of groups=4",4,2,1,3,3,"-0.11710095955273093","-0.71501397241243403"
"140122",1,"3) # of groups=5",5,7,3,5,5,"0.54009869196233484","0.44305136254807598"
"140124",1,"3) # of groups=5",5,7,3,2,2,"-0.47001281185553256","0.196523219926028"
"140125",1,"3) # of groups=5",5,3,2,2,2,"-0.59856584247577249","-0.27546517571948598"
"140127",1,"3) # of groups=5",5,7,2,3,3,"-0.17453424452009678","-0.176348602676203"
"140130",1,"3) # of groups=5",5,7,2,5,5,"0.67815691104285891","0.034088512127709698"
"140133",1,"3) # of groups=5",5,5,3,2,2,"-0.57199240700510423","0.13650435835161601"
"140135",1,"3) # of groups=5",5,6,4,3,3,"-0.13496796525406296","0.57396198064128101"
"140137",1,"2) # of groups=4",4,0,NA,3,3,"-0.02392011666640716","NA"
"140145",1,"2) # of groups=4",4,2,1,4,4,"0.38680142505806886","-0.71248227948452103"
"140148",1,"3) # of groups=5",5,8,1,3,3,"-0.19434529304788967","-0.40844174578229703"
"140150",1,"3) # of groups=5",5,8,2,4,4,"0.12242103231815372","-0.058998112137115297"
"140155",1,"3) # of groups=5",5,3,4,4,4,"0.23174961117719478","0.77900565690131396"
"140158",1,"2) # of groups=4",4,2,1,1,1,"-0.98762724976427685","-1.51900700636265"
"140160",1,"3) # of groups=5",5,4,4,3,3,"-0.0015006216819426973","0.85758566127820901"
"140161",1,"3) # of groups=5",5,3,3,4,4,"0.18372374604856481","0.42234180059587001"
"140162",1,"3) # of groups=5",5,7,2,2,2,"-0.46727532302428604","0.031017828439164698"
"140164",1,"3) # of groups=5",5,6,1,1,1,"-0.69353879057675738","-0.58998175018776999"
"140166",1,"3) # of groups=5",5,3,1,1,1,"-0.87155921420593252","-1.49669653862331"
"140172",1,"3) # of groups=5",5,7,2,3,3,"-0.068370281185881357","0.0234791828441227"
"140174",1,"2) # of groups=4",4,2,3,3,3,"-0.10593277308265611","0.22840632148106399"
"140177",1,"3) # of groups=5",5,3,4,1,1,"-1.3045805228115659","0.86123563899609901"
"140179",1,"3) # of groups=5",5,6,2,2,2,"-0.33646585022496878","-0.13826274041900799"
"140180",1,"3) # of groups=5",5,4,3,3,3,"-0.087731835741486533","0.50850268042660196"
"140181",0,"",2,3,1,NA,NA,"-2.4641211488903174","-1.3266005322621699"
"140182",1,"3) # of groups=5",5,7,1,3,3,"-0.032316314220061884","-0.37310005578543398"
"140184",1,"3) # of groups=5",5,3,2,2,2,"-0.55291144625402167","-0.096000497626425194"
"140185",1,"3) # of groups=5",5,7,3,5,5,"0.7036111895492807","0.37976687991501001"
"140186",1,"3) # of groups=5",5,6,4,4,4,"0.15517749662851804","0.593007233658157"
"140187",1,"3) # of groups=5",5,7,3,4,4,"0.1378867339512298","0.51698066914490604"
"140189",1,"3) # of groups=5",5,7,1,3,3,"-0.20240168571546402","-0.58199159794111599"
"140191",1,"3) # of groups=5",5,7,1,2,2,"-0.5770214672430537","-0.49213619216041299"
"140197",0,"",2,0,NA,NA,NA,"-1.2322856651007263","NA"
"140200",1,"3) # of groups=5",5,8,3,3,3,"0.059962097232647324","0.35485383848610702"
"140202",1,"3) # of groups=5",5,7,3,4,4,"0.39557272796050152","0.238649777100119"
"140206",1,"3) # of groups=5",5,4,1,1,1,"-1.3261205639775322","-0.60474562842906299"
"140208",1,"3) # of groups=5",5,8,2,3,3,"-0.1434461299232539","-0.055035574743625901"
"140209",1,"3) # of groups=5",5,6,3,2,2,"-0.37293156381838066","0.138334404430246"
"140210",1,"2) # of groups=4",4,1,3,2,2,"-0.40636134647478117","0.13509605254229501"
"140211",1,"3) # of groups=5",5,7,4,5,5,"0.70239389779744321","0.55076641201901499"
"140213",1,"3) # of groups=5",5,8,3,5,5,"0.44147788089452644","0.40422157171985001"
"140217",1,"3) # of groups=5",5,3,4,4,4,"0.12473171566251637","0.71720331975698604"
"140223",1,"3) # of groups=5",5,8,2,4,4,"0.36379889081533456","-0.137824514239897"
"140224",1,"3) # of groups=5",5,4,4,4,4,"0.29600684538726102","0.53968005286079201"
"140228",1,"3) # of groups=5",5,7,4,3,3,"-0.067605470281068419","0.64931268322839097"
"140231",1,"3) # of groups=5",5,8,3,3,3,"-0.025872020647267166","0.15979121314355499"
"140233",1,"3) # of groups=5",5,7,2,2,2,"-0.49170945896063439","-0.22895544960217801"
"140239",1,"3) # of groups=5",5,6,2,3,3,"0.038403805849805697","-0.255507414613312"
"140242",1,"3) # of groups=5",5,8,4,5,5,"0.55682529029522576","0.65003729025470702"
"140251",1,"3) # of groups=5",5,5,4,2,2,"-0.52963278629177579","0.59648838400541104"
"140252",1,"3) # of groups=5",5,8,4,4,4,"0.3567032609859011","0.54173693709288195"
"140258",1,"3) # of groups=5",5,7,2,3,3,"-0.099901906459097273","0.00032814079045415302"
"140275",1,"3) # of groups=5",5,5,1,2,2,"-0.33130350710901268","-0.81564024167043603"
"140276",1,"3) # of groups=5",5,8,1,2,2,"-0.4223185944055774","-0.33303462517212201"
"140280",1,"3) # of groups=5",5,7,3,3,3,"-0.26549339284156614","0.35602779123810202"
"140281",1,"3) # of groups=5",5,8,4,5,5,"0.64682417260062741","0.59733764168460701"
"140286",1,"3) # of groups=5",5,6,4,5,5,"0.74006549411670486","0.842225701662352"
"140288",1,"3) # of groups=5",5,8,2,4,4,"0.24105011418971808","-0.16541023008830699"
"140289",1,"3) # of groups=5",5,8,3,3,3,"-0.14540715360780257","0.42336116540559898"
"140290",1,"3) # of groups=5",5,6,4,5,5,"0.43772113250233724","0.85877076126118801"
"140291",1,"3) # of groups=5",5,7,4,5,5,"0.57575572125575425","0.673507732406597"
"140292",1,"3) # of groups=5",5,3,3,3,3,"-0.084704276963392305","0.32785064267985498"
"140294",0,"",3,2,3,NA,NA,"0.25799664396401922","0.29059889529538002"
"140300",0,"",2,1,1,NA,NA,"-0.8118254875806491","-1.4240000036510101"
"140304",1,"3) # of groups=5",5,5,2,3,3,"0.0037789306183525079","0.10587085541439301"
"140308",0,"",2,1,2,NA,NA,"0.40806969974529755","0.073394980931914405"
"14034F",1,"2) # of groups=4",4,1,1,4,4,"0.31736547358792427","-0.913822164834175"
"141300",0,"",0,0,NA,NA,NA,"-0.35054080217361699","NA"
"141301",0,"",3,0,NA,NA,NA,"0.79344899333638919","NA"
"141302",0,"",1,1,2,NA,NA,"0.98449943828441289","-0.109511703046801"
"141303",0,"",0,0,NA,NA,NA,"0.68578190133619477","NA"
"141304",0,"",1,0,NA,NA,NA,"0.83373723956087376","NA"
"141305",1,"2) # of groups=4",4,1,4,4,4,"0.48907254725602373","0.87831303592297005"
"141306",0,"",1,0,NA,NA,NA,"0.38384351066200945","NA"
"141307",0,"",2,0,NA,NA,NA,"0.82217228026897815","NA"
"141308",0,"",1,0,NA,NA,NA,"1.59431220686522","NA"
"141309",0,"",1,0,NA,NA,NA,"0.124552786885293","NA"
"141310",1,"2) # of groups=4",4,1,4,3,3,"0.23127687097024133","1.1592742223455501"
"141311",1,"1) # of groups=3",3,1,4,3,3,"-0.081811234297816893","1.1592742223455501"
"141312",0,"",2,0,NA,NA,NA,"0.19752358953348878","NA"
"141313",0,"",2,0,NA,NA,NA,"-1.139800716888743","NA"
"141315",1,"1) # of groups=3",3,0,NA,3,3,"-0.037310411697403484","NA"
"141316",0,"",2,0,NA,NA,NA,"0.83098468160563832","NA"
"141317",1,"2) # of groups=4",4,2,3,4,4,"0.66121012394778211","0.442562531401896"
"141318",1,"2) # of groups=4",4,0,NA,4,4,"0.44598270297742237","NA"
"141319",0,"",3,0,NA,NA,NA,"0.357030726977004","NA"
"141320",1,"2) # of groups=4",4,1,4,3,3,"-0.10855767776618198","0.71367557942800797"
"141321",0,"",1,0,NA,NA,NA,"-1.2885920652260838","NA"
"141322",1,"2) # of groups=4",4,1,2,4,4,"0.61374747738368685","-0.22591930856719999"
"141323",1,"1) # of groups=3",3,0,NA,2,2,"-0.99162806760829614","NA"
"141324",1,"1) # of groups=3",3,2,1,1,1,"-1.5380431276501201","-2.4930777602841401"
"141325",1,"2) # of groups=4",4,0,NA,4,4,"0.65802109198582759","NA"
"141326",1,"1) # of groups=3",3,0,NA,3,3,"-0.23610120142312896","NA"
"141327",1,"3) # of groups=5",5,3,1,1,1,"-0.89186325214951145","-0.88126160125943398"
"141328",1,"1) # of groups=3",3,0,NA,1,1,"-1.4259288962958239","NA"
"141329",0,"",1,0,NA,NA,NA,"0.18234074993407143","NA"
"141330",0,"",2,0,NA,NA,NA,"0.11729375328399091","NA"
"141331",0,"",2,2,2,NA,NA,"-0.14854100048908597","0.0147927856022535"
"141332",0,"",2,0,NA,NA,NA,"-0.33092817993758539","NA"
"141333",0,"",1,0,NA,NA,NA,"-0.066046340635773415","NA"
"141334",0,"",3,2,1,NA,NA,"-0.1683157334985301","-1.7908224574510601"
"141335",0,"",2,1,2,NA,NA,"0.27025010590296938","-0.109511703046801"
"141336",1,"2) # of groups=4",4,2,4,3,3,"0.24060075530583774","0.69202954214729995"
"141337",1,"2) # of groups=4",4,0,NA,2,2,"-0.24603169956848067","NA"
"141338",0,"",2,0,NA,NA,NA,"-1.0535789930466088","NA"
"141339",1,"2) # of groups=4",4,1,2,2,2,"-0.18769421488313676","-0.211955664102354"
"141340",1,"2) # of groups=4",4,1,4,4,4,"0.42324421503916748","1.1592742223455501"
"141341",1,"1) # of groups=3",3,0,NA,4,4,"0.5853902435695465","NA"
"141342",0,"",2,0,NA,NA,NA,"-1.3638170391793016","NA"
"141343",1,"2) # of groups=4",4,1,1,4,4,"0.38917595786183429","-1.59124881150146"
"141344",0,"",1,0,NA,NA,NA,"0.29775682202574671","NA"
"141345",1,"1) # of groups=3",3,1,4,4,4,"0.25397037846424553","1.16593449887969"
"141346",0,"",1,0,NA,NA,NA,"-0.058638209525956109","NA"
"141347",1,"1) # of groups=3",3,1,1,2,2,"-0.86065498328277257","-3.7782704604241002"
"141348",1,"2) # of groups=4",4,2,1,4,4,"0.40848965237697371","-0.570283917474807"
"141349",1,"2) # of groups=4",4,0,NA,3,3,"-0.097204057938178656","NA"
"141350",1,"2) # of groups=4",4,0,NA,2,2,"-0.16387666553836067","NA"
"141351",1,"1) # of groups=3",3,0,NA,3,3,"-0.26196916974709489","NA"
"141352",0,"",2,0,NA,NA,NA,"-0.58562634971464855","NA"
"141353",0,"",1,0,NA,NA,NA,"0.27645091697062063","NA"
"141354",0,"",1,0,NA,NA,NA,"-1.3651235864550897","NA"
"141355",1,"2) # of groups=4",4,0,NA,2,2,"-0.27500701005692474","NA"
"150001",1,"3) # of groups=5",5,3,3,5,5,"0.52939056071724","0.41094830470695098"
"150002",1,"3) # of groups=5",5,7,1,1,1,"-0.93650761177449549","-0.86256636716288304"
"150005",1,"3) # of groups=5",5,7,3,5,5,"0.52882969088102372","0.26061909333251398"
"150006",1,"3) # of groups=5",5,3,3,3,3,"-0.26850782558205732","0.32390552865205702"
"150007",1,"3) # of groups=5",5,7,4,4,4,"0.12153977212729764","0.58550848070838102"
"150008",1,"3) # of groups=5",5,6,1,4,4,"0.11780792126977188","-0.35541107875565597"
"150009",1,"3) # of groups=5",5,7,4,3,3,"-0.13244588767974058","0.528054922066726"
"150010",1,"3) # of groups=5",5,3,2,4,4,"0.083863005878970387","-0.0080035251633821802"
"150011",1,"3) # of groups=5",5,3,2,3,3,"-0.052431926490475733","0.0374151830767483"
"150012",1,"3) # of groups=5",5,7,3,2,2,"-0.43586594795625178","0.26122017711054202"
"150015",1,"3) # of groups=5",5,7,2,3,3,"-0.074362408814997227","-0.054368433187561897"
"150017",1,"3) # of groups=5",5,6,4,3,3,"-0.19174669805557243","0.72686443342983997"
"150018",1,"3) # of groups=5",5,8,2,4,4,"0.24183859879983258","-0.14070325414363499"
"150021",1,"3) # of groups=5",5,7,2,3,3,"-0.13134674030251986","0.048224764860157802"
"150022",1,"2) # of groups=4",4,2,4,5,5,"0.80827515681552475","0.67803567324911496"
"150023",1,"3) # of groups=5",5,7,3,3,3,"0.010852778374879359","0.50702042463648"
"150024",1,"3) # of groups=5",5,6,1,3,3,"-0.13733831631942925","-0.34707908675093402"
"150026",1,"3) # of groups=5",5,5,2,3,3,"-0.13449918300025943","-0.092391723885414306"
"150030",1,"3) # of groups=5",5,3,4,4,4,"0.23873818452410633","0.53090411905286905"
"150034",1,"3) # of groups=5",5,8,3,3,3,"0.029753831068765474","0.20159660480996699"
"150035",1,"3) # of groups=5",5,8,3,2,2,"-0.27704697230736958","0.50900789437717997"
"150037",1,"3) # of groups=5",5,3,3,4,4,"0.24257885369100193","0.31204111037479398"
"15003F",1,"3) # of groups=5",5,4,1,3,3,"-0.024704842646131153","-0.81284751011587697"
"150042",1,"3) # of groups=5",5,5,1,2,2,"-0.27661527057380264","-0.85743414269809803"
"150044",1,"3) # of groups=5",5,6,1,3,3,"-0.1295943022782643","-0.40248660054693802"
"150045",1,"2) # of groups=4",4,2,1,3,3,"-0.13244418814205888","-1.6860093346493701"
"150046",1,"3) # of groups=5",5,4,3,2,2,"-0.29870266028654685","0.28307566083219099"
"150047",1,"2) # of groups=4",4,2,4,4,4,"0.32470236764817095","0.70888620905430599"
"150048",1,"3) # of groups=5",5,7,2,2,2,"-0.34535955607607671","0.063596411266860706"
"15004F",1,"2) # of groups=4",4,0,NA,5,5,"1.5453630392078967","NA"
"150051",1,"3) # of groups=5",5,8,2,3,3,"-0.04653909683958414","0.0730712827179648"
"150056",1,"3) # of groups=5",5,8,2,3,3,"-0.051779728717827891","0.0041631346732857299"
"150057",1,"3) # of groups=5",5,4,3,5,5,"0.58325226970789834","0.24205737959832299"
"150058",1,"3) # of groups=5",5,7,1,2,2,"-0.47327466807651108","-0.81209530881352199"
"150059",1,"3) # of groups=5",5,5,3,4,4,"0.28518062687358159","0.32108105919933999"
"150061",1,"2) # of groups=4",4,2,4,3,3,"-0.14431690463198871","0.77058728066468596"
"150065",1,"3) # of groups=5",5,3,2,4,4,"0.40482103436899836","0.0103997126148211"
"150069",1,"3) # of groups=5",5,4,2,2,2,"-0.31771136246276371","-0.056936044658078999"
"150072",1,"2) # of groups=4",4,2,2,4,4,"0.26982384049386071","-0.0932277218806426"
"150074",1,"3) # of groups=5",5,7,3,3,3,"0.022320535365123496","0.421439674711311"
"150075",1,"2) # of groups=4",4,2,4,4,4,"0.34267985128156991","0.61633460163873499"
"150076",1,"2) # of groups=4",4,1,3,4,4,"0.37341744905088098","0.25849819576305599"
"150082",1,"3) # of groups=5",5,7,2,2,2,"-0.4279425367296365","0.061013817237455303"
"150084",1,"3) # of groups=5",5,7,2,2,2,"-0.30839411011685935","-0.097019898133058294"
"150086",1,"3) # of groups=5",5,5,2,5,5,"0.54180433809296391","-0.037703585207338297"
"150088",1,"3) # of groups=5",5,3,3,2,2,"-0.37430874753910165","0.21045670622920901"
"150089",1,"3) # of groups=5",5,7,3,3,3,"-0.12848594744972275","0.47506688169205502"
"150090",1,"3) # of groups=5",5,7,1,2,2,"-0.35106644973027695","-0.44812053454950102"
"150091",1,"2) # of groups=4",4,2,4,4,4,"0.49129853462509682","0.64718513744392503"
"150097",1,"2) # of groups=4",4,2,1,4,4,"0.56017904990401357","-0.36007636704028001"
"150100",1,"3) # of groups=5",5,7,4,4,4,"0.12334575634281791","0.99102373584477199"
"150101",1,"2) # of groups=4",4,2,2,4,4,"0.6437791693367213","-0.069149823602691202"
"150102",1,"2) # of groups=4",4,0,NA,1,1,"-1.1254320364114403","NA"
"150104",1,"3) # of groups=5",5,3,3,4,4,"0.18735992005528307","0.36076417648339298"
"150109",1,"3) # of groups=5",5,7,2,3,3,"0.027993347240697661","0.0139195747973046"
"150112",1,"3) # of groups=5",5,7,3,4,4,"0.26688739581204141","0.38197500365816001"
"150113",1,"3) # of groups=5",5,7,2,3,3,"-0.06485308196032602","-0.000164953296044727"
"150115",1,"3) # of groups=5",5,3,4,4,4,"0.25955749912315362","0.56656620794826196"
"150125",1,"3) # of groups=5",5,8,1,3,3,"0.049305440939482428","-0.575700616596582"
"150126",1,"3) # of groups=5",5,7,2,3,3,"-0.17433321777991898","-0.26580262215959199"
"150128",1,"3) # of groups=5",5,8,3,3,3,"-0.23669939058672479","0.49237598315852599"
"150133",1,"3) # of groups=5",5,3,3,4,4,"0.13331888404600295","0.40992673622206999"
"150146",1,"2) # of groups=4",4,2,4,3,3,"0.18941089517855184","0.64718513744392503"
"150149",1,"1) # of groups=3",3,4,3,5,5,"0.8254055015693581","0.16436971193527999"
"150150",1,"3) # of groups=5",5,6,4,4,4,"0.1628373176954783","0.64755453802658403"
"150153",1,"3) # of groups=5",5,3,2,5,5,"0.71518042028738094","-0.119843827906973"
"150157",1,"2) # of groups=4",4,2,1,3,3,"-0.081805894569582455","-0.51110542986434904"
"150158",1,"3) # of groups=5",5,7,3,4,4,"0.31090537951250702","0.345370586345013"
"150160",0,"",3,2,4,NA,NA,"1.6310080839838155","0.96946258131048701"
"150161",1,"3) # of groups=5",5,7,2,4,4,"0.31221936148207491","0.00035438978324190101"
"150162",1,"3) # of groups=5",5,7,1,4,4,"0.073884592382705463","-0.56550899411106104"
"150165",1,"3) # of groups=5",5,6,1,3,3,"0.010284350998809449","-0.30585677841456599"
"150166",0,"",2,2,4,NA,NA,"0.32937945520920398","0.65057244578957396"
"150167",0,"",1,1,4,NA,NA,"0.58185209085024758","0.81380784025648201"
"150168",0,"",3,2,3,NA,NA,"0.56910143655733447","0.28006221952545002"
"150169",1,"3) # of groups=5",5,8,2,3,3,"-0.0808679626463783","-0.00632627637416184"
"150172",0,"",2,1,3,NA,NA,"0.037190691829555395","0.50530248220457896"
"150173",1,"3) # of groups=5",5,7,3,4,4,"0.31842936469290395","0.20594672773551201"
"150177",0,"",2,2,3,NA,NA,"0.62549617690111148","0.156811974605609"
"150179",0,"",0,1,4,NA,NA,"1.0702135828107735","1.1592742223455501"
"150181",1,"1) # of groups=3",3,2,3,4,4,"0.20632502401247932","0.32144943110057"
"150183",1,"2) # of groups=4",4,2,1,4,4,"0.43148202167002603","-0.381543905667663"
"150193",0,"",1,1,3,NA,NA,"1.0569470242358823","0.443601410594198"
"150195",0,"",0,0,NA,NA,NA,"-0.095036579511438804","NA"
"151300",0,"",1,0,NA,NA,NA,"0.48434259007965186","NA"
"151301",0,"",1,0,NA,NA,NA,"0.14171213316348513","NA"
"151303",0,"",2,0,NA,NA,NA,"-0.63423740153020769","NA"
"151304",0,"",2,0,NA,NA,NA,"0.088784092744877974","NA"
"151305",0,"",1,0,NA,NA,NA,"0.61504348106548912","NA"
"151306",0,"",2,0,NA,NA,NA,"0.60540626747651816","NA"
"151307",1,"1) # of groups=3",3,0,NA,2,2,"-0.46568271301300906","NA"
"151308",0,"",1,0,NA,NA,NA,"0.73083819680115014","NA"
"151309",0,"",1,0,NA,NA,NA,"-0.14879915972734953","NA"
"151310",1,"2) # of groups=4",4,1,1,3,3,"-0.078851137111386069","-1.82336023534562"
"151311",1,"1) # of groups=3",3,0,NA,3,3,"-0.063322607224622879","NA"
"151312",1,"1) # of groups=3",3,0,NA,5,5,"0.75028947335748886","NA"
"151313",1,"2) # of groups=4",4,3,1,3,3,"0.039900758009224865","-1.49344017958734"
"151314",0,"",1,0,NA,NA,NA,"-0.01039474087775194","NA"
"151315",1,"2) # of groups=4",4,1,1,3,3,"0.081839931407247532","-1.22850898114317"
"151316",0,"",2,0,NA,NA,NA,"0.91964309622477325","NA"
"151317",1,"2) # of groups=4",4,0,NA,4,4,"0.33720859849176421","NA"
"151318",1,"2) # of groups=4",4,0,NA,2,2,"-0.21366451279683868","NA"
"151319",0,"",3,1,4,NA,NA,"0.57025923400385103","1.1592742223455501"
"151320",1,"1) # of groups=3",3,0,NA,5,5,"1.2405734760979086","NA"
"151322",1,"2) # of groups=4",4,0,NA,2,2,"-0.17853256336098097","NA"
"151323",1,"2) # of groups=4",4,1,4,5,5,"0.7093578791936761","1.1592742223455501"
"151324",0,"",3,0,NA,NA,NA,"0.4475168603172695","NA"
"151325",0,"",1,0,NA,NA,NA,"0.33699867384631466","NA"
"151326",1,"1) # of groups=3",3,0,NA,2,2,"-1.1553766592971613","NA"
"151327",0,"",3,0,NA,NA,NA,"0.67353326313940731","NA"
"151328",1,"1) # of groups=3",3,2,4,3,3,"0.040128745223960725","0.60285148981787295"
"151329",1,"2) # of groups=4",4,2,1,1,1,"-0.98718203709165409","-2.3810199275802502"
"151330",1,"2) # of groups=4",4,1,1,2,2,"-0.62448496000551212","-3.1024300683255399"
"151331",1,"2) # of groups=4",4,0,NA,3,3,"0.096001546375279967","NA"
"151332",1,"2) # of groups=4",4,1,1,3,3,"-0.13349339029772389","-0.94644336295327003"
"151333",1,"1) # of groups=3",3,0,NA,5,5,"0.67893779917932395","NA"
"151334",1,"2) # of groups=4",4,0,NA,2,2,"-0.16775329293878086","NA"
"160001",1,"2) # of groups=4",4,1,3,3,3,"-0.14482539291004576","0.50530248220457896"
"160013",1,"2) # of groups=4",4,1,3,4,4,"0.40007262583548886","0.196797124152676"
"160016",1,"3) # of groups=5",5,5,1,2,2,"-0.43948725482395978","-1.1181716819119401"
"160028",1,"3) # of groups=5",5,4,3,5,5,"0.4937552116681484","0.50605576400297303"
"160029",1,"3) # of groups=5",5,5,4,4,4,"0.26490796076341816","0.78493104770216104"
"160030",1,"3) # of groups=5",5,7,1,4,4,"0.09036043424717477","-1.24322081683118"
"160032",1,"2) # of groups=4",4,0,NA,4,4,"0.66692496596142425","NA"
"160033",1,"3) # of groups=5",5,7,1,2,2,"-0.67261676816798366","-0.65060773926474103"
"16003F",1,"3) # of groups=5",5,3,1,4,4,"0.2960989273847815","-0.33251493887970601"
"160040",0,"",3,2,4,NA,NA,"0.69875634444181445","0.71242541570087503"
"160045",1,"3) # of groups=5",5,7,2,4,4,"0.24930219087907499","0.085050052027786996"
"160047",1,"3) # of groups=5",5,6,1,3,3,"0.0473568638674772","-0.73807935227351495"
"16004F",1,"3) # of groups=5",5,4,2,5,5,"0.77213718540259468","0.104396011598806"
"160057",1,"3) # of groups=5",5,7,2,4,4,"0.075566151273533805","-0.22128207953065801"
"160058",1,"3) # of groups=5",5,8,1,2,2,"-0.27904211739147333","-0.44410716366691799"
"160064",1,"3) # of groups=5",5,7,3,2,2,"-0.28586942160261791","0.222906124697239"
"160067",1,"3) # of groups=5",5,7,2,4,4,"0.12114208669688187","-0.0162760614757885"
"160069",1,"3) # of groups=5",5,5,2,3,3,"-0.039752931783767112","-0.000130128200500316"
"160079",1,"3) # of groups=5",5,7,1,4,4,"0.10487063141560524","-0.77034554526310794"
"160080",1,"3) # of groups=5",5,4,4,4,4,"0.16889765014103272","0.58369447318263801"
"160082",1,"3) # of groups=5",5,8,3,3,3,"0.03415212037157167","0.37419730986262101"
"160083",1,"3) # of groups=5",5,8,1,1,1,"-0.77133506070962299","-0.331465637451058"
"160089",1,"2) # of groups=4",4,2,3,2,2,"-0.4178852548460873","0.27247672721725802"
"160101",1,"2) # of groups=4",4,5,2,3,3,"-0.072076214522358351","-0.0134248460473127"
"160104",1,"3) # of groups=5",5,5,4,3,3,"0.01273163636663454","0.88935845654357604"
"160110",1,"3) # of groups=5",5,7,2,3,3,"-0.12535213542265647","-0.00066449165232021197"
"160112",1,"3) # of groups=5",5,3,2,4,4,"0.14752290807179652","-0.17340983600792001"
"160117",1,"3) # of groups=5",5,6,1,3,3,"-0.043181070814561226","-0.49685824095120801"
"160124",1,"3) # of groups=5",5,3,1,2,2,"-0.46347953673913661","-1.3198434331911"
"160146",1,"3) # of groups=5",5,6,2,2,2,"-0.34107020878289801","-0.20379662562745701"
"160147",1,"2) # of groups=4",4,2,1,2,2,"-0.38579222345704428","-3.07669713872686"
"160153",1,"3) # of groups=5",5,7,1,2,2,"-0.5989802332086489","-0.56622794302730495"
"161301",0,"",2,0,NA,NA,NA,"1.2012503276952227","NA"
"161302",0,"",3,1,4,NA,NA,"0.68843519289732735","1.04295049241793"
"161303",0,"",2,0,NA,NA,NA,"0.17791967619590993","NA"
"161304",1,"2) # of groups=4",4,0,NA,3,3,"0.15983331161452496","NA"
"161305",0,"",1,0,NA,NA,NA,"-1.3930577210102333","NA"
"161306",1,"2) # of groups=4",4,0,NA,4,4,"0.58224563699904164","NA"
"161307",0,"",2,0,NA,NA,NA,"0.42666873740599026","NA"
"161308",0,"",2,0,NA,NA,NA,"0.38264480353932273","NA"
"161309",1,"2) # of groups=4",4,0,NA,4,4,"0.44361164111096263","NA"
"161310",0,"",1,0,NA,NA,NA,"0.3228663076516346","NA"
"161311",0,"",2,0,NA,NA,NA,"0.17079571530670201","NA"
"161312",0,"",2,0,NA,NA,NA,"0.94561391329152733","NA"
"161313",0,"",2,0,NA,NA,NA,"0.56454556142883439","NA"
"161314",0,"",1,0,NA,NA,NA,"0.52456193052790911","NA"
"161315",0,"",0,0,NA,NA,NA,"-0.79899004518275074","NA"
"161316",1,"1) # of groups=3",3,0,NA,5,5,"1.1608125592893703","NA"
"161317",1,"2) # of groups=4",4,0,NA,4,4,"0.64285973679318953","NA"
"161318",0,"",2,0,NA,NA,NA,"-0.13269536673400753","NA"
"161319",0,"",1,0,NA,NA,NA,"-0.24404145259663199","NA"
"161320",0,"",2,0,NA,NA,NA,"0.43761311427502003","NA"
"161321",0,"",1,0,NA,NA,NA,"0.27528439416314521","NA"
"161322",0,"",1,0,NA,NA,NA,"0.23530978013114204","NA"
"161323",1,"1) # of groups=3",3,0,NA,3,3,"-0.23067106248005775","NA"
"161324",0,"",0,0,NA,NA,NA,"0.60365468585136983","NA"
"161325",0,"",1,0,NA,NA,NA,"-0.15255083580001177","NA"
"161326",0,"",3,0,NA,NA,NA,"-0.028263515918831902","NA"
"161327",0,"",2,0,NA,NA,NA,"0.68440944419399796","NA"
"161328",1,"1) # of groups=3",3,0,NA,4,4,"0.57900769843586186","NA"
"161329",0,"",1,0,NA,NA,NA,"-0.31950809499796368","NA"
"161330",0,"",1,0,NA,NA,NA,"0.095856748756128152","NA"
"161331",0,"",2,0,NA,NA,NA,"-0.44520594754371695","NA"
"161332",0,"",1,0,NA,NA,NA,"0.33368622138211501","NA"
"161333",0,"",1,0,NA,NA,NA,"0.15994018433368343","NA"
"161334",0,"",2,0,NA,NA,NA,"0.048883308612493126","NA"
"161335",0,"",2,0,NA,NA,NA,"0.079281268883222691","NA"
"161336",0,"",1,0,NA,NA,NA,"0.54325831371612465","NA"
"161337",0,"",1,0,NA,NA,NA,"0.13274695300802175","NA"
"161338",0,"",1,0,NA,NA,NA,"0.22762412011201505","NA"
"161339",1,"2) # of groups=4",4,1,4,5,5,"0.78165134746845077","1.16593449887969"
"161340",0,"",1,0,NA,NA,NA,"-0.81382325135984479","NA"
"161341",0,"",1,0,NA,NA,NA,"0.074262519220948522","NA"
"161342",0,"",2,0,NA,NA,NA,"-0.78155418617792261","NA"
"161343",1,"2) # of groups=4",4,0,NA,4,4,"0.43442144465718779","NA"
"161344",0,"",2,0,NA,NA,NA,"0.50939099497810969","NA"
"161345",0,"",1,0,NA,NA,NA,"0.083869311116578762","NA"
"161346",0,"",3,0,NA,NA,NA,"0.47941791927097666","NA"
"161347",1,"1) # of groups=3",3,0,NA,3,3,"-0.4142570135247336","NA"
"161348",1,"1) # of groups=3",3,0,NA,5,5,"1.2167376112972095","NA"
"161349",1,"1) # of groups=3",3,0,NA,4,4,"0.10858530106957416","NA"
"161350",0,"",2,0,NA,NA,NA,"-1.0232825310121454","NA"
"161351",1,"1) # of groups=3",3,1,4,2,2,"-0.51515515810128165","0.71367557942800797"
"161352",1,"1) # of groups=3",3,0,NA,4,4,"0.16276728458677081","NA"
"161353",1,"2) # of groups=4",4,1,1,1,1,"-2.1975306787984823","-8.3639313026796298"
"161354",0,"",2,0,NA,NA,NA,"0.12015798606209013","NA"
"161355",1,"2) # of groups=4",4,1,1,2,2,"-0.46352681749222896","-1.5217455149049399"
"161356",0,"",2,0,NA,NA,NA,"0.45161252110457589","NA"
"161357",0,"",2,0,NA,NA,NA,"-0.090507965261903495","NA"
"161358",0,"",2,1,1,NA,NA,"-0.14194765842727242","-1.4266113550065"
"161359",1,"2) # of groups=4",4,0,NA,3,3,"0.037406697452142479","NA"
"161360",1,"2) # of groups=4",4,0,NA,3,3,"0.15706542256378289","NA"
"161361",1,"2) # of groups=4",4,0,NA,5,5,"1.3710544338030668","NA"
"161362",1,"1) # of groups=3",3,0,NA,2,2,"-0.75735165466291754","NA"
"161363",0,"",2,0,NA,NA,NA,"-0.12197894000100414","NA"
"161364",1,"2) # of groups=4",4,0,NA,2,2,"-0.3185503222027245","NA"
"161365",1,"2) # of groups=4",4,1,3,3,3,"0.13771313312276615","0.38440066643808402"
"161366",0,"",3,0,NA,NA,NA,"-0.33832566958231469","NA"
"161367",1,"2) # of groups=4",4,1,4,4,4,"0.46175020862289357","1.1592742223455501"
"161368",1,"2) # of groups=4",4,1,4,3,3,"0.20125378935265412","0.71367557942800797"
"161369",1,"2) # of groups=4",4,0,NA,2,2,"-0.38161647734012866","NA"
"161370",0,"",2,0,NA,NA,NA,"0.20525175080844937","NA"
"161371",1,"2) # of groups=4",4,1,1,4,4,"0.42643906054263647","-0.33762846428597099"
"161372",0,"",2,0,NA,NA,NA,"0.35497981903208875","NA"
"161373",0,"",1,0,NA,NA,NA,"0.074356805881980986","NA"
"161374",1,"2) # of groups=4",4,0,NA,3,3,"0.047503741695927165","NA"
"161375",1,"2) # of groups=4",4,2,4,2,2,"-0.28786804004233413","1.0187936291342601"
"161376",1,"3) # of groups=5",5,3,4,5,5,"0.70228574896861418","1.06784058571607"
"161377",0,"",3,0,NA,NA,NA,"-3.7728152204411245","NA"
"161378",0,"",1,0,NA,NA,NA,"-0.099110815212944361","NA"
"161379",1,"2) # of groups=4",4,0,NA,4,4,"0.32249680997615421","NA"
"161380",0,"",2,0,NA,NA,NA,"0.79554293273248966","NA"
"161381",0,"",1,0,NA,NA,NA,"0.30185932793481884","NA"
"161382",1,"2) # of groups=4",4,1,1,2,2,"-0.40449154606740167","-1.0973364420165701"
"170006",1,"2) # of groups=4",4,2,3,3,3,"0.21977930028016604","0.20828016704789901"
"170009",1,"2) # of groups=4",4,1,1,3,3,"0.11435634325764202","-0.63645045583368198"
"170012",1,"3) # of groups=5",5,6,1,3,3,"-0.18047467625855973","-0.43060465082360699"
"170013",1,"3) # of groups=5",5,5,2,3,3,"-0.14924804200816064","0.105043946852847"
"170014",1,"2) # of groups=4",4,1,3,3,3,"0.068874767234395409","0.443601410594198"
"170016",1,"3) # of groups=5",5,7,3,3,3,"-0.18045266015662789","0.50257751827334096"
"170017",0,"",3,2,1,NA,NA,"-0.9724091221683695","-4.9310297902971199"
"170020",1,"3) # of groups=5",5,6,2,2,2,"-0.48782382932391799","-0.0193883142397515"
"170023",1,"3) # of groups=5",5,4,2,2,2,"-0.32959237586692114","-0.16501737712468301"
"170027",1,"3) # of groups=5",5,3,4,4,4,"0.42340166647153854","1.0259112088767799"
"170040",1,"3) # of groups=5",5,7,3,5,5,"0.83309343012240866","0.25724630912285001"
"170049",1,"3) # of groups=5",5,6,2,4,4,"0.21232344731387667","0.0205038878197146"
"17005F",1,"2) # of groups=4",4,1,1,4,4,"0.36884789552348729","-2.2095446686521698"
"170068",1,"3) # of groups=5",5,4,1,1,1,"-1.1879129459348836","-1.3713240030722"
"170074",1,"2) # of groups=4",4,2,4,4,4,"0.30989430205422763","0.64718513744392503"
"170086",1,"3) # of groups=5",5,8,3,4,4,"0.21592265143231754","0.135951042920052"
"17008F",1,"3) # of groups=5",5,3,2,5,5,"1.1653918116118722","-0.081758026053466396"
"170103",1,"3) # of groups=5",5,5,4,5,5,"0.68674025086773205","0.69555010693491903"
"170104",1,"3) # of groups=5",5,8,1,3,3,"0.00067494428981586946","-0.37158045220378599"
"170105",1,"2) # of groups=4",4,2,1,2,2,"-0.30040008596487588","-2.3723680524071602"
"170109",0,"",3,1,3,NA,NA,"0.48536401246324135","0.13509605254229501"
"170120",1,"2) # of groups=4",4,2,3,3,3,"-0.061882249013389234","0.28897206461001601"
"170122",1,"3) # of groups=5",5,7,3,2,2,"-0.30546149385278726","0.341835483777506"
"170123",1,"3) # of groups=5",5,8,3,4,4,"0.25771409563160957","0.40849650979194602"
"170137",1,"3) # of groups=5",5,6,4,4,4,"0.34176505739584895","0.75661362720241498"
"170142",1,"3) # of groups=5",5,3,4,4,4,"0.38651527458969681","0.68981437644146604"
"170146",1,"3) # of groups=5",5,6,3,3,3,"-0.11520112657054153","0.34160282886294902"
"170175",1,"2) # of groups=4",4,2,4,3,3,"0.051750622425645793","0.70888620905430599"
"170176",1,"3) # of groups=5",5,8,2,4,4,"0.15452098449118523","0.00240870675950197"
"170182",1,"3) # of groups=5",5,7,4,3,3,"-0.16843465978397434","0.62614145051231296"
"170183",0,"",2,2,4,NA,NA,"1.3550066351424139","1.3401247058755299"
"170185",1,"3) # of groups=5",5,4,2,4,4,"0.27970998427266924","-0.23037418342515001"
"170186",1,"3) # of groups=5",5,4,1,4,4,"0.41865974666658951","-0.40546111545350699"
"170187",0,"",3,2,4,NA,NA,"0.97358743337390663","1.3605904642117099"
"170188",0,"",3,2,4,NA,NA,"1.9981534839228465","1.6794805997326301"
"170190",0,"",3,2,4,NA,NA,"0.82182052488367729","0.53755508003782304"
"170191",1,"2) # of groups=4",4,2,2,4,4,"0.33546481417387153","-0.049060795163554202"
"170194",0,"",1,1,3,NA,NA,"0.11786388773410977","0.25849819576305599"
"170196",0,"",2,2,4,NA,NA,"0.019226686949050498","0.70188873993094403"
"170197",1,"3) # of groups=5",5,4,2,2,2,"-0.46404130817095668","-0.096268722239691004"
"170198",0,"",3,2,4,NA,NA,"1.1845789725397562","1.35035758504362"
"170199",0,"",0,1,3,NA,NA,"0.27061563871389227","0.196797124152676"
"170200",1,"3) # of groups=5",5,3,4,4,4,"0.41095391716755847","0.86819693736116099"
"170203",0,"",3,2,2,NA,NA,"0.30436828301437557","-0.23431590829561599"
"170204",1,"2) # of groups=4",4,1,3,4,4,"0.62694775561960148","0.32019926737343701"
"170208",1,"2) # of groups=4",4,2,4,4,4,"0.26705488899141017","0.801437816469876"
"171300",0,"",1,1,4,NA,NA,"0.87240826552707396","1.1592742223455501"
"171301",0,"",0,0,NA,NA,NA,"-0.94108421603148007","NA"
"171303",0,"",1,0,NA,NA,NA,"1.8159284504162101","NA"
"171304",0,"",1,0,NA,NA,NA,"-0.095887766675117503","NA"
"171306",0,"",1,0,NA,NA,NA,"0.18527518018172773","NA"
"171307",0,"",1,0,NA,NA,NA,"-2.6755124461550222","NA"
"171308",0,"",1,0,NA,NA,NA,"1.59447205630268","NA"
"171309",0,"",0,1,4,NA,NA,"1.089336142905895","1.1592742223455501"
"171310",0,"",1,0,NA,NA,NA,"-0.55170530784613336","NA"
"171311",0,"",2,0,NA,NA,NA,"0.38639568021646165","NA"
"171312",0,"",1,0,NA,NA,NA,"-0.72430424775680269","NA"
"171313",0,"",1,0,NA,NA,NA,"0.91562462037322501","NA"
"171314",0,"",1,0,NA,NA,NA,"0.071699128523256397","NA"
"171315",0,"",2,0,NA,NA,NA,"-0.065744026168412628","NA"
"171316",0,"",2,0,NA,NA,NA,"0.53385737452310289","NA"
"171317",0,"",1,0,NA,NA,NA,"0.57444472222089205","NA"
"171318",0,"",1,0,NA,NA,NA,"1.6217834135207059","NA"
"171319",0,"",1,0,NA,NA,NA,"-0.68266312148212305","NA"
"171321",0,"",1,0,NA,NA,NA,"0.090472605960429497","NA"
"171322",0,"",1,0,NA,NA,NA,"0.43218137327548906","NA"
"171323",0,"",1,0,NA,NA,NA,"0.29890695965786973","NA"
"171324",0,"",0,0,NA,NA,NA,"-1.1970232902517879","NA"
"171325",0,"",2,0,NA,NA,NA,"-0.37180944448755238","NA"
"171326",0,"",1,0,NA,NA,NA,"-0.42033246574625149","NA"
"171327",1,"1) # of groups=3",3,0,NA,2,2,"-0.8454099898196068","NA"
"171328",0,"",1,1,1,NA,NA,"-0.61660910621975884","-1.2703999145377001"
"171329",0,"",2,0,NA,NA,NA,"-0.13726635587575531","NA"
"171330",0,"",2,0,NA,NA,NA,"0.10620340221285876","NA"
"171331",0,"",2,0,NA,NA,NA,"0.61716014234100047","NA"
"171332",0,"",1,0,NA,NA,NA,"-0.075132127943759952","NA"
"171333",1,"1) # of groups=3",3,1,4,2,2,"-0.91865560176144201","0.54903812293304599"
"171334",0,"",2,1,4,NA,NA,"-0.60682622187999691","1.1592742223455501"
"171335",1,"1) # of groups=3",3,0,NA,4,4,"0.43646179200850621","NA"
"171336",0,"",2,0,NA,NA,NA,"-0.61995799368790871","NA"
"171337",0,"",2,0,NA,NA,NA,"0.60373304028265828","NA"
"171338",0,"",2,0,NA,NA,NA,"0.42739855514931685","NA"
"171339",0,"",2,0,NA,NA,NA,"-1.6036890458020996","NA"
"171341",1,"2) # of groups=4",4,0,NA,3,3,"-0.046415473439299283","NA"
"171343",0,"",1,0,NA,NA,NA,"-0.17029793998729903","NA"
"171344",0,"",2,0,NA,NA,NA,"-0.99795288941583826","NA"
"171345",0,"",2,0,NA,NA,NA,"-0.7547698787657029","NA"
"171346",0,"",2,0,NA,NA,NA,"-0.27704029760464233","NA"
"171347",0,"",2,0,NA,NA,NA,"0.21689528665372257","NA"
"171348",0,"",1,0,NA,NA,NA,"-0.044735886089679731","NA"
"171349",0,"",2,0,NA,NA,NA,"-0.3751663279969048","NA"
"171350",1,"1) # of groups=3",3,0,NA,3,3,"-0.43851645765127467","NA"
"171351",0,"",0,0,NA,NA,NA,"0.058513283620483358","NA"
"171352",0,"",0,0,NA,NA,NA,"-0.32404020835824282","NA"
"171353",0,"",2,0,NA,NA,NA,"0.12562281575939632","NA"
"171354",0,"",1,0,NA,NA,NA,"-0.12763983018830211","NA"
"171355",0,"",2,0,NA,NA,NA,"0.56518806163755297","NA"
"171356",0,"",1,0,NA,NA,NA,"0.4518383067015308","NA"
"171357",0,"",1,0,NA,NA,NA,"0.47293752483765095","NA"
"171358",0,"",2,0,NA,NA,NA,"0.59526443444685351","NA"
"171359",0,"",1,0,NA,NA,NA,"-0.033710007947485091","NA"
"171360",0,"",1,0,NA,NA,NA,"0.38208008222858136","NA"
"171361",1,"2) # of groups=4",4,1,3,3,3,"0.15409188468709334","0.21976320994312201"
"171362",1,"2) # of groups=4",4,1,4,3,3,"0.085413931781668839","0.71367557942800797"
"171363",1,"2) # of groups=4",4,1,3,4,4,"0.42786308318911792","0.38440066643808402"
"171364",0,"",2,0,NA,NA,NA,"0.090587877814873902","NA"
"171365",0,"",1,0,NA,NA,NA,"1.0595786510181064","NA"
"171367",0,"",2,0,NA,NA,NA,"0.37475728680252318","NA"
"171368",0,"",1,0,NA,NA,NA,"-0.098261384480165762","NA"
"171369",0,"",2,0,NA,NA,NA,"0.30741533638093127","NA"
"171370",1,"1) # of groups=3",3,0,NA,2,2,"-0.47631892664169923","NA"
"171371",1,"2) # of groups=4",4,0,NA,3,3,"0.17092625078134982","NA"
"171372",1,"1) # of groups=3",3,1,1,2,2,"-1.1904844306898645","-4.7166273684617801"
"171373",1,"2) # of groups=4",4,0,NA,4,4,"0.61120544188257309","NA"
"171374",0,"",2,0,NA,NA,NA,"0.36687342453912031","NA"
"171375",1,"2) # of groups=4",4,2,2,3,3,"-0.0602199787152293","0.0092073278163149804"
"171376",1,"1) # of groups=3",3,0,NA,2,2,"-0.55796030378157557","NA"
"171377",0,"",2,0,NA,NA,NA,"-1.4492789351507256","NA"
"171378",0,"",1,0,NA,NA,NA,"0.54636883547422965","NA"
"171379",1,"1) # of groups=3",3,0,NA,3,3,"0.034919312096961197","NA"
"171380",1,"2) # of groups=4",4,2,1,1,1,"-0.77129470941999734","-1.88282956796032"
"171381",1,"2) # of groups=4",4,0,NA,2,2,"-0.64329619294205187","NA"
"171382",0,"",3,1,4,NA,NA,"0.79423122508392108","1.20758794891289"
"171383",1,"2) # of groups=4",4,1,4,4,4,"0.4089650774049165","1.1592742223455501"
"171384",1,"2) # of groups=4",4,2,1,2,2,"-0.17507099095645012","-1.1966357805808401"
"171385",1,"1) # of groups=3",3,0,NA,4,4,"0.40312161051957163","NA"
"171386",0,"",0,0,NA,NA,NA,"1.4817486856436699","NA"
"171388",0,"",1,0,NA,NA,NA,"1.3447248462653083","NA"
"180001",1,"3) # of groups=5",5,5,4,5,5,"0.52128723803200072","0.67846083795679801"
"180002",1,"2) # of groups=4",4,2,4,3,3,"0.11798636999314276","0.77058728066468596"
"180004",1,"2) # of groups=4",4,2,3,4,4,"0.40693191213963514","0.47582386447390101"
"180005",1,"3) # of groups=5",5,5,1,2,2,"-0.59606564209904067","-0.36354124216449502"
"180009",1,"3) # of groups=5",5,7,1,3,3,"-0.096027363804069982","-0.341617551952904"
"180010",1,"3) # of groups=5",5,7,2,3,3,"-0.21075310998176874","-0.17493961847539"
"180011",1,"3) # of groups=5",5,6,2,3,3,"0.015948696227117046","0.094946065438190702"
"180012",1,"3) # of groups=5",5,7,1,3,3,"-0.18938332636312027","-0.39577274619257802"
"180013",1,"3) # of groups=5",5,6,1,2,2,"-0.59903018413652753","-0.51638417642493295"
"180016",1,"2) # of groups=4",4,2,2,3,3,"0.053342396762932391","-0.0454116280124525"
"180017",1,"3) # of groups=5",5,6,4,3,3,"-0.038235542444863997","0.936190343016987"
"180018",1,"3) # of groups=5",5,5,1,2,2,"-0.33075388677117545","-0.48054872924623498"
"180019",1,"2) # of groups=4",4,2,4,4,4,"0.26958345226156771","0.92483995969063804"
"180020",1,"2) # of groups=4",4,2,4,1,1,"-0.95063459634820646","0.67803567324911496"
"180024",1,"3) # of groups=5",5,3,4,5,5,"0.61558146400297298","0.689915641975413"
"180025",1,"2) # of groups=4",4,2,4,3,3,"0.053208176781001898","0.77058728066468596"
"180027",1,"3) # of groups=5",5,5,3,3,3,"-0.17542399044302961","0.18795742063172399"
"180029",1,"3) # of groups=5",5,6,1,2,2,"-0.58140177088582323","-0.465556456022932"
"180035",1,"3) # of groups=5",5,8,2,5,5,"0.55882498397898062","-0.25276211800316301"
"180038",1,"3) # of groups=5",5,7,1,2,2,"-0.36524649985501045","-0.36829058277499799"
"180040",1,"3) # of groups=5",5,7,1,2,2,"-0.40399219986612878","-0.55368863259330503"
"180043",1,"2) # of groups=4",4,2,1,3,3,"-0.15758747994241382","-1.21987212759001"
"180044",1,"3) # of groups=5",5,6,1,1,1,"-1.1283958175657411","-1.1338226838063099"
"180045",1,"3) # of groups=5",5,6,2,3,3,"0.059841791989359891","-0.059720130491213101"
"180046",1,"2) # of groups=4",4,0,NA,2,2,"-0.43717181943619965","NA"
"180048",1,"3) # of groups=5",5,6,1,3,3,"-0.26556184373701819","-0.56814883162770602"
"180049",1,"3) # of groups=5",5,3,4,4,4,"0.30338212017069466","0.94104543135646801"
"180050",1,"2) # of groups=4",4,2,2,2,2,"-0.41053441860394579","-0.029921101118593099"
"180051",1,"3) # of groups=5",5,5,1,1,1,"-0.81524956237981661","-0.97408522923928398"
"180056",1,"3) # of groups=5",5,6,3,2,2,"-0.578693734120581","0.13657307210991099"
"180064",1,"2) # of groups=4",4,2,3,4,4,"0.35066046902919557","0.46208192261278302"
"180066",1,"2) # of groups=4",4,2,1,2,2,"-0.33121413676805767","-0.67517199337702105"
"180067",1,"3) # of groups=5",5,7,2,4,4,"0.38517328109296062","-0.28910848411672002"
"180069",1,"2) # of groups=4",4,2,2,2,2,"-0.36085084476535445","0.13371457508516599"
"18006F",1,"3) # of groups=5",5,4,4,5,5,"0.71456857603785151","0.52493908695471203"
"180070",1,"2) # of groups=4",4,2,2,3,3,"0.11159069171168835","-0.16803066333804301"
"180078",1,"2) # of groups=4",4,2,4,2,2,"-0.57478148289617081","0.67803567324911496"
"180079",1,"2) # of groups=4",4,2,2,3,3,"0.035331678131627922","-0.013164727760777499"
"18007F",1,"3) # of groups=5",5,3,1,3,3,"0.0067130588043492756","-1.9251630654985901"
"180080",1,"3) # of groups=5",5,6,2,3,3,"0.043199983129465575","-0.282007666475656"
"180087",1,"3) # of groups=5",5,3,1,2,2,"-0.32980802862980729","-1.7339761949219199"
"180088",1,"3) # of groups=5",5,8,1,2,2,"-0.49406836487994421","-0.51347739163267803"
"180092",1,"3) # of groups=5",5,4,4,3,3,"-0.019781158332076894","0.81501596642469398"
"180093",1,"3) # of groups=5",5,6,2,2,2,"-0.52714928057279054","0.056960393794628403"
"180101",1,"2) # of groups=4",4,2,4,3,3,"-0.14202855735174577","0.83228835227506703"
"180102",1,"3) # of groups=5",5,7,3,3,3,"-0.11876555082481091","0.37455494500096997"
"180103",1,"3) # of groups=5",5,8,2,4,4,"0.3303947847363552","-0.016833462903996801"
"180104",1,"3) # of groups=5",5,6,1,4,4,"0.20056557209506093","-0.93018100423948202"
"180105",1,"2) # of groups=4",4,1,1,1,1,"-1.2345691380144361","-1.56363644829948"
"180115",1,"2) # of groups=4",4,2,4,2,2,"-0.1687696893085408","0.58548406583354395"
"180116",1,"3) # of groups=5",5,3,1,1,1,"-0.81988527667059652","-1.92230841936213"
"180124",1,"3) # of groups=5",5,5,4,2,2,"-0.39950669140529649","0.731593131028628"
"180127",1,"3) # of groups=5",5,5,4,3,3,"-0.19465387906291032","1.1046539847341399"
"180128",1,"2) # of groups=4",4,2,4,3,3,"0.18579935535401865","0.70888620905430599"
"180130",1,"3) # of groups=5",5,8,2,4,4,"0.25000234431188417","0.11709346021526899"
"180132",1,"3) # of groups=5",5,7,3,2,2,"-0.69053965546829954","0.46119790697442098"
"180138",1,"3) # of groups=5",5,3,2,5,5,"0.51080822606348564","0.040437454966805703"
"180141",1,"3) # of groups=5",5,7,1,1,1,"-0.88007616613431294","-0.43494683768793702"
"180143",1,"3) # of groups=5",5,3,2,2,2,"-0.32033790733603157","-0.16032678940710199"
"180149",0,"",1,0,NA,NA,NA,"-0.059048446344929895","NA"
"180154",1,"1) # of groups=3",3,0,NA,1,1,"-1.367232826339394","NA"
"181301",1,"1) # of groups=3",3,0,NA,4,4,"0.14878774548597101","NA"
"181302",0,"",2,0,NA,NA,NA,"-0.2898736494832227","NA"
"181304",0,"",1,0,NA,NA,NA,"-0.60014292496046062","NA"
"181305",0,"",1,1,1,NA,NA,"-1.019719913841884","-2.3456005383308698"
"181306",0,"",2,1,1,NA,NA,"0.05057846291491943","-1.3402181368619399"
"181307",0,"",1,0,NA,NA,NA,"0.070367080244588986","NA"
"181308",0,"",2,0,NA,NA,NA,"-0.22388550941240698","NA"
"181309",1,"1) # of groups=3",3,2,3,3,3,"-0.2715959563921288","0.36479567120401502"
"181310",0,"",0,0,NA,NA,NA,"0.058641047774718902","NA"
"181311",0,"",2,0,NA,NA,NA,"0.23732233010819523","NA"
"181314",0,"",0,0,NA,NA,NA,"-1.8008679252384892","NA"
"181315",0,"",2,2,2,NA,NA,"-0.38751158407196001","0.012000056709284199"
"181316",0,"",1,1,1,NA,NA,"-0.059189216107654263","-0.84590512280637598"
"181317",0,"",1,0,NA,NA,NA,"-0.40061223142912394","NA"
"181318",0,"",2,2,3,NA,NA,"0.07987768164655884","0.34293843052614198"
"181319",1,"2) # of groups=4",4,1,1,1,1,"-1.6196080187639852","-4.0938488253296299"
"181320",1,"2) # of groups=4",4,1,4,4,4,"0.39984754004758993","1.1592742223455501"
"181321",0,"",1,0,NA,NA,NA,"-0.66957071738862006","NA"
"181322",0,"",1,0,NA,NA,NA,"-2.118390359355153","NA"
"181323",1,"2) # of groups=4",4,0,NA,2,2,"-0.3655338329716058","NA"
"181324",0,"",1,2,3,NA,NA,"-0.021694980412615528","0.36667662611638102"
"181325",0,"",1,2,1,NA,NA,"-1.3900598839565139","-2.4714502051409402"
"181327",1,"1) # of groups=3",3,0,NA,2,2,"-0.89833638807589899","NA"
"181328",0,"",3,1,4,NA,NA,"-0.22215716076468461","1.1592742223455501"
"181329",1,"2) # of groups=4",4,2,3,4,4,"0.60779557407354712","0.50212397742538994"
"181330",0,"",1,0,NA,NA,NA,"-0.56940887067921131","NA"
"181331",0,"",1,0,NA,NA,NA,"0.2918844665949048","NA"
"181332",0,"",2,0,NA,NA,NA,"-0.36688939107785518","NA"
"181333",0,"",0,0,NA,NA,NA,"-0.49748364190808297","NA"
"181334",0,"",0,0,NA,NA,NA,"1.3740670325938","NA"
"190002",1,"3) # of groups=5",5,8,2,3,3,"-0.084224547970611102","-0.27375209523171501"
"190004",1,"3) # of groups=5",5,5,3,3,3,"-0.16137743218820333","0.163345342625794"
"190005",1,"3) # of groups=5",5,7,1,2,2,"-0.47320699383233911","-0.69528858988462405"
"190006",1,"3) # of groups=5",5,3,2,3,3,"-0.090727256067847414","0.093435275576474394"
"190007",1,"3) # of groups=5",5,3,3,4,4,"0.11779037205032289","0.29649531869784201"
"190008",1,"3) # of groups=5",5,7,2,4,4,"0.085546924357101595","-0.042879293328090401"
"190011",1,"3) # of groups=5",5,5,3,3,3,"-0.0030615519879661213","0.51391014739526097"
"190013",1,"3) # of groups=5",5,3,3,4,4,"0.22486581898049895","0.290743687803108"
"190014",1,"2) # of groups=4",4,2,2,2,2,"-0.34088064352304787","0.108580015048442"
"190015",1,"3) # of groups=5",5,6,2,2,2,"-0.66309652004770514","-0.218547310583035"
"190017",1,"3) # of groups=5",5,5,2,2,2,"-0.32339211662460254","-0.029396705321321499"
"190019",1,"3) # of groups=5",5,7,3,3,3,"-0.16188444939108004","0.16123932194457499"
"190020",1,"3) # of groups=5",5,4,2,3,3,"0.026832742141117465","0.12713170967314899"
"190025",1,"2) # of groups=4",4,2,4,4,4,"0.45521461019583814","0.64718513744392503"
"190026",1,"3) # of groups=5",5,7,1,2,2,"-0.60601203647193036","-0.66337768758203397"
"190027",1,"3) # of groups=5",5,6,2,3,3,"0.0065464988140665967","-0.063544869345999802"
"190034",1,"2) # of groups=4",4,2,1,3,3,"0.11934440648753301","-0.52510840769052403"
"190036",1,"3) # of groups=5",5,8,2,4,4,"0.10768297149690281","-0.0651983186063438"
"190039",1,"3) # of groups=5",5,7,3,3,3,"-0.17847880342987266","0.42526978319258202"
"190040",1,"3) # of groups=5",5,6,1,2,2,"-0.59948351898886054","-0.70647902186887201"
"190041",1,"3) # of groups=5",5,7,3,3,3,"0.019086842879515911","0.41027399985392898"
"190044",1,"3) # of groups=5",5,6,2,3,3,"-0.066300278839033125","0.014460048007048001"
"190045",1,"3) # of groups=5",5,7,3,4,4,"0.14450380725475709","0.34406855322895302"
"190046",1,"3) # of groups=5",5,8,1,3,3,"-0.0041211041748089317","-0.57380203109278605"
"190050",1,"2) # of groups=4",4,2,4,3,3,"0.2369158463803851","0.70888620905430599"
"190053",1,"2) # of groups=4",4,2,2,2,2,"-0.28408520197366827","0.086198850543360003"
"190054",1,"3) # of groups=5",5,5,1,2,2,"-0.29387140963701364","-0.31028806920782498"
"190060",1,"3) # of groups=5",5,6,2,3,3,"-0.10557032693547584","-0.28506706028011602"
"190064",1,"3) # of groups=5",5,6,2,3,3,"-0.12571902328971268","0.087131444027513993"
"190065",1,"3) # of groups=5",5,7,2,3,3,"-0.071760847706157177","-0.114731016049286"
"190079",0,"",2,2,4,NA,NA,"0.59399539768612519","0.61633460163873499"
"190086",1,"3) # of groups=5",5,3,1,2,2,"-0.35647183206523636","-0.45786063302883201"
"190088",1,"2) # of groups=4",4,0,NA,4,4,"0.6578418214588958","NA"
"190090",0,"",3,0,NA,NA,NA,"-1.0990334854717054","NA"
"190098",1,"3) # of groups=5",5,6,1,2,2,"-0.47331744442824863","-0.55771267954005599"
"190099",1,"2) # of groups=4",4,1,3,1,1,"-0.80447475989721584","0.196797124152676"
"190102",1,"3) # of groups=5",5,6,2,3,3,"-0.15189132294712271","0.12844967253285899"
"190106",1,"2) # of groups=4",4,2,4,3,3,"0.079671258886697849","0.77058728066468596"
"190111",1,"3) # of groups=5",5,8,2,3,3,"-0.24808472757289862","-0.28029457523989398"
"190114",1,"2) # of groups=4",4,2,1,1,1,"-1.895643200783296","-4.7412245191244002"
"190116",1,"1) # of groups=3",3,0,NA,2,2,"-0.58830036605004565","NA"
"190118",1,"2) # of groups=4",4,0,NA,2,2,"-0.18686540062559165","NA"
"190125",1,"3) # of groups=5",5,7,3,3,3,"-0.088757660905983832","0.33377657430857599"
"190128",1,"2) # of groups=4",4,6,1,4,4,"0.29886106645334148","-0.37379513889222099"
"190133",0,"",1,0,NA,NA,NA,"0.40793954465057747","NA"
"190140",0,"",3,1,3,NA,NA,"0.18574723134630175","0.13509605254229501"
"190144",1,"2) # of groups=4",4,2,3,2,2,"-0.19015818109949462","0.400811738311315"
"190145",1,"1) # of groups=3",3,0,NA,1,1,"-2.2348655924114356","NA"
"190151",0,"",3,1,1,NA,NA,"-0.2581981497366157","-0.35851252034074998"
"190160",1,"3) # of groups=5",5,6,1,2,2,"-0.57144136991485595","-2.15422088222829"
"190164",1,"2) # of groups=4",4,2,4,2,2,"-0.62392909567657273","0.801437816469876"
"190167",1,"2) # of groups=4",4,2,4,3,3,"-0.079429091589416356","0.73973674485949603"
"190176",1,"3) # of groups=5",5,8,3,2,2,"-0.41511925454688942","0.165774846196521"
"190183",1,"3) # of groups=5",5,3,1,3,3,"-0.18792302814870399","-0.39922160616744101"
"190184",1,"2) # of groups=4",4,1,2,3,3,"0.23558485373350319","0.073394980931914405"
"190190",0,"",0,0,NA,NA,NA,"-0.23571733772208209","NA"
"190201",0,"",3,2,4,NA,NA,"0.23485535116827053","0.70888620905430599"
"190202",1,"3) # of groups=5",5,6,4,4,4,"0.13441291221935811","0.67396516666871598"
"190208",0,"",1,0,NA,NA,NA,"-1.3889652370171361","NA"
"190218",0,"",3,1,2,NA,NA,"-0.86965033462613406","0.073394980931914405"
"190241",0,"",1,1,2,NA,NA,"-0.18600889675963894","0.0116939093215337"
"190245",0,"",3,1,2,NA,NA,"-0.010656044214358062","-0.050007162288847003"
"190251",0,"",2,2,2,NA,NA,"0.12586313916498726","-0.234164009994696"
"190255",0,"",2,2,4,NA,NA,"0.21079436606196111","0.723232602560541"
"190256",0,"",2,2,3,NA,NA,"-0.95180975124592049","0.269981238658279"
"190259",0,"",2,2,3,NA,NA,"0.41486130731371784","0.49631976676362199"
"190266",0,"",1,1,4,NA,NA,"0.55344557873494216","0.93720998347724305"
"190267",0,"",2,2,3,NA,NA,"0.51823772780060928","0.31106465363156"
"190270",0,"",1,1,3,NA,NA,"-0.10881414755658764","0.50530248220457896"
"190274",1,"3) # of groups=5",5,5,4,4,4,"0.084352056459125024","0.74697730068912305"
"190278",0,"",2,2,3,NA,NA,"0.36467937336280598","0.41384914021522101"
"190298",0,"",3,2,1,NA,NA,"0.17637129046507058","-0.65614242870111095"
"190300",0,"",0,1,3,NA,NA,"-0.10634623681295957","0.32019926737343701"
"190303",0,"",3,1,3,NA,NA,"0.10673394189124263","0.38190033898381798"
"190308",1,"2) # of groups=4",4,1,4,4,4,"0.68653013129780538","1.1592742223455501"
"190312",1,"2) # of groups=4",4,2,4,4,4,"0.46192785089505495","0.70888620905430599"
"190313",0,"",2,2,4,NA,NA,"0.30272835067981413","0.64718513744392503"
"190316",0,"",2,1,4,NA,NA,"-0.61405371708518464","0.58955752817982499"
"190317",1,"2) # of groups=4",4,5,3,2,2,"-0.23656903824124464","0.27616368550213399"
"190318",1,"2) # of groups=4",4,2,1,3,3,"0.15522793958522052","-0.30595785631509198"
"19043F",0,"",0,1,3,NA,NA,"0.84740786926372158","0.13509605254229501"
"19047F",1,"3) # of groups=5",5,3,2,3,3,"-0.19013865383999784","-0.058723125995778898"
"19048F",1,"3) # of groups=5",5,4,1,2,2,"-0.50630520375845522","-2.6872352319000399"
"191300",0,"",1,0,NA,NA,NA,"-0.17970911744975601","NA"
"191301",0,"",1,0,NA,NA,NA,"-0.74260268448414102","NA"
"191302",0,"",2,1,4,NA,NA,"1.0373394425464191","1.1592742223455501"
"191304",0,"",2,0,NA,NA,NA,"-0.45764842842276737","NA"
"191305",0,"",1,0,NA,NA,NA,"-0.52367474376385359","NA"
"191306",0,"",1,0,NA,NA,NA,"0.69714808240436799","NA"
"191307",0,"",1,0,NA,NA,NA,"1.2237823865081601","NA"
"191309",0,"",1,2,3,NA,NA,"0.34112595348619718","0.47095569842370899"
"191310",0,"",1,1,4,NA,NA,"0.44588377951807207","1.16593449887969"
"191311",0,"",1,0,NA,NA,NA,"-0.121501952908925","NA"
"191312",1,"1) # of groups=3",3,1,4,4,4,"0.49822090047996637","1.1592742223455501"
"191313",0,"",2,0,NA,NA,NA,"0.072502669575758696","NA"
"191314",0,"",0,0,NA,NA,NA,"1.3740670325938","NA"
"191315",0,"",2,0,NA,NA,NA,"-1.6444219803581048","NA"
"191316",0,"",1,0,NA,NA,NA,"-0.36017220638567388","NA"
"191317",0,"",3,0,NA,NA,NA,"0.15451464755089456","NA"
"191318",0,"",2,0,NA,NA,NA,"-0.69883742576586383","NA"
"191320",0,"",0,0,NA,NA,NA,"1.5400950630999299","NA"
"191321",0,"",1,0,NA,NA,NA,"-0.016752381282612583","NA"
"191322",0,"",3,0,NA,NA,NA,"0.42981327722710111","NA"
"191323",0,"",2,0,NA,NA,NA,"-0.99227764139127328","NA"
"191324",0,"",3,1,1,NA,NA,"0.90297634148749473","-0.58059587797429602"
"191325",0,"",1,0,NA,NA,NA,"1.51662340706529","NA"
"191326",0,"",1,0,NA,NA,NA,"0.056545918583892074","NA"
"191327",0,"",2,0,NA,NA,NA,"-0.24620894596849655","NA"
"200001",1,"3) # of groups=5",5,7,2,3,3,"-0.023175832831204016","0.056635052331447201"
"200008",1,"3) # of groups=5",5,6,1,4,4,"0.14539808592444917","-1.19320399529104"
"200009",1,"3) # of groups=5",5,8,2,4,4,"0.080764836076271301","-0.14504236399089299"
"200018",1,"2) # of groups=4",4,2,1,2,2,"-0.17068948293281283","-0.67534184472087799"
"200020",1,"2) # of groups=4",4,2,3,4,4,"0.52391338610704696","0.399415373864831"
"200021",1,"3) # of groups=5",5,5,4,3,3,"-0.075044009071509141","0.63605913779354895"
"200024",1,"3) # of groups=5",5,6,3,4,4,"0.080563184307540364","0.33024914148541301"
"200031",1,"2) # of groups=4",4,2,1,1,1,"-0.76402179285321292","-1.72637338561489"
"200033",1,"3) # of groups=5",5,7,3,5,5,"0.43970116987997993","0.19328270138984299"
"200034",1,"3) # of groups=5",5,3,3,4,4,"0.30830535894412908","0.42686983460329597"
"200039",1,"3) # of groups=5",5,6,2,4,4,"0.083830040478985055","0.057590807120225102"
"20003F",1,"2) # of groups=4",4,2,2,4,4,"0.44914726983966419","0.10534378216331799"
"200041",0,"",0,0,NA,NA,NA,"0.32323410526597202","NA"
"200050",1,"2) # of groups=4",4,2,4,3,3,"0.039266488027699969","0.56025832117562002"
"200052",1,"1) # of groups=3",3,2,4,3,3,"0.065951068050970868","0.70888620905430599"
"200063",1,"2) # of groups=4",4,2,4,3,3,"0.2100132029182511","0.801437816469876"
"201300",0,"",2,0,NA,NA,NA,"0.77616680059682652","NA"
"201301",0,"",1,1,1,NA,NA,"0.27657280989297583","-0.89338151398685395"
"201302",1,"2) # of groups=4",4,1,1,3,3,"-0.081266719577493138","-2.03281490231831"
"201303",0,"",1,0,NA,NA,NA,"0.76310828212717385","NA"
"201304",0,"",2,1,1,NA,NA,"-0.31286814541760433","-0.65320682919149697"
"201305",0,"",1,0,NA,NA,NA,"-0.29292692787821917","NA"
"201306",0,"",2,1,4,NA,NA,"0.62986327458791591","1.1592742223455501"
"201307",0,"",1,0,NA,NA,NA,"-1.2202211108968901","NA"
"201308",1,"2) # of groups=4",4,2,1,3,3,"-0.016311450089591631","-1.9728695746437801"
"201309",1,"1) # of groups=3",3,1,1,2,2,"-0.65847914393481211","-3.8676377849991201"
"201310",1,"2) # of groups=4",4,1,1,3,3,"-0.042338245178739436","-0.46609399336255702"
"201311",1,"2) # of groups=4",4,0,NA,4,4,"0.62747247542431661","NA"
"201312",1,"2) # of groups=4",4,2,2,3,3,"0.043772120556605912","-0.029258027186044599"
"201313",1,"2) # of groups=4",4,2,3,2,2,"-0.18472380007695599","0.51706560923630296"
"201314",1,"2) # of groups=4",4,1,1,2,2,"-0.6778003064349335","-3.5436812334146901"
"201315",1,"2) # of groups=4",4,1,4,4,4,"0.60034696764968409","1.1592742223455501"
"201316",1,"2) # of groups=4",4,0,NA,3,3,"-0.10889216433904882","NA"
"201317",0,"",1,0,NA,NA,NA,"0.63397942391505002","NA"
"210001",1,"3) # of groups=5",5,8,3,3,3,"-0.23669356042609602","0.37457239675953202"
"210002",1,"3) # of groups=5",5,7,1,3,3,"-0.12853438881234247","-0.51846834961532395"
"210003",1,"3) # of groups=5",5,6,1,1,1,"-0.7269571157034147","-0.81479442355224896"
"210004",1,"3) # of groups=5",5,8,1,2,2,"-0.46001518230368282","-0.49629809335180802"
"210005",1,"3) # of groups=5",5,7,3,3,3,"-0.10110268450328909","0.160114888512535"
"210008",1,"3) # of groups=5",5,8,2,3,3,"-0.25098678390680873","-0.119968381933988"
"210009",1,"3) # of groups=5",5,7,2,5,5,"0.52316108875135059","-0.087737685488588096"
"210011",1,"3) # of groups=5",5,5,1,3,3,"-0.2659199011734088","-0.40292226241813001"
"210012",1,"3) # of groups=5",5,8,1,3,3,"-0.13531056082403434","-0.45473830485668798"
"210015",1,"3) # of groups=5",5,7,3,3,3,"-0.011030395535659598","0.20193179915967599"
"210016",1,"3) # of groups=5",5,7,3,3,3,"-0.13065476805773665","0.27274757448696202"
"210017",1,"3) # of groups=5",5,3,1,4,4,"0.20147799404364469","-0.399882064438982"
"210018",1,"3) # of groups=5",5,6,3,3,3,"0.052435493445340736","0.214572249731559"
"210019",1,"3) # of groups=5",5,7,3,4,4,"0.18117780655330001","0.52113546514975095"
"210022",1,"3) # of groups=5",5,7,2,4,4,"0.08372452096522999","-0.18818496441076099"
"210023",1,"3) # of groups=5",5,8,2,3,3,"-0.1194003287549304","0.045328938288504698"
"210024",1,"3) # of groups=5",5,6,4,5,5,"0.65847086108835329","0.84370281254497204"
"210027",1,"3) # of groups=5",5,7,3,4,4,"0.27825124590238615","0.15427593749825"
"210028",1,"3) # of groups=5",5,6,4,4,4,"0.37420105733990877","0.68376656143148995"
"210029",1,"3) # of groups=5",5,7,1,3,3,"0.016420977217216894","-0.54087061785962898"
"210030",1,"2) # of groups=4",4,0,NA,5,5,"0.78313364555299725","NA"
"210032",1,"3) # of groups=5",5,6,3,4,4,"0.091411529132489622","0.484702925964551"
"210033",1,"3) # of groups=5",5,6,3,3,3,"-0.022605524327891577","0.205494913186062"
"210034",1,"3) # of groups=5",5,5,4,4,4,"0.40660278101130942","0.61552876208501694"
"210035",1,"3) # of groups=5",5,7,3,3,3,"-0.068324366175722254","0.279832445874237"
"210037",1,"3) # of groups=5",5,7,3,4,4,"0.20687913509900632","0.433896594999861"
"210038",1,"3) # of groups=5",5,4,1,3,3,"-0.08254691663289622","-1.0668985219543501"
"210039",1,"3) # of groups=5",5,5,3,5,5,"0.67431182733150763","0.35787286415553399"
"210040",1,"3) # of groups=5",5,7,2,2,2,"-0.34895423506921519","-0.082444697317354099"
"210043",1,"3) # of groups=5",5,7,2,5,5,"0.48822125640875996","-0.108929596562653"
"210044",1,"3) # of groups=5",5,8,2,5,5,"0.48168577545666341","-0.072445188817039902"
"210048",1,"3) # of groups=5",5,7,2,3,3,"0.048845898814499258","-0.17954931235657101"
"210049",1,"3) # of groups=5",5,7,1,2,2,"-0.61050691386914724","-0.57389610722288298"
"210051",1,"3) # of groups=5",5,7,2,3,3,"-0.043569495602852649","-0.177586001251719"
"210056",1,"3) # of groups=5",5,6,4,3,3,"0.058027069548338521","0.56085617400273102"
"210057",1,"3) # of groups=5",5,7,2,2,2,"-0.29645654972301344","0.131730257428152"
"210058",0,"",1,0,NA,NA,NA,"-1.4031257034009186","NA"
"210060",1,"3) # of groups=5",5,3,4,4,4,"0.09040093818960529","0.85445183293642801"
"210061",1,"3) # of groups=5",5,5,4,3,3,"-0.068699657150849539","1.0689845274537899"
"210062",1,"3) # of groups=5",5,7,3,2,2,"-0.3858930428555401","0.40254409509748501"
"210063",1,"3) # of groups=5",5,7,3,5,5,"0.90798267448207193","0.37612104567261401"
"210064",0,"",0,1,4,NA,NA,"1.4368533409217448","0.74315761729313401"
"210065",1,"3) # of groups=5",5,7,1,1,1,"-0.77744145996615965","-0.53140461355489299"
"21020F",1,"3) # of groups=5",5,4,1,2,2,"-0.63410988669225832","-1.5057974284387401"
"220001",1,"3) # of groups=5",5,5,1,3,3,"-0.20993672850668582","-0.415825487600403"
"220002",1,"3) # of groups=5",5,7,2,4,4,"0.35789400540430638","0.083874178673001995"
"220008",1,"3) # of groups=5",5,7,2,3,3,"-0.014528415983864507","0.12436247715698"
"220010",1,"3) # of groups=5",5,7,2,2,2,"-0.28633887101488698","-0.17747607408510199"
"220011",1,"3) # of groups=5",5,6,1,3,3,"-0.11336162225872853","-0.70487302434558496"
"220012",1,"3) # of groups=5",5,7,2,2,2,"-0.33272501683627576","-0.0074609245857746804"
"220015",1,"3) # of groups=5",5,7,1,2,2,"-0.32339166732473379","-1.12853830420826"
"220016",1,"3) # of groups=5",5,3,2,3,3,"-0.092399858174847582","-0.18617998870824501"
"220019",1,"3) # of groups=5",5,4,3,3,3,"-0.23871996336426016","0.42397492136700499"
"22001F",0,"",0,0,NA,NA,NA,"0.80673851134617003","NA"
"220020",1,"3) # of groups=5",5,7,2,3,3,"0.01181085757930625","-0.041909154738464703"
"220024",1,"3) # of groups=5",5,5,4,4,4,"0.1596147445007341","0.58889166897543599"
"220029",1,"3) # of groups=5",5,4,3,3,3,"-0.11370697450018917","0.23586643931418999"
"220030",1,"2) # of groups=4",4,2,4,4,4,"0.3752379825081254","0.83228835227506703"
"220031",1,"3) # of groups=5",5,8,2,3,3,"0.026019008838898933","-0.0116104524302484"
"220033",1,"3) # of groups=5",5,7,1,3,3,"0.057029008643243777","-0.40261587510442998"
"220035",1,"3) # of groups=5",5,7,4,5,5,"0.61598335425555917","0.542945888516007"
"220036",1,"3) # of groups=5",5,7,4,3,3,"-0.13092646739442185","0.55207135298171295"
"220046",1,"3) # of groups=5",5,7,3,4,4,"0.17366010395662171","0.466072901159238"
"220049",1,"3) # of groups=5",5,4,2,2,2,"-0.36609424355872533","-0.16231183920982101"
"220052",1,"3) # of groups=5",5,5,2,3,3,"-0.0065163628007128601","0.088544140308512403"
"220060",1,"3) # of groups=5",5,7,2,4,4,"0.11789583421051986","0.023268502891411701"
"220062",0,"",0,1,4,NA,NA,"-0.78678166301300245","1.1592742223455501"
"220063",1,"3) # of groups=5",5,7,1,2,2,"-0.46012844449787166","-0.46549237135527499"
"220065",1,"2) # of groups=4",4,2,1,2,2,"-0.19456497017853958","-0.861893275258377"
"220066",1,"3) # of groups=5",5,7,3,2,2,"-0.32103065979842393","0.29236093237745697"
"220070",1,"3) # of groups=5",5,7,3,3,3,"-0.20861624199872786","0.40585461966434"
"220071",1,"3) # of groups=5",5,8,2,5,5,"0.84901291067871898","0.13043335458983901"
"220073",1,"3) # of groups=5",5,7,1,1,1,"-1.0796833580563547","-0.71589396884093204"
"220074",1,"3) # of groups=5",5,7,3,4,4,"0.31803849303998377","0.28621693701065098"
"220075",0,"",2,2,2,NA,NA,"1.0021338086760827","-0.113272080598758"
"220077",1,"3) # of groups=5",5,8,1,2,2,"-0.41016404404059748","-0.41008806050610003"
"220080",1,"3) # of groups=5",5,6,3,2,2,"-0.53207017660991918","0.14162770515513701"
"220083",1,"3) # of groups=5",5,6,2,5,5,"0.42895106500378327","-0.021902439146812201"
"220084",1,"3) # of groups=5",5,7,4,5,5,"0.44517499011250916","0.65869943688028398"
"220086",1,"3) # of groups=5",5,8,1,3,3,"-0.11275577435129863","-0.65465128179110099"
"220088",1,"2) # of groups=4",4,3,3,5,5,"1.5647810078406892","0.29792992888596898"
"220090",1,"3) # of groups=5",5,7,4,4,4,"0.10214515275048981","0.53831527211233399"
"220095",1,"3) # of groups=5",5,4,1,2,2,"-0.4493060599002206","-0.815142112768655"
"22009F",0,"",0,0,NA,NA,NA,"1.6083163698862699","NA"
"220100",1,"3) # of groups=5",5,8,1,2,2,"-0.38325595222588715","-0.74506765962456201"
"220101",1,"3) # of groups=5",5,7,3,5,5,"0.71140132779673193","0.41656419221991198"
"220105",1,"3) # of groups=5",5,7,3,3,3,"-0.084955974635453652","0.42008743120549702"
"220108",1,"3) # of groups=5",5,6,2,4,4,"0.14394743347674868","-0.0111515020306332"
"22010F",1,"3) # of groups=5",5,3,3,4,4,"0.24417446522882497","0.34382763587863002"
"220110",1,"3) # of groups=5",5,8,2,5,5,"0.71109025423254046","-0.012851989841396501"
"220111",1,"3) # of groups=5",5,7,3,2,2,"-0.47081224689327394","0.30904804777787798"
"220116",1,"3) # of groups=5",5,8,1,2,2,"-0.34482044446419963","-0.91629311074545905"
"220119",1,"3) # of groups=5",5,6,4,5,5,"1.0419043904691976","0.59088364668231796"
"220126",0,"",0,0,NA,NA,NA,"-0.79363533618632021","NA"
"220135",1,"3) # of groups=5",5,7,2,4,4,"0.38270384789768508","-0.15477930775073101"
"220163",1,"3) # of groups=5",5,8,2,3,3,"-0.074128041899032215","-0.12395155122929501"
"220171",1,"3) # of groups=5",5,7,2,4,4,"0.19798158912298991","0.0048806654931900896"
"220175",1,"3) # of groups=5",5,3,1,1,1,"-1.1634126575461912","-2.0698536767131701"
"220176",1,"3) # of groups=5",5,7,3,2,2,"-0.40621998827684325","0.41024050057634698"
"220177",1,"2) # of groups=4",4,0,NA,3,3,"0.099148991110803192","NA"
"221300",1,"2) # of groups=4",4,2,4,4,4,"0.33557954702857157","0.58159800919434901"
"221302",1,"2) # of groups=4",4,1,4,5,5,"0.90468475008110483","0.71367557942800797"
"221303",1,"1) # of groups=3",3,1,1,2,2,"-0.82099785138614367","-3.5939503534881299"
"221304",0,"",1,0,NA,NA,NA,"0.38048130717185896","NA"
"230002",1,"3) # of groups=5",5,8,1,2,2,"-0.50229542567332508","-0.32861039520909202"
"230003",1,"2) # of groups=4",4,2,4,5,5,"0.80576082273937533","0.67803567324911496"
"230005",1,"2) # of groups=4",4,2,3,3,3,"0.16149775760113214","0.52378299422316399"
"230013",0,"",0,0,NA,NA,NA,"4.8436222612847297","NA"
"230015",1,"2) # of groups=4",4,1,3,2,2,"-0.66079871767623111","0.196797124152676"
"230017",1,"3) # of groups=5",5,8,3,4,4,"0.1574104594497939","0.38576045517660701"
"230019",1,"3) # of groups=5",5,7,3,4,4,"0.2935861645658871","0.16762696282700601"
"230020",1,"3) # of groups=5",5,8,1,2,2,"-0.44930386294713909","-0.71801020195074905"
"230021",1,"3) # of groups=5",5,6,3,4,4,"0.18786269951856527","0.17201043190048301"
"230022",1,"3) # of groups=5",5,3,3,2,2,"-0.40170114600173074","0.30075362921222099"
"230024",1,"3) # of groups=5",5,6,1,1,1,"-1.2743752611644219","-0.37369851119342401"
"230029",1,"3) # of groups=5",5,7,1,2,2,"-0.48807294973567394","-0.49094291609027502"
"230030",1,"3) # of groups=5",5,3,4,4,4,"0.077493909399576816","0.79381390792426698"
"230031",1,"3) # of groups=5",5,3,4,4,4,"0.091910133978137909","0.54281362645650899"
"230035",1,"2) # of groups=4",4,2,1,4,4,"0.27959333483833315","-0.69891018896725998"
"230036",1,"3) # of groups=5",5,5,1,3,3,"0.0337367755619086","-0.53533891298880898"
"230037",1,"2) # of groups=4",4,2,1,3,3,"-0.088297186526074864","-0.71708400880689005"
"230038",1,"3) # of groups=5",5,8,2,4,4,"0.38705969722828004","-0.22382379814386999"
"230041",1,"3) # of groups=5",5,7,4,1,1,"-0.70918831978009012","0.56575518307098305"
"230046",1,"3) # of groups=5",5,8,3,4,4,"0.20547629798388967","0.18946980735782001"
"230047",1,"3) # of groups=5",5,7,3,3,3,"-0.047047486245695797","0.19028793449116699"
"230053",1,"3) # of groups=5",5,7,3,3,3,"-0.16460585231661692","0.15226201001481299"
"230054",1,"3) # of groups=5",5,7,2,3,3,"-0.23846843894659739","0.064657603304183103"
"230055",1,"3) # of groups=5",5,4,1,2,2,"-0.33894356495468514","-1.3527231495753"
"230058",1,"2) # of groups=4",4,2,1,3,3,"0.17695583003246834","-0.69000993035823899"
"230059",1,"3) # of groups=5",5,8,1,3,3,"-0.065498907038346946","-0.53455200176574003"
"23005F",0,"",1,0,NA,NA,NA,"0.87116505799753097","NA"
"230066",1,"3) # of groups=5",5,7,1,3,3,"-0.20122408893717963","-1.2450697858144"
"230069",1,"2) # of groups=4",4,2,1,4,4,"0.35708271374387401","-0.571057916441988"
"230070",1,"3) # of groups=5",5,7,2,2,2,"-0.35674982978406627","-0.116943887095184"
"230071",0,"",0,0,NA,NA,NA,"-2.5554832157668406","NA"
"230072",1,"3) # of groups=5",5,4,3,5,5,"0.62011735368829313","0.19152237664378099"
"230075",1,"3) # of groups=5",5,7,2,3,3,"0.059939661821998183","-0.14454333090862101"
"230077",1,"3) # of groups=5",5,4,3,3,3,"0.023994906432602159","0.23692153660722701"
"230078",0,"",2,0,NA,NA,NA,"0.84166752773361453","NA"
"230080",1,"3) # of groups=5",5,3,4,3,3,"-0.11771571131435331","0.69673756142080601"
"230081",1,"3) # of groups=5",5,4,2,4,4,"0.15188084139107999","0.10387349743388199"
"230089",1,"3) # of groups=5",5,8,2,4,4,"0.22211520338486562","0.053242276352967702"
"230092",1,"3) # of groups=5",5,7,3,3,3,"-0.021696818974465123","0.52337249639084804"
"230093",1,"2) # of groups=4",4,2,2,3,3,"0.10313335966485804","-0.23937576809128799"
"230095",1,"3) # of groups=5",5,3,3,5,5,"0.47625722487424083","0.42926498557520998"
"230097",1,"3) # of groups=5",5,8,2,4,4,"0.080423507160329671","-0.22710614501697901"
"230099",1,"3) # of groups=5",5,6,1,1,1,"-0.8219141133604061","-1.2410560074332"
"230100",1,"2) # of groups=4",4,0,NA,3,3,"0.14540978017375633","NA"
"230104",1,"3) # of groups=5",5,7,1,1,1,"-0.9484396275571696","-0.67505642722729597"
"230105",1,"3) # of groups=5",5,7,3,3,3,"-0.047060611293406586","0.151077397410984"
"230108",1,"2) # of groups=4",4,2,4,5,5,"0.74081925805734961","0.64718513744392503"
"230110",1,"2) # of groups=4",4,2,1,4,4,"0.41638606988621957","-0.53387814831701697"
"230117",1,"3) # of groups=5",5,5,3,3,3,"-0.033597571290877294","0.36451079096841099"
"23011F",1,"3) # of groups=5",5,4,4,5,5,"0.98985539919407572","0.93989480505997502"
"230121",1,"3) # of groups=5",5,5,3,3,3,"-0.0042975017313084431","0.29149730816388097"
"23012F",0,"",0,0,NA,NA,NA,"0.74104404874847096","NA"
"230130",1,"3) # of groups=5",5,8,1,3,3,"-0.13025128081088216","-0.52154978922968898"
"230132",1,"3) # of groups=5",5,7,3,2,2,"-0.40096851023815461","0.32774184553244901"
"230133",1,"3) # of groups=5",5,3,4,4,4,"0.41761199024948492","1.0438805507071001"
"230141",1,"3) # of groups=5",5,7,3,2,2,"-0.5801091107546289","0.40180846854202501"
"230142",1,"3) # of groups=5",5,6,2,2,2,"-0.61240805625656081","0.073303830332509007"
"230144",0,"",0,1,2,NA,NA,"-0.36050757034232717","0.073394980931914405"
"230146",1,"3) # of groups=5",5,7,2,2,2,"-0.32520964030391164","-0.067802628787532307"
"230151",1,"3) # of groups=5",5,7,2,3,3,"-0.20001244274517185","-0.22122363960650601"
"230156",1,"3) # of groups=5",5,8,2,4,4,"0.40365293267456809","-0.13497780170871301"
"230165",1,"3) # of groups=5",5,6,2,1,1,"-0.79892964350437545","-0.271815929901562"
"230167",1,"3) # of groups=5",5,7,1,3,3,"-0.16325612104242149","-0.30636027423179102"
"230174",1,"2) # of groups=4",4,2,3,4,4,"0.37240411016903413","0.163912520977714"
"230176",1,"3) # of groups=5",5,7,3,3,3,"-0.062652595949954495","0.20562014515628399"
"230180",1,"2) # of groups=4",4,1,3,2,2,"-0.16830751510352734","0.196797124152676"
"230193",1,"3) # of groups=5",5,5,2,2,2,"-0.5962124706569536","0.132752295818655"
"230195",1,"3) # of groups=5",5,7,3,1,1,"-0.71417701113161702","0.28192097004188599"
"230197",1,"3) # of groups=5",5,7,4,3,3,"-0.063382443452621728","0.70920267685999305"
"230207",1,"3) # of groups=5",5,6,3,2,2,"-0.40445750120470025","0.27305672005382098"
"230208",1,"2) # of groups=4",4,1,2,4,4,"0.6069776478661969","0.073394980931914405"
"230216",1,"3) # of groups=5",5,7,3,2,2,"-0.63577842191432032","0.26916377559830201"
"230217",1,"3) # of groups=5",5,4,2,4,4,"0.29497185938715514","-0.0145700020324215"
"230222",1,"3) # of groups=5",5,7,2,4,4,"0.29904460901199775","0.0848960840359652"
"230227",1,"3) # of groups=5",5,6,1,1,1,"-0.74410687739159986","-1.1102961466935399"
"230230",1,"3) # of groups=5",5,7,1,3,3,"-0.10809044495849744","-0.33062182415017299"
"230236",1,"3) # of groups=5",5,7,1,4,4,"0.11653808055157294","-0.75842136963750895"
"230239",1,"2) # of groups=4",4,2,2,2,2,"-0.37143350696456079","0.12272602875569"
"230241",1,"1) # of groups=3",3,0,NA,3,3,"-0.060653157463224916","NA"
"230244",1,"3) # of groups=5",5,6,4,2,2,"-0.29726439842184227","0.76069862821513301"
"230254",1,"3) # of groups=5",5,3,1,3,3,"-0.27552786460535139","-0.35273351982727102"
"230259",1,"3) # of groups=5",5,5,1,5,4,"0.52556935778925973","-0.56727296932505"
"230264",0,"",1,1,3,NA,NA,"-1.087600340044915","0.13509605254229501"
"230269",1,"3) # of groups=5",5,8,2,4,4,"0.10123303195287024","-0.099771360311732102"
"230270",1,"3) # of groups=5",5,5,1,2,2,"-0.28245561452177598","-0.442317416128998"
"230273",1,"3) # of groups=5",5,6,1,1,1,"-1.5211161064278194","-0.38362337883165298"
"230275",0,"",0,1,4,NA,NA,"1.1023768392186621","1.1592742223455501"
"230277",1,"3) # of groups=5",5,7,1,3,3,"-0.18226155932637111","-0.33055900226293899"
"230279",0,"",0,1,4,NA,NA,"1.3581080449048564","1.1592742223455501"
"230297",1,"2) # of groups=4",4,5,1,3,3,"0.10422387694929446","-0.42516422730965198"
"230301",0,"",1,1,3,NA,NA,"-0.55231401820999892","0.25849819576305599"
"230302",1,"3) # of groups=5",5,6,3,3,3,"0.010361952014665929","0.43146232418418901"
"230303",1,"2) # of groups=4",4,1,2,4,4,"0.34425330736829091","0.073394980931914405"
"23037F",1,"3) # of groups=5",5,4,3,5,5,"0.60207244013851335","0.36369848847102099"
"231300",0,"",2,0,NA,NA,NA,"1.2004401885098717","NA"
"231301",0,"",3,0,NA,NA,NA,"0.9577112308007818","NA"
"231303",0,"",2,0,NA,NA,NA,"-0.68933427950916804","NA"
"231304",0,"",1,0,NA,NA,NA,"-0.31375259207885553","NA"
"231305",1,"1) # of groups=3",3,0,NA,4,4,"0.18874357958542898","NA"
"231306",0,"",2,0,NA,NA,NA,"-0.22594702553404664","NA"
"231307",0,"",2,0,NA,NA,NA,"-0.049067188304467019","NA"
"231308",0,"",1,0,NA,NA,NA,"0.42958296439783883","NA"
"231310",0,"",2,1,2,NA,NA,"0.0044778452034463","0.055125753448161098"
"231311",0,"",1,0,NA,NA,NA,"0.086480912869215665","NA"
"231312",0,"",1,0,NA,NA,NA,"-0.57542790571069358","NA"
"231313",0,"",1,0,NA,NA,NA,"-0.37971217526331241","NA"
"231314",0,"",1,0,NA,NA,NA,"-1.1104745290672993","NA"
"231315",0,"",1,0,NA,NA,NA,"0.74851330722411491","NA"
"231316",1,"1) # of groups=3",3,1,4,4,4,"0.34212020120272457","1.1592742223455501"
"231318",1,"2) # of groups=4",4,0,NA,3,3,"0.036206147810265987","NA"
"231319",1,"2) # of groups=4",4,1,1,1,1,"-1.2643598378594145","-3.6107067268459501"
"231320",0,"",3,0,NA,NA,NA,"0.95499155698728388","NA"
"231321",0,"",3,1,1,NA,NA,"0.085703877920680016","-0.43878661603672497"
"231322",0,"",3,0,NA,NA,NA,"0.21639305935625452","NA"
"231323",0,"",3,0,NA,NA,NA,"0.41436641475297253","NA"
"231324",0,"",3,0,NA,NA,NA,"-0.1266218336919116","NA"
"231325",0,"",3,0,NA,NA,NA,"-0.091802953645474777","NA"
"231326",1,"2) # of groups=4",4,1,1,4,4,"0.27562196642861492","-0.50798492675709594"
"231327",1,"2) # of groups=4",4,1,1,1,1,"-0.82336844588709446","-6.3028973796683196"
"231328",0,"",1,0,NA,NA,NA,"-0.015371091207248812","NA"
"231329",0,"",2,0,NA,NA,NA,"-0.47942026544583866","NA"
"231330",0,"",1,0,NA,NA,NA,"-0.85932183151480623","NA"
"231331",1,"2) # of groups=4",4,1,1,2,2,"-0.72971280362551316","-4.1748379632257402"
"231332",1,"2) # of groups=4",4,1,4,5,5,"0.70546314450161374","1.1592742223455501"
"231333",1,"2) # of groups=4",4,2,1,1,1,"-1.0550835046646916","-2.20462624015099"
"231337",1,"2) # of groups=4",4,1,4,4,4,"0.36242980077443576","1.1592742223455501"
"231338",1,"2) # of groups=4",4,1,4,5,5,"0.80056676691313711","1.1592742223455501"
"231339",1,"2) # of groups=4",4,1,1,3,3,"0.22509698958706054","-0.93806517627436203"
"231340",1,"2) # of groups=4",4,1,4,5,5,"0.87728976460124952","0.54903812293304599"
"240001",1,"3) # of groups=5",5,6,1,1,1,"-0.79967797935649032","-0.50527644938280702"
"240002",1,"3) # of groups=5",5,7,3,4,4,"0.30477200282482636","0.45232472032766702"
"240004",1,"3) # of groups=5",5,6,2,3,3,"-0.031353578250950385","-0.14210516637044601"
"240006",1,"3) # of groups=5",5,3,1,4,4,"0.13098202786081425","-1.99176992866408"
"240010",1,"3) # of groups=5",5,8,4,5,5,"1.000212712749575","0.58799820450451201"
"240014",1,"2) # of groups=4",4,2,4,4,4,"0.58705240788131163","0.70888620905430599"
"240018",1,"2) # of groups=4",4,2,2,4,4,"0.25932684656752791","-0.133252070158456"
"240019",0,"",3,2,4,NA,NA,"0.25013947507419038","0.77058728066468596"
"240020",1,"3) # of groups=5",5,3,2,4,4,"0.12562169877116322","-0.0291938864975693"
"240022",1,"2) # of groups=4",4,1,2,4,4,"0.33897702827795273","0.0116939093215337"
"24002F",0,"",0,0,NA,NA,NA,"0.79114266490722696","NA"
"240030",1,"3) # of groups=5",5,4,2,4,4,"0.12428760938765197","-0.098783308108641596"
"240036",1,"3) # of groups=5",5,8,3,4,4,"0.1365286252560059","0.20471520349630201"
"240038",1,"3) # of groups=5",5,7,3,3,3,"0.014073508004519279","0.28261329732346502"
"24003F",1,"3) # of groups=5",5,4,3,5,5,"0.76016938977659165","0.37810093804621703"
"240040",1,"2) # of groups=4",4,2,3,4,4,"0.31834128036644466","0.20047903255137101"
"240043",1,"3) # of groups=5",5,4,3,5,5,"0.66514391198342349","0.31959477885128601"
"240044",1,"2) # of groups=4",4,2,1,2,2,"-0.19703992632598422","-0.72875591427355102"
"240047",1,"3) # of groups=5",5,7,3,3,3,"0.042312450554678804","0.224128345878397"
"240050",1,"2) # of groups=4",4,2,3,3,3,"0.040152208305859437","0.36804276612952702"
"240052",1,"3) # of groups=5",5,3,1,4,4,"0.41157045849748386","-0.65641057045936102"
"240053",1,"3) # of groups=5",5,8,3,3,3,"0.028076249484082695","0.23409751090528499"
"240056",1,"3) # of groups=5",5,7,4,4,4,"0.40494824701356041","0.78429946290513397"
"240057",1,"3) # of groups=5",5,8,3,4,4,"0.10085826811740681","0.22460928227006199"
"240064",1,"2) # of groups=4",4,2,2,4,4,"0.41133161834738213","0.12272602875569"
"240066",1,"3) # of groups=5",5,6,2,4,4,"0.26980504057069171","0.0124707013179271"
"240069",1,"3) # of groups=5",5,3,4,5,5,"0.51364268434455529","0.76536181801052705"
"240071",1,"2) # of groups=4",4,1,3,3,3,"0.05574472405647872","0.13509605254229501"
"240075",1,"3) # of groups=5",5,6,1,3,3,"0.046353527250857104","-0.447927433981407"
"240076",1,"3) # of groups=5",5,3,3,5,5,"0.90863902829387599","0.14594461190333599"
"240078",1,"3) # of groups=5",5,8,2,5,5,"0.51571450370953986","-0.12932688044847901"
"240080",1,"3) # of groups=5",5,8,2,4,4,"0.22014298989681991","-0.22080294860712399"
"240084",1,"2) # of groups=4",4,3,4,4,4,"0.34812190992229269","0.78584455894623595"
"240088",1,"2) # of groups=4",4,2,1,3,3,"0.031605862918232239","-0.31504048416651498"
"240093",1,"3) # of groups=5",5,7,2,5,5,"0.64962270514561682","-0.25705476010067202"
"240100",1,"3) # of groups=5",5,5,2,4,4,"0.14158465692830058","-0.13569801810641899"
"240101",1,"2) # of groups=4",4,2,2,4,4,"0.30753813636166188","-0.29217658109264699"
"240104",1,"3) # of groups=5",5,6,1,3,3,"0.026425758606807351","-0.37946434297102299"
"240106",1,"3) # of groups=5",5,8,2,3,3,"0.056745994451828069","-0.132135629935617"
"240115",1,"3) # of groups=5",5,8,2,3,3,"-0.11167312658286553","-0.21009968949799199"
"240141",1,"2) # of groups=4",4,2,2,4,4,"0.47207060079789581","-0.26704202105592401"
"240166",1,"2) # of groups=4",4,2,4,5,5,"0.731138552597278","0.77058728066468596"
"240187",1,"2) # of groups=4",4,2,1,3,3,"0.23007774742946041","-1.10061974434738"
"240206",0,"",1,0,NA,NA,NA,"0.52080326190091197","NA"
"240207",1,"3) # of groups=5",5,6,1,4,4,"0.34922797425077629","-0.36662308660891102"
"240210",1,"3) # of groups=5",5,6,4,5,5,"0.48943998468074235","0.54839955688451303"
"240213",1,"3) # of groups=5",5,6,2,4,4,"0.37500109186152902","0.086301931247814004"
"240214",1,"3) # of groups=5",5,7,3,5,5,"0.5128363051388023","0.45011868829495699"
"241301",0,"",1,0,NA,NA,NA,"0.28823119927547203","NA"
"241302",0,"",1,0,NA,NA,NA,"0.57752901073126561","NA"
"241303",0,"",1,0,NA,NA,NA,"0.54248270891329786","NA"
"241304",0,"",1,0,NA,NA,NA,"0.07242524068297318","NA"
"241305",0,"",3,1,4,NA,NA,"0.58506054363423454","1.1592742223455501"
"241306",1,"2) # of groups=4",4,1,1,2,2,"-0.35267535943814066","-1.92052372449138"
"241308",0,"",2,0,NA,NA,NA,"0.75082419641010478","NA"
"241309",0,"",1,0,NA,NA,NA,"0.12154258461289499","NA"
"241311",0,"",1,0,NA,NA,NA,"-2.0663775318174902","NA"
"241312",0,"",1,0,NA,NA,NA,"0.0083438671716925105","NA"
"241313",0,"",2,0,NA,NA,NA,"0.97930156017567704","NA"
"241314",0,"",1,0,NA,NA,NA,"0.093006780692324528","NA"
"241315",0,"",1,0,NA,NA,NA,"0.20308422071832313","NA"
"241316",0,"",0,0,NA,NA,NA,"1.2844794557099299","NA"
"241317",0,"",1,0,NA,NA,NA,"0.49051137873451744","NA"
"241318",0,"",1,0,NA,NA,NA,"0.49855356942451945","NA"
"241319",0,"",1,0,NA,NA,NA,"-0.31130114607465464","NA"
"241320",0,"",2,0,NA,NA,NA,"0.64751749712780582","NA"
"241321",0,"",2,0,NA,NA,NA,"1.1006477763227487","NA"
"241322",0,"",2,2,2,NA,NA,"-0.10037816803018013","-0.17712968332866899"
"241323",0,"",2,0,NA,NA,NA,"-0.85851224538230952","NA"
"241325",0,"",3,0,NA,NA,NA,"0.042664389203234052","NA"
"241326",0,"",2,0,NA,NA,NA,"0.28017870427715164","NA"
"241327",0,"",2,0,NA,NA,NA,"-0.15497090433291294","NA"
"241328",0,"",1,0,NA,NA,NA,"-0.18455116515132808","NA"
"241329",0,"",3,1,2,NA,NA,"-0.10242064323496533","0.036597207371910703"
"241330",1,"2) # of groups=4",4,0,NA,5,5,"0.95860965919632601","NA"
"241332",0,"",3,1,4,NA,NA,"0.517075149099544","0.54903812293304599"
"241333",0,"",1,0,NA,NA,NA,"0.32196731967847281","NA"
"241334",0,"",3,1,4,NA,NA,"0.76182108605254817","1.37222540540786"
"241335",0,"",2,0,NA,NA,NA,"0.16732219611447396","NA"
"241336",0,"",1,0,NA,NA,NA,"0.51638275472597228","NA"
"241337",0,"",0,0,NA,NA,NA,"0.99025833253001205","NA"
"241338",0,"",1,1,4,NA,NA,"0.31688760513126213","1.1592742223455501"
"241339",0,"",0,0,NA,NA,NA,"0.46909600895025477","NA"
"241340",0,"",2,0,NA,NA,NA,"0.49489455452742009","NA"
"241341",0,"",1,0,NA,NA,NA,"0.066276627534848559","NA"
"241342",0,"",2,0,NA,NA,NA,"0.20596456083064024","NA"
"241343",0,"",1,0,NA,NA,NA,"-0.044264502382305088","NA"
"241344",0,"",2,2,2,NA,NA,"-0.39744120559054136","-0.17930187245911"
"241345",0,"",1,1,1,NA,NA,"-0.88730756343057582","-5.7750716188971296"
"241346",0,"",1,0,NA,NA,NA,"0.25984119081608403","NA"
"241347",0,"",1,0,NA,NA,NA,"0.028094515806458598","NA"
"241348",0,"",0,0,NA,NA,NA,"-0.1518977153476902","NA"
"241349",0,"",2,0,NA,NA,NA,"-0.24232820219298201","NA"
"241350",0,"",2,0,NA,NA,NA,"-0.02851411083714606","NA"
"241351",0,"",3,1,4,NA,NA,"0.27787741294134005","0.87831303592297005"
"241353",1,"2) # of groups=4",4,2,1,3,3,"0.03991260414899872","-0.69188636599963604"
"241354",1,"2) # of groups=4",4,2,1,3,3,"0.14935183624284437","-0.76110362146785704"
"241355",0,"",2,0,NA,NA,NA,"0.64597756943267814","NA"
"241356",0,"",1,0,NA,NA,NA,"-0.10592598716320087","NA"
"241357",0,"",2,0,NA,NA,NA,"0.16695290411995076","NA"
"241358",0,"",1,0,NA,NA,NA,"1.05775879645457","NA"
"241359",0,"",3,2,3,NA,NA,"0.59455773452940086","0.32340413478491598"
"241360",0,"",3,0,NA,NA,NA,"-0.23091161346651304","NA"
"241361",1,"2) # of groups=4",4,1,1,2,2,"-0.38575546884404582","-2.3260514360800899"
"241362",0,"",3,1,4,NA,NA,"0.63982280601297503","1.1592742223455501"
"241363",0,"",2,1,3,NA,NA,"0.3356002764080695","0.38440066643808402"
"241364",0,"",3,2,1,NA,NA,"0.073858611031678512","-1.14629988641228"
"241365",0,"",2,0,NA,NA,NA,"-0.44343267303347222","NA"
"241366",0,"",2,0,NA,NA,NA,"0.20924925084550941","NA"
"241367",1,"2) # of groups=4",4,2,1,3,3,"-0.050158320188946337","-2.9859128292885502"
"241368",0,"",2,0,NA,NA,NA,"0.88882665687002504","NA"
"241369",1,"2) # of groups=4",4,1,4,5,5,"0.70738783274666428","1.20758794891289"
"241370",1,"2) # of groups=4",4,1,3,4,4,"0.47886940281846369","0.21976320994312201"
"241371",0,"",1,0,NA,NA,NA,"-0.4893882819114681","NA"
"241372",0,"",1,0,NA,NA,NA,"0.32923179177491024","NA"
"241373",1,"2) # of groups=4",4,1,1,3,3,"0.055455793802027344","-0.93806517627436203"
"241374",0,"",1,0,NA,NA,NA,"0.25691024621196645","NA"
"241375",0,"",1,0,NA,NA,NA,"-0.621967599442245","NA"
"241376",1,"2) # of groups=4",4,1,4,4,4,"0.56918559295281212","1.1592742223455501"
"241377",0,"",3,0,NA,NA,NA,"-0.18024057346189004","NA"
"241378",1,"3) # of groups=5",5,3,4,5,5,"0.72029528336483928","1.23247804221103"
"241379",0,"",2,0,NA,NA,NA,"0.1195498042832151","NA"
"241380",1,"2) # of groups=4",4,1,4,3,3,"-0.092310259584559198","0.87831303592297005"
"241381",0,"",3,0,NA,NA,NA,"0.10608097493433843","NA"
"250001",1,"3) # of groups=5",5,8,1,2,2,"-0.3504826298256456","-0.40586150029012702"
"250002",1,"1) # of groups=3",3,0,NA,2,2,"-0.63609666077981852","NA"
"250004",1,"3) # of groups=5",5,7,1,2,2,"-0.66243866074793245","-0.56506270473826103"
"250006",1,"2) # of groups=4",4,2,4,4,4,"0.46555986497090196","0.70888620905430599"
"250007",1,"3) # of groups=5",5,3,2,1,1,"-1.320438056310103","0.12001059165094501"
"250009",1,"3) # of groups=5",5,7,1,2,2,"-0.35953739399145396","-0.92314120528597299"
"250017",0,"",0,0,NA,NA,NA,"-6.8394143629041304","NA"
"250018",0,"",0,0,NA,NA,NA,"-3.60193971062436","NA"
"250019",1,"3) # of groups=5",5,8,3,3,3,"-0.23328145020420193","0.27513141664271801"
"250020",1,"1) # of groups=3",3,1,4,4,4,"0.3396877212952073","1.1592742223455501"
"250025",1,"3) # of groups=5",5,4,3,3,3,"0.061944970308743859","0.21757106906774301"
"250027",0,"",1,0,NA,NA,NA,"-0.45177642409531843","NA"
"250031",1,"3) # of groups=5",5,6,4,2,2,"-0.3562435853878691","0.72954350124915401"
"250034",1,"3) # of groups=5",5,7,3,4,4,"0.18920976705677431","0.27817079597828998"
"250036",1,"2) # of groups=4",4,2,3,1,1,"-1.2151848513864296","0.49293245841797301"
"250038",1,"2) # of groups=4",4,2,4,3,3,"-0.1350847677598716","0.73973674485949603"
"250040",1,"3) # of groups=5",5,8,3,1,1,"-0.748357868682334","0.217000068994018"
"250042",1,"1) # of groups=3",3,1,4,3,3,"0.069505813710508582","0.75210676864610104"
"250043",1,"2) # of groups=4",4,0,NA,3,3,"0.0088494408264174901","NA"
"250044",1,"2) # of groups=4",4,2,1,3,3,"-0.10789824556416075","-1.8883516614071101"
"250048",1,"3) # of groups=5",5,8,2,2,2,"-0.5108728512004207","0.071601216339880203"
"250049",0,"",0,0,NA,NA,NA,"-1.7932276287444613","NA"
"250050",1,"2) # of groups=4",4,2,4,2,2,"-0.48320719504828935","0.77058728066468596"
"250057",1,"2) # of groups=4",4,2,3,3,3,"-0.14670339306036767","0.19349721031894801"
"250058",1,"3) # of groups=5",5,7,1,1,1,"-1.0965401417274094","-1.43213211501243"
"250061",0,"",2,0,NA,NA,NA,"-1.0573779073299483","NA"
"250067",1,"2) # of groups=4",4,2,2,3,3,"-0.12100543514473738","-0.19443106983872299"
"250069",1,"3) # of groups=5",5,7,2,3,3,"-0.0142712635285661","0.114104729763989"
"250072",1,"2) # of groups=4",4,3,4,3,3,"0.21512245012158393","1.02375859444424"
"250077",1,"3) # of groups=5",5,3,3,3,3,"-0.23769164675115528","0.32485766756929602"
"250078",1,"3) # of groups=5",5,8,2,2,2,"-0.37514881268630457","-0.28560531046136001"
"250081",0,"",1,1,4,NA,NA,"0.36811983705528889","1.1592742223455501"
"250082",1,"3) # of groups=5",5,4,4,1,1,"-1.3001000229108122","0.94843403005524096"
"250084",1,"3) # of groups=5",5,3,2,2,2,"-0.55420049731091581","-0.20986931111529999"
"250085",1,"1) # of groups=3",3,1,1,1,1,"-1.8112906034785128","-4.2251070832991902"
"250093",1,"3) # of groups=5",5,3,1,1,1,"-0.78316658743708101","-0.61135016300045497"
"250094",1,"3) # of groups=5",5,8,3,2,2,"-0.48976779042684815","0.38316077911392199"
"250095",1,"2) # of groups=4",4,1,4,2,2,"-0.30236890388544257","1.1592742223455501"
"250096",1,"2) # of groups=4",4,1,4,2,2,"-0.70778089398415545","0.62870462542534"
"250097",1,"3) # of groups=5",5,5,1,2,2,"-0.63400980875383517","-0.57437086595915399"
"250099",1,"3) # of groups=5",5,3,2,1,1,"-0.70349544790284557","-0.0029463122992948402"
"250100",1,"3) # of groups=5",5,8,1,3,3,"0.0069593577791683958","-0.48252784635705798"
"250102",1,"3) # of groups=5",5,8,1,2,2,"-0.5817697286638327","-1.63414377954443"
"250104",1,"3) # of groups=5",5,7,2,2,2,"-0.48299050262028576","0.0115102827882191"
"250117",1,"3) # of groups=5",5,3,1,1,1,"-0.87084582821169398","-0.38432144726819201"
"250123",1,"3) # of groups=5",5,6,3,2,2,"-0.29944295747565941","0.29928267523574098"
"250124",1,"2) # of groups=4",4,0,NA,2,2,"-0.38746829287832102","NA"
"250127",0,"",1,0,NA,NA,NA,"1.3347770673538599","NA"
"250134",0,"",0,0,NA,NA,NA,"-1.0264974371119631","NA"
"250136",0,"",1,1,2,NA,NA,"0.27229401464723518","0.073394980931914405"
"250138",1,"3) # of groups=5",5,6,4,1,1,"-0.78308153086527765","0.608291682035345"
"250141",1,"3) # of groups=5",5,6,1,3,3,"-0.26733904923024376","-0.48348517618187897"
"250151",0,"",0,1,4,NA,NA,"0.36397892006794719","1.1592742223455501"
"250152",0,"",1,0,NA,NA,NA,"0.84129463346113997","NA"
"250162",1,"2) # of groups=4",4,2,4,3,3,"0.10606218839167181","0.83228835227506703"
"250167",1,"3) # of groups=5",5,4,4,4,4,"0.37615319158315563","1.04098563747081"
"250168",1,"3) # of groups=5",5,3,1,1,1,"-0.70418748322461167","-1.3544425610111599"
"250172",0,"",1,0,NA,NA,NA,"0.38195881828266376","NA"
"25042F",1,"2) # of groups=4",4,1,4,5,5,"1.2229082290098829","0.69040569703572097"
"25043F",1,"2) # of groups=4",4,2,3,4,4,"0.50165788390511246","0.342009917659088"
"251300",0,"",1,1,1,NA,NA,"-0.84185099471268532","-2.9655863525700501"
"251302",0,"",1,0,NA,NA,NA,"-0.053665423928023925","NA"
"251304",0,"",1,0,NA,NA,NA,"1.1479508017370299","NA"
"251305",0,"",0,0,NA,NA,NA,"0.14211596324317263","NA"
"251307",0,"",0,0,NA,NA,NA,"0.67095627111356904","NA"
"251308",0,"",1,1,1,NA,NA,"-0.12885565751217132","-1.34859632354084"
"251309",0,"",1,0,NA,NA,NA,"-1.1108276294547257","NA"
"251312",0,"",1,0,NA,NA,NA,"-1.1293958290216659","NA"
"251313",0,"",3,1,4,NA,NA,"0.30377719975500167","1.1592742223455501"
"251315",1,"1) # of groups=3",3,1,1,2,2,"-0.72409342754459716","-1.27877810121661"
"251316",0,"",1,0,NA,NA,NA,"0.21794387049097944","NA"
"251317",1,"1) # of groups=3",3,1,4,2,2,"-0.52848320244931379","1.1592742223455501"
"251318",1,"2) # of groups=4",4,2,3,1,1,"-1.0426131450311342","0.31640750604293399"
"251319",0,"",1,0,NA,NA,NA,"-1.2489417631205948","NA"
"251320",0,"",2,0,NA,NA,NA,"1.215291357533786","NA"
"251322",0,"",1,0,NA,NA,NA,"-0.63978189792637341","NA"
"251323",0,"",1,0,NA,NA,NA,"0.8530621596635195","NA"
"251324",0,"",1,0,NA,NA,NA,"-0.039627436785837494","NA"
"251325",0,"",1,1,1,NA,NA,"0.23643032250491217","-0.53311948679381904"
"251326",0,"",0,0,NA,NA,NA,"-0.25249055838013501","NA"
"251327",0,"",1,1,4,NA,NA,"-0.30122059871761986","1.1592742223455501"
"251330",0,"",1,1,1,NA,NA,"-2.63860349613328","-4.7501401151774099"
"251331",0,"",1,0,NA,NA,NA,"0.84501781835077083","NA"
"251333",0,"",0,0,NA,NA,NA,"-4.0027286398944097","NA"
"251334",0,"",1,0,NA,NA,NA,"-0.70775245140150123","NA"
"251335",0,"",1,0,NA,NA,NA,"0.50217070408707931","NA"
"251336",0,"",3,1,1,NA,NA,"-0.96840024705039618","-1.4519272925807101"
"251337",1,"1) # of groups=3",3,1,4,4,4,"0.37995003473165223","1.1592742223455501"
"260001",1,"3) # of groups=5",5,6,2,1,1,"-0.70724872983942955","-0.28642046162011398"
"260005",1,"3) # of groups=5",5,6,1,3,3,"-0.16303889530499974","-0.59332326166122795"
"260006",1,"3) # of groups=5",5,7,2,4,4,"0.12150221547693202","-0.184153087680829"
"260009",1,"3) # of groups=5",5,5,4,4,4,"0.37744664252625509","1.07684064220258"
"260011",1,"3) # of groups=5",5,6,2,3,3,"-0.1504695185631707","0.0010906494263971599"
"260017",1,"3) # of groups=5",5,7,2,2,2,"-0.50182692241118254","-0.094363498151769407"
"260020",1,"3) # of groups=5",5,8,3,4,4,"0.30232350532931973","0.493192486041447"
"260022",1,"2) # of groups=4",4,2,2,2,2,"-0.43596882685244115","-0.088959961818532898"
"260023",1,"3) # of groups=5",5,7,2,4,4,"0.16260057990411089","-0.18235632626059201"
"260024",1,"2) # of groups=4",4,2,4,2,2,"-0.55359576992659543","0.64718513744392503"
"260025",1,"3) # of groups=5",5,5,1,2,2,"-0.3598123887875046","-0.318941205920173"
"260027",1,"3) # of groups=5",5,6,2,2,2,"-0.60773249005975571","-0.26138726527168299"
"260032",1,"3) # of groups=5",5,8,2,4,4,"0.095907505180564623","-0.13996330765729001"
"260034",1,"2) # of groups=4",4,1,3,3,3,"-0.11338731615398033","0.13509605254229501"
"260040",1,"3) # of groups=5",5,8,2,3,3,"-0.045702195170445631","-0.033640673924818398"
"260048",1,"3) # of groups=5",5,7,2,3,3,"-0.26144792473759881","-0.20334087293834599"
"26004F",1,"3) # of groups=5",5,4,1,4,4,"0.2844036376160754","-0.87909062720806996"
"260052",1,"3) # of groups=5",5,6,1,4,4,"0.12942120562968651","-0.36905400568756902"
"260057",1,"3) # of groups=5",5,3,1,1,1,"-0.75369643410773768","-0.34322002444651001"
"260059",1,"2) # of groups=4",4,2,4,4,4,"0.49915338118750419","0.67803567324911496"
"260061",0,"",3,2,4,NA,NA,"-0.82514082130259114","0.61633460163873499"
"260062",1,"3) # of groups=5",5,7,2,5,5,"0.52537631060208601","-0.072668513003006099"
"260065",1,"3) # of groups=5",5,8,2,3,3,"-0.18322342311590145","-0.21435245718238199"
"260068",1,"3) # of groups=5",5,8,2,4,4,"0.2789850694169384","0.022375135863650399"
"260070",0,"",3,1,2,NA,NA,"-1.3907981083553282","0.073394980931914405"
"260074",1,"2) # of groups=4",4,2,4,2,2,"-0.26478438494666356","0.73973674485949603"
"260077",1,"3) # of groups=5",5,8,2,2,2,"-0.32047927228800033","-0.149624039292753"
"260078",1,"3) # of groups=5",5,3,1,2,2,"-0.435456734515487","-0.55835863549099796"
"26007F",0,"",1,0,NA,NA,NA,"1.3181543444850179","NA"
"260081",1,"3) # of groups=5",5,7,1,4,4,"0.18855342511180664","-0.36589581454729098"
"260085",1,"3) # of groups=5",5,6,4,3,3,"0.040923220802275923","0.734387178444045"
"260091",1,"3) # of groups=5",5,8,2,3,3,"-0.089824769960826722","0.10363593803698"
"260094",1,"3) # of groups=5",5,5,2,4,4,"0.38363780310307033","0.11305643881180399"
"260095",1,"3) # of groups=5",5,7,3,3,3,"0.020448595049657271","0.19071222221804601"
"260096",1,"3) # of groups=5",5,8,2,4,4,"0.11406208277821125","-0.123735027646679"
"260097",1,"3) # of groups=5",5,3,4,4,4,"0.14768792297464506","0.61894392970315004"
"26009F",1,"3) # of groups=5",5,3,3,5,5,"0.67952823339785751","0.243300253870424"
"260102",1,"2) # of groups=4",4,4,4,4,4,"0.39310332740476056","0.52580465452347602"
"260104",1,"3) # of groups=5",5,8,4,4,4,"0.15089363580890469","0.71150066443276105"
"260105",1,"3) # of groups=5",5,6,2,1,1,"-0.80669370028079657","-0.074029487865304"
"260108",1,"3) # of groups=5",5,8,3,5,5,"0.64328491896967011","0.51790802455648599"
"260110",1,"3) # of groups=5",5,7,3,2,2,"-0.34706436499230586","0.28944158433862199"
"260113",1,"3) # of groups=5",5,3,2,2,2,"-0.40124507114549035","-0.23834265917950501"
"260119",1,"3) # of groups=5",5,6,4,2,2,"-0.32656785572437741","1.11519119292396"
"260137",1,"3) # of groups=5",5,8,3,2,2,"-0.42754613345698056","0.15710642237627501"
"260138",1,"3) # of groups=5",5,8,3,5,5,"0.45007282159714523","0.18107989496342999"
"260141",1,"3) # of groups=5",5,8,1,3,3,"-0.17688958024729728","-0.33813611480571099"
"260142",1,"2) # of groups=4",4,2,1,2,2,"-0.36322700912461525","-0.79373245334568698"
"260160",1,"2) # of groups=4",4,0,NA,2,2,"-0.26966924460161101","NA"
"260162",1,"3) # of groups=5",5,6,4,5,5,"0.48017026718791117","0.65956473817266204"
"260163",1,"3) # of groups=5",5,6,1,4,4,"0.20535706921560309","-0.56530685181179696"
"260175",1,"3) # of groups=5",5,3,1,3,3,"-0.021207003183064954","-0.51060165349410502"
"260176",1,"3) # of groups=5",5,3,2,3,3,"-0.094495046002496585","0.11373517701002001"
"260177",1,"3) # of groups=5",5,7,3,2,2,"-0.32508839619119234","0.14008622311229499"
"260179",1,"3) # of groups=5",5,8,3,4,4,"0.21134450801369498","0.42909276293382198"
"260180",1,"3) # of groups=5",5,7,2,4,4,"0.2574431472443765","-0.037590846571546203"
"260183",1,"3) # of groups=5",5,7,1,3,3,"-0.13021539779960142","-0.38727102290177601"
"260186",1,"3) # of groups=5",5,4,3,3,3,"-0.049955295834138727","0.45814175811000002"
"260190",1,"3) # of groups=5",5,7,3,3,3,"-0.044250043650819665","0.40854330211891998"
"260191",1,"3) # of groups=5",5,7,1,3,3,"-0.21763379677259706","-0.44031503525897298"
"260193",1,"3) # of groups=5",5,3,3,3,3,"-0.044394749681324078","0.50460989607637696"
"260195",1,"2) # of groups=4",4,2,1,3,3,"-0.1008149956982685","-1.03364610217599"
"260200",1,"3) # of groups=5",5,6,1,3,3,"-0.1205958658599629","-0.62957537587345602"
"260214",1,"3) # of groups=5",5,3,3,2,2,"-0.40494782968433879","0.470297767781517"
"260216",1,"3) # of groups=5",5,7,1,4,4,"0.36797986628358942","-0.312811248485107"
"260219",1,"3) # of groups=5",5,4,1,4,4,"0.39793214981486263","-0.42109290638603702"
"26023F",1,"3) # of groups=5",5,4,3,4,4,"0.27752008568453806","0.50783540548639095"
"261301",0,"",1,0,NA,NA,NA,"-1.9677530993322001","NA"
"261302",0,"",2,0,NA,NA,NA,"-0.68988702845562777","NA"
"261303",1,"2) # of groups=4",4,0,NA,3,3,"-0.04091593373598526","NA"
"261305",0,"",1,0,NA,NA,NA,"-1.5782387695525519","NA"
"261306",0,"",0,0,NA,NA,NA,"0.73811565127269951","NA"
"261307",1,"1) # of groups=3",3,0,NA,3,3,"-0.15390573931832446","NA"
"261308",0,"",2,1,1,NA,NA,"-1.1632240861794869","-2.6137025120559199"
"261309",1,"2) # of groups=4",4,0,NA,4,4,"0.67311002178454427","NA"
"261310",1,"1) # of groups=3",3,0,NA,2,2,"-0.75286964624196739","NA"
"261311",1,"2) # of groups=4",4,2,1,2,2,"-0.19684241201922353","-0.35649180246287498"
"261312",1,"1) # of groups=3",3,0,NA,3,3,"-0.40909237968372014","NA"
"261313",1,"1) # of groups=3",3,0,NA,2,2,"-0.92004997562420132","NA"
"261314",0,"",1,0,NA,NA,NA,"0.41122570033235967","NA"
"261316",0,"",3,1,1,NA,NA,"-0.51269136643256585","-3.9458341940022601"
"261317",0,"",2,0,NA,NA,NA,"0.018760458990530998","NA"
"261318",1,"1) # of groups=3",3,0,NA,4,4,"0.28187859118769298","NA"
"261319",0,"",3,1,4,NA,NA,"0.80745633065204481","1.1592742223455501"
"261320",1,"2) # of groups=4",4,0,NA,2,2,"-0.58806309725391193","NA"
"261321",1,"2) # of groups=4",4,1,1,4,4,"0.34015455810864692","-2.4712733385144898"
"261322",0,"",1,0,NA,NA,NA,"-0.21589039836125212","NA"
"261323",0,"",1,0,NA,NA,NA,"0.66127594329710238","NA"
"261324",1,"2) # of groups=4",4,1,2,4,4,"0.29992559106365324","0.120379074160989"
"261325",0,"",3,1,1,NA,NA,"0.54592389931956609","-1.20616714999941"
"261327",0,"",1,0,NA,NA,NA,"0.13577525548106284","NA"
"261328",0,"",1,0,NA,NA,NA,"-0.19405825057889964","NA"
"261329",1,"2) # of groups=4",4,1,1,3,3,"-0.072063041584149459","-0.32925027760706299"
"261330",1,"1) # of groups=3",3,0,NA,4,4,"0.24144095742486582","NA"
"261331",1,"2) # of groups=4",4,0,NA,4,4,"0.29184255913321439","NA"
"261332",0,"",3,0,NA,NA,NA,"0.25240177733004571","NA"
"261333",0,"",2,0,NA,NA,NA,"0.062081515222408068","NA"
"261335",0,"",1,0,NA,NA,NA,"0.43773488225850821","NA"
"261336",0,"",1,0,NA,NA,NA,"-0.27868026791537814","NA"
"261337",1,"2) # of groups=4",4,1,4,2,2,"-0.25450541212365868","1.1592742223455501"
"261338",1,"2) # of groups=4",4,2,1,4,4,"0.44391380589402341","-1.06571139308684"
"261340",0,"",1,0,NA,NA,NA,"1.0808759328586399","NA"
"270003",1,"3) # of groups=5",5,7,1,3,3,"-0.050288922785583667","-0.86099366154544499"
"270004",1,"3) # of groups=5",5,8,4,4,4,"0.17119650291043162","0.551903712670472"
"270012",1,"3) # of groups=5",5,6,3,2,2,"-0.51194780816302443","0.20491331382883299"
"270014",1,"3) # of groups=5",5,7,2,5,5,"0.52538873736057434","0.105575426892814"
"270017",1,"3) # of groups=5",5,3,1,2,2,"-0.28598082983300388","-0.69023668504547397"
"270023",1,"3) # of groups=5",5,6,1,3,3,"-0.054528512343135341","-0.52331519567171902"
"27003F",1,"2) # of groups=4",4,2,3,5,5,"1.214230937909659","0.35229996690575999"
"270049",1,"3) # of groups=5",5,8,2,4,4,"0.36835718394911898","-0.27980369683291401"
"270051",1,"3) # of groups=5",5,7,1,3,3,"0.037689408674738412","-0.44473733215789302"
"270057",1,"3) # of groups=5",5,7,1,5,4,"0.539757523524384","-0.31820959358255202"
"270074",0,"",0,0,NA,NA,NA,"-0.78344465195808843","NA"
"270086",1,"3) # of groups=5",5,3,1,2,2,"-0.3223409533230725","-0.48807154482805098"
"271300",0,"",0,0,NA,NA,NA,"-0.78956119368748301","NA"
"271301",0,"",1,0,NA,NA,NA,"-0.2878096212692503","NA"
"271302",0,"",0,0,NA,NA,NA,"-0.72275168925098354","NA"
"271303",0,"",0,0,NA,NA,NA,"-4.3033203368469497","NA"
"271304",0,"",0,0,NA,NA,NA,"0.68943639029918002","NA"
"271305",0,"",1,0,NA,NA,NA,"-0.47620893429741701","NA"
"271306",0,"",1,0,NA,NA,NA,"0.121058359678862","NA"
"271307",0,"",0,0,NA,NA,NA,"-0.43791556257339898","NA"
"271308",0,"",0,0,NA,NA,NA,"0.301016844218159","NA"
"271309",0,"",1,0,NA,NA,NA,"1.11454782419362","NA"
"271310",0,"",0,0,NA,NA,NA,"1.3147843796860901","NA"
"271311",0,"",1,0,NA,NA,NA,"1.26475494646951","NA"
"271312",0,"",0,0,NA,NA,NA,"-0.69241405782098286","NA"
"271313",0,"",0,0,NA,NA,NA,"-0.94534067293741786","NA"
"271314",0,"",1,0,NA,NA,NA,"0.034171610289814386","NA"
"271316",0,"",3,0,NA,NA,NA,"-0.64447176701611741","NA"
"271317",1,"2) # of groups=4",4,0,NA,3,3,"-0.0075960724426134274","NA"
"271318",1,"2) # of groups=4",4,1,2,2,2,"-0.34225915771653126","0.055125753448161098"
"271319",0,"",0,0,NA,NA,NA,"-0.055281440185190302","NA"
"271320",1,"2) # of groups=4",4,0,NA,2,2,"-0.35625432384819122","NA"
"271321",0,"",1,0,NA,NA,NA,"-0.89252803610790998","NA"
"271322",0,"",1,0,NA,NA,NA,"0.29581711273057137","NA"
"271323",0,"",1,0,NA,NA,NA,"-0.50410276612855109","NA"
"271324",0,"",1,0,NA,NA,NA,"-0.76469544911751708","NA"
"271325",0,"",1,0,NA,NA,NA,"0.11762921344738386","NA"
"271326",0,"",1,0,NA,NA,NA,"-0.89649496303613652","NA"
"271327",0,"",0,0,NA,NA,NA,"0.38893341954702199","NA"
"271328",0,"",1,0,NA,NA,NA,"-0.76099984385227815","NA"
"271329",0,"",1,0,NA,NA,NA,"-0.31579677932167993","NA"
"271330",0,"",1,0,NA,NA,NA,"-0.16295131561095808","NA"
"271331",0,"",1,0,NA,NA,NA,"0.3752430112953517","NA"
"271332",1,"1) # of groups=3",3,0,NA,1,1,"-1.4163435325982272","NA"
"271333",0,"",0,0,NA,NA,NA,"-0.0499396474942677","NA"
"271334",0,"",0,0,NA,NA,NA,"-1.8152282390374901","NA"
"271335",1,"2) # of groups=4",4,0,NA,5,5,"0.83197953079178089","NA"
"271336",1,"2) # of groups=4",4,2,4,3,3,"-0.08173771463746711","1.16260436061262"
"271337",0,"",1,0,NA,NA,NA,"-0.29756344584715","NA"
"271338",0,"",1,0,NA,NA,NA,"-1.78851393604998","NA"
"271339",0,"",0,0,NA,NA,NA,"-0.3634287879821706","NA"
"271340",1,"2) # of groups=4",4,1,2,4,4,"0.27360352104627289","0.055125753448161098"
"271341",0,"",1,0,NA,NA,NA,"-0.15442884925826691","NA"
"271342",0,"",1,0,NA,NA,NA,"1.0729616420953501","NA"
"271343",0,"",2,0,NA,NA,NA,"0.37577856188372083","NA"
"271344",1,"3) # of groups=5",5,3,1,3,3,"-0.25111197594223034","-0.63434443286426001"
"271345",0,"",2,0,NA,NA,NA,"0.79148847800823852","NA"
"271346",0,"",0,0,NA,NA,NA,"-1.4898090495065199","NA"
"271347",1,"2) # of groups=4",4,1,4,5,5,"0.73746438807990111","1.1592742223455501"
"271348",0,"",2,0,NA,NA,NA,"0.041166063454085661","NA"
"271389",0,"",1,0,NA,NA,NA,"0.81816889062942999","NA"
"280003",1,"3) # of groups=5",5,8,1,3,3,"-0.21344196260838855","-0.38940943412190998"
"280009",1,"3) # of groups=5",5,6,3,4,4,"0.18966644065234073","0.493315085778117"
"280013",1,"3) # of groups=5",5,8,3,4,4,"0.27940121603634915","0.41132784868897498"
"280020",1,"3) # of groups=5",5,7,2,4,4,"0.10036177965972722","0.060896673315944998"
"280023",1,"3) # of groups=5",5,5,3,4,4,"0.14082849137887316","0.27888659222126"
"280032",1,"3) # of groups=5",5,3,1,2,2,"-0.36335781255152622","-0.942014982953711"
"280040",1,"3) # of groups=5",5,8,2,4,4,"0.17119426480870056","0.080208890920496198"
"280059",0,"",0,0,NA,NA,NA,"2.3550601067271599","NA"
"280060",1,"3) # of groups=5",5,6,3,4,4,"0.08054269747834876","0.49988843949565698"
"280061",1,"3) # of groups=5",5,5,3,2,2,"-0.57978851491109262","0.19888058898073699"
"280065",1,"3) # of groups=5",5,4,4,3,3,"-0.08505566746675268","0.90253624768170604"
"28006F",1,"3) # of groups=5",5,4,1,5,4,"0.50081556365402746","-0.62924220392323105"
"280077",1,"3) # of groups=5",5,3,1,2,2,"-0.30773387099567839","-0.80537010025147604"
"280081",1,"3) # of groups=5",5,6,3,3,3,"-0.065578264614353121","0.51157351796662098"
"280105",1,"2) # of groups=4",4,2,4,4,4,"0.48993365633380703","0.67803567324911496"
"280111",1,"2) # of groups=4",4,2,3,3,3,"0.13518589784588161","0.27273776318231502"
"280125",1,"3) # of groups=5",5,3,2,3,3,"0.039311656284394668","-0.27359598792447598"
"280127",0,"",2,2,2,NA,NA,"0.59155859457246285","0.043642710552937398"
"280128",1,"2) # of groups=4",4,2,1,4,4,"0.44068770615792591","-0.89108641065202498"
"280129",0,"",2,1,3,NA,NA,"1.1598695185269765","0.25849819576305599"
"280130",1,"3) # of groups=5",5,7,2,4,4,"0.35226594050582921","-0.049611985626192602"
"280131",0,"",3,2,4,NA,NA,"0.61448359716729928","0.73289117403705495"
"280132",1,"3) # of groups=5",5,6,3,4,4,"0.196309411131221","0.236079016858073"
"280133",0,"",1,1,1,NA,NA,"0.38032306190999565","-0.79042002161341396"
"280134",1,"3) # of groups=5",5,5,2,4,4,"0.17550686366087398","-0.024877629838883399"
"280139",1,"3) # of groups=5",5,3,3,2,2,"-0.43345251518682731","0.36377530639934902"
"281300",0,"",1,0,NA,NA,NA,"-0.63969742033947075","NA"
"281301",1,"1) # of groups=3",3,1,4,4,4,"0.17634858286292579","1.37222540540786"
"281302",0,"",0,0,NA,NA,NA,"0.46233909166416065","NA"
"281303",0,"",0,0,NA,NA,NA,"0.38243818625118498","NA"
"281304",0,"",2,0,NA,NA,NA,"-0.066448650568393205","NA"
"281305",0,"",2,0,NA,NA,NA,"0.17231192963121","NA"
"281306",0,"",1,0,NA,NA,NA,"-0.22928519769911418","NA"
"281307",0,"",2,0,NA,NA,NA,"-0.20212530643257942","NA"
"281308",0,"",1,0,NA,NA,NA,"-0.024333143621540126","NA"
"281309",0,"",3,0,NA,NA,NA,"0.48502103039696498","NA"
"281310",0,"",1,0,NA,NA,NA,"0.67352332599903197","NA"
"281311",0,"",1,0,NA,NA,NA,"0.43820171835035399","NA"
"281312",0,"",0,0,NA,NA,NA,"1.6911425348731699","NA"
"281313",0,"",2,0,NA,NA,NA,"-0.13171022287897152","NA"
"281314",0,"",0,0,NA,NA,NA,"-1.3606824133114064","NA"
"281315",1,"2) # of groups=4",4,1,4,4,4,"0.45561935301182982","0.87831303592297005"
"281316",0,"",0,0,NA,NA,NA,"1.77897038400165","NA"
"281318",0,"",1,0,NA,NA,NA,"-0.94215355331868667","NA"
"281319",0,"",2,0,NA,NA,NA,"0.18507600135382812","NA"
"281320",0,"",2,0,NA,NA,NA,"0.14068194759139621","NA"
"281322",1,"2) # of groups=4",4,1,1,2,2,"-0.2317030201863132","-0.60342407253168695"
"281323",0,"",2,0,NA,NA,NA,"0.64825021228804736","NA"
"281324",0,"",2,0,NA,NA,NA,"-0.17608903777318935","NA"
"281325",0,"",1,0,NA,NA,NA,"-0.10554771946000982","NA"
"281326",0,"",1,0,NA,NA,NA,"0.10499671077321875","NA"
"281327",0,"",2,0,NA,NA,NA,"-0.014986226240314315","NA"
"281328",0,"",2,0,NA,NA,NA,"0.066567246280270997","NA"
"281329",1,"2) # of groups=4",4,2,1,4,4,"0.38254378133736194","-0.57146515312639601"
"281331",0,"",2,0,NA,NA,NA,"0.56215495227707013","NA"
"281332",0,"",2,0,NA,NA,NA,"0.11238951206178716","NA"
"281333",0,"",0,0,NA,NA,NA,"-0.031104091499643022","NA"
"281334",1,"2) # of groups=4",4,0,NA,4,4,"0.32124728673043662","NA"
"281335",0,"",2,0,NA,NA,NA,"0.47200319244218292","NA"
"281336",1,"2) # of groups=4",4,0,NA,4,4,"0.28642824475340878","NA"
"281338",0,"",2,0,NA,NA,NA,"0.70847562978086054","NA"
"281339",1,"1) # of groups=3",3,0,NA,3,3,"-0.05734855157259694","NA"
"281340",0,"",1,0,NA,NA,NA,"-0.075313206165753016","NA"
"281341",1,"1) # of groups=3",3,0,NA,3,3,"-0.36755001525095549","NA"
"281342",1,"2) # of groups=4",4,0,NA,4,4,"0.58490935939159439","NA"
"281343",0,"",2,0,NA,NA,NA,"0.25539115278623087","NA"
"281344",0,"",3,1,1,NA,NA,"-0.086893130246872771","-0.76806152902664704"
"281345",1,"2) # of groups=4",4,0,NA,2,2,"-0.62834904275977965","NA"
"281346",0,"",1,0,NA,NA,NA,"0.50200439147961839","NA"
"281347",0,"",2,0,NA,NA,NA,"0.41324654212985007","NA"
"281348",0,"",1,0,NA,NA,NA,"-0.0090765508214368292","NA"
"281349",0,"",1,0,NA,NA,NA,"-0.50654633217100564","NA"
"281350",0,"",2,0,NA,NA,NA,"0.078634675490216882","NA"
"281351",0,"",1,0,NA,NA,NA,"-0.48867724140134194","NA"
"281352",1,"2) # of groups=4",4,0,NA,4,4,"0.49919202605466029","NA"
"281353",0,"",2,0,NA,NA,NA,"-0.53862448018192288","NA"
"281354",0,"",1,0,NA,NA,NA,"0.21593787127713204","NA"
"281355",0,"",2,0,NA,NA,NA,"-0.42483672404504602","NA"
"281356",0,"",1,0,NA,NA,NA,"-0.51140067947463996","NA"
"281357",0,"",3,0,NA,NA,NA,"-0.41158118836630886","NA"
"281358",0,"",2,0,NA,NA,NA,"-0.32408587359338636","NA"
"281359",0,"",3,0,NA,NA,NA,"-0.17589503033029549","NA"
"281360",1,"2) # of groups=4",4,2,4,4,4,"0.37761509431101431","0.68951871614433802"
"281361",0,"",3,0,NA,NA,NA,"-0.18534128706918374","NA"
"281362",1,"2) # of groups=4",4,1,4,4,4,"0.60525084660551753","1.16593449887969"
"281363",1,"1) # of groups=3",3,0,NA,3,3,"-0.39842945821047465","NA"
"281364",1,"2) # of groups=4",4,2,4,4,4,"0.46627879602831368","1.16260436061262"
"281365",1,"1) # of groups=3",3,0,NA,4,4,"0.23560826209478791","NA"
"290001",1,"3) # of groups=5",5,7,3,3,3,"-0.025985881299160837","0.13426983731702399"
"290003",1,"3) # of groups=5",5,8,3,2,2,"-0.46871205987082087","0.14731463868351799"
"290005",1,"3) # of groups=5",5,5,4,3,3,"-0.16702881756358509","0.91680236571863605"
"290007",1,"3) # of groups=5",5,7,2,2,2,"-0.64900802197034002","-0.027628227312272699"
"290008",1,"3) # of groups=5",5,3,1,3,3,"-0.15524319249108953","-0.433295678335475"
"290009",1,"3) # of groups=5",5,7,3,4,4,"0.21565416902269313","0.28467207327534799"
"290012",0,"",1,0,NA,NA,NA,"-1.6261643060138","NA"
"290019",1,"3) # of groups=5",5,7,1,2,2,"-0.31831239530061789","-0.77057509866362095"
"290021",1,"3) # of groups=5",5,8,3,2,2,"-0.40003694386690231","0.45999079645603402"
"29002F",1,"3) # of groups=5",5,3,4,5,5,"1.1951740599943581","1.3573049485108"
"290032",1,"3) # of groups=5",5,5,3,3,3,"-0.12255261493905392","0.15651513261897701"
"290039",1,"3) # of groups=5",5,8,4,4,4,"0.15782071460614552","0.71521768127905405"
"290041",1,"3) # of groups=5",5,7,4,3,3,"0.014799174502702475","0.66146998975773297"
"290045",1,"3) # of groups=5",5,7,2,3,3,"-0.15800500177163213","-0.15632884502675901"
"290046",1,"3) # of groups=5",5,7,3,3,3,"-0.26222658770169682","0.26073758545208697"
"290047",1,"3) # of groups=5",5,7,4,4,4,"0.20060444636515504","0.68041093918362106"
"290049",1,"3) # of groups=5",5,5,1,3,3,"-0.14543901960759703","-0.98103405639177399"
"29004F",1,"3) # of groups=5",5,4,4,5,5,"0.96688749569800669","0.67870974984268595"
"290053",1,"3) # of groups=5",5,6,3,4,4,"0.12242914054700144","0.35771055826643"
"290054",1,"3) # of groups=5",5,8,3,2,2,"-0.47434712446436123","0.516153245287997"
"290057",1,"3) # of groups=5",5,7,3,2,2,"-0.60094831723225806","0.49671918019662997"
"290058",0,"",1,0,NA,NA,NA,"-1.1045175169731396","NA"
"291300",0,"",1,0,NA,NA,NA,"-0.23123273001194677","NA"
"291301",0,"",1,0,NA,NA,NA,"0.51684118412022495","NA"
"291302",0,"",1,0,NA,NA,NA,"0.033022821360820076","NA"
"291303",0,"",1,0,NA,NA,NA,"0.95071725220352099","NA"
"291304",0,"",1,0,NA,NA,NA,"0.81571598724471905","NA"
"291306",1,"2) # of groups=4",4,0,NA,5,5,"0.7248175115637816","NA"
"291307",1,"2) # of groups=4",4,2,1,2,2,"-0.5915780906406326","-0.52001479740136103"
"291308",1,"2) # of groups=4",4,0,NA,2,2,"-0.51740531640676402","NA"
"291309",0,"",1,0,NA,NA,NA,"0.16329252378912468","NA"
"291311",1,"2) # of groups=4",4,1,4,2,2,"-0.53636041629575071","1.1592742223455501"
"291312",0,"",1,0,NA,NA,NA,"-1.1698053154335311","NA"
"291313",1,"2) # of groups=4",4,1,1,2,2,"-0.36217876955961614","-1.21733806557129"
"291314",0,"",1,0,NA,NA,NA,"-0.62089960646471198","NA"
"300001",1,"3) # of groups=5",5,7,3,3,3,"-0.18543384173372596","0.248519438843781"
"300003",1,"3) # of groups=5",5,8,1,3,3,"-0.08617299954137167","-0.33938977407593401"
"300005",1,"3) # of groups=5",5,4,1,3,3,"-0.24454172835462501","-0.79725567350620297"
"300011",1,"3) # of groups=5",5,7,4,4,4,"0.19240379077760211","0.72677683664179604"
"300012",1,"3) # of groups=5",5,8,1,2,2,"-0.43423054819794576","-0.39864878714508301"
"300014",1,"2) # of groups=4",4,2,4,3,3,"0.17651943723983857","0.64718513744392503"
"300017",1,"3) # of groups=5",5,3,3,4,4,"0.42168239387926337","0.363626220865576"
"300018",1,"3) # of groups=5",5,7,3,4,4,"0.39465724208076347","0.46958017190315698"
"300019",1,"3) # of groups=5",5,5,3,4,4,"0.11514828381079058","0.51343641582892396"
"300020",1,"3) # of groups=5",5,7,1,2,2,"-0.55120541554651592","-0.35872252072503802"
"300023",1,"3) # of groups=5",5,7,2,4,4,"0.26629957429251805","-0.028002842200403701"
"300029",1,"3) # of groups=5",5,7,3,3,3,"-0.19752621587444133","0.316058057648475"
"300034",1,"3) # of groups=5",5,7,1,4,4,"0.23445342242516382","-0.49232943876002"
"301300",0,"",2,0,NA,NA,NA,"0.9939082837840888","NA"
"301301",1,"1) # of groups=3",3,1,4,4,4,"0.16273871766331674","1.1592742223455501"
"301302",1,"2) # of groups=4",4,1,1,1,1,"-0.88360990571072329","-4.07988518086478"
"301303",0,"",3,0,NA,NA,NA,"0.26198653000152733","NA"
"301304",1,"2) # of groups=4",4,2,1,3,3,"-0.085935300265971834","-2.1714006244078701"
"301305",1,"2) # of groups=4",4,2,1,4,4,"0.64322524296543482","-0.89842956239869598"
"301306",0,"",1,1,4,NA,NA,"0.12196608555444766","1.1592742223455501"
"301307",1,"2) # of groups=4",4,1,4,4,4,"0.4200274237295672","1.1592742223455501"
"301308",1,"1) # of groups=3",3,0,NA,3,3,"-0.2687382844311163","NA"
"301309",1,"2) # of groups=4",4,1,1,2,2,"-0.42188665015741955","-3.1359428150411701"
"301310",1,"2) # of groups=4",4,2,1,2,2,"-0.33015904729370965","-0.367811072734536"
"301311",1,"2) # of groups=4",4,1,1,3,3,"0.013127457180909019","-1.6809310618041899"
"301312",1,"2) # of groups=4",4,2,2,4,4,"0.30203416967573316","-0.013134503327439101"
"310001",1,"3) # of groups=5",5,8,3,5,5,"0.62911770319962024","0.27927743114278702"
"310002",1,"3) # of groups=5",5,7,2,2,2,"-0.62426553541810348","0.059556447929782402"
"310003",1,"3) # of groups=5",5,5,1,2,2,"-0.28279037690452669","-0.711734658365339"
"310005",1,"3) # of groups=5",5,7,3,4,4,"0.41206976848601085","0.47171303406555598"
"310006",1,"3) # of groups=5",5,5,3,3,3,"-0.036927708648495622","0.49826557825916401"
"310008",1,"3) # of groups=5",5,8,4,5,5,"0.48365344551289069","0.60611893439616404"
"310009",1,"3) # of groups=5",5,6,4,3,3,"-0.14132360821325485","0.74339967170684995"
"310010",1,"3) # of groups=5",5,7,2,4,4,"0.19143362601612873","0.089362235354807598"
"310011",1,"3) # of groups=5",5,5,1,3,3,"-0.11693688868369419","-0.74880595366881997"
"310012",1,"3) # of groups=5",5,8,2,4,4,"0.15213572358718805","-0.017652595110529402"
"310014",1,"3) # of groups=5",5,8,1,2,2,"-0.34176851805905822","-0.70250298763916896"
"310015",1,"3) # of groups=5",5,8,3,5,5,"1.0369712707009937","0.46491178384981902"
"310016",1,"3) # of groups=5",5,5,1,2,2,"-0.65991251318277022","-0.761379769157983"
"310017",1,"3) # of groups=5",5,6,4,5,5,"0.46591688518515911","0.61610994887055504"
"310019",1,"3) # of groups=5",5,7,4,3,3,"-0.2672745927357375","0.70006914795526498"
"31001F",1,"3) # of groups=5",5,3,3,2,2,"-0.43068115344608809","0.183681091712596"
"310022",1,"3) # of groups=5",5,8,3,3,3,"-0.074165391606936013","0.20526111425546201"
"310024",1,"3) # of groups=5",5,4,3,4,4,"0.21254882862865609","0.50851524892810396"
"310025",1,"3) # of groups=5",5,4,1,1,1,"-0.75683977675849912","-0.39982267468774702"
"310027",1,"3) # of groups=5",5,5,4,3,3,"-0.12715980162138088","0.80295963001150705"
"310028",1,"3) # of groups=5",5,7,3,4,4,"0.39431296160319684","0.49508024005006601"
"310029",1,"3) # of groups=5",5,6,2,2,2,"-0.30803489355487645","-0.190432433710573"
"310031",1,"3) # of groups=5",5,4,1,3,3,"-0.22456243775250104","-0.637848935699038"
"310032",1,"3) # of groups=5",5,7,3,3,3,"-0.11533261202053087","0.137135167607459"
"310034",1,"3) # of groups=5",5,7,3,3,3,"-0.016803462014298085","0.42830120003401501"
"310038",1,"3) # of groups=5",5,8,1,2,2,"-0.31105422836506724","-0.56363592900616999"
"310039",1,"3) # of groups=5",5,6,3,4,4,"0.11076244432643159","0.36488479452060102"
"310040",1,"3) # of groups=5",5,4,1,1,1,"-0.71492766578924438","-0.43717559231134401"
"310041",1,"3) # of groups=5",5,8,4,1,1,"-0.73096924722211165","0.71751175603074202"
"310044",1,"3) # of groups=5",5,8,1,2,2,"-0.46525121169112588","-0.31011162377238299"
"310045",1,"3) # of groups=5",5,7,2,4,4,"0.3301042854793636","0.12512349067395501"
"310047",1,"3) # of groups=5",5,7,3,3,3,"-0.010188812948226489","0.43141775433671797"
"310048",1,"3) # of groups=5",5,7,2,3,3,"-0.26770523023340814","-0.0197268128737574"
"310050",1,"3) # of groups=5",5,7,2,2,2,"-0.38213620276137783","-0.105689910901161"
"310051",1,"3) # of groups=5",5,8,4,5,5,"0.44972548506797916","0.60596543570205097"
"310052",1,"3) # of groups=5",5,7,2,4,4,"0.30216941216684678","-0.0049316973921596898"
"310054",1,"3) # of groups=5",5,7,2,4,4,"0.070104043066742713","0.098123397854642205"
"310057",1,"3) # of groups=5",5,7,2,3,3,"-0.24621717082863442","-0.034022056912582997"
"310058",0,"",3,2,3,NA,NA,"0.067770159858890469","0.27697870778164102"
"310060",1,"3) # of groups=5",5,6,3,5,5,"0.47722126349351413","0.38744016323085401"
"310061",1,"3) # of groups=5",5,3,2,3,3,"-0.21112254343256687","0.12569308013349001"
"310064",1,"3) # of groups=5",5,8,3,4,4,"0.26042159388208119","0.48594070124776401"
"310069",1,"3) # of groups=5",5,6,3,3,3,"0.051163872177074035","0.35281653779691002"
"310070",1,"3) # of groups=5",5,8,4,3,3,"-0.039713731045143211","0.83032602492766905"
"310073",1,"3) # of groups=5",5,8,2,4,4,"0.21264656717437819","-0.066268672485987098"
"310074",1,"3) # of groups=5",5,7,3,3,3,"-0.081143234714165152","0.37959490045334399"
"310075",1,"3) # of groups=5",5,8,4,3,3,"0.0040114362168376556","0.75945842437600897"
"310076",1,"3) # of groups=5",5,8,3,3,3,"-0.23813908830835576","0.200728258933039"
"310083",1,"3) # of groups=5",5,4,1,1,1,"-2.2899516894040217","-1.2588564621156999"
"310084",1,"3) # of groups=5",5,5,3,3,3,"-0.26554321049832053","0.37311444289082502"
"310086",1,"3) # of groups=5",5,7,1,2,2,"-0.61172073019236484","-0.309083534233904"
"310092",1,"3) # of groups=5",5,6,2,2,2,"-0.61458682500178918","-0.21407268810428601"
"310096",1,"3) # of groups=5",5,6,4,4,4,"0.22508186727890322","1.02898192894861"
"310108",1,"3) # of groups=5",5,6,2,3,3,"-0.11216028647530699","-0.092341232235633702"
"310110",1,"3) # of groups=5",5,7,3,4,4,"0.21109834157015925","0.38531544893806102"
"310111",1,"3) # of groups=5",5,6,3,4,4,"0.22302539035279306","0.29540941730687797"
"310112",1,"3) # of groups=5",5,6,4,4,4,"0.29027807759031404","0.86073183750711801"
"310113",1,"3) # of groups=5",5,6,3,4,4,"0.13901897980142777","0.46577815513417198"
"310115",1,"3) # of groups=5",5,5,2,4,4,"0.083861773044234561","0.11861342275615699"
"310118",1,"3) # of groups=5",5,3,3,2,2,"-0.66395054390714958","0.41350850472605299"
"310119",1,"3) # of groups=5",5,6,3,1,1,"-0.74089382024340722","0.34663989784474902"
"310130",1,"3) # of groups=5",5,4,4,5,5,"0.43063166197451413","0.68046579227397297"
"320001",1,"3) # of groups=5",5,7,1,2,2,"-0.35382056090193081","-0.95283789029794397"
"320002",1,"3) # of groups=5",5,6,1,4,4,"0.17129433045205897","-0.35527803829027299"
"320004",1,"3) # of groups=5",5,5,4,3,3,"0.028752092001681193","0.65778907060474101"
"320005",1,"3) # of groups=5",5,6,1,2,2,"-0.42669627175021257","-0.35528576232883302"
"320006",1,"3) # of groups=5",5,4,4,1,1,"-0.69910865955599633","0.80887103365151103"
"320009",1,"3) # of groups=5",5,7,1,2,2,"-0.39625891486318454","-0.421276386063766"
"320011",0,"",3,2,1,NA,NA,"-0.071580528086974904","-0.50176176604787004"
"320017",1,"3) # of groups=5",5,5,3,4,4,"0.29870888510229571","0.48455294773150598"
"320018",1,"3) # of groups=5",5,6,4,2,2,"-0.61128528494339052","0.53599814308587301"
"320021",1,"3) # of groups=5",5,8,1,2,2,"-0.30995333756410237","-0.93935089089757595"
"320022",1,"3) # of groups=5",5,3,3,2,2,"-0.47241972863895809","0.41347797749639997"
"320030",0,"",3,2,1,NA,NA,"-0.10310219075070282","-0.78947365448812101"
"320033",0,"",3,1,3,NA,NA,"-0.2384741427206358","0.13509605254229501"
"320059",1,"2) # of groups=4",4,2,4,3,3,"-0.080414475836928873","0.70888620905430599"
"32005F",1,"3) # of groups=5",5,4,1,3,3,"-0.15440344187322907","-2.0784853358383799"
"320060",0,"",0,0,NA,NA,NA,"0.17161274495208015","NA"
"320061",1,"3) # of groups=5",5,3,1,2,2,"-0.63202059398518917","-0.88701264800266"
"320062",0,"",0,0,NA,NA,NA,"-1.66867438799208","NA"
"320063",1,"3) # of groups=5",5,3,2,1,1,"-0.88821191105464747","-0.036229994166132401"
"320065",1,"1) # of groups=3",3,2,1,3,3,"-0.25823037004903926","-0.40135404388350499"
"320074",1,"2) # of groups=4",4,2,4,4,4,"0.37796230369636702","0.801437816469876"
"320084",0,"",3,1,2,NA,NA,"0.18979541136306607","0.073394980931914405"
"320085",1,"3) # of groups=5",5,6,4,2,2,"-0.60811504077138412","0.60212570640186103"
"320086",1,"2) # of groups=4",4,1,3,2,2,"-0.24882797203903939","0.13509605254229501"
"320090",1,"3) # of groups=5",5,3,3,5,5,"0.46688277548469859","0.423499875453835"
"320091",1,"3) # of groups=5",5,4,3,3,3,"-0.087045432057016536","0.21788933827925699"
"321300",0,"",1,0,NA,NA,NA,"-0.76698551088050659","NA"
"321301",0,"",2,0,NA,NA,NA,"-0.39071172480900523","NA"
"321302",0,"",1,0,NA,NA,NA,"0.70926567572970756","NA"
"321304",0,"",0,0,NA,NA,NA,"-0.31694898028184204","NA"
"321305",0,"",3,1,1,NA,NA,"-0.26367938788344331","-3.1052227972185098"
"321306",1,"2) # of groups=4",4,1,1,2,2,"-0.27325512857585255","-0.75374506933839103"
"321307",0,"",1,0,NA,NA,NA,"-0.69743756568146797","NA"
"321308",0,"",2,1,4,NA,NA,"0.39584480806245059","1.1592742223455501"
"321309",0,"",3,2,1,NA,NA,"-1.9773260777907229","-4.63863596812417"
"321310",1,"2) # of groups=4",4,1,1,1,1,"-0.89185299600295753","-4.8059946930367898"
"321311",1,"3) # of groups=5",5,3,1,2,2,"-0.53215665682165603","-1.9027365628356401"
"321312",0,"",2,0,NA,NA,NA,"-0.66128453106280338","NA"
"321313",0,"",0,0,NA,NA,NA,"-0.18548702713093901","NA"
"330005",1,"3) # of groups=5",5,8,2,3,3,"-0.25247315161236927","-0.162997471633444"
"330006",1,"3) # of groups=5",5,4,2,1,1,"-0.92989232323726989","-0.066395299514206793"
"330009",1,"3) # of groups=5",5,7,2,1,1,"-0.86969549162506199","0.051027211060081797"
"330011",1,"3) # of groups=5",5,7,1,3,3,"-0.26125738155356798","-0.55328149023988704"
"330013",1,"3) # of groups=5",5,8,1,1,1,"-0.72588031413610099","-0.46049219169448602"
"330014",1,"3) # of groups=5",5,6,1,1,1,"-0.8170233803612138","-0.44560322777260603"
"330019",1,"3) # of groups=5",5,4,2,1,1,"-1.2714245355349123","-0.22427218052014"
"330023",1,"3) # of groups=5",5,7,3,3,3,"-0.10950752112609603","0.27947900163126499"
"330024",1,"3) # of groups=5",5,8,2,4,4,"0.24687898148311205","-0.0239130427197299"
"330027",1,"3) # of groups=5",5,5,2,1,1,"-1.4640677131892794","-0.0083870752235162306"
"330028",1,"3) # of groups=5",5,7,1,1,1,"-0.81857266115336991","-0.35413206851615803"
"330030",1,"3) # of groups=5",5,4,1,2,2,"-0.59184184189108513","-1.1570206266654299"
"330033",1,"2) # of groups=4",4,2,1,2,2,"-0.48211443092945616","-1.07827791320362"
"330043",1,"3) # of groups=5",5,8,3,3,3,"-0.010800874902129796","0.40968632538133498"
"330044",1,"3) # of groups=5",5,6,1,1,1,"-1.0963170590915876","-0.94699426849016599"
"330045",1,"3) # of groups=5",5,7,4,5,5,"0.64271006936023567","0.87555624758977901"
"330046",1,"3) # of groups=5",5,8,3,4,4,"0.092356318970226489","0.49001127217114099"
"330047",1,"3) # of groups=5",5,4,4,3,3,"0.0039431682343230787","0.88929082291910699"
"330049",1,"3) # of groups=5",5,6,3,4,4,"0.37610664255475351","0.160921166698377"
"330055",1,"3) # of groups=5",5,7,4,5,5,"0.73764173356333629","0.80840695452036904"
"330056",1,"3) # of groups=5",5,7,3,2,2,"-0.42552229816405968","0.34626535832898198"
"330057",1,"3) # of groups=5",5,8,2,2,2,"-0.50444761454583109","-0.271034886438491"
"330058",1,"3) # of groups=5",5,6,1,2,2,"-0.63569189978175866","-0.43096814183053"
"330059",1,"3) # of groups=5",5,8,2,3,3,"0.047158013605391347","-0.24723992548116999"
"330065",1,"3) # of groups=5",5,5,2,1,1,"-0.76466260647999174","-0.16975580949453001"
"330073",1,"3) # of groups=5",5,4,2,2,2,"-0.32594681607982157","0.0120175501560643"
"330074",1,"3) # of groups=5",5,6,1,2,2,"-0.52263717201465698","-0.46843107844200998"
"330078",1,"3) # of groups=5",5,7,1,3,3,"-0.25550540789164145","-0.33019232507622198"
"330079",1,"3) # of groups=5",5,3,2,4,4,"0.23488032301612907","0.00189071767440041"
"330080",1,"3) # of groups=5",5,6,2,2,2,"-0.66172332772566544","-0.0081760612979438901"
"330085",1,"2) # of groups=4",4,2,4,3,3,"0.10380390552392446","0.77058728066468596"
"330086",1,"1) # of groups=3",3,2,3,3,3,"-0.13867373180175935","0.39317732616625001"
"330090",1,"3) # of groups=5",5,7,1,2,2,"-0.59198560188005711","-1.0328833735999201"
"330094",1,"3) # of groups=5",5,6,1,1,1,"-0.77295477094925324","-1.58761200377153"
"330096",1,"2) # of groups=4",4,2,1,4,4,"0.28904686374965094","-0.566555935877605"
"33009F",1,"3) # of groups=5",5,4,2,2,2,"-0.52733464281971387","-0.22700051670129001"
"330100",0,"",1,0,NA,NA,NA,"0.18999494161617814","NA"
"330101",1,"3) # of groups=5",5,8,4,5,5,"1.0432933650568428","0.66386221348926"
"330102",1,"3) # of groups=5",5,6,2,3,3,"-0.26311998107095863","0.068952687025832002"
"330103",1,"3) # of groups=5",5,7,2,1,1,"-0.73094097335162878","-0.27571054634108799"
"330104",1,"3) # of groups=5",5,7,3,2,2,"-0.41260965941220307","0.34872678160892601"
"330106",1,"3) # of groups=5",5,7,3,5,5,"0.44681617913343341","0.44603435701332"
"330107",1,"3) # of groups=5",5,7,4,2,2,"-0.28717430002793737","0.78742589954217201"
"330111",0,"",3,1,2,NA,NA,"-0.35187719996442346","0.073394980931914405"
"330115",1,"3) # of groups=5",5,5,2,2,2,"-0.43873457180985742","-0.24853330722650299"
"330119",1,"3) # of groups=5",5,8,4,5,5,"0.53666126109567003","0.61758180586712597"
"33011F",0,"",0,0,NA,NA,NA,"1.4073674092189699","NA"
"330125",1,"3) # of groups=5",5,8,1,2,2,"-0.59360914566963907","-1.1327057305409201"
"330126",1,"3) # of groups=5",5,8,3,4,4,"0.11953327175111883","0.40181013819223699"
"330127",1,"3) # of groups=5",5,6,1,2,2,"-0.63223590773862814","-0.32214692317042598"
"330128",1,"3) # of groups=5",5,6,2,2,2,"-0.5543582997568266","-0.23436696052290901"
"33012F",1,"3) # of groups=5",5,4,3,5,5,"0.54323619566090575","0.45750112508956198"
"330135",1,"2) # of groups=4",4,2,3,2,2,"-0.24859460017647408","0.28757570016353201"
"330136",1,"3) # of groups=5",5,7,1,2,2,"-0.47175510066154713","-0.67411206831398096"
"330140",1,"3) # of groups=5",5,7,2,2,2,"-0.48610304347750105","-0.0256649334960375"
"330141",1,"3) # of groups=5",5,7,3,4,4,"0.27032607143968079","0.22456541949245601"
"330144",0,"",2,0,NA,NA,NA,"-0.017728211143607051","NA"
"330151",1,"2) # of groups=4",4,1,3,3,3,"-0.14453907072112401","0.196797124152676"
"330153",1,"3) # of groups=5",5,6,2,3,3,"-0.16840507112680403","-0.18606142890688801"
"330157",1,"3) # of groups=5",5,6,3,2,2,"-0.41444555567451141","0.41157565425183701"
"330158",1,"3) # of groups=5",5,7,4,3,3,"-0.06327464029680549","0.95537647683586202"
"33015F",1,"1) # of groups=3",3,0,NA,5,5,"1.3004802367845119","NA"
"330160",1,"3) # of groups=5",5,8,3,3,3,"-0.18845504142093628","0.27667204995571298"
"330162",1,"3) # of groups=5",5,8,3,5,5,"0.73792192549285807","0.49656397722423301"
"330164",1,"3) # of groups=5",5,8,2,3,3,"-0.12619559952332421","0.060639673941613501"
"330166",0,"",2,0,NA,NA,NA,"0.82976421309725623","NA"
"330169",1,"3) # of groups=5",5,6,4,3,3,"-0.21044917284145453","0.658627425987516"
"33016F",1,"3) # of groups=5",5,3,1,4,4,"0.35572052248227826","-1.5073591227986201"
"330175",1,"3) # of groups=5",5,4,3,3,3,"-0.051421580225506337","0.38301508513649501"
"33017F",1,"2) # of groups=4",4,2,1,3,3,"-0.14291107391233882","-0.44996586233010699"
"330180",1,"3) # of groups=5",5,6,2,3,3,"-0.17050146249565712","0.034305534232125699"
"330181",1,"3) # of groups=5",5,4,4,5,5,"0.81208372409323393","0.60988991276704796"
"330182",1,"3) # of groups=5",5,7,3,5,5,"0.54604511462525918","0.15042244890936399"
"330184",1,"3) # of groups=5",5,6,1,1,1,"-0.87759837241399352","-0.32419115974306101"
"330185",1,"3) # of groups=5",5,7,4,5,5,"0.86362821037711923","0.70122607873826304"
"330188",1,"2) # of groups=4",4,2,3,2,2,"-0.35605096294805483","0.43074864823880699"
"330191",1,"3) # of groups=5",5,6,1,3,3,"-0.08827914277136098","-0.46662482118390203"
"330193",1,"3) # of groups=5",5,5,2,2,2,"-0.35093460910345731","0.131787843134438"
"330194",1,"3) # of groups=5",5,7,1,2,2,"-0.44087856260534841","-0.47790023537203002"
"330195",1,"3) # of groups=5",5,8,3,4,4,"0.22429641155625424","0.45097577249882398"
"330196",1,"3) # of groups=5",5,6,4,2,2,"-0.41975206983902846","0.54066255014257003"
"330197",1,"3) # of groups=5",5,4,1,2,2,"-0.52398265560622859","-1.06552420646487"
"330198",1,"3) # of groups=5",5,8,3,3,3,"-0.16141319603297993","0.33936987815737801"
"330199",1,"2) # of groups=4",4,5,4,3,3,"0.06764812162231823","0.73820880824091495"
"33019F",1,"3) # of groups=5",5,3,4,5,5,"0.56914995134267055","0.76075999074317802"
"330202",1,"3) # of groups=5",5,6,1,1,1,"-0.94559908456228015","-1.27893093365127"
"330203",1,"3) # of groups=5",5,8,2,2,2,"-0.28206178635802964","0.073733014136516395"
"330204",1,"3) # of groups=5",5,6,1,2,2,"-0.5612954216186391","-0.50596918746625796"
"330205",1,"3) # of groups=5",5,3,3,4,4,"0.39229799264777115","0.39627229065122799"
"330208",1,"3) # of groups=5",5,7,2,3,3,"-0.21287545089110999","-0.266843053984817"
"33020F",1,"1) # of groups=3",3,4,2,4,4,"0.47630297098277191","-0.221516257679409"
"330211",1,"3) # of groups=5",5,4,3,3,3,"-0.2042584101948636","0.16660045800637499"
"330214",1,"3) # of groups=5",5,8,3,5,5,"1.6560907990846716","0.51864924210407704"
"330215",1,"3) # of groups=5",5,4,2,2,2,"-0.6115374993758752","-0.25598366980114601"
"330218",1,"3) # of groups=5",5,3,1,3,3,"-0.21138868158865096","-0.47866849772249698"
"330219",1,"3) # of groups=5",5,7,1,2,2,"-0.52091482987106164","-0.71498950958458996"
"330221",1,"3) # of groups=5",5,6,2,2,2,"-0.36968429826339078","-0.24918518156163799"
"330222",1,"3) # of groups=5",5,7,2,3,3,"-0.25099732480864428","-0.222143782345531"
"330224",1,"3) # of groups=5",5,7,2,1,1,"-0.86630928726361711","-0.19852814563590801"
"330226",1,"3) # of groups=5",5,7,2,2,2,"-0.5409579138968782","-0.26852476789627999"
"330229",1,"2) # of groups=4",4,2,1,1,1,"-0.7879213591442974","-2.1733405264724999"
"330231",1,"3) # of groups=5",5,6,3,2,2,"-0.31674760732007962","0.21220246145685001"
"330233",1,"3) # of groups=5",5,6,1,1,1,"-1.5258525538857826","-0.31953183049344203"
"330234",1,"3) # of groups=5",5,8,2,2,2,"-0.37216736872569334","-0.20013829816127199"
"330235",1,"3) # of groups=5",5,5,2,2,2,"-0.57194796243396451","0.0151883578180686"
"330238",1,"3) # of groups=5",5,5,4,3,3,"-0.20945178382986812","0.68449242942506605"
"330239",1,"3) # of groups=5",5,6,1,2,2,"-0.41174139717648806","-0.74682730414736598"
"330240",1,"3) # of groups=5",5,6,3,2,2,"-0.65171417925774533","0.171044769626639"
"330241",1,"3) # of groups=5",5,7,1,3,3,"-0.17189581409124921","-0.522900945983789"
"330246",1,"3) # of groups=5",5,6,4,5,5,"0.49964464323517482","0.98675931829911401"
"33024F",1,"3) # of groups=5",5,4,2,3,3,"-0.064337458084073679","0.032942986206887397"
"330250",1,"3) # of groups=5",5,7,1,2,2,"-0.53927491148890683","-1.8537554345096701"
"330259",1,"3) # of groups=5",5,7,4,5,5,"0.54042678394971533","0.95650618617341399"
"330261",1,"3) # of groups=5",5,7,4,4,4,"0.33294658719303261","0.75462142213892403"
"330264",1,"3) # of groups=5",5,7,1,2,2,"-0.32870271802516732","-0.94624728531165303"
"330265",1,"2) # of groups=4",4,2,1,2,2,"-0.41079396966657","-0.42874674298454002"
"330267",1,"3) # of groups=5",5,7,4,5,5,"0.67676457572902793","0.81675080276924805"
"330270",1,"2) # of groups=4",4,3,4,5,5,"2.0164454092264692","1.20779860356848"
"330273",1,"2) # of groups=4",4,2,2,3,3,"0.23613226062721729","0.068999071978086801"
"330276",1,"2) # of groups=4",4,2,2,2,2,"-0.30701788721463269","-0.24748040090659401"
"330277",1,"3) # of groups=5",5,5,1,3,3,"-0.17224719977015798","-0.62120831191505199"
"330279",1,"3) # of groups=5",5,6,3,2,2,"-0.59466803368197518","0.36175579861796098"
"330285",1,"3) # of groups=5",5,7,1,3,3,"-0.052491647395878027","-0.40311383569446602"
"330286",1,"3) # of groups=5",5,8,2,3,3,"-0.14960547314700309","0.064623977756109396"
"330304",1,"3) # of groups=5",5,8,4,5,5,"0.76281633272043636","0.80559886865985197"
"330307",1,"3) # of groups=5",5,7,1,3,3,"-0.19343675491725243","-0.71627094524620405"
"330331",1,"3) # of groups=5",5,7,4,4,4,"0.40820941009083472","0.90736964877332205"
"330332",1,"3) # of groups=5",5,7,2,3,3,"-0.049949680055218604","-0.12395853461527501"
"330350",1,"3) # of groups=5",5,7,1,1,1,"-0.73326652673530901","-0.42037823877026498"
"330386",1,"2) # of groups=4",4,2,2,2,2,"-0.34317802766808314","-0.226155898160284"
"330393",1,"3) # of groups=5",5,8,2,5,5,"0.50219064714136863","-0.050872916543682999"
"330394",1,"3) # of groups=5",5,7,1,2,2,"-0.5916017390418733","-0.67186239560170902"
"330395",1,"3) # of groups=5",5,5,1,1,1,"-2.6480095256967751","-2.2685594613391999"
"330396",1,"3) # of groups=5",5,6,1,2,2,"-0.63978902077270428","-0.62446768138207598"
"330399",1,"3) # of groups=5",5,6,2,1,1,"-1.1487912937291476","-0.105852562947613"
"330401",1,"3) # of groups=5",5,7,3,5,5,"0.48409101885700306","0.29847321236956098"
"330405",0,"",0,0,NA,NA,NA,"-0.29543104414646298","NA"
"330406",0,"",0,0,NA,NA,NA,"2.2732598447073626","NA"
"331301",0,"",1,0,NA,NA,NA,"1.1936857868608699","NA"
"331302",1,"2) # of groups=4",4,1,4,4,4,"0.32293591334379651","1.1592742223455501"
"331303",0,"",1,0,NA,NA,NA,"1.2382176886440599","NA"
"331304",0,"",0,0,NA,NA,NA,"-0.034832197316071248","NA"
"331305",0,"",1,0,NA,NA,NA,"-0.023185027221289789","NA"
"331309",0,"",1,0,NA,NA,NA,"0.36212315095910186","NA"
"331310",0,"",2,0,NA,NA,NA,"-0.070788669573357929","NA"
"331311",1,"2) # of groups=4",4,0,NA,2,2,"-0.39931910544151328","NA"
"331312",1,"2) # of groups=4",4,1,1,1,1,"-1.2978730462041534","-6.5877557267511797"
"331313",0,"",2,0,NA,NA,NA,"-1.2047143333400974","NA"
"331314",0,"",1,0,NA,NA,NA,"0.28643798098840145","NA"
"331315",0,"",1,1,4,NA,NA,"0.71270366322236434","1.1592742223455501"
"331316",1,"2) # of groups=4",4,1,4,4,4,"0.66369322777970652","1.7015003183977799"
"331317",0,"",1,0,NA,NA,NA,"0.41955368983967145","NA"
"331318",0,"",0,0,NA,NA,NA,"2.0618449345039598","NA"
"331319",0,"",1,0,NA,NA,NA,"-0.78610983352489816","NA"
"331320",1,"2) # of groups=4",4,1,4,4,4,"0.59482221831959048","1.1592742223455501"
"331321",1,"2) # of groups=4",4,1,1,1,1,"-0.99961631636063697","-5.2221112980892102"
"331322",0,"",1,0,NA,NA,NA,"-0.83142670343375302","NA"
"331323",0,"",0,0,NA,NA,NA,"-1.75636124317023","NA"
"340001",1,"3) # of groups=5",5,7,2,4,4,"0.24362039161538038","0.111487087661802"
"340002",1,"3) # of groups=5",5,8,3,3,3,"-0.0057883704124945465","0.36040199159583303"
"340003",1,"3) # of groups=5",5,5,2,4,4,"0.33487964195875231","-0.13243305325269"
"340004",1,"3) # of groups=5",5,7,2,2,2,"-0.32051124544209131","-0.076363032851998899"
"340008",1,"3) # of groups=5",5,6,3,3,3,"-0.058618807035269949","0.28604596267347598"
"340010",1,"3) # of groups=5",5,6,1,3,3,"-0.078873980376836669","-0.90148037862659003"
"340013",1,"3) # of groups=5",5,5,2,2,2,"-0.49714198419456379","0.0051668632986696704"
"340014",1,"3) # of groups=5",5,8,4,4,4,"0.28762418724857786","0.65355666262438505"
"340015",1,"3) # of groups=5",5,7,4,4,4,"0.095200634977825799","0.66901465030474605"
"340016",1,"3) # of groups=5",5,6,3,3,3,"0.030398451225343487","0.28013548459695897"
"340017",1,"3) # of groups=5",5,7,2,5,5,"0.43052572966889491","-0.067173982022944403"
"340020",1,"2) # of groups=4",4,2,3,2,2,"-0.27068219397833659","0.32959715154059899"
"340021",1,"3) # of groups=5",5,7,3,3,3,"-0.1363827258145377","0.26983769840941402"
"340023",1,"3) # of groups=5",5,4,3,5,5,"0.70010583184531261","0.23264682824715999"
"340024",1,"3) # of groups=5",5,3,2,2,2,"-0.31880712305245379","-0.16462677435461001"
"340027",1,"3) # of groups=5",5,5,3,4,4,"0.17912984627213063","0.240766403876707"
"340028",1,"3) # of groups=5",5,8,1,2,2,"-0.36569806599382942","-0.66596238225613302"
"340030",1,"3) # of groups=5",5,8,2,5,5,"0.53138734356508988","-0.25307648106427699"
"340032",1,"3) # of groups=5",5,7,4,4,4,"0.19188782540978033","0.54885423952724099"
"340039",1,"3) # of groups=5",5,7,1,3,3,"-0.071628285301199371","-0.37933012052404902"
"340040",1,"3) # of groups=5",5,8,1,2,2,"-0.64045890723665932","-0.40500385458784299"
"340041",1,"3) # of groups=5",5,6,2,3,3,"-0.20099845643205416","-0.22209417041450699"
"340042",1,"3) # of groups=5",5,6,2,1,1,"-0.80491444311428906","-0.19738459206824199"
"340047",1,"3) # of groups=5",5,8,2,4,4,"0.085858581145046631","-0.21967870605513001"
"340049",0,"",2,2,1,NA,NA,"0.0096759964043702934","-0.57382370045362996"
"340050",1,"3) # of groups=5",5,5,4,2,2,"-0.35964806137960614","0.665356476459941"
"340051",1,"3) # of groups=5",5,6,1,3,3,"0.054133534349165624","-0.376126590646707"
"340053",1,"3) # of groups=5",5,8,4,5,5,"0.57703023076860238","0.616262491534185"
"340060",1,"2) # of groups=4",4,2,3,4,4,"0.30118719578650061","0.32501650425355999"
"340061",1,"3) # of groups=5",5,8,2,5,5,"0.50056102629529153","-0.16848277271148701"
"340064",1,"3) # of groups=5",5,5,2,3,3,"-0.036765089712595296","0.0518595841549798"
"340068",1,"3) # of groups=5",5,7,1,1,1,"-0.74608887025274107","-0.82700401440910198"
"340069",1,"3) # of groups=5",5,8,2,4,4,"0.16228133850619036","0.104863244954117"
"340070",1,"3) # of groups=5",5,7,2,3,3,"-0.13631153314220029","0.022290497424524401"
"340071",1,"3) # of groups=5",5,4,1,3,3,"-0.22452044912547103","-0.66636110572279506"
"340075",1,"3) # of groups=5",5,6,4,4,4,"0.10288681963271279","0.69053726578086405"
"340084",0,"",1,0,NA,NA,NA,"-0.088490189367057423","NA"
"340085",1,"3) # of groups=5",5,4,1,3,3,"-0.19244040132261903","-0.78345505666689197"
"340087",1,"2) # of groups=4",4,2,3,3,3,"-0.1550496488830157","0.14780873753254001"
"340090",1,"3) # of groups=5",5,7,2,4,4,"0.10722940691423884","0.106969735696497"
"340091",1,"3) # of groups=5",5,7,3,3,3,"0.04406410727266185","0.13695701321505599"
"340096",1,"3) # of groups=5",5,6,1,2,2,"-0.32956817004105055","-0.57373671626976697"
"340097",1,"3) # of groups=5",5,4,1,3,3,"-0.2587029323840413","-0.40076234029700297"
"340098",1,"3) # of groups=5",5,7,2,3,3,"0.036638722280937314","-0.13060941613968499"
"340099",1,"3) # of groups=5",5,5,1,2,2,"-0.47208079083516136","-0.95972617840051999"
"340107",1,"3) # of groups=5",5,4,1,3,3,"-0.26637544815358588","-0.30781578847598301"
"340109",1,"3) # of groups=5",5,6,1,3,3,"-0.15408365607273991","-0.56560649158158605"
"340113",1,"3) # of groups=5",5,8,3,4,4,"0.32235872119958475","0.31672718212797901"
"340114",1,"3) # of groups=5",5,8,2,5,5,"0.59204949490659353","0.047991375257497797"
"340115",1,"3) # of groups=5",5,8,3,4,4,"0.23026701028469385","0.40006539785642697"
"340116",1,"3) # of groups=5",5,6,2,2,2,"-0.44572286014478468","-0.13752522030862599"
"340119",1,"3) # of groups=5",5,3,3,3,3,"-0.14478966809449545","0.50179128720481603"
"340120",1,"2) # of groups=4",4,2,2,3,3,"0.065716703723010375","-0.071681516530603701"
"340123",1,"3) # of groups=5",5,3,2,4,4,"0.12595066554972675","-0.18872080504618199"
"340126",1,"3) # of groups=5",5,7,1,1,1,"-1.2578363773342969","-2.4250219220603499"
"340127",1,"2) # of groups=4",4,2,1,2,2,"-0.29541974190647796","-0.555985758958498"
"340129",1,"3) # of groups=5",5,6,2,1,1,"-0.70353500996262885","0.082936679850495701"
"34012F",1,"3) # of groups=5",5,4,1,5,4,"0.4999950727912077","-1.04594720763726"
"340130",1,"3) # of groups=5",5,7,2,4,4,"0.11548858282011276","-0.171057727988916"
"340131",1,"3) # of groups=5",5,7,2,4,4,"0.18386968336089904","-0.221011498630414"
"340132",1,"3) # of groups=5",5,6,4,2,2,"-0.55839379747889795","0.53150501533483197"
"34013F",1,"2) # of groups=4",4,1,3,5,5,"1.0476242577292822","0.443601410594198"
"340141",1,"3) # of groups=5",5,8,3,3,3,"-0.26641894417209283","0.23412961881552899"
"340142",1,"3) # of groups=5",5,4,2,2,2,"-0.36397321088016199","-0.018498023759665"
"340143",1,"3) # of groups=5",5,8,4,2,2,"-0.27876491549501958","0.58886388647836396"
"340145",1,"3) # of groups=5",5,6,3,3,3,"-0.06519726574895332","0.418166171534186"
"340147",1,"3) # of groups=5",5,7,2,4,4,"0.21853319539373461","-0.25147817455374599"
"340148",1,"1) # of groups=3",3,3,4,5,5,"0.94665985015197163","1.01110420579662"
"340151",1,"3) # of groups=5",5,6,2,2,2,"-0.32247670778504306","-0.097159748860144099"
"340155",1,"3) # of groups=5",5,7,3,5,5,"0.46407487944899262","0.44131145791184001"
"340156",0,"",0,1,1,NA,NA,"-0.55261058542095487","-0.90734515845170005"
"340158",1,"3) # of groups=5",5,7,3,4,4,"0.28171348760912918","0.478221528041814"
"340159",1,"2) # of groups=4",4,2,2,3,3,"-0.051317213779991461","0.061024957145308999"
"340166",1,"3) # of groups=5",5,6,2,3,3,"-0.17028519608915463","-0.210977876858951"
"340168",0,"",0,0,NA,NA,NA,"-0.18222113989315669","NA"
"340171",1,"3) # of groups=5",5,8,2,5,5,"0.49919190186370077","-0.065573823429935896"
"340173",1,"3) # of groups=5",5,7,3,5,5,"0.43859686965200545","0.26867681507146302"
"34017F",1,"2) # of groups=4",4,1,1,4,4,"0.61489597984691557","-2.33294681187293"
"340183",1,"3) # of groups=5",5,7,2,4,4,"0.33570827309929424","0.078580117489080295"
"340184",1,"3) # of groups=5",5,7,4,3,3,"0.056010329366473738","0.786814774871328"
"340188",1,"3) # of groups=5",5,3,3,4,4,"0.38944055911787823","0.31258349626589499"
"340190",1,"2) # of groups=4",4,2,4,5,5,"0.91379248705539418","0.73973674485949603"
"340195",0,"",3,2,3,NA,NA,"1.0601665823036703","0.15160627692440901"
"34036F",1,"3) # of groups=5",5,3,1,5,4,"1.224188564473762","-0.49793415603463598"
"341303",0,"",3,0,NA,NA,NA,"0.73604839158111857","NA"
"341304",1,"2) # of groups=4",4,0,NA,4,4,"0.41321116385372392","NA"
"341305",0,"",1,1,4,NA,NA,"0.8753085141885304","1.1592742223455501"
"341307",0,"",2,0,NA,NA,NA,"0.38957235172107268","NA"
"341311",1,"2) # of groups=4",4,0,NA,4,4,"0.67201873573901749","NA"
"341314",0,"",1,0,NA,NA,NA,"-2.6788288771307247","NA"
"341315",0,"",3,1,1,NA,NA,"-0.52274613358634026","-3.0661245927169398"
"341316",0,"",3,1,1,NA,NA,"0.25858622472926829","-0.48005763782740302"
"341317",0,"",0,0,NA,NA,NA,"-0.61474889210685446","NA"
"341318",1,"2) # of groups=4",4,2,2,3,3,"0.12412644154030297","-0.24026492420649101"
"341319",1,"2) # of groups=4",4,2,1,2,2,"-0.70772796976307994","-0.49837260980211801"
"341320",0,"",2,0,NA,NA,NA,"-0.011102718967124697","NA"
"341322",1,"2) # of groups=4",4,0,NA,4,4,"0.53819411409569762","NA"
"341323",0,"",3,0,NA,NA,NA,"1.009148665002461","NA"
"341324",1,"2) # of groups=4",4,1,4,4,4,"0.56701326338337876","1.1592742223455501"
"341325",1,"1) # of groups=3",3,0,NA,3,3,"-0.049237919963867505","NA"
"341326",1,"2) # of groups=4",4,2,1,2,2,"-0.40894120999585987","-0.59965953843653796"
"341327",1,"2) # of groups=4",4,1,1,3,3,"0.1761199221849914","-0.76806152902664704"
"341328",1,"2) # of groups=4",4,2,3,4,4,"0.50968538245657768","0.35550571054450397"
"341329",1,"2) # of groups=4",4,1,3,3,3,"0.097381738669102255","0.15389182087662001"
"350002",1,"3) # of groups=5",5,7,2,4,4,"0.089380681529777573","-0.15204318050399501"
"350006",1,"3) # of groups=5",5,6,2,3,3,"-0.16183128050141823","0.059806581322345197"
"350011",1,"3) # of groups=5",5,7,3,4,4,"0.32773010040045647","0.19254069973302601"
"350015",1,"3) # of groups=5",5,6,3,4,4,"0.34115991204775625","0.33988178193729002"
"350019",1,"3) # of groups=5",5,7,2,3,3,"0.05143127651146745","-0.0252969397112109"
"35002F",1,"2) # of groups=4",4,2,4,5,5,"1.2577405303972458","1.07224706789415"
"350063",1,"1) # of groups=3",3,0,NA,3,3,"-0.380934044249295","NA"
"350070",1,"3) # of groups=5",5,7,3,3,3,"0.055196033360372578","0.19705883760155499"
"351300",0,"",1,0,NA,NA,NA,"-1.0347634350377433","NA"
"351301",0,"",1,0,NA,NA,NA,"0.65594254640927796","NA"
"351302",0,"",2,1,1,NA,NA,"0.032977338153712718","-0.60342407253168695"
"351303",0,"",1,0,NA,NA,NA,"-0.8575034210187823","NA"
"351304",0,"",1,0,NA,NA,NA,"1.27335610673038","NA"
"351305",0,"",0,0,NA,NA,NA,"-0.85739165592755595","NA"
"351306",0,"",1,0,NA,NA,NA,"0.49488356775536868","NA"
"351307",0,"",2,0,NA,NA,NA,"-1.1950131150252543","NA"
"351308",0,"",0,0,NA,NA,NA,"-0.037126633303349997","NA"
"351309",0,"",1,0,NA,NA,NA,"0.054963959195292678","NA"
"351310",0,"",1,0,NA,NA,NA,"-0.98608313589516561","NA"
"351311",0,"",1,0,NA,NA,NA,"1.3343451437178091","NA"
"351312",0,"",1,0,NA,NA,NA,"-0.10174405637855261","NA"
"351313",0,"",0,0,NA,NA,NA,"-0.24185309564739157","NA"
"351314",0,"",1,0,NA,NA,NA,"0.57203463130804499","NA"
"351315",0,"",2,0,NA,NA,NA,"0.6146889353855769","NA"
"351316",0,"",1,0,NA,NA,NA,"-1.2896154324219653","NA"
"351318",0,"",2,0,NA,NA,NA,"0.13066451100709403","NA"
"351319",0,"",1,0,NA,NA,NA,"0.50105176087168934","NA"
"351320",0,"",1,0,NA,NA,NA,"0.69177271685428998","NA"
"351321",0,"",1,0,NA,NA,NA,"0.83168354475663142","NA"
"351322",0,"",1,0,NA,NA,NA,"0.17106824963723999","NA"
"351323",0,"",2,0,NA,NA,NA,"0.50137076135304182","NA"
"351324",1,"2) # of groups=4",4,0,NA,5,5,"1.0867842627560973","NA"
"351325",0,"",1,0,NA,NA,NA,"0.5819455777472573","NA"
"351326",0,"",2,0,NA,NA,NA,"-0.19098215780106936","NA"
"351327",1,"1) # of groups=3",3,0,NA,1,1,"-1.2756470649601797","NA"
"351328",0,"",1,0,NA,NA,NA,"-0.14466900766272622","NA"
"351329",0,"",1,0,NA,NA,NA,"0.40123714304698666","NA"
"351330",1,"1) # of groups=3",3,0,NA,4,4,"0.1865741421744587","NA"
"351331",0,"",1,0,NA,NA,NA,"-0.51213319200700846","NA"
"351332",1,"1) # of groups=3",3,0,NA,2,2,"-0.91562512018352138","NA"
"351333",1,"2) # of groups=4",4,0,NA,2,2,"-0.19323729475578588","NA"
"351334",1,"2) # of groups=4",4,1,4,3,3,"0.085907965938985004","1.1592742223455501"
"351335",1,"2) # of groups=4",4,1,3,4,4,"0.38552521151196562","0.38440066643808402"
"351336",1,"2) # of groups=4",4,1,1,2,2,"-0.30840986596457048","-2.54388428973169"
"351364",0,"",1,0,NA,NA,NA,"1.0981766265517301","NA"
"360001",1,"3) # of groups=5",5,7,3,4,4,"0.099532972512658635","0.28172734373802399"
"360002",1,"2) # of groups=4",4,2,4,4,4,"0.53999936553674888","0.86313888808025696"
"360003",1,"3) # of groups=5",5,8,2,3,3,"-0.041196147037862743","0.024939757299522799"
"360006",1,"3) # of groups=5",5,8,2,4,4,"0.30765538025838146","-0.087541677740870696"
"360008",1,"3) # of groups=5",5,8,3,4,4,"0.24206159460246265","0.48277373087445802"
"360009",1,"3) # of groups=5",5,6,3,3,3,"-0.11528342149910469","0.25837421229866098"
"360010",1,"3) # of groups=5",5,3,3,3,3,"-0.07880812835605093","0.31608901298987402"
"360011",1,"3) # of groups=5",5,6,2,4,4,"0.10602454989408926","0.047221636651175201"
"360012",1,"3) # of groups=5",5,8,2,3,3,"-0.047128754652070386","-0.11733700319712"
"360013",1,"2) # of groups=4",4,2,2,2,2,"-0.18894004123047045","-0.230606027464795"
"360014",1,"2) # of groups=4",4,2,3,3,3,"0.20449105389565042","0.26672141808746302"
"360016",1,"3) # of groups=5",5,7,3,4,4,"0.096190669044992905","0.18881161535196"
"360017",1,"3) # of groups=5",5,8,1,2,2,"-0.32324408563092999","-0.40742323640755701"
"36001F",1,"3) # of groups=5",5,4,3,4,4,"0.19352998098552451","0.48577938590742897"
"360020",1,"3) # of groups=5",5,8,1,3,3,"0.052540871467371957","-0.46335157292076301"
"360025",1,"3) # of groups=5",5,6,4,4,4,"0.22944882751524726","0.57907743843405202"
"360026",1,"2) # of groups=4",4,0,NA,5,5,"0.85317078089935983","NA"
"360027",1,"3) # of groups=5",5,8,3,5,5,"0.4527561762575012","0.325587533730618"
"360029",1,"3) # of groups=5",5,3,3,4,4,"0.2388347179328088","0.33325178566996899"
"360032",1,"2) # of groups=4",4,2,2,4,4,"0.45829668313981498","-0.101657759819423"
"360035",1,"3) # of groups=5",5,7,1,2,2,"-0.58261591458007711","-1.2756830614899599"
"360036",1,"3) # of groups=5",5,5,4,4,4,"0.35729850501018878","0.70024923805697303"
"360039",1,"3) # of groups=5",5,7,2,5,5,"0.48774563220518191","-0.057197460701307601"
"36003F",1,"2) # of groups=4",4,4,2,4,4,"0.38101391401105977","0.076652975105568094"
"360040",1,"3) # of groups=5",5,4,2,3,3,"0.0065763106068654556","-0.020160157236307999"
"360041",1,"3) # of groups=5",5,6,2,4,4,"0.10675650391148719","0.063343344375935903"
"360046",1,"3) # of groups=5",5,3,1,3,3,"-0.17103944350710282","-1.0486289645581699"
"360048",1,"3) # of groups=5",5,6,1,3,3,"-0.099115624030972224","-0.63852212187819102"
"360051",1,"3) # of groups=5",5,8,3,3,3,"-0.063755994764662316","0.48996543585818497"
"360054",1,"3) # of groups=5",5,5,1,4,4,"0.073958507822801278","-0.502224630551662"
"360055",1,"3) # of groups=5",5,5,4,2,2,"-0.63698241846577819","0.82720630528783801"
"360056",1,"3) # of groups=5",5,7,2,3,3,"0.010922974433372021","0.048748828118635498"
"360058",1,"2) # of groups=4",4,2,3,3,3,"0.18488193703262329","0.43140123815144898"
"360059",1,"3) # of groups=5",5,7,1,3,3,"-0.13840853769224948","-0.53347072670273699"
"360064",1,"3) # of groups=5",5,6,1,3,3,"-0.1068254815143323","-0.33056422716930201"
"360065",1,"3) # of groups=5",5,4,4,4,4,"0.21590040887409734","0.87826653011612299"
"360066",1,"3) # of groups=5",5,7,2,4,4,"0.10173051064463613","0.056600367722409797"
"360068",1,"3) # of groups=5",5,8,2,4,4,"0.31243851638532932","-0.25858030769517398"
"360070",1,"3) # of groups=5",5,7,1,3,3,"-0.26327147163108205","-0.50850427722575098"
"360071",1,"3) # of groups=5",5,3,4,5,5,"0.51294023785744591","0.66242543312594504"
"360072",1,"3) # of groups=5",5,7,1,2,2,"-0.42446978931425727","-0.75871866339854799"
"360075",1,"3) # of groups=5",5,6,2,4,4,"0.36923784072862786","0.104166346495304"
"360076",1,"3) # of groups=5",5,6,3,4,4,"0.079756613183543129","0.51604879475738596"
"360077",1,"3) # of groups=5",5,7,2,5,5,"0.45252459816133517","0.083338357384158193"
"360078",1,"3) # of groups=5",5,6,1,3,3,"-0.027311168250158245","-0.416588316231433"
"360079",1,"3) # of groups=5",5,7,3,3,3,"-0.03701609332476119","0.224379153780638"
"36007F",1,"2) # of groups=4",4,2,4,5,5,"0.98430266765763208","0.99008023794758804"
"360080",1,"2) # of groups=4",4,2,4,2,2,"-0.69707783115428024","0.70888620905430599"
"360082",1,"3) # of groups=5",5,6,4,4,4,"0.39173329760005282","0.659213731767335"
"360084",1,"3) # of groups=5",5,7,1,4,4,"0.25923118631669867","-0.48252595975371698"
"360085",1,"3) # of groups=5",5,8,1,3,3,"-0.14988481099009215","-0.57226985523385199"
"360086",1,"3) # of groups=5",5,6,3,4,4,"0.18043589921637077","0.20885766330896099"
"360087",1,"3) # of groups=5",5,6,3,3,3,"-0.080880564803737176","0.51245262742637498"
"360089",1,"2) # of groups=4",4,2,4,3,3,"0.16430697643563696","0.53791649003186603"
"36008F",0,"",0,0,NA,NA,NA,"0.103703884269583","NA"
"360091",1,"3) # of groups=5",5,7,2,5,5,"0.48208311898636608","-0.127700898919994"
"360092",1,"3) # of groups=5",5,3,4,5,5,"0.80258937624946114","0.61700186778368105"
"360095",1,"3) # of groups=5",5,7,1,3,3,"-0.270083527340159","-0.44625898198548902"
"360096",1,"3) # of groups=5",5,3,2,3,3,"-0.018322159670874895","-0.149210148328661"
"360098",1,"3) # of groups=5",5,8,3,3,3,"0.006425405978912245","0.20735901957490999"
"360107",1,"2) # of groups=4",4,2,4,4,4,"0.52141104729095611","0.70888620905430599"
"360109",1,"2) # of groups=4",4,2,3,4,4,"0.28068158024469858","0.17888097594145899"
"360112",1,"3) # of groups=5",5,8,1,3,3,"-0.15362176231840088","-0.42205473296882801"
"360118",1,"3) # of groups=5",5,6,2,3,3,"0.055262877971991614","-0.19841106246769599"
"360121",1,"2) # of groups=4",4,2,1,3,3,"0.064504710908090623","-0.569048295444189"
"360123",1,"3) # of groups=5",5,7,3,4,4,"0.27913589546001694","0.139053454807673"
"360125",1,"3) # of groups=5",5,5,4,3,3,"-0.2503202571871791","0.692806023801253"
"360131",1,"2) # of groups=4",4,2,4,4,4,"0.36072881103889903","0.53041259586932998"
"360132",1,"3) # of groups=5",5,5,2,3,3,"-0.0023561215504985106","-0.18471352450609099"
"360133",1,"3) # of groups=5",5,8,2,4,4,"0.072961967202322231","0.10618941232772"
"360134",1,"3) # of groups=5",5,8,3,4,4,"0.36044148802989096","0.38710401961562901"
"360137",1,"3) # of groups=5",5,8,2,3,3,"-0.23831571240472654","-0.1744614297389"
"360143",1,"3) # of groups=5",5,7,4,5,5,"0.52018648579760851","0.58820685975420695"
"360144",1,"3) # of groups=5",5,6,3,5,5,"0.49889003785208841","0.39246616899409997"
"360145",1,"3) # of groups=5",5,7,2,4,4,"0.26772078227510654","0.030314438891210899"
"360147",1,"3) # of groups=5",5,6,1,3,3,"-0.25148315709204699","-0.77313866699384104"
"360148",1,"2) # of groups=4",4,1,3,3,3,"0.098451223591403431","0.196797124152676"
"360150",1,"3) # of groups=5",5,4,1,3,3,"-0.17119632308445609","-0.454785031091542"
"360152",1,"3) # of groups=5",5,6,3,4,4,"0.15603113134208504","0.24337521095199599"
"360155",1,"3) # of groups=5",5,7,3,4,4,"0.26337364487399473","0.42703954091572999"
"360156",1,"2) # of groups=4",4,2,4,4,4,"0.30254714138084521","0.77058728066468596"
"360159",1,"3) # of groups=5",5,8,1,3,3,"-0.26414379960034429","-0.75303823874155895"
"360161",1,"3) # of groups=5",5,7,2,3,3,"-0.056811333000192532","0.070023560156039194"
"360163",1,"3) # of groups=5",5,8,3,5,5,"0.42693017187114973","0.48140917166512998"
"360170",1,"3) # of groups=5",5,3,2,3,3,"-0.062892488853869263","0.033595737189973003"
"360172",1,"3) # of groups=5",5,6,2,2,2,"-0.33343833618116969","-0.0618312945227035"
"360174",1,"3) # of groups=5",5,6,3,4,4,"0.14034352343746179","0.44503555791746902"
"360175",1,"3) # of groups=5",5,3,2,2,2,"-0.38293716827261892","0.067356347798849706"
"360179",1,"3) # of groups=5",5,8,3,3,3,"-0.006498352212184727","0.29781864859740598"
"360180",1,"3) # of groups=5",5,8,1,5,4,"0.58560126421907244","-0.47067333536397599"
"360185",1,"3) # of groups=5",5,4,2,3,3,"0.0092143762251988975","0.028959862639253701"
"360189",1,"2) # of groups=4",4,2,1,3,3,"-0.023836415662613301","-0.41152014895648298"
"360197",1,"2) # of groups=4",4,1,1,4,4,"0.36970720189038264","-0.913822164834175"
"360203",1,"3) # of groups=5",5,6,3,4,4,"0.068206570161633354","0.37629828984372099"
"360210",1,"3) # of groups=5",5,3,3,4,4,"0.26730480215460994","0.46977034435148002"
"360211",1,"3) # of groups=5",5,6,2,2,2,"-0.48797216764709228","-0.22085568248749601"
"360218",1,"3) # of groups=5",5,7,1,2,2,"-0.67238522380788301","-1.8944134968434501"
"360230",1,"3) # of groups=5",5,7,4,5,5,"0.45530487473373576","0.73925791425785503"
"360234",1,"3) # of groups=5",5,7,3,4,4,"0.37760841363112446","0.19420478366107599"
"360236",1,"3) # of groups=5",5,6,1,5,4,"0.43020742547690066","-0.54683932257406898"
"360239",1,"3) # of groups=5",5,3,3,4,4,"0.32224055614519853","0.18757889187204099"
"360245",0,"",0,1,4,NA,NA,"1.3538502619226427","1.1592742223455501"
"360259",1,"3) # of groups=5",5,3,2,3,3,"0.014658982332576037","0.0058101233044231702"
"360263",0,"",2,2,3,NA,NA,"0.55180508786878391","0.136346216269428"
"360266",0,"",3,2,2,NA,NA,"0.68052350459075095","-0.193232493322335"
"360270",1,"2) # of groups=4",4,1,2,4,4,"0.47158551948058375","0.073394980931914405"
"360276",1,"3) # of groups=5",5,7,1,2,2,"-0.42225139137538181","-0.51754765885184795"
"360348",1,"3) # of groups=5",5,6,2,4,4,"0.24624169052100384","0.071768525458406507"
"360351",1,"2) # of groups=4",4,3,4,5,5,"1.2973564995579021","1.7254938170629399"
"360352",1,"2) # of groups=4",4,4,1,4,4,"0.67210863080547734","-0.43005048955344"
"360354",1,"3) # of groups=5",5,7,3,3,3,"0.062578532575489815","0.24348245803806301"
"360355",0,"",3,2,1,NA,NA,"0.46924321991372481","-0.30746584661647203"
"360358",0,"",1,0,NA,NA,NA,"0.67915527853015001","NA"
"360359",1,"3) # of groups=5",5,7,3,3,3,"0.034398476954673053","0.44747617327131201"
"360360",1,"3) # of groups=5",5,6,2,4,4,"0.12142760890402365","-0.18870203082502801"
"360361",0,"",2,1,2,NA,NA,"0.46413145689788388","0.073394980931914405"
"360364",1,"3) # of groups=5",5,7,2,5,5,"0.6320142678606171","-0.18185735233740499"
"360365",1,"2) # of groups=4",4,2,2,4,4,"0.3489248789013436","0.076855186726880798"
"360367",0,"",2,1,3,NA,NA,"0.38427795380481361","0.196797124152676"
"360368",1,"2) # of groups=4",4,2,4,5,5,"0.85013336304239062","0.70888620905430599"
"360374",0,"",1,1,4,NA,NA,"-0.066168773344797399","0.57559388371497899"
"361300",0,"",2,0,NA,NA,NA,"-0.43351401088452707","NA"
"361302",0,"",1,0,NA,NA,NA,"-0.23772913130933979","NA"
"361303",0,"",2,1,4,NA,NA,"0.66389064044942492","1.1592742223455501"
"361304",0,"",2,0,NA,NA,NA,"0.17174318684435935","NA"
"361306",1,"2) # of groups=4",4,1,4,5,5,"0.77762065953267467","1.1592742223455501"
"361307",1,"2) # of groups=4",4,1,3,4,4,"0.53689529984336659","0.23488095877272799"
"361308",1,"2) # of groups=4",4,0,NA,4,4,"0.44079896424167997","NA"
"361309",1,"1) # of groups=3",3,0,NA,2,2,"-0.52502935165011899","NA"
"361310",0,"",3,0,NA,NA,NA,"0.42169245261656585","NA"
"361311",0,"",1,0,NA,NA,NA,"-0.064666845780611451","NA"
"361312",1,"2) # of groups=4",4,1,4,4,4,"0.53052283661459776","1.1592742223455501"
"361313",0,"",1,0,NA,NA,NA,"-1.092289111747107","NA"
"361314",1,"2) # of groups=4",4,1,4,3,3,"0.013581794536749986","1.16593449887969"
"361315",0,"",2,0,NA,NA,NA,"0.30217959304243613","NA"
"361316",0,"",3,1,4,NA,NA,"-0.16462723011047317","1.1592742223455501"
"361318",1,"2) # of groups=4",4,2,2,4,4,"0.37413747175477363","-0.176509143566141"
"361319",0,"",3,2,4,NA,NA,"0.91053504829719201","1.1011123573817401"
"361320",1,"2) # of groups=4",4,1,1,3,3,"0.11342837859639063","-1.39327998582835"
"361321",0,"",2,0,NA,NA,NA,"-0.41987992097345589","NA"
"361322",0,"",1,0,NA,NA,NA,"0.33257997843923676","NA"
"361323",0,"",3,1,4,NA,NA,"0.24201041030524967","1.1592742223455501"
"361324",1,"1) # of groups=3",3,1,4,4,4,"0.38929929624155829","1.1592742223455501"
"361325",1,"2) # of groups=4",4,1,4,3,3,"0.074341234214799379","1.1592742223455501"
"361326",1,"2) # of groups=4",4,1,4,3,3,"-0.062492938414650923","1.1592742223455501"
"361327",0,"",1,0,NA,NA,NA,"1.0919252412381399","NA"
"361328",1,"2) # of groups=4",4,1,4,5,5,"0.73071828948645146","1.1592742223455501"
"361329",1,"2) # of groups=4",4,1,4,5,5,"0.71660510025757262","0.71367557942800797"
"361330",0,"",3,0,NA,NA,NA,"0.61802671197302517","NA"
"361331",1,"2) # of groups=4",4,1,1,3,3,"0.0084329546884074347","-0.72861050930166804"
"361332",1,"2) # of groups=4",4,1,1,3,3,"-0.1599754688078627","-2.0607421912480102"
"361333",1,"2) # of groups=4",4,2,4,3,3,"-0.037901604944955716","1.16260436061262"
"361334",0,"",3,1,4,NA,NA,"-0.0024385055664222655","1.1592742223455501"
"370001",1,"3) # of groups=5",5,8,3,3,3,"-0.10430821509770728","0.34615017491001598"
"370002",1,"3) # of groups=5",5,3,2,3,3,"-0.21800108822068964","0.12768281250264699"
"370004",1,"2) # of groups=4",4,2,4,4,4,"0.29345374940466973","0.67803567324911496"
"370006",1,"3) # of groups=5",5,5,2,2,2,"-0.278948750406737","-0.084143378192534493"
"370008",1,"3) # of groups=5",5,8,3,2,2,"-0.37508931142513413","0.16103843290896999"
"370013",1,"3) # of groups=5",5,8,3,4,4,"0.37246807509742463","0.40120896978794801"
"370014",1,"3) # of groups=5",5,5,4,1,1,"-1.1432505913040942","0.69938343472017594"
"370015",1,"2) # of groups=4",4,1,2,4,4,"0.37386744829139201","0.073394980931914405"
"370016",1,"3) # of groups=5",5,3,2,3,3,"-0.22846640499005968","0.13051795202914099"
"370018",1,"3) # of groups=5",5,3,1,3,3,"-0.1578952472025591","-0.343226197438248"
"370019",1,"3) # of groups=5",5,3,1,2,2,"-0.44317450458478669","-1.4932032361769401"
"370020",1,"3) # of groups=5",5,6,2,4,4,"0.33675456576505552","0.073648030377311005"
"370022",1,"3) # of groups=5",5,4,1,3,3,"-0.20643463083999652","-0.71429582140278403"
"370023",1,"3) # of groups=5",5,5,1,3,3,"-0.219626863801795","-0.76828008900591305"
"370025",1,"3) # of groups=5",5,7,3,3,3,"0.037719635150513423","0.27559849945203901"
"370026",1,"3) # of groups=5",5,5,1,3,3,"-0.11826956116511386","-0.43177666825111599"
"370028",1,"3) # of groups=5",5,8,3,3,3,"-0.11726185041408155","0.14208980561265999"
"370034",1,"3) # of groups=5",5,5,2,3,3,"0.059479777096285782","-0.115358445205187"
"370037",1,"3) # of groups=5",5,7,2,4,4,"0.18763660388714298","-0.106438971788928"
"370039",1,"2) # of groups=4",4,2,4,4,4,"0.34414018402691515","0.801437816469876"
"370047",1,"2) # of groups=4",4,2,4,4,4,"0.45763887930145553","0.71642943657817004"
"370049",1,"3) # of groups=5",5,7,4,4,4,"0.1489008290170146","0.97214530270212696"
"370054",1,"3) # of groups=5",5,3,1,2,2,"-0.36506321712914092","-0.69318944908139202"
"370056",1,"3) # of groups=5",5,7,1,2,2,"-0.6748268853457704","-0.55294863208962797"
"370057",0,"",3,0,NA,NA,NA,"0.30463750990310889","NA"
"370078",1,"3) # of groups=5",5,6,3,2,2,"-0.44157747434829564","0.30111388228293701"
"370083",1,"1) # of groups=3",3,0,NA,3,3,"-0.38135156912257889","NA"
"370089",1,"3) # of groups=5",5,5,1,2,2,"-0.43627943993113699","-1.4958393441039199"
"370091",1,"3) # of groups=5",5,8,3,5,5,"0.46658020904689368","0.25605981135723999"
"370093",1,"3) # of groups=5",5,8,1,2,2,"-0.65991105374664716","-0.906203080648048"
"370094",1,"3) # of groups=5",5,7,2,2,2,"-0.55374719323192745","-0.16965344361117299"
"370097",1,"2) # of groups=4",4,2,2,2,2,"-0.294591636830696","-0.20800316035598401"
"370099",1,"2) # of groups=4",4,0,NA,4,4,"0.54948026674428885","NA"
"370100",1,"2) # of groups=4",4,0,NA,1,1,"-2.2660572588924568","NA"
"370106",1,"3) # of groups=5",5,6,3,2,2,"-0.2981576373974737","0.193904499330286"
"370112",1,"2) # of groups=4",4,0,NA,3,3,"0.23489425814601647","NA"
"370113",1,"2) # of groups=4",4,2,4,4,4,"0.54110413374158117","0.801437816469876"
"370114",1,"3) # of groups=5",5,7,2,3,3,"-0.10717500732610161","-0.241461355113438"
"37012F",1,"3) # of groups=5",5,4,2,5,5,"1.0071055897388272","-0.0094389317717175104"
"370149",1,"3) # of groups=5",5,6,2,3,3,"-0.075277983281924421","-0.220724015665589"
"37014F",1,"3) # of groups=5",5,3,1,2,2,"-0.31289533703965938","-2.5340483274103098"
"370158",1,"2) # of groups=4",4,0,NA,3,3,"0.092004751487418268","NA"
"370166",1,"2) # of groups=4",4,1,3,2,2,"-0.22990273101446163","0.196797124152676"
"370170",0,"",0,1,2,NA,NA,"0.64969582007279436","0.073394980931914405"
"370171",1,"3) # of groups=5",5,3,1,3,3,"0.0044635509679057384","-1.21959424648671"
"370172",0,"",2,0,NA,NA,NA,"1.3472102981378031","NA"
"370173",0,"",2,0,NA,NA,NA,"1.014383889544715","NA"
"370178",1,"1) # of groups=3",3,1,2,4,4,"0.4866687731227462","0.073394980931914405"
"370180",1,"2) # of groups=4",4,3,4,5,5,"1.1758884173966049","0.56358949814431503"
"370183",0,"",3,1,2,NA,NA,"0.50238816367962746","0.073394980931914405"
"370192",0,"",1,1,3,NA,NA,"0.21314910633151893","0.32019926737343701"
"370199",0,"",2,1,2,NA,NA,"0.91798794918486804","-0.060377886477848898"
"370201",0,"",2,2,3,NA,NA,"0.1196907121186947","0.35229996690575999"
"370202",1,"3) # of groups=5",5,8,3,3,3,"0.017994148845226828","0.227931211399409"
"370203",1,"2) # of groups=4",4,4,3,4,4,"0.39056747968944472","0.406968448076719"
"370206",0,"",2,2,4,NA,NA,"1.837140323950156","1.5418506757944399"
"370210",1,"2) # of groups=4",4,5,4,5,5,"1.0562101513449607","1.32346877602541"
"370211",1,"3) # of groups=5",5,5,2,4,4,"0.22165502725895642","-0.071638980358372295"
"370212",0,"",3,2,2,NA,NA,"-0.14137394447379487","-0.17246293838431501"
"370214",0,"",0,1,1,NA,NA,"-2.2049434966253854","-2.52154245858793"
"370215",1,"3) # of groups=5",5,4,3,4,4,"0.31595505954692865","0.40320043162338498"
"370216",0,"",3,2,4,NA,NA,"0.26868247448439253","0.83567566062071597"
"370218",1,"3) # of groups=5",5,5,3,5,5,"0.43500786030555677","0.39030604641843197"
"370220",0,"",2,2,1,NA,NA,"-0.15313073524675458","-0.40903434565774699"
"370222",0,"",3,2,3,NA,NA,"0.7071204346106591","0.228897823684999"
"370225",0,"",2,1,3,NA,NA,"0.31135320605835676","0.13509605254229501"
"370227",1,"2) # of groups=4",4,0,NA,5,5,"0.77812745171722586","NA"
"370228",1,"3) # of groups=5",5,3,3,5,5,"0.66576252329645258","0.18225816806579401"
"370234",1,"2) # of groups=4",4,2,4,5,5,"1.1337139784099299","0.55463353002835403"
"370235",1,"2) # of groups=4",4,2,4,4,4,"0.45954054163913027","0.91814628716911695"
"370236",1,"3) # of groups=5",5,4,4,2,2,"-0.5917386126694919","0.96139286402118795"
"370237",1,"2) # of groups=4",4,1,1,3,3,"0.18011485775430131","-0.92410153180951604"
"370240",0,"",1,0,NA,NA,NA,"0.0069642596194479656","NA"
"370243",0,"",0,1,2,NA,NA,"0.29888682612679329","0.073394980931914405"
"370244",0,"",2,0,NA,NA,NA,"0.27324839502088005","NA"
"370245",0,"",0,0,NA,NA,NA,"-1.3138727966010255","NA"
"370246",0,"",0,0,NA,NA,NA,"0.70654127902865804","NA"
"371300",1,"1) # of groups=3",3,0,NA,4,4,"0.62150445503132823","NA"
"371301",0,"",1,0,NA,NA,NA,"1.00814651991934","NA"
"371302",0,"",1,0,NA,NA,NA,"1.33743703341373","NA"
"371303",0,"",1,0,NA,NA,NA,"1.2267044141113901","NA"
"371304",0,"",1,0,NA,NA,NA,"0.198548201449322","NA"
"371305",0,"",1,0,NA,NA,NA,"-0.047512382165219913","NA"
"371306",0,"",1,0,NA,NA,NA,"0.78597557567598419","NA"
"371307",0,"",0,0,NA,NA,NA,"0.89965164203148129","NA"
"371309",0,"",1,0,NA,NA,NA,"-0.41544287014899883","NA"
"371310",0,"",1,0,NA,NA,NA,"0.72683819153866658","NA"
"371311",0,"",1,0,NA,NA,NA,"2.04551013856035","NA"
"371312",0,"",1,0,NA,NA,NA,"0.72863727470774098","NA"
"371313",0,"",1,2,1,NA,NA,"-0.37113432744163555","-4.6227403685173698"
"371314",0,"",1,0,NA,NA,NA,"0.72896360095231594","NA"
"371316",0,"",1,0,NA,NA,NA,"1.2538792446829801","NA"
"371317",0,"",1,1,4,NA,NA,"0.51784829245858921","1.1592742223455501"
"371318",0,"",0,0,NA,NA,NA,"-0.45288502301515898","NA"
"371319",1,"1) # of groups=3",3,0,NA,4,4,"0.20796395557479308","NA"
"371320",0,"",1,0,NA,NA,NA,"0.54471518179595002","NA"
"371321",0,"",2,0,NA,NA,NA,"1.1238589415686226","NA"
"371322",0,"",1,0,NA,NA,NA,"0.51705988260040969","NA"
"371323",0,"",2,0,NA,NA,NA,"-1.6596705794984565","NA"
"371325",0,"",1,0,NA,NA,NA,"-0.38317833258167966","NA"
"371326",0,"",1,0,NA,NA,NA,"-0.74902155190129083","NA"
"371327",0,"",1,0,NA,NA,NA,"-0.27200600112456064","NA"
"371328",1,"1) # of groups=3",3,0,NA,4,4,"0.36697217121677439","NA"
"371329",0,"",1,0,NA,NA,NA,"-0.26961437152002543","NA"
"371330",0,"",1,0,NA,NA,NA,"1.4371013954559912","NA"
"371331",0,"",0,0,NA,NA,NA,"-0.55078113405977347","NA"
"371332",0,"",1,0,NA,NA,NA,"0.22759179679552397","NA"
"371333",0,"",2,0,NA,NA,NA,"1.3985636328423552","NA"
"371334",0,"",1,0,NA,NA,NA,"0.10799634631760718","NA"
"371335",0,"",1,0,NA,NA,NA,"0.51653383663324892","NA"
"371336",0,"",2,0,NA,NA,NA,"-0.098317146026701385","NA"
"371337",1,"1) # of groups=3",3,0,NA,4,4,"0.43966927759513275","NA"
"371338",0,"",1,0,NA,NA,NA,"0.072748285452611583","NA"
"371340",0,"",2,0,NA,NA,NA,"-2.3552683184502174","NA"
"371341",0,"",2,0,NA,NA,NA,"-0.73886039417834914","NA"
"371342",1,"1) # of groups=3",3,1,4,4,4,"0.41609450111038859","1.1592742223455501"
"380001",1,"2) # of groups=4",4,2,4,4,4,"0.33663885629862172","0.986541031301018"
"380002",1,"3) # of groups=5",5,6,1,3,3,"0.033296237276864475","-0.46864144887028603"
"380004",1,"3) # of groups=5",5,8,3,4,4,"0.24611355911844271","0.28369062936289002"
"380005",0,"",3,2,1,NA,NA,"-0.075920395759470113","-0.58781428979980399"
"380007",1,"3) # of groups=5",5,6,2,3,3,"-0.19158175269008193","-0.17747212129855999"
"380009",1,"3) # of groups=5",5,8,1,3,3,"-0.02015897053632601","-0.48095773810359699"
"380014",1,"3) # of groups=5",5,7,2,3,3,"-0.20136018363278546","-0.205443967778873"
"380017",1,"3) # of groups=5",5,8,2,4,4,"0.18760544203791887","-0.13288982866504101"
"380018",1,"3) # of groups=5",5,6,2,4,4,"0.10953575132528409","-0.092534196728730894"
"380020",1,"3) # of groups=5",5,7,3,4,4,"0.071354493279498499","0.343747118876505"
"380021",1,"3) # of groups=5",5,7,1,3,3,"-0.082725813402665327","-0.71657643516927905"
"380022",1,"3) # of groups=5",5,4,2,4,4,"0.26489754754020944","-0.29801434588939002"
"380025",1,"3) # of groups=5",5,5,1,3,3,"-0.0042910105514377961","-0.31751269289614797"
"380027",1,"3) # of groups=5",5,6,4,4,4,"0.067098574511126843","0.70929218472589295"
"380029",0,"",3,2,2,NA,NA,"0.094125979972636095","-0.30033306516782599"
"380037",1,"2) # of groups=4",4,2,4,4,4,"0.47378511492074338","0.86313888808025696"
"380038",1,"3) # of groups=5",5,4,1,4,4,"0.11555011369813463","-0.65058353768836497"
"38003F",1,"3) # of groups=5",5,4,2,5,5,"0.87555857966335726","0.043846046155524301"
"380047",1,"3) # of groups=5",5,8,3,4,4,"0.24844552090222297","0.19311957498839999"
"38004F",0,"",0,0,NA,NA,NA,"-0.21082965826789499","NA"
"380050",1,"3) # of groups=5",5,6,3,2,2,"-0.34731178484534825","0.43887003916258999"
"380051",1,"3) # of groups=5",5,8,1,3,3,"-0.097427995112511018","-0.57538554574020395"
"380052",1,"2) # of groups=4",4,2,1,2,2,"-0.20416764624237027","-2.3141122996023902"
"380056",0,"",3,2,4,NA,NA,"0.37620404308765376","0.67803567324911496"
"380060",1,"3) # of groups=5",5,6,3,4,4,"0.28648489421899109","0.44822852201866997"
"380061",1,"3) # of groups=5",5,8,2,4,4,"0.12796881459743262","0.0018673504031393199"
"380071",1,"2) # of groups=4",4,2,3,2,2,"-0.24484103715333266","0.33265091639862499"
"380075",1,"3) # of groups=5",5,7,1,2,2,"-0.45284354522219339","-0.50093598703837505"
"380082",1,"3) # of groups=5",5,3,2,3,3,"-0.056584355707407219","0.024380922271943599"
"380089",1,"3) # of groups=5",5,6,1,2,2,"-0.34185930164233891","-0.50461799165113297"
"380090",1,"3) # of groups=5",5,7,2,2,2,"-0.54278087830064459","-0.039378287443163303"
"380091",1,"3) # of groups=5",5,6,1,5,4,"0.49685023670158096","-0.39596075792959601"
"380102",1,"3) # of groups=5",5,8,4,4,4,"0.41305777832839036","0.62171141055550705"
"380103",1,"3) # of groups=5",5,5,2,4,4,"0.14029234607981717","-0.30301640015702103"
"381301",0,"",1,0,NA,NA,NA,"0.23633982060300113","NA"
"381302",1,"2) # of groups=4",4,0,NA,3,3,"0.22585191684213154","NA"
"381303",1,"2) # of groups=4",4,1,4,3,3,"0.23765049584181305","1.1592742223455501"
"381304",1,"1) # of groups=3",3,0,NA,2,2,"-0.67885110541688753","NA"
"381305",0,"",1,0,NA,NA,NA,"-0.35154944569273355","NA"
"381306",1,"1) # of groups=3",3,0,NA,3,3,"-0.39785933041533589","NA"
"381307",0,"",3,0,NA,NA,NA,"-0.7095911863915344","NA"
"381308",0,"",1,1,2,NA,NA,"-0.77302620878397144","0.017048105121125999"
"381309",0,"",1,0,NA,NA,NA,"-0.59966407394874865","NA"
"381310",0,"",1,0,NA,NA,NA,"-1.3816635218828099","NA"
"381311",0,"",1,0,NA,NA,NA,"-0.39891457028490163","NA"
"381312",0,"",3,1,1,NA,NA,"-0.64400846076128859","-0.60342407253168695"
"381313",1,"1) # of groups=3",3,0,NA,3,3,"-0.26884306164012478","NA"
"381314",1,"2) # of groups=4",4,1,1,1,1,"-0.7611437286890661","-1.7144438085198199"
"381315",1,"2) # of groups=4",4,0,NA,1,1,"-0.83045534097794915","NA"
"381316",1,"2) # of groups=4",4,1,4,5,5,"0.87584449498528116","1.1592742223455501"
"381317",1,"2) # of groups=4",4,1,4,4,4,"0.42708842385658136","0.71367557942800797"
"381318",1,"2) # of groups=4",4,1,4,4,4,"0.33177213774013059","1.1592742223455501"
"381319",1,"2) # of groups=4",4,2,3,3,3,"-0.0039071923686976699","0.488112874540023"
"381320",0,"",2,0,NA,NA,NA,"-0.010999480367567024","NA"
"381321",1,"3) # of groups=5",5,3,4,5,5,"0.50619821928977926","0.90320312922110801"
"381322",1,"1) # of groups=3",3,0,NA,2,2,"-0.94121470969378151","NA"
"381323",1,"2) # of groups=4",4,1,1,3,3,"-0.048477179061531053","-0.801221460518868"
"381324",0,"",2,0,NA,NA,NA,"-0.92247873233204936","NA"
"381325",1,"2) # of groups=4",4,2,1,1,1,"-0.96676183137567051","-1.3569881234525401"
"390001",1,"3) # of groups=5",5,7,1,2,2,"-0.37052296039599009","-0.604123400487241"
"390002",1,"3) # of groups=5",5,4,1,3,3,"-0.074563795213722278","-0.40340323624000501"
"390003",1,"2) # of groups=4",4,2,4,4,4,"0.66140575136292068","0.70888620905430599"
"390004",1,"3) # of groups=5",5,7,3,3,3,"-0.21515907154688382","0.33260112366627098"
"390006",1,"3) # of groups=5",5,8,2,4,4,"0.28592272143811243","-0.25008718789811801"
"390009",1,"3) # of groups=5",5,8,3,4,4,"0.080271026483693525","0.23864951364043299"
"390012",1,"3) # of groups=5",5,5,3,3,3,"-0.14776196346744885","0.44027523251218498"
"390013",1,"3) # of groups=5",5,5,1,4,4,"0.36609659455232696","-1.0305348994975301"
"390016",1,"3) # of groups=5",5,7,1,3,3,"-0.085142165315938906","-0.36677899611208198"
"39001F",1,"1) # of groups=3",3,0,NA,5,5,"1.3388778763881934","NA"
"390025",0,"",0,0,NA,NA,NA,"2.51009146074388","NA"
"390026",1,"3) # of groups=5",5,7,1,2,2,"-0.49793110301014337","-0.49739994027399198"
"390027",1,"3) # of groups=5",5,8,2,4,4,"0.08131443775842663","-0.0705423934652009"
"390028",1,"3) # of groups=5",5,6,3,4,4,"0.21807363817748276","0.17599140692811499"
"390030",1,"3) # of groups=5",5,6,4,4,4,"0.17899625689638718","0.68640691401520504"
"390032",1,"3) # of groups=5",5,3,4,4,4,"0.23339030139754274","0.59161989396247905"
"390035",1,"3) # of groups=5",5,6,4,5,5,"0.53300077383745204","0.89023750775764199"
"390036",1,"3) # of groups=5",5,7,1,3,3,"-0.14564925141358745","-0.60930929002175305"
"390037",1,"3) # of groups=5",5,5,2,4,4,"0.26846133097717917","-0.23567001636755699"
"390039",1,"3) # of groups=5",5,3,3,4,4,"0.16089616410556332","0.21398811289102501"
"390041",1,"3) # of groups=5",5,6,1,2,2,"-0.29948798262120352","-0.91821350869925999"
"390042",1,"3) # of groups=5",5,7,3,4,4,"0.19709227825919334","0.39201420478433802"
"390044",1,"3) # of groups=5",5,8,2,4,4,"0.10150234134640525","-0.28651776786349498"
"390045",1,"3) # of groups=5",5,7,2,3,3,"-0.050168186572206439","-0.27326416909675399"
"390046",1,"3) # of groups=5",5,7,2,4,4,"0.23974462040907296","-0.12548706779261101"
"390048",1,"3) # of groups=5",5,5,2,5,5,"0.50108412516442746","-0.00069742091799700797"
"390049",1,"3) # of groups=5",5,8,4,5,5,"0.69586102180516762","0.80660626511656897"
"39004F",0,"",0,0,NA,NA,NA,"0.0051606528060734501","NA"
"390050",1,"3) # of groups=5",5,7,2,3,3,"-0.14785356428428278","-0.28267048749315998"
"390056",1,"2) # of groups=4",4,2,1,3,3,"-0.0072216416346018442","-0.61752949712356597"
"390057",1,"3) # of groups=5",5,7,2,4,4,"0.33168210602220111","-0.25165989665973698"
"390058",1,"3) # of groups=5",5,6,2,4,4,"0.31891749103852324","-0.137789637216817"
"39005F",0,"",0,0,NA,NA,NA,"0.94191386215242323","NA"
"390062",1,"3) # of groups=5",5,3,4,5,5,"0.86709930586481021","1.0644475745772299"
"390063",1,"3) # of groups=5",5,8,2,3,3,"-0.051445684821813033","-0.063695636115428195"
"390065",1,"3) # of groups=5",5,5,2,4,4,"0.29910160513365408","-0.093927302831169998"
"390066",1,"3) # of groups=5",5,6,3,5,5,"0.65086133579950023","0.38249018699561899"
"390067",1,"3) # of groups=5",5,8,2,4,4,"0.20301592182791642","0.017158219462776798"
"390068",1,"3) # of groups=5",5,5,4,4,4,"0.3943774202672633","0.64817047390788796"
"39006F",1,"2) # of groups=4",4,2,2,5,5,"1.4815433467299406","0.084574227225298407"
"390070",1,"2) # of groups=4",4,2,4,3,3,"-0.12903413386323337","0.55441182742462503"
"390073",1,"3) # of groups=5",5,7,3,3,3,"-0.14763725572382125","0.17533644883939201"
"390079",1,"3) # of groups=5",5,7,2,2,2,"-0.50454720043558032","-0.085485741025623105"
"390086",1,"3) # of groups=5",5,7,1,2,2,"-0.44045062647705047","-0.35373582670389397"
"390090",1,"3) # of groups=5",5,7,2,3,3,"-0.1003526517268927","-0.22310874094754901"
"390091",1,"3) # of groups=5",5,5,4,4,4,"0.33252724551975377","0.54420023421302199"
"390093",1,"2) # of groups=4",4,2,4,2,2,"-0.18701200989188588","0.70888620905430599"
"390096",1,"3) # of groups=5",5,6,2,3,3,"-0.077999814015272451","-0.024231072977605"
"390097",1,"3) # of groups=5",5,7,4,3,3,"-0.092199825168594401","0.60258653821740005"
"39009F",1,"3) # of groups=5",5,4,3,5,5,"0.81848368190352794","0.489216982470147"
"390100",1,"3) # of groups=5",5,8,3,5,5,"0.98119648087766853","0.42906293309440702"
"390101",1,"3) # of groups=5",5,8,1,4,4,"0.17346483869637375","-0.68337163444551596"
"390102",1,"3) # of groups=5",5,7,2,3,3,"-0.077596561803700864","-0.134087209887157"
"390107",1,"3) # of groups=5",5,7,3,4,4,"0.37351641983014749","0.23206342139598801"
"390110",1,"3) # of groups=5",5,6,1,2,2,"-0.3595158998783512","-0.40932440766508199"
"390111",1,"3) # of groups=5",5,7,2,5,5,"0.73790586711839801","-0.15660986775769301"
"390112",1,"3) # of groups=5",5,3,3,2,2,"-0.55268357638394738","0.32757123534182198"
"390113",1,"3) # of groups=5",5,6,3,4,4,"0.29314118606737999","0.40347694308325299"
"390114",1,"3) # of groups=5",5,8,1,4,4,"0.15584077180491396","-0.63952133335768202"
"390115",1,"3) # of groups=5",5,7,3,2,2,"-0.44933068874144177","0.15438862930854699"
"390116",1,"2) # of groups=4",4,2,4,4,4,"0.37056524666267315","0.893989423885447"
"390117",1,"2) # of groups=4",4,1,2,4,4,"0.5006984849784335","-0.055562846096074897"
"390123",1,"3) # of groups=5",5,7,1,2,2,"-0.50289721320138558","-0.86330109328567195"
"390125",1,"3) # of groups=5",5,4,1,2,2,"-0.5572176404021576","-0.88305747289647796"
"390127",1,"3) # of groups=5",5,6,1,3,3,"-0.2738723671752723","-0.85205898721986495"
"39012F",1,"3) # of groups=5",5,4,2,4,4,"0.20695578742931178","-0.14720052246283399"
"390133",1,"3) # of groups=5",5,8,3,4,4,"0.20360518102465119","0.24111170797121301"
"390137",1,"3) # of groups=5",5,7,3,2,2,"-0.58756069419785006","0.37670936362537299"
"390138",1,"2) # of groups=4",4,2,1,4,4,"0.33520925145624575","-0.31451841223640098"
"390139",1,"3) # of groups=5",5,7,4,5,5,"0.52764351811030286","0.65317552690925795"
"39013F",1,"3) # of groups=5",5,3,4,5,5,"0.92720178564062139","1.47398643782012"
"390142",1,"3) # of groups=5",5,7,2,3,3,"-0.18460144882219559","-0.20040019371679399"
"390145",1,"3) # of groups=5",5,7,2,3,3,"0.052893243205503655","0.072486376370269195"
"390146",1,"3) # of groups=5",5,3,2,3,3,"-0.18239472903618181","-0.26683687836501402"
"390147",1,"3) # of groups=5",5,7,1,1,1,"-0.75546950025112325","-0.494942515869565"
"390150",0,"",1,0,NA,NA,NA,"0.31539938116995819","NA"
"390151",1,"3) # of groups=5",5,6,3,4,4,"0.15600527873351533","0.30820480281468199"
"390153",1,"3) # of groups=5",5,8,2,5,5,"0.62619067672356798","-0.114389759452934"
"390156",1,"3) # of groups=5",5,6,1,2,2,"-0.60675229780187612","-1.0026168183762401"
"390160",1,"3) # of groups=5",5,3,1,3,3,"-0.17977506641830324","-0.68834079376068602"
"390162",1,"2) # of groups=4",4,2,4,4,4,"0.56893722889320275","0.67803567324911496"
"390163",1,"3) # of groups=5",5,3,3,3,3,"-0.21682124517787316","0.30592599450267399"
"390164",1,"3) # of groups=5",5,7,1,4,4,"0.34749467530366096","-0.56642697461209102"
"390168",1,"3) # of groups=5",5,7,1,2,2,"-0.62951917949077629","-0.73005116698851702"
"390173",1,"3) # of groups=5",5,7,1,2,2,"-0.5778730219265189","-0.60772860918806204"
"390174",1,"3) # of groups=5",5,8,1,3,3,"-0.22781803015850882","-0.43409743291705799"
"390178",1,"3) # of groups=5",5,4,2,4,4,"0.080897975027227273","0.019501440030463099"
"390179",1,"3) # of groups=5",5,8,2,5,5,"0.56875236810218399","0.032509140578901599"
"390180",1,"3) # of groups=5",5,6,1,1,1,"-0.84230744188461071","-1.62870915452646"
"390183",1,"2) # of groups=4",4,2,3,4,4,"0.56313810493028205","0.46796774972510602"
"390184",0,"",2,0,NA,NA,NA,"0.15341365431057885","NA"
"390185",1,"3) # of groups=5",5,6,2,2,2,"-0.40631602760620134","-0.061152226195103999"
"390195",1,"3) # of groups=5",5,8,3,4,4,"0.27290201147242377","0.32811982026365499"
"390198",1,"3) # of groups=5",5,3,2,1,1,"-1.1914331415979984","-0.22280911863358699"
"390199",1,"2) # of groups=4",4,2,1,2,2,"-0.26982825097252433","-1.7588813218316199"
"390201",1,"3) # of groups=5",5,7,2,3,3,"-0.13101241129531396","0.048778839991677897"
"390203",1,"3) # of groups=5",5,7,3,4,4,"0.11281184243311605","0.155493737588701"
"390204",1,"3) # of groups=5",5,5,1,2,2,"-0.52531677056555159","-0.66410043985915201"
"390211",1,"3) # of groups=5",5,6,2,3,3,"-0.15056664713505441","-0.058981683363067"
"390217",1,"2) # of groups=4",4,2,4,3,3,"0.14778044965869805","0.70888620905430599"
"390219",1,"3) # of groups=5",5,7,2,4,4,"0.28919249366705319","-0.27753839230117899"
"390222",1,"3) # of groups=5",5,7,3,4,4,"0.22411544100172923","0.38069408382805903"
"390223",1,"3) # of groups=5",5,7,3,4,4,"0.34876868604872102","0.15489583404272"
"390225",1,"3) # of groups=5",5,6,4,5,5,"0.63762196881532895","0.53310670963365603"
"390226",1,"3) # of groups=5",5,8,3,4,4,"0.21935737946619932","0.189618391096392"
"390228",1,"3) # of groups=5",5,7,4,4,4,"0.22262122832001718","0.58720991534441702"
"390231",1,"3) # of groups=5",5,8,3,3,3,"-0.17811289891915183","0.25772049850814999"
"390233",1,"3) # of groups=5",5,7,1,4,4,"0.098833561668339565","-0.40858885567205899"
"390237",1,"3) # of groups=5",5,7,2,2,2,"-0.35850304755433277","0.047655584488636701"
"390256",1,"3) # of groups=5",5,8,3,4,4,"0.27763915810641371","0.171368850577612"
"390258",1,"3) # of groups=5",5,7,4,2,2,"-0.31621701061043184","0.54785398186298595"
"390265",1,"3) # of groups=5",5,7,3,4,4,"0.086926294752187536","0.37688131698527999"
"390266",1,"2) # of groups=4",4,2,4,4,4,"0.3083181490837929","0.67803567324911496"
"390267",1,"3) # of groups=5",5,7,1,3,3,"-0.010200545448856298","-0.31527261198662099"
"390268",1,"3) # of groups=5",5,7,2,5,5,"0.45716263704970406","-0.104397456442807"
"390270",1,"3) # of groups=5",5,7,1,4,4,"0.22157629482421473","-0.34251472128670701"
"390272",0,"",0,0,NA,NA,NA,"-7.00864560941978","NA"
"390278",0,"",0,2,4,NA,NA,"1.2829866505640699","1.2829866505640699"
"390304",1,"2) # of groups=4",4,2,2,2,2,"-0.26817482416705529","-0.107595438191619"
"390307",0,"",0,2,4,NA,NA,"0.30638632790227782","0.75366072897507597"
"390316",0,"",3,2,4,NA,NA,"0.076301177235009232","0.60948903081629302"
"390322",0,"",2,2,4,NA,NA,"1.7001959923861747","1.1034014003011801"
"390323",0,"",2,2,4,NA,NA,"-0.29226181880865271","1.4532939699281999"
"390324",0,"",2,2,4,NA,NA,"1.2769014813529327","1.56646323398087"
"390325",0,"",2,2,4,NA,NA,"1.5816715294237385","1.50461026406957"
"390326",1,"3) # of groups=5",5,7,4,5,5,"0.64214819742729135","0.64957402314915202"
"390327",0,"",1,1,3,NA,NA,"0.32459934597823759","0.25849819576305599"
"390328",1,"3) # of groups=5",5,7,2,4,4,"0.33795511709318349","-0.24378457635494"
"390329",1,"3) # of groups=5",5,7,2,4,4,"0.098372461795824151","-0.212490973777373"
"390330",1,"3) # of groups=5",5,7,3,5,5,"0.4724622546070546","0.43880945755752299"
"390331",0,"",1,0,NA,NA,NA,"0.99579420443880484","NA"
"390332",1,"2) # of groups=4",4,2,3,5,5,"0.96158587751697588","0.41529745470627499"
"390333",0,"",1,0,NA,NA,NA,"0.31538789295678771","NA"
"390334",1,"3) # of groups=5",5,6,2,5,5,"0.73647065918207211","-0.102713325544603"
"390335",1,"3) # of groups=5",5,5,4,5,5,"0.44630537849971136","0.90142158060942601"
"390336",1,"3) # of groups=5",5,4,4,4,4,"0.39869650241029275","0.65979597909542198"
"390337",1,"2) # of groups=4",4,2,2,4,4,"0.5226753745151772","-0.123477519033063"
"390338",1,"3) # of groups=5",5,3,1,3,3,"-0.17526715903010723","-0.72533824636273703"
"390339",1,"3) # of groups=5",5,6,2,3,3,"0.038108573271773777","-0.083621787396535904"
"391300",1,"2) # of groups=4",4,1,1,3,3,"0.061945831920925065","-1.56363644829948"
"391301",1,"2) # of groups=4",4,2,1,4,4,"0.39708419080071766","-0.88446591793384999"
"391302",0,"",2,0,NA,NA,NA,"0.54437420888727317","NA"
"391303",1,"1) # of groups=3",3,0,NA,3,3,"0.065596109496492083","NA"
"391304",0,"",0,0,NA,NA,NA,"0.40594958207612197","NA"
"391305",1,"2) # of groups=4",4,1,4,4,4,"0.52431743926210261","1.1592742223455501"
"391306",1,"1) # of groups=3",3,0,NA,1,1,"-1.3017954871680548","NA"
"391307",0,"",3,0,NA,NA,NA,"0.36042948465991642","NA"
"391308",0,"",2,0,NA,NA,NA,"-1.2529100247881604","NA"
"391309",0,"",2,0,NA,NA,NA,"-1.7752156985524201","NA"
"391312",1,"2) # of groups=4",4,1,4,4,4,"0.59894175433930719","1.1592742223455501"
"391313",1,"3) # of groups=5",5,3,3,4,4,"0.076412646712423551","0.42821663709929297"
"391314",1,"2) # of groups=4",4,2,1,2,2,"-0.35179421588919302","-1.5184153766378701"
"391315",1,"2) # of groups=4",4,1,4,4,4,"0.43254911912424954","1.16593449887969"
"391316",1,"2) # of groups=4",4,2,3,3,3,"0.14156915620218979","0.21588407240559901"
"391317",0,"",2,0,NA,NA,NA,"0.48625775076749261","NA"
"400001",0,"",1,1,2,NA,NA,"-0.17414452787415846","-0.109511703046801"
"400003",0,"",0,0,NA,NA,NA,"-0.97938580886661253","NA"
"400004",0,"",0,1,4,NA,NA,"0.37167949813976364","1.16593449887969"
"400005",0,"",0,0,NA,NA,NA,"-0.49582550878148801","NA"
"400006",0,"",1,2,4,NA,NA,"-0.33053002195642955","1.16260436061262"
"400007",0,"",1,3,3,NA,NA,"-1.7441657404107032","0.35718212226299301"
"400010",0,"",0,0,NA,NA,NA,"0.50614681439363496","NA"
"400011",0,"",0,0,NA,NA,NA,"0.17274518067377698","NA"
"400012",0,"",0,0,NA,NA,NA,"2.51009146074388","NA"
"400013",0,"",1,2,4,NA,NA,"-1.3127426759158203","0.94342309731976604"
"400014",0,"",1,4,1,NA,NA,"-0.78033746621133804","-0.93486656633981902"
"400015",0,"",0,2,1,NA,NA,"-6.2738619019164013","-16.246910514427199"
"400016",1,"1) # of groups=3",3,5,4,4,4,"0.1186650369677843","0.75537904384898102"
"400018",0,"",0,0,NA,NA,NA,"-1.9396815788250286","NA"
"400019",1,"1) # of groups=3",3,2,1,1,1,"-2.3351591530183589","-3.6047273704374501"
"400021",0,"",2,5,2,NA,NA,"-1.3970923430229443","0.107102585562459"
"400022",0,"",2,4,1,NA,NA,"-1.5479877777839892","-1.8298498299597801"
"400032",0,"",2,2,1,NA,NA,"-3.0617287954255739","-6.5972659004375602"
"40003F",1,"3) # of groups=5",5,4,1,2,2,"-0.63659952833553501","-1.15169961043875"
"400044",0,"",1,1,1,NA,NA,"-4.6068229285764231","-12.4718758665755"
"400048",0,"",1,0,NA,NA,NA,"-3.4376909469189991","NA"
"400061",0,"",0,2,1,NA,NA,"-4.6556164240614804","-11.404467583891901"
"400079",0,"",0,0,NA,NA,NA,"-1.9063619181041069","NA"
"400087",0,"",0,2,1,NA,NA,"-3.4911496305560799","-6.5489627669982902"
"400098",0,"",0,0,NA,NA,NA,"-2.6454281844317","NA"
"400102",0,"",2,3,1,NA,NA,"-2.318049335033614","-1.1055498901087299"
"400103",1,"1) # of groups=3",3,0,NA,1,1,"-2.4208260678154732","NA"
"400104",0,"",0,2,4,NA,NA,"-0.79305981091237987","1.0447841928932999"
"400105",0,"",0,1,4,NA,NA,"-0.4695802308141056","1.16593449887969"
"400106",0,"",0,0,NA,NA,NA,"-2.9887758718123556","NA"
"400109",0,"",2,2,3,NA,NA,"-1.3040344078494948","0.13715384349517501"
"400110",0,"",0,0,NA,NA,NA,"-1.9928726743098664","NA"
"400111",0,"",0,2,4,NA,NA,"-0.52125362891315041","0.86034454964292695"
"400112",0,"",0,0,NA,NA,NA,"-2.2401322769481897","NA"
"400113",0,"",0,0,NA,NA,NA,"-1.0238979662562562","NA"
"400114",1,"1) # of groups=3",3,4,4,1,1,"-1.8273618114057806","1.1187573015461301"
"400115",0,"",0,2,1,NA,NA,"-2.2797235467349095","-6.0573262794551397"
"400117",0,"",1,2,4,NA,NA,"-3.1642102860700168","1.1262807794458001"
"400118",1,"1) # of groups=3",3,4,4,1,1,"-1.3694542887045194","0.76865359326926097"
"400120",0,"",0,0,NA,NA,NA,"-3.5524856942170846","NA"
"400122",0,"",0,0,NA,NA,NA,"2.4231194547930799","NA"
"400123",0,"",0,2,1,NA,NA,"-0.83397443597278853","-3.9491198044681601"
"400124",0,"",2,0,NA,NA,NA,"-1.2470783901462721","NA"
"400126",0,"",0,0,NA,NA,NA,"-0.058929854665828507","NA"
"400127",0,"",1,4,1,NA,NA,"-5.0088684808631898","-5.0088684808631898"
"400128",0,"",0,0,NA,NA,NA,"-0.44370210194486398","NA"
"400132",0,"",1,0,NA,NA,NA,"-2.155128789191656","NA"
"400135",0,"",0,2,3,NA,NA,"-0.16949002937523233","0.22723050899281699"
"400137",1,"1) # of groups=3",3,4,4,2,2,"-0.84611405702330988","0.58621919281481905"
"400138",0,"",0,0,NA,NA,NA,"-1.7887149486518701","NA"
"410004",1,"3) # of groups=5",5,6,4,3,3,"0.046158421725747786","0.88413818872536099"
"410005",1,"3) # of groups=5",5,5,3,3,3,"-0.21677601942051672","0.44670827426561699"
"410006",1,"3) # of groups=5",5,5,3,4,4,"0.23678108383189012","0.28226351650715298"
"410007",1,"3) # of groups=5",5,6,3,4,4,"0.13919360640753045","0.32023871451623098"
"410008",1,"3) # of groups=5",5,4,1,4,4,"0.090999215829356342","-0.65359936292643095"
"410009",1,"3) # of groups=5",5,7,1,3,3,"-0.12487676039180949","-0.38818161226792403"
"410010",1,"2) # of groups=4",4,5,3,4,4,"0.52911318613991398","0.51161052236351801"
"410011",1,"3) # of groups=5",5,5,2,2,2,"-0.49783317351877165","0.072629341192845101"
"410012",1,"3) # of groups=5",5,7,4,4,4,"0.40275660490891685","0.62928877368279001"
"410013",1,"3) # of groups=5",5,5,3,4,4,"0.15599065402543633","0.242191031693264"
"41005F",1,"3) # of groups=5",5,4,4,4,4,"0.41360324719121744","0.60594596857026195"
"420002",1,"3) # of groups=5",5,7,2,2,2,"-0.53226538686541092","-0.060052041503178999"
"420004",1,"3) # of groups=5",5,8,1,2,2,"-0.38023994259906224","-0.92987963972601595"
"420005",1,"2) # of groups=4",4,2,4,3,3,"-0.028064326215624547","0.58548406583354395"
"420007",1,"3) # of groups=5",5,8,2,2,2,"-0.38236831545291738","-0.13543191565051901"
"420009",1,"3) # of groups=5",5,7,2,4,4,"0.096166798177046875","-0.061275368421332098"
"420010",1,"3) # of groups=5",5,3,3,2,2,"-0.29402248160576883","0.21363073935917501"
"420011",0,"",3,1,2,NA,NA,"0.27400892593333714","0.073394980931914405"
"420015",1,"3) # of groups=5",5,6,1,4,4,"0.17373506148564349","-0.39822272724018998"
"420018",1,"3) # of groups=5",5,7,2,3,3,"-0.10027117497933678","-0.064274788821473194"
"420019",0,"",3,2,4,NA,NA,"0.16760945981802042","0.73973674485949603"
"420020",1,"3) # of groups=5",5,3,1,2,2,"-0.53323069493616759","-0.50309295605726601"
"420023",1,"3) # of groups=5",5,8,2,4,4,"0.23770647816294874","0.065520577129651494"
"420026",1,"3) # of groups=5",5,7,1,3,3,"-0.003040170813661848","-0.35959487601837298"
"420027",1,"3) # of groups=5",5,7,3,4,4,"0.10314906966256784","0.19250046536371901"
"420030",1,"3) # of groups=5",5,4,2,3,3,"-0.25559042240091689","-0.19126208101370801"
"420033",1,"3) # of groups=5",5,6,4,5,5,"0.622686078345003","0.72699948497987898"
"420036",1,"3) # of groups=5",5,5,4,4,4,"0.11350832764518592","1.1879025711012601"
"420037",1,"3) # of groups=5",5,3,1,4,4,"0.12978781521111776","-1.09527167690965"
"420038",1,"2) # of groups=4",4,2,3,4,4,"0.32469162838379517","0.51784531585096805"
"420043",1,"2) # of groups=4",4,2,2,2,2,"-0.53616368769927347","-0.19037249448179699"
"420048",1,"3) # of groups=5",5,5,3,3,3,"-0.041074079224556428","0.142062940680104"
"420049",1,"3) # of groups=5",5,7,3,2,2,"-0.27747297008927629","0.31267199159028303"
"420051",1,"3) # of groups=5",5,7,2,3,3,"-0.27219927270359345","-0.067780594690984602"
"420053",1,"3) # of groups=5",5,3,4,3,3,"0.022221751723394606","1.38949825016157"
"420055",1,"2) # of groups=4",4,0,NA,3,3,"-0.049790690088560491","NA"
"420065",1,"3) # of groups=5",5,7,1,3,3,"-0.0030639874215491504","-0.84773836499737198"
"420067",1,"3) # of groups=5",5,7,2,4,4,"0.064667714674751131","-0.15721343317811901"
"420070",1,"3) # of groups=5",5,6,4,3,3,"-0.034973178290956128","0.97535136721641003"
"420071",1,"3) # of groups=5",5,7,4,4,4,"0.27866705381978402","0.57322739704254699"
"420072",0,"",3,1,3,NA,NA,"-0.21718231929545698","0.13509605254229501"
"420073",1,"3) # of groups=5",5,8,4,3,3,"0.006583431489654748","0.57994358973355198"
"420078",1,"3) # of groups=5",5,7,3,4,4,"0.1614703222217026","0.152661314602211"
"420079",1,"3) # of groups=5",5,8,2,3,3,"-0.15950161108911465","-0.18733804218287001"
"420080",1,"3) # of groups=5",5,5,3,2,2,"-0.36474703722099588","0.222145607126638"
"420082",1,"3) # of groups=5",5,8,2,2,2,"-0.53747297810592887","0.023739524929035399"
"420085",1,"3) # of groups=5",5,7,2,2,2,"-0.43080186723334668","-0.19295974095721299"
"420086",1,"3) # of groups=5",5,8,3,4,4,"0.29941007275513276","0.280989238039139"
"420087",1,"3) # of groups=5",5,8,2,4,4,"0.39545405795999478","-0.111879763118423"
"420089",1,"3) # of groups=5",5,3,1,4,4,"0.36754023286957926","-0.768279496609241"
"420091",1,"3) # of groups=5",5,6,1,3,3,"0.040910172480762924","-0.446516785215611"
"420098",1,"3) # of groups=5",5,5,2,4,4,"0.18053456094503822","0.13051234685882099"
"420101",1,"3) # of groups=5",5,3,3,4,4,"0.25136837413213442","0.38991153508494902"
"420102",1,"2) # of groups=4",4,3,4,5,5,"0.80398074081434623","0.77218373745591995"
"420103",1,"3) # of groups=5",5,4,2,5,5,"0.5001685015149836","0.121677990107654"
"420104",1,"3) # of groups=5",5,4,3,5,5,"0.67521304024898809","0.44635361292111297"
"420105",1,"3) # of groups=5",5,7,3,4,4,"0.078687840748680765","0.27091246957003901"
"420106",1,"3) # of groups=5",5,4,1,4,4,"0.37462547074813612","-0.445361277184114"
"420107",1,"3) # of groups=5",5,3,1,3,3,"-0.24237159687319809","-0.460910932172438"
"420108",0,"",1,0,NA,NA,NA,"-0.39068403042772459","NA"
"420109",1,"2) # of groups=4",4,2,3,3,3,"-0.076807054138066211","0.35167794671929697"
"420110",1,"3) # of groups=5",5,3,3,5,5,"0.48927816985225792","0.209724022677345"
"42011F",1,"3) # of groups=5",5,3,4,5,5,"1.0523410603216714","1.0760872682404701"
"42029F",1,"3) # of groups=5",5,4,4,5,5,"0.90708281906829558","0.70613583274724101"
"421300",0,"",0,0,NA,NA,NA,"0.45539436893244101","NA"
"421301",0,"",2,0,NA,NA,NA,"-0.50762250807141518","NA"
"421304",0,"",1,0,NA,NA,NA,"0.062778047062028747","NA"
"430005",1,"3) # of groups=5",5,4,1,3,3,"-0.27156488499980497","-0.68829647613978695"
"430008",1,"3) # of groups=5",5,3,1,5,4,"0.44968693795815934","-0.61814391761695298"
"430012",1,"3) # of groups=5",5,4,1,3,3,"-0.13126244167447143","-1.0858109023723099"
"430014",1,"3) # of groups=5",5,5,2,4,4,"0.10181471709921734","0.0080801823695366704"
"430015",1,"3) # of groups=5",5,3,1,2,2,"-0.35877949862640074","-0.79331481125048198"
"430016",1,"3) # of groups=5",5,8,2,4,4,"0.29440219938010903","-0.066616610825401296"
"430027",1,"3) # of groups=5",5,8,3,5,5,"0.49697548003853592","0.37174667832446001"
"43002F",1,"2) # of groups=4",4,1,3,5,5,"0.96991165934546109","0.25849819576305599"
"430048",1,"2) # of groups=4",4,1,3,4,4,"0.41328718975292256","0.32019926737343701"
"43005F",1,"2) # of groups=4",4,2,4,5,5,"1.3543235644123328","0.85659711385965598"
"430077",1,"3) # of groups=5",5,7,2,3,3,"-0.10071024560105912","0.072322724455639406"
"430084",0,"",0,0,NA,NA,NA,"0.12897849645349826","NA"
"430089",0,"",3,2,1,NA,NA,"-0.24060512330925737","-1.22214064726539"
"430090",0,"",3,2,4,NA,NA,"0.5682412275600599","0.79459224564743502"
"430091",0,"",3,2,4,NA,NA,"1.9396015783095131","1.6999463580687999"
"430093",0,"",1,0,NA,NA,NA,"1.138236978409894","NA"
"430095",1,"2) # of groups=4",4,2,4,5,5,"0.84570439430215694","0.801437816469876"
"430097",1,"2) # of groups=4",4,2,4,4,4,"0.42154867393187245","0.73973674485949603"
"430098",0,"",3,0,NA,NA,NA,"-2.4653313829367387","NA"
"431300",0,"",2,0,NA,NA,NA,"1.0349898383461662","NA"
"431301",0,"",1,0,NA,NA,NA,"1.2979462422296333","NA"
"431302",0,"",1,0,NA,NA,NA,"-0.22720947908585784","NA"
"431305",0,"",1,0,NA,NA,NA,"-0.06958994831202639","NA"
"431306",0,"",2,0,NA,NA,NA,"0.57819137136146004","NA"
"431307",0,"",1,0,NA,NA,NA,"1.84523397552583","NA"
"431308",0,"",1,0,NA,NA,NA,"0.81156341429380308","NA"
"431309",0,"",0,0,NA,NA,NA,"-0.5634027415018783","NA"
"431310",0,"",2,0,NA,NA,NA,"-0.17780653259009485","NA"
"431311",0,"",1,0,NA,NA,NA,"-0.34043621740488372","NA"
"431312",0,"",1,0,NA,NA,NA,"0.5786230180993237","NA"
"431313",0,"",1,0,NA,NA,NA,"0.62517225493618334","NA"
"431314",0,"",0,0,NA,NA,NA,"1.4106825377113299","NA"
"431315",0,"",1,0,NA,NA,NA,"-0.34168519563164979","NA"
"431316",1,"1) # of groups=3",3,0,NA,4,4,"0.13278665268374384","NA"
"431317",0,"",1,0,NA,NA,NA,"1.7410023416790199","NA"
"431318",0,"",0,0,NA,NA,NA,"1.74461114962648","NA"
"431319",0,"",1,0,NA,NA,NA,"0.45138962863860255","NA"
"431320",0,"",1,0,NA,NA,NA,"0.32491405266290646","NA"
"431321",0,"",3,1,1,NA,NA,"-0.14800649817569203","-2.8594626546372202"
"431322",0,"",1,0,NA,NA,NA,"0.70399792296657493","NA"
"431323",0,"",1,0,NA,NA,NA,"0.28601650123134909","NA"
"431324",0,"",1,0,NA,NA,NA,"0.75156118389080895","NA"
"431325",0,"",1,0,NA,NA,NA,"0.48195717587792902","NA"
"431326",0,"",1,0,NA,NA,NA,"-0.16417762314065251","NA"
"431327",0,"",1,0,NA,NA,NA,"-0.092394696106618088","NA"
"431328",0,"",1,0,NA,NA,NA,"1.58417433025671","NA"
"431329",0,"",1,0,NA,NA,NA,"-0.22922126533500664","NA"
"431330",1,"2) # of groups=4",4,0,NA,5,5,"0.78441161046552343","NA"
"431331",0,"",1,0,NA,NA,NA,"0.41499179021449939","NA"
"431332",0,"",1,0,NA,NA,NA,"1.7827659761780501","NA"
"431333",0,"",1,0,NA,NA,NA,"0.78060894876636178","NA"
"431334",0,"",2,0,NA,NA,NA,"0.08276568485636783","NA"
"431335",1,"2) # of groups=4",4,0,NA,2,2,"-0.44881434195546216","NA"
"431336",0,"",1,0,NA,NA,NA,"0.12361042454849031","NA"
"431337",0,"",2,0,NA,NA,NA,"-0.3647864810326511","NA"
"431338",0,"",2,0,NA,NA,NA,"0.90181973103722146","NA"
"431339",1,"1) # of groups=3",3,0,NA,4,4,"0.30433397744999546","NA"
"431340",1,"2) # of groups=4",4,1,4,4,4,"0.62871021584719533","1.37222540540786"
"431383",0,"",1,0,NA,NA,NA,"-1.5546624935333599","NA"
"440002",1,"3) # of groups=5",5,6,2,3,3,"-0.25247005380796839","-0.15395596867049599"
"440003",1,"3) # of groups=5",5,6,2,3,3,"-0.14853332117793744","0.102861931512693"
"440006",1,"3) # of groups=5",5,7,2,2,2,"-0.47478247581018607","-0.046338716206304899"
"440007",1,"2) # of groups=4",4,1,3,3,3,"-0.022763445810428107","0.25849819576305599"
"440008",0,"",2,0,NA,NA,NA,"-1.741457859899437","NA"
"440009",1,"3) # of groups=5",5,6,3,4,4,"0.22271035828507788","0.46538913282487099"
"440011",1,"3) # of groups=5",5,6,1,2,2,"-0.37988000171941966","-0.90363537829864204"
"440012",1,"3) # of groups=5",5,7,3,2,2,"-0.62918193300023439","0.15945190019618999"
"440015",1,"3) # of groups=5",5,8,2,4,4,"0.15137845547342232","-0.142503301066844"
"440016",1,"2) # of groups=4",4,2,4,4,4,"0.30978455622171286","0.77058728066468596"
"440017",1,"3) # of groups=5",5,7,1,2,2,"-0.32983798364459077","-0.54162834432592299"
"440018",1,"3) # of groups=5",5,3,1,2,2,"-0.44212439629586769","-0.409672869468858"
"440020",1,"3) # of groups=5",5,3,2,3,3,"-0.12267364872169187","0.0441294343105086"
"440029",1,"3) # of groups=5",5,8,3,5,5,"0.45578672905634188","0.48811681938622897"
"440030",1,"3) # of groups=5",5,6,3,2,2,"-0.51351315090605931","0.23785507028479"
"440031",1,"3) # of groups=5",5,3,4,4,4,"0.39872172461418687","0.82638314494860199"
"440032",0,"",2,0,NA,NA,NA,"0.70883198607322195","NA"
"440033",1,"2) # of groups=4",4,3,2,3,3,"0.0059598299770830948","0.000318254307281071"
"440034",1,"3) # of groups=5",5,7,3,4,4,"0.32227119878119742","0.35960161313752098"
"440035",1,"3) # of groups=5",5,6,2,1,1,"-1.0531406116640787","0.117944752011722"
"440039",1,"3) # of groups=5",5,8,2,5,5,"0.49560574592953066","-0.113353402449278"
"440046",1,"3) # of groups=5",5,6,3,3,3,"0.058697513603056313","0.461575243218391"
"440048",1,"3) # of groups=5",5,8,1,3,3,"-0.16847544914645685","-0.92005652773509194"
"440049",1,"3) # of groups=5",5,8,3,3,3,"-0.1767606609549606","0.16926859379373299"
"440050",1,"3) # of groups=5",5,6,1,2,2,"-0.57353913462904704","-0.36219095981360999"
"440053",1,"3) # of groups=5",5,7,2,3,3,"-0.013970484943674652","-0.14203084032202501"
"440056",1,"2) # of groups=4",4,2,2,2,2,"-0.27556542350020524","-0.062377186075452298"
"440057",0,"",3,2,4,NA,NA,"-0.78159647706178303","0.67803567324911496"
"440058",1,"3) # of groups=5",5,4,2,3,3,"-0.20646917094622391","-0.24140814452224599"
"440059",1,"3) # of groups=5",5,7,2,2,2,"-0.36424139159822611","-0.19675440523545401"
"440060",0,"",3,1,3,NA,NA,"0.33374758176991953","0.13509605254229501"
"440061",1,"2) # of groups=4",4,2,1,2,2,"-0.70702987301377518","-0.53134645538910397"
"440063",1,"3) # of groups=5",5,7,2,1,1,"-0.89277745830344135","-0.28664873247495898"
"440065",1,"2) # of groups=4",4,2,4,3,3,"0.17572270980728311","0.53866026456570903"
"440068",1,"3) # of groups=5",5,4,4,3,3,"-0.11117701907410395","0.55793025030946097"
"440072",1,"3) # of groups=5",5,3,2,4,4,"0.17978849483483031","0.13215937395441699"
"440073",1,"3) # of groups=5",5,7,2,3,3,"-0.19395211773525342","0.040951145663597803"
"440081",1,"3) # of groups=5",5,3,4,5,5,"0.63342337180919583","0.78136403476799199"
"440082",1,"3) # of groups=5",5,8,3,3,3,"-0.12775647162675341","0.23611445891436"
"440084",1,"3) # of groups=5",5,3,1,1,1,"-1.128518955743997","-0.93633885696582198"
"440091",1,"3) # of groups=5",5,8,4,5,5,"0.49271327916335383","0.55755794102077005"
"440102",1,"2) # of groups=4",4,2,3,3,3,"-0.07236910764229107","0.25772997485724097"
"440104",1,"3) # of groups=5",5,8,2,4,4,"0.12029752792177689","0.081207392292873395"
"440109",1,"2) # of groups=4",4,2,1,2,2,"-0.72638169377884965","-0.575899599694084"
"440110",1,"3) # of groups=5",5,3,2,4,4,"0.30274595436024671","0.073476548886050805"
"440111",1,"1) # of groups=3",3,3,4,4,4,"0.18760417417351616","0.89991138361621403"
"440120",1,"3) # of groups=5",5,7,4,3,3,"-0.17548850005528499","0.88602467648244898"
"440125",1,"3) # of groups=5",5,8,4,3,3,"-0.26211530567347185","0.63982282892828801"
"440130",1,"2) # of groups=4",4,2,2,4,4,"0.38240646198017436","-0.079537631279398002"
"440131",1,"2) # of groups=4",4,1,4,3,3,"0.19603187330174282","1.1592742223455501"
"440132",1,"3) # of groups=5",5,3,1,3,3,"0.033226635460170302","-1.5515288768714199"
"440137",1,"2) # of groups=4",4,2,1,4,4,"0.3775719409698004","-0.36059843897039401"
"44013F",1,"3) # of groups=5",5,3,1,3,3,"-0.20344383573023844","-1.8164725128225301"
"440144",1,"3) # of groups=5",5,4,3,3,3,"-0.16545550296945638","0.26128026863343801"
"440148",0,"",2,0,NA,NA,NA,"0.45922393239265857","NA"
"440150",1,"3) # of groups=5",5,7,4,4,4,"0.1066002724460117","0.536227316960596"
"440151",1,"2) # of groups=4",4,1,3,3,3,"0.057790583213305116","0.32019926737343701"
"440152",1,"2) # of groups=4",4,6,1,1,1,"-1.1007487201166799","-0.56718344126338704"
"440153",1,"3) # of groups=5",5,3,4,4,4,"0.15112888668387842","0.53216325707406897"
"440156",1,"3) # of groups=5",5,8,4,4,4,"0.14050929040775165","0.63823468163215602"
"440161",1,"3) # of groups=5",5,8,4,4,4,"0.14847183122399144","0.59345976893901597"
"44016F",1,"3) # of groups=5",5,4,2,5,5,"0.86340729847285547","0.114425092005544"
"440173",1,"3) # of groups=5",5,7,3,3,3,"0.024557555304852936","0.21627330808978201"
"440175",1,"2) # of groups=4",4,2,4,3,3,"-0.0027423041964089179","0.77058728066468596"
"440176",0,"",3,2,4,NA,NA,"0.33420306733135513","0.73973674485949603"
"44017F",0,"",2,1,3,NA,NA,"1.4925024825453892","0.38190033898381798"
"440183",1,"3) # of groups=5",5,8,2,1,1,"-0.91637532202965077","-0.22942236747939099"
"440184",1,"3) # of groups=5",5,5,2,3,3,"0.031627479082490209","0.040611950570167997"
"440185",1,"3) # of groups=5",5,7,1,2,2,"-0.50311787234601701","-0.59261825212027797"
"440187",1,"3) # of groups=5",5,3,1,2,2,"-0.6148192463089639","-0.98920760927798701"
"44018F",1,"3) # of groups=5",5,4,2,4,4,"0.41492581172445853","-0.057186218811880303"
"440192",0,"",2,1,2,NA,NA,"0.0019434434027690572","0.073394980931914405"
"440193",1,"3) # of groups=5",5,5,3,5,5,"0.43305439668334827","0.18596674593627999"
"440194",1,"3) # of groups=5",5,7,3,4,4,"0.2382725314781286","0.38594395543497001"
"440197",1,"3) # of groups=5",5,6,3,4,4,"0.066053140247385733","0.1896143909146"
"440200",0,"",1,0,NA,NA,NA,"1.0007980350814181","NA"
"440227",1,"3) # of groups=5",5,6,4,4,4,"0.10795664087683672","0.75222212874857997"
"440228",1,"3) # of groups=5",5,6,3,1,1,"-0.73064785346532368","0.31743484521457299"
"440238",0,"",1,0,NA,NA,NA,"-0.46683038794729093","NA"
"441300",0,"",1,0,NA,NA,NA,"0.35123923738913548","NA"
"441301",0,"",1,0,NA,NA,NA,"0.42066381657850516","NA"
"441303",0,"",1,0,NA,NA,NA,"-1.5144598814293617","NA"
"441304",0,"",1,0,NA,NA,NA,"1.1636638954701499","NA"
"441305",1,"1) # of groups=3",3,0,NA,3,3,"-0.17716526329704457","NA"
"441306",0,"",1,0,NA,NA,NA,"1.2524410294542234","NA"
"441307",1,"2) # of groups=4",4,1,4,4,4,"0.26069499916630789","1.1592742223455501"
"441309",0,"",3,0,NA,NA,NA,"0.41713779864250644","NA"
"441310",1,"2) # of groups=4",4,0,NA,2,2,"-0.21291008512354509","NA"
"441313",0,"",1,0,NA,NA,NA,"0.28625046566217599","NA"
"441314",0,"",1,0,NA,NA,NA,"-0.39006895111365936","NA"
"441316",0,"",1,0,NA,NA,NA,"0.13607595706144149","NA"
"441320",0,"",1,0,NA,NA,NA,"0.48095403264073699","NA"
"441322",0,"",1,0,NA,NA,NA,"-0.21140467220198739","NA"
"441323",0,"",1,0,NA,NA,NA,"0.66611856676182002","NA"
"450002",1,"3) # of groups=5",5,7,4,2,2,"-0.53238508253910133","0.61326187143670996"
"450007",1,"3) # of groups=5",5,5,2,4,4,"0.17403373154978372","-0.16958379177406299"
"450010",1,"3) # of groups=5",5,7,1,3,3,"-0.1575850653126554","-0.38841272435796498"
"450011",1,"3) # of groups=5",5,7,1,2,2,"-0.55343194646903671","-0.73307726737894696"
"450015",1,"3) # of groups=5",5,7,1,3,3,"-0.22689893278021539","-0.57739105274507796"
"450018",1,"3) # of groups=5",5,7,1,3,3,"-0.18714740961369103","-0.66943897126543905"
"450021",1,"3) # of groups=5",5,8,2,4,4,"0.31758905640887264","-0.21128057339150699"
"450023",1,"3) # of groups=5",5,6,4,3,3,"0.031779629968472195","0.88001975943686095"
"450024",1,"3) # of groups=5",5,6,1,3,3,"-0.22965132914556541","-0.36195256239901402"
"450028",1,"3) # of groups=5",5,7,4,3,3,"0.042690028014116477","0.74322785607953601"
"450029",1,"3) # of groups=5",5,6,4,4,4,"0.10637553841314848","0.85297501274586496"
"450032",1,"3) # of groups=5",5,3,4,4,4,"0.24902797170171287","0.82348207748905899"
"450033",1,"3) # of groups=5",5,8,2,2,2,"-0.38580953978149257","-0.10379971901973301"
"450034",1,"3) # of groups=5",5,7,3,4,4,"0.092174815244531694","0.44964876646677099"
"450035",1,"3) # of groups=5",5,5,4,3,3,"-0.019032774162028421","0.69944153213004301"
"450039",1,"3) # of groups=5",5,7,2,4,4,"0.29972308496745859","-0.28564453381900601"
"450040",1,"3) # of groups=5",5,6,3,3,3,"-0.19480867611389346","0.20290508518603201"
"450042",1,"3) # of groups=5",5,6,2,2,2,"-0.36030014931168686","0.093857799534336497"
"450044",1,"3) # of groups=5",5,8,2,4,4,"0.14708139662820272","0.0078570529326009702"
"450046",1,"3) # of groups=5",5,7,3,3,3,"0.06072823310127496","0.47665558381977702"
"450051",1,"3) # of groups=5",5,7,3,3,3,"-0.014274272248251202","0.27032620105575"
"450054",1,"3) # of groups=5",5,8,2,5,5,"0.52799633776311339","0.053575757277392402"
"450055",0,"",3,2,4,NA,NA,"0.26174593025562137","0.64718513744392503"
"450056",1,"3) # of groups=5",5,7,2,3,3,"-0.099918033409349058","0.084294774552124904"
"450058",1,"3) # of groups=5",5,8,3,3,3,"-0.094203573962565207","0.47765799582035401"
"450064",1,"3) # of groups=5",5,6,3,4,4,"0.18773509824220763","0.43910396421659198"
"450068",1,"3) # of groups=5",5,7,3,4,4,"0.16672020891499356","0.19060006168091101"
"450072",1,"3) # of groups=5",5,4,4,4,4,"0.33039055296219211","0.75244060229794296"
"450079",1,"3) # of groups=5",5,6,3,5,5,"0.60645736559470942","0.33587050231555299"
"450080",1,"2) # of groups=4",4,2,1,3,3,"0.042250589838215433","-0.49783370867347299"
"450082",1,"2) # of groups=4",4,2,4,2,2,"-0.20459343006350691","0.64718513744392503"
"450083",1,"3) # of groups=5",5,7,2,2,2,"-0.68629283063628643","0.127929156621295"
"450087",1,"3) # of groups=5",5,5,1,2,2,"-0.28923177111132714","-0.65318018233004105"
"450090",1,"3) # of groups=5",5,3,1,4,4,"0.26296581130556684","-0.74577347746926403"
"450092",1,"3) # of groups=5",5,3,4,3,3,"-0.15541960162819979","1.00520480608699"
"450097",1,"3) # of groups=5",5,8,4,3,3,"-0.25910201755797435","0.58692532227899497"
"450101",1,"3) # of groups=5",5,8,3,4,4,"0.40895219063197585","0.40064427384006501"
"450102",1,"3) # of groups=5",5,8,3,4,4,"0.31627035814778709","0.13811787066745501"
"450104",1,"3) # of groups=5",5,5,1,2,2,"-0.61702567411608766","-0.49239560668762999"
"450107",1,"3) # of groups=5",5,8,4,2,2,"-0.33244302839544831","0.54696972999678195"
"450108",1,"2) # of groups=4",4,1,3,3,3,"0.14676517333226866","0.13509605254229501"
"450119",1,"3) # of groups=5",5,6,2,4,4,"0.099907819138246146","-0.147597349144585"
"450124",1,"3) # of groups=5",5,7,3,4,4,"0.12091710430391812","0.16146000306632699"
"450128",1,"3) # of groups=5",5,6,4,5,5,"0.66939634414911786","0.86732444784735296"
"450132",1,"3) # of groups=5",5,6,1,3,3,"-0.26348684666240768","-0.376738687754478"
"450133",1,"3) # of groups=5",5,6,1,1,1,"-0.86534815158159406","-0.45470182164203898"
"450135",1,"3) # of groups=5",5,7,4,4,4,"0.39554522375950174","0.62017320734145598"
"450137",1,"3) # of groups=5",5,7,3,4,4,"0.11173430380571396","0.178712575871009"
"450143",0,"",1,0,NA,NA,NA,"-0.64014854797145859","NA"
"450144",0,"",3,1,2,NA,NA,"0.16187951495806835","0.0116939093215337"
"450147",1,"3) # of groups=5",5,6,1,2,2,"-0.46972488056135886","-1.03197740491854"
"450148",1,"3) # of groups=5",5,3,4,5,5,"0.72179106366213364","0.83611367901968303"
"450152",1,"3) # of groups=5",5,5,3,3,3,"-0.21058903814674293","0.47671083511344797"
"450154",1,"2) # of groups=4",4,2,4,3,3,"-0.061598461797818749","0.73973674485949603"
"450155",0,"",2,0,NA,NA,NA,"-0.042856555813101549","NA"
"450162",0,"",3,2,1,NA,NA,"0.062589514620011388","-0.52744339616893399"
"450163",1,"2) # of groups=4",4,2,3,2,2,"-0.17448696061680127","0.46208192261278302"
"450165",1,"2) # of groups=4",4,2,4,3,3,"0.13139943534610043","0.67803567324911496"
"450176",1,"3) # of groups=5",5,6,2,4,4,"0.15347470480786954","0.072610273349429405"
"450184",1,"3) # of groups=5",5,8,2,3,3,"-0.13594412147472218","0.024881806413395002"
"450193",1,"3) # of groups=5",5,7,2,4,4,"0.23774807895128275","0.0263071771227151"
"450194",0,"",3,2,4,NA,NA,"0.15997469573479417","0.73973674485949603"
"450196",1,"3) # of groups=5",5,7,2,1,1,"-0.75641933508347148","-0.023294841684552699"
"450200",0,"",2,0,NA,NA,NA,"0.00207939467713536","NA"
"450203",1,"3) # of groups=5",5,6,3,2,2,"-0.34935016113699624","0.35390133191210199"
"450209",1,"3) # of groups=5",5,7,2,3,3,"-0.22810201178790293","-0.148642880761027"
"450210",1,"1) # of groups=3",3,0,NA,5,5,"0.86545960566937308","NA"
"450211",1,"3) # of groups=5",5,6,2,2,2,"-0.28436050631039911","0.013979898831179199"
"450213",1,"3) # of groups=5",5,7,3,3,3,"-0.15245191714656048","0.45575945119849098"
"450222",1,"3) # of groups=5",5,6,1,2,2,"-0.4807980950407259","-0.34996260829548398"
"450229",1,"3) # of groups=5",5,8,3,3,3,"-0.011372265370433256","0.23734536878972301"
"450231",1,"3) # of groups=5",5,8,3,2,2,"-0.45135542613889268","0.14380066967022101"
"450235",0,"",3,1,3,NA,NA,"0.14770800397886805","0.13509605254229501"
"450236",1,"3) # of groups=5",5,3,4,4,4,"0.3600322589832809","0.90236968673635298"
"450237",1,"3) # of groups=5",5,8,1,3,3,"-0.25190857155394131","-0.43494712330861102"
"450241",0,"",2,1,2,NA,NA,"-0.20893770628004016","-0.235110377119989"
"450253",0,"",3,0,NA,NA,NA,"0.25967556719165108","NA"
"450272",1,"3) # of groups=5",5,3,4,4,4,"0.24455954366514829","1.1878497177979901"
"450289",1,"3) # of groups=5",5,7,1,3,3,"-0.16003117477442746","-0.45711073921178602"
"450292",0,"",3,2,4,NA,NA,"0.24668273384743919","0.64718513744392503"
"450324",1,"3) # of groups=5",5,7,3,4,4,"0.12846387152875913","0.216391975786172"
"450330",1,"3) # of groups=5",5,4,4,3,3,"0.042400572646587614","0.60907813619814799"
"450346",1,"3) # of groups=5",5,6,3,3,3,"-0.20483729188719055","0.39454707559519298"
"450347",1,"3) # of groups=5",5,4,2,2,2,"-0.38835669496833453","-0.24874484780943201"
"450351",1,"2) # of groups=4",4,2,3,4,4,"0.2913578508347559","0.49293245841797301"
"450352",1,"3) # of groups=5",5,7,1,2,2,"-0.3499323093639698","-0.88287159121612102"
"450358",1,"3) # of groups=5",5,8,4,5,5,"0.85655775451683314","0.71173681940743705"
"450369",0,"",3,2,2,NA,NA,"0.5597749835669984","0.095110902995228105"
"450370",1,"2) # of groups=4",4,1,3,2,2,"-0.33870700588940422","0.196797124152676"
"450372",1,"3) # of groups=5",5,4,1,4,4,"0.41289733787109772","-0.58703367597296496"
"450379",1,"2) # of groups=4",4,2,2,3,3,"-0.022108990151669686","-0.050475013868277199"
"450388",1,"3) # of groups=5",5,8,3,4,4,"0.070716965655625227","0.18595595965867301"
"450389",1,"3) # of groups=5",5,5,1,2,2,"-0.46510541160510038","-0.73872141735964603"
"450395",1,"2) # of groups=4",4,2,4,4,4,"0.30990273829775822","0.73973674485949603"
"450399",0,"",1,0,NA,NA,NA,"-0.35601440288744252","NA"
"450400",0,"",2,1,3,NA,NA,"0.34631643210752261","0.25849819576305599"
"450403",1,"3) # of groups=5",5,7,3,3,3,"-0.039954986599003831","0.42611346248136001"
"450411",0,"",1,0,NA,NA,NA,"-0.026420259538340762","NA"
"450419",1,"2) # of groups=4",4,2,3,4,4,"0.65417371228533816","0.25646412839328497"
"450422",0,"",3,2,3,NA,NA,"0.05091990675121677","0.30083177446346998"
"450424",1,"3) # of groups=5",5,6,4,5,5,"0.82875761886295607","0.54782654208027504"
"450431",1,"3) # of groups=5",5,7,3,4,4,"0.27496820118694876","0.193879494190112"
"450447",1,"3) # of groups=5",5,4,3,2,2,"-0.41466051706184576","0.39360548532761602"
"450451",0,"",3,0,NA,NA,NA,"0.15363569015351738","NA"
"450460",0,"",1,0,NA,NA,NA,"0.39743747165528454","NA"
"450462",1,"3) # of groups=5",5,8,4,4,4,"0.34816149723829004","0.58661037086845103"
"450465",1,"2) # of groups=4",4,2,4,5,5,"0.81886620977849722","0.77058728066468596"
"450469",1,"2) # of groups=4",4,2,1,2,2,"-0.23280818624579896","-0.45977964803213101"
"450475",1,"2) # of groups=4",4,2,4,5,5,"0.80217888009350602","0.64718513744392503"
"450484",1,"3) # of groups=5",5,7,3,3,3,"-0.21494620801743772","0.28021358917890798"
"450489",0,"",1,0,NA,NA,NA,"-0.2037865600085555","NA"
"450498",0,"",1,0,NA,NA,NA,"0.45843616791126685","NA"
"450508",1,"3) # of groups=5",5,4,3,2,2,"-0.37358818499323887","0.28248029879106401"
"450518",1,"3) # of groups=5",5,3,3,3,3,"-0.16937088079278151","0.27752907812463801"
"450537",1,"3) # of groups=5",5,6,2,4,4,"0.067269363374234184","0.106517365683877"
"450539",1,"2) # of groups=4",4,2,4,4,4,"0.34623416988772998","0.801437816469876"
"450563",1,"3) # of groups=5",5,8,2,4,4,"0.32429258981212294","-0.27031692810794999"
"450565",1,"3) # of groups=5",5,3,1,3,3,"0.053896612397316676","-1.05610044370851"
"450571",1,"3) # of groups=5",5,8,2,3,3,"-0.011852911187779078","0.010962746249650501"
"450573",1,"2) # of groups=4",4,0,NA,4,4,"0.45765957706945992","NA"
"450584",0,"",3,1,3,NA,NA,"-0.3768248536773014","0.196797124152676"
"450587",1,"3) # of groups=5",5,4,1,1,1,"-0.86611782438209428","-0.32456111603032201"
"450596",1,"3) # of groups=5",5,3,3,3,3,"-0.051986313388784143","0.26300879422309598"
"450597",1,"2) # of groups=4",4,1,3,4,4,"0.39586075412773408","0.196797124152676"
"450604",1,"3) # of groups=5",5,4,4,4,4,"0.2682024741586716","0.91039387753434797"
"45060F",1,"2) # of groups=4",4,2,1,5,5,"0.70504357191330547","-0.419267224825838"
"450610",1,"3) # of groups=5",5,7,3,4,4,"0.34594197116966885","0.43331843814152898"
"450617",1,"3) # of groups=5",5,8,3,4,4,"0.13729843513887144","0.30089034900140299"
"450634",1,"3) # of groups=5",5,7,4,4,4,"0.21510879878025047","0.911889263989341"
"450638",1,"3) # of groups=5",5,6,3,2,2,"-0.27940846440758821","0.31400427497979599"
"450639",1,"3) # of groups=5",5,7,4,4,4,"0.084985228506826105","0.58542447510638396"
"450641",1,"1) # of groups=3",3,0,NA,1,1,"-1.5827370952630133","NA"
"450643",1,"3) # of groups=5",5,6,4,4,4,"0.23538455217242463","0.54276533502063695"
"450644",1,"3) # of groups=5",5,6,1,1,1,"-0.73072137121849423","-0.51984633549143799"
"450647",1,"3) # of groups=5",5,8,2,3,3,"-0.25228790291939801","-0.050952413395023599"
"450651",1,"3) # of groups=5",5,8,3,3,3,"-0.10967915728143843","0.40870034008411499"
"450653",0,"",3,2,4,NA,NA,"-0.21542120825146188","0.61633460163873499"
"450654",1,"2) # of groups=4",4,0,NA,2,2,"-0.69117765181386459","NA"
"450656",1,"3) # of groups=5",5,6,3,3,3,"-0.10014341378300545","0.14399330066799099"
"450658",0,"",3,0,NA,NA,NA,"0.41962263573265851","NA"
"450659",1,"3) # of groups=5",5,7,2,4,4,"0.087627424718926178","-0.0049738096113464501"
"450661",1,"3) # of groups=5",5,4,2,3,3,"-0.21441792723435552","-0.231403432515802"
"450662",1,"3) # of groups=5",5,7,2,2,2,"-0.37302666307369364","0.00215467783512199"
"450668",1,"3) # of groups=5",5,7,2,2,2,"-0.46952852642971921","-0.027751736981919899"
"450669",1,"3) # of groups=5",5,5,1,3,3,"-0.094774407420308349","-0.57869715829128598"
"45066F",1,"3) # of groups=5",5,3,3,3,3,"0.0066819597540527104","0.48270000293163101"
"450670",1,"3) # of groups=5",5,7,4,3,3,"-0.17157872409386024","0.62465156466840699"
"450672",1,"3) # of groups=5",5,7,2,2,2,"-0.54803558890487603","-0.093695236326551204"
"450674",1,"1) # of groups=3",3,6,3,4,4,"0.23737260715363256","0.46181368289140401"
"450675",1,"3) # of groups=5",5,7,2,2,2,"-0.43217248451177681","-0.11602054530856699"
"450677",1,"3) # of groups=5",5,6,2,3,3,"-0.019338465178320573","0.125841179455284"
"450678",1,"1) # of groups=3",3,2,3,2,2,"-0.52782006550594918","0.18442710036606999"
"450684",1,"3) # of groups=5",5,7,2,3,3,"-0.069650985590262449","-0.220587383455004"
"450686",1,"3) # of groups=5",5,7,2,2,2,"-0.50025322798194782","0.0058850965998314703"
"450688",1,"3) # of groups=5",5,5,3,3,3,"-0.24412091792254867","0.44453191352649901"
"450690",1,"2) # of groups=4",4,0,NA,4,4,"0.42390737584780391","NA"
"450694",1,"2) # of groups=4",4,1,2,3,3,"0.079783287243661571","0.073394980931914405"
"450698",0,"",1,0,NA,NA,NA,"-0.95802708046518703","NA"
"450702",1,"3) # of groups=5",5,8,3,3,3,"-0.019558653127750833","0.48784245761567602"
"450709",1,"3) # of groups=5",5,6,4,5,5,"0.75817137579092275","0.95534065180421202"
"450711",1,"3) # of groups=5",5,6,1,4,4,"0.09929800592660884","-0.34747664658608401"
"450713",1,"3) # of groups=5",5,7,2,3,3,"-0.030155825622332291","0.0524351483275124"
"450718",1,"3) # of groups=5",5,6,3,3,3,"-0.11174241808557615","0.19977279714649501"
"450723",1,"3) # of groups=5",5,7,2,3,3,"-0.14021253244870399","-0.072365138860966197"
"450730",1,"3) # of groups=5",5,4,3,2,2,"-0.56475101333073685","0.34614991532670297"
"450742",1,"3) # of groups=5",5,8,4,4,4,"0.12321169747743548","0.65220847548761296"
"450743",1,"3) # of groups=5",5,6,4,5,5,"0.76618306491444044","0.94463503391034798"
"450747",1,"3) # of groups=5",5,4,4,1,1,"-0.79825673921958096","0.74915947877032096"
"45074F",1,"3) # of groups=5",5,4,3,5,5,"0.42500916465924993","0.40405685626648102"
"450755",0,"",1,0,NA,NA,NA,"0.80552608939745329","NA"
"450771",1,"3) # of groups=5",5,8,3,4,4,"0.15950720034736657","0.37153279143349299"
"450774",0,"",3,2,4,NA,NA,"0.46991459796457657","0.68157487989568499"
"450775",1,"3) # of groups=5",5,7,3,3,3,"-0.034962250433420959","0.308063188380786"
"450779",1,"3) # of groups=5",5,8,4,5,5,"0.72806279270900454","0.538804423586699"
"450788",1,"3) # of groups=5",5,7,3,4,4,"0.20262088496742336","0.28501367178852399"
"450801",1,"3) # of groups=5",5,8,3,3,3,"-0.11952860754283318","0.33539611203661202"
"450804",0,"",3,2,4,NA,NA,"1.6932587493714664","2.2143244858898701"
"450808",0,"",3,1,3,NA,NA,"-0.011425692725288261","0.443601410594198"
"450809",1,"3) # of groups=5",5,8,4,3,3,"0.054951730905993014","0.68872775512064699"
"450820",1,"3) # of groups=5",5,8,2,5,5,"0.61354805688411873","-0.15554909058861"
"450822",1,"3) # of groups=5",5,4,3,4,4,"0.16268824697389367","0.15184673284515399"
"450825",0,"",2,1,2,NA,NA,"-0.49745824189329885","0.073394980931914405"
"450827",0,"",3,2,2,NA,NA,"0.43694915089778052","-0.193232493322335"
"450828",1,"3) # of groups=5",5,3,3,3,3,"0.06247502269710372","0.49883889280451299"
"450831",0,"",0,0,NA,NA,NA,"-2.7914858076304001","NA"
"450833",0,"",3,1,2,NA,NA,"-0.18879033639124382","0.073394980931914405"
"450834",0,"",3,2,4,NA,NA,"-0.80828112157439702","1.07255086449599"
"450840",1,"3) # of groups=5",5,4,4,4,4,"0.41227566395979004","0.53952378374805998"
"450844",1,"3) # of groups=5",5,7,4,5,5,"0.77500059457264658","0.55897215505751796"
"450847",1,"3) # of groups=5",5,7,3,3,3,"-0.084494993306222177","0.46105526997775997"
"450848",1,"3) # of groups=5",5,6,4,4,4,"0.17607440161408297","0.53016529326046002"
"450851",1,"2) # of groups=4",4,2,4,5,5,"0.70377862118225187","0.53324465812362698"
"450853",1,"2) # of groups=4",4,4,2,3,3,"-0.14228733936609014","-0.16342577663626201"
"450855",1,"3) # of groups=5",5,6,3,4,4,"0.10218336194415885","0.52264452370027203"
"450856",0,"",3,2,3,NA,NA,"0.49002195727819398","0.20797637044605899"
"450860",0,"",3,2,2,NA,NA,"0.33779799009096212","-0.28548030413606601"
"450862",1,"3) # of groups=5",5,7,1,3,3,"0.054887803762957002","-0.43385089499624702"
"450864",1,"2) # of groups=4",4,3,4,5,5,"0.93128417827941501","0.98689598778062604"
"450865",0,"",2,1,2,NA,NA,"0.3339678862212116","0.073394980931914405"
"450867",1,"3) # of groups=5",5,3,3,4,4,"0.20965815076548922","0.45655266335678302"
"450869",1,"3) # of groups=5",5,8,3,3,3,"-0.16143808390449685","0.415279064203534"
"45086F",1,"3) # of groups=5",5,3,1,5,4,"0.74422962709201657","-0.39274757091478901"
"450872",0,"",3,2,4,NA,NA,"0.11766696735412002","0.770229964251544"
"450874",0,"",3,2,3,NA,NA,"0.090297168782526596","0.49631976676362199"
"450875",0,"",3,2,3,NA,NA,"0.40738329761693232","0.26982934035736"
"450876",1,"3) # of groups=5",5,3,2,2,2,"-0.33710756055485325","0.114953990585731"
"450880",0,"",3,2,1,NA,NA,"-0.18329896177285671","-2.1481124163238601"
"450883",0,"",3,2,3,NA,NA,"0.052949098439625392","0.46546923095843201"
"450885",1,"3) # of groups=5",5,3,4,5,5,"0.59414638117864815","0.78560974522206395"
"450888",0,"",3,2,3,NA,NA,"0.52632827723997044","0.18766251041079901"
"450889",0,"",3,2,3,NA,NA,"1.036157611232073","0.41400103851614101"
"450890",1,"3) # of groups=5",5,7,3,4,4,"0.30620098886203351","0.44777966043720902"
"450891",0,"",3,2,3,NA,NA,"0.29633040862026172","0.39309714970775"
"450893",1,"2) # of groups=4",4,1,3,5,5,"0.83363645350891302","0.50530248220457896"
"45090F",1,"3) # of groups=5",5,4,4,5,5,"0.45910573813880318","0.59909988423489802"
"451300",0,"",1,0,NA,NA,NA,"-0.39439918695610587","NA"
"451301",0,"",0,0,NA,NA,NA,"-0.596022741099","NA"
"451303",0,"",1,0,NA,NA,NA,"-0.29447897025830705","NA"
"451304",0,"",0,0,NA,NA,NA,"1.65376820670495","NA"
"451305",0,"",1,0,NA,NA,NA,"1.7016489222615701","NA"
"451306",0,"",1,0,NA,NA,NA,"-0.058347279048561795","NA"
"451307",0,"",0,0,NA,NA,NA,"-0.73841853332555696","NA"
"451308",0,"",0,0,NA,NA,NA,"0.38790787351229028","NA"
"451310",0,"",0,0,NA,NA,NA,"-0.74506214900793244","NA"
"451311",0,"",1,0,NA,NA,NA,"0.043319982643398466","NA"
"451312",0,"",0,0,NA,NA,NA,"0.55809509683805958","NA"
"451313",0,"",1,0,NA,NA,NA,"1.2661242012494101","NA"
"451314",0,"",0,0,NA,NA,NA,"0.062893146613406198","NA"
"451315",0,"",1,0,NA,NA,NA,"0.6693165474377536","NA"
"451316",0,"",1,0,NA,NA,NA,"1.3176753602489399","NA"
"451317",0,"",0,0,NA,NA,NA,"1.24146127859953","NA"
"451318",0,"",0,0,NA,NA,NA,"2.1576807358851799","NA"
"451319",0,"",2,1,2,NA,NA,"0.33150374585690179","-0.0025009971296588601"
"451320",0,"",1,0,NA,NA,NA,"-0.37560310362760302","NA"
"451322",0,"",1,0,NA,NA,NA,"1.46279534966046","NA"
"451323",1,"2) # of groups=4",4,0,NA,4,4,"0.48547824950917362","NA"
"451324",0,"",0,0,NA,NA,NA,"0.67193239193360899","NA"
"451325",0,"",0,0,NA,NA,NA,"2.2002062051112001","NA"
"451328",0,"",0,0,NA,NA,NA,"1.48376739224647","NA"
"451329",0,"",0,0,NA,NA,NA,"1.93734374112839","NA"
"451330",0,"",1,1,1,NA,NA,"-1.1465255033108204","-4.4066344613421897"
"451331",0,"",1,0,NA,NA,NA,"-0.009487523563868519","NA"
"451332",0,"",1,0,NA,NA,NA,"0.23359539978527599","NA"
"451333",0,"",2,0,NA,NA,NA,"0.66163950622403711","NA"
"451334",0,"",0,0,NA,NA,NA,"-0.59391297667179299","NA"
"451337",0,"",1,0,NA,NA,NA,"-0.43047200727233154","NA"
"451338",0,"",1,0,NA,NA,NA,"0.86004991727067204","NA"
"451340",0,"",0,0,NA,NA,NA,"0.20704866659535001","NA"
"451341",0,"",1,0,NA,NA,NA,"0.27870792224959628","NA"
"451342",0,"",1,0,NA,NA,NA,"0.65148845417858536","NA"
"451343",0,"",1,0,NA,NA,NA,"0.51518633145606296","NA"
"451344",0,"",0,0,NA,NA,NA,"-1.2840630485770879","NA"
"451346",1,"1) # of groups=3",3,0,NA,3,3,"0.0034112214805489399","NA"
"451347",0,"",2,0,NA,NA,NA,"-0.71436509975504769","NA"
"451349",0,"",0,0,NA,NA,NA,"1.26141169088688","NA"
"451350",0,"",0,0,NA,NA,NA,"0.150898448142647","NA"
"451351",0,"",0,0,NA,NA,NA,"-0.43246824316432225","NA"
"451352",0,"",1,0,NA,NA,NA,"1.31433739174727","NA"
"451353",0,"",0,0,NA,NA,NA,"1.4097703592070101","NA"
"451354",0,"",1,0,NA,NA,NA,"-0.91731344703973239","NA"
"451355",0,"",1,0,NA,NA,NA,"-0.43551163865886822","NA"
"451356",1,"1) # of groups=3",3,0,NA,4,4,"0.4307240444645451","NA"
"451359",0,"",1,0,NA,NA,NA,"0.97875650575528128","NA"
"451361",0,"",1,0,NA,NA,NA,"0.077694355575787022","NA"
"451362",0,"",0,0,NA,NA,NA,"-0.50462389201762659","NA"
"451363",0,"",1,0,NA,NA,NA,"-0.4303384958002433","NA"
"451364",0,"",0,0,NA,NA,NA,"0.30065053596393998","NA"
"451365",1,"1) # of groups=3",3,1,4,5,5,"0.94133016771067235","0.87831303592297005"
"451367",1,"2) # of groups=4",4,1,1,3,3,"0.057645880082969878","-1.56363644829948"
"451369",0,"",0,0,NA,NA,NA,"-1.0281835063130191","NA"
"451370",0,"",2,1,1,NA,NA,"-3.7597946578423929","-10.575772585911301"
"451371",0,"",2,0,NA,NA,NA,"0.87200248170669115","NA"
"451372",0,"",0,0,NA,NA,NA,"1.5242741548696901","NA"
"451373",0,"",1,0,NA,NA,NA,"-0.67400866779659252","NA"
"451374",0,"",3,0,NA,NA,NA,"0.96048735838037291","NA"
"451375",0,"",1,0,NA,NA,NA,"0.080000504501331143","NA"
"451376",1,"1) # of groups=3",3,0,NA,4,4,"0.53538174433470076","NA"
"451377",1,"1) # of groups=3",3,0,NA,2,2,"-0.56606004465431015","NA"
"451378",0,"",3,0,NA,NA,NA,"-0.18710105302848445","NA"
"451379",0,"",3,2,3,NA,NA,"0.18647489482143007","0.51450574166797403"
"451380",1,"2) # of groups=4",4,2,2,4,4,"0.36890914860575003","-0.26308373924818801"
"451381",0,"",1,0,NA,NA,NA,"-0.63223473203593572","NA"
"451382",1,"1) # of groups=3",3,0,NA,3,3,"-0.40513778682412266","NA"
"451384",0,"",1,0,NA,NA,NA,"-0.72979854672553868","NA"
"451385",0,"",1,0,NA,NA,NA,"0.29869173409449834","NA"
"451386",0,"",3,0,NA,NA,NA,"0.30593499437750354","NA"
"451387",1,"2) # of groups=4",4,2,2,3,3,"-0.016120193268261612","-0.177757153312843"
"451389",0,"",1,0,NA,NA,NA,"0.118541049891401","NA"
"451390",0,"",0,0,NA,NA,NA,"0.13368375181483999","NA"
"451391",0,"",1,0,NA,NA,NA,"0.2108512243832068","NA"
"451392",0,"",3,1,1,NA,NA,"0.036392057070501582","-0.74815961155245203"
"451393",0,"",1,0,NA,NA,NA,"0.51807763972847432","NA"
"451394",0,"",0,0,NA,NA,NA,"1.86224017999044","NA"
"451395",1,"2) # of groups=4",4,1,1,1,1,"-0.79712224415017174","-2.0858767512847298"
"451396",0,"",1,0,NA,NA,NA,"1.41724991779168","NA"
"451397",1,"2) # of groups=4",4,2,1,4,4,"0.43876057766594045","-0.60938212197637698"
"451398",0,"",1,0,NA,NA,NA,"0.05684416409660567","NA"
"451399",0,"",1,0,NA,NA,NA,"-0.14754192667116106","NA"
"460001",1,"3) # of groups=5",5,7,4,5,5,"0.44321741527904451","0.84580174929214402"
"460003",1,"2) # of groups=4",4,5,1,3,3,"0.047469007234354654","-0.30362397941145702"
"460004",1,"3) # of groups=5",5,7,3,5,5,"0.44689828045074742","0.41790050654100902"
"460005",1,"3) # of groups=5",5,7,4,3,3,"0.030311624371873611","0.53138120695442104"
"460006",1,"3) # of groups=5",5,8,3,5,5,"0.57338000513469445","0.43484268778617902"
"460007",1,"2) # of groups=4",4,2,4,3,3,"0.22835101849003625","0.801437816469876"
"460009",1,"3) # of groups=5",5,8,2,5,5,"0.61019026969082302","0.13389268547754299"
"460010",1,"3) # of groups=5",5,7,4,5,5,"0.72880518321523624","0.62466325693385205"
"460011",1,"3) # of groups=5",5,3,1,2,2,"-0.32694439245946194","-0.65964441970948395"
"460013",1,"3) # of groups=5",5,3,4,5,5,"0.69222277123050435","0.90933098510141497"
"460014",1,"2) # of groups=4",4,2,3,4,4,"0.42509245934125001","0.455236351790342"
"460015",1,"3) # of groups=5",5,6,2,5,5,"0.42752421564667314","0.0507006115188137"
"460017",0,"",3,1,3,NA,NA,"0.3656943582573432","0.32019926737343701"
"460019",1,"3) # of groups=5",5,3,3,2,2,"-0.30943933238467591","0.23031540078538801"
"460021",1,"3) # of groups=5",5,7,3,5,5,"0.48979722958885552","0.38736680877227803"
"460023",1,"3) # of groups=5",5,4,3,4,4,"0.32876069991183815","0.20270218719557301"
"460026",1,"2) # of groups=4",4,1,3,4,4,"0.59741071751090002","0.25849819576305599"
"46002F",1,"3) # of groups=5",5,4,1,5,4,"0.8890539334804628","-0.49556475470358402"
"460030",1,"2) # of groups=4",4,2,4,4,4,"0.64826474308343762","0.64718513744392503"
"460039",0,"",2,0,NA,NA,NA,"0.48647869357882695","NA"
"460041",1,"3) # of groups=5",5,6,4,5,5,"0.58209592419224221","0.75863828225022201"
"460042",1,"2) # of groups=4",4,2,4,5,5,"0.82625540696040534","0.986541031301018"
"460043",0,"",2,0,NA,NA,NA,"1.0002073340380326","NA"
"460044",1,"2) # of groups=4",4,2,1,5,5,"0.82289558057095058","-0.368846107666773"
"460047",1,"3) # of groups=5",5,8,3,4,4,"0.33969533336946112","0.47135369358635898"
"460051",1,"3) # of groups=5",5,6,2,4,4,"0.11732928245851212","-0.12953034778269201"
"460052",1,"3) # of groups=5",5,4,4,4,4,"0.091123072995926258","0.75305057194484004"
"460054",0,"",2,1,3,NA,NA,"0.12089171786942701","0.25849819576305599"
"460057",1,"3) # of groups=5",5,3,4,5,5,"0.66306892291675623","0.91625417008075605"
"460058",1,"3) # of groups=5",5,4,3,5,5,"0.59489707156303595","0.42437431673656301"
"460060",1,"2) # of groups=4",4,2,4,5,5,"0.76550551241263631","0.52378299422316399"
"460061",1,"2) # of groups=4",4,2,4,5,5,"0.8658793201470889","0.73973674485949603"
"460062",0,"",3,2,2,NA,NA,"0.63512578263342379","-0.24674914427129599"
"461300",0,"",2,0,NA,NA,NA,"0.69917939941392881","NA"
"461301",0,"",3,0,NA,NA,NA,"0.82508552472359409","NA"
"461302",0,"",1,0,NA,NA,NA,"-1.5451699817338942","NA"
"461303",0,"",3,0,NA,NA,NA,"0.5631654457955716","NA"
"461304",0,"",3,1,4,NA,NA,"0.88818511542226719","1.7015003183977799"
"461305",0,"",0,1,4,NA,NA,"1.5016448621656209","1.16593449887969"
"461306",1,"1) # of groups=3",3,1,1,3,3,"-0.30549831730861837","-1.2619738985115301"
"461307",0,"",3,0,NA,NA,NA,"1.0479958446486994","NA"
"461308",0,"",1,0,NA,NA,NA,"0.065512991588959402","NA"
"461309",0,"",1,0,NA,NA,NA,"-0.16575592988869137","NA"
"461310",0,"",2,0,NA,NA,NA,"0.29226960184218675","NA"
"461333",0,"",1,0,NA,NA,NA,"0.75944151337868138","NA"
"461335",0,"",2,0,NA,NA,NA,"1.0728629619601737","NA"
"470001",1,"3) # of groups=5",5,5,1,3,3,"-0.13993943622832233","-1.40056427438853"
"470003",1,"3) # of groups=5",5,8,1,4,4,"0.10480785406518167","-0.53879470546688402"
"470005",1,"3) # of groups=5",5,7,1,3,3,"-0.27440904783060083","-0.51247102574645598"
"470011",1,"3) # of groups=5",5,3,3,3,3,"-0.037532132031848311","0.51153308105571804"
"470012",1,"3) # of groups=5",5,4,1,3,3,"0.016486039176915285","-0.47989012735625802"
"47001F",1,"2) # of groups=4",4,2,4,5,5,"1.1042169434622977","0.88714385306300603"
"470024",1,"3) # of groups=5",5,3,3,4,4,"0.17260807755737204","0.37136330469731998"
"471300",0,"",1,1,1,NA,NA,"-0.83777078953667983","-1.5552582616205699"
"471301",1,"2) # of groups=4",4,1,4,5,5,"1.0209346277839966","1.1592742223455501"
"471302",0,"",2,1,1,NA,NA,"-0.25683709541676247","-2.41821148954807"
"471303",1,"2) # of groups=4",4,2,4,3,3,"0.23300802402985654","1.16260436061262"
"471304",1,"2) # of groups=4",4,1,1,1,1,"-1.0034532487996892","-2.6053243253770102"
"471305",1,"2) # of groups=4",4,2,1,2,2,"-0.36939051932937861","-0.86769473806647501"
"471306",0,"",2,1,4,NA,NA,"-0.57191743515483628","1.1592742223455501"
"471307",1,"2) # of groups=4",4,1,1,3,3,"-0.087604011187168915","-1.06373797645798"
"480001",1,"1) # of groups=3",3,2,1,2,2,"-1.2006408454814435","-0.31616140127366299"
"480002",1,"1) # of groups=3",3,0,NA,1,1,"-2.8078063656544576","NA"
"490002",1,"2) # of groups=4",4,1,4,4,4,"0.29983339226163447","1.1592742223455501"
"490004",1,"3) # of groups=5",5,7,3,5,5,"0.43837448972997362","0.45653711216524101"
"490005",1,"3) # of groups=5",5,7,4,4,4,"0.079915637541952966","0.56655999018735703"
"490007",1,"3) # of groups=5",5,6,2,4,4,"0.19677753347924662","-0.12920381713816501"
"490009",1,"3) # of groups=5",5,8,1,4,4,"0.41027236817512541","-0.54257013868695703"
"490013",1,"2) # of groups=4",4,2,4,3,3,"0.070659947748151208","0.86313888808025696"
"490017",1,"3) # of groups=5",5,7,2,3,3,"-0.084414315723738975","0.079766714579212694"
"490018",1,"3) # of groups=5",5,8,3,4,4,"0.16397129872214355","0.500367392484103"
"490019",1,"3) # of groups=5",5,3,2,2,2,"-0.45658998448340599","-0.112124917735363"
"490020",1,"3) # of groups=5",5,6,2,3,3,"0.011282134776133879","0.037606308876256898"
"490021",1,"3) # of groups=5",5,7,1,3,3,"-0.05671725012720949","-0.42622502089244002"
"490022",1,"3) # of groups=5",5,7,2,3,3,"-0.057919126380015853","0.082194476668764699"
"490023",1,"3) # of groups=5",5,3,1,3,3,"-0.1359925908966744","-0.32509550924198399"
"490024",1,"3) # of groups=5",5,8,2,3,3,"0.039426152623341502","-0.186382213034195"
"490032",1,"3) # of groups=5",5,8,2,4,4,"0.1592121619077437","-0.114983840417863"
"490033",1,"2) # of groups=4",4,2,1,2,2,"-0.17386458285146267","-0.54116033987582501"
"490037",1,"2) # of groups=4",4,2,4,3,3,"0.10473446840994985","0.77058728066468596"
"490038",1,"2) # of groups=4",4,1,3,3,3,"0.067634158799078498","0.196797124152676"
"490040",1,"3) # of groups=5",5,7,3,5,5,"0.96009972479202754","0.26969071463787098"
"490041",1,"3) # of groups=5",5,4,4,4,4,"0.24409892313050821","0.88589479741353705"
"490042",1,"3) # of groups=5",5,6,1,4,4,"0.21594604967843442","-0.41753776108875401"
"490043",1,"3) # of groups=5",5,7,4,5,5,"0.7435241315324761","0.91587640062453002"
"490044",1,"3) # of groups=5",5,8,3,4,4,"0.39929943187913897","0.39228220932827201"
"490045",1,"3) # of groups=5",5,5,4,3,3,"-0.24611845022886625","0.57209038632429099"
"490046",1,"3) # of groups=5",5,7,3,3,3,"0.013927764348768822","0.33399991986081201"
"490048",1,"3) # of groups=5",5,7,3,2,2,"-0.39676407900835298","0.25661206915815199"
"490050",1,"3) # of groups=5",5,7,2,4,4,"0.36148852590616398","-0.23120364333638599"
"490052",1,"3) # of groups=5",5,7,4,3,3,"0.021144318654434037","0.59911875198730502"
"490053",1,"3) # of groups=5",5,6,2,3,3,"-0.21860491013199515","-0.110095715006957"
"490057",1,"3) # of groups=5",5,7,2,4,4,"0.10419359032381686","0.059598349241684799"
"490059",1,"3) # of groups=5",5,8,3,5,5,"0.49446015407309629","0.18283030583611901"
"490060",1,"3) # of groups=5",5,4,4,3,3,"-0.071601362433919694","0.73248027941890903"
"490063",1,"3) # of groups=5",5,8,3,5,5,"0.75880873017783146","0.18298381361890201"
"490066",1,"3) # of groups=5",5,7,3,5,5,"0.52863964701656208","0.26417709862692001"
"490067",1,"3) # of groups=5",5,6,3,2,2,"-0.45293091179167344","0.148275596306401"
"490069",1,"3) # of groups=5",5,7,2,4,4,"0.31404754511918437","-0.011171054901804501"
"49006F",1,"2) # of groups=4",4,2,4,4,4,"0.29771781781098139","0.89752863053201704"
"490075",1,"3) # of groups=5",5,7,2,2,2,"-0.33013352669909474","-0.25785774214755902"
"490077",1,"3) # of groups=5",5,7,1,4,4,"0.30698562674634633","-0.67036072312331196"
"490084",1,"2) # of groups=4",4,2,3,4,4,"0.32208133987828008","0.21915384228578499"
"490088",1,"2) # of groups=4",4,2,4,5,5,"0.72168131781840306","0.77058728066468596"
"490089",1,"2) # of groups=4",4,2,2,4,4,"0.56415644267028919","0.0164199615804567"
"490090",1,"3) # of groups=5",5,3,3,4,4,"0.33989797158823926","0.17082061934077999"
"490092",1,"2) # of groups=4",4,2,4,3,3,"-0.094742362032020688","0.801437816469876"
"490093",1,"3) # of groups=5",5,6,4,4,4,"0.33441703225438568","0.706023989124555"
"490094",0,"",3,1,3,NA,NA,"-0.16785777404137273","0.30469918109695998"
"490097",1,"2) # of groups=4",4,1,4,4,4,"0.47711619136061134","1.1592742223455501"
"490098",1,"3) # of groups=5",5,4,3,4,4,"0.40058292111934485","0.460733741246522"
"490101",1,"3) # of groups=5",5,7,3,5,5,"0.64410719848819498","0.34206725246368103"
"490104",0,"",0,0,NA,NA,NA,"-0.89661443805153596","NA"
"490107",1,"3) # of groups=5",5,7,4,3,3,"0.055491806535168081","0.83069917730579301"
"49010F",1,"3) # of groups=5",5,4,3,5,5,"0.93539468034243511","0.27777534472527798"
"490110",1,"3) # of groups=5",5,7,2,3,3,"-0.043163107816720378","-0.19240420858622301"
"490111",1,"2) # of groups=4",4,2,4,3,3,"0.088351363592754292","0.70888620905430599"
"490112",1,"3) # of groups=5",5,8,3,4,4,"0.19022463098824244","0.28698767926429303"
"490113",1,"3) # of groups=5",5,6,2,3,3,"-0.078097200949831108","-0.063594196039549702"
"490114",1,"3) # of groups=5",5,3,4,4,4,"0.22052382461489933","0.57329730481432295"
"490115",1,"2) # of groups=4",4,2,2,2,2,"-0.41318695671194072","-0.265554471988239"
"490116",1,"2) # of groups=4",4,2,4,4,4,"0.50448917233184398","0.70888620905430599"
"490117",0,"",2,0,NA,NA,NA,"-0.91293645107979526","NA"
"490118",1,"3) # of groups=5",5,8,4,4,4,"0.17577642984920022","0.92652366694490296"
"490119",1,"3) # of groups=5",5,7,3,5,5,"0.46126890917205066","0.50867035808741501"
"49011F",1,"3) # of groups=5",5,3,1,5,4,"1.0266686377063516","-0.70010629723951101"
"490120",1,"3) # of groups=5",5,8,2,3,3,"-0.11752350982477484","-0.23270142987074799"
"490122",1,"3) # of groups=5",5,7,2,4,4,"0.15864451405453034","0.00696482346080988"
"490126",1,"2) # of groups=4",4,2,4,4,4,"0.55255151709374639","0.83228835227506703"
"490127",1,"2) # of groups=4",4,2,2,4,4,"0.48757228884795489","-0.081717103621052903"
"490130",1,"3) # of groups=5",5,3,1,5,4,"0.4435708703275516","-0.434947038111199"
"490136",1,"3) # of groups=5",5,7,1,3,3,"-0.089463075877214859","-0.36458583843874998"
"490140",1,"3) # of groups=5",5,3,4,4,4,"0.24447162036886333","0.87233214263993097"
"490141",1,"3) # of groups=5",5,6,2,3,3,"-0.24190409348417546","0.0380710050255436"
"490143",1,"3) # of groups=5",5,3,4,5,5,"0.77392141603095366","0.60082562704951203"
"490144",1,"3) # of groups=5",5,4,4,4,4,"0.11454276218037979","0.68892096968342798"
"490145",1,"3) # of groups=5",5,4,4,4,4,"0.21609783290156281","0.664853356236351"
"491300",0,"",1,0,NA,NA,NA,"0.35601357531295807","NA"
"491302",1,"2) # of groups=4",4,1,4,4,4,"0.35005207108412772","1.1592742223455501"
"491303",0,"",1,0,NA,NA,NA,"1.5421978243616099","NA"
"491304",1,"2) # of groups=4",4,1,1,3,3,"0.019405754127596798","-0.46609399336255702"
"491305",1,"2) # of groups=4",4,1,2,3,3,"0.089481113275139856","0.089659056338326798"
"491307",1,"2) # of groups=4",4,1,4,5,5,"0.76276181259139719","1.1592742223455501"
"491308",1,"2) # of groups=4",4,1,1,4,4,"0.62040590483427338","-0.95202882073920803"
"491309",0,"",1,0,NA,NA,NA,"0.47838538746510251","NA"
"500002",1,"3) # of groups=5",5,7,3,3,3,"-0.12912324016073817","0.32456660265780801"
"500003",1,"3) # of groups=5",5,6,1,3,3,"-0.26782045596743975","-0.69331668620475995"
"500005",1,"3) # of groups=5",5,8,4,5,5,"0.56206239114254697","0.98705977840814096"
"500007",1,"3) # of groups=5",5,4,2,4,4,"0.21783148923609449","-0.095630508120292307"
"500008",1,"3) # of groups=5",5,8,1,4,4,"0.17157633317582871","-0.365386544452384"
"500011",1,"3) # of groups=5",5,6,3,4,4,"0.16948070799232651","0.33113027715240001"
"500014",1,"3) # of groups=5",5,8,3,4,4,"0.14458634474926219","0.50892962904805406"
"500015",1,"3) # of groups=5",5,6,3,2,2,"-0.42850432083315942","0.52135204669630697"
"500016",1,"3) # of groups=5",5,7,2,3,3,"0.062205076410099772","0.0117635787147419"
"500019",1,"3) # of groups=5",5,7,1,3,3,"-0.16485403999430095","-0.37401791056641598"
"500021",1,"3) # of groups=5",5,6,3,4,4,"0.40054943239400587","0.179782114653877"
"500024",1,"3) # of groups=5",5,8,2,3,3,"-0.086468524703989205","0.036370709205905197"
"500025",1,"3) # of groups=5",5,5,2,4,4,"0.36372339490999656","-0.23170773372963899"
"500026",1,"3) # of groups=5",5,6,2,3,3,"-0.19305629720688811","-0.17991591888233699"
"500027",1,"3) # of groups=5",5,8,2,4,4,"0.2783500715625179","-0.27802265999700099"
"500030",1,"3) # of groups=5",5,7,3,4,4,"0.1202434709576594","0.472103866527257"
"500031",1,"3) # of groups=5",5,4,3,3,3,"-0.18966632808211814","0.32623355555279998"
"500033",1,"2) # of groups=4",4,2,2,2,2,"-0.27456750555948001","0.12272602875569"
"500036",1,"3) # of groups=5",5,6,2,1,1,"-0.74196140566051128","-0.019520186333322101"
"500037",0,"",2,1,2,NA,NA,"-0.28854725391662123","0.073394980931914405"
"500039",1,"3) # of groups=5",5,7,3,4,4,"0.39992527595090799","0.34345606185349298"
"500041",1,"3) # of groups=5",5,7,4,4,4,"0.40138629409294502","0.58867365139087302"
"500044",1,"3) # of groups=5",5,7,2,3,3,"-0.003629251579194236","-0.15225444322732301"
"500050",1,"3) # of groups=5",5,7,3,3,3,"-0.067318382314206102","0.25219067106487703"
"500051",1,"3) # of groups=5",5,8,1,2,2,"-0.38754462326524186","-0.50905763060836395"
"500052",0,"",1,1,2,NA,NA,"0.16095309674794195","0.073394980931914405"
"500053",1,"3) # of groups=5",5,5,3,2,2,"-0.41664797221556665","0.33654041705959298"
"500054",1,"3) # of groups=5",5,8,1,3,3,"-0.20272263692752662","-0.69998487166672296"
"500058",1,"3) # of groups=5",5,8,2,4,4,"0.21090458969491188","-0.093785996366595001"
"500060",1,"3) # of groups=5",5,3,3,4,4,"0.097031221732550146","0.17811897210654201"
"500064",1,"3) # of groups=5",5,6,1,2,2,"-0.4701127190212509","-0.92205498242763295"
"500072",1,"3) # of groups=5",5,4,4,3,3,"-0.086512272424910538","0.686567469655054"
"500077",1,"3) # of groups=5",5,6,1,3,3,"-0.12405711010357952","-0.68633100491754295"
"500079",1,"3) # of groups=5",5,7,2,2,2,"-0.52052043257715608","-0.068638310908034197"
"500084",1,"2) # of groups=4",4,1,3,3,3,"-0.023036125477729145","0.25849819576305599"
"500088",1,"3) # of groups=5",5,6,1,2,2,"-0.37641663069030828","-1.20105006199276"
"500108",1,"3) # of groups=5",5,7,4,3,3,"-0.0067542828239633666","0.81208779453650504"
"500119",1,"3) # of groups=5",5,7,3,5,5,"0.5579736009989279","0.35011739111600898"
"50011F",1,"2) # of groups=4",4,0,NA,4,4,"0.66174761270752158","NA"
"500124",1,"3) # of groups=5",5,7,3,5,5,"0.53221600076830566","0.24045880608508599"
"500129",1,"3) # of groups=5",5,8,1,2,2,"-0.55354636413855862","-0.34807261155334901"
"500139",1,"3) # of groups=5",5,7,2,3,3,"-0.21052512520795175","-0.00551242514164893"
"500141",1,"3) # of groups=5",5,6,3,4,4,"0.11003096359228556","0.41168986894239301"
"500150",1,"3) # of groups=5",5,7,2,4,4,"0.19798694289111321","-0.29069805148658101"
"500151",1,"3) # of groups=5",5,5,4,5,5,"0.56134870966680961","0.763365817583054"
"500152",1,"3) # of groups=5",5,6,2,4,4,"0.32170418833814862","-0.22683381670341299"
"500154",1,"2) # of groups=4",4,2,1,3,3,"0.041381996769461249","-0.65675821960766401"
"50030F",1,"3) # of groups=5",5,3,1,4,4,"0.22869863880825742","-0.64380580043091895"
"501302",0,"",1,0,NA,NA,NA,"-0.16591566515660158","NA"
"501303",0,"",2,0,NA,NA,NA,"-0.56580884646724949","NA"
"501304",1,"1) # of groups=3",3,0,NA,2,2,"-0.56769501294633806","NA"
"501305",0,"",0,1,4,NA,NA,"0.44079542731782168","1.1592742223455501"
"501307",0,"",0,0,NA,NA,NA,"1.12137059304274","NA"
"501308",0,"",2,2,4,NA,NA,"-0.22781790531786353","1.16260436061262"
"501309",0,"",1,0,NA,NA,NA,"-0.042636264517044511","NA"
"501310",0,"",2,0,NA,NA,NA,"0.11262305586903495","NA"
"501311",0,"",0,0,NA,NA,NA,"-0.69621997341651098","NA"
"501312",1,"2) # of groups=4",4,2,1,3,3,"-0.025317388273544628","-2.1802105436669201"
"501313",0,"",0,0,NA,NA,NA,"-0.60701302962652204","NA"
"501314",1,"1) # of groups=3",3,0,NA,2,2,"-0.50156935990912044","NA"
"501315",0,"",1,0,NA,NA,NA,"0.55673508733943422","NA"
"501316",0,"",2,0,NA,NA,NA,"-0.10552355906678224","NA"
"501317",0,"",1,0,NA,NA,NA,"0.20237916961847457","NA"
"501318",0,"",1,0,NA,NA,NA,"2.4743967183966","NA"
"501319",0,"",1,0,NA,NA,NA,"-0.49207334739230213","NA"
"501320",0,"",0,0,NA,NA,NA,"-0.352687790697647","NA"
"501321",0,"",1,0,NA,NA,NA,"0.07899764330733855","NA"
"501322",0,"",0,0,NA,NA,NA,"-0.17114210608779448","NA"
"501323",1,"2) # of groups=4",4,2,4,3,3,"0.21586728200591163","0.60719998789685803"
"501324",0,"",0,0,NA,NA,NA,"-0.30914490123352489","NA"
"501325",0,"",2,0,NA,NA,NA,"-0.45277270793193147","NA"
"501326",1,"2) # of groups=4",4,1,4,3,3,"0.11278312245973611","1.1592742223455501"
"501327",1,"2) # of groups=4",4,0,NA,5,5,"0.84937275786608757","NA"
"501328",0,"",1,1,4,NA,NA,"-0.55125559914934452","1.16593449887969"
"501329",1,"2) # of groups=4",4,2,1,3,3,"0.061809639824320139","-1.3348037004173701"
"501330",1,"2) # of groups=4",4,2,1,2,2,"-0.20875909745623328","-0.44546194251156901"
"501331",1,"2) # of groups=4",4,1,1,2,2,"-0.17663483970285188","-3.08288096607476"
"501332",1,"2) # of groups=4",4,0,NA,4,4,"0.62965179513545222","NA"
"501333",1,"2) # of groups=4",4,1,1,2,2,"-0.61598748366661094","-1.7502090356476101"
"501334",0,"",1,0,NA,NA,NA,"0.17962433891784915","NA"
"501335",1,"2) # of groups=4",4,1,4,5,5,"0.85087646747815004","1.1592742223455501"
"501336",1,"2) # of groups=4",4,1,1,2,2,"-0.59337743861773451","-0.35997029542972497"
"501337",1,"2) # of groups=4",4,2,1,3,3,"-0.03889879086578283","-0.66887679390475896"
"501338",0,"",1,1,1,NA,NA,"-0.03912325230278596","-0.67554866033525096"
"501339",1,"2) # of groups=4",4,1,1,2,2,"-0.35605738192201142","-2.2450622981839801"
"501340",0,"",3,0,NA,NA,NA,"0.5386186832549148","NA"
"510001",1,"3) # of groups=5",5,8,1,3,3,"0.0080267438049447873","-0.84928003742887004"
"510002",1,"3) # of groups=5",5,3,1,2,2,"-0.37590551894156404","-0.57678492715889995"
"510006",1,"3) # of groups=5",5,7,3,4,4,"0.14522909846731152","0.14538399496551199"
"510007",1,"3) # of groups=5",5,7,1,3,3,"-0.1872814394551621","-0.66855020242157204"
"510008",1,"3) # of groups=5",5,7,3,3,3,"-0.10809938848009945","0.41154060147041899"
"510012",1,"2) # of groups=4",4,2,1,1,1,"-0.92188690704525855","-1.0535867583743601"
"510013",1,"2) # of groups=4",4,2,4,2,2,"-0.26478060132667774","0.53180896031581404"
"510022",1,"3) # of groups=5",5,8,1,2,2,"-0.58597635393603353","-1.1307332674498201"
"510023",1,"3) # of groups=5",5,6,1,1,1,"-0.82430026701672654","-0.73911650444810595"
"510024",1,"3) # of groups=5",5,7,4,4,4,"0.35685466808383459","0.913913999150062"
"510029",1,"3) # of groups=5",5,7,1,1,1,"-0.75965514633402043","-1.3903553916848901"
"51002F",1,"2) # of groups=4",4,1,3,5,5,"1.1079887567867956","0.32019926737343701"
"510030",1,"3) # of groups=5",5,3,1,2,2,"-0.66419920008969047","-0.50616971000468403"
"510038",1,"3) # of groups=5",5,3,2,1,1,"-0.75410933584045625","-0.257645056561282"
"51003F",1,"3) # of groups=5",5,3,4,5,5,"0.82065709884893945","0.65772234032465005"
"510046",1,"3) # of groups=5",5,7,1,2,2,"-0.62060324766824093","-0.99913876736350604"
"510048",1,"3) # of groups=5",5,5,1,2,2,"-0.36060088687049807","-1.7630250406163701"
"51004F",1,"2) # of groups=4",4,2,4,5,5,"0.93128075168357449","1.13410003780545"
"510050",1,"3) # of groups=5",5,7,1,2,2,"-0.40456825793994922","-0.34542079069357701"
"510055",1,"3) # of groups=5",5,8,2,3,3,"-0.21945510607903726","-0.032554718250730003"
"510058",1,"3) # of groups=5",5,7,2,2,2,"-0.28541656481127758","-0.0456399016086819"
"51005F",1,"2) # of groups=4",4,2,4,4,4,"0.50769780553664923","0.73304307233797605"
"510062",1,"3) # of groups=5",5,4,2,3,3,"-0.2262275068843016","-0.024204167955561198"
"510070",1,"3) # of groups=5",5,5,3,2,2,"-0.33568895676009014","0.21476045103460201"
"510072",1,"2) # of groups=4",4,0,NA,3,3,"0.15928048509892756","NA"
"510086",0,"",2,1,4,NA,NA,"0.74023452324734273","1.1592742223455501"
"510091",0,"",1,2,3,NA,NA,"0.67752115152709935","0.228897823684999"
"510093",0,"",1,0,NA,NA,NA,"0.59385495760392104","NA"
"511300",0,"",1,0,NA,NA,NA,"1.62618032504882","NA"
"511301",0,"",0,0,NA,NA,NA,"2.7431247480066698","NA"
"511303",0,"",1,0,NA,NA,NA,"2.00326947419348","NA"
"511304",0,"",1,0,NA,NA,NA,"0.23886078335135799","NA"
"511306",0,"",1,0,NA,NA,NA,"-0.26201449777415586","NA"
"511307",0,"",1,0,NA,NA,NA,"0.45104197831802184","NA"
"511308",0,"",2,0,NA,NA,NA,"-0.13230464153457039","NA"
"511309",1,"2) # of groups=4",4,1,4,5,5,"0.91149513278372363","1.1592742223455501"
"511310",0,"",1,1,1,NA,NA,"-1.5171439938875015","-3.78385591821004"
"511311",1,"2) # of groups=4",4,0,NA,5,5,"1.0872544252668011","NA"
"511312",0,"",2,0,NA,NA,NA,"-0.20404599186031636","NA"
"511313",1,"2) # of groups=4",4,1,4,4,4,"0.64566244610129497","1.16593449887969"
"511314",0,"",1,0,NA,NA,NA,"-0.26017013090174818","NA"
"511315",1,"2) # of groups=4",4,1,1,1,1,"-0.83140903368310071","-4.8981547465047797"
"511316",1,"2) # of groups=4",4,2,1,3,3,"0.13392355686544771","-0.370603801627505"
"511317",0,"",3,2,1,NA,NA,"-0.25792134013754242","-0.504306111504909"
"511318",0,"",1,0,NA,NA,NA,"0.18227933719130335","NA"
"511319",1,"2) # of groups=4",4,1,1,1,1,"-0.78881002168360437","-2.6444225298785802"
"511320",1,"2) # of groups=4",4,2,3,3,3,"0.23535137553884136","0.46559408088736098"
"511321",1,"2) # of groups=4",4,1,3,3,3,"-0.080517393695703293","0.14830636309068099"
"511322",1,"2) # of groups=4",4,2,4,2,2,"-0.28527895314180679","1.16260436061262"
"520002",1,"3) # of groups=5",5,3,2,4,4,"0.13819678727737558","-0.035270180068498198"
"520004",1,"3) # of groups=5",5,6,4,5,5,"0.65592020017017982","0.57381704620822205"
"520008",1,"3) # of groups=5",5,7,3,4,4,"0.26327445736101363","0.35112405407658598"
"520009",1,"3) # of groups=5",5,3,1,4,4,"0.08196935697393605","-0.61890469141267201"
"520011",1,"2) # of groups=4",4,2,1,2,2,"-0.34184730430408905","-0.68830067868682399"
"520019",1,"2) # of groups=4",4,2,1,3,3,"-0.1015204797142147","-0.673031854396694"
"520021",1,"3) # of groups=5",5,6,1,2,2,"-0.37727676689119388","-0.71607606784711497"
"520028",1,"3) # of groups=5",5,3,2,5,5,"0.4340213998551965","0.084935374942826006"
"52002F",0,"",0,0,NA,NA,NA,"0.46652202017133693","NA"
"520030",1,"3) # of groups=5",5,7,2,4,4,"0.37880649083893808","0.087522284381189294"
"520033",1,"3) # of groups=5",5,3,2,3,3,"-0.13159848537812507","-0.092449267482752007"
"520034",1,"2) # of groups=4",4,2,3,5,5,"0.7034751249173552","0.23564917967854401"
"520035",1,"3) # of groups=5",5,6,4,5,5,"0.77079356945658672","0.59312990359405804"
"520037",1,"3) # of groups=5",5,7,1,1,1,"-0.74601384340880639","-1.00563015455598"
"520038",1,"2) # of groups=4",4,2,4,4,4,"0.60060766359478501","0.73973674485949603"
"52003F",1,"3) # of groups=5",5,4,1,3,3,"-0.16115298190826313","-0.47020886725385103"
"520041",1,"2) # of groups=4",4,2,4,3,3,"0.22830417143066939","0.70888620905430599"
"520044",1,"2) # of groups=4",4,2,2,3,3,"-0.085817495544085118","0.0599682953865368"
"520045",1,"3) # of groups=5",5,6,3,4,4,"0.36240075600122001","0.47062222777156498"
"520049",1,"3) # of groups=5",5,6,1,4,4,"0.20194622583223851","-0.62812826047937098"
"52004F",1,"3) # of groups=5",5,4,4,5,5,"0.80400928099270152","0.59325333613050801"
"520051",1,"3) # of groups=5",5,6,4,3,3,"0.055381880308790807","0.60544582035315997"
"520057",1,"2) # of groups=4",4,2,1,4,4,"0.45545675485107634","-0.31630633063047098"
"520059",1,"3) # of groups=5",5,4,1,4,4,"0.19417755125768615","-0.81392284486144995"
"520062",1,"3) # of groups=5",5,3,4,5,5,"0.83549160105816334","1.1148374130946499"
"520063",1,"3) # of groups=5",5,4,2,4,4,"0.25239897381394327","-0.12675152993576899"
"520066",1,"3) # of groups=5",5,7,2,3,3,"-0.079319447598155624","0.122738355392565"
"520070",1,"3) # of groups=5",5,7,3,5,5,"0.56097159976988442","0.29606928879161798"
"520071",1,"2) # of groups=4",4,2,4,4,4,"0.46180489740780845","0.67803567324911496"
"520075",1,"3) # of groups=5",5,6,3,4,4,"0.39535858262579499","0.30967762422581202"
"520076",1,"2) # of groups=4",4,2,2,2,2,"-0.4307887146707402","0.13371457508516599"
"520078",1,"2) # of groups=4",4,1,3,3,3,"0.093935362193858923","0.25849819576305599"
"520083",1,"3) # of groups=5",5,8,3,4,4,"0.33758547923833016","0.18508167627703101"
"520087",1,"3) # of groups=5",5,7,1,4,4,"0.090542162652656008","-0.378659918090889"
"520088",1,"3) # of groups=5",5,6,4,4,4,"0.41196014268624176","0.90965147220522002"
"520089",1,"3) # of groups=5",5,7,2,5,5,"0.56805698699384355","-0.114158789074033"
"520091",1,"2) # of groups=4",4,1,1,4,4,"0.29782942610898572","-1.06373797645798"
"520095",1,"2) # of groups=4",4,2,4,5,5,"1.1487203582483725","0.82574657805446605"
"520096",1,"3) # of groups=5",5,5,1,2,2,"-0.42932801744175414","-0.77965844816625796"
"520097",1,"3) # of groups=5",5,4,1,3,3,"-0.068009148680089532","-0.58197621047663195"
"520098",1,"3) # of groups=5",5,8,2,5,5,"0.53813141634199724","-0.14713383138008199"
"520100",1,"3) # of groups=5",5,6,4,3,3,"0.00024980579116996859","0.53675243675876205"
"520102",1,"3) # of groups=5",5,4,2,5,5,"0.60803109283762635","0.10286788541639"
"520103",1,"3) # of groups=5",5,7,3,4,4,"0.28445278105922434","0.23867358229471999"
"520107",1,"2) # of groups=4",4,2,4,3,3,"0.15517173112474533","0.77058728066468596"
"520109",1,"2) # of groups=4",4,1,3,4,4,"0.3530909678444939","0.196797124152676"
"520113",1,"2) # of groups=4",4,2,3,4,4,"0.31036892793903781","0.35918184088183303"
"520116",1,"3) # of groups=5",5,3,4,3,3,"0.00079059065327259648","0.81331778519617404"
"520136",1,"3) # of groups=5",5,6,4,5,5,"0.47638098305848875","0.58781729041809205"
"520138",1,"3) # of groups=5",5,8,2,4,4,"0.13954642779379384","-0.17691317077972399"
"520139",1,"3) # of groups=5",5,7,1,4,4,"0.12997514971549057","-0.56895369406663099"
"520160",1,"3) # of groups=5",5,7,2,4,4,"0.40262420512407859","0.073289701043497205"
"520177",1,"3) # of groups=5",5,7,2,3,3,"0.032664694768739871","-0.049117233757369497"
"520189",1,"3) # of groups=5",5,6,1,4,4,"0.20567299780422593","-0.60037774552729195"
"520193",1,"3) # of groups=5",5,8,2,4,4,"0.41786258562145362","-0.12746962325465599"
"520194",0,"",2,2,4,NA,NA,"1.4095362669882339","1.25765407932713"
"520196",0,"",3,2,2,NA,NA,"0.89344316838568549","-0.16223005921622399"
"520198",1,"3) # of groups=5",5,5,1,4,4,"0.32987734869395874","-0.45214521527547602"
"520202",1,"3) # of groups=5",5,5,1,3,3,"-0.059632833744500485","-0.51637774791366098"
"520205",0,"",2,2,1,NA,NA,"0.37114937663638692","-0.35771805151637698"
"520206",1,"3) # of groups=5",5,6,2,5,5,"0.50188079774093275","-0.109563975504716"
"520207",1,"3) # of groups=5",5,7,2,5,5,"0.57856540922109334","0.121615650585889"
"520208",1,"2) # of groups=4",4,2,3,4,4,"0.49100264919053321","0.47254839701214502"
"520210",1,"3) # of groups=5",5,3,1,3,3,"-0.16566619806195451","-1.3024226724486401"
"520212",1,"3) # of groups=5",5,3,3,5,5,"0.60081739104585608","0.49304308512622402"
"520213",0,"",2,0,NA,NA,NA,"1.4575146846167257","NA"
"520214",0,"",1,0,NA,NA,NA,"-0.1304696558786822","NA"
"520215",0,"",2,0,NA,NA,NA,"-0.3484319270342725","NA"
"521300",1,"1) # of groups=3",3,0,NA,2,2,"-0.63862279044448733","NA"
"521302",0,"",3,1,4,NA,NA,"1.1282833044596159","1.1592742223455501"
"521303",0,"",1,0,NA,NA,NA,"0.392156746813139","NA"
"521304",0,"",1,0,NA,NA,NA,"0.21675456162010964","NA"
"521305",0,"",1,1,1,NA,NA,"-0.49495207562776239","-1.53570915936978"
"521307",0,"",2,0,NA,NA,NA,"0.58464762342854915","NA"
"521308",1,"2) # of groups=4",4,1,1,2,2,"-0.35145104509578584","-2.5410915608387201"
"521309",0,"",1,0,NA,NA,NA,"0.44006486754062762","NA"
"521310",0,"",2,0,NA,NA,NA,"0.47931900202682054","NA"
"521311",0,"",2,0,NA,NA,NA,"0.10664074277147635","NA"
"521312",0,"",1,1,4,NA,NA,"0.88073164896201472","1.20758794891289"
"521313",0,"",1,0,NA,NA,NA,"-0.048481993408580837","NA"
"521314",1,"2) # of groups=4",4,1,2,4,4,"0.64236935618023694","-0.161686544028907"
"521315",1,"2) # of groups=4",4,1,4,4,4,"0.68682128579786828","1.1592742223455501"
"521316",0,"",1,1,1,NA,NA,"-0.28053484290070518","-1.4128290880791401"
"521317",0,"",1,0,NA,NA,NA,"1.3241158519199301","NA"
"521318",0,"",0,0,NA,NA,NA,"-0.033940572040373845","NA"
"521319",0,"",2,0,NA,NA,NA,"0.68195956169583627","NA"
"521320",1,"2) # of groups=4",4,2,3,5,5,"0.75495245234401265","0.21586926589604"
"521321",0,"",2,0,NA,NA,NA,"0.13138944140163647","NA"
"521322",0,"",3,0,NA,NA,NA,"0.70864798931768558","NA"
"521323",0,"",2,0,NA,NA,NA,"0.075618679949199727","NA"
"521324",0,"",3,1,4,NA,NA,"0.56487164898557607","1.1592742223455501"
"521325",1,"2) # of groups=4",4,0,NA,3,3,"0.18178871225842122","NA"
"521326",0,"",3,1,1,NA,NA,"-0.13389992323167432","-1.1866180477486299"
"521327",1,"2) # of groups=4",4,1,4,5,5,"0.72468232572977387","1.4670649475711699"
"521328",0,"",2,0,NA,NA,NA,"-0.34326581160599084","NA"
"521329",0,"",2,1,4,NA,NA,"0.69677944856364959","1.1592742223455501"
"521330",1,"2) # of groups=4",4,0,NA,3,3,"-0.15799749721652298","NA"
"521331",0,"",1,0,NA,NA,NA,"-0.39012167443121987","NA"
"521332",1,"2) # of groups=4",4,0,NA,5,5,"0.8518316524100189","NA"
"521333",0,"",3,1,1,NA,NA,"-0.40655458769009911","-2.6835207343801502"
"521334",1,"2) # of groups=4",4,1,1,3,3,"0.11223656962470625","-0.79284327383996001"
"521335",1,"2) # of groups=4",4,1,4,5,5,"0.83974407636047466","1.1592742223455501"
"521336",1,"2) # of groups=4",4,1,1,4,4,"0.35625526951651021","-0.404653957717233"
"521337",1,"2) # of groups=4",4,2,1,3,3,"0.21206867385232514","-0.51295139456426697"
"521338",1,"2) # of groups=4",4,1,4,4,4,"0.4090218004646603","1.04295049241793"
"521339",1,"1) # of groups=3",3,1,1,2,2,"-0.87040149508802034","-3.5688157934514102"
"521340",1,"2) # of groups=4",4,1,1,3,3,"-0.019487354595240702","-1.32066903461115"
"521341",1,"2) # of groups=4",4,1,1,1,1,"-2.9540183292793181","-13.7650689816822"
"521342",0,"",0,0,NA,NA,NA,"-1.3946022905744875","NA"
"521343",1,"2) # of groups=4",4,0,NA,3,3,"-0.053177492932561091","NA"
"521344",0,"",1,0,NA,NA,NA,"-0.215896928859939","NA"
"521345",1,"2) # of groups=4",4,1,4,4,4,"0.50571347506653386","1.1592742223455501"
"521346",1,"2) # of groups=4",4,1,4,4,4,"0.59540536983246828","1.1592742223455501"
"521347",0,"",3,0,NA,NA,NA,"0.86669374318695425","NA"
"521348",0,"",3,2,4,NA,NA,"0.82344671286366256","0.93647490088678098"
"521349",1,"2) # of groups=4",4,2,4,5,5,"1.0173062037451097","1.16260436061262"
"521350",1,"2) # of groups=4",4,1,4,3,3,"0.19253747122969206","1.1592742223455501"
"521351",1,"2) # of groups=4",4,1,4,5,5,"0.73060739245906348","1.1592742223455501"
"521352",1,"2) # of groups=4",4,2,1,4,4,"0.36301797857081447","-0.58285119749316905"
"521353",0,"",2,0,NA,NA,NA,"-0.12334754831718145","NA"
"521354",0,"",2,1,4,NA,NA,"1.6130611286360952","2.85396251386251"
"521355",1,"2) # of groups=4",4,0,NA,3,3,"0.015731180339751058","NA"
"521356",0,"",2,0,NA,NA,NA,"0.53898901898115992","NA"
"521357",1,"2) # of groups=4",4,2,3,3,3,"0.16339792570663048","0.27792507490693402"
"521358",1,"2) # of groups=4",4,1,1,4,4,"0.25418756165266754","-0.49402128229224901"
"521359",1,"2) # of groups=4",4,1,4,3,3,"0.045782038464734803","1.1592742223455501"
"530002",1,"3) # of groups=5",5,3,4,3,3,"-0.0051596532033419545","0.570839001694184"
"530006",1,"3) # of groups=5",5,3,3,3,3,"0.010440332087377303","0.31960794677918197"
"530008",1,"3) # of groups=5",5,3,3,2,2,"-0.45969061899074243","0.35673700606943298"
"530012",1,"3) # of groups=5",5,7,2,2,2,"-0.59706281368515035","-0.0094439292670017508"
"530014",1,"3) # of groups=5",5,7,2,3,3,"0.032191373135858729","0.051982013711948098"
"530015",1,"3) # of groups=5",5,3,2,5,5,"0.95681640251360112","-0.23634534913929101"
"530025",1,"2) # of groups=4",4,2,2,3,3,"0.23775586063684945","-0.30282542473441099"
"530034",0,"",2,2,1,NA,NA,"0.23407526769836171","-0.61490711542691001"
"53004F",1,"2) # of groups=4",4,1,3,5,5,"0.92043227862907229","0.196797124152676"
"53005F",0,"",0,0,NA,NA,NA,"-0.037364015719067056","NA"
"531301",0,"",1,0,NA,NA,NA,"0.64032678216011885","NA"
"531302",1,"2) # of groups=4",4,1,4,4,4,"0.32834467607292472","0.87831303592297005"
"531303",0,"",0,0,NA,NA,NA,"0.41553605679414668","NA"
"531304",1,"1) # of groups=3",3,0,NA,3,3,"-0.39174775036116716","NA"
"531305",1,"1) # of groups=3",3,0,NA,4,4,"0.2673439546573545","NA"
"531306",1,"1) # of groups=3",3,0,NA,4,4,"0.24769369420722342","NA"
"531307",1,"1) # of groups=3",3,0,NA,2,2,"-0.73160000876074494","NA"
"531308",0,"",0,0,NA,NA,NA,"-1.7918529638433194","NA"
"531309",1,"1) # of groups=3",3,0,NA,4,4,"0.64515560542929784","NA"
"531310",1,"2) # of groups=4",4,1,4,4,4,"0.39445995109386761","0.87831303592297005"
"531311",0,"",1,0,NA,NA,NA,"-0.8282081689734947","NA"
"531312",1,"2) # of groups=4",4,2,2,3,3,"-0.15818138115966654","0.112538296856178"
"531313",0,"",3,1,4,NA,NA,"0.83488881051755703","0.71367557942800797"
"531314",0,"",0,0,NA,NA,NA,"0.3471968779176598","NA"
"531315",0,"",0,0,NA,NA,NA,"0.53141825121499031","NA"
"531316",0,"",1,0,NA,NA,NA,"-0.47846842139337453","NA"
"531318",0,"",1,0,NA,NA,NA,"0.642771826220631","NA"
"650001",1,"1) # of groups=3",3,0,NA,2,2,"-0.89614321391452778","NA"
"660001",0,"",2,0,NA,NA,NA,"-3.3526265815224097","NA"
"670005",0,"",2,2,2,NA,NA,"-0.14033150708279588","-0.20331347418950599"
"670006",0,"",2,2,2,NA,NA,"-0.025963281037675354","-0.069678451800653296"
"670008",0,"",3,2,4,NA,NA,"0.35180487640779706","1.0827837436640799"
"670023",1,"3) # of groups=5",5,8,4,4,4,"0.16254887681577407","0.61077474811626398"
"670025",1,"3) # of groups=5",5,3,1,5,4,"0.81821602774563851","-0.83466099649238501"
"670031",1,"3) # of groups=5",5,5,3,3,3,"-0.074260510160393617","0.29743404240069699"
"670034",1,"3) # of groups=5",5,7,2,4,4,"0.39894765039039387","0.11979788957842"
"670041",1,"3) # of groups=5",5,4,3,4,4,"0.32958585338279517","0.42500403480425603"
"670043",1,"3) # of groups=5",5,6,4,3,3,"-0.26153402138933207","0.93130179770849597"
"670044",1,"3) # of groups=5",5,5,4,5,5,"0.57409499520545115","1.0484592218803199"
"670047",1,"3) # of groups=5",5,6,2,2,2,"-0.54794676320605107","0.0060620250350788196"
"670049",0,"",3,2,4,NA,NA,"0.98762776989572032","1.10324950200026"
"670053",1,"3) # of groups=5",5,6,2,3,3,"-0.20038834451497495","-0.043895685446383802"
"670054",0,"",2,2,3,NA,NA,"0.00036514763636089076","0.28021411782637001"
"670055",1,"3) # of groups=5",5,8,3,4,4,"0.076191442743039003","0.372730582015184"
"670056",1,"3) # of groups=5",5,4,3,3,3,"0.027750460053494456","0.13866485583599"
"670059",0,"",2,1,4,NA,NA,"0.65369981554627743","0.69040569703572097"
"670060",1,"3) # of groups=5",5,6,2,2,2,"-0.35772109276746833","0.0409117425917341"
"670062",0,"",1,0,NA,NA,NA,"0.39425507620909361","NA"
"670067",0,"",3,2,4,NA,NA,"-0.18065998374425224","0.70188873993094403"
"670068",1,"3) # of groups=5",5,7,3,5,5,"0.77620428272782727","0.51021704148618097"
"670069",0,"",3,2,1,NA,NA,"-0.72132885258921764","-0.71784350031149102"
"670071",1,"2) # of groups=4",4,3,1,4,4,"0.38824810842389301","-0.68434451150445896"
"670073",1,"2) # of groups=4",4,3,2,4,4,"0.29784540597744424","-0.27734207312423198"
"670075",1,"3) # of groups=5",5,5,4,4,4,"0.19102025331542194","0.53986597619371901"
"670076",1,"2) # of groups=4",4,3,2,3,3,"-0.017749116623084177","-0.071910045365057698"
"670077",1,"3) # of groups=5",5,8,3,5,5,"0.50898109745090048","0.35259443865897"
"670078",1,"1) # of groups=3",3,1,4,5,5,"1.0198484053547587","1.1592742223455501"
"670080",1,"3) # of groups=5",5,5,4,4,4,"0.28274275234222573","1.12620149949088"
"670082",1,"3) # of groups=5",5,7,2,4,4,"0.37307655334352896","0.102396017280767"
"670085",1,"3) # of groups=5",5,7,4,5,5,"0.49136627922688542","1.1031977231894099"
"670088",1,"3) # of groups=5",5,8,2,4,4,"0.29593748497292527","-0.22381843612868599"
"670090",1,"1) # of groups=3",3,3,2,2,2,"-0.59559427521820907","-0.27021635707699798"
"670093",0,"",1,0,NA,NA,NA,"-5.0492211247137604","NA"
"670098",1,"3) # of groups=5",5,4,4,4,4,"0.11566847623725324","0.86870175132129701"
"670102",0,"",2,2,3,NA,NA,"-0.47929083115783716","0.43123138680759199"
"670103",1,"3) # of groups=5",5,6,4,3,3,"0.052202035418259678","0.53394716469690195"
"670106",1,"3) # of groups=5",5,5,4,3,3,"-0.049697603893492398","0.57876759525538302"
"670107",0,"",1,0,NA,NA,NA,"1.4787669962148","NA"
"670108",1,"3) # of groups=5",5,3,2,4,4,"0.35930580285402486","0.00546426961223567"
"670109",0,"",0,1,2,NA,NA,"-0.23461422536527426","0.0116939093215337"
"670112",0,"",2,2,4,NA,NA,"0.63561475075794949","1.25765407932713"
"670115",0,"",0,0,NA,NA,NA,"1.1112045686109899","NA"
"670120",1,"3) # of groups=5",5,6,3,2,2,"-0.48641933857536884","0.33138205409976101"
"670122",1,"3) # of groups=5",5,8,4,5,5,"0.72973272768924835","0.67159777238444196"
"670124",0,"",1,0,NA,NA,NA,"0.77764651446190869","NA"
"670128",1,"2) # of groups=4",4,2,4,4,4,"0.38626467851870944","0.67803567324911496"
"670131",0,"",2,1,2,NA,NA,"0.36429810663104173","-0.050007162288847003"
"670132",0,"",2,2,4,NA,NA,"0.41962610829682107","0.67803567324911496"
"670134",0,"",1,0,NA,NA,NA,"0.40000619565440132","NA"
"670135",0,"",0,0,NA,NA,NA,"-1.1972061350040699","NA"
"670136",0,"",3,1,2,NA,NA,"0.18807467298173791","-0.050007162288847003"
"670260",1,"3) # of groups=5",5,4,4,4,4,"0.33153461164083753","1.0255603695682201"
"670265",0,"",2,1,3,NA,NA,"-1.1622788712104266","0.32019926737343701"
"670266",0,"",1,1,3,NA,NA,"0.12842772512965825","0.13509605254229501"
"670267",0,"",2,1,2,NA,NA,"-0.2178601336128867","0.073394980931914405"
"670285",0,"",1,0,NA,NA,NA,"0.23053811632901899","NA"
"670300",1,"2) # of groups=4",4,2,3,4,4,"0.66945457937565156","0.24590646937272201"
"670309",1,"2) # of groups=4",4,2,4,5,5,"0.83598278389544645","0.73973674485949603"
"670314",0,"",1,0,NA,NA,NA,"0.96808312663942997","NA"
"670320",0,"",1,0,NA,NA,NA,"-2.2528018142416499","NA"
"670321",0,"",0,0,NA,NA,NA,"1.4392232164176499","NA"
"670322",0,"",2,0,NA,NA,NA,"-1.1076203059394742","NA"
"670326",0,"",0,0,NA,NA,NA,"1.6744812771455799","NA"
"670333",0,"",0,1,4,NA,NA,"1.1055773118640113","1.1592742223455501"
"670335",0,"",0,0,NA,NA,NA,"1.20752744061622","NA"
"671300",0,"",2,1,4,NA,NA,"0.30975701828237656","1.04295049241793"
"671301",0,"",1,0,NA,NA,NA,"1.0451383521889599","NA"
