"PROVIDER_ID","Std_Outcomes_Mortality_score","Outcomes_Mortality_cnt","Std_Outcomes_Safety_score","Outcomes_Safety_cnt","Std_Outcomes_Readmission_score","Outcomes_Readmission_cnt","Std_PatientExp_score","Patient_Experience_cnt","Std_Process_score","Process_cnt","std_weight_Mortality","std_weight_Safety","std_weight_Readmission","std_weight_PatientExperience","std_weight_Process","weight_Outcomes_Mortality","weight_Outcomes_Safety","weight_Outcomes_Readmission","weight_PatientExperience","weight_Process","summary_score","Total_measure_group_cnt","MortSafe_Group_cnt","report_indicator","cnt_grp","star"
"010001",-0.253893573633393,8,0.574389929273086,7,0.613400599161615,11,0.079690009751265,15,-0.15060315888921,10,0.22,0.22,0.22,0.22,0.12,0.22,0.22,0.22,0.22,0.12,0.204916753134861,5,2,1,"3) # of groups=5",4
"010005",-0.768919757127321,6,-0.179979142670502,7,0.938421531099291,9,-0.0517813352205837,15,-0.770174893043529,10,0.22,0.22,0.22,0.22,0.12,0.22,0.22,0.22,0.22,0.12,-0.106117902027429,5,2,1,"3) # of groups=5",3
"010006",-1.71125666272243,8,0.604103727113532,8,0.128104376961565,9,-1.09283245811939,15,-0.348937559453538,9,0.22,0.22,0.22,0.22,0.12,0.22,0.22,0.22,0.22,0.12,-0.497686330823104,5,2,1,"3) # of groups=5",2
"010007",-2.14461015148505,4,-0.542165150374724,2,-1.21544209463935,5,-1.44640664412302,5,-1.88579591273133,7,0.22,0.22,0.22,0.22,0.12,0.22,0.22,0.22,0.22,0.12,-1.40299279846463,4,1,1,"2) # of groups=4",1
"010008",0.341152906858737,2,NA,0,0.705253069443654,3,-0.110612756935285,5,-0.86347214319361,6,0.22,0.22,0.22,0.22,0.12,0.282051282051282,NA,0.282051282051282,0.282051282051282,0.153846153846154,0.131099809073757,3,0,0,"",NA
"010011",-0.296881898312616,8,-0.444069841647808,7,0.21035950993154,8,-0.460691246891612,10,-0.0219264409982889,7,0.22,0.22,0.22,0.22,0.12,0.22,0.22,0.22,0.22,0.12,-0.220713537842304,5,2,1,"3) # of groups=5",3
"010012",-1.21472912733383,5,-1.40191060256431,4,-0.391911179142144,8,-0.292753411077684,15,0.606537847487478,9,0.22,0.22,0.22,0.22,0.12,0.22,0.22,0.22,0.22,0.12,-0.653502408727456,5,2,1,"3) # of groups=5",2
"010016",-0.167674429257075,8,-0.749871484377572,7,-0.229562199263281,9,-1.00450248272452,15,-0.97028447480912,6,0.22,0.22,0.22,0.22,0.12,0.22,0.22,0.22,0.22,0.12,-0.589788468014033,5,2,1,"3) # of groups=5",2
"010018",NA,0,0.0733949809319144,1,0.673807309556382,1,0.373035555463013,5,1.67426333760093,3,0.22,0.22,0.22,0.22,0.12,NA,0.282051282051282,0.282051282051282,0.282051282051282,0.153846153846154,0.573543495668461,2,0,0,"",NA
"010019",-1.61357792983952,5,0.150536405733265,7,-0.799435042604465,7,0.520615632037114,15,-0.683738009700688,9,0.22,0.22,0.22,0.22,0.12,0.22,0.22,0.22,0.22,0.12,-0.465257966792276,5,2,1,"3) # of groups=5",2
"010021",-0.0252627101242641,2,-0.59234308582697,2,-0.26384589916662,3,1.30323072547974,5,-0.102982117266973,8,0.22,0.22,0.22,0.22,0.12,0.22,0.22,0.22,0.22,0.12,0.0804335326075781,3,0,0,"",NA
"010022",0.153527455819019,1,1.15927422234555,1,0.204198528975283,2,NA,0,0.951023594269184,5,0.22,0.22,0.22,0.22,0.12,0.282051282051282,0.282051282051282,0.282051282051282,NA,0.153846153846154,0.574183175491115,1,0,0,"",NA
"010023",-0.401690302767772,8,-1.42948095191602,7,0.098181931601134,11,0.0452064756554818,15,0.112711852591034,7,0.22,0.22,0.22,0.22,0.12,0.22,0.22,0.22,0.22,0.12,-0.357786804123055,5,2,1,"3) # of groups=5",2
"010024",-0.551945111605704,8,-1.20564820899226,6,0.559499982695812,10,-0.866490745544544,15,0.114314842519193,9,0.22,0.22,0.22,0.22,0.12,0.22,0.22,0.22,0.22,0.12,-0.44049071725597,5,2,1,"3) # of groups=5",2
"010029",-1.21389462397807,8,-0.290220170930967,8,0.754449630077008,11,0.380257166293217,15,-0.616314341038002,9,0.22,0.22,0.22,0.22,0.12,0.22,0.22,0.22,0.22,0.12,-0.155227480603099,5,2,1,"3) # of groups=5",3
"010033",0.311783705492951,8,-0.272329088800204,8,-0.959547756157799,11,-0.132378776037566,15,-0.413985419202717,8,0.22,0.22,0.22,0.22,0.12,0.22,0.22,0.22,0.22,0.12,-0.281222071714902,5,2,1,"3) # of groups=5",2
"010034",0.153527455819019,1,NA,0,0.36074356882695,2,0.129062429984309,5,0.635159397210858,5,0.22,0.22,0.22,0.22,0.12,0.282051282051282,NA,0.282051282051282,0.282051282051282,0.153846153846154,0.279169856005082,2,0,0,"",NA
"010035",-0.97335331889489,7,-0.165436278314665,7,-0.654207413855766,7,-0.436401274349207,15,0.838923588757275,10,0.22,0.22,0.22,0.22,0.12,0.22,0.22,0.22,0.22,0.12,-0.389796792140323,5,2,1,"3) # of groups=5",2
"010036",-0.23631632265995,5,0.662425433125945,3,-0.810364742786348,7,-0.507121026038244,15,-1.3406567761123,8,0.22,0.22,0.22,0.22,0.12,0.22,0.22,0.22,0.22,0.12,-0.356981677972367,5,2,1,"3) # of groups=5",2
"010039",-1.28221045875905,8,-0.596956497666613,8,0.974700718753029,11,0.155596576562934,15,-0.541809828518723,10,0.22,0.22,0.22,0.22,0.12,0.22,0.22,0.22,0.22,0.12,-0.229768504866381,5,2,1,"3) # of groups=5",3
"010040",-0.138607049338957,8,-0.507513108245465,8,-0.845110750477192,9,-0.88570310720697,15,-1.386315017152,9,0.22,0.22,0.22,0.22,0.12,0.22,0.22,0.22,0.22,0.12,-0.689283285417329,5,2,1,"3) # of groups=5",2
"010044",-0.899647454792567,3,NA,0,0.968810197047564,4,NA,0,0.26782510680018,6,0.22,0.22,0.22,0.22,0.12,0.392857142857143,NA,0.392857142857143,NA,0.214285714285714,0.0845621716287874,3,1,1,"1) # of groups=3",3
"010045",0.0326579905497341,4,-1.45192729258071,1,0.965831501068643,5,1.78054934787786,15,0.248279434907321,7,0.22,0.22,0.22,0.22,0.12,0.22,0.22,0.22,0.22,0.12,0.321758072510294,4,1,1,"2) # of groups=4",4
"010046",-0.365344529885925,7,0.849057647573567,6,-0.998957408751337,8,-0.361506904817941,15,0.138749234543238,8,0.22,0.22,0.22,0.22,0.12,0.22,0.22,0.22,0.22,0.12,-0.176235354948771,5,2,1,"3) # of groups=5",3
"010049",-1.04533747491988,5,1.00534418500666,3,0.879818878072485,7,0.0513383638044647,15,-0.377241061162825,10,0.22,0.22,0.22,0.22,0.12,0.22,0.22,0.22,0.22,0.12,0.150787142092482,5,2,1,"3) # of groups=5",4
"010051",NA,0,NA,0,NA,0,NA,0,0.83274085536569,3,0.22,0.22,0.22,0.22,0.12,NA,NA,NA,NA,1,0.83274085536569,1,0,0,"",NA
"010052",-0.808663441321484,2,NA,0,1.32477464568306,2,1.50870802615068,10,-1.81686596717607,6,0.22,0.22,0.22,0.22,0.12,0.282051282051282,NA,0.282051282051282,0.282051282051282,0.153846153846154,0.291585018784061,2,0,0,"",NA
"010055",-1.33055014374769,8,1.10154100543254,8,-1.03049918360699,9,-0.177157475958592,15,-1.21055864807049,9,0.22,0.22,0.22,0.22,0.12,0.22,0.22,0.22,0.22,0.12,-0.46133351330222,5,2,1,"3) # of groups=5",2
"010056",0.557256497796018,8,-0.105582295966367,7,-0.0205263502491219,9,-1.01315906342708,10,-1.05098648651508,7,0.22,0.22,0.22,0.22,0.12,0.22,0.22,0.22,0.22,0.12,-0.254160844988051,5,2,1,"3) # of groups=5",3
"010058",-1.02337056661083,2,NA,0,1.43323169376603,2,0.111635405733351,5,0.466589571833966,6,0.22,0.22,0.22,0.22,0.12,0.282051282051282,NA,0.282051282051282,0.282051282051282,0.153846153846154,0.218871776737894,2,0,0,"",NA
"010059",0.364169018018264,2,NA,0,0.791533472265495,2,NA,0,-0.129740170261033,6,0.22,0.22,0.22,0.22,0.12,0.392857142857143,NA,0.392857142857143,NA,0.214285714285714,0.426224513269827,1,0,0,"",NA
"010061",-1.25709351102214,5,0.585484065833544,2,0.831961100659951,6,-0.0882486622401481,15,-1.19895656135294,8,0.22,0.22,0.22,0.22,0.12,0.22,0.22,0.22,0.22,0.12,-0.128012128851487,4,1,1,"2) # of groups=4",3
"010062",-2.02681714643033,1,0.647185137443925,2,-0.608991257209106,2,0.83715136000934,5,-0.39329536698784,6,0.22,0.22,0.22,0.22,0.12,0.22,0.22,0.22,0.22,0.12,-0.300519263399498,2,0,0,"",NA
"010065",-1.00374596067694,5,0.308517215118333,4,0.891456587213299,9,0.0652873979452488,15,-0.55421365275418,7,0.22,0.22,0.22,0.22,0.12,0.22,0.22,0.22,0.22,0.12,-0.00897228561851463,5,2,1,"3) # of groups=5",3
"010073",-0.664517074481437,2,-1.1606264512757,1,1.06835783642294,3,-0.298235765136033,5,0.175647024854724,7,0.22,0.22,0.22,0.22,0.12,0.22,0.22,0.22,0.22,0.12,-0.211027077000884,3,0,0,"",NA
"010078",-1.15646531254803,7,0.0488850193394233,7,-0.941504832959063,10,-1.75487846573206,15,-1.11334122414038,9,0.22,0.22,0.22,0.22,0.12,0.22,0.22,0.22,0.22,0.12,-0.970472937114786,5,2,1,"3) # of groups=5",1
"010079",-1.66824063335658,5,0.434932951979826,6,-0.817206963879044,7,0.788082103649826,15,-0.808314847801223,10,0.22,0.22,0.22,0.22,0.12,0.22,0.22,0.22,0.22,0.12,-0.374732940889461,5,2,1,"3) # of groups=5",2
"010083",0.0238847625157176,6,0.609893651140379,7,0.494463616512674,8,-0.0222489608115707,15,0.664786035120375,10,0.22,0.22,0.22,0.22,0.12,0.22,0.22,0.22,0.22,0.12,0.323092799473029,5,2,1,"3) # of groups=5",4
"010085",-0.531726921027926,7,0.00566798186223392,7,0.598856973088224,7,-0.29814412566801,15,-0.770054660324046,9,0.22,0.22,0.22,0.22,0.12,0.22,0.22,0.22,0.22,0.12,-0.141982699422891,5,2,1,"3) # of groups=5",3
"010086",0.48934852136098,4,0.258498195763056,1,2.03315464396096,5,0.133347626113051,5,-1.09855563727995,8,0.22,0.22,0.22,0.22,0.12,0.22,0.22,0.22,0.22,0.12,0.509330100709976,4,1,1,"2) # of groups=4",4
"010087",-0.39214527951089,6,-0.989233893805281,6,-0.627590706734741,7,-0.0163577172975535,15,-0.4552723171905,7,0.22,0.22,0.22,0.22,0.12,0.22,0.22,0.22,0.22,0.12,-0.500204749479522,5,2,1,"3) # of groups=5",2
"010089",-0.0874663967160173,5,0.624150650018767,6,-0.227755884249607,6,-1.18151463225315,15,-0.483346647784745,7,0.22,0.22,0.22,0.22,0.12,0.22,0.22,0.22,0.22,0.12,-0.249970575638171,5,2,1,"3) # of groups=5",3
"010090",-0.22758187409098,8,0.209487356855304,7,0.465052812052187,9,-0.791137857079674,15,-0.418996660165393,7,0.22,0.22,0.22,0.22,0.12,0.22,0.22,0.22,0.22,0.12,-0.125999102917743,5,2,1,"3) # of groups=5",3
"010091",NA,0,NA,0,-0.450152891404016,1,0.634139117408422,5,-1.06643447958697,6,0.22,0.22,0.22,0.22,0.12,NA,NA,0.392857142857143,0.392857142857143,0.214285714285714,-0.156241371124048,2,0,0,"",NA
"010092",-1.11622018718691,7,-0.283596080754768,7,-0.856032726839814,9,-0.425118917026824,15,-0.70136296346206,10,0.22,0.22,0.22,0.22,0.12,0.22,0.22,0.22,0.22,0.12,-0.673976496213277,5,2,1,"3) # of groups=5",2
"010095",-0.0887330555420189,1,NA,0,-0.547858044891677,1,NA,0,-0.261346771106215,4,0.22,0.22,0.22,0.22,0.12,0.392857142857143,NA,0.392857142857143,NA,0.214285714285714,-0.306092240407427,1,0,0,"",NA
"010097",-0.612435152279499,2,NA,0,-0.535690728903374,3,NA,0,-0.843499728753751,6,0.22,0.22,0.22,0.22,0.12,0.392857142857143,NA,0.392857142857143,NA,0.214285714285714,-0.631799395197647,2,0,0,"",NA
"010099",-0.427729979287309,3,-0.486049536550282,2,-1.78757596780671,4,-0.657077382624722,15,-0.833041556810773,6,0.22,0.22,0.22,0.22,0.12,0.22,0.22,0.22,0.22,0.12,-0.838820217396478,4,1,1,"2) # of groups=4",1
"010100",-1.18659123334254,8,-0.707026153799169,7,0.0108111883531372,9,0.220221816550168,15,0.375254902930357,9,0.22,0.22,0.22,0.22,0.12,0.22,0.22,0.22,0.22,0.12,-0.320737975740806,5,2,1,"3) # of groups=5",2
"010101",-0.0950405433543845,3,-3.17021422328,2,-2.00636032091568,4,0.306593548894973,15,0.516450262405835,7,0.22,0.22,0.22,0.22,0.12,0.22,0.22,0.22,0.22,0.12,-1.03033070701542,4,1,1,"2) # of groups=4",1
"010102",NA,0,NA,0,NA,0,NA,0,-0.656768620407231,3,0.22,0.22,0.22,0.22,0.12,NA,NA,NA,NA,1,-0.656768620407231,1,0,0,"",NA
"010103",0.239028464662214,8,0.0627529118614084,7,0.570568366420871,9,-0.54290744061576,15,-1.28770080809221,7,0.22,0.22,0.22,0.22,0.12,0.22,0.22,0.22,0.22,0.12,-0.0820467904587439,5,2,1,"3) # of groups=5",3
"010104",-0.548455272759229,8,0.454831428879394,8,-0.00695164292407437,11,-0.00761050794528892,15,-0.876823385606196,9,0.22,0.22,0.22,0.22,0.12,0.22,0.22,0.22,0.22,0.12,-0.129019725117567,5,2,1,"3) # of groups=5",3
"010108",-0.111845273548057,5,-0.988954281544905,3,-0.0801309457056988,5,0.66554468257727,15,-0.573363782522941,9,0.22,0.22,0.22,0.22,0.12,0.22,0.22,0.22,0.22,0.12,-0.182188533911459,5,2,1,"3) # of groups=5",3
"010110",NA,0,NA,0,NA,0,NA,0,1.48376739224647,2,0.22,0.22,0.22,0.22,0.12,NA,NA,NA,NA,1,1.48376739224647,0,0,0,"",NA
"010112",-0.0836299494613668,3,-1.42975768187162,2,-0.347427343970672,5,-0.50555939779104,15,-0.833629043469361,7,0.22,0.22,0.22,0.22,0.12,0.22,0.22,0.22,0.22,0.12,-0.620637847297157,4,1,1,"2) # of groups=4",2
"010113",-0.57680947315009,8,-0.828183194478177,8,-0.597569121344817,11,-0.320058516465486,15,0.327613213842008,8,0.22,0.22,0.22,0.22,0.12,0.22,0.22,0.22,0.22,0.12,-0.471662881535444,5,2,1,"3) # of groups=5",2
"010114",0.296150752780767,4,-0.45763755253618,6,0.67439053758762,6,-0.763892050590635,15,-0.31613546829476,7,0.22,0.22,0.22,0.22,0.12,0.22,0.22,0.22,0.22,0.12,-0.0931536850022254,5,2,1,"3) # of groups=5",3
"010118",-0.649140846774632,5,0.741235308586773,3,-0.0880026375800086,5,-1.55886650150055,15,-0.113754444921026,8,0.22,0.22,0.22,0.22,0.12,0.22,0.22,0.22,0.22,0.12,-0.355700962389575,5,2,1,"3) # of groups=5",2
"010120",-2.87355783397215,3,-0.235447710716891,2,-2.09685479725782,4,0.0881142895368921,5,0.876263494465253,7,0.22,0.22,0.22,0.22,0.12,0.22,0.22,0.22,0.22,0.12,-1.02075251219436,4,1,1,"2) # of groups=4",1
"010125",-1.09865510696191,4,NA,0,0.670373690108741,4,1.08450223905036,10,0.355751798700193,6,0.22,0.22,0.22,0.22,0.12,0.282051282051282,NA,0.282051282051282,0.282051282051282,0.153846153846154,0.23981897016334,4,1,1,"2) # of groups=4",3
"010126",-0.506170875265066,3,0.647185137443925,2,-0.0944788577217859,5,1.01468378185926,15,1.13527978191046,6,0.22,0.22,0.22,0.22,0.12,0.22,0.22,0.22,0.22,0.12,0.369701794818848,4,1,1,"2) # of groups=4",4
"010128",-0.330993566903058,1,NA,0,1.00460749977392,2,NA,0,-2.94220678261338,4,0.22,0.22,0.22,0.22,0.12,0.392857142857143,NA,0.392857142857143,NA,0.214285714285714,-0.365838836932171,1,0,0,"",NA
"010129",-0.56663561188615,3,-0.0427494171020116,2,-0.166566148355872,7,0.771641422625098,15,-0.878149071452526,7,0.22,0.22,0.22,0.22,0.12,0.22,0.22,0.22,0.22,0.12,-0.106326034612469,4,1,1,"2) # of groups=4",3
"010130",0.295406446336974,4,0.320199267373437,1,-0.846908638216977,5,0.553946955312994,10,-0.391467370275923,7,0.22,0.22,0.22,0.22,0.12,0.22,0.22,0.22,0.22,0.12,0.0240056023443034,4,1,1,"2) # of groups=4",3
"010131",-0.216309506689338,7,0.336417365666025,8,0.264187195024637,8,-0.705668548276403,15,-0.66640128562306,9,0.22,0.22,0.22,0.22,0.12,0.22,0.22,0.22,0.22,0.12,-0.150670323015285,5,2,1,"3) # of groups=5",3
"010138",NA,0,NA,0,NA,0,NA,0,-1.70991918554184,3,0.22,0.22,0.22,0.22,0.12,NA,NA,NA,NA,1,-1.70991918554184,1,0,0,"",NA
"010139",-0.240521311517143,8,0.496648070788899,7,1.01110482665422,8,-1.46708781720456,15,0.0222833605885518,7,0.22,0.22,0.22,0.22,0.12,0.22,0.22,0.22,0.22,0.12,-0.0412943676106623,5,2,1,"3) # of groups=5",3
"010144",-0.504364927306006,8,0.521221553882131,8,-0.936368838455197,9,-0.407436934300204,15,0.153556948294039,8,0.22,0.22,0.22,0.22,0.12,0.22,0.22,0.22,0.22,0.12,-0.273501978364156,5,2,1,"3) # of groups=5",3
"010148",-0.212282828433586,4,NA,0,-0.0650100689041939,5,0.809017645395835,10,-1.43796917561071,5,0.22,0.22,0.22,0.22,0.12,0.282051282051282,NA,0.282051282051282,0.282051282051282,0.153846153846154,-0.0712523801288629,4,1,1,"2) # of groups=4",3
"010149",0.423288085828005,6,-0.329330810101406,7,0.118145824385703,6,0.443815328674106,15,-0.654734688755318,10,0.22,0.22,0.22,0.22,0.12,0.22,0.22,0.22,0.22,0.12,0.0657338916823716,5,2,1,"3) # of groups=5",4
"01014F",1.31282823503465,5,0.0595238158735229,4,0.691603044128693,6,-0.970052069467972,10,-0.335420700699522,5,0.22,0.22,0.22,0.22,0.12,0.22,0.22,0.22,0.22,0.12,0.200408181541214,5,2,1,"3) # of groups=5",4
"010150",-1.05777510098618,1,0.678035673249115,2,0.128027290492232,2,NA,0,-0.488791067975403,7,0.22,0.22,0.22,0.22,0.12,0.282051282051282,0.282051282051282,0.282051282051282,NA,0.153846153846154,-0.146194356860143,1,0,0,"",NA
"010157",-0.0887330555420189,1,0.154399005817378,2,-0.0691309496604473,2,0.655622443754093,5,-0.867132747769552,6,0.22,0.22,0.22,0.22,0.12,0.22,0.22,0.22,0.22,0.12,0.0394187080288348,2,0,0,"",NA
"010158",-0.205257831489062,3,0.264627529080248,3,-1.01966448654443,6,1.18241135155791,5,0.356503939254626,7,0.22,0.22,0.22,0.22,0.12,0.22,0.22,0.22,0.22,0.12,0.0916461164835816,5,2,1,"3) # of groups=5",4
"010164",-1.27526028011393,4,0.614718610760519,3,-0.534368172887549,8,-0.0326424016779434,15,1.16799166927606,9,0.22,0.22,0.22,0.22,0.12,0.22,0.22,0.22,0.22,0.12,-0.129902493349032,5,2,1,"3) # of groups=5",3
"010168",0.880308989902137,1,0.45665392889073,3,0.434686439383275,4,1.19198487423052,15,-0.683811344533244,6,0.22,0.22,0.22,0.22,0.12,0.22,0.22,0.22,0.22,0.12,0.569942169785476,4,1,1,"2) # of groups=4",4
"010169",0.203657430437342,3,0.616334601638735,2,-0.938608569546592,3,NA,0,-0.505284024153215,5,0.22,0.22,0.22,0.22,0.12,0.282051282051282,0.282051282051282,0.282051282051282,NA,0.153846153846154,-0.111191950181922,3,1,1,"1) # of groups=3",3
"010173",-0.00224659896473637,2,-1.22232752288608,1,0.341587756960087,3,NA,0,-0.0912502488904313,6,0.22,0.22,0.22,0.22,0.12,0.282051282051282,0.282051282051282,0.282051282051282,NA,0.153846153846154,-0.263085936080528,2,0,0,"",NA
"01019F",1.76265440554926,3,NA,0,1.17900305453664,4,-0.170637149157063,10,-1.11624285638974,4,0.22,0.22,0.22,0.22,0.12,0.282051282051282,NA,0.282051282051282,0.282051282051282,0.153846153846154,0.609840161073815,4,1,1,"2) # of groups=4",4
"01021F",NA,0,NA,0,NA,0,NA,0,0.30575234975861,1,0.22,0.22,0.22,0.22,0.12,NA,NA,NA,NA,1,0.30575234975861,0,0,0,"",NA
"011300",NA,0,NA,0,0.204581265476417,1,NA,0,1.42883706874253,2,0.22,0.22,0.22,0.22,0.12,NA,NA,0.647058823529412,NA,0.352941176470588,0.636671548982104,0,0,0,"",NA
"011302",0.638048478541098,1,NA,0,1.08047677915872,2,NA,0,-0.54679363217082,5,0.22,0.22,0.22,0.22,0.12,0.392857142857143,NA,0.392857142857143,NA,0.214285714285714,0.557964858631181,1,0,0,"",NA
"011304",NA,0,NA,0,NA,0,NA,0,1.36373880731778,5,0.22,0.22,0.22,0.22,0.12,NA,NA,NA,NA,1,1.36373880731778,1,0,0,"",NA
"011305",-0.301126307439879,2,NA,0,-0.79508856806717,3,NA,0,-0.573217796506408,6,0.22,0.22,0.22,0.22,0.12,0.392857142857143,NA,0.392857142857143,NA,0.214285714285714,-0.553488228914857,2,0,0,"",NA
"011306",0.169453153947,2,NA,0,-0.681300282899496,3,NA,0,0.0209167473915132,6,0.22,0.22,0.22,0.22,0.12,0.392857142857143,NA,0.392857142857143,NA,0.214285714285714,-0.196600640504585,2,0,0,"",NA
"011307",NA,0,NA,0,NA,0,NA,0,-1.7517951021977,3,0.22,0.22,0.22,0.22,0.12,NA,NA,NA,NA,1,-1.7517951021977,1,0,0,"",NA
"020001",-0.262599917645481,8,-0.536794530017643,8,0.0650054989274153,11,0.283341925502952,15,-0.584897557366196,8,0.22,0.22,0.22,0.22,0.12,0.22,0.22,0.22,0.22,0.12,-0.16941805199515,5,2,1,"3) # of groups=5",3
"020006",-1.61580641037515,7,0.319787656133334,7,0.226163220735775,10,0.529806222088025,15,-0.312147496840374,9,0.22,0.22,0.22,0.22,0.12,0.22,0.22,0.22,0.22,0.12,-0.156268548132808,5,2,1,"3) # of groups=5",3
"020008",1.1600494827964,5,0.18442710036607,2,-0.0300868139187516,8,0.786248491690209,15,-0.195895769569794,8,0.22,0.22,0.22,0.22,0.12,0.22,0.22,0.22,0.22,0.12,0.438632925057089,4,1,1,"2) # of groups=4",4
"020012",-2.04642302059864,6,-0.483643142784508,5,0.16187736822982,10,-0.249095277589382,15,-0.433090732638668,10,0.22,0.22,0.22,0.22,0.12,0.22,0.22,0.22,0.22,0.12,-0.627773383920036,5,2,1,"3) # of groups=5",2
"020017",-0.333319386801939,8,0.00149753733988125,7,-2.82934747226577,9,-0.46796778213783,15,-0.201497449993237,7,0.22,0.22,0.22,0.22,0.12,0.22,0.22,0.22,0.22,0.12,-0.822589856849633,5,2,1,"3) # of groups=5",1
"020018",0.174270677187653,3,1.15927422234555,1,2.04324505108612,3,-0.626703557339282,10,1.45725557305429,3,0.22,0.22,0.22,0.22,0.12,0.22,0.22,0.22,0.22,0.12,0.779889675288124,4,1,1,"2) # of groups=4",5
"020024",-0.0943907610666482,6,-0.983980337157063,6,-1.60205547077329,9,0.437744464037512,15,-0.429931758527956,9,0.22,0.22,0.22,0.22,0.12,0.22,0.22,0.22,0.22,0.12,-0.544981874114442,5,2,1,"3) # of groups=5",2
"020026",-0.060289609611048,7,-1.65597050710243,7,0.156856135672207,7,-0.902767094647184,15,0.302023598603633,6,0.22,0.22,0.22,0.22,0.12,0.22,0.22,0.22,0.22,0.12,-0.505434804819024,5,2,1,"3) # of groups=5",2
"021301",NA,0,NA,0,NA,0,NA,0,0.167710259579181,4,0.22,0.22,0.22,0.22,0.12,NA,NA,NA,NA,1,0.167710259579181,1,0,0,"",NA
"021302",NA,0,NA,0,NA,0,NA,0,0.616383460226737,4,0.22,0.22,0.22,0.22,0.12,NA,NA,NA,NA,1,0.616383460226737,1,0,0,"",NA
"021304",-0.0887330555420189,1,NA,0,0.957020575844511,1,NA,0,1.04793424780202,3,0.22,0.22,0.22,0.22,0.12,0.392857142857143,NA,0.392857142857143,NA,0.214285714285714,0.565670293219269,1,0,0,"",NA
"021305",NA,0,NA,0,0.706207472388479,1,NA,0,1.22317809619942,2,0.22,0.22,0.22,0.22,0.12,NA,NA,0.647058823529412,NA,0.352941176470588,0.888667692557046,0,0,0,"",NA
"021306",0.485299273698785,2,NA,0,1.26676184602873,2,0.897490085631785,5,0.54579774900292,5,0.22,0.22,0.22,0.22,0.12,0.282051282051282,NA,0.282051282051282,0.282051282051282,0.153846153846154,0.831278198794098,2,0,0,"",NA
"021307",NA,0,NA,0,NA,0,NA,0,1.25643800222984,2,0.22,0.22,0.22,0.22,0.12,NA,NA,NA,NA,1,1.25643800222984,0,0,0,"",NA
"021308",-0.0541228992709315,2,NA,0,1.39287325207378,4,NA,0,2.58359174731276,2,0.22,0.22,0.22,0.22,0.12,0.392857142857143,NA,0.392857142857143,NA,0.214285714285714,1.07956444159671,1,0,0,"",NA
"021309",0.880308989902137,1,NA,0,0.204581265476417,1,NA,0,1.35066515870006,2,0.22,0.22,0.22,0.22,0.12,0.392857142857143,NA,0.392857142857143,NA,0.214285714285714,0.715635134334445,0,0,0,"",NA
"021310",NA,0,NA,0,NA,0,NA,0,0.333868478831089,2,0.22,0.22,0.22,0.22,0.12,NA,NA,NA,NA,1,0.333868478831089,0,0,0,"",NA
"021311",0.823730969778468,3,1.01879362913426,2,-0.178396274916096,6,0.291850985786485,15,-0.675536757901961,9,0.22,0.22,0.22,0.22,0.12,0.22,0.22,0.22,0.22,0.12,0.34925103720405,4,1,1,"2) # of groups=4",4
"021312",0.529031812383376,3,NA,0,-2.06427647964311,3,NA,0,-1.49779783195661,1,0.22,0.22,0.22,0.22,0.12,0.392857142857143,NA,0.392857142857143,NA,0.214285714285714,-0.92408851184274,2,1,0,"",NA
"021313",0.218510226207497,2,NA,0,0.0680863005398896,4,1.53973454634009,10,0.111862486472312,7,0.22,0.22,0.22,0.22,0.12,0.282051282051282,NA,0.282051282051282,0.282051282051282,0.153846153846154,0.532328633917849,3,0,0,"",NA
"021314",-0.434851611394433,4,NA,0,0.281968916345113,4,NA,0,0.325593908263706,4,0.22,0.22,0.22,0.22,0.12,0.392857142857143,NA,0.392857142857143,NA,0.214285714285714,0.00970906442998984,3,1,1,"1) # of groups=3",3
"030002",1.13942759536344,8,-0.290443551468321,7,0.33341290857487,10,-0.614390862589866,15,-0.887036161608489,8,0.22,0.22,0.22,0.22,0.12,0.22,0.22,0.22,0.22,0.12,0.0185170003806084,5,2,1,"3) # of groups=5",3
"030006",-0.877006937704561,8,-0.195404315485572,8,-0.0958439236700065,11,-0.608081689969032,15,0.243514327732346,8,0.22,0.22,0.22,0.22,0.12,0.22,0.22,0.22,0.22,0.12,-0.361572391374536,5,2,1,"3) # of groups=5",2
"030007",0.0165582326023309,6,0.530387997472275,4,0.790783106045806,9,-0.131597493360408,15,-0.112213585005018,10,0.22,0.22,0.22,0.22,0.12,0.22,0.22,0.22,0.22,0.12,0.251883375206599,5,2,1,"3) # of groups=5",4
"030010",-0.0465116142381782,8,-0.00599236646342757,5,0.165110061786675,8,-2.17110395219495,15,-0.0817881101660778,8,0.22,0.22,0.22,0.22,0.12,0.22,0.22,0.22,0.22,0.12,-0.462684104864103,5,2,1,"3) # of groups=5",2
"030011",-0.089960020285408,7,0.914793775066752,7,0.530436325271423,8,-2.43006134318227,15,0.260313158737605,7,0.22,0.22,0.22,0.22,0.12,0.22,0.22,0.22,0.22,0.12,-0.205216498839978,5,2,1,"3) # of groups=5",3
"030012",-1.2743226708701,8,0.257289390343623,7,0.0323142005607867,11,-0.711200180006034,15,-0.366053719625106,10,0.22,0.22,0.22,0.22,0.12,0.22,0.22,0.22,0.22,0.12,-0.417028683548792,5,2,1,"3) # of groups=5",2
"030013",-1.51866367986322,8,-0.0547370227107685,8,0.173704801265418,11,-0.968281399738821,15,-0.0899169255114275,10,0.22,0.22,0.22,0.22,0.12,0.22,0.22,0.22,0.22,0.12,-0.531745037291798,5,2,1,"3) # of groups=5",2
"030014",0.543094020316012,7,-0.30308585833051,8,0.665992175641697,10,-0.411499755450609,15,-0.638600252869993,8,0.22,0.22,0.22,0.22,0.12,0.22,0.22,0.22,0.22,0.12,0.0321580977344506,5,2,1,"3) # of groups=5",3
"030016",0.20642355249209,6,-0.209722083382159,6,-1.25406866799625,7,-0.713969329923775,15,0.7287610076846,8,0.22,0.22,0.22,0.22,0.12,0.22,0.22,0.22,0.22,0.12,-0.346242715416069,5,2,1,"3) # of groups=5",2
"030022",0.0572887817286307,4,-0.233871101206021,6,-3.34559511908202,3,-0.685852085787132,15,1.43839918767511,7,0.22,0.22,0.22,0.22,0.12,0.22,0.22,0.22,0.22,0.12,-0.753158592835226,5,2,1,"3) # of groups=5",1
"030023",-0.143543664372724,8,0.684855295136318,7,0.235016217856289,11,-0.495968966460799,15,0.433658549091609,8,0.22,0.22,0.22,0.22,0.12,0.22,0.22,0.22,0.22,0.12,0.113717979965992,5,2,1,"3) # of groups=5",4
"030024",0.947273014623555,8,-0.0984122382886015,6,0.026585992774028,10,-0.122724736678644,15,-0.239213643352212,9,0.22,0.22,0.22,0.22,0.12,0.22,0.22,0.22,0.22,0.12,0.136893209932409,5,2,1,"3) # of groups=5",4
"030030",0.240111469030149,4,0.540283628730274,6,-0.0548749242521359,5,-2.79029230396189,15,-0.199401503042213,7,0.22,0.22,0.22,0.22,0.12,0.22,0.22,0.22,0.22,0.12,-0.478178049064858,5,2,1,"3) # of groups=5",2
"030036",0.25323250561469,8,0.293884177340585,7,-0.220799086355903,10,-0.0884096973189294,15,0.83760401148352,9,0.22,0.22,0.22,0.22,0.12,0.22,0.22,0.22,0.22,0.12,0.15285221921972,5,2,1,"3) # of groups=5",4
"030037",0.395787967180062,1,0.770587280664686,2,0.0624978753376606,2,-2.48479209932727,5,-0.504406502131684,8,0.22,0.22,0.22,0.22,0.12,0.22,0.22,0.22,0.22,0.12,-0.336830955007672,2,0,0,"",NA
"030038",0.0762437204628273,7,-0.279893362253937,7,0.156366548437822,8,-0.0799113310348688,15,-0.416275253604401,8,0.22,0.22,0.22,0.22,0.12,0.22,0.22,0.22,0.22,0.12,-0.0779358037979225,5,2,1,"3) # of groups=5",3
"030043",-0.360922251923446,6,0.555214303088886,5,-0.748246488739538,8,-0.55454664975226,15,-0.820286269944857,9,0.22,0.22,0.22,0.22,0.12,0.22,0.22,0.22,0.22,0.12,-0.342304591605182,5,2,1,"3) # of groups=5",2
"030055",0.278249304449989,7,0.424417978130864,6,0.655862741458988,9,-0.574977045646984,15,-1.37869593418869,10,0.22,0.22,0.22,0.22,0.12,0.22,0.22,0.22,0.22,0.12,0.00693814314378574,5,2,1,"3) # of groups=5",3
"030061",0.158852598725669,8,-0.195042932804385,7,-0.0591881039564874,9,-0.890460191448195,15,0.47505751450883,9,0.22,0.22,0.22,0.22,0.12,0.22,0.22,0.22,0.22,0.12,-0.159877596745288,5,2,1,"3) # of groups=5",3
"030062",0.891378709994696,7,-0.369478940769777,6,0.95416742986918,10,-0.476965144040761,15,-0.0885506517706808,10,0.22,0.22,0.22,0.22,0.12,0.22,0.22,0.22,0.22,0.12,0.209176373899253,5,2,1,"3) # of groups=5",4
"030064",0.567390396850468,8,0.055607716606127,7,0.605028429109273,10,-0.98301483508002,15,-0.793956323094104,8,0.22,0.22,0.22,0.22,0.12,0.22,0.22,0.22,0.22,0.12,-0.0413721831244059,5,2,1,"3) # of groups=5",3
"030065",-0.0286789407118893,8,-0.0796228220543858,7,-0.329296756923207,8,-1.6871873879523,15,0.0778724553276035,8,0.22,0.22,0.22,0.22,0.12,0.22,0.22,0.22,0.22,0.12,-0.45810820504188,5,2,1,"3) # of groups=5",2
"030069",-0.195444485417912,8,0.928064180109383,5,0.0209286866896448,11,-1.44188860261648,15,-0.622982853074295,9,0.22,0.22,0.22,0.22,0.12,0.22,0.22,0.22,0.22,0.12,-0.226192791040696,5,2,1,"3) # of groups=5",3
"030071",-0.319605143687242,2,-0.72531059546794,2,-0.963420233736439,3,-1.00160149897195,15,-2.1407788861756,3,0.22,0.22,0.22,0.22,0.12,0.22,0.22,0.22,0.22,0.12,-0.919079710151058,3,0,0,"",NA
"030073",1.14605732424476,2,-1.04315961733632,2,1.45734548613026,2,-0.59068944549964,15,0.88682381559841,6,0.22,0.22,0.22,0.22,0.12,0.22,0.22,0.22,0.22,0.12,0.319720682330402,2,0,0,"",NA
"030078",0.153527455819019,1,-0.370582174800971,2,1.45864678275657,1,1.26603378661283,10,2.27496755446089,2,0.22,0.22,0.22,0.22,0.12,0.22,0.22,0.22,0.22,0.12,0.824673793620545,1,0,0,"",NA
"030083",-0.170829435033567,5,0.153426840161082,4,1.32249665696953,6,-1.4472130340737,15,0.272292435397045,7,0.22,0.22,0.22,0.22,0.12,0.22,0.22,0.22,0.22,0.12,0.00140891841278133,5,2,1,"3) # of groups=5",3
"030084",-0.029799985036426,2,0.0918754929504994,2,-1.81695949597133,3,NA,0,0.863039356065942,3,0.22,0.22,0.22,0.22,0.12,0.282051282051282,0.282051282051282,0.282051282051282,NA,0.153846153846154,-0.362191993134209,2,0,0,"",NA
"030085",-0.741967385503163,8,0.600828247953705,8,0.365674747080926,11,-1.92746880021215,15,-1.23053752558425,9,0.22,0.22,0.22,0.22,0.12,0.22,0.22,0.22,0.22,0.12,-0.52230980501986,5,2,1,"3) # of groups=5",2
"030087",0.452549760450136,8,-0.268335634578164,8,-0.176270150188018,11,-0.436875939907214,15,-0.307027717866082,8,0.22,0.22,0.22,0.22,0.12,0.22,0.22,0.22,0.22,0.12,-0.131208358273047,5,2,1,"3) # of groups=5",3
"030088",-1.05116774401254,6,-0.0580341017544095,7,0.680895254057318,9,-1.82281307802152,15,0.191399990181854,9,0.22,0.22,0.22,0.22,0.12,0.22,0.22,0.22,0.22,0.12,-0.472278328519031,5,2,1,"3) # of groups=5",2
"030089",0.55576232544403,8,0.130608117187823,7,0.416107548203612,10,-1.00152682931051,15,0.374573498604275,8,0.22,0.22,0.22,0.22,0.12,0.22,0.22,0.22,0.22,0.12,0.0671580753680031,5,2,1,"3) # of groups=5",4
"030092",-0.29995887614728,8,-0.0363388677490524,7,-0.104974466464626,9,-0.290340167046486,15,-0.0736595185417227,8,0.22,0.22,0.22,0.22,0.12,0.22,0.22,0.22,0.22,0.12,-0.169793865254644,5,2,1,"3) # of groups=5",3
"030093",0.298467220330851,7,0.365972293110884,8,-0.132518116039342,8,-0.927916436451403,15,-0.0726352504222101,9,0.22,0.22,0.22,0.22,0.12,0.22,0.22,0.22,0.22,0.12,-0.0958351386414474,5,2,1,"3) # of groups=5",3
"030094",-0.307318566498361,8,0.631610843881602,7,-0.130481602520317,9,-2.00237355995343,15,-0.175759808704371,9,0.22,0.22,0.22,0.22,0.12,0.22,0.22,0.22,0.22,0.12,-0.418975011764436,5,2,1,"3) # of groups=5",2
"030101",-0.792816248780861,6,0.864899099947188,5,-0.690255092450522,8,-1.64889802906116,15,-0.100991396971238,9,0.22,0.22,0.22,0.22,0.12,0.22,0.22,0.22,0.22,0.12,-0.510874427112527,5,2,1,"3) # of groups=5",2
"030103",2.71827297267546,8,-0.179233348275743,8,0.415309975976881,11,1.80927827042354,15,-1.56653595424145,9,0.22,0.22,0.22,0.22,0.12,0.22,0.22,0.22,0.22,0.12,0.860013817067056,5,2,1,"3) # of groups=5",5
"030105",-0.148260798773872,6,-0.208212925328858,4,0.204986166021007,6,-2.27309056685339,15,1.78498203603636,2,0.22,0.22,0.22,0.22,0.12,0.22,0.22,0.22,0.22,0.12,-0.319209343161362,4,2,1,"2) # of groups=4",2
"030107",0.880308989902137,1,0.763741709842245,2,-1.00124522680856,3,1.44503158328249,15,0.411722312566107,2,0.22,0.22,0.22,0.22,0.12,0.22,0.22,0.22,0.22,0.12,0.508730829875962,2,0,0,"",NA
"030108",0.638048478541098,1,0.619721909984383,2,1.09310783795088,3,0.301086785413885,15,0.665183540623583,2,0.22,0.22,0.22,0.22,0.12,0.22,0.22,0.22,0.22,0.12,0.663254327490684,2,0,0,"",NA
"030110",-0.907223555490371,7,0.18954537798697,6,0.625307743817103,7,-2.228158260812,15,-0.563475341067698,7,0.22,0.22,0.22,0.22,0.12,0.22,0.22,0.22,0.22,0.12,-0.578133353717749,5,2,1,"3) # of groups=5",2
"030111",1.1968606075974,5,0.120949272233204,6,0.828560519573213,6,-1.27304142624147,15,-0.809804888463522,7,0.22,0.22,0.22,0.22,0.12,0.22,0.22,0.22,0.22,0.12,0.0949557874800937,5,2,1,"3) # of groups=5",4
"030112",0.638048478541098,1,-1.9628573031918,2,-3.01049138587879,3,1.23729720689109,15,2.05607220401397,2,0.22,0.22,0.22,0.22,0.12,0.22,0.22,0.22,0.22,0.12,-0.434831996318772,2,0,0,"",NA
"030113",0.89925953797156,2,NA,0,-0.119941888783035,2,-0.481540569389159,10,1.07279043407811,3,0.22,0.22,0.22,0.22,0.12,0.282051282051282,NA,0.282051282051282,0.282051282051282,0.153846153846154,0.249033089288761,2,0,0,"",NA
"030114",0.38576370172205,6,-0.056029274532285,5,0.981100739531588,8,-0.953852701798619,15,-0.86899200978961,8,0.22,0.22,0.22,0.22,0.12,0.22,0.22,0.22,0.22,0.12,-0.0257428988917517,5,2,1,"3) # of groups=5",3
"030115",0.47017074588066,8,0.0567561394681904,7,-0.0462520332875032,8,-0.130621906402198,15,-0.230592107820477,8,0.22,0.22,0.22,0.22,0.12,0.22,0.22,0.22,0.22,0.12,0.0493405951065556,5,2,1,"3) # of groups=5",3
"030117",-0.696837134905832,5,-0.67530251135955,2,0.668844858207679,6,-0.733906188667485,15,-0.423574306270024,8,0.22,0.22,0.22,0.22,0.12,0.22,0.22,0.22,0.22,0.12,-0.367013131631944,4,1,1,"2) # of groups=4",2
"030119",1.2169089008064,7,-0.154594557814404,8,0.586679044839793,10,0.143983124423017,15,0.788197101528384,9,0.22,0.22,0.22,0.22,0.12,0.22,0.22,0.22,0.22,0.12,0.489038484879463,5,2,1,"3) # of groups=5",5
"030121",-0.129709982961019,7,0.329092747691171,6,-0.578973485835169,8,-1.49127402071578,15,-1.17816271050416,8,0.22,0.22,0.22,0.22,0.12,0.22,0.22,0.22,0.22,0.12,-0.552969768461075,5,2,1,"3) # of groups=5",2
"030122",0.336797946087733,6,-0.0729909606715251,7,-0.445492158089789,8,-0.00519499439514697,15,0.292369539648225,8,0.22,0.22,0.22,0.22,0.12,0.22,0.22,0.22,0.22,0.12,-0.00602929199733317,5,2,1,"3) # of groups=5",3
"030123",1.50340311265634,7,0.226125306034199,7,0.503236515972216,8,0.629709286197962,15,-0.175622498263262,8,0.22,0.22,0.22,0.22,0.12,0.22,0.22,0.22,0.22,0.12,0.608669628797766,5,2,1,"3) # of groups=5",5
"03012F",1.55007194739111,5,0.251836682416089,4,1.61537513712277,6,-0.0474720591307739,10,-0.481278138188044,5,0.22,0.22,0.22,0.22,0.12,0.22,0.22,0.22,0.22,0.12,0.683605199133258,5,2,1,"3) # of groups=5",5
"030130",-0.131261892038122,4,0.391167825478872,4,-0.349842239269844,6,-0.172231291633173,15,0.106282700419977,8,0.22,0.22,0.22,0.22,0.12,0.22,0.22,0.22,0.22,0.12,-0.0449229473913015,5,2,1,"3) # of groups=5",3
"030134",1.55959877181563,3,NA,0,0.197574003271203,3,0.907101235205226,10,0.876936725237052,6,0.22,0.22,0.22,0.22,0.12,0.282051282051282,NA,0.282051282051282,0.282051282051282,0.153846153846154,0.886375242682948,4,1,1,"2) # of groups=4",5
"030136",0.874731001841311,2,NA,0,1.2564623334842,2,NA,0,0.929974808678817,7,0.22,0.22,0.22,0.22,0.12,0.392857142857143,NA,0.392857142857143,NA,0.214285714285714,1.03653484073763,1,0,0,"",NA
"030138",-0.573254078264098,1,0.537117663495267,3,0.918399613582565,5,1.67381447102055,15,0.441827232009239,5,0.22,0.22,0.22,0.22,0.12,0.22,0.22,0.22,0.22,0.12,0.615356355204651,4,1,1,"2) # of groups=4",4
"030139",0.845581421531012,4,-0.024177687972455,3,0.896221587446123,5,0.909439814446332,15,1.2776959500899,7,0.22,0.22,0.22,0.22,0.12,0.22,0.22,0.22,0.22,0.12,0.731277843810011,5,2,1,"3) # of groups=5",5
"03013F",1.71391292029488,5,0.255990628611283,4,-0.108036930788343,6,0.418652166193946,10,1.08662341965653,5,0.22,0.22,0.22,0.22,0.12,0.22,0.22,0.22,0.22,0.12,0.632108942907372,5,2,1,"3) # of groups=5",5
"030146",0.650119409793361,4,-0.0178775602602027,6,-0.354781126016004,6,0.797957462532105,15,0.105106934110039,7,0.22,0.22,0.22,0.22,0.12,0.22,0.22,0.22,0.22,0.12,0.249204833024042,5,2,1,"3) # of groups=5",4
"030147",0.861186648911455,4,0.620563028339516,2,-1.02227210137083,5,-0.334230351294053,15,0.0236199956324128,7,0.22,0.22,0.22,0.22,0.12,0.22,0.22,0.22,0.22,0.12,0.0303887888848289,4,1,1,"2) # of groups=4",3
"030148",0.287904354308283,6,0.017652039760921,3,0.121834167266543,6,-0.492873932492901,15,-0.351810748562352,9,0.22,0.22,0.22,0.22,0.12,0.22,0.22,0.22,0.22,0.12,-0.0566236314820561,5,2,1,"3) # of groups=5",3
"030152",NA,0,NA,0,-0.798671148347709,1,NA,0,0.709164963694274,3,0.22,0.22,0.22,0.22,0.12,NA,NA,0.647058823529412,NA,0.352941176470588,-0.266493697038774,1,0,0,"",NA
"030153",NA,0,NA,0,NA,0,NA,0,1.09871785816408,2,0.22,0.22,0.22,0.22,0.12,NA,NA,NA,NA,1,1.09871785816408,0,0,0,"",NA
"030154",-0.0973358935442875,2,NA,0,-0.328191461401529,2,NA,0,-0.867617574930415,3,0.22,0.22,0.22,0.22,0.12,0.392857142857143,NA,0.392857142857143,NA,0.214285714285714,-0.353089512642374,1,0,0,"",NA
"030155",NA,0,NA,0,NA,0,NA,0,-4.20312310452944,1,0.22,0.22,0.22,0.22,0.12,NA,NA,NA,NA,1,-4.20312310452944,0,0,0,"",NA
"03033F",2.22687739793915,3,NA,0,0.191423214726271,4,1.30884862223739,10,0.521560733423833,3,0.22,0.22,0.22,0.22,0.12,0.282051282051282,NA,0.282051282051282,0.282051282051282,0.153846153846154,1.13148733293523,4,1,1,"2) # of groups=4",5
"031300",1.21661808269406,2,NA,0,0.185950921755239,2,NA,0,0.233678523514775,5,0.22,0.22,0.22,0.22,0.12,0.392857142857143,NA,0.392857142857143,NA,0.214285714285714,0.601083221072534,1,0,0,"",NA
"031301",NA,0,NA,0,NA,0,NA,0,0.724391517583427,4,0.22,0.22,0.22,0.22,0.12,NA,NA,NA,NA,1,0.724391517583427,1,0,0,"",NA
"031302",NA,0,NA,0,0.238013079553492,2,NA,0,-0.0832330826343548,2,0.22,0.22,0.22,0.22,0.12,NA,NA,0.647058823529412,NA,0.352941176470588,0.124632081134252,0,0,0,"",NA
"031304",NA,0,NA,0,NA,0,NA,0,1.22355235450916,6,0.22,0.22,0.22,0.22,0.12,NA,NA,NA,NA,1,1.22355235450916,1,0,0,"",NA
"031305",NA,0,NA,0,0.204581265476417,1,NA,0,NA,0,0.22,0.22,0.22,0.22,0.12,NA,NA,1,NA,NA,0.204581265476417,0,0,0,"",NA
"031308",NA,0,NA,0,NA,0,NA,0,-0.77730491860118,2,0.22,0.22,0.22,0.22,0.12,NA,NA,NA,NA,1,-0.77730491860118,0,0,0,"",NA
"031309",-0.707524446859049,2,NA,0,-4.01515620160493,2,NA,0,1.09176067284224,3,0.22,0.22,0.22,0.22,0.12,0.392857142857143,NA,0.392857142857143,NA,0.214285714285714,-1.62139011057323,1,0,0,"",NA
"031311",-0.612435152279499,2,NA,0,-0.932355571779752,3,NA,0,0.647347120888203,5,0.22,0.22,0.22,0.22,0.12,0.392857142857143,NA,0.392857142857143,NA,0.214285714285714,-0.468164829975805,2,0,0,"",NA
"031312",-1.05777510098618,1,NA,0,0.706207472388479,1,0.944686983132014,5,0.467443722911492,5,0.22,0.22,0.22,0.22,0.12,0.282051282051282,NA,0.282051282051282,0.282051282051282,0.153846153846154,0.239204493265292,2,0,0,"",NA
"031313",NA,0,NA,0,NA,0,0.672536728617138,5,1.86836772608422,6,0.22,0.22,0.22,0.22,0.12,NA,NA,NA,0.647058823529412,0.352941176470588,1.09459472772317,2,0,0,"",NA
"031314",0.0406370581205967,5,NA,0,-1.27832826611854,9,-0.217007189535122,10,0.859898182572759,6,0.22,0.22,0.22,0.22,0.12,0.282051282051282,NA,0.282051282051282,0.282051282051282,0.153846153846154,-0.27800751993403,4,1,1,"2) # of groups=4",2
"031315",-0.173946351876474,2,NA,0,-0.722128145085056,3,1.07217113932742,10,-0.854508616250298,4,0.22,0.22,0.22,0.22,0.12,0.282051282051282,NA,0.282051282051282,0.282051282051282,0.153846153846154,-0.081794580294282,3,0,0,"",NA
"031317",-1.86712543096919,3,NA,0,0.199279119653038,5,NA,0,-1.78642229601567,3,0.22,0.22,0.22,0.22,0.12,0.392857142857143,NA,0.392857142857143,NA,0.214285714285714,-1.03803011430613,3,1,1,"1) # of groups=3",2
"031318",-0.311548892398984,5,1.15927422234555,1,0.440716930789269,6,0.148247392541605,10,-0.0165720958492799,7,0.22,0.22,0.22,0.22,0.12,0.22,0.22,0.22,0.22,0.12,0.314083072219123,4,1,1,"2) # of groups=4",4
"031319",-0.0887330555420189,1,0.713675579428008,1,0.444824436902087,4,1.13447986764304,10,0.0977468473393652,8,0.22,0.22,0.22,0.22,0.12,0.22,0.22,0.22,0.22,0.12,0.496663923935569,3,0,0,"",NA
"031320",0.880308989902137,1,NA,0,-0.798671148347709,1,NA,0,-1.41749779769761,2,0.22,0.22,0.22,0.22,0.12,0.392857142857143,NA,0.392857142857143,NA,0.214285714285714,-0.271677518895963,0,0,0,"",NA
"040001",-0.536548334633993,3,-0.523290591549428,3,0.414984843766513,5,0.38083237049344,15,-0.418813697424868,8,0.22,0.22,0.22,0.22,0.12,0.22,0.22,0.22,0.22,0.12,-0.108342420314147,5,2,1,"3) # of groups=5",3
"040002",0.210477541783123,4,-0.455942775278934,2,0.504652179658359,6,0.520091608529326,15,0.629310310753297,7,0.22,0.22,0.22,0.22,0.12,0.22,0.22,0.22,0.22,0.12,0.246958519322608,4,1,1,"2) # of groups=4",4
"040004",-0.282074030137979,8,0.440726646120371,8,1.43345080863002,11,0.116683514638618,15,-0.183025306018946,8,0.22,0.22,0.22,0.22,0.12,0.22,0.22,0.22,0.22,0.12,0.353970089912953,5,2,1,"3) # of groups=5",4
"040007",-0.178114291284347,8,0.516677148029952,6,0.377823931097276,10,-0.652438577272688,15,0.0772292894671211,7,0.22,0.22,0.22,0.22,0.12,0.22,0.22,0.22,0.22,0.12,0.023336121061497,5,2,1,"3) # of groups=5",3
"040010",0.244998074734154,8,0.363968559136706,7,0.595929001594452,8,0.345859101992739,15,0.784551043417705,10,0.22,0.22,0.22,0.22,0.12,0.22,0.22,0.22,0.22,0.12,0.435312167450896,5,2,1,"3) # of groups=5",5
"040011",0.51590665186742,4,NA,0,0.942940382158171,5,0.269078469029797,15,-0.850823575377442,8,0.22,0.22,0.22,0.22,0.12,0.282051282051282,NA,0.282051282051282,0.282051282051282,0.153846153846154,0.356467668752426,4,1,1,"2) # of groups=4",4
"040014",-0.842973306208886,7,-0.15224043822405,8,-0.396065554290661,10,-0.750864109568849,15,-0.0905883905912013,10,0.22,0.22,0.22,0.22,0.12,0.22,0.22,0.22,0.22,0.12,-0.482142156695282,5,2,1,"3) # of groups=5",2
"040016",-0.00820568818145009,7,-0.357759952818084,7,-0.558999189968656,9,0.0132286782381768,15,-1.1118071226489,9,0.22,0.22,0.22,0.22,0.12,0.22,0.22,0.22,0.22,0.12,-0.333998808318471,5,2,1,"3) # of groups=5",2
"040017",-1.99261367941338,5,0.216671561894601,3,0.256999375413662,9,-0.654219011999289,15,-0.447811306696133,10,0.22,0.22,0.22,0.22,0.12,0.22,0.22,0.22,0.22,0.12,-0.531832942706505,5,2,1,"3) # of groups=5",2
"040018",NA,0,NA,0,NA,0,NA,0,1.19980757560766,4,0.22,0.22,0.22,0.22,0.12,NA,NA,NA,NA,1,1.19980757560766,1,0,0,"",NA
"040019",-1.32225027508597,2,0.135096052542295,1,1.01588053020535,3,-1.26734128574939,5,0.771287146249475,9,0.22,0.22,0.22,0.22,0.12,0.22,0.22,0.22,0.22,0.12,-0.22394083762936,3,0,0,"",NA
"040020",-1.85105630612948,8,-2.27211816681054,6,-1.36103996233026,10,-0.0728975927930447,15,0.845652803448514,10,0.22,0.22,0.22,0.22,0.12,0.22,0.22,0.22,0.22,0.12,-1.12108630976011,5,2,1,"3) # of groups=5",1
"040022",-1.05878422336241,7,0.0712224464119333,7,0.889504297733573,7,-0.261262979668521,15,0.0604040014667942,9,0.22,0.22,0.22,0.22,0.12,0.22,0.22,0.22,0.22,0.12,-0.0718020207787782,5,2,1,"3) # of groups=5",3
"040026",-0.509064345917901,8,0.625870535612373,7,0.08647657666779,11,-0.216872006342948,15,-0.445322550585433,10,0.22,0.22,0.22,0.22,0.12,0.22,0.22,0.22,0.22,0.12,-0.0564283388660028,5,2,1,"3) # of groups=5",3
"040027",-1.62083944827403,8,-0.223889222944933,7,-0.744681430833453,11,0.245477445759158,15,-0.990305359859815,10,0.22,0.22,0.22,0.22,0.12,0.22,0.22,0.22,0.22,0.12,-0.634501827567695,5,2,1,"3) # of groups=5",2
"040029",-0.518359914744749,7,-1.06891142731028,7,-0.116684355392659,9,0.225297989881526,15,-0.179013016079891,9,0.22,0.22,0.22,0.22,0.12,0.22,0.22,0.22,0.22,0.12,-0.346786257594143,5,2,1,"3) # of groups=5",2
"040036",-1.19901608217221,8,0.296079715631705,7,-0.425080096333631,9,-1.77883586281405,15,-0.940679757109687,10,0.22,0.22,0.22,0.22,0.12,0.22,0.22,0.22,0.22,0.12,-0.796389082504563,5,2,1,"3) # of groups=5",1
"040039",-0.538292579977246,6,-0.9247019752859,3,-0.640257159105283,8,-0.343371486090215,15,-0.21518621038209,8,0.22,0.22,0.22,0.22,0.12,0.22,0.22,0.22,0.22,0.12,-0.564079449346752,5,2,1,"3) # of groups=5",2
"040041",0.0918827042798361,6,1.0903335896985,4,1.17920485638853,8,-0.519329925050995,15,-1.00739088245741,10,0.22,0.22,0.22,0.22,0.12,0.22,0.22,0.22,0.22,0.12,0.284373163674602,5,2,1,"3) # of groups=5",4
"040050",-0.75074985350022,3,0.739736744859496,2,-0.936551179980455,5,-1.21748156198864,5,-0.445971451200815,7,0.22,0.22,0.22,0.22,0.12,0.22,0.22,0.22,0.22,0.12,-0.529826661278258,4,1,1,"2) # of groups=4",2
"040051",1.49806624443077,4,0.158718617139361,2,-1.90236183740189,5,-0.247310632475446,15,-2.57847606842883,7,0.22,0.22,0.22,0.22,0.12,0.22,0.22,0.22,0.22,0.12,-0.417852402039045,4,1,1,"2) # of groups=4",2
"040055",0.117727706060923,8,-0.666512821401769,6,-0.597700509547933,10,-0.73720012796202,15,-0.245324163263666,9,0.22,0.22,0.22,0.22,0.12,0.22,0.22,0.22,0.22,0.12,-0.443849765218816,5,2,1,"3) # of groups=5",2
"040062",-0.313292645905228,8,0.574670338403382,7,0.00877340703767635,11,-0.234603787990558,15,0.0486062229772765,10,0.22,0.22,0.22,0.22,0.12,0.22,0.22,0.22,0.22,0.12,0.0136531552972331,5,2,1,"3) # of groups=5",3
"040067",-2.07076817148946,3,0.135096052542295,1,0.0187591984344505,5,0.634293782515733,5,-1.27942334471631,6,0.22,0.22,0.22,0.22,0.12,0.22,0.22,0.22,0.22,0.12,-0.435707011725293,4,1,1,"2) # of groups=4",2
"040069",0.382395594829218,3,0.196797124152676,1,-0.523176557929661,4,-2.40274115332513,5,-0.0259728984632919,7,0.22,0.22,0.22,0.22,0.12,0.22,0.22,0.22,0.22,0.12,-0.519396246115632,4,1,1,"2) # of groups=4",2
"040071",-1.19608269580436,7,-1.33462508813908,7,-0.337892087408519,10,-0.559097095759357,15,0.00240733486723449,9,0.22,0.22,0.22,0.22,0.12,0.22,0.22,0.22,0.22,0.12,-0.753804452580421,5,2,1,"3) # of groups=5",1
"040072",-0.00357404014439282,3,0.135096052542295,1,0.124250805761154,5,0.476285982456944,5,0.630254529045308,6,0.22,0.22,0.22,0.22,0.12,0.22,0.22,0.22,0.22,0.12,0.236683479620957,4,1,1,"2) # of groups=4",3
"040076",0.361144168076822,2,0.616334601638735,2,0.561319393898525,2,NA,0,-0.418221682620922,6,0.22,0.22,0.22,0.22,0.12,0.282051282051282,0.282051282051282,0.282051282051282,NA,0.153846153846154,0.369678197539215,1,0,0,"",NA
"040078",-1.26897901626003,8,-0.138037287324041,7,-0.581999282963458,9,-1.10236438851987,15,0.126092430505871,8,0.22,0.22,0.22,0.22,0.12,0.22,0.22,0.22,0.22,0.12,-0.664972502854123,5,2,1,"3) # of groups=5",2
"040084",-1.07266353081622,6,0.868919086898803,5,-0.125787951097664,7,-0.599597540939619,15,-0.406187912874037,7,0.22,0.22,0.22,0.22,0.12,0.22,0.22,0.22,0.22,0.12,-0.253151135454918,5,2,1,"3) # of groups=5",3
"040088",-0.535258438842213,6,-0.260493205886141,3,0.577686165508081,7,-0.192486885916302,15,0.169979102723682,8,0.22,0.22,0.22,0.22,0.12,0.22,0.22,0.22,0.22,0.12,-0.0699240280032046,5,2,1,"3) # of groups=5",3
"04009F",0.965270394768877,3,-0.050007162288847,1,3.23021279614268,4,1.75786575312069,10,1.29936386819124,4,0.22,0.22,0.22,0.22,0.12,0.22,0.22,0.22,0.22,0.12,1.4546588561665,4,1,1,"2) # of groups=4",5
"04010F",0.805594537305327,5,-0.26096598587844,3,-2.52188775068573,5,0.185343774229068,10,0.781480416377595,5,0.22,0.22,0.22,0.22,0.12,0.22,0.22,0.22,0.22,0.12,-0.300443743541239,5,2,1,"3) # of groups=5",2
"040114",-0.711794593518289,8,-0.0170301909089622,8,0.0300938122894491,9,-0.359655360422248,15,0.0466453487724577,9,0.22,0.22,0.22,0.22,0.12,0.22,0.22,0.22,0.22,0.12,-0.227247551310516,5,2,1,"3) # of groups=5",3
"040118",-0.64682481884432,8,-0.0367176984056681,6,-0.738076899804273,10,0.132208971615671,15,0.281332836991536,10,0.22,0.22,0.22,0.22,0.12,0.22,0.22,0.22,0.22,0.12,-0.249910357557505,5,2,1,"3) # of groups=5",3
"040119",-0.0737022822025785,7,-1.36276571478311,7,0.834179683816478,10,-0.718164398199078,15,1.37910303544528,9,0.22,0.22,0.22,0.22,0.12,0.22,0.22,0.22,0.22,0.12,-0.12500723224759,5,2,1,"3) # of groups=5",3
"040132",NA,0,NA,0,NA,0,NA,0,1.90352263823765,3,0.22,0.22,0.22,0.22,0.12,NA,NA,NA,NA,1,1.90352263823765,1,0,0,"",NA
"040134",-0.267695947678481,7,-0.155188486214598,4,-0.570427193420554,8,0.844611706420656,15,0.147959931854431,7,0.22,0.22,0.22,0.22,0.12,0.22,0.22,0.22,0.22,0.12,-0.0149587907739232,5,2,1,"3) # of groups=5",3
"040137",0.13784030100583,5,0.640668455817839,4,0.490570421308713,5,-0.794597491667126,15,-0.00805358403205843,6,0.22,0.22,0.22,0.22,0.12,0.22,0.22,0.22,0.22,0.12,0.103419540938509,5,2,1,"3) # of groups=5",4
"040147",-0.573254078264098,1,1.11348238116835,2,0.92430267712358,3,1.54053540522558,15,0.500933192056443,4,0.22,0.22,0.22,0.22,0.12,0.22,0.22,0.22,0.22,0.12,0.721226587802524,3,0,0,"",NA
"040153",1.07247171585402,2,NA,0,1.80866754299374,2,NA,0,0.28791202310334,4,0.22,0.22,0.22,0.22,0.12,0.392857142857143,NA,0.392857142857143,NA,0.214285714285714,1.19357157092662,1,0,0,"",NA
"040154",-0.172108106552212,6,-1.57671410822163,5,-0.707056045654297,7,0.255075650605728,15,-0.836738806767495,9,0.22,0.22,0.22,0.22,0.12,0.22,0.22,0.22,0.22,0.12,-0.58458523097303,5,2,1,"3) # of groups=5",2
"040156",-0.321117568657963,2,NA,0,0.555201840963139,4,1.40014542406377,5,0.339135421871796,8,0.22,0.22,0.22,0.22,0.12,0.282051282051282,NA,0.282051282051282,0.282051282051282,0.153846153846154,0.513111261315107,3,0,0,"",NA
"040161",-0.522130753118438,5,-0.0583311286170716,2,-1.32477177280471,6,1.12616775056303,15,-0.40259821504547,7,0.22,0.22,0.22,0.22,0.12,0.22,0.22,0.22,0.22,0.12,-0.219706284680438,4,1,1,"2) # of groups=4",2
"040164",NA,0,NA,0,-0.547858044891677,1,NA,0,-0.83602770114703,4,0.22,0.22,0.22,0.22,0.12,NA,NA,0.647058823529412,NA,0.352941176470588,-0.649564982393566,1,0,0,"",NA
"041300",0.238375782372871,3,1.15927422234555,1,1.94599806556177,3,NA,0,-0.218696464671019,5,0.22,0.22,0.22,0.22,0.12,0.282051282051282,0.282051282051282,0.282051282051282,NA,0.153846153846154,0.909434615001436,3,1,1,"1) # of groups=3",5
"041302",-1.71016957825778,2,NA,0,0.557901808979631,2,NA,0,0.391607410497454,5,0.22,0.22,0.22,0.22,0.12,0.392857142857143,NA,0.392857142857143,NA,0.214285714285714,-0.368760749966961,1,0,0,"",NA
"041303",-0.573254078264098,1,NA,0,0.455394368932441,1,NA,0,0.613307012623167,5,0.22,0.22,0.22,0.22,0.12,0.392857142857143,NA,0.392857142857143,NA,0.214285714285714,0.0851209026103848,1,0,0,"",NA
"041305",0.437754626409008,2,NA,0,0.265009667032865,2,NA,0,-0.444437851245959,5,0.22,0.22,0.22,0.22,0.12,0.392857142857143,NA,0.392857142857143,NA,0.214285714285714,0.180849290013745,1,0,0,"",NA
"041306",-3.23811970323553,1,NA,0,-1.40501679312291,2,NA,0,-0.864007396975792,3,0.22,0.22,0.22,0.22,0.12,0.392857142857143,NA,0.392857142857143,NA,0.214285714285714,-2.0092337800642,1,0,0,"",NA
"041307",-0.367149790977017,2,NA,0,0.364980486500582,4,NA,0,0.0508829466950607,5,0.22,0.22,0.22,0.22,0.12,0.392857142857143,NA,0.392857142857143,NA,0.214285714285714,0.0100512618189136,2,0,0,"",NA
"041308",NA,0,NA,0,0.204581265476417,1,NA,0,0.5361244091422,3,0.22,0.22,0.22,0.22,0.12,NA,NA,0.647058823529412,NA,0.352941176470588,0.321596492652576,1,0,0,"",NA
"041309",-0.0887330555420189,1,NA,0,-0.0462318379796146,1,NA,0,0.697278447851273,5,0.22,0.22,0.22,0.22,0.12,0.392857142857143,NA,0.392857142857143,NA,0.214285714285714,0.0963948877989167,1,0,0,"",NA
"041310",-1.02639541655228,2,0.713675579428008,1,-0.187131919435452,5,NA,0,1.64794459700676,6,0.22,0.22,0.22,0.22,0.12,0.282051282051282,0.282051282051282,0.282051282051282,NA,0.153846153846154,0.112546109227785,2,0,0,"",NA
"041311",-1.57039015020098,3,NA,0,-0.804420747872011,3,2.03269665179878,10,0.637368220001574,5,0.22,0.22,0.22,0.22,0.12,0.282051282051282,NA,0.282051282051282,0.282051282051282,0.153846153846154,0.00156288746136207,4,1,1,"2) # of groups=4",3
"041312",-0.513243506123911,3,NA,0,0.489743151278634,5,0.573571497751949,5,-0.263444295841362,8,0.22,0.22,0.22,0.22,0.12,0.282051282051282,NA,0.282051282051282,0.282051282051282,0.153846153846154,0.114618379408339,4,1,1,"2) # of groups=4",3
"041313",0.290412144155442,3,NA,0,0.923498007297508,5,NA,0,0.0924849174656198,6,0.22,0.22,0.22,0.22,0.12,0.392857142857143,NA,0.392857142857143,NA,0.214285714285714,0.496711470384863,3,1,1,"1) # of groups=3",4
"041317",-1.30003561234722,1,NA,0,-0.798671148347709,1,NA,0,1.00713297598119,1,0.22,0.22,0.22,0.22,0.12,0.392857142857143,NA,0.392857142857143,NA,0.214285714285714,-0.608677732562753,0,0,0,"",NA
"041318",0.627502680736483,3,-1.11121436763846,1,0.788107068696053,3,NA,0,0.767150444587691,6,0.22,0.22,0.22,0.22,0.12,0.282051282051282,0.282051282051282,0.282051282051282,NA,0.153846153846154,0.203878253006692,3,1,1,"1) # of groups=3",4
"041320",-0.815514589625137,1,NA,0,0.204581265476417,1,NA,0,-0.0121021958117044,4,0.22,0.22,0.22,0.22,0.12,0.392857142857143,NA,0.392857142857143,NA,0.214285714285714,-0.24260284787522,1,0,0,"",NA
"041321",0.577363718336891,2,NA,0,0.738613280590975,4,0.409469605747659,5,0.682903896965146,7,0.22,0.22,0.22,0.22,0.12,0.282051282051282,NA,0.282051282051282,0.282051282051282,0.153846153846154,0.591726564954401,3,0,0,"",NA
"041322",-1.22867340547714,2,NA,0,0.654461927333535,2,NA,0,1.92244195113377,1,0.22,0.22,0.22,0.22,0.12,0.392857142857143,NA,0.392857142857143,NA,0.214285714285714,0.186368765972249,0,0,0,"",NA
"041323",-0.136017268347289,4,1.15927422234555,1,-0.328628897966673,4,NA,0,-0.141360046971233,5,0.22,0.22,0.22,0.22,0.12,0.282051282051282,0.282051282051282,0.282051282051282,NA,0.153846153846154,0.174173034218463,3,1,1,"1) # of groups=3",4
"041324",-0.0773446323262029,2,NA,0,0.685036484846679,3,0.715961169376538,5,1.30790703659164,7,0.22,0.22,0.22,0.22,0.12,0.282051282051282,NA,0.282051282051282,0.282051282051282,0.153846153846154,0.574554498985051,3,0,0,"",NA
"041326",-0.325654843570127,2,NA,0,0.857561743679764,2,NA,0,-1.71477866771353,4,0.22,0.22,0.22,0.22,0.12,0.392857142857143,NA,0.392857142857143,NA,0.214285714285714,-0.158489146609827,1,0,0,"",NA
"041327",-1.94789281470666,2,NA,0,-0.751922272442114,2,NA,0,1.28486532037306,4,0.22,0.22,0.22,0.22,0.12,0.392857142857143,NA,0.392857142857143,NA,0.214285714285714,-0.785313358442791,1,0,0,"",NA
"041328",-0.934330971914167,2,NA,0,0.331821744403473,2,1.52082287530866,5,0.0132862902188605,5,0.22,0.22,0.22,0.22,0.12,0.282051282051282,NA,0.282051282051282,0.282051282051282,0.153846153846154,0.261055586335661,2,0,0,"",NA
"041329",0.897747113000839,2,NA,0,0.570324059526943,3,NA,0,0.126272485232589,6,0.22,0.22,0.22,0.22,0.12,0.392857142857143,NA,0.392857142857143,NA,0.214285714285714,0.603800636042898,2,0,0,"",NA
"041330",-0.681679948683965,4,NA,0,-1.05353643386311,4,0.975701737445454,10,0.619604004778409,5,0.22,0.22,0.22,0.22,0.12,0.282051282051282,NA,0.282051282051282,0.282051282051282,0.153846153846154,-0.118898386344805,4,1,1,"2) # of groups=4",3
"041331",-1.05777510098618,1,NA,0,-0.297044941435646,1,NA,0,0.726759830938177,3,0.22,0.22,0.22,0.22,0.12,0.392857142857143,NA,0.392857142857143,NA,0.214285714285714,-0.376516481464679,1,0,0,"",NA
"041332",-1.53695740037532,2,1.15927422234555,1,-0.682820086185183,3,1.2996595470727,10,0.0667925538864646,6,0.22,0.22,0.22,0.22,0.12,0.22,0.22,0.22,0.22,0.12,0.0606294886950801,3,0,0,"",NA
"041334",NA,0,NA,0,NA,0,NA,0,0.540113670333838,3,0.22,0.22,0.22,0.22,0.12,NA,NA,NA,NA,1,0.540113670333838,1,0,0,"",NA
"050002",-0.793541150676878,6,0.225250999925187,5,-2.54427380009001,5,-1.05793458705646,15,0.602701053683822,6,0.22,0.22,0.22,0.22,0.12,0.22,0.22,0.22,0.22,0.12,-0.845185551895537,5,2,1,"3) # of groups=5",1
"050006",0.338571871402305,8,0.591018448306452,7,1.6485027326013,11,-0.606089218630113,15,-1.27949703123545,10,0.22,0.22,0.22,0.22,0.12,0.22,0.22,0.22,0.22,0.12,0.280301199661334,5,2,1,"3) # of groups=5",4
"050007",1.50873612110373,8,0.907957439522218,7,0.902286184217572,11,0.500649611527054,15,0.330556321348052,9,0.22,0.22,0.22,0.22,0.12,0.22,0.22,0.22,0.22,0.12,0.879985216963293,5,2,1,"3) # of groups=5",5
"050008",0.524055439926387,4,-0.215001120930437,6,-0.121080521585119,5,-0.0780446555107392,15,-0.426696579256676,6,0.22,0.22,0.22,0.22,0.12,0.22,0.22,0.22,0.22,0.12,-0.0270191782927809,5,2,1,"3) # of groups=5",3
"050009",-0.238746635897101,8,0.703211879221614,6,0.145433704853927,11,0.135548174174311,15,0.549831051217755,10,0.22,0.22,0.22,0.22,0.12,0.22,0.22,0.22,0.22,0.12,0.229978093063736,5,2,1,"3) # of groups=5",4
"050013",0.675608033774222,8,-0.644907416962295,4,0.770838132447236,10,-0.0460110599761858,15,0.530860298201466,8,0.22,0.22,0.22,0.22,0.12,0.22,0.22,0.22,0.22,0.12,0.229919327426431,5,2,1,"3) # of groups=5",4
"050014",0.939535052799848,5,-0.466346990732965,3,0.418848811274545,9,0.686913713166341,15,0.040723453626728,9,0.22,0.22,0.22,0.22,0.12,0.22,0.22,0.22,0.22,0.12,0.352255943466917,5,2,1,"3) # of groups=5",4
"050017",0.112759328430353,8,-0.10687506568914,8,-0.674255545101978,9,-0.45579140619177,15,0.824475700228035,8,0.22,0.22,0.22,0.22,0.12,0.22,0.22,0.22,0.22,0.12,-0.148378707454194,5,2,1,"3) # of groups=5",3
"050022",1.27795210979721,8,0.105263409386218,7,-1.53527103548819,9,-1.33520943156185,15,-0.518732712670087,7,0.22,0.22,0.22,0.22,0.12,0.22,0.22,0.22,0.22,0.12,-0.389446214051065,5,2,1,"3) # of groups=5",2
"050024",0.764800960761191,6,0.921596963274614,3,-0.354038406099265,4,-1.76038296023173,15,0.0537590634690008,6,0.22,0.22,0.22,0.22,0.12,0.22,0.22,0.22,0.22,0.12,-0.0877140696886617,5,2,1,"3) # of groups=5",3
"050025",2.70693937754658,8,0.216188698222248,8,0.0324457097047244,11,-0.082628725701253,15,-0.867107368548142,8,0.22,0.22,0.22,0.22,0.12,0.22,0.22,0.22,0.22,0.12,0.527995028924129,5,2,1,"3) # of groups=5",5
"050026",0.310563293324304,8,0.381210332133106,7,-0.281127520055446,11,-0.269210868253335,15,0.389078599972332,8,0.22,0.22,0.22,0.22,0.12,0.22,0.22,0.22,0.22,0.12,0.0778051841693782,5,2,1,"3) # of groups=5",4
"050028",-0.359962991024165,4,-3.70301218528582,2,-0.0358151606551431,7,0.201706655543115,15,-0.874536536233796,8,0.22,0.22,0.22,0.22,0.12,0.22,0.22,0.22,0.22,0.12,-0.962302794260898,4,1,1,"2) # of groups=4",1
"050030",1.08690513355849,7,-0.28331006172652,7,-2.8728357690641,10,-3.83093727073583,10,-2.69680099145005,9,0.22,0.22,0.22,0.22,0.12,0.22,0.22,0.22,0.22,0.12,-1.62165527192696,5,2,1,"3) # of groups=5",1
"050036",-1.17643131075148,8,0.47771878450589,8,0.16954463730998,11,-0.138914004542749,15,0.00623482468805052,7,0.22,0.22,0.22,0.22,0.12,0.22,0.22,0.22,0.22,0.12,-0.146229837602673,5,2,1,"3) # of groups=5",3
"050038",0.700893493848426,8,-0.615172865100599,8,-0.548018830168237,11,-0.617247389535919,15,-0.344487298517588,9,0.22,0.22,0.22,0.22,0.12,0.22,0.22,0.22,0.22,0.12,-0.278838505832503,5,2,1,"3) # of groups=5",2
"050039",0.169327761009451,8,0.499714568287324,7,-0.483898113040512,11,-0.454589618597541,15,-0.111135659979374,10,0.22,0.22,0.22,0.22,0.12,0.22,0.22,0.22,0.22,0.12,-0.072614267712606,5,2,1,"3) # of groups=5",3
"050040",0.826783140232277,4,-0.142960045583317,7,-0.0860619026124738,6,-0.421272283250198,15,-3.13161110462968,7,0.22,0.22,0.22,0.22,0.12,0.22,0.22,0.22,0.22,0.12,-0.336965772622578,5,2,1,"3) # of groups=5",2
"050042",-0.134504929909941,5,0.893989423885447,2,0.10929553292568,8,0.341284766800715,15,1.29790426177241,8,0.22,0.22,0.22,0.22,0.12,0.22,0.22,0.22,0.22,0.12,0.421962766027107,4,1,1,"2) # of groups=4",4
"050043",1.67429037225451,8,0.298822580477126,7,0.856949760271039,9,-0.185465677169148,15,-0.367357642455754,8,0.22,0.22,0.22,0.22,0.12,0.22,0.22,0.22,0.22,0.12,0.537728430788685,5,2,1,"3) # of groups=5",5
"050045",-0.78200049120379,6,-1.75984562677296,4,-0.445374740050144,8,-1.11843662193466,15,-1.13906873222882,7,0.22,0.22,0.22,0.22,0.12,0.22,0.22,0.22,0.22,0.12,-1.039932893459,5,2,1,"3) # of groups=5",1
"050047",0.375305089982884,8,0.252590052444864,7,-0.757850273501549,10,-0.114056053422802,15,-0.192070508478746,9,0.22,0.22,0.22,0.22,0.12,0.22,0.22,0.22,0.22,0.12,-0.0767309216067022,5,2,1,"3) # of groups=5",3
"050054",-0.734764846635579,4,0.36412989604757,3,0.762778090040574,3,-0.559722709619817,15,-0.128309684858598,7,0.22,0.22,0.22,0.22,0.12,0.22,0.22,0.22,0.22,0.12,-0.0522646676198272,5,2,1,"3) # of groups=5",3
"050055",0.929381260290187,5,0.932820164824131,7,-1.1565693958621,6,-0.173842873073562,15,-0.337288735651191,6,0.22,0.22,0.22,0.22,0.12,0.22,0.22,0.22,0.22,0.12,0.0765189660811614,5,2,1,"3) # of groups=5",4
"050056",-0.777149889372803,7,-0.143249764819728,7,-1.15479107072823,7,-1.81621819719294,15,-0.693360884899465,7,0.22,0.22,0.22,0.22,0.12,0.22,0.22,0.22,0.22,0.12,-0.93931326905295,5,2,1,"3) # of groups=5",1
"050057",-0.710064303633288,8,0.346181433762547,7,0.745668270301982,11,-1.02378478682599,15,-0.0297678646263132,10,0.22,0.22,0.22,0.22,0.12,0.22,0.22,0.22,0.22,0.12,-0.144812008762002,5,2,1,"3) # of groups=5",3
"050058",1.37038540904439,7,0.0171291280431119,7,0.287999058783974,8,-1.26556581322757,15,-0.0369709810174303,7,0.22,0.22,0.22,0.22,0.12,0.22,0.22,0.22,0.22,0.12,0.0857519944595677,5,2,1,"3) # of groups=5",4
"050060",-0.269611843131105,8,-0.756775959929706,7,-0.714560349959978,10,-1.34803396724044,15,-0.649783329079856,8,0.22,0.22,0.22,0.22,0.12,0.22,0.22,0.22,0.22,0.12,-0.757550065947053,5,2,1,"3) # of groups=5",1
"050063",1.05261195676548,7,1.05681198835237,7,-0.0248363603299902,8,-2.67278836637457,15,-0.16993883008188,7,0.22,0.22,0.22,0.22,0.12,0.22,0.22,0.22,0.22,0.12,-0.149796831558902,5,2,1,"3) # of groups=5",3
"050067",-0.336281053271892,3,0.135096052542295,1,-2.60056710189721,4,-0.88732695948636,5,0.105027051761571,6,0.22,0.22,0.22,0.22,0.12,0.22,0.22,0.22,0.22,0.12,-0.798994147453508,4,1,1,"2) # of groups=4",1
"050069",1.27162830787814,8,-0.489792538979633,8,0.244695972082108,11,-0.331159150142007,15,0.110812518229541,9,0.22,0.22,0.22,0.22,0.12,0.22,0.22,0.22,0.22,0.12,0.166279472172039,5,2,1,"3) # of groups=5",4
"050070",-0.0887330555420189,1,0.591907413633813,6,0.204581265476417,1,0.0899329637299947,15,1.04683813660158,3,0.22,0.22,0.22,0.22,0.12,0.22,0.22,0.22,0.22,0.12,0.301112065597795,3,1,1,"1) # of groups=3",4
"050071",0.168251292424011,3,-0.23173651758387,6,-2.12889847687912,2,0.104605015543153,15,1.36225781272894,4,0.22,0.22,0.22,0.22,0.12,0.22,0.22,0.22,0.22,0.12,-0.295840373501609,4,2,1,"2) # of groups=4",2
"050072",0.153527455819019,1,-0.170540386428007,6,-0.547858044891677,1,-0.300878925216407,15,0.862156221779419,4,0.22,0.22,0.22,0.22,0.12,0.22,0.22,0.22,0.22,0.12,-0.0870062315442256,3,1,1,"1) # of groups=3",3
"050073",-1.09526901380915,3,-0.140686822804846,6,0.121422885169227,2,0.200401634329914,15,0.162232169028476,4,0.22,0.22,0.22,0.22,0.12,0.22,0.22,0.22,0.22,0.12,-0.181641029481851,4,2,1,"2) # of groups=4",2
"050075",0.314766872357669,6,-0.190354447120361,6,-2.22145888271154,4,-0.544779344389982,15,0.379826059147653,4,0.22,0.22,0.22,0.22,0.12,0.22,0.22,0.22,0.22,0.12,-0.535622549312409,5,2,1,"3) # of groups=5",2
"050076",0.153527455819019,1,-0.205632647347277,7,0.706207472388479,1,-0.356707008098696,15,0.682151358668163,4,0.22,0.22,0.22,0.22,0.12,0.22,0.22,0.22,0.22,0.12,0.147285123047715,3,1,1,"1) # of groups=3",4
"050077",0.621311035507091,8,0.34683964065556,7,-0.565053137642895,11,-0.400536959318943,15,0.555253278663472,9,0.22,0.22,0.22,0.22,0.12,0.22,0.22,0.22,0.22,0.12,0.0671937208637955,5,2,1,"3) # of groups=5",4
"050078",0.63490458594024,5,0.870222909593473,3,0.0185548893222718,6,-0.576412535543611,15,-0.0919270739290095,7,0.22,0.22,0.22,0.22,0.12,0.22,0.22,0.22,0.22,0.12,0.197368117977241,5,2,1,"3) # of groups=5",4
"050082",1.32445080869543,8,0.383111602294502,7,-0.113188232886321,11,-0.732183449401657,15,0.40002248020584,9,0.22,0.22,0.22,0.22,0.12,0.22,0.22,0.22,0.22,0.12,0.237684657939131,5,2,1,"3) # of groups=5",4
"050084",0.476659930516426,8,-0.442612832941477,6,-0.0549075907534898,8,-0.628814189963638,15,-0.00857620931721129,9,0.22,0.22,0.22,0.22,0.12,0.22,0.22,0.22,0.22,0.12,-0.143957575409345,5,2,1,"3) # of groups=5",3
"050089",0.531408032375548,3,0.862292487886828,6,-1.79109675387043,3,-0.846952010074396,15,0.416551258922095,7,0.22,0.22,0.22,0.22,0.12,0.22,0.22,0.22,0.22,0.12,-0.223770462539488,5,2,1,"3) # of groups=5",3
"050090",-0.658554281566837,5,-1.72414206201336,2,-0.254429874815378,6,0.89445180444106,15,0.291505800098268,9,0.22,0.22,0.22,0.22,0.12,0.22,0.22,0.22,0.22,0.12,-0.348407675058201,4,1,1,"2) # of groups=4",2
"050091",1.13715749905385,3,-1.07514548162294,2,-1.63145706344277,4,-2.32107628986178,10,-0.778837445387936,6,0.22,0.22,0.22,0.22,0.12,0.22,0.22,0.22,0.22,0.12,-0.949375187338753,4,1,1,"2) # of groups=4",1
"050093",-0.227579220535801,8,-0.24045722061303,8,-0.726550101118733,9,-0.848467378318428,15,0.0812140161874905,9,0.22,0.22,0.22,0.22,0.12,0.22,0.22,0.22,0.22,0.12,-0.439726180586419,5,2,1,"3) # of groups=5",2
"050099",0.329064724727323,8,0.083170392850915,7,0.430758265802573,8,-0.834953831187154,15,-1.52232338969324,9,0.22,0.22,0.22,0.22,0.12,0.22,0.22,0.22,0.22,0.12,-0.180910105280584,5,2,1,"3) # of groups=5",3
"050100",1.02124722994145,8,-0.279218366322457,8,-0.529879924239709,11,0.517872436556859,15,0.15890254540808,8,0.22,0.22,0.22,0.22,0.12,0.22,0.22,0.22,0.22,0.12,0.179673008154921,5,2,1,"3) # of groups=5",4
"050101",0.793760293406757,7,-0.407722277867559,6,-0.0953055833417708,9,-0.452169817830682,15,0.537674925640143,8,0.22,0.22,0.22,0.22,0.12,0.22,0.22,0.22,0.22,0.12,0.0290047662375011,5,2,1,"3) # of groups=5",3
"050102",0.192504433709089,4,0.617437939703961,4,-0.906173342267773,5,-0.869210787775563,15,0.825182260774624,6,0.22,0.22,0.22,0.22,0.12,0.22,0.22,0.22,0.22,0.12,-0.113375315165708,5,2,1,"3) # of groups=5",3
"050103",1.05676822797475,7,0.162551797267999,7,-0.301868404202145,7,-1.18177335604252,15,0.0486876034963058,7,0.22,0.22,0.22,0.22,0.12,0.22,0.22,0.22,0.22,0.12,-0.0523082692808649,5,2,1,"3) # of groups=5",3
"050104",0.802394246119006,7,0.420497616069356,6,1.2477096912445,5,-2.03897599523327,15,-0.35980109662171,7,0.22,0.22,0.22,0.22,0.12,0.22,0.22,0.22,0.22,0.12,0.0517814912093051,5,2,1,"3) # of groups=5",3
"050107",-0.702791991416625,8,0.591425030769222,7,-0.396510145801669,11,-0.472011814876725,15,0.216564290972022,9,0.22,0.22,0.22,0.22,0.12,0.22,0.22,0.22,0.22,0.12,-0.189587847775033,5,2,1,"3) # of groups=5",3
"050108",0.563061844530759,8,0.211658945394992,8,0.288790417671515,11,0.447169284465203,15,0.402276022119916,7,0.22,0.22,0.22,0.22,0.12,0.22,0.22,0.22,0.22,0.12,0.380622830908133,5,2,1,"3) # of groups=5",4
"050110",-2.56057012911247,5,0.0771312855162583,4,-1.2751415174392,9,-1.09096457897237,15,-0.140779421569592,9,0.22,0.22,0.22,0.22,0.12,0.22,0.22,0.22,0.22,0.12,-1.08379341739006,5,2,1,"3) # of groups=5",1
"050112",2.04469966517944,7,-0.26740106693677,7,0.768292434625584,10,0.234104606883055,15,-1.54321920647337,9,0.22,0.22,0.22,0.22,0.12,0.22,0.22,0.22,0.22,0.12,0.426346735968484,5,2,1,"3) # of groups=5",5
"050113",-0.61620535502124,2,-0.877514320134765,2,-0.411822213213949,3,-0.500484386506263,15,-0.386844185336298,5,0.22,0.22,0.22,0.22,0.12,0.22,0.22,0.22,0.22,0.12,-0.575747082713124,3,0,0,"",NA
"050115",-0.582522370807525,8,0.3430886432986,7,0.686130355256475,11,-0.595098904644917,15,-0.0114513163224497,9,0.22,0.22,0.22,0.22,0.12,0.22,0.22,0.22,0.22,0.12,-0.0340226588761147,5,2,1,"3) # of groups=5",3
"050116",1.29207551746466,8,0.724227475228831,7,-0.764900825250043,10,-0.814711205938609,15,0.638378755616189,6,0.22,0.22,0.22,0.22,0.12,0.22,0.22,0.22,0.22,0.12,0.172677462205007,5,2,1,"3) # of groups=5",4
"050118",0.61361271585402,5,0.0861076659221598,2,-1.54058447576779,6,-1.53136378189734,15,0.236715754336527,9,0.22,0.22,0.22,0.22,0.12,0.22,0.22,0.22,0.22,0.12,-0.493484242175186,4,1,1,"2) # of groups=4",2
"050121",-0.433822886888765,7,0.669401127676218,7,0.116821061345154,7,-0.790015580538637,15,-0.139379588956988,8,0.22,0.22,0.22,0.22,0.12,0.22,0.22,0.22,0.22,0.12,-0.113001131924165,5,2,1,"3) # of groups=5",3
"050122",-1.30959187732965,6,0.384123683351042,5,-0.0758767399187506,8,-0.808704245499802,15,0.760566109784873,8,0.22,0.22,0.22,0.22,0.12,0.22,0.22,0.22,0.22,0.12,-0.306942886293191,5,2,1,"3) # of groups=5",2
"050124",1.31902705498224,7,0.714773259727934,7,0.226481741404053,7,-0.762930414925916,15,-0.737676191003536,8,0.22,0.22,0.22,0.22,0.12,0.22,0.22,0.22,0.22,0.12,0.240896218141004,5,2,1,"3) # of groups=5",4
"050125",1.02939017946483,7,0.399254342680387,7,-1.05946149497898,8,-0.96869310354942,15,0.733568346862543,7,0.22,0.22,0.22,0.22,0.12,0.22,0.22,0.22,0.22,0.12,-0.0438640151807951,5,2,1,"3) # of groups=5",3
"050126",0.247399375645357,7,-0.0341945783429222,7,-1.70693032784037,8,-1.19787876202531,15,-1.32723108445795,7,0.22,0.22,0.22,0.22,0.12,0.22,0.22,0.22,0.22,0.12,-0.751420674498868,5,2,1,"3) # of groups=5",1
"050127",0.248788416998988,5,0.267036428654528,5,0.953103439204055,8,0.153282777649067,15,0.801630956524532,9,0.22,0.22,0.22,0.22,0.12,0.22,0.22,0.22,0.22,0.12,0.453082148534404,5,2,1,"3) # of groups=5",5
"050128",-0.945293435008021,7,-0.429160742742244,7,-0.125266120430738,10,-1.8854245235803,15,-0.197930974694878,6,0.22,0.22,0.22,0.22,0.12,0.22,0.22,0.22,0.22,0.12,-0.768483577750872,5,2,1,"3) # of groups=5",1
"050129",-0.235869290308584,8,-0.0282252079022468,7,-1.20271096983956,8,-0.807082369468161,15,0.50562498146025,7,0.22,0.22,0.22,0.22,0.12,0.22,0.22,0.22,0.22,0.12,-0.439580326478851,5,2,1,"3) # of groups=5",2
"050131",0.796402549210981,5,1.23044221117562,3,0.0286436060081065,7,0.432140996566004,15,-0.695566701132628,7,0.22,0.22,0.22,0.22,0.12,0.22,0.22,0.22,0.22,0.12,0.463810455715441,5,2,1,"3) # of groups=5",5
"050132",0.982581472304002,6,0.707052762955895,7,0.39890595605986,5,-1.0522700325705,15,0.649173001552671,6,0.22,0.22,0.22,0.22,0.12,0.22,0.22,0.22,0.22,0.12,0.305880195111157,5,2,1,"3) # of groups=5",4
"050133",-0.579065581299129,8,-0.341858332865581,7,-0.455633673867882,10,-1.28943823015129,15,0.270410381657282,10,0.22,0.22,0.22,0.22,0.12,0.22,0.22,0.22,0.22,0.12,-0.55406983420158,5,2,1,"3) # of groups=5",2
"050135",2.51555199602001,7,1.13880875437732,5,-0.127284771993217,6,-3.4279124121066,10,-2.04425955409396,6,0.22,0.22,0.22,0.22,0.12,0.22,0.22,0.22,0.22,0.12,-0.223495161905822,5,2,1,"3) # of groups=5",3
"050136",0.836426960263912,5,0.629127186173499,3,-0.0925167211095316,7,-0.22108210850653,15,-1.15164363211124,8,0.22,0.22,0.22,0.22,0.12,0.22,0.22,0.22,0.22,0.12,0.115232933847348,5,2,1,"3) # of groups=5",4
"050137",0.880308989902137,1,-0.0662502705210806,6,0.204581265476417,1,0.387623847975499,15,0.590780273096389,4,0.22,0.22,0.22,0.22,0.12,0.22,0.22,0.22,0.22,0.12,0.380271675994821,3,1,1,"1) # of groups=3",4
"050138",0.886138318811635,4,0.221236246122823,6,0.290581974501428,3,0.274214636168398,15,1.22227147156907,4,0.22,0.22,0.22,0.22,0.12,0.22,0.22,0.22,0.22,0.12,0.514550235221231,5,2,1,"3) # of groups=5",5
"050139",0.880308989902137,1,0.114262760759644,7,-0.547858044891677,1,-0.140738923916192,15,0.612633996205754,4,0.22,0.22,0.22,0.22,0.12,0.22,0.22,0.22,0.22,0.12,0.140830531552551,3,1,1,"1) # of groups=3",4
"050140",0.805570405585554,2,-0.149035716965966,7,-1.63402495563381,3,0.790876826883682,15,1.15438631677921,4,0.22,0.22,0.22,0.22,0.12,0.22,0.22,0.22,0.22,0.12,0.0974714011847864,4,1,1,"2) # of groups=4",3
"050145",1.43766060953819,8,-0.52845390585096,7,0.0859404223736338,11,0.548197958957682,15,-0.155204480966,10,0.22,0.22,0.22,0.22,0.12,0.22,0.22,0.22,0.22,0.12,0.32091138098816,5,2,1,"3) # of groups=5",4
"050149",1.02642661233198,4,-0.689410763549426,8,-0.840688465595719,6,-1.43656745994045,15,0.819029268633261,7,0.22,0.22,0.22,0.22,0.12,0.22,0.22,0.22,0.22,0.12,-0.328569304649804,5,2,1,"3) # of groups=5",2
"050150",0.639777149697055,6,-0.622248750834504,5,0.00217765599951248,9,-0.294242070804317,15,0.317809152282685,9,0.22,0.22,0.22,0.22,0.12,0.22,0.22,0.22,0.22,0.12,-0.0222608252333736,5,2,1,"3) # of groups=5",3
"050152",0.521236021396051,5,0.629583080616081,5,-1.07321376768026,7,-0.713318688965316,15,0.205593090202073,8,0.22,0.22,0.22,0.22,0.12,0.22,0.22,0.22,0.22,0.12,-0.115185767195109,5,2,1,"3) # of groups=5",3
"050158",1.40505302392881,3,0.902369686736353,3,-0.596069154609113,4,-2.28290822123333,10,-0.521936834600134,6,0.22,0.22,0.22,0.22,0.12,0.22,0.22,0.22,0.22,0.12,-0.188374446491018,5,2,1,"3) # of groups=5",3
"050159",0.127753778456908,6,-0.688341949015115,7,-0.543347397285493,9,-0.865922360752112,15,0.45460131632028,8,0.22,0.22,0.22,0.22,0.12,0.22,0.22,0.22,0.22,0.12,-0.378816586332645,5,2,1,"3) # of groups=5",2
"050167",-0.361302063460692,6,0.134747740015567,6,-0.700095337655969,6,-2.44780102571665,15,0.607962098318113,8,0.22,0.22,0.22,0.22,0.12,0.22,0.22,0.22,0.22,0.12,-0.66942369930173,5,2,1,"3) # of groups=5",2
"050168",0.285896133784378,8,0.639544085359098,8,0.762990739875611,11,0.278844011984463,15,-0.08067102320404,10,0.22,0.22,0.22,0.22,0.12,0.22,0.22,0.22,0.22,0.12,0.423119970836296,5,2,1,"3) # of groups=5",4
"050169",0.798287621007996,8,0.0403200498311648,8,-0.0319502315469654,11,0.45560162628979,15,-0.288330736681119,8,0.22,0.22,0.22,0.22,0.12,0.22,0.22,0.22,0.22,0.12,0.243097306026303,5,2,1,"3) # of groups=5",4
"050174",0.550116295545493,8,-0.376658194520878,7,0.240164853484782,11,-0.816470412134992,15,-0.122500615160784,10,0.22,0.22,0.22,0.22,0.12,0.22,0.22,0.22,0.22,0.12,-0.103326514496925,5,2,1,"3) # of groups=5",3
"050179",-0.437926018396447,7,0.675262890571754,6,-1.2166091407057,10,-1.68714221560425,15,-0.593418739651985,9,0.22,0.22,0.22,0.22,0.12,0.22,0.22,0.22,0.22,0.12,-0.65782143526786,5,2,1,"3) # of groups=5",2
"050180",0.179807818292836,7,-0.413278527753374,8,0.369084998445239,10,-1.25305611419043,15,-1.46656443216676,8,0.22,0.22,0.22,0.22,0.12,0.22,0.22,0.22,0.22,0.12,-0.421824933405271,5,2,1,"3) # of groups=5",2
"050191",1.63289424799269,7,0.224769057668023,6,1.08715349806905,6,-1.10617005167786,15,0.177598749693109,7,0.22,0.22,0.22,0.22,0.12,0.22,0.22,0.22,0.22,0.12,0.425814135414592,5,2,1,"3) # of groups=5",5
"050192",1.31624465218578,2,-1.41003635918617,1,1.22498212114754,2,-0.33856488072026,10,2.08321004157361,6,0.22,0.22,0.22,0.22,0.12,0.22,0.22,0.22,0.22,0.12,0.424362822342749,2,0,0,"",NA
"050194",0.396481380502169,5,-0.483961248829827,2,-0.986390891185343,6,-0.519268694362763,15,0.418455073652583,9,0.22,0.22,0.22,0.22,0.12,0.22,0.22,0.22,0.22,0.12,-0.300276071014358,4,1,1,"2) # of groups=4",2
"050195",0.231068072841758,8,0.12481800716073,7,-1.41910873857551,11,-0.412830398307596,15,0.199180248561986,8,0.22,0.22,0.22,0.22,0.12,0.22,0.22,0.22,0.22,0.12,-0.300830042686298,5,2,1,"3) # of groups=5",2
"050197",1.03548842533287,8,0.654357502389572,5,1.33404874544302,9,0.359351992251433,15,0.745998888056637,7,0.22,0.22,0.22,0.22,0.12,0.22,0.22,0.22,0.22,0.12,0.833834132958513,5,2,1,"3) # of groups=5",5
"050204",-0.108828588180619,7,0.523810831390769,7,0.0655163537873349,7,-1.16993618836891,15,0.0644411840383046,6,0.22,0.22,0.22,0.22,0.12,0.22,0.22,0.22,0.22,0.12,-0.143943328017117,5,2,1,"3) # of groups=5",3
"050211",0.949647685051528,5,0.101852120738711,3,0.285942238702129,4,-0.328568002310765,15,0.177454689054353,7,0.22,0.22,0.22,0.22,0.12,0.22,0.22,0.22,0.22,0.12,0.243246851966475,5,2,1,"3) # of groups=5",4
"050222",0.985360830207815,8,-0.47089653130197,6,-0.100268659643144,10,0.201930348343355,15,0.344668349355828,8,0.22,0.22,0.22,0.22,0.12,0.22,0.22,0.22,0.22,0.12,0.176907919196032,5,2,1,"3) # of groups=5",4
"050224",0.679120806282521,8,0.462521601871462,7,0.946257709806972,10,0.317475040718052,15,-0.590364981249351,10,0.22,0.22,0.22,0.22,0.12,0.22,0.22,0.22,0.22,0.12,0.458338737159459,5,2,1,"3) # of groups=5",5
"050226",0.525187252774438,8,0.458325293997357,5,0.159211572710966,8,-1.00786415101323,15,0.553383083158627,7,0.22,0.22,0.22,0.22,0.12,0.22,0.22,0.22,0.22,0.12,0.0960751630423321,5,2,1,"3) # of groups=5",4
"050228",1.07684009839248,7,-0.536146418176214,7,-1.05023859727517,9,-0.725517940640114,15,-2.12320578360443,8,0.22,0.22,0.22,0.22,0.12,0.22,0.22,0.22,0.22,0.12,-0.526498522726315,5,2,1,"3) # of groups=5",2
"050230",0.798819707812511,4,-0.514916757802637,3,-0.548707490950972,5,-2.02987360947857,10,0.950314787072167,7,0.22,0.22,0.22,0.22,0.12,0.22,0.22,0.22,0.22,0.12,-0.390791418643667,5,2,1,"3) # of groups=5",2
"050231",0.389658810953536,8,0.642225996794157,7,-0.265777741204634,11,-0.577238982311258,15,-0.0679749846684409,8,0.22,0.22,0.22,0.22,0.12,0.22,0.22,0.22,0.22,0.12,0.0333939803707833,5,2,1,"3) # of groups=5",3
"050232",0.307704143579071,8,0.773700183736482,6,1.60283656832031,9,0.0753702786582997,15,0.607052420088785,9,0.22,0.22,0.22,0.22,0.12,0.22,0.22,0.22,0.22,0.12,0.67996074875537,5,2,1,"3) # of groups=5",5
"050234",0.857340183434665,5,-0.692718786489845,4,1.02466938871621,7,0.895557543455144,15,0.831789208037237,7,0.22,0.22,0.22,0.22,0.12,0.22,0.22,0.22,0.22,0.12,0.558481337370027,5,2,1,"3) # of groups=5",4
"050235",1.05440578335168,8,-0.0625077714648452,8,-0.843084858763885,11,-0.829683047956646,15,0.258714340206169,7,0.22,0.22,0.22,0.22,0.12,0.22,0.22,0.22,0.22,0.12,-0.118745656038673,5,2,1,"3) # of groups=5",3
"050236",0.587841349389502,7,-0.330288112251437,7,-1.24689404321628,8,-0.4286918123516,15,0.270244338172224,8,0.22,0.22,0.22,0.22,0.12,0.22,0.22,0.22,0.22,0.12,-0.279537855473892,5,2,1,"3) # of groups=5",2
"050238",0.779097723121636,8,-0.408390558291472,7,0.426723861859367,8,-1.4766971147816,15,-0.191030640810298,7,0.22,0.22,0.22,0.22,0.12,0.22,0.22,0.22,0.22,0.12,-0.172362216277491,5,2,1,"3) # of groups=5",3
"050239",1.71581116100647,8,0.876018300447029,7,-0.753941595831748,9,-1.06736329028508,15,0.25655473789028,9,0.22,0.22,0.22,0.22,0.12,0.22,0.22,0.22,0.22,0.12,0.200301975120901,5,2,1,"3) # of groups=5",4
"050242",1.07733470880422,8,0.094809837711744,7,0.257749232074531,11,-0.845169603410595,15,0.731692531112327,8,0.22,0.22,0.22,0.22,0.12,0.22,0.22,0.22,0.22,0.12,0.216442422273057,5,2,1,"3) # of groups=5",4
"050243",-0.982374254401404,8,0.307549050235654,6,-0.0677508321572045,9,-1.6421184678889,15,-1.03496852256894,8,0.22,0.22,0.22,0.22,0.12,0.22,0.22,0.22,0.22,0.12,-0.648829013634881,5,2,1,"3) # of groups=5",2
"050245",-0.333176293874542,6,-0.0388867588459052,6,-1.16039988003778,7,-0.806838773358079,15,0.805802126782171,8,0.22,0.22,0.22,0.22,0.12,0.22,0.22,0.22,0.22,0.12,-0.417950120131727,5,2,1,"3) # of groups=5",2
"050248",0.663667257285499,6,0.344436117416721,6,-1.15704143200228,6,-0.459796117444152,15,-0.164761954790638,9,0.22,0.22,0.22,0.22,0.12,0.22,0.22,0.22,0.22,0.12,-0.153692953018603,5,2,1,"3) # of groups=5",3
"050254",-0.446812762953132,7,0.00569954145335779,4,1.53006336831245,9,-0.0356719645698172,15,0.157792044866197,10,0.22,0.22,0.22,0.22,0.12,0.22,0.22,0.22,0.22,0.12,0.250656245477373,5,2,1,"3) # of groups=5",4
"050257",1.03735620492872,2,0.431231386807592,2,2.25749808360815,2,NA,0,-1.08233173040549,2,0.22,0.22,0.22,0.22,0.12,0.282051282051282,0.282051282051282,0.282051282051282,NA,0.153846153846154,0.884434667855286,0,0,0,"",NA
"05025F",0.0903080342068345,4,0.75373554022989,3,0.10797926965889,6,0.486853745375289,10,1.05446900425602,4,0.22,0.22,0.22,0.22,0.12,0.22,0.22,0.22,0.22,0.12,0.443089130194321,5,2,1,"3) # of groups=5",5
"050261",-1.28871816021862,6,0.334545852635508,5,0.348982540277248,10,-1.04492004279777,15,1.15281017631043,7,0.22,0.22,0.22,0.22,0.12,0.22,0.22,0.22,0.22,0.12,-0.224686937065548,5,2,1,"3) # of groups=5",3
"050262",1.55870613774892,8,-0.0448549949375129,7,0.804185581235626,10,-0.144246434372384,15,-1.80896195166881,8,0.22,0.22,0.22,0.22,0.12,0.22,0.22,0.22,0.22,0.12,0.261158429528166,5,2,1,"3) # of groups=5",4
"050272",-0.905425045008064,5,-0.487924720615645,7,0.530566887745475,9,0.00328890220800684,15,-1.08334115552413,7,0.22,0.22,0.22,0.22,0.12,0.22,0.22,0.22,0.22,0.12,-0.319089613310346,5,2,1,"3) # of groups=5",2
"050276",0.519045466512878,5,0.114024311273184,5,0.431170445694337,6,-0.10116208933532,15,-0.112604893525834,8,0.22,0.22,0.22,0.22,0.12,0.22,0.22,0.22,0.22,0.12,0.198364602288817,5,2,1,"3) # of groups=5",4
"050278",1.01946320128771,7,0.266349140535374,8,-0.057710287416438,10,-0.527696166785495,15,-0.0326261255148179,8,0.22,0.22,0.22,0.22,0.12,0.22,0.22,0.22,0.22,0.12,0.150174160214875,5,2,1,"3) # of groups=5",4
"050279",-0.631335728967056,3,0.678035673249115,2,-0.0320344056514502,3,-1.66129883669967,15,-0.417651673377866,7,0.22,0.22,0.22,0.22,0.12,0.22,0.22,0.22,0.22,0.12,-0.412377526380537,4,1,1,"2) # of groups=4",2
"05027F",1.7783441712734,5,0.0912785249011903,4,-1.07416504565928,5,-0.691951015337686,10,1.14892641040586,5,0.22,0.22,0.22,0.22,0.12,0.22,0.22,0.22,0.22,0.12,0.160642628987781,5,2,1,"3) # of groups=5",4
"050280",-0.671462340004528,8,0.117673135993532,7,-0.760085384765478,11,-0.77217784152329,15,0.0570461810194244,8,0.22,0.22,0.22,0.22,0.12,0.22,0.22,0.22,0.22,0.12,-0.452085992943617,5,2,1,"3) # of groups=5",2
"050281",0.294692848171679,4,0.853572678231884,4,0.426757003248583,3,-0.336847650224705,15,0.409575834845965,6,0.22,0.22,0.22,0.22,0.12,0.22,0.22,0.22,0.22,0.12,0.321547573655553,5,2,1,"3) # of groups=5",4
"050283",1.09144370807503,8,0.480855843779224,7,0.966921565963794,9,-0.0904653658511118,15,0.0385562543395864,9,0.22,0.22,0.22,0.22,0.12,0.22,0.22,0.22,0.22,0.12,0.543353015953476,5,2,1,"3) # of groups=5",5
"050289",-0.841693859165773,6,0.322106418661315,3,-0.607597108399274,7,-1.86441610310213,15,-1.53865553153367,7,0.22,0.22,0.22,0.22,0.12,0.22,0.22,0.22,0.22,0.12,-0.84279080722533,5,2,1,"3) # of groups=5",1
"050290",1.40540293606346,8,0.429193201008864,7,0.334492041129269,11,-0.242399768032934,15,-0.752259735023148,8,0.22,0.22,0.22,0.22,0.12,0.22,0.22,0.22,0.22,0.12,0.333600282034327,5,2,1,"3) # of groups=5",4
"050291",1.00315539374011,7,0.657982875219391,7,0.395145966825716,10,0.194882151862146,15,-0.55018562409011,9,0.22,0.22,0.22,0.22,0.12,0.22,0.22,0.22,0.22,0.12,0.429234330391607,5,2,1,"3) # of groups=5",5
"050292",0.580060824215843,6,0.568778168350981,7,-0.699301540119783,8,-0.853006149479142,15,0.475480476549896,7,0.22,0.22,0.22,0.22,0.12,0.22,0.22,0.22,0.22,0.12,-0.0317054561610747,5,2,1,"3) # of groups=5",3
"050295",0.000864869190971908,7,0.63172127681009,7,0.421324535584994,6,-1.05675939664502,15,0.163228293940098,8,0.22,0.22,0.22,0.22,0.12,0.22,0.22,0.22,0.22,0.12,0.0189606779598397,5,2,1,"3) # of groups=5",3
"050298",-1.05044732200847,3,-3.38550286610515,2,1.11232593902108,4,-0.560492513066536,15,-1.22770109462119,7,0.22,0.22,0.22,0.22,0.12,0.22,0.22,0.22,0.22,0.12,-1.00182981902954,4,1,1,"2) # of groups=4",1
"050300",1.01468412269661,7,-0.203085115854814,7,-0.66971646692658,8,-2.16630551816043,15,0.12010838653833,7,0.22,0.22,0.22,0.22,0.12,0.22,0.22,0.22,0.22,0.12,-0.430960048829348,5,2,1,"3) # of groups=5",2
"050301",0.991268786350446,5,0.771382952863083,4,-0.331000792906719,8,-0.63196180176599,15,0.207235897007883,8,0.22,0.22,0.22,0.22,0.12,0.22,0.22,0.22,0.22,0.12,0.200799919439926,5,2,1,"3) # of groups=5",4
"050305",1.4231743818846,7,-0.158722406400319,7,0.876804859361573,9,-1.50418766014588,15,0.0252674279913152,8,0.22,0.22,0.22,0.22,0.12,0.22,0.22,0.22,0.22,0.12,0.143187309792952,5,2,1,"3) # of groups=5",4
"050308",1.3395780920834,8,-0.00313531897294426,8,0.25900455439044,11,0.176311908947133,15,0.261687506642113,9,0.22,0.22,0.22,0.22,0.12,0.22,0.22,0.22,0.22,0.12,0.42118953281562,5,2,1,"3) # of groups=5",4
"050309",1.36449167096658,7,-0.000515190822280658,7,0.378057727134848,10,0.627739542049528,15,-0.356195015286781,6,0.22,0.22,0.22,0.22,0.12,0.22,0.22,0.22,0.22,0.12,0.478606823017895,5,2,1,"3) # of groups=5",5
"05030F",1.25682318822596,5,0.261143249854663,3,0.089793959803389,4,-0.192809939506641,10,-1.24065020582462,5,0.22,0.22,0.22,0.22,0.12,0.22,0.22,0.22,0.22,0.12,0.162411076144067,5,2,1,"3) # of groups=5",4
"050313",0.415791781878757,5,0.479809105733384,5,1.71175507371431,7,-0.829313011253199,15,-0.0827067206824126,10,0.22,0.22,0.22,0.22,0.12,0.22,0.22,0.22,0.22,0.12,0.381244642534226,5,2,1,"3) # of groups=5",4
"050315",-0.987613460375437,4,0.159444967332985,7,0.517232297192682,7,-1.61109996535015,15,-3.43386056986102,7,0.22,0.22,0.22,0.22,0.12,0.22,0.22,0.22,0.22,0.12,-0.834911223847305,5,2,1,"3) # of groups=5",1
"05031F",1.95782734578547,5,-0.0227286059859489,4,-0.00102038860546427,6,1.07901801961809,10,0.495214212959819,5,0.22,0.22,0.22,0.22,0.12,0.22,0.22,0.22,0.22,0.12,0.722306907133851,5,2,1,"3) # of groups=5",5
"050320",0.114246709714731,7,-1.2786469167291,6,-0.980568957942521,9,-0.847364556900023,15,-0.967559691686204,10,0.22,0.22,0.22,0.22,0.12,0.22,0.22,0.22,0.22,0.12,-0.774420581810865,5,2,1,"3) # of groups=5",1
"050324",1.17135409818893,8,0.214172001979698,8,-0.116024578864269,9,0.383427538171539,15,0.605229272621014,9,0.22,0.22,0.22,0.22,0.12,0.22,0.22,0.22,0.22,0.12,0.436271905799219,5,2,1,"3) # of groups=5",5
"050327",0.754017744020037,8,0.675338467085082,7,-0.296792473488838,10,0.262168130399024,15,-2.02892603822948,8,0.22,0.22,0.22,0.22,0.12,0.22,0.22,0.22,0.22,0.12,0.0633698863758295,5,2,1,"3) # of groups=5",4
"050329",0.613798583812466,6,0.883563964562897,5,0.543136985838676,6,-1.77444477104045,15,-0.322941869045949,8,0.22,0.22,0.22,0.22,0.12,0.22,0.22,0.22,0.22,0.12,0.0197790236126756,5,2,1,"3) # of groups=5",3
"050334",0.937205994969027,8,0.356796320581651,6,-0.647620897959029,10,-0.142586922563378,15,0.425264502106767,9,0.22,0.22,0.22,0.22,0.12,0.22,0.22,0.22,0.22,0.12,0.161866529159032,5,2,1,"3) # of groups=5",4
"050335",0.439988697192228,7,-0.691412779024385,4,0.0232864969571928,9,-0.189759393504236,15,0.113968241485815,10,0.22,0.22,0.22,0.22,0.12,0.22,0.22,0.22,0.22,0.12,-0.0782611462651262,5,2,1,"3) # of groups=5",3
"050336",-0.114288375710318,7,-0.26334328677525,6,0.316945799955553,6,-0.421358472473151,15,0.988538519207722,8,0.22,0.22,0.22,0.22,0.12,0.22,0.22,0.22,0.22,0.12,0.0125748686042301,5,2,1,"3) # of groups=5",3
"050342",0.747642790192839,5,-0.576125557631471,3,-0.266956534274439,8,-0.877499495192283,15,-0.49419263388636,7,0.22,0.22,0.22,0.22,0.12,0.22,0.22,0.22,0.22,0.12,-0.273349651385541,5,2,1,"3) # of groups=5",3
"050348",1.39906555553799,8,0.57866923322736,8,0.203443912979359,11,-0.0619719523902714,15,-0.942909255298979,9,0.22,0.22,0.22,0.22,0.12,0.22,0.22,0.22,0.22,0.12,0.353076374222099,5,2,1,"3) # of groups=5",4
"050350",0.703728770543611,5,-1.11814097427436,2,-0.402372834271401,5,NA,0,0.694581573820808,3,0.22,0.22,0.22,0.22,0.12,0.282051282051282,0.282051282051282,0.282051282051282,NA,0.153846153846154,-0.123516563464072,3,1,1,"1) # of groups=3",3
"050351",1.00461955324596,8,0.263740850073498,8,0.117237219425457,11,0.342481873873916,15,0.376958758756363,9,0.22,0.22,0.22,0.22,0.12,0.22,0.22,0.22,0.22,0.12,0.425412540306906,5,2,1,"3) # of groups=5",5
"050352",0.552400253076374,3,-0.710172289160338,2,0.227711646013621,5,0.380654499807723,15,0.315664903544473,8,0.22,0.22,0.22,0.22,0.12,0.22,0.22,0.22,0.22,0.12,0.13701049256756,4,1,1,"2) # of groups=4",3
"050353",1.40945037569341,8,0.808038613824697,8,1.08881591785975,9,-0.449106595747211,15,-0.603249451366453,9,0.22,0.22,0.22,0.22,0.12,0.22,0.22,0.22,0.22,0.12,0.556193694394768,5,2,1,"3) # of groups=5",5
"050357",0.845740262390396,3,0.628315835898979,3,0.109888282826349,5,0.719927770636948,15,0.111803056550607,6,0.22,0.22,0.22,0.22,0.12,0.22,0.22,0.22,0.22,0.12,0.520268240171661,5,2,1,"3) # of groups=5",5
"050360",1.67958765653188,8,-0.00868468522206843,7,0.77473532448655,11,-0.418874868604182,15,0.204114180348082,10,0.22,0.22,0.22,0.22,0.12,0.22,0.22,0.22,0.22,0.12,0.470381655624049,5,2,1,"3) # of groups=5",5
"050367",-0.204843846058605,8,-0.0254195640674173,7,-0.770018891632393,11,-0.66759050814778,15,0.0611084873067652,8,0.22,0.22,0.22,0.22,0.12,0.22,0.22,0.22,0.22,0.12,-0.359598999702551,5,2,1,"3) # of groups=5",2
"050373",0.845167542662683,7,0.455259834841525,7,-0.773780246854234,7,-0.66313968956085,15,-3.73538479644166,8,0.22,0.22,0.22,0.22,0.12,0.22,0.22,0.22,0.22,0.12,-0.478274538533392,5,2,1,"3) # of groups=5",2
"050376",-0.0900633081967798,7,-0.978792583429402,7,-0.300204389257552,7,-1.42084144798877,15,-3.90421744272152,6,0.22,0.22,0.22,0.22,0.12,0.22,0.22,0.22,0.22,0.12,-1.08228447347853,5,2,1,"3) # of groups=5",1
"050378",0.153527455819019,1,-1.58973521431229,4,-0.798671148347709,1,NA,0,-0.928623252247023,5,0.22,0.22,0.22,0.22,0.12,0.282051282051282,0.282051282051282,0.282051282051282,NA,0.153846153846154,-0.773215576634177,2,1,0,"",NA
"050380",0.87478913066895,8,0.0418662368912055,8,-1.66890631560899,9,-1.10596309803576,15,0.452003019038021,7,0.22,0.22,0.22,0.22,0.12,0.22,0.22,0.22,0.22,0.12,-0.354566727854048,5,2,1,"3) # of groups=5",2
"050382",-0.998277441419255,8,0.240506562459127,7,-1.42024694179958,9,-1.50093726165995,15,-0.838792011128147,8,0.22,0.22,0.22,0.22,0.12,0.22,0.22,0.22,0.22,0.12,-0.910025159467702,5,2,1,"3) # of groups=5",1
"050390",-0.000971716931951782,4,0.264108820747797,6,0.0954584289972733,4,-4.12869306745742,15,-1.28167550245955,5,0.22,0.22,0.22,0.22,0.12,0.22,0.22,0.22,0.22,0.12,-0.983222517916893,5,2,1,"3) # of groups=5",1
"050393",1.21558669760949,6,0.495019406341087,6,-0.47977888999182,6,-0.03285145878069,15,-0.366985358716723,6,0.22,0.22,0.22,0.22,0.12,0.22,0.22,0.22,0.22,0.12,0.219516423093168,5,2,1,"3) # of groups=5",4
"050394",-0.0706517590113722,8,-0.0696568316000201,7,0.613096257034854,11,0.110096094120894,15,0.27441037836699,10,0.22,0.22,0.22,0.22,0.12,0.22,0.22,0.22,0.22,0.12,0.161163672723797,5,2,1,"3) # of groups=5",4
"050396",0.930362747066121,8,-0.437412639714917,8,0.1930137142693,11,0.683497410394196,15,-0.140372897200015,10,0.22,0.22,0.22,0.22,0.12,0.22,0.22,0.22,0.22,0.12,0.284436723379232,5,2,1,"3) # of groups=5",4
"050407",0.697573031534205,5,-1.09870130797078,2,-0.162833422639433,8,-1.25777741828868,15,0.784148272333666,7,0.22,0.22,0.22,0.22,0.12,0.22,0.22,0.22,0.22,0.12,-0.306684813140191,4,1,1,"2) # of groups=4",2
"050411",-0.330993566903058,1,-0.503529462763912,6,-0.798671148347709,1,0.398303843929659,15,0.679771586892952,4,0.22,0.22,0.22,0.22,0.12,0.22,0.22,0.22,0.22,0.12,-0.19010328307155,3,1,1,"1) # of groups=3",3
"050414",0.292488206348621,7,0.707441990781116,7,-0.369926067205371,7,0.105423528343248,15,0.87737633160909,7,0.22,0.22,0.22,0.22,0.12,0.22,0.22,0.22,0.22,0.12,0.267079244611966,5,2,1,"3) # of groups=5",4
"050417",-0.347623892195905,5,-0.986740195498702,4,-0.141440135763465,9,0.0733743717220154,15,0.0536852543714992,7,0.22,0.22,0.22,0.22,0.12,0.22,0.22,0.22,0.22,0.12,-0.302092336857353,5,2,1,"3) # of groups=5",2
"050424",1.57061598486515,6,0.295827471709255,7,0.963879823950173,7,1.1453231680431,15,0.704411687182415,5,0.22,0.22,0.22,0.22,0.12,0.22,0.22,0.22,0.22,0.12,0.959171621146779,5,2,1,"3) # of groups=5",5
"050425",-0.0615519681108253,4,-0.00820597678279823,7,0.323203537793466,3,-0.475192024207674,15,1.03583196911936,4,0.22,0.22,0.22,0.22,0.12,0.22,0.22,0.22,0.22,0.12,0.0755156214066003,5,2,1,"3) # of groups=5",4
"050426",1.09179837463477,6,0.554639479379253,6,-1.44152516393195,5,-2.19929709161365,10,-0.997294184584668,7,0.22,0.22,0.22,0.22,0.12,0.22,0.22,0.22,0.22,0.12,-0.558439870487107,5,2,1,"3) # of groups=5",2
"050438",1.74305292814707,8,-0.502804656802427,6,0.0764843418729551,9,-0.302182552043403,15,-0.379355903584519,8,0.22,0.22,0.22,0.22,0.12,0.22,0.22,0.22,0.22,0.12,0.177678305028181,5,2,1,"3) # of groups=5",4
"050441",2.47763328715222,8,0.338230569135244,8,0.327330054274074,11,0.582269947923737,15,-0.473898189543211,10,0.22,0.22,0.22,0.22,0.12,0.22,0.22,0.22,0.22,0.12,0.762734266121575,5,2,1,"3) # of groups=5",5
"050444",0.0433604024985334,6,0.872087363446246,6,-0.943922747939026,9,-0.809100272264185,15,0.121991065441414,8,0.22,0.22,0.22,0.22,0.12,0.22,0.22,0.22,0.22,0.12,-0.169627628083885,5,2,1,"3) # of groups=5",3
"050454",2.2581417006679,8,-0.138857735874713,8,-0.0181424289300774,11,0.361352008993016,15,-1.04813113972179,9,0.22,0.22,0.22,0.22,0.12,0.22,0.22,0.22,0.22,0.12,0.415972843101733,5,2,1,"3) # of groups=5",4
"050455",-1.46332988839463,7,0.693992360246617,6,-0.542058027752922,9,-1.53744983997148,15,-0.241472505733295,10,0.22,0.22,0.22,0.22,0.12,0.22,0.22,0.22,0.22,0.12,-0.655722687779927,5,2,1,"3) # of groups=5",2
"050457",1.50211728054109,7,0.407628939124347,6,-0.0527414769876921,9,-0.758392590018184,15,-0.479681864777663,8,0.22,0.22,0.22,0.22,0.12,0.22,0.22,0.22,0.22,0.12,0.184132849811784,5,2,1,"3) # of groups=5",4
"050464",-0.640464832507883,8,-0.399098654564579,6,-1.64852699175051,8,-1.6602484642821,15,-0.0815841147494222,9,0.22,0.22,0.22,0.22,0.12,0.22,0.22,0.22,0.22,0.12,-0.966424661253047,5,2,1,"3) # of groups=5",1
"050468",1.26265335025131,5,0.0392585843740876,5,-1.82419103506532,4,-3.01592513741553,15,-0.501064193239471,6,0.22,0.22,0.22,0.22,0.12,0.22,0.22,0.22,0.22,0.12,-0.838532635516936,5,2,1,"3) # of groups=5",1
"050471",0.147621747584357,8,0.197995056572263,7,-1.47410325786093,9,-0.931414808961269,15,-0.464651608395412,7,0.22,0.22,0.22,0.22,0.12,0.22,0.22,0.22,0.22,0.12,-0.508936470793877,5,2,1,"3) # of groups=5",2
"050481",1.53095750910999,8,-0.587294451510376,7,-1.83848576653423,8,-1.78230624393603,15,-0.0375693940802136,6,0.22,0.22,0.22,0.22,0.12,0.22,0.22,0.22,0.22,0.12,-0.593476696921168,5,2,1,"3) # of groups=5",2
"050485",0.460665343915336,8,-0.965048266342485,8,-0.555826827702487,11,-0.465357450410376,15,-0.756377227747761,9,0.22,0.22,0.22,0.22,0.12,0.22,0.22,0.22,0.22,0.12,-0.426390051448534,5,2,1,"3) # of groups=5",2
"050488",0.656079496465158,7,0.614021128103902,7,0.468881681546704,7,0.0176883366453349,15,-0.197435700045403,7,0.22,0.22,0.22,0.22,0.12,0.22,0.22,0.22,0.22,0.12,0.362775257401993,5,2,1,"3) # of groups=5",4
"050492",-0.305580609184578,8,-1.14913590301135,7,-0.189824691188948,11,-0.249329807403303,15,-0.354219606581348,8,0.22,0.22,0.22,0.22,0.12,0.22,0.22,0.22,0.22,0.12,-0.459157975163161,5,2,1,"3) # of groups=5",2
"050496",1.06043370888035,8,0.0606301862019607,7,-0.131559407153777,11,-0.0741117534515057,15,0.161546580214989,9,0.22,0.22,0.22,0.22,0.12,0.22,0.22,0.22,0.22,0.12,0.220771991210745,5,2,1,"3) # of groups=5",4
"050498",-0.133748333987431,6,0.706596321251361,5,1.18711244493132,9,0.421624286581103,15,0.200554596199461,9,0.22,0.22,0.22,0.22,0.12,0.22,0.22,0.22,0.22,0.12,0.504015189674733,5,2,1,"3) # of groups=5",5
"050503",1.46585086331969,7,-0.0960614070624861,7,0.114191117869695,8,0.257044242559261,15,-0.47663537876152,9,0.22,0.22,0.22,0.22,0.12,0.22,0.22,0.22,0.22,0.12,0.325829214219573,5,2,1,"3) # of groups=5",4
"050506",-0.308389516157927,6,-0.0815434360169831,6,0.175067537850191,7,-1.20475870509271,15,0.383622220629473,8,0.22,0.22,0.22,0.22,0.12,0.22,0.22,0.22,0.22,0.12,-0.266282639796298,5,2,1,"3) # of groups=5",3
"050510",0.395787967180062,1,-0.53339936392341,5,0.957020575844511,1,-0.0228079956011096,15,0.600625609473418,3,0.22,0.22,0.22,0.22,0.12,0.22,0.22,0.22,0.22,0.12,0.247327333506822,3,1,1,"1) # of groups=3",4
"050512",-0.330993566903058,1,-0.366388354355125,5,1.45864678275657,1,0.0322995466674967,15,1.30833524117019,4,0.22,0.22,0.22,0.22,0.12,0.22,0.22,0.22,0.22,0.12,0.331584398736917,3,1,1,"1) # of groups=3",4
"050515",-0.401955474400266,2,-0.137616246601947,6,1.16258980269681,3,0.698073653060578,15,1.19118924286793,4,0.22,0.22,0.22,0.22,0.12,0.22,0.22,0.22,0.22,0.12,0.43358289079029,4,1,1,"2) # of groups=4",4
"050516",-0.473684288733906,8,0.333368084368306,7,-0.1660537306612,11,-0.507073444100663,15,0.807463919928341,8,0.22,0.22,0.22,0.22,0.12,0.22,0.22,0.22,0.22,0.12,-0.0820618730166409,5,2,1,"3) # of groups=5",3
"050517",-0.661721976933272,3,-0.247741972260998,6,-1.03653406747065,7,-2.65807153065534,15,-0.829648291910746,5,0.22,0.22,0.22,0.22,0.12,0.22,0.22,0.22,0.22,0.12,-1.11245309543975,5,2,1,"3) # of groups=5",1
"050523",0.0304257919590014,7,0.872469788786238,6,0.228236329232126,7,-1.05668277785439,15,0.324923321603965,8,0.22,0.22,0.22,0.22,0.12,0.22,0.22,0.22,0.22,0.12,0.0553696076595304,5,2,1,"3) # of groups=5",3
"050526",1.09738601241954,3,-0.577025427448301,3,-0.949289661024888,3,-3.19520709336731,10,-0.095817344140098,6,0.22,0.22,0.22,0.22,0.12,0.22,0.22,0.22,0.22,0.12,-0.808808038569423,5,2,1,"3) # of groups=5",1
"050528",-0.373473462527007,4,0.770587280664686,2,-0.568398780368672,3,-0.406797074653742,15,0.236507564415207,8,0.22,0.22,0.22,0.22,0.12,0.22,0.22,0.22,0.22,0.12,-0.0987971403848169,4,1,1,"2) # of groups=4",3
"050534",-1.44149565959151,5,1.08918085652466,5,-0.495268813216701,7,-1.48247834410667,15,0.495914275931906,8,0.22,0.22,0.22,0.22,0.12,0.22,0.22,0.22,0.22,0.12,-0.45310391817402,5,2,1,"3) # of groups=5",2
"050537",0.503934052041493,5,0.697363072896171,2,0.865461402803507,8,0.333328106842959,15,0.40702726376929,9,0.22,0.22,0.22,0.22,0.12,0.22,0.22,0.22,0.22,0.12,0.576862331260823,4,1,1,"2) # of groups=4",4
"050541",-0.0163251877691652,2,0.817262728618651,6,0.455394368932441,1,0.726646887153646,15,1.43185363996467,3,0.22,0.22,0.22,0.22,0.12,0.22,0.22,0.22,0.22,0.12,0.608077772121586,3,1,1,"1) # of groups=3",4
"050543",NA,0,1.15927422234555,1,NA,0,NA,0,-0.348206746490154,2,0.22,0.22,0.22,0.22,0.12,NA,0.647058823529412,NA,NA,0.352941176470588,0.627222115697655,0,0,0,"",NA
"050549",1.13524026009721,8,0.496618784067481,8,-0.46736745942472,9,-0.625442090480927,15,-0.103334721588107,8,0.22,0.22,0.22,0.22,0.12,0.22,0.22,0.22,0.22,0.12,0.106190722146417,5,2,1,"3) # of groups=5",4
"050551",0.217185854051865,7,-0.642670286446418,6,-0.710423185840683,8,-2.13764486714693,15,-0.734262686358148,8,0.22,0.22,0.22,0.22,0.12,0.22,0.22,0.22,0.22,0.12,-0.808293069147054,5,2,1,"3) # of groups=5",1
"050557",0.31067738830139,8,0.29334353691009,7,-0.204205238166981,11,0.0253773923974202,15,-0.881284771337031,7,0.22,0.22,0.22,0.22,0.12,0.22,0.22,0.22,0.22,0.12,-0.0122116950832215,5,2,1,"3) # of groups=5",3
"050561",0.347194137719555,3,0.217505325382071,6,-1.71366081005221,3,0.0771005682978506,15,0.172999821504355,4,0.22,0.22,0.22,0.22,0.12,0.22,0.22,0.22,0.22,0.12,-0.215049392723079,5,2,1,"3) # of groups=5",3
"050567",0.44875182835101,8,0.649482414994134,7,1.31574051290879,11,-0.0420328268014297,15,-0.233045888556671,10,0.22,0.22,0.22,0.22,0.12,0.22,0.22,0.22,0.22,0.12,0.49386171785275,5,2,1,"3) # of groups=5",5
"050570",0.295457583513804,8,0.153146283771939,7,-0.623235125791187,8,-2.30829695385207,15,0.139963272084028,7,0.22,0.22,0.22,0.22,0.12,0.22,0.22,0.22,0.22,0.12,-0.52944861406857,5,2,1,"3) # of groups=5",2
"050573",0.556671588926061,8,0.781339049811485,8,1.67517855141973,11,0.208016399666254,15,-2.52302080639981,9,0.22,0.22,0.22,0.22,0.12,0.22,0.22,0.22,0.22,0.12,0.405902732993199,5,2,1,"3) # of groups=5",4
"050580",1.28459759906441,5,0.256595832826329,3,-0.310117906459774,5,-1.98384048416753,10,0.416155273928267,6,0.22,0.22,0.22,0.22,0.12,0.22,0.22,0.22,0.22,0.12,-0.115669658050652,5,2,1,"3) # of groups=5",3
"050581",0.573559377074166,8,0.108708523096988,6,-0.925180387683578,8,-2.67797856610504,15,-0.255478800772556,7,0.22,0.22,0.22,0.22,0.12,0.22,0.22,0.22,0.22,0.12,-0.673253487888549,5,2,1,"3) # of groups=5",2
"050586",1.4384670513689,3,1.02577182995711,3,-0.664007367178372,3,-1.41296460597955,15,0.489077235747707,6,0.22,0.22,0.22,0.22,0.12,0.22,0.22,0.22,0.22,0.12,0.143887988086704,5,2,1,"3) # of groups=5",4
"050588",0.805364975263104,3,0.136428753123286,5,-1.662123566251,5,-1.72682492370841,15,-0.126220781797121,7,0.22,0.22,0.22,0.22,0.12,0.22,0.22,0.22,0.22,0.12,-0.553520541361719,5,2,1,"3) # of groups=5",2
"050589",-0.46090652844993,5,0.73640673645512,3,-1.26485409638677,5,-1.15968762915532,15,-0.23932801843857,7,0.22,0.22,0.22,0.22,0.12,0.22,0.22,0.22,0.22,0.12,-0.501508496070746,5,2,1,"3) # of groups=5",2
"050590",0.16552243218282,6,0.332938780528115,3,-0.886085844574782,6,-0.741274442542728,15,0.986716546721652,8,0.22,0.22,0.22,0.22,0.12,0.22,0.22,0.22,0.22,0.12,-0.129951810762848,5,2,1,"3) # of groups=5",3
"050597",0.181486877851925,6,0.0343290115969859,6,0.85403891352119,6,-0.939472057703503,15,0.138693483558294,7,0.22,0.22,0.22,0.22,0.12,0.22,0.22,0.22,0.22,0.12,0.0453274219856468,5,2,1,"3) # of groups=5",3
"050599",1.77462491463919,8,-0.607225711657484,8,0.196981793637551,11,-0.265407393680493,15,-0.879284956056569,9,0.22,0.22,0.22,0.22,0.12,0.22,0.22,0.22,0.22,0.12,0.13625999791974,5,2,1,"3) # of groups=5",4
"050603",0.27610982821152,8,0.295773664708062,6,0.983536064322136,7,-0.292944190417175,15,-0.150695463020032,7,0.22,0.22,0.22,0.22,0.12,0.22,0.22,0.22,0.22,0.12,0.259661125138996,5,2,1,"3) # of groups=5",4
"050604",-0.376363228749985,3,-0.250910598577958,6,0.935573161820558,2,-0.768355915622906,15,1.51483288292442,4,0.22,0.22,0.22,0.22,0.12,0.22,0.22,0.22,0.22,0.12,0.0805674981022664,4,2,1,"2) # of groups=4",3
"050608",-1.20024476497542,3,0.523782994223164,2,-1.09061773391754,4,-1.34316895955946,5,0.187090764474493,7,0.22,0.22,0.22,0.22,0.12,0.22,0.22,0.22,0.22,0.12,-0.661803770393497,4,1,1,"2) # of groups=4",2
"050609",0.50831538485831,2,0.164657006432928,7,0.228379698423933,2,0.620931235394809,15,1.27867510486403,4,0.22,0.22,0.22,0.22,0.12,0.22,0.22,0.22,0.22,0.12,0.488343344107879,3,1,1,"1) # of groups=3",4
"050624",0.424590419255291,7,-0.608641342028947,6,-1.45609434898476,7,-0.588798278004897,15,-0.312758747873602,9,0.22,0.22,0.22,0.22,0.12,0.22,0.22,0.22,0.22,0.12,-0.527898630692761,5,2,1,"3) # of groups=5",2
"050625",3.02001236531847,8,0.227747961159295,8,0.9591326736814,11,-0.116692109974477,15,-2.00500184689687,9,0.22,0.22,0.22,0.22,0.12,0.22,0.22,0.22,0.22,0.12,0.659243974213007,5,2,1,"3) # of groups=5",5
"050633",-0.154440051140796,5,-0.380518633960124,5,-0.36745886250764,7,-1.3025639074968,15,0.762914744714798,8,0.22,0.22,0.22,0.22,0.12,0.22,0.22,0.22,0.22,0.12,-0.393546150757404,5,2,1,"3) # of groups=5",2
"050636",0.300044462445358,5,-0.0365670302868068,5,1.03551334786829,6,-1.17926580088844,15,0.456083117212417,8,0.22,0.22,0.22,0.22,0.12,0.22,0.22,0.22,0.22,0.12,0.0810694694759383,5,2,1,"3) # of groups=5",4
"050641",-0.262195697522885,3,0.00791125691902044,2,1.19972814135144,3,-4.1603457816193,15,-0.698968449036204,7,0.22,0.22,0.22,0.22,0.12,0.22,0.22,0.22,0.22,0.12,-0.791154671676124,4,1,1,"2) # of groups=4",1
"050663",2.56484580783689,5,0.629948271907844,4,1.79129878250112,5,-5.02785373339763,10,-1.10723263735131,6,0.22,0.22,0.22,0.22,0.12,0.22,0.22,0.22,0.22,0.12,-0.142055308135548,5,2,1,"3) # of groups=5",3
"050668",-0.553502081773907,1,NA,0,-4.33701257857865,2,NA,0,-3.354019349574,3,0.22,0.22,0.22,0.22,0.12,0.392857142857143,NA,0.392857142857143,NA,0.214285714285714,-2.63999204861865,1,0,0,"",NA
"050674",-0.734267179278542,5,0.0577367061912332,6,-1.57379922451428,3,-0.00348980296087235,15,1.2488551577315,4,0.22,0.22,0.22,0.22,0.12,0.22,0.22,0.22,0.22,0.12,-0.345977671195961,5,2,1,"3) # of groups=5",2
"050677",1.12256950126318,1,-0.371226779213909,6,0.204581265476417,1,-0.0875405933895552,15,0.386113277506597,4,0.22,0.22,0.22,0.22,0.12,0.22,0.22,0.22,0.22,0.12,0.237377940010741,3,1,1,"1) # of groups=3",4
"050678",1.0384670120892,8,-0.282666310356365,7,0.649162064946089,11,-0.876429054646801,15,-0.311749744613385,7,0.22,0.22,0.22,0.22,0.12,0.22,0.22,0.22,0.22,0.12,0.0788674472934608,5,2,1,"3) # of groups=5",4
"050684",-0.632426413497584,2,0.678035673249115,2,-5.32266643697023,2,-3.6364381228608,15,-0.934525495203551,5,0.22,0.22,0.22,0.22,0.12,0.22,0.22,0.22,0.22,0.12,-2.07311202544192,2,0,0,"",NA
"050686",-0.0887330555420189,1,0.574899951169481,6,0.706207472388479,1,0.0494881813148716,15,0.125660023324757,4,0.22,0.22,0.22,0.22,0.12,0.22,0.22,0.22,0.22,0.12,0.28828896365175,3,1,1,"1) # of groups=3",4
"050689",1.41119334881886,6,0.231040654098559,4,-0.415127814515644,8,-0.516809069692357,15,0.499243192626863,8,0.22,0.22,0.22,0.22,0.12,0.22,0.22,0.22,0.22,0.12,0.216174549231295,5,2,1,"3) # of groups=5",4
"050690",0.395787967180062,1,0.217275060655757,6,-0.297044941435646,1,-0.233600569218095,15,0.162989983794439,4,0.22,0.22,0.22,0.22,0.12,0.22,0.22,0.22,0.22,0.12,0.0376906518353898,3,1,1,"1) # of groups=3",3
"050696",0.947929141491645,6,0.484774700424648,8,0.697191382804008,10,0.623450628011575,15,-0.2272576380431,7,0.22,0.22,0.22,0.22,0.12,0.22,0.22,0.22,0.22,0.12,0.578465171035841,5,2,1,"3) # of groups=5",5
"050697",0.395787967180062,1,-0.481120194737138,2,-3.68033944769068,3,0.677334664133793,5,-1.3976005996391,1,0.22,0.22,0.22,0.22,0.12,0.22,0.22,0.22,0.22,0.12,-0.847146214401764,2,0,0,"",NA
"050701",0.598497274977175,7,0.167091590878918,7,-0.111210996530963,6,-1.03987007037159,15,0.211288837717205,7,0.22,0.22,0.22,0.22,0.12,0.22,0.22,0.22,0.22,0.12,-0.0594536237041566,5,2,1,"3) # of groups=5",3
"050704",1.21177720477711,4,-0.522406377354317,6,0.479119209050845,5,-2.09473788782414,15,-0.164269045422279,7,0.22,0.22,0.22,0.22,0.12,0.22,0.22,0.22,0.22,0.12,-0.223486812747784,5,2,1,"3) # of groups=5",3
"050708",1.12256950126318,1,0.753356932373235,2,2.09746725835689,3,1.17771176131634,15,-3.16866472549107,2,0.22,0.22,0.22,0.22,0.12,0.22,0.22,0.22,0.22,0.12,0.753003432669193,2,0,0,"",NA
"050709",1.02146705500791,6,0.586442089600937,6,-0.376412971057235,8,-1.84377004879293,15,-0.52697926956376,9,0.22,0.22,0.22,0.22,0.12,0.22,0.22,0.22,0.22,0.12,-0.197937764900741,5,2,1,"3) # of groups=5",3
"050710",0.395787967180062,1,-0.00868951808789136,6,0.957020575844511,1,-0.0434999744755827,15,1.23197670709061,4,0.22,0.22,0.22,0.22,0.12,0.22,0.22,0.22,0.22,0.12,0.433973395952315,3,1,1,"1) # of groups=3",4
"050714",0.395787967180062,1,0.0861936897772332,2,0.773877635417339,4,1.46064422320988,15,0.617484223885991,3,0.22,0.22,0.22,0.22,0.12,0.22,0.22,0.22,0.22,0.12,0.671728880294912,3,0,0,"",NA
"050717",0.395787967180062,1,-1.44668359720631,4,0.204581265476417,1,0.549254350142296,15,-0.346642010670273,3,0.22,0.22,0.22,0.22,0.12,0.22,0.22,0.22,0.22,0.12,-0.10695024445009,3,1,1,"1) # of groups=3",3
"050723",0.433091905823737,2,0.106961343097631,6,-0.786673257727666,2,0.133167144726752,15,0.0170025146255707,4,0.22,0.22,0.22,0.22,0.12,0.22,0.22,0.22,0.22,0.12,-0.0229193283424316,3,1,1,"1) # of groups=3",3
"050726",NA,0,0.372917623542861,2,2.12530094772507,3,-0.723453961516099,5,-9.06914654067178,2,0.22,0.22,0.22,0.22,0.12,NA,0.282051282051282,0.282051282051282,0.282051282051282,0.153846153846154,-0.894678680429757,2,0,0,"",NA
"050735",0.452071395484591,4,0.854404538687025,5,0.0159977579162643,5,-1.52713404417501,15,0.938100518503447,7,0.22,0.22,0.22,0.22,0.12,0.22,0.22,0.22,0.22,0.12,0.0675467847612451,5,2,1,"3) # of groups=5",4
"050736",0.570777965721456,3,0.442833189688383,2,-1.23999799194442,4,-2.24792279408843,15,1.03900999965321,7,0.22,0.22,0.22,0.22,0.12,0.22,0.22,0.22,0.22,0.12,-0.419666918778677,4,1,1,"2) # of groups=4",2
"050737",-0.0645394073540549,7,-1.14572408187998,6,-1.38987617998224,8,-1.38412521883107,15,0.398687474422186,7,0.22,0.22,0.22,0.22,0.12,0.22,0.22,0.22,0.22,0.12,-0.828695778439754,5,2,1,"3) # of groups=5",1
"050738",-0.311449758490337,4,-0.126588657506877,4,-0.698347476502376,4,-0.83719337090526,10,0.506914327733239,6,0.22,0.22,0.22,0.22,0.12,0.22,0.22,0.22,0.22,0.12,-0.373357718621078,5,2,1,"3) # of groups=5",2
"050739",2.31534560548568,7,0.66166218849122,6,-3.3477281716893,5,-2.15899895925452,15,-0.872990001267147,7,0.22,0.22,0.22,0.22,0.12,0.22,0.22,0.22,0.22,0.12,-0.66129705428478,5,2,1,"3) # of groups=5",2
"050740",1.67980869651576,6,0.468487757291997,7,-0.114241749851374,7,-0.878253296561375,15,0.470254626379811,7,0.22,0.22,0.22,0.22,0.12,0.22,0.22,0.22,0.22,0.12,0.310706864792479,5,2,1,"3) # of groups=5",4
"050744",-0.0252627101242641,2,0.435038314560786,3,0.804978216894764,3,-3.57823507170852,5,-0.274581616451498,5,0.22,0.22,0.22,0.22,0.12,0.22,0.22,0.22,0.22,0.12,-0.552915669057171,4,1,1,"2) # of groups=4",2
"050745",1.17209828534573,2,0.562071430224423,3,-2.08167529265883,4,-1.38218028352332,15,-0.406808816634707,5,0.22,0.22,0.22,0.22,0.12,0.22,0.22,0.22,0.22,0.12,-0.429347947330804,4,1,1,"2) # of groups=4",2
"050746",0.0286694777831322,6,-0.200204818203776,6,-0.0631780191964149,3,-2.78845325736314,15,0.307820356130359,5,0.22,0.22,0.22,0.22,0.12,0.22,0.22,0.22,0.22,0.12,-0.628158213000001,5,2,1,"3) # of groups=5",2
"050747",0.804170243392011,2,0.799125729684842,3,-1.60715457700225,2,-5.51919606974884,5,-3.12517523404756,6,0.22,0.22,0.22,0.22,0.12,0.22,0.22,0.22,0.22,0.12,-1.59009305629404,3,1,1,"1) # of groups=3",1
"050748",0.153527455819019,1,0.416589688883892,6,1.45864678275657,1,-0.117945293589694,15,0.165117669947867,4,0.22,0.22,0.22,0.22,0.12,0.22,0.22,0.22,0.22,0.12,0.440194219845097,3,1,1,"1) # of groups=3",4
"050755",1.22881466991534,6,1.14827625005857,4,-1.80307528993625,5,-3.1662481357515,15,0.138852641578823,6,0.22,0.22,0.22,0.22,0.12,0.22,0.22,0.22,0.22,0.12,-0.553628834267586,5,2,1,"3) # of groups=5",2
"050758",1.97246542781959,2,1.01013510166562,4,-1.77097924192171,4,-1.36417302785348,15,0.588198769043276,7,0.22,0.22,0.22,0.22,0.12,0.22,0.22,0.22,0.22,0.12,0.0370224694213974,4,1,1,"2) # of groups=4",3
"050760",-0.125262426959871,4,0.0876025450712441,6,-4.67653488806934,2,0.0932312362938029,15,0.454439386805431,4,0.22,0.22,0.22,0.22,0.12,0.22,0.22,0.22,0.22,0.12,-0.962079250989464,4,2,1,"2) # of groups=4",1
"050761",1.16784769715514,8,0.35435693173552,8,-0.530346622227247,8,-0.562323690849019,15,-0.742472739738232,7,0.22,0.22,0.22,0.22,0.12,0.22,0.22,0.22,0.22,0.12,0.00540082071057883,5,2,1,"3) # of groups=5",3
"050763",2.15265090699805,4,1.10803992543762,3,-3.49676105954026,4,NA,0,1.74909532713287,3,0.22,0.22,0.22,0.22,0.12,0.282051282051282,0.282051282051282,0.282051282051282,NA,0.153846153846154,0.202507678580685,4,2,1,"2) # of groups=4",3
"050764",0.452562297299511,8,-0.0221616235955528,6,-1.50199382324517,9,-1.58355618764088,15,-0.486045032693774,7,0.22,0.22,0.22,0.22,0.12,0.22,0.22,0.22,0.22,0.12,-0.642458258103313,5,2,1,"3) # of groups=5",2
"050765",0.638048478541098,1,0.0128993893624989,6,0.204581265476417,1,0.526875834145801,15,1.36751476793122,3,0.22,0.22,0.22,0.22,0.12,0.22,0.22,0.22,0.22,0.12,0.468230865007426,3,1,1,"1) # of groups=3",4
"050766",0.395787967180062,1,-0.975184462522944,2,0.005514257788104,3,1.06136308360205,5,0.364591843671047,2,0.22,0.22,0.22,0.22,0.12,0.22,0.22,0.22,0.22,0.12,0.150996807370925,2,0,0,"",NA
"050767",0.153527455819019,1,0.0423665251010742,6,-0.0462318379796146,1,0.204267743356954,15,0.903078135851813,4,0.22,0.22,0.22,0.22,0.12,0.22,0.22,0.22,0.22,0.12,0.186233951287653,3,1,1,"1) # of groups=3",4
"050769",1.05744023277569,2,0.465469230958432,2,2.0949245543852,3,1.45143313067205,15,-0.25718863741786,2,0.22,0.22,0.22,0.22,0.12,0.22,0.22,0.22,0.22,0.12,1.08437613624396,2,0,0,"",NA
"050770",-0.0981738962425712,8,0.816109263344635,6,-0.937129303442547,7,-0.639954013293154,15,-0.879645726088675,6,0.22,0.22,0.22,0.22,0.12,0.22,0.22,0.22,0.22,0.12,-0.294570036050041,5,2,1,"3) # of groups=5",2
"050771",-0.393319386663125,3,0.268418151860332,2,-0.162910559343428,3,-4.87182942448759,5,-0.439049943520103,5,0.22,0.22,0.22,0.22,0.12,0.22,0.22,0.22,0.22,0.12,-1.18780706132185,4,1,1,"2) # of groups=4",1
"050772",0.215485376266055,2,0.165889353345723,6,0.706207472388479,1,-0.128294593057163,15,1.3343140154084,4,0.22,0.22,0.22,0.22,0.12,0.22,0.22,0.22,0.22,0.12,0.371160955816489,3,1,1,"1) # of groups=3",4
"050775",0.273193531817565,8,0.312282083385841,7,0.26505457239463,8,-0.393713489177428,15,-0.221049297106503,8,0.22,0.22,0.22,0.22,0.12,0.22,0.22,0.22,0.22,0.12,0.0739737579997534,5,2,1,"3) # of groups=5",4
"050776",0.699817794027751,3,0.979284565860431,4,-0.290180186429114,5,NA,0,-1.72174636106416,7,0.22,0.22,0.22,0.22,0.12,0.282051282051282,0.282051282051282,0.282051282051282,NA,0.153846153846154,0.126863224145251,4,2,1,"2) # of groups=4",3
"050777",0.880308989902137,1,0.506321637245617,6,-4.28614328492514,2,-0.321124398786485,15,1.18628357268212,4,0.22,0.22,0.22,0.22,0.12,0.22,0.22,0.22,0.22,0.12,-0.566186123722197,3,1,1,"1) # of groups=3",2
"050778",NA,0,0.400511936026722,4,NA,0,-0.180584487765175,10,-0.983765065363421,5,0.22,0.22,0.22,0.22,0.12,NA,0.392857142857143,NA,0.392857142857143,0.214285714285714,-0.12440673076084,3,1,1,"1) # of groups=3",3
"050779",1.11800849873898,4,0.941887397154215,5,-0.504443986748092,4,-0.54448955313776,10,0.898618592530985,7,0.22,0.22,0.22,0.22,0.12,0.22,0.22,0.22,0.22,0.12,0.330245949425334,5,2,1,"3) # of groups=5",4
"050780",1.56121085562242,3,1.23334531774254,2,0.94565937554131,4,-3.07069215690774,10,-0.521242894851616,5,0.22,0.22,0.22,0.22,0.12,0.22,0.22,0.22,0.22,0.12,0.0847459988574827,4,1,1,"2) # of groups=4",3
"050782",0.706056098871019,2,0.702040638231864,2,1.14839063416885,5,0.509108645999556,15,-2.24184880507784,3,0.22,0.22,0.22,0.22,0.12,0.22,0.22,0.22,0.22,0.12,0.405409267190343,3,0,0,"",NA
"050783",0.370742246556643,4,-1.78705475973702,1,1.30292823391337,4,-6.18168084648674,5,-1.14018258782727,7,0.22,0.22,0.22,0.22,0.12,0.22,0.22,0.22,0.22,0.12,-1.5217362382051,4,1,1,"2) # of groups=4",1
"050784",-0.118456743036108,3,0.739736744859496,2,-0.802684144303931,4,-0.588725418407086,10,0.668173869886239,6,0.22,0.22,0.22,0.22,0.12,0.22,0.22,0.22,0.22,0.12,-0.0892476390089297,4,1,1,"2) # of groups=4",3
"050785",0.395787967180062,1,1.38120812084881,2,1.92970145287859,2,1.18196494194267,10,0.00516065280607345,1,0.22,0.22,0.22,0.22,0.12,0.22,0.22,0.22,0.22,0.12,1.07612502456376,1,0,0,"",NA
"050855",-0.0887330555420189,1,-0.952432391644247,6,-0.547858044891677,1,1.62692041932555,5,1.24306644735477,3,0.22,0.22,0.22,0.22,0.12,0.22,0.22,0.22,0.22,0.12,0.157505297677046,3,1,1,"1) # of groups=3",4
"05114F",2.52425275909608,5,0.269642654615431,4,-0.141389818718945,6,0.161658498065969,10,-0.377250935272331,5,0.22,0.22,0.22,0.22,0.12,0.22,0.22,0.22,0.22,0.12,0.573845988240198,5,2,1,"3) # of groups=5",5
"05127F",0.747154940523594,5,-0.174694819366939,4,-0.716624051201218,6,0.279348936084974,10,-0.0233994847340683,5,0.22,0.22,0.22,0.22,0.12,0.22,0.22,0.22,0.22,0.12,0.0269327631608022,5,2,1,"3) # of groups=5",3
"05128F",2.28219300603267,5,-0.27845860052595,4,-2.72541768635556,6,-0.430852464923215,10,0.78566752163614,5,0.22,0.22,0.22,0.22,0.12,0.22,0.22,0.22,0.22,0.12,-0.159277761473515,5,2,1,"3) # of groups=5",3
"051300",NA,0,NA,0,NA,0,NA,0,0.248120949737221,4,0.22,0.22,0.22,0.22,0.12,NA,NA,NA,NA,1,0.248120949737221,1,0,0,"",NA
"051301",-0.539579043640293,3,1.16260436061262,2,-1.57062479204263,4,1.28128180383439,15,-0.0621753863915166,5,0.22,0.22,0.22,0.22,0.12,0.22,0.22,0.22,0.22,0.12,0.0659490659611171,4,1,1,"2) # of groups=4",3
"051302",NA,0,NA,0,0.204581265476417,1,NA,0,0.0123905818459352,2,0.22,0.22,0.22,0.22,0.12,NA,NA,0.647058823529412,NA,0.352941176470588,0.136749259489188,0,0,0,"",NA
"051303",0.638048478541098,1,0.713675579428008,1,-0.328559139403609,2,2.02284636024621,10,0.251039045972481,5,0.22,0.22,0.22,0.22,0.12,0.22,0.22,0.22,0.22,0.12,0.700247166855273,2,0,0,"",NA
"051304",0.0498353232372016,2,NA,0,-1.77785562088663,2,NA,0,-0.216838667647644,4,0.22,0.22,0.22,0.22,0.12,0.392857142857143,NA,0.392857142857143,NA,0.214285714285714,-0.725330545715342,1,0,0,"",NA
"051305",-1.26411865300115,2,NA,0,0.842179851947389,2,NA,0,-1.04332383184049,3,0.22,0.22,0.22,0.22,0.12,0.392857142857143,NA,0.392857142857143,NA,0.214285714285714,-0.389331064379797,1,0,0,"",NA
"051306",0.535868770930001,2,0.61143007787603,2,1.19186691981377,2,NA,0,0.903949736347061,3,0.22,0.22,0.22,0.22,0.12,0.282051282051282,0.282051282051282,0.282051282051282,NA,0.153846153846154,0.798833894176928,1,0,0,"",NA
"051307",NA,0,NA,0,NA,0,NA,0,0.840513904423026,3,0.22,0.22,0.22,0.22,0.12,NA,NA,NA,NA,1,0.840513904423026,1,0,0,"",NA
"051308",NA,0,NA,0,NA,0,NA,0,1.43922321641765,1,0.22,0.22,0.22,0.22,0.12,NA,NA,NA,NA,1,1.43922321641765,0,0,0,"",NA
"051309",NA,0,NA,0,NA,0,NA,0,-1.6771199429798,3,0.22,0.22,0.22,0.22,0.12,NA,NA,NA,NA,1,-1.6771199429798,1,0,0,"",NA
"05130F",1.26992307384186,5,-1.18252865954497,4,-0.324382508911601,6,0.901910485638834,10,-0.360633253200869,5,0.22,0.22,0.22,0.22,0.12,0.22,0.22,0.22,0.22,0.12,0.103006935641203,5,2,1,"3) # of groups=5",4
"051310",0.570551774775215,4,0.518559387368707,3,1.18680528165494,6,0.699577832818876,15,0.463406668438945,6,0.22,0.22,0.22,0.22,0.12,0.22,0.22,0.22,0.22,0.12,0.710217541068576,5,2,1,"3) # of groups=5",5
"051311",-2.0075368617622,2,1.15927422234555,1,0.0111449979378111,3,NA,0,-0.745910525826719,4,0.22,0.22,0.22,0.22,0.12,0.282051282051282,0.282051282051282,0.282051282051282,NA,0.153846153846154,-0.350865569518655,2,0,0,"",NA
"051312",0.395787967180062,1,NA,0,-0.798671148347709,1,NA,0,-0.353454630278639,5,0.22,0.22,0.22,0.22,0.12,0.392857142857143,NA,0.392857142857143,NA,0.214285714285714,-0.23401581337557,1,0,0,"",NA
"051314",1.13822172179607,3,NA,0,0.108852659605309,3,NA,0,-2.13111994724105,5,0.22,0.22,0.22,0.22,0.12,0.392857142857143,NA,0.392857142857143,NA,0.214285714285714,0.0332535182846025,3,1,1,"1) # of groups=3",3
"051315",-1.54229612370826,1,NA,0,0.86504583819357,2,NA,0,0.582135075336709,4,0.22,0.22,0.22,0.22,0.12,0.392857142857143,NA,0.392857142857143,NA,0.214285714285714,-0.141319381737191,1,0,0,"",NA
"051316",-2.13311710528063,5,-0.261453851273891,3,0.0836191201508777,7,0.0289273695804464,15,-0.989523556747031,8,0.22,0.22,0.22,0.22,0.12,0.22,0.22,0.22,0.22,0.12,-0.620788209510747,5,2,1,"3) # of groups=5",2
"051317",-0.443437836734255,5,-0.853745900111188,2,0.360436484523365,6,-0.199217006011754,15,-0.320652093169258,8,0.22,0.22,0.22,0.22,0.12,0.22,0.22,0.22,0.22,0.12,-0.288390388013754,4,1,1,"2) # of groups=4",2
"051318",0.752708351413371,4,1.16260436061262,2,0.776318770663896,8,0.671927637668307,15,-2.49124788477951,5,0.22,0.22,0.22,0.22,0.12,0.22,0.22,0.22,0.22,0.12,0.441033260305261,4,1,1,"2) # of groups=4",4
"051319",-0.107989641089435,5,NA,0,0.843637995989498,5,0.516109269591098,15,0.0597354881724773,8,0.22,0.22,0.22,0.22,0.12,0.282051282051282,NA,0.282051282051282,0.282051282051282,0.153846153846154,0.362249917908657,4,1,1,"2) # of groups=4",4
"051320",-0.614417316084832,4,NA,0,0.170240271573403,6,NA,0,0.770882546816827,6,0.22,0.22,0.22,0.22,0.12,0.392857142857143,NA,0.392857142857143,NA,0.214285714285714,-0.00930900745445562,3,1,1,"1) # of groups=3",3
"051321",-0.147905390775505,2,NA,0,-0.539084191231591,3,0.174308508990836,5,0.227729629504804,5,0.22,0.22,0.22,0.22,0.12,0.282051282051282,NA,0.282051282051282,0.282051282051282,0.153846153846154,-0.109567026311539,3,0,0,"",NA
"051323",0.557514424538522,2,NA,0,-0.0462318379796146,1,NA,0,-0.000108859697138338,3,0.22,0.22,0.22,0.22,0.12,0.392857142857143,NA,0.392857142857143,NA,0.214285714285714,0.200837689070184,1,0,0,"",NA
"051324",-0.503855337923379,3,NA,0,-0.520378007112879,5,0.751932388857668,10,0.555992985620422,7,0.22,0.22,0.22,0.22,0.12,0.282051282051282,NA,0.282051282051282,0.282051282051282,0.153846153846154,0.00873454860918053,4,1,1,"2) # of groups=4",3
"051325",-0.468430819034556,4,1.16260436061262,2,-0.0882659005918394,7,0.338112411646855,15,0.299244730294216,6,0.22,0.22,0.22,0.22,0.12,0.22,0.22,0.22,0.22,0.12,0.243593779214583,4,1,1,"2) # of groups=4",3
"051326",-0.272060496397466,2,NA,0,-1.22854821899969,3,NA,0,0.306516540064732,6,0.22,0.22,0.22,0.22,0.12,0.392857142857143,NA,0.392857142857143,NA,0.214285714285714,-0.523842736749297,2,0,0,"",NA
"051327",NA,0,NA,0,NA,0,NA,0,0.93909154778396,4,0.22,0.22,0.22,0.22,0.12,NA,NA,NA,NA,1,0.93909154778396,1,0,0,"",NA
"051328",0.270781526499145,3,-1.9591784250008,2,0.134717526015662,7,1.64208832830842,10,1.00917037157277,8,0.22,0.22,0.22,0.22,0.12,0.22,0.22,0.22,0.22,0.12,0.140550414869666,4,1,1,"2) # of groups=4",3
"051329",0.45021662534403,4,0.0142553762281567,1,0.996625615774054,6,-0.0592857218289413,15,0.351187640029603,9,0.22,0.22,0.22,0.22,0.12,0.22,0.22,0.22,0.22,0.12,0.350541133817358,4,1,1,"2) # of groups=4",4
"051330",0.250672603612276,3,NA,0,0.976707155909463,3,NA,0,-0.415773750007513,4,0.22,0.22,0.22,0.22,0.12,0.392857142857143,NA,0.392857142857143,NA,0.214285714285714,0.393090530524788,3,1,1,"1) # of groups=3",4
"051331",0.880780701724197,2,NA,0,0.79086309300997,3,1.0829333813048,5,-0.448178809940101,8,0.22,0.22,0.22,0.22,0.12,0.282051282051282,NA,0.282051282051282,0.282051282051282,0.153846153846154,0.70798143786636,3,0,0,"",NA
"051332",-0.0843774809363387,5,NA,0,0.0218512597895206,8,0.522408010440432,15,0.193826095349298,7,0.22,0.22,0.22,0.22,0.12,0.282051282051282,NA,0.282051282051282,0.282051282051282,0.153846153846154,0.159529647546809,4,1,1,"2) # of groups=4",3
"051333",NA,0,NA,0,1.1410457803194,2,NA,0,-2.12881219314029,6,0.22,0.22,0.22,0.22,0.12,NA,NA,0.647058823529412,NA,0.352941176470588,-0.0130217397251964,1,0,0,"",NA
"051334",1.12256950126318,1,NA,0,-0.0462318379796146,1,NA,0,0.506864916282843,3,0.22,0.22,0.22,0.22,0.12,0.392857142857143,NA,0.392857142857143,NA,0.214285714285714,0.531460849779153,1,0,0,"",NA
"051335",NA,0,NA,0,NA,0,NA,0,-0.212159462688152,5,0.22,0.22,0.22,0.22,0.12,NA,NA,NA,NA,1,-0.212159462688152,1,0,0,"",NA
"051336",-0.0887330555420189,1,NA,0,-0.297044941435646,1,NA,0,-0.177531318678814,5,0.22,0.22,0.22,0.22,0.12,0.392857142857143,NA,0.392857142857143,NA,0.214285714285714,-0.189598067100971,1,0,0,"",NA
"051337",NA,0,NA,0,0.152260615172645,2,0.00387088857664909,5,0.838675052576787,3,0.22,0.22,0.22,0.22,0.12,NA,NA,0.392857142857143,0.392857142857143,0.214285714285714,0.241053459167963,2,0,0,"",NA
"051339",NA,0,NA,0,NA,0,NA,0,-0.353314873578938,1,0.22,0.22,0.22,0.22,0.12,NA,NA,NA,NA,1,-0.353314873578938,0,0,0,"",NA
"060001",-0.277601747680979,8,-0.0286046760636248,6,0.345047021486145,11,0.0232065702802011,15,0.575865175441988,9,0.22,0.22,0.22,0.22,0.12,0.22,0.22,0.22,0.22,0.12,0.0827541980178219,5,2,1,"3) # of groups=5",4
"060003",-0.343931857998795,6,0.832288352275067,2,0.687107270697414,5,-0.681456223478026,15,0.791937664922211,7,0.22,0.22,0.22,0.22,0.12,0.22,0.22,0.22,0.22,0.12,0.20371417891971,4,1,1,"2) # of groups=4",3
"060004",-0.289432681757292,4,0.0979724727590221,3,0.137097203846417,5,-0.350434810092855,15,1.08513848772067,9,0.22,0.22,0.22,0.22,0.12,0.22,0.22,0.22,0.22,0.12,0.0411610991726447,5,2,1,"3) # of groups=5",3
"060006",-0.0428901098191449,6,0.718819065514974,3,0.244644891098426,9,0.434058696347212,15,0.412901743150161,10,0.22,0.22,0.22,0.22,0.12,0.22,0.22,0.22,0.22,0.12,0.347567368669142,5,2,1,"3) # of groups=5",4
"060008",-0.463751510527289,2,0.326328600690629,3,-0.77874890349934,7,0.135899792770989,15,0.351135102165722,8,0.22,0.22,0.22,0.22,0.12,0.22,0.22,0.22,0.22,0.12,-0.129523632264416,4,1,1,"2) # of groups=4",3
"060009",-0.172835183568218,7,0.19141725152856,6,1.24635692388923,9,-0.0525732452394162,15,0.757761167272365,9,0.22,0.22,0.22,0.22,0.12,0.22,0.22,0.22,0.22,0.12,0.357651804326918,5,2,1,"3) # of groups=5",4
"060010",0.728963980218115,7,0.260840898176359,7,1.41520890608237,10,0.346297310149353,15,0.963657717204143,7,0.22,0.22,0.22,0.22,0.12,0.22,0.22,0.22,0.22,0.12,0.720927366882261,5,2,1,"3) # of groups=5",5
"060011",0.681995690015187,5,-0.307089988513348,6,-0.537608977886801,8,-0.599572410709665,15,-0.196407011481351,6,0.22,0.22,0.22,0.22,0.12,0.22,0.22,0.22,0.22,0.12,-0.19126949253858,5,2,1,"3) # of groups=5",3
"060012",0.346484825119799,3,0.663108367627888,4,-0.124105311718679,7,0.456520117436608,15,-0.776602811640113,9,0.22,0.22,0.22,0.22,0.12,0.22,0.22,0.22,0.22,0.12,0.202049422265622,5,2,1,"3) # of groups=5",4
"060013",0.661781560582428,6,0.580872402745259,5,1.40121713350442,9,0.494972398111325,15,0.209737895146382,9,0.22,0.22,0.22,0.22,0.12,0.22,0.22,0.22,0.22,0.12,0.715714116305121,5,2,1,"3) # of groups=5",5
"060014",-0.0872727749384252,4,-0.0992745896334819,7,-1.87366420255226,7,0.438252359379565,15,0.437965929126451,8,0.22,0.22,0.22,0.22,0.12,0.22,0.22,0.22,0.22,0.12,-0.304275114208638,5,2,1,"3) # of groups=5",2
"060015",0.778996625779599,8,-0.031832802029453,6,0.72581311345681,8,-0.473555308513949,15,0.276660216166152,8,0.22,0.22,0.22,0.22,0.12,0.22,0.22,0.22,0.22,0.12,0.2530719842524,5,2,1,"3) # of groups=5",4
"060020",0.33366217836,8,-0.371743280053647,7,0.0797008512051549,9,-0.623437197839325,15,-0.239399519837978,10,0.22,0.22,0.22,0.22,0.12,0.22,0.22,0.22,0.22,0.12,-0.156727781012677,5,2,1,"3) # of groups=5",3
"060022",0.266222598942415,8,0.349267949732698,8,0.107598578464217,11,-0.10903522040842,15,1.24367259685545,8,0.22,0.22,0.22,0.22,0.12,0.22,0.22,0.22,0.22,0.12,0.284332571103454,5,2,1,"3) # of groups=5",4
"060023",-0.472796683900903,8,0.0865128163122683,7,0.875381168684482,11,-0.0325074542119688,15,0.417761105795382,9,0.22,0.22,0.22,0.22,0.12,0.22,0.22,0.22,0.22,0.12,0.150581099009899,5,2,1,"3) # of groups=5",4
"060024",1.02288725899878,8,-0.148111884219101,8,1.00551365959336,11,0.0292950969860241,15,0.930054687531293,9,0.22,0.22,0.22,0.22,0.12,0.22,0.22,0.22,0.22,0.12,0.531715071402749,5,2,1,"3) # of groups=5",5
"060027",0.763267963742863,8,-0.457758750538378,7,1.14630721837057,9,0.426439681924853,15,-0.011927399237986,9,0.22,0.22,0.22,0.22,0.12,0.22,0.22,0.22,0.22,0.12,0.411785057061421,5,2,1,"3) # of groups=5",4
"060028",0.824015390550291,5,0.324761289890939,7,0.719527048258381,8,0.650676805895188,15,0.7235235389777,9,0.22,0.22,0.22,0.22,0.12,0.22,0.22,0.22,0.22,0.12,0.64099854228818,5,2,1,"3) # of groups=5",5
"060030",-0.398732644763519,5,0.0194794641831927,3,0.579599625841292,5,-0.59940349736475,15,0.632734870946067,9,0.22,0.22,0.22,0.22,0.12,0.22,0.22,0.22,0.22,0.12,-0.0118643669493045,5,2,1,"3) # of groups=5",3
"060031",0.531643345864967,8,-0.0215775446407008,8,0.258215377274814,11,-0.507407639395275,15,0.00209682620448864,9,0.22,0.22,0.22,0.22,0.12,0.22,0.22,0.22,0.22,0.12,0.0576437977473758,5,2,1,"3) # of groups=5",3
"060032",0.883903245684331,6,1.04343674216097,7,-0.779781997336542,6,0.0944764359828398,15,0.920889230111058,7,0.22,0.22,0.22,0.22,0.12,0.22,0.22,0.22,0.22,0.12,0.383754281441479,5,2,1,"3) # of groups=5",4
"060034",0.862619907887148,8,0.369678202872428,8,-0.190022035910731,11,-1.41879107297486,15,1.47970986071405,7,0.22,0.22,0.22,0.22,0.12,0.22,0.22,0.22,0.22,0.12,0.0947318836979627,5,2,1,"3) # of groups=5",4
"060044",0.59177311595471,3,0.29059889529538,2,1.01337046692543,5,0.250097255858217,15,1.42705838899734,7,0.22,0.22,0.22,0.22,0.12,0.22,0.22,0.22,0.22,0.12,0.643331748167103,4,1,1,"2) # of groups=4",4
"060049",0.43926705137973,2,0.739736744859496,2,0.257970554522675,6,0.722153360351095,15,1.27747811166295,7,0.22,0.22,0.22,0.22,0.12,0.22,0.22,0.22,0.22,0.12,0.628305469844413,3,0,0,"",NA
"060054",-0.327416361593622,4,-0.651230461405704,4,0.936527982326026,8,0.55908843102594,15,0.171748720692284,8,0.22,0.22,0.22,0.22,0.12,0.22,0.22,0.22,0.22,0.12,0.134343156360655,5,2,1,"3) # of groups=5",4
"06005F",1.93353453017552,5,-0.0435972220901809,4,1.12652156300888,6,1.30968741629153,10,-0.222810822929477,5,0.22,0.22,0.22,0.22,0.12,0.22,0.22,0.22,0.22,0.12,0.925014884473328,5,2,1,"3) # of groups=5",5
"060064",0.839299683963143,8,0.172334711703554,7,0.780761042524602,8,-0.0163039888337464,15,-0.158906039993841,8,0.22,0.22,0.22,0.22,0.12,0.22,0.22,0.22,0.22,0.12,0.371671394059401,5,2,1,"3) # of groups=5",4
"060065",0.050828081537709,6,0.380779539779801,6,-0.508502584389702,6,-1.56865034041268,15,0.862855130260275,9,0.22,0.22,0.22,0.22,0.12,0.22,0.22,0.22,0.22,0.12,-0.258477351135439,5,2,1,"3) # of groups=5",3
"060071",-0.8306005860802,3,0.708886209054306,2,-0.181131868145874,7,0.0199197700359905,15,0.272954253527561,9,0.22,0.22,0.22,0.22,0.12,0.22,0.22,0.22,0.22,0.12,-0.0294893141065637,4,1,1,"2) # of groups=4",3
"060075",0.690838864692493,7,-0.245835518393598,2,1.2133263689817,10,0.215987675188764,15,0.171084948335418,10,0.22,0.22,0.22,0.22,0.12,0.22,0.22,0.22,0.22,0.12,0.432880019703509,4,1,1,"2) # of groups=4",4
"060076",0.221317041885379,3,0.320199267373437,1,-0.313410605686809,7,0.218106006589853,15,1.00105464594202,7,0.22,0.22,0.22,0.22,0.12,0.22,0.22,0.22,0.22,0.12,0.218293133748652,4,1,1,"2) # of groups=4",3
"06007F",0.630072778436291,3,0.907913408001027,2,1.22474146229721,5,1.51940052422395,10,1.0556171899398,4,0.22,0.22,0.22,0.22,0.12,0.22,0.22,0.22,0.22,0.12,1.06874226084364,4,1,1,"2) # of groups=4",5
"060096",0.668182797642692,3,0.648761280274172,3,1.09015885065162,8,0.854062572332163,15,0.737569970050353,9,0.22,0.22,0.22,0.22,0.12,0.22,0.22,0.22,0.22,0.12,0.805964806604185,5,2,1,"3) # of groups=5",5
"060100",1.2173025969825,8,-0.515904535806894,7,0.910903766409178,9,-0.793260124231264,15,0.482004048905904,9,0.22,0.22,0.22,0.22,0.12,0.22,0.22,0.22,0.22,0.12,0.238029660606483,5,2,1,"3) # of groups=5",4
"060103",-0.241610889175328,3,0.0919057829139568,4,0.90323562544509,7,0.551145239951319,15,0.798328525292978,7,0.22,0.22,0.22,0.22,0.12,0.22,0.22,0.22,0.22,0.12,0.382828090044866,5,2,1,"3) # of groups=5",4
"060104",0.261053916954497,6,0.515720407440664,6,1.0561731766822,7,0.0689787371030277,15,0.917969102259508,9,0.22,0.22,0.22,0.22,0.12,0.22,0.22,0.22,0.22,0.12,0.528580064670826,5,2,1,"3) # of groups=5",5
"060107",NA,0,NA,0,-0.137402821412794,3,1.16498432730695,5,-1.42420298902903,4,0.22,0.22,0.22,0.22,0.12,NA,NA,0.392857142857143,0.392857142857143,0.214285714285714,0.0985063796664835,3,0,0,"",NA
"060112",1.11869445620662,7,-0.419868211918982,8,-0.596512085089546,10,-0.819292351236393,15,0.786988304564685,8,0.22,0.22,0.22,0.22,0.12,0.22,0.22,0.22,0.22,0.12,-0.063296605700664,5,2,1,"3) # of groups=5",3
"060113",0.335800953068225,7,-0.361115151123953,7,0.0638521837909955,8,0.302567604393801,15,0.184512675165675,8,0.22,0.22,0.22,0.22,0.12,0.22,0.22,0.22,0.22,0.12,0.0971847508482761,5,2,1,"3) # of groups=5",4
"060114",0.503690334967198,7,0.21746269943266,8,1.47521293542793,10,-0.145150993479127,15,0.291648446737169,9,0.22,0.22,0.22,0.22,0.12,0.22,0.22,0.22,0.22,0.12,0.486265108405166,5,2,1,"3) # of groups=5",5
"060116",0.582687866066327,7,0.126416590803225,6,0.26512561628826,6,0.413000354024531,15,0.665689746043862,8,0.22,0.22,0.22,0.22,0.12,0.22,0.22,0.22,0.22,0.12,0.385073463505379,5,2,1,"3) # of groups=5",4
"060117",0.395787967180062,1,0.887447649664847,2,1.00870344873532,3,1.64484561611242,15,1.04644210791753,6,0.22,0.22,0.22,0.22,0.12,0.22,0.22,0.22,0.22,0.12,0.991665682922486,3,0,0,"",NA
"060118",0.880308989902137,1,-0.295099827968145,2,-1.6965311478174,2,1.05101872471604,15,1.11540248715406,7,0.22,0.22,0.22,0.22,0.12,0.22,0.22,0.22,0.22,0.12,0.120581581001666,2,0,0,"",NA
"060119",0.31134972158609,8,-0.173691162677568,7,0.743181569285029,11,0.761461315568874,15,0.859184767262552,9,0.22,0.22,0.22,0.22,0.12,0.22,0.22,0.22,0.22,0.12,0.46440848969924,5,2,1,"3) # of groups=5",5
"060124",0.153527455819019,1,0.784207468178425,2,2.07043297396998,2,1.44449845356691,15,1.68775295098254,2,0.22,0.22,0.22,0.22,0.12,0.22,0.22,0.22,0.22,0.12,1.18211695145546,1,0,0,"",NA
"060125",0.68271877033971,6,1.04354350194506,4,1.24455325537088,6,0.336103037587507,15,-0.282444457046208,8,0.22,0.22,0.22,0.22,0.12,0.22,0.22,0.22,0.22,0.12,0.69362874950795,5,2,1,"3) # of groups=5",5
"060126",0.880308989902137,1,0.196797124152676,1,0.291494826257441,3,0.577933861768782,15,0.649992561931291,7,0.22,0.22,0.22,0.22,0.12,0.22,0.22,0.22,0.22,0.12,0.506236763889583,3,0,0,"",NA
"060128",0.401214178501287,6,0.244703775341305,5,0.940177004326132,9,0.408627002297247,15,1.02391198389013,8,0.22,0.22,0.22,0.22,0.12,0.22,0.22,0.22,0.22,0.12,0.561708269369329,5,2,1,"3) # of groups=5",5
"060129",0.729072210030544,2,-0.0984734769788685,2,0.438717530521708,2,0.858492763678069,5,0.612486000281148,5,0.22,0.22,0.22,0.22,0.12,0.22,0.22,0.22,0.22,0.12,0.497616306029057,2,0,0,"",NA
"060130",1.63360319690828,2,0.208280167047899,2,1.581851078776,4,1.42405009940157,5,1.12069781137063,6,0.22,0.22,0.22,0.22,0.12,0.22,0.22,0.22,0.22,0.12,1.2009963366339,3,0,0,"",NA
"060131",0.634588084272629,6,-0.680066500892979,5,0.470284437662912,9,0.464773401673016,15,0.960682476132695,8,0.22,0.22,0.22,0.22,0.12,0.22,0.22,0.22,0.22,0.12,0.310989370133351,5,2,1,"3) # of groups=5",4
"060132",1.24207348989215,7,0.714692921100914,6,1.20484221579144,8,0.706240634683773,15,1.12718580653508,8,0.22,0.22,0.22,0.22,0.12,0.22,0.22,0.22,0.22,0.12,0.98618913430723,5,2,1,"3) # of groups=5",5
"060133",0.153527455819019,1,-0.173409305509608,1,0.455394368932441,1,0.0297263824081485,5,1.25305226857969,5,0.22,0.22,0.22,0.22,0.12,0.22,0.22,0.22,0.22,0.12,0.252718830592563,2,0,0,"",NA
"061300",NA,0,NA,0,NA,0,NA,0,1.82031775674702,3,0.22,0.22,0.22,0.22,0.12,NA,NA,NA,NA,1,1.82031775674702,1,0,0,"",NA
"061301",-0.127131537066785,4,NA,0,-0.187112699424032,5,NA,0,2.61567186872596,4,0.22,0.22,0.22,0.22,0.12,0.392857142857143,NA,0.392857142857143,NA,0.214285714285714,0.437048021819885,3,1,1,"1) # of groups=3",4
"061302",0.584925843190497,2,-4.06592153639994,1,0.706473787674842,2,NA,0,-0.0924310711166625,4,0.22,0.22,0.22,0.22,0.12,0.282051282051282,0.282051282051282,0.282051282051282,NA,0.153846153846154,-0.796777625322579,1,0,0,"",NA
"061303",-0.24904438523794,2,NA,0,0.170869675818724,3,NA,0,1.34389462547939,6,0.22,0.22,0.22,0.22,0.12,0.392857142857143,NA,0.392857142857143,NA,0.214285714285714,0.257265926759463,2,0,0,"",NA
"061304",-0.573254078264098,1,1.15927422234555,1,-0.297044941435646,1,NA,0,0.213898804692698,2,0.22,0.22,0.22,0.22,0.12,0.282051282051282,0.282051282051282,0.282051282051282,NA,0.153846153846154,0.11441333480154,0,0,0,"",NA
"061305",-1.7845566350693,1,NA,0,-0.798671148347709,1,NA,0,-0.204975652603636,5,0.22,0.22,0.22,0.22,0.12,0.392857142857143,NA,0.392857142857143,NA,0.214285714285714,-1.05876284047175,1,0,0,"",NA
"061306",-0.480831902932779,3,NA,0,-1.61131839606491,2,NA,0,-1.07236348225427,3,0.22,0.22,0.22,0.22,0.12,0.392857142857143,NA,0.392857142857143,NA,0.214285714285714,-1.05170836366072,2,1,0,"",NA
"061307",NA,0,NA,0,NA,0,NA,0,0.506146814393635,1,0.22,0.22,0.22,0.22,0.12,NA,NA,NA,NA,1,0.506146814393635,0,0,0,"",NA
"061308",NA,0,NA,0,-0.547858044891677,1,NA,0,1.46703420321001,5,0.22,0.22,0.22,0.22,0.12,NA,NA,0.647058823529412,NA,0.352941176470588,0.163280395614801,1,0,0,"",NA
"061309",-0.0887330555420189,1,-0.109511703046801,1,0.608194787789183,4,1.22532305292939,5,1.72794873714249,5,0.22,0.22,0.22,0.22,0.12,0.22,0.22,0.22,0.22,0.12,0.567113926525645,3,0,0,"",NA
"061310",-0.815514589625137,1,NA,0,-1.59682290836648,2,NA,0,-0.397068174721559,4,0.22,0.22,0.22,0.22,0.12,0.392857142857143,NA,0.392857142857143,NA,0.214285714285714,-1.03279005450847,1,0,0,"",NA
"061311",-2.38335676516824,2,NA,0,-0.251214625655233,2,NA,0,-0.258638554066306,5,0.22,0.22,0.22,0.22,0.12,0.392857142857143,NA,0.392857142857143,NA,0.214285714285714,-1.090432736552,1,0,0,"",NA
"061312",-1.7845566350693,1,NA,0,0.752383986677753,2,NA,0,0.136719479567678,3,0.22,0.22,0.22,0.22,0.12,0.392857142857143,NA,0.392857142857143,NA,0.214285714285714,-0.376199366246462,1,0,0,"",NA
"061313",0.638048478541098,1,NA,0,-0.297044941435646,1,NA,0,0.797323966280726,5,0.22,0.22,0.22,0.22,0.12,0.392857142857143,NA,0.392857142857143,NA,0.214285714285714,0.304820810923012,1,0,0,"",NA
"061314",0.897747113000839,2,NA,0,0.508340856022872,4,NA,0,0.697803793902021,5,0.22,0.22,0.22,0.22,0.12,0.392857142857143,NA,0.392857142857143,NA,0.214285714285714,0.701921086524034,2,0,0,"",NA
"061315",0.638048478541098,1,NA,0,0.706207472388479,1,NA,0,0.81733314612281,3,0.22,0.22,0.22,0.22,0.12,0.392857142857143,NA,0.392857142857143,NA,0.214285714285714,0.703243369177222,1,0,0,"",NA
"061316",-1.54229612370826,1,1.15927422234555,1,-0.539915631238998,2,NA,0,0.10596392550796,5,0.22,0.22,0.22,0.22,0.12,0.282051282051282,0.282051282051282,0.282051282051282,NA,0.153846153846154,-0.244013571937719,1,0,0,"",NA
"061317",-0.573254078264098,1,-0.98554156745484,1,1.53960683231766,2,0.798012115378682,5,0.785658517433731,8,0.22,0.22,0.22,0.22,0.12,0.22,0.22,0.22,0.22,0.12,0.265620148527077,2,0,0,"",NA
"061318",NA,0,NA,0,-0.0255447241147367,2,-0.0910929915136832,5,-0.539797702112267,5,0.22,0.22,0.22,0.22,0.12,NA,NA,0.392857142857143,0.392857142857143,0.214285714285714,-0.161492895878079,2,0,0,"",NA
"061319",NA,0,NA,0,0.204581265476417,1,NA,0,1.82811817743156,2,0.22,0.22,0.22,0.22,0.12,NA,NA,0.647058823529412,NA,0.352941176470588,0.777594293225291,0,0,0,"",NA
"061320",0.880308989902137,1,NA,0,-1.03980861316051,5,NA,0,0.264795309223146,5,0.22,0.22,0.22,0.22,0.12,0.392857142857143,NA,0.392857142857143,NA,0.214285714285714,-0.00591871430368669,2,0,0,"",NA
"061321",-0.230350285081876,3,NA,0,1.3562354275026,3,NA,0,1.10052741725383,6,0.22,0.22,0.22,0.22,0.12,0.392857142857143,NA,0.392857142857143,NA,0.214285714285714,0.678139323933962,3,1,1,"1) # of groups=3",5
"061322",-0.831926904502674,4,-5.7136315832518,1,1.29471419307803,7,0.119898316508736,15,0.100274934807408,4,0.22,0.22,0.22,0.22,0.12,0.22,0.22,0.22,0.22,0.12,-1.11677512302001,4,1,1,"2) # of groups=4",1
"061323",NA,0,NA,0,-0.300275500294084,2,-0.702025586490284,5,0.928247930002449,2,0.22,0.22,0.22,0.22,0.12,NA,NA,0.392857142857143,0.392857142857143,0.214285714285714,-0.194850870521906,1,0,0,"",NA
"061324",0.463795587509978,2,NA,0,0.598382519329947,4,1.05089582998979,10,-0.246652051643893,4,0.22,0.22,0.22,0.22,0.12,0.282051282051282,NA,0.282051282051282,0.282051282051282,0.153846153846154,0.558048743468295,3,0,0,"",NA
"061325",-0.567915354931167,2,2.19541268788266,1,1.18556261110999,3,0.979312137599901,5,0.626060047549666,2,0.22,0.22,0.22,0.22,0.12,0.22,0.22,0.22,0.22,0.12,0.909449063671464,2,0,0,"",NA
"061326",-0.0267751350949852,2,NA,0,-0.404543018502644,4,-0.801119997602047,5,0.5980462994636,6,0.22,0.22,0.22,0.22,0.12,0.282051282051282,NA,0.282051282051282,0.282051282051282,0.153846153846154,-0.25560363760038,3,0,0,"",NA
"061327",-0.401035637195985,4,-0.72023232262276,1,0.549550472972155,5,1.58019369513501,10,0.580090615146532,6,0.22,0.22,0.22,0.22,0.12,0.22,0.22,0.22,0.22,0.12,0.291475639641036,4,1,1,"2) # of groups=4",4
"061328",NA,0,NA,0,0.85636656485091,2,NA,0,0.703488413393633,4,0.22,0.22,0.22,0.22,0.12,NA,NA,0.647058823529412,NA,0.352941176470588,0.80240957021893,1,0,0,"",NA
"061336",NA,0,NA,0,-1.2280816021965,1,NA,0,0.668840872274262,3,0.22,0.22,0.22,0.22,0.12,NA,NA,0.647058823529412,NA,0.352941176470588,-0.55857955238329,1,0,0,"",NA
"061343",NA,0,NA,0,NA,0,NA,0,1.36909334393675,2,0.22,0.22,0.22,0.22,0.12,NA,NA,NA,NA,1,1.36909334393675,0,0,0,"",NA
"061344",-0.456518780145532,4,1.15927422234555,1,0.869184702280261,6,0.594804552669778,15,0.358844222069917,8,0.22,0.22,0.22,0.22,0.12,0.22,0.22,0.22,0.22,0.12,0.519745140021403,4,1,1,"2) # of groups=4",4
"070002",-0.538375255792237,8,-0.49814413902574,8,0.68810245187446,11,-1.18561455078181,15,-1.55684619344531,8,0.22,0.22,0.22,0.22,0.12,0.22,0.22,0.22,0.22,0.12,-0.524308471833009,5,2,1,"3) # of groups=5",2
"070003",-0.0221633486058815,5,-0.465082326394269,3,-0.708515825268861,8,-0.436499278909727,15,0.58775586811846,8,0.22,0.22,0.22,0.22,0.12,0.22,0.22,0.22,0.22,0.12,-0.288566667245107,5,2,1,"3) # of groups=5",2
"070004",0.297774412489936,5,0.751616713585794,3,0.624587931676086,7,0.574755345744822,15,0.571198297601638,8,0.22,0.22,0.22,0.22,0.12,0.22,0.22,0.22,0.22,0.12,0.563265364481457,5,2,1,"3) # of groups=5",5
"070005",0.0643797494564168,8,-0.130923445146263,6,0.871219610292219,8,-2.20915338441912,15,-0.802861201333665,9,0.22,0.22,0.22,0.22,0.12,0.22,0.22,0.22,0.22,0.12,-0.405328387519724,5,2,1,"3) # of groups=5",2
"070006",0.519798421522517,8,0.723311918238258,8,0.988843082196991,11,0.371350744853215,15,-0.815585790392574,10,0.22,0.22,0.22,0.22,0.12,0.22,0.22,0.22,0.22,0.12,0.474856621851307,5,2,1,"3) # of groups=5",5
"070007",0.433296482838889,7,-0.0876004723595052,6,-0.682622194369772,9,-0.230980897106524,15,-0.241842929556002,9,0.22,0.22,0.22,0.22,0.12,0.22,0.22,0.22,0.22,0.12,-0.153960709366041,5,2,1,"3) # of groups=5",3
"070008",0.131786808420468,4,0.678035673249115,2,-1.25138397134346,6,0.0286796294967933,15,-0.377835632163852,7,0.22,0.22,0.22,0.22,0.12,0.22,0.22,0.22,0.22,0.12,-0.136174285098621,4,1,1,"2) # of groups=4",3
"070010",1.26957921446665,8,0.216825564208895,8,-0.27548963530847,11,-0.236276669513822,15,0.0129850690078767,9,0.22,0.22,0.22,0.22,0.12,0.22,0.22,0.22,0.22,0.12,0.215978672528661,5,2,1,"3) # of groups=5",4
"070011",0.687380720837485,5,0.259093759813894,6,-0.790949166773627,8,-0.773370442708647,15,0.643575856039719,9,0.22,0.22,0.22,0.22,0.12,0.22,0.22,0.22,0.22,0.12,-0.0586968256180306,5,2,1,"3) # of groups=5",3
"070012",NA,0,NA,0,0.327775819388476,1,0.534803069832261,5,1.36012994169223,6,0.22,0.22,0.22,0.22,0.12,NA,NA,0.392857142857143,0.392857142857143,0.214285714285714,0.630326693985053,2,0,0,"",NA
"070016",-0.204286257147063,7,0.345930507122007,6,0.844386792930557,9,-1.22899893378048,15,-0.65666642477729,9,0.22,0.22,0.22,0.22,0.12,0.22,0.22,0.22,0.22,0.12,-0.13225290696577,5,2,1,"3) # of groups=5",3
"070017",0.243685445257528,7,0.599592028679186,7,-0.557817674335743,7,0.580132268947357,15,-0.217927792410497,8,0.22,0.22,0.22,0.22,0.12,0.22,0.22,0.22,0.22,0.12,0.164278919991373,5,2,1,"3) # of groups=5",4
"070018",1.74100386714348,7,0.716592374053773,7,0.102563700478583,10,0.27174709208018,15,-0.794320701937324,9,0.22,0.22,0.22,0.22,0.12,0.22,0.22,0.22,0.22,0.12,0.527701063193845,5,2,1,"3) # of groups=5",5
"070020",0.0662922222135227,7,-0.101496032773078,7,-1.03162102647222,7,0.0891130404651681,15,0.307099177934647,9,0.22,0.22,0.22,0.22,0.12,0.22,0.22,0.22,0.22,0.12,-0.178244693892496,5,2,1,"3) # of groups=5",3
"070021",0.7544774594724,5,0.205190197820939,2,-0.789417348305659,8,-0.001330957891221,15,0.911361759499235,9,0.22,0.22,0.22,0.22,0.12,0.22,0.22,0.22,0.22,0.12,0.146525668381129,4,1,1,"2) # of groups=4",3
"070022",2.0620715099212,8,0.241220396251522,8,0.416339549345321,11,-0.361394487634393,15,-0.634700285491506,8,0.22,0.22,0.22,0.22,0.12,0.22,0.22,0.22,0.22,0.12,0.442648098675422,5,2,1,"3) # of groups=5",5
"070024",1.42304952918936,7,0.679241677048822,7,-0.26370339515709,9,-0.500486383981446,15,0.29972732696104,10,0.22,0.22,0.22,0.22,0.12,0.22,0.22,0.22,0.22,0.12,0.330349593197247,5,2,1,"3) # of groups=5",4
"070025",1.59149621063011,8,0.695793174599957,8,0.0607812470151375,11,-0.646017827425063,15,-0.105397166101399,8,0.22,0.22,0.22,0.22,0.12,0.22,0.22,0.22,0.22,0.12,0.361803957128263,5,2,1,"3) # of groups=5",4
"070027",1.59364078075117,5,0.771371500977205,7,-0.0287654117405716,7,-0.952003494809533,15,-0.245236095656203,7,0.22,0.22,0.22,0.22,0.12,0.22,0.22,0.22,0.22,0.12,0.275105211060475,5,2,1,"3) # of groups=5",4
"070028",0.139980006863171,8,-0.0737759528079691,7,0.74975233096279,11,0.0535262807577569,15,-0.0196567720322934,8,0.22,0.22,0.22,0.22,0.12,0.22,0.22,0.22,0.22,0.12,0.18892737382679,5,2,1,"3) # of groups=5",4
"070029",-0.511496256369837,5,0.35799357179597,4,-1.37497712008085,8,-0.279528913850362,15,-0.300294256152437,9,0.22,0.22,0.22,0.22,0.12,0.22,0.22,0.22,0.22,0.12,-0.43379722880941,5,2,1,"3) # of groups=5",2
"070031",0.457974675595097,5,-0.241910348334599,7,-0.22343723928015,7,0.418408680724459,15,0.480965669715228,8,0.22,0.22,0.22,0.22,0.12,0.22,0.22,0.22,0.22,0.12,0.148143749480885,5,2,1,"3) # of groups=5",4
"070033",0.43081613989433,8,0.699249385538678,8,0.071468232256487,11,-0.423469384785169,15,-0.365144740883171,9,0.22,0.22,0.22,0.22,0.12,0.22,0.22,0.22,0.22,0.12,0.127356793132971,5,2,1,"3) # of groups=5",4
"070034",0.686662365483574,7,-0.0965149840655566,6,-0.113894938444682,9,-0.310151741718986,15,-0.500384289374237,8,0.22,0.22,0.22,0.22,0.12,0.22,0.22,0.22,0.22,0.12,-0.0235039604489516,5,2,1,"3) # of groups=5",3
"070035",0.015501009573158,7,0.216956253927036,7,-0.786919678748839,8,-0.853161370312232,15,0.113926124614523,8,0.22,0.22,0.22,0.22,0.12,0.22,0.22,0.22,0.22,0.12,-0.29600609786965,5,2,1,"3) # of groups=5",2
"070036",0.179137835836696,7,-0.0841835361353667,6,-0.644658698800738,9,0.686227877586332,15,-0.650898551788608,8,0.22,0.22,0.22,0.22,0.12,0.22,0.22,0.22,0.22,0.12,-0.0480726609475098,5,2,1,"3) # of groups=5",3
"070038",NA,0,NA,0,NA,0,NA,0,2.40989422842637,1,0.22,0.22,0.22,0.22,0.12,NA,NA,NA,NA,1,2.40989422842637,0,0,0,"",NA
"07003F",0.910353498519267,5,-0.870755551705871,3,-0.774242935325043,5,0.52998241302391,10,-0.467993558396188,5,0.22,0.22,0.22,0.22,0.12,0.22,0.22,0.22,0.22,0.12,-0.101184993614845,5,2,1,"3) # of groups=5",3
"080001",1.28839227067127,8,0.160332424365816,8,0.524753294483138,11,-0.664179573151035,15,-0.455314847485876,10,0.22,0.22,0.22,0.22,0.12,0.22,0.22,0.22,0.22,0.12,0.233407869902916,5,2,1,"3) # of groups=5",4
"080003",0.200790339879007,6,0.130720209989062,4,0.605379502726427,6,-1.02138023584701,15,0.108318915641122,7,0.22,0.22,0.22,0.22,0.12,0.22,0.22,0.22,0.22,0.12,-0.00558957043861844,5,2,1,"3) # of groups=5",3
"080004",-0.12362912258328,8,-0.139370472523935,7,-0.522719583095958,11,-0.891432944775661,15,-1.44020867213725,9,0.22,0.22,0.22,0.22,0.12,0.22,0.22,0.22,0.22,0.12,-0.541798507711813,5,2,1,"3) # of groups=5",2
"080006",0.187948403472257,7,-0.324908994532035,5,0.375051613784252,9,-0.195846731453888,15,-0.125635039189411,9,0.22,0.22,0.22,0.22,0.12,0.22,0.22,0.22,0.22,0.12,-0.00578246062320039,5,2,1,"3) # of groups=5",3
"080007",-0.095265473326552,8,-1.66801843864108,7,1.01606080079066,11,-0.192655309384214,15,0.638472133482839,10,0.22,0.22,0.22,0.22,0.12,0.22,0.22,0.22,0.22,0.12,-0.13015659650552,5,2,1,"3) # of groups=5",3
"080009",-0.166871739236679,6,-0.113205674678554,7,0.35119615550272,9,0.289573767620575,15,-0.805843553489105,8,0.22,0.22,0.22,0.22,0.12,0.22,0.22,0.22,0.22,0.12,-0.0173488743929189,5,2,1,"3) # of groups=5",3
"08002F",1.82142422918167,3,0.505302482204579,1,0.399101974316924,4,0.0213265336849136,10,-0.410072729610792,4,0.22,0.22,0.22,0.22,0.12,0.22,0.22,0.22,0.22,0.12,0.555165420712084,4,1,1,"2) # of groups=4",4
"090001",0.668595454408248,8,-0.0709839868782776,8,-0.148860021657871,11,-1.77482873831548,15,-1.49905142489531,8,0.22,0.22,0.22,0.22,0.12,0.22,0.22,0.22,0.22,0.12,-0.471623175324981,5,2,1,"3) # of groups=5",2
"090003",0.629766562510909,7,-0.49419460738386,6,-2.35115128382343,6,-1.31921014618847,15,0.351788165315103,7,0.22,0.22,0.22,0.22,0.12,0.22,0.22,0.22,0.22,0.12,-0.735439104636855,5,2,1,"3) # of groups=5",1
"090004",0.882457804713049,6,-0.106102438312002,7,0.232479280690708,9,-0.366935155174655,15,-1.75633221453381,8,0.22,0.22,0.22,0.22,0.12,0.22,0.22,0.22,0.22,0.12,-0.0695419775222952,5,2,1,"3) # of groups=5",3
"090005",1.2303053448396,7,-0.0346274633829933,8,0.907087781121038,9,0.0112782407486034,15,0.0480673908446538,8,0.22,0.22,0.22,0.22,0.12,0.22,0.22,0.22,0.22,0.12,0.470857745633133,5,2,1,"3) # of groups=5",5
"090008",-0.134903539721014,4,0.3006514448689,4,0.581630447829865,5,NA,0,-1.31994967184704,7,0.22,0.22,0.22,0.22,0.12,0.282051282051282,0.282051282051282,0.282051282051282,NA,0.153846153846154,0.00772984235059027,4,2,1,"2) # of groups=4",3
"090011",1.79856345576816,8,0.172764396728737,8,-0.610465871658886,11,-1.29578668095573,15,-1.22847206752272,8,0.22,0.22,0.22,0.22,0.12,0.22,0.22,0.22,0.22,0.12,-0.133100082128625,5,2,1,"3) # of groups=5",3
"09002F",2.20160101177593,5,-1.0534255038522,4,-0.681710799657708,6,-0.545292506755116,10,-0.162521987017333,5,0.22,0.22,0.22,0.22,0.12,0.22,0.22,0.22,0.22,0.12,-0.0368447541096806,5,2,1,"3) # of groups=5",3
"100001",0.956177921874262,8,0.298162176650272,7,0.238346283468613,10,-0.348651892508665,15,-0.818633082673775,9,0.22,0.22,0.22,0.22,0.12,0.22,0.22,0.22,0.22,0.12,0.153451617765733,5,2,1,"3) # of groups=5",4
"100002",-0.175790242086007,8,0.10988099849819,7,0.0745165880306687,11,-1.74634435885405,15,0.185635627869704,7,0.22,0.22,0.22,0.22,0.12,0.22,0.22,0.22,0.22,0.12,-0.360025867826099,5,2,1,"3) # of groups=5",2
"100006",1.56238311511444,8,0.472260115710734,8,-0.651518522516626,11,0.0708439510409836,15,-0.582676344903846,8,0.22,0.22,0.22,0.22,0.12,0.22,0.22,0.22,0.22,0.12,0.249951943668435,5,2,1,"3) # of groups=5",4
"100007",2.18940740853331,8,0.204551434337071,8,-2.61431772697756,11,0.183704824166244,15,0.31797622746653,10,0.22,0.22,0.22,0.22,0.12,0.22,0.22,0.22,0.22,0.12,0.0300932541089779,5,2,1,"3) # of groups=5",3
"100008",1.48266450894751,8,0.240052806473839,7,-0.103307717286726,10,-0.205616189058427,15,0.98984624102447,9,0.22,0.22,0.22,0.22,0.12,0.22,0.22,0.22,0.22,0.12,0.429816098919699,5,2,1,"3) # of groups=5",5
"100012",1.61642618884102,8,0.470324213785583,7,1.10552833717514,11,0.145535222551518,15,-1.13389475856269,9,0.22,0.22,0.22,0.22,0.12,0.22,0.22,0.22,0.22,0.12,0.598251700690195,5,2,1,"3) # of groups=5",5
"100014",1.08480509957704,7,0.216539191363411,7,0.63705680872451,10,-0.241230281141964,15,0.312473150991401,8,0.22,0.22,0.22,0.22,0.12,0.22,0.22,0.22,0.22,0.12,0.410874358194027,5,2,1,"3) # of groups=5",4
"100017",-0.263326974609081,8,0.0859851738168206,8,-0.526452112423253,11,-0.823988612357468,15,-0.763819356184719,7,0.22,0.22,0.22,0.22,0.12,0.22,0.22,0.22,0.22,0.12,-0.427770478368222,5,2,1,"3) # of groups=5",2
"100018",0.837252955475258,8,0.149585061492949,8,-0.0784302018331771,11,-1.13521585424523,15,-0.0721358062517211,9,0.22,0.22,0.22,0.22,0.12,0.22,0.22,0.22,0.22,0.12,-0.0585540653544505,5,2,1,"3) # of groups=5",3
"100019",0.294039383513423,8,0.661590127262904,8,0.956105626444082,9,-0.841069761982351,15,-0.394322155260077,8,0.22,0.22,0.22,0.22,0.12,0.22,0.22,0.22,0.22,0.12,0.188227723921164,5,2,1,"3) # of groups=5",4
"100022",-1.657146312193,7,0.0846838848008865,7,-1.21297742555802,9,-0.865441380261145,15,0.00793945105071802,9,0.22,0.22,0.22,0.22,0.12,0.22,0.22,0.22,0.22,0.12,-0.802241137180395,5,2,1,"3) # of groups=5",1
"100023",-0.278664796237545,8,0.573467466456515,7,-0.346617109726716,9,-0.952875664154655,15,-0.489383707360411,8,0.22,0.22,0.22,0.22,0.12,0.22,0.22,0.22,0.22,0.12,-0.279757867688977,5,2,1,"3) # of groups=5",2
"100025",0.61127940628816,8,0.722493905442643,7,0.381357058222653,11,-1.13514551240641,10,0.67112768438814,8,0.22,0.22,0.22,0.22,0.12,0.22,0.22,0.22,0.22,0.12,0.208131990786927,5,2,1,"3) # of groups=5",4
"100026",-0.616667390815484,8,0.43366086016586,3,0.215764387187219,9,-0.44831933150982,10,0.0503885685146823,6,0.22,0.22,0.22,0.22,0.12,0.22,0.22,0.22,0.22,0.12,-0.0853768962721276,5,2,1,"3) # of groups=5",3
"100028",-1.03796198896209,7,-0.450597608059804,7,0.628788763773964,8,-1.1944013209233,15,-0.619758881945162,9,0.22,0.22,0.22,0.22,0.12,0.22,0.22,0.22,0.22,0.12,-0.52628893975109,5,2,1,"3) # of groups=5",2
"100029",0.41823853818689,7,-0.674399492338885,6,-1.31784574955196,7,-2.39791308483985,15,-1.09806561017689,7,0.22,0.22,0.22,0.22,0.12,0.22,0.22,0.22,0.22,0.12,-1.00559022670086,5,2,1,"3) # of groups=5",1
"100030",1.51040740508162,6,-0.473800291795296,7,-0.68366567414974,8,0.0743934699208842,15,-0.330541394488883,7,0.22,0.22,0.22,0.22,0.12,0.22,0.22,0.22,0.22,0.12,0.054348712653977,5,2,1,"3) # of groups=5",3
"100032",-0.256679505957558,7,-0.103071979038429,8,-0.68898494382055,8,-0.634616950255043,15,-1.61844551745129,7,0.22,0.22,0.22,0.22,0.12,0.22,0.22,0.22,0.22,0.12,-0.564551205489902,5,2,1,"3) # of groups=5",2
"100034",1.019014694588,8,-0.114701438366052,7,0.10663261924637,11,-0.550319350756505,15,-1.04673293782588,8,0.22,0.22,0.22,0.22,0.12,0.22,0.22,0.22,0.22,0.12,-0.0242701171025067,5,2,1,"3) # of groups=5",3
"100035",-0.685635191069694,8,0.47335798658442,8,0.156931218527949,9,-1.13869867865859,15,0.323248381795573,8,0.22,0.22,0.22,0.22,0.12,0.22,0.22,0.22,0.22,0.12,-0.223900020400033,5,2,1,"3) # of groups=5",3
"100038",1.05856542550478,8,0.177772234800777,8,-1.27256124033468,11,-0.470811913603152,15,0.48349623298412,7,0.22,0.22,0.22,0.22,0.12,0.22,0.22,0.22,0.22,0.12,-0.0535282606410061,5,2,1,"3) # of groups=5",3
"100039",0.387035456395089,8,0.403626473218643,7,-0.393735583791047,10,-1.54395581020313,15,0.464940723054721,8,0.22,0.22,0.22,0.22,0.12,0.22,0.22,0.22,0.22,0.12,-0.196553595397131,5,2,1,"3) # of groups=5",3
"100040",-0.0792356100705577,8,0.485244564610339,7,-0.212205833344636,9,-0.633399484916595,10,0.467636341191947,8,0.22,0.22,0.22,0.22,0.12,0.22,0.22,0.22,0.22,0.12,-0.0405948390756853,5,2,1,"3) # of groups=5",3
"100043",0.0692634585657712,5,0.325141108495666,4,0.0894016299213986,6,1.03591983431421,15,-0.923606684583597,6,0.22,0.22,0.22,0.22,0.12,0.22,0.22,0.22,0.22,0.12,0.223506924735318,5,2,1,"3) # of groups=5",4
"100044",1.11644766875078,8,0.498875792033755,7,-0.440901830174523,11,-0.848849395079859,15,-0.160824471557141,10,0.22,0.22,0.22,0.22,0.12,0.22,0.22,0.22,0.22,0.12,0.0523269552297768,5,2,1,"3) # of groups=5",3
"100045",0.844325716508245,7,0.425148841808784,6,-0.166118860835874,7,-0.0102802250362889,15,-0.284326202927326,9,0.22,0.22,0.22,0.22,0.12,0.22,0.22,0.22,0.22,0.12,0.206357459586591,5,2,1,"3) # of groups=5",4
"100046",1.41226742125902,6,0.315491566361615,5,0.803299481904853,7,-0.335530086190186,15,-0.736645841762018,7,0.22,0.22,0.22,0.22,0.12,0.22,0.22,0.22,0.22,0.12,0.394618743322324,5,2,1,"3) # of groups=5",4
"100047",-0.76615271788401,6,1.10994317452178,2,-0.966752312632615,6,-0.324190972754987,5,-1.95868369979115,6,0.22,0.22,0.22,0.22,0.12,0.22,0.22,0.22,0.22,0.12,-0.443415666299901,4,1,1,"2) # of groups=4",2
"100049",0.225891583437511,7,0.86861560795117,5,-0.5557624448955,6,-0.706367166168022,15,-0.562045954751957,8,0.22,0.22,0.22,0.22,0.12,0.22,0.22,0.22,0.22,0.12,-0.1043224468987,5,2,1,"3) # of groups=5",3
"100050",1.00074677204443,4,-0.485597229959305,4,0.846266560228363,4,-0.686129805959126,10,0.671358279835951,6,0.22,0.22,0.22,0.22,0.12,0.22,0.22,0.22,0.22,0.12,0.229125978778274,5,2,1,"3) # of groups=5",4
"100051",1.19485116361418,7,-0.201528345160122,7,-1.13264363797348,8,0.260098253118605,15,-0.810951436398805,9,0.22,0.22,0.22,0.22,0.12,0.22,0.22,0.22,0.22,0.12,-0.0707431369760363,5,2,1,"3) # of groups=5",3
"100052",-0.376886887246011,8,-0.00577492916754969,6,-0.182491688612777,10,-0.284964608563117,15,-0.5273414088696,9,0.22,0.22,0.22,0.22,0.12,0.22,0.22,0.22,0.22,0.12,-0.250306954054032,5,2,1,"3) # of groups=5",3
"100053",0.872763565424004,4,0.450351788960987,6,-1.24522139315712,4,-0.633955902200414,15,0.158437414279994,7,0.22,0.22,0.22,0.22,0.12,0.22,0.22,0.22,0.22,0.12,-0.10332113730036,5,2,1,"3) # of groups=5",3
"100054",1.52904792701373,4,0.771109381929685,3,-0.478908351580137,6,1.10554087024598,15,0.279329882731243,8,0.22,0.22,0.22,0.22,0.12,0.22,0.22,0.22,0.22,0.12,0.677413348001786,5,2,1,"3) # of groups=5",5
"100055",0.790830932087731,7,0.292461822075584,5,-0.258078431468426,7,-0.0890508022292063,15,-0.434421809352382,7,0.22,0.22,0.22,0.22,0.12,0.22,0.22,0.22,0.22,0.12,0.109825357380164,5,2,1,"3) # of groups=5",4
"100057",1.34977239177618,8,-0.0574228651015181,7,0.683685849603666,9,0.0769993032706711,15,-0.661542253378598,7,0.22,0.22,0.22,0.22,0.12,0.22,0.22,0.22,0.22,0.12,0.372282559095348,5,2,1,"3) # of groups=5",4
"100062",0.243583235460607,8,1.08751647606481,6,0.411274898058383,9,-0.427406536939325,15,0.289156141710677,7,0.22,0.22,0.22,0.22,0.12,0.22,0.22,0.22,0.22,0.12,0.323991712987066,5,2,1,"3) # of groups=5",4
"100063",-0.217527541645109,6,0.156639488140529,6,-0.681358533506226,7,0.707246081916171,15,-1.30482133689916,6,0.22,0.22,0.22,0.22,0.12,0.22,0.22,0.22,0.22,0.12,-0.164278671548719,5,2,1,"3) # of groups=5",3
"100067",0.813665196425339,7,0.156402454853057,6,-1.20296601478093,9,0.456584613878953,15,-0.26147795654569,8,0.22,0.22,0.22,0.22,0.12,0.22,0.22,0.22,0.22,0.12,0.0178336202973294,5,2,1,"3) # of groups=5",3
"100068",1.2209178966193,8,-0.0397043998993233,8,1.20115113465811,9,0.0142683693441103,15,0.0255037118735343,8,0.22,0.22,0.22,0.22,0.12,0.22,0.22,0.22,0.22,0.12,0.530319705583707,5,2,1,"3) # of groups=5",5
"100069",0.15696690905765,6,0.665683048500433,7,-0.655364392355197,7,-0.0566466717390302,15,-0.848405040881059,7,0.22,0.22,0.22,0.22,0.12,0.22,0.22,0.22,0.22,0.12,-0.0774680483436787,5,2,1,"3) # of groups=5",3
"100071",-0.874897747024813,7,0.287066643100239,5,-1.60333656026584,7,-2.01916932735334,15,0.34478007847009,6,0.22,0.22,0.22,0.22,0.12,0.22,0.22,0.22,0.22,0.12,-0.884900528723215,5,2,1,"3) # of groups=5",1
"100072",1.64276203462275,7,0.549778555027221,6,-0.613665454938679,7,0.377356208238664,15,0.108031283492842,8,0.22,0.22,0.22,0.22,0.12,0.22,0.22,0.22,0.22,0.12,0.443334649468131,5,2,1,"3) # of groups=5",5
"100073",0.799685651539426,8,0.290163965073535,7,0.778128894357365,11,-0.835721069742386,15,-1.18666321262091,9,0.22,0.22,0.22,0.22,0.12,0.22,0.22,0.22,0.22,0.12,0.0846970515556376,5,2,1,"3) # of groups=5",4
"100075",0.798137374305136,8,0.668709868085221,7,0.159113106894576,10,0.494819277958821,15,-0.687129652904405,9,0.22,0.22,0.22,0.22,0.12,0.22,0.22,0.22,0.22,0.12,0.384115959645097,5,2,1,"3) # of groups=5",4
"100077",-0.649501237636956,8,0.622857470338282,7,-0.869732529803391,8,-2.22224021649038,15,-0.610644971376745,7,0.22,0.22,0.22,0.22,0.12,0.22,0.22,0.22,0.22,0.12,-0.759373029555547,5,2,1,"3) # of groups=5",1
"100080",1.32192627674124,8,-0.085492014383346,8,-0.932121055366648,9,-1.68974321785672,15,-0.0752138650434163,8,0.22,0.22,0.22,0.22,0.12,0.22,0.22,0.22,0.22,0.12,-0.313820266195614,5,2,1,"3) # of groups=5",2
"100084",0.630899216393988,8,-0.64088389992445,7,0.23813070349585,9,-0.614559786964151,15,0.128881382557984,8,0.22,0.22,0.22,0.22,0.12,0.22,0.22,0.22,0.22,0.12,-0.0695452628327698,5,2,1,"3) # of groups=5",3
"100086",0.496451929353025,7,0.254345694001525,7,-1.20431364599401,10,-0.758802260244849,15,0.595520388886498,8,0.22,0.22,0.22,0.22,0.12,0.22,0.22,0.22,0.22,0.12,-0.195247575568168,5,2,1,"3) # of groups=5",3
"100087",1.52087291793686,8,0.631388315709996,8,1.33040637541594,11,0.0237745826201204,15,-0.718626863998378,9,0.22,0.22,0.22,0.22,0.12,0.22,0.22,0.22,0.22,0.12,0.685182058490436,5,2,1,"3) # of groups=5",5
"100088",1.28698321243655,8,-0.163419653699448,8,-0.448439663554431,11,0.379391738717008,15,-0.231116780740709,10,0.22,0.22,0.22,0.22,0.12,0.22,0.22,0.22,0.22,0.12,0.204259425769044,5,2,1,"3) # of groups=5",4
"100090",-0.165146663918246,8,0.445437682550961,8,0.105720561339512,9,-0.431395734034014,15,-0.901705395814012,9,0.22,0.22,0.22,0.22,0.12,0.22,0.22,0.22,0.22,0.12,-0.118189161391275,5,2,1,"3) # of groups=5",3
"100092",1.13410839838878,8,0.529073669405725,6,0.58205622082101,8,-0.975447596466016,15,-0.267644870053612,8,0.22,0.22,0.22,0.22,0.12,0.22,0.22,0.22,0.22,0.12,0.247236567866456,5,2,1,"3) # of groups=5",4
"100093",-0.0642864251760968,8,-0.0355217441240346,7,0.82449001555532,11,0.261842509850292,15,-0.201656955596606,10,0.22,0.22,0.22,0.22,0.12,0.22,0.22,0.22,0.22,0.12,0.192836523671613,5,2,1,"3) # of groups=5",4
"100099",-0.627303015353116,6,0.489876086038961,3,-0.845567621999441,6,-0.186875163348314,15,-0.231465094354788,7,0.22,0.22,0.22,0.22,0.12,0.22,0.22,0.22,0.22,0.12,-0.285147148548195,5,2,1,"3) # of groups=5",2
"10009F",1.79450792860653,5,-0.350190454850374,4,-2.82949451498922,6,0.530845297967764,10,0.765818644051975,5,0.22,0.22,0.22,0.22,0.12,0.22,0.22,0.22,0.22,0.12,-0.096054746232129,5,2,1,"3) # of groups=5",3
"100105",0.912560366467407,8,0.179802468729786,7,1.85809600487462,11,-0.928054577134951,15,-0.549372880577636,8,0.22,0.22,0.22,0.22,0.12,0.22,0.22,0.22,0.22,0.12,0.379004192176793,5,2,1,"3) # of groups=5",4
"100107",0.374710395187373,4,-0.451782025713187,3,-1.3434622836406,5,-1.0936647434925,15,0.238337907085559,7,0.22,0.22,0.22,0.22,0.12,0.22,0.22,0.22,0.22,0.12,-0.524523155834694,5,2,1,"3) # of groups=5",2
"100109",0.989716497668533,7,-0.32349690243435,7,-0.244314280688863,10,-0.981785096405599,15,-0.273597321600975,8,0.22,0.22,0.22,0.22,0.12,0.22,0.22,0.22,0.22,0.12,-0.156005230601378,5,2,1,"3) # of groups=5",3
"100110",0.00447404183979554,8,0.821270073714206,7,-1.59918169877534,8,-1.67066450006565,15,0.701069936574141,6,0.22,0.22,0.22,0.22,0.12,0.22,0.22,0.22,0.22,0.12,-0.453574065934241,5,2,1,"3) # of groups=5",2
"100113",1.90110930600381,8,0.312110108437263,8,0.32364826707188,11,0.176917670693485,15,-0.578339587117222,9,0.22,0.22,0.22,0.22,0.12,0.22,0.22,0.22,0.22,0.12,0.52763202703135,5,2,1,"3) # of groups=5",5
"100117",0.394658088303754,7,0.722991193769926,8,-0.0920879978516727,8,0.801039854110186,15,-0.449817392898026,9,0.22,0.22,0.22,0.22,0.12,0.22,0.22,0.22,0.22,0.12,0.347874163285319,5,2,1,"3) # of groups=5",4
"100118",1.29375823708418,7,0.401077549215418,5,0.239825355591657,8,0.0533614951691139,15,0.245820937191429,8,0.22,0.22,0.22,0.22,0.12,0.22,0.22,0.22,0.22,0.12,0.466863492616253,5,2,1,"3) # of groups=5",5
"100121",-0.00485859065473509,5,-0.376134126127179,3,-0.0607532616274927,6,0.206923424393743,15,0.0755182368920586,7,0.22,0.22,0.22,0.22,0.12,0.22,0.22,0.22,0.22,0.12,-0.042598773456399,5,2,1,"3) # of groups=5",3
"100122",0.339185003679651,7,0.300531339065292,6,0.300231797009924,9,-1.3303037265409,15,-0.560828254138863,8,0.22,0.22,0.22,0.22,0.12,0.22,0.22,0.22,0.22,0.12,-0.153177619589591,5,2,1,"3) # of groups=5",3
"100124",0.0137020871831368,5,0.992748960126617,6,-0.135855583068563,7,-0.215013609377539,15,-0.275175369276038,8,0.22,0.22,0.22,0.22,0.12,0.22,0.22,0.22,0.22,0.12,0.111206963756879,5,2,1,"3) # of groups=5",4
"100125",0.140800435810002,5,0.166170141443938,5,0.269493167568521,6,-0.133455266032461,15,-0.120877074743506,8,0.22,0.22,0.22,0.22,0.12,0.22,0.22,0.22,0.22,0.12,0.0829566163645793,5,2,1,"3) # of groups=5",4
"100126",0.951742685091094,6,0.678543349218496,5,-0.721402530546397,7,-0.142004758547157,15,-0.561364670963357,7,0.22,0.22,0.22,0.22,0.12,0.22,0.22,0.22,0.22,0.12,0.101349563431925,5,2,1,"3) # of groups=5",4
"100127",0.114417712349666,8,0.240874282314108,8,0.708275338781146,11,0.457281003231321,15,-0.349589123170529,7,0.22,0.22,0.22,0.22,0.12,0.22,0.22,0.22,0.22,0.12,0.29263593928831,5,2,1,"3) # of groups=5",4
"100128",1.15306195494878,8,-0.398013562440058,8,-0.926980196869703,11,-0.385852729635667,15,-1.07683744259511,8,0.22,0.22,0.22,0.22,0.12,0.22,0.22,0.22,0.22,0.12,-0.251933090590676,5,2,1,"3) # of groups=5",3
"100130",-0.0887330555420189,1,0.616334601638735,2,0.706207472388479,1,NA,0,0.10712329013372,6,0.22,0.22,0.22,0.22,0.12,0.282051282051282,0.282051282051282,0.282051282051282,NA,0.153846153846154,0.364477921644602,1,0,0,"",NA
"100131",0.558592834472002,7,0.370563798124034,7,-0.358011495407901,8,-1.35520670199915,15,-0.526788356171175,7,0.22,0.22,0.22,0.22,0.12,0.22,0.22,0.22,0.22,0.12,-0.235708146998964,5,2,1,"3) # of groups=5",3
"100132",-0.524704749406019,6,-0.68236721027941,6,0.73919006585319,9,0.146607906827662,15,-0.284996905670166,7,0.22,0.22,0.22,0.22,0.12,0.22,0.22,0.22,0.22,0.12,-0.104879905821427,5,2,1,"3) # of groups=5",3
"100134",-1.07024073032064,3,NA,0,-1.50441823141605,4,0.329840008737642,5,-1.42722419583502,6,0.22,0.22,0.22,0.22,0.12,0.282051282051282,NA,0.282051282051282,0.282051282051282,0.153846153846154,-0.852727016871786,4,1,1,"2) # of groups=4",1
"100135",-0.2801703235946,8,-0.213632698151925,8,0.596731133215133,11,-0.585374213785697,15,-0.382809478464985,9,0.22,0.22,0.22,0.22,0.12,0.22,0.22,0.22,0.22,0.12,-0.152075279925558,5,2,1,"3) # of groups=5",3
"100137",0.0565151208053945,7,0.592547647211568,7,-1.1039174550267,8,-0.623591162224409,15,-0.0532421794179141,7,0.22,0.22,0.22,0.22,0.12,0.22,0.22,0.22,0.22,0.12,-0.243647148361662,5,2,1,"3) # of groups=5",3
"100140",-0.242297245152029,6,0.532436893099433,3,1.22100820412519,6,0.557040528383547,15,-0.284631733070003,9,0.22,0.22,0.22,0.22,0.12,0.22,0.22,0.22,0.22,0.12,0.420845635731951,5,2,1,"3) # of groups=5",4
"100142",-2.64753838601824,5,-1.260582889667,3,-1.31934739109838,9,0.5039743343755,15,-0.606215552244087,9,0.22,0.22,0.22,0.22,0.12,0.22,0.22,0.22,0.22,0.12,-1.11191461939908,5,2,1,"3) # of groups=5",1
"100150",0.928126224762017,4,0.156519932482606,5,-0.344816840769715,7,-0.356726245731448,15,0.274960427850845,9,0.22,0.22,0.22,0.22,0.12,0.22,0.22,0.22,0.22,0.12,0.117277926905663,5,2,1,"3) # of groups=5",4
"100151",2.38981745081914,8,-0.0404582891925676,7,0.554777314388768,11,1.3417538326124,15,-1.24221641078776,8,0.22,0.22,0.22,0.22,0.12,0.22,0.22,0.22,0.22,0.12,0.785029898603572,5,2,1,"3) # of groups=5",5
"100154",0.230548507643293,8,0.702517747460494,7,-0.265335092314879,8,0.246762702559146,15,0.82148403728716,9,0.22,0.22,0.22,0.22,0.12,0.22,0.22,0.22,0.22,0.12,0.299766734851031,5,2,1,"3) # of groups=5",4
"100156",-0.386101797564641,6,0.796460861308641,6,-0.480189394995497,7,-0.324372644633692,15,-0.507771210052712,7,0.22,0.22,0.22,0.22,0.12,0.22,0.22,0.22,0.22,0.12,-0.147657199901067,5,2,1,"3) # of groups=5",3
"100157",-0.775829565768549,8,-0.700835090275994,8,-1.47129631631475,11,-1.0761949526791,15,0.61494357713622,8,0.22,0.22,0.22,0.22,0.12,0.22,0.22,0.22,0.22,0.12,-0.8115210742521,5,2,1,"3) # of groups=5",1
"10015F",2.63620498337956,3,0.381900338983818,1,-2.50590155899183,4,NA,0,NA,0,0.22,0.22,0.22,0.22,0.12,0.333333333333333,0.333333333333333,0.333333333333333,NA,NA,0.170734587790516,2,1,0,"",NA
"100161",0.250609831110497,8,-0.255997132853955,7,-0.437636338081166,8,-1.76588316834239,15,-0.398993627226855,7,0.22,0.22,0.22,0.22,0.12,0.22,0.22,0.22,0.22,0.12,-0.533838733063966,5,2,1,"3) # of groups=5",2
"100166",0.569930361548541,7,0.964456536743136,7,-0.21314885908054,8,-0.69037649699805,15,-0.212712288875463,7,0.22,0.22,0.22,0.22,0.12,0.22,0.22,0.22,0.22,0.12,0.113264064621824,5,2,1,"3) # of groups=5",4
"100167",1.22192655674821,7,-0.221975065500907,8,-1.9671378540378,7,-1.53740794992248,15,0.668326941751243,7,0.22,0.22,0.22,0.22,0.12,0.22,0.22,0.22,0.22,0.12,-0.470811515786706,5,2,1,"3) # of groups=5",2
"100168",0.366400334222165,8,-0.0439842667352133,8,-0.060868121282728,11,-1.29458670973523,15,-0.50928713989073,8,0.22,0.22,0.22,0.22,0.12,0.22,0.22,0.22,0.22,0.12,-0.288382984763709,5,2,1,"3) # of groups=5",2
"100173",0.142006403364301,8,-0.0431826693652354,8,-0.647941582610429,9,-0.627240226654895,15,0.10527141745371,8,0.22,0.22,0.22,0.22,0.12,0.22,0.22,0.22,0.22,0.12,-0.246166206464132,5,2,1,"3) # of groups=5",3
"100175",-0.792435195004006,4,-0.179462614874977,2,0.0730216045741533,5,0.318915133361243,15,-0.944679359484177,9,0.22,0.22,0.22,0.22,0.12,0.22,0.22,0.22,0.22,0.12,-0.24095295896569,4,1,1,"2) # of groups=4",2
"100176",1.20862381240401,8,-0.178593787964566,7,-0.790296690306759,9,-1.7758464802896,15,-0.613139180841566,7,0.22,0.22,0.22,0.22,0.12,0.22,0.22,0.22,0.22,0.12,-0.411521593855509,5,2,1,"3) # of groups=5",2
"100177",-0.141915117344402,7,-0.25981002442454,6,0.471539741311372,8,0.0372278753825599,15,-0.0742833266447194,8,0.22,0.22,0.22,0.22,0.12,0.22,0.22,0.22,0.22,0.12,0.0146353452861315,5,2,1,"3) # of groups=5",3
"100179",-0.0396576924995996,8,-0.212620619664545,7,-0.429819557998036,9,-1.2167656006238,15,-0.193843859376462,7,0.22,0.22,0.22,0.22,0.12,0.22,0.22,0.22,0.22,0.12,-0.441011226698091,5,2,1,"3) # of groups=5",2
"100180",0.510991166175487,4,0.0742182278608883,5,-1.87862557200914,5,-0.619251142575735,15,-1.38852874674705,7,0.22,0.22,0.22,0.22,0.12,0.22,0.22,0.22,0.22,0.12,-0.587410260130316,5,2,1,"3) # of groups=5",2
"100181",1.00664053993902,3,0.720324220028796,4,-5.54572003141746,3,-1.88032441300714,5,0.720276767436395,6,0.22,0.22,0.22,0.22,0.12,0.22,0.22,0.22,0.22,0.12,-1.16736431848813,5,2,1,"3) # of groups=5",1
"100183",0.932694615058738,4,0.241626191412067,2,-0.197428631995081,5,-1.64939638873659,15,0.796555274715571,6,0.22,0.22,0.22,0.22,0.12,0.22,0.22,0.22,0.22,0.12,-0.052364294171522,4,1,1,"2) # of groups=4",3
"100187",-0.00761928069068547,6,0.0290383900651366,7,0.0358201904466587,7,-1.51706507518568,15,0.262482615988725,7,0.22,0.22,0.22,0.22,0.12,0.22,0.22,0.22,0.22,0.12,-0.289663756661558,5,2,1,"3) # of groups=5",2
"100189",0.88743362024109,7,0.475134548816258,7,-1.15128966319526,7,-2.14710949674369,15,-0.0505231952818403,7,0.22,0.22,0.22,0.22,0.12,0.22,0.22,0.22,0.22,0.12,-0.431945601427773,5,2,1,"3) # of groups=5",2
"100191",0.39281895125582,7,0.394688930871624,8,-2.32420950728373,8,-0.863683432913848,15,-0.116761366892929,7,0.22,0.22,0.22,0.22,0.12,0.22,0.22,0.22,0.22,0.12,-0.542096076802581,5,2,1,"3) # of groups=5",2
"100200",-0.337721024838625,4,0.31182038600941,7,0.0557820904825171,6,-0.928462779133863,15,0.34244237663618,8,0.22,0.22,0.22,0.22,0.12,0.22,0.22,0.22,0.22,0.12,-0.156594806849382,5,2,1,"3) # of groups=5",3
"100204",0.804578395545139,8,0.601546382648787,8,-0.751081424227565,9,-1.37453236478723,15,-0.146698626391376,7,0.22,0.22,0.22,0.22,0.12,0.22,0.22,0.22,0.22,0.12,-0.175891417547556,5,2,1,"3) # of groups=5",3
"100206",0.361726537641161,6,1.43465400423951,3,0.543467538910773,6,0.725678267906636,15,-1.41901334261494,8,0.22,0.22,0.22,0.22,0.12,0.22,0.22,0.22,0.22,0.12,0.504134195599785,5,2,1,"3) # of groups=5",5
"100209",1.19116305501566,7,0.550816752484851,7,-0.441395033648685,7,-1.01023142177602,15,0.540380412714021,7,0.22,0.22,0.22,0.22,0.12,0.22,0.22,0.22,0.22,0.12,0.12872338698236,5,2,1,"3) # of groups=5",4
"100211",1.10987675108838,6,1.00520480608699,3,0.111696298342447,6,-0.00368500652647767,15,-0.717602644418256,7,0.22,0.22,0.22,0.22,0.12,0.22,0.22,0.22,0.22,0.12,0.402968109447904,5,2,1,"3) # of groups=5",4
"100212",-1.21944206602985,8,-0.214010958197016,7,-1.15253199087559,9,-0.856277950567885,15,-0.507182535092948,7,0.22,0.22,0.22,0.22,0.12,0.22,0.22,0.22,0.22,0.12,-0.818159756658629,5,2,1,"3) # of groups=5",1
"100213",0.320358286559261,8,0.758177265534316,7,-1.08350637775547,9,-2.16030498425802,15,-0.783178502242793,7,0.22,0.22,0.22,0.22,0.12,0.22,0.22,0.22,0.22,0.12,-0.570342098451516,5,2,1,"3) # of groups=5",2
"100217",0.168868887504457,7,0.471381107432861,4,1.80219835881399,7,-1.30850136031806,15,-1.1646953071337,7,0.22,0.22,0.22,0.22,0.12,0.22,0.22,0.22,0.22,0.12,0.109704901699271,5,2,1,"3) # of groups=5",4
"100220",1.4264376803369,7,0.473824776103432,8,0.113715265364957,10,-0.0214933440444794,15,-2.35270908377634,8,0.22,0.22,0.22,0.22,0.12,0.22,0.22,0.22,0.22,0.12,0.156021473054217,5,2,1,"3) # of groups=5",4
"100223",0.380668220972174,8,0.482244444118692,7,-1.02428106769045,9,-0.561090434253114,15,0.218517494676865,8,0.22,0.22,0.22,0.22,0.12,0.22,0.22,0.22,0.22,0.12,-0.13271884474637,5,2,1,"3) # of groups=5",3
"100224",0.646363393739581,5,0.63311795601341,6,-2.15862763234875,6,-1.74312291991054,15,0.263989625110253,7,0.22,0.22,0.22,0.22,0.12,0.22,0.22,0.22,0.22,0.12,-0.545220469538155,5,2,1,"3) # of groups=5",2
"100226",0.48851337518558,8,-0.515933700119022,7,0.31304474122697,9,-1.22264024078101,15,-0.0251507181004498,7,0.22,0.22,0.22,0.22,0.12,0.22,0.22,0.22,0.22,0.12,-0.2091615675593,5,2,1,"3) # of groups=5",3
"100228",0.094891060402563,8,0.937293458186118,6,-1.4863890794189,8,-1.10026974257974,15,0.074048373133124,7,0.22,0.22,0.22,0.22,0.12,0.22,0.22,0.22,0.22,0.12,-0.333098541974216,5,2,1,"3) # of groups=5",2
"100230",0.918368925379407,4,0.565643181794804,6,-1.124969853323,5,0.220727541571123,15,-0.121685124650383,8,0.22,0.22,0.22,0.22,0.12,0.22,0.22,0.22,0.22,0.12,0.112947140034868,5,2,1,"3) # of groups=5",4
"100231",-0.823096649069973,8,0.233590094686168,8,-0.254917123848286,9,-0.150941062894486,15,0.183051567826516,8,0.22,0.22,0.22,0.22,0.12,0.22,0.22,0.22,0.22,0.12,-0.197014054908665,5,2,1,"3) # of groups=5",3
"100232",-0.729884050946671,6,0.135621446601008,5,-1.08083354243413,8,-1.12916747121365,15,-0.267574950141618,7,0.22,0.22,0.22,0.22,0.12,0.22,0.22,0.22,0.22,0.12,-0.649046989975552,5,2,1,"3) # of groups=5",2
"100236",0.227264259916244,8,0.196762359795353,7,-1.47357744790269,9,-2.10079506954808,15,-0.0730687658871846,7,0.22,0.22,0.22,0.22,0.12,0.22,0.22,0.22,0.22,0.12,-0.70184434940908,5,2,1,"3) # of groups=5",1
"100238",0.623639336405912,8,-0.158340608262882,6,-2.34342030072604,9,-1.99559437099645,15,-1.06745246007883,7,0.22,0.22,0.22,0.22,0.12,0.22,0.22,0.22,0.22,0.12,-0.980311802796941,5,2,1,"3) # of groups=5",1
"100242",-0.20197202591304,7,0.289122613400634,7,0.124672504018209,8,-1.16779806158605,15,-0.737330893147789,9,0.22,0.22,0.22,0.22,0.12,0.22,0.22,0.22,0.22,0.12,-0.298794200595389,5,2,1,"3) # of groups=5",2
"100243",0.816916324280341,8,0.3197983525032,8,-0.657036039303404,9,-1.38396175652927,15,-0.0527359269173925,7,0.22,0.22,0.22,0.22,0.12,0.22,0.22,0.22,0.22,0.12,-0.205270597420896,5,2,1,"3) # of groups=5",3
"100244",0.480189686265163,7,0.530035701795298,7,-0.41344933329,7,-0.00181666746173003,15,-0.615835087261328,9,0.22,0.22,0.22,0.22,0.12,0.22,0.22,0.22,0.22,0.12,0.0569908547365615,5,2,1,"3) # of groups=5",3
"100246",-0.557647265238277,8,0.111963244966588,6,-1.95002836002992,7,-1.49272454155627,15,-0.00608781463764074,7,0.22,0.22,0.22,0.22,0.12,0.22,0.22,0.22,0.22,0.12,-0.85618666056525,5,2,1,"3) # of groups=5",1
"100248",0.310303980871812,8,0.017470603994613,6,-0.19901241142542,8,-2.13974413425846,15,-0.978337337686272,7,0.22,0.22,0.22,0.22,0.12,0.22,0.22,0.22,0.22,0.12,-0.559816511902193,5,2,1,"3) # of groups=5",2
"100249",-0.955228819697285,7,0.226862199944298,5,0.325798689914562,8,-1.28718272331574,15,-0.295884244579228,6,0.22,0.22,0.22,0.22,0.12,0.22,0.22,0.22,0.22,0.12,-0.407251253043424,5,2,1,"3) # of groups=5",2
"100252",0.883840443457809,6,1.18784971779799,3,-1.82376867045279,6,-0.256450194874964,15,-0.184713710219763,8,0.22,0.22,0.22,0.22,0.12,0.22,0.22,0.22,0.22,0.12,-0.0240419601222017,5,2,1,"3) # of groups=5",3
"100253",0.798296424678335,8,1.06866057127853,8,-0.574801429883279,11,-0.114561365984058,15,-0.168246685129324,8,0.22,0.22,0.22,0.22,0.12,0.22,0.22,0.22,0.22,0.12,0.238881121804177,5,2,1,"3) # of groups=5",4
"100254",0.46429022435652,8,0.524307205688897,8,-0.78140380723578,9,-1.41331581738254,15,-0.213847444116284,8,0.22,0.22,0.22,0.22,0.12,0.22,0.22,0.22,0.22,0.12,-0.291008576099993,5,2,1,"3) # of groups=5",2
"100256",0.337138007804134,8,-0.234680135480745,7,-1.03336095910484,9,-1.4168547568207,15,-0.586588606047621,6,0.22,0.22,0.22,0.22,0.12,0.22,0.22,0.22,0.22,0.12,-0.586897358318188,5,2,1,"3) # of groups=5",2
"100258",1.53421208852076,8,-0.858182866673322,7,-1.06687259444337,9,-3.78443193407308,15,-1.4305496379058,7,0.22,0.22,0.22,0.22,0.12,0.22,0.22,0.22,0.22,0.12,-1.09022652401588,5,2,1,"3) # of groups=5",1
"100259",0.320187502748446,7,0.504155081913639,6,-1.00120779940328,8,-1.38215564576373,15,-0.777549769576104,8,0.22,0.22,0.22,0.22,0.12,0.22,0.22,0.22,0.22,0.12,-0.436290561660216,5,2,1,"3) # of groups=5",2
"100260",0.149023075317267,7,0.739147110717992,8,-4.45194595765031,7,-0.682355243370118,15,0.237439339025723,6,0.22,0.22,0.22,0.22,0.12,0.22,0.22,0.22,0.22,0.12,-0.905656102613651,5,2,1,"3) # of groups=5",1
"100264",0.0287892265844104,8,0.324590123437726,7,-1.75986647836522,9,-1.68400326441061,15,-1.32611851925064,8,0.22,0.22,0.22,0.22,0.12,0.22,0.22,0.22,0.22,0.12,-0.839042108715889,5,2,1,"3) # of groups=5",1
"100265",0.0305708736885604,7,-0.443562931300224,7,0.674542023982557,9,0.27742473616805,15,0.144379131277445,8,0.22,0.22,0.22,0.22,0.12,0.22,0.22,0.22,0.22,0.12,0.135899930311861,5,2,1,"3) # of groups=5",4
"100266",0.66890228554297,5,-0.106553345293319,4,0.0474278351663394,7,0.764269053491215,15,0.037566778920256,9,0.22,0.22,0.22,0.22,0.12,0.22,0.22,0.22,0.22,0.12,0.306798095830016,5,2,1,"3) # of groups=5",4
"100267",-0.378056678061866,6,0.633971316170155,4,0.367015969314449,8,-0.646693738465899,15,-0.340205825613571,6,0.22,0.22,0.22,0.22,0.12,0.22,0.22,0.22,0.22,0.12,-0.0460525879031239,5,2,1,"3) # of groups=5",3
"100268",0.896425995419032,5,0.886298570071252,6,0.0196968904986322,6,-2.8239086569609,15,0.331758695637686,7,0.22,0.22,0.22,0.22,0.12,0.22,0.22,0.22,0.22,0.12,-0.184916140737314,5,2,1,"3) # of groups=5",3
"100269",0.425576895608424,7,0.615202390668989,7,-2.43123181275813,6,-1.30594532068016,15,0.62044377325688,7,0.22,0.22,0.22,0.22,0.12,0.22,0.22,0.22,0.22,0.12,-0.518754273584567,5,2,1,"3) # of groups=5",2
"100275",-0.0911126110368991,7,-0.0316238750041274,7,-0.827510837020957,8,-1.78019278527246,15,-0.05698449567916,7,0.22,0.22,0.22,0.22,0.12,0.22,0.22,0.22,0.22,0.12,-0.607534963315077,5,2,1,"3) # of groups=5",2
"100276",0.873723668988582,7,0.833250281081444,7,-0.442032691248209,7,-0.561843085696115,15,-0.237069883842611,8,0.22,0.22,0.22,0.22,0.12,0.22,0.22,0.22,0.22,0.12,0.126233212026541,5,2,1,"3) # of groups=5",4
"100277",NA,0,NA,0,NA,0,NA,0,2.51009146074388,1,0.22,0.22,0.22,0.22,0.12,NA,NA,NA,NA,1,2.51009146074388,0,0,0,"",NA
"100281",1.30809520738053,7,-0.074027706249957,8,-1.69546331961824,10,0.340749429421639,15,0.56387086693642,7,0.22,0.22,0.22,0.22,0.12,0.22,0.22,0.22,0.22,0.12,0.0411222984378443,5,2,1,"3) # of groups=5",3
"100284",-0.326017015206107,3,0.92293671060648,3,-2.55702485200263,3,NA,0,0.378309294737482,7,0.22,0.22,0.22,0.22,0.12,0.282051282051282,0.282051282051282,0.282051282051282,NA,0.153846153846154,-0.494648742415383,4,2,1,"2) # of groups=4",2
"100285",0.606812103869179,5,0.022071240222783,7,0.532807134270465,5,0.45143413805502,15,1.40084219050901,8,0.22,0.22,0.22,0.22,0.12,0.22,0.22,0.22,0.22,0.12,0.52298847847292,5,2,1,"3) # of groups=5",5
"100286",0.0641549062713763,8,0.0439245535782291,7,-0.631087360689485,9,-1.05487047181944,15,-0.724345192881985,8,0.22,0.22,0.22,0.22,0.12,0.22,0.22,0.22,0.22,0.12,-0.434054665130888,5,2,1,"3) # of groups=5",2
"100287",0.800272348968046,7,-0.0993470740761441,8,-2.0182693420207,8,-1.40034044999814,15,-0.145866381097233,8,0.22,0.22,0.22,0.22,0.12,0.22,0.22,0.22,0.22,0.12,-0.615394559499594,5,2,1,"3) # of groups=5",2
"100288",0.526160612030848,5,-0.252554772359405,6,-1.55857082705164,4,-1.78352239769963,15,-0.849510247756994,6,0.22,0.22,0.22,0.22,0.12,0.22,0.22,0.22,0.22,0.12,-0.777008454448401,5,2,1,"3) # of groups=5",1
"100289",2.25463477497324,8,-0.0317412268451406,8,-0.0267703438967673,11,-0.00627202971939899,15,-0.0890850850612675,9,0.22,0.22,0.22,0.22,0.12,0.22,0.22,0.22,0.22,0.12,0.471077048185273,5,2,1,"3) # of groups=5",5
"100290",0.0980497817177177,7,0.255153336317328,7,0.410135851016374,8,-0.190207312179367,15,0.177563054945978,8,0.22,0.22,0.22,0.22,0.12,0.22,0.22,0.22,0.22,0.12,0.147396531105369,5,2,1,"3) # of groups=5",4
"100291",-0.991990371409518,6,0.176008771328997,4,-0.0537158002877413,7,-0.302187428670785,15,0.375954844924567,7,0.22,0.22,0.22,0.22,0.12,0.22,0.22,0.22,0.22,0.12,-0.212700080997642,5,2,1,"3) # of groups=5",3
"100292",-0.885759945319143,6,0.422279276938699,2,0.549547983849483,7,0.572761580525998,10,0.565653362800623,8,0.22,0.22,0.22,0.22,0.12,0.22,0.22,0.22,0.22,0.12,0.212820760654983,4,1,1,"2) # of groups=4",3
"100296",2.08384034037767,4,1.01053336557086,6,0.0227835787399035,6,0.00402728391673721,15,0.514462500518519,7,0.22,0.22,0.22,0.22,0.12,0.22,0.22,0.22,0.22,0.12,0.74839610515536,5,2,1,"3) # of groups=5",5
"100299",-0.143498496465381,7,0.631845759297321,7,0.40266020158055,8,-0.621220413114947,15,0.637897437906254,7,0.22,0.22,0.22,0.22,0.12,0.22,0.22,0.22,0.22,0.12,0.13590084383421,5,2,1,"3) # of groups=5",4
"100302",0.446176798241476,6,-0.247923806114052,2,-1.33700828399758,6,-0.539043350722215,15,-1.00387051755088,7,0.22,0.22,0.22,0.22,0.12,0.22,0.22,0.22,0.22,0.12,-0.489580163476427,4,1,1,"2) # of groups=4",2
"100307",0.304458566453185,6,0.855196159909267,4,0.512881537274445,8,-1.00522123063385,10,0.59987294628781,8,0.22,0.22,0.22,0.22,0.12,0.22,0.22,0.22,0.22,0.12,0.218794060815208,5,2,1,"3) # of groups=5",4
"100313",0.426930569595467,3,NA,0,-1.11670987515683,4,NA,0,1.14194908683723,5,0.22,0.22,0.22,0.22,0.12,0.392857142857143,NA,0.392857142857143,NA,0.214285714285714,-0.0262813514339862,3,1,1,"1) # of groups=3",3
"100314",1.87197249006537,5,0.480532380206723,7,0.00510390064639351,6,-0.00927752824715973,15,1.38664746340631,8,0.22,0.22,0.22,0.22,0.12,0.22,0.22,0.22,0.22,0.12,0.683030568996449,5,2,1,"3) # of groups=5",5
"100315",-0.383008024251987,7,0.675595607310722,7,1.02851073418325,7,0.487082966458397,15,0.265808958083705,9,0.22,0.22,0.22,0.22,0.12,0.22,0.22,0.22,0.22,0.12,0.429696957384129,5,2,1,"3) # of groups=5",5
"100316",0.242023787728971,6,-0.12554954748176,6,0.665285990647633,8,-0.708293065532697,15,-0.0436301798740363,7,0.22,0.22,0.22,0.22,0.12,0.22,0.22,0.22,0.22,0.12,0.010927154794788,5,2,1,"3) # of groups=5",3
"100319",0.887317118095457,7,0.533148357516273,7,0.0239417441792828,8,0.804744013832664,15,-0.287699081869427,8,0.22,0.22,0.22,0.22,0.12,0.22,0.22,0.22,0.22,0.12,0.460289381572878,5,2,1,"3) # of groups=5",5
"100320",0.569123503655502,6,0.435590331490903,2,-1.21863690547846,5,-0.553232725911675,15,-1.06065074003915,7,0.22,0.22,0.22,0.22,0.12,0.22,0.22,0.22,0.22,0.12,-0.296052363978319,4,1,1,"2) # of groups=4",2
"100321",0.385706361811882,7,-0.047018757953528,3,-0.587137443425403,8,-0.407142099299136,10,0.660961038882259,8,0.22,0.22,0.22,0.22,0.12,0.22,0.22,0.22,0.22,0.12,-0.0649149018846897,5,2,1,"3) # of groups=5",3
"100329",1.02297324236022,5,0.170188263692181,5,-1.99369302665584,6,0.421223067165946,15,0.397752831435875,6,0.22,0.22,0.22,0.22,0.12,0.22,0.22,0.22,0.22,0.12,-0.0357175199839434,5,2,1,"3) # of groups=5",3
"100330",0.607941954350026,2,-0.953348887553848,2,0.589153253739375,3,-0.822442892126493,10,-0.913191725827724,6,0.22,0.22,0.22,0.22,0.12,0.22,0.22,0.22,0.22,0.12,-0.236896252849334,3,0,0,"",NA
"100350",0.0404240383524584,3,0.0301744213401187,2,0.34462990243053,4,0.186354662812816,15,-0.413302691637737,7,0.22,0.22,0.22,0.22,0.12,0.22,0.22,0.22,0.22,0.12,0.0827519424893746,4,1,1,"2) # of groups=4",3
"100359",0.37845533881135,7,0.832033831685439,7,0.57223686203077,8,0.843162838670724,15,-0.698751776054775,8,0.22,0.22,0.22,0.22,0.12,0.22,0.22,0.22,0.22,0.12,0.493845338537049,5,2,1,"3) # of groups=5",5
"100360",0.665559500989659,3,0.51501690802994,5,-0.539805663367537,4,-0.66148939980316,15,0.428002709081645,6,0.22,0.22,0.22,0.22,0.12,0.22,0.22,0.22,0.22,0.12,0.0468022211765559,5,2,1,"3) # of groups=5",3
"100361",0.777707536056702,3,0.381900338983818,1,0.217715370831471,5,0.429401653094812,10,1.36236238308679,6,0.22,0.22,0.22,0.22,0.12,0.22,0.22,0.22,0.22,0.12,0.560962963743111,4,1,1,"2) # of groups=4",4
"100362",0.630958065509551,2,-0.00478654108186968,2,-0.772723428784441,2,0.611292926424139,15,-0.329625875301552,6,0.22,0.22,0.22,0.22,0.12,0.22,0.22,0.22,0.22,0.12,0.0626879198186372,2,0,0,"",NA
"100363",1.2037136784881,4,0.712201009877388,2,-0.0735941061698404,4,0.387447762563719,15,-0.305014905241393,5,0.22,0.22,0.22,0.22,0.12,0.22,0.22,0.22,0.22,0.12,0.453947247218093,4,1,1,"2) # of groups=4",4
"10057F",1.79089980163489,5,-0.415209674756097,4,-1.761053712484,6,0.741901920246322,10,0.00656830032337466,5,0.22,0.22,0.22,0.22,0.12,0.22,0.22,0.22,0.22,0.12,0.0792266296598503,5,2,1,"3) # of groups=5",4
"10063F",1.46717244771982,5,0.0193398950298769,4,-0.959058678759337,6,0.992264736783248,10,0.289233200327439,5,0.22,0.22,0.22,0.22,0.12,0.22,0.22,0.22,0.22,0.12,0.369046032209486,5,2,1,"3) # of groups=5",4
"10064F",1.14456139594637,4,-0.634174400730859,4,-0.412428835409422,6,0.535392260772459,10,0.903725666400336,5,0.22,0.22,0.22,0.22,0.12,0.22,0.22,0.22,0.22,0.12,0.247784172495321,5,2,1,"3) # of groups=5",4
"10065F",1.58594963584882,5,-0.485974098657296,4,-1.53022780245124,6,-0.252776458847819,10,-0.458459465901143,4,0.22,0.22,0.22,0.22,0.12,0.22,0.22,0.22,0.22,0.12,-0.205281455211795,5,2,1,"3) # of groups=5",3
"10099F",1.84315276804466,5,0.866928315777625,4,0.0413992150373893,6,0.948908021827475,10,0.293569255139193,5,0.22,0.22,0.22,0.22,0.12,0.22,0.22,0.22,0.22,0.12,0.849313741167876,5,2,1,"3) # of groups=5",5
"101300",NA,0,NA,0,NA,0,NA,0,0.542495884414158,4,0.22,0.22,0.22,0.22,0.12,NA,NA,NA,NA,1,0.542495884414158,1,0,0,"",NA
"101303",NA,0,NA,0,NA,0,NA,0,1.46967964947988,3,0.22,0.22,0.22,0.22,0.12,NA,NA,NA,NA,1,1.46967964947988,1,0,0,"",NA
"101304",-0.514321007758506,2,NA,0,1.6788950409498,2,NA,0,-0.0138550054064191,5,0.22,0.22,0.22,0.22,0.12,0.392857142857143,NA,0.392857142857143,NA,0.214285714285714,0.454542297595204,1,0,0,"",NA
"101307",-3.32066922031194,3,NA,0,0.268232995509745,4,NA,0,1.18944750331191,3,0.22,0.22,0.22,0.22,0.12,0.392857142857143,NA,0.392857142857143,NA,0.214285714285714,-0.944289766176882,3,1,1,"1) # of groups=3",2
"101308",-1.91013471742415,4,NA,0,0.210411796351553,5,NA,0,-1.39390339763148,4,0.22,0.22,0.22,0.22,0.12,0.392857142857143,NA,0.392857142857143,NA,0.214285714285714,-0.966441875628123,3,1,1,"1) # of groups=3",2
"101309",-0.0887330555420189,1,NA,0,0.48882618300952,2,NA,0,-0.762308093511364,7,0.22,0.22,0.22,0.22,0.12,0.392857142857143,NA,0.392857142857143,NA,0.214285714285714,-0.00617229139020253,1,0,0,"",NA
"101311",-0.0887330555420189,1,NA,0,0.706207472388479,1,NA,0,-0.437599756761622,5,0.22,0.22,0.22,0.22,0.12,0.392857142857143,NA,0.392857142857143,NA,0.214285714285714,0.148807858740762,1,0,0,"",NA
"101312",0.395787967180062,1,NA,0,0.00666602591962796,4,0.921165866935555,5,1.33784144856218,5,0.22,0.22,0.22,0.22,0.12,0.282051282051282,NA,0.282051282051282,0.282051282051282,0.153846153846154,0.579150439788738,3,0,0,"",NA
"101313",1.38706693226732,3,NA,0,-0.43563457623583,7,1.30323072547974,5,0.779531263847823,9,0.22,0.22,0.22,0.22,0.12,0.282051282051282,NA,0.282051282051282,0.282051282051282,0.153846153846154,0.755858499479755,4,1,1,"2) # of groups=4",5
"101314",NA,0,NA,0,NA,0,NA,0,-0.180350434111829,4,0.22,0.22,0.22,0.22,0.12,NA,NA,NA,NA,1,-0.180350434111829,1,0,0,"",NA
"101315",0.880308989902137,1,NA,0,0.706207472388479,1,-0.520354747558095,5,0.714707513879503,2,0.22,0.22,0.22,0.22,0.12,0.282051282051282,NA,0.282051282051282,0.282051282051282,0.153846153846154,0.410667280649609,1,0,0,"",NA
"110001",-0.881329093201602,8,0.0292380140029557,6,-0.222133220957721,10,0.200505330179634,15,-0.0305947874480661,9,0.22,0.22,0.22,0.22,0.12,0.22,0.22,0.22,0.22,0.12,-0.195889547888649,5,2,1,"3) # of groups=5",3
"110002",-2.9829518171723,6,0.581533976332722,4,-1.30381463286366,6,0.455460832490186,15,-0.0421090596783651,8,0.22,0.22,0.22,0.22,0.12,0.22,0.22,0.22,0.22,0.12,-0.720002848228275,5,2,1,"3) # of groups=5",1
"110003",-0.6621556510057,6,0.245879023242944,6,-1.01341332595333,9,0.111929593475521,15,0.441287882935782,9,0.22,0.22,0.22,0.22,0.12,0.22,0.22,0.22,0.22,0.12,-0.23695273330063,5,2,1,"3) # of groups=5",3
"110005",0.284373540519187,7,-0.240423495467201,8,1.02412223721307,10,0.47240030050583,15,0.318595889785709,10,0.22,0.22,0.22,0.22,0.12,0.22,0.22,0.22,0.22,0.12,0.37713547498388,5,2,1,"3) # of groups=5",4
"110006",-0.715428206677074,7,-2.04037503788562,7,-1.02365754480286,8,-0.4459778272685,15,-0.721434928043543,8,0.22,0.22,0.22,0.22,0.12,0.22,0.22,0.22,0.22,0.12,-1.01616868702472,5,2,1,"3) # of groups=5",1
"110007",-0.754232236635863,8,0.205378770348844,8,-0.495908018822024,11,-1.03927124371583,15,-0.436123569893089,9,0.22,0.22,0.22,0.22,0.12,0.22,0.22,0.22,0.22,0.12,-0.510822028728643,5,2,1,"3) # of groups=5",2
"110008",0.933230676951551,7,-0.983479199166078,8,0.20907030568189,10,0.885201191715572,15,0.389447543998388,10,0.22,0.22,0.22,0.22,0.12,0.22,0.22,0.22,0.22,0.12,0.276418759820052,5,2,1,"3) # of groups=5",4
"110010",1.41843466823504,8,-0.492691478221311,8,0.456439062019864,11,0.201612103561451,15,-1.47882147507599,9,0.22,0.22,0.22,0.22,0.12,0.22,0.22,0.22,0.22,0.12,0.170976181221791,5,2,1,"3) # of groups=5",4
"110011",-0.260891727801221,7,-1.11156211083596,6,-1.42272942139164,7,0.492687125933651,15,0.136294630857856,9,0.22,0.22,0.22,0.22,0.12,0.22,0.22,0.22,0.22,0.12,-0.490193793797995,5,2,1,"3) # of groups=5",2
"110015",0.417310917770813,6,0.379172251879226,3,-1.65489887009611,9,0.497759554106203,15,0.6391254585469,9,0.22,0.22,0.22,0.22,0.12,0.22,0.22,0.22,0.22,0.12,-0.00264929716914301,5,2,1,"3) # of groups=5",3
"110016",0.239519522155096,7,0.310522715818166,6,0.175156543623715,9,0.771790878832889,15,0.939898829329823,9,0.22,0.22,0.22,0.22,0.12,0.22,0.22,0.22,0.22,0.12,0.442125584814149,5,2,1,"3) # of groups=5",5
"110018",-0.226382103119631,6,0.271833074119867,7,0.297211482070872,9,-0.874088277106381,15,-0.921627399113532,10,0.22,0.22,0.22,0.22,0.12,0.22,0.22,0.22,0.22,0.12,-0.227508969181384,5,2,1,"3) # of groups=5",3
"110023",0.290181719387091,7,-2.29098263377691,5,0.261848618301129,8,0.66866611298677,15,-0.245469744139385,8,0.22,0.22,0.22,0.22,0.12,0.22,0.22,0.22,0.22,0.12,-0.264919329579149,5,2,1,"3) # of groups=5",3
"110024",-1.07504411798424,6,-0.607206542325813,7,0.0328253389070627,8,-0.360275963450071,15,-0.847500703510734,7,0.22,0.22,0.22,0.22,0.12,0.22,0.22,0.22,0.22,0.12,-0.543834367088962,5,2,1,"3) # of groups=5",2
"110025",-0.178833987331192,7,-0.679191971850535,8,0.425429947498653,10,-0.719086291359157,15,-0.319081092463292,10,0.22,0.22,0.22,0.22,0.12,0.22,0.22,0.22,0.22,0.12,-0.291659837764886,5,2,1,"3) # of groups=5",2
"110027",0.324334823522562,5,-0.496045790279403,2,0.323096352809064,6,0.268067416917608,15,0.414627211221957,8,0.22,0.22,0.22,0.22,0.12,0.22,0.22,0.22,0.22,0.12,0.142034881999998,4,1,1,"2) # of groups=4",3
"110028",-0.692548081210051,8,-0.150360279780172,8,-0.155239834900112,9,-0.698054062368514,15,-0.532241115260007,9,0.22,0.22,0.22,0.22,0.12,0.22,0.22,0.22,0.22,0.12,-0.437033430648148,5,2,1,"3) # of groups=5",2
"110029",0.132367012426327,8,-0.181390387386842,8,0.238146352613864,11,-0.376842678471227,15,-0.6604718786316,10,0.22,0.22,0.22,0.22,0.12,0.22,0.22,0.22,0.22,0.12,-0.120554959615725,5,2,1,"3) # of groups=5",3
"110030",0.363267325025487,7,0.308589936708971,6,-0.119673661915209,7,-0.502752273309572,15,-1.34604397837877,7,0.22,0.22,0.22,0.22,0.12,0.22,0.22,0.22,0.22,0.12,-0.150650385573323,5,2,1,"3) # of groups=5",3
"110031",-0.363616971000446,6,-0.157136873777375,7,-0.317172420197937,7,-0.628724069871572,15,0.19219042565289,8,0.22,0.22,0.22,0.22,0.12,0.22,0.22,0.22,0.22,0.12,-0.299600222588066,5,2,1,"3) # of groups=5",2
"110032",0.109236265717178,4,0.0929589701720546,2,-0.708139491858475,6,0.348012665332294,15,-1.51756391470524,7,0.22,0.22,0.22,0.22,0.12,0.22,0.22,0.22,0.22,0.12,-0.216852619704757,4,1,1,"2) # of groups=4",2
"110034",-0.737023769693771,8,-1.56112305177417,7,-0.140487879912289,10,-0.630052444013071,15,-0.824986203867429,8,0.22,0.22,0.22,0.22,0.12,0.22,0.22,0.22,0.22,0.12,-0.774109516450618,5,2,1,"3) # of groups=5",1
"110035",1.42909684630298,8,0.0392514373623359,8,0.31588232690279,11,-0.721613449745789,15,0.149684358229462,9,0.22,0.22,0.22,0.22,0.12,0.22,0.22,0.22,0.22,0.12,0.251737898368445,5,2,1,"3) # of groups=5",4
"110036",-1.31358887858775,8,0.277724931920359,8,-1.54666239783654,9,-1.24753803271848,15,0.766609426583525,8,0.22,0.22,0.22,0.22,0.12,0.22,0.22,0.22,0.22,0.12,-0.750621031798907,5,2,1,"3) # of groups=5",1
"110038",-0.62586069803392,7,-0.67194928039834,6,0.0235615468348803,10,-0.489714870390653,15,-0.142304075103447,8,0.22,0.22,0.22,0.22,0.12,0.22,0.22,0.22,0.22,0.12,-0.405148415449781,5,2,1,"3) # of groups=5",2
"110041",-0.363875609216443,4,0.585484065833544,2,0.52826311967154,6,-0.0334283664697638,15,0.68915023813555,8,0.22,0.22,0.22,0.22,0.12,0.22,0.22,0.22,0.22,0.12,0.240315534736419,4,1,1,"2) # of groups=4",3
"110042",1.24770113283773,7,0.365477574474281,6,-0.195166472936281,7,0.320280071297834,15,-0.271142479270671,9,0.22,0.22,0.22,0.22,0.12,0.22,0.22,0.22,0.22,0.12,0.349887209735704,5,2,1,"3) # of groups=5",4
"110043",-1.28607062323828,8,-1.50197015531088,7,0.70389295773822,9,0.114001933105734,15,-0.654527790885482,9,0.22,0.22,0.22,0.22,0.12,0.22,0.22,0.22,0.22,0.12,-0.511975430201403,5,2,1,"3) # of groups=5",2
"110044",-0.246174758637841,5,0.763330815224099,4,-1.06417277227004,8,0.117062891630084,15,-0.541629375612739,8,0.22,0.22,0.22,0.22,0.12,0.22,0.22,0.22,0.22,0.12,-0.159585366365342,5,2,1,"3) # of groups=5",3
"110045",0.664294799173653,4,-0.154328054838254,2,0.618026788965539,5,0.317187015551124,15,0.431830668539362,8,0.22,0.22,0.22,0.22,0.12,0.22,0.22,0.22,0.22,0.12,0.369759400972177,4,1,1,"2) # of groups=4",4
"110046",0.174059371107873,6,-0.0942741551980354,4,0.456454658333786,6,-0.150872566135554,15,0.28953522867855,9,0.22,0.22,0.22,0.22,0.12,0.22,0.22,0.22,0.22,0.12,0.119525035225201,5,2,1,"3) # of groups=5",4
"110050",1.39273672929633,3,NA,0,1.42546712699104,4,1.58412302474038,15,0.67652505381181,7,0.22,0.22,0.22,0.22,0.12,0.282051282051282,NA,0.282051282051282,0.282051282051282,0.153846153846154,1.34576271831221,4,1,1,"2) # of groups=4",5
"110051",-0.770890893612576,4,0.422022613638766,4,-0.0742227762931897,7,0.432179831524493,15,-0.201724075418616,9,0.22,0.22,0.22,0.22,0.12,0.22,0.22,0.22,0.22,0.12,-0.0222073584935854,5,2,1,"3) # of groups=5",3
"110054",-0.853588204620707,7,-0.266912884851929,8,-1.34290521994905,8,-0.446246174083619,15,0.332791397021648,9,0.22,0.22,0.22,0.22,0.12,0.22,0.22,0.22,0.22,0.12,-0.600188578728569,5,2,1,"3) # of groups=5",2
"110064",-1.12817223017397,7,-0.930557961387516,7,0.225052468802871,9,-0.52013532483284,15,-0.472299366428771,7,0.22,0.22,0.22,0.22,0.12,0.22,0.22,0.22,0.22,0.12,-0.574514794441572,5,2,1,"3) # of groups=5",2
"110069",0.18220311201942,7,-0.00113194855976342,7,-0.666427007973052,10,-0.62472665131821,15,-1.36681154610966,8,0.22,0.22,0.22,0.22,0.12,0.22,0.22,0.22,0.22,0.12,-0.408235534616112,5,2,1,"3) # of groups=5",2
"110071",-1.12148471113183,2,NA,0,-2.1613743189587,2,NA,0,0.768806001896442,5,0.22,0.22,0.22,0.22,0.12,0.392857142857143,NA,0.392857142857143,NA,0.214285714285714,-1.12495047570061,1,0,0,"",NA
"110073",-2.97809133217708,2,-0.35851252034075,1,0.107338279626901,4,0.314505725657327,5,-1.32195849729082,8,0.22,0.22,0.22,0.22,0.12,0.22,0.22,0.22,0.22,0.12,-0.799882186066291,3,0,0,"",NA
"110074",0.527360945838942,8,-0.310081005239034,7,0.511545681730739,10,0.298147853046368,15,-0.867136542934446,10,0.22,0.22,0.22,0.22,0.12,0.22,0.22,0.22,0.22,0.12,0.12187777943081,5,2,1,"3) # of groups=5",4
"110075",-0.472674168038578,7,-0.275979805326423,7,0.0425996761663063,8,0.00818424311372284,15,-0.212827312824019,8,0.22,0.22,0.22,0.22,0.12,0.22,0.22,0.22,0.22,0.12,-0.179070689437576,5,2,1,"3) # of groups=5",3
"110076",-0.18369023658372,7,-0.659975802405648,8,-0.869695548279839,10,-0.455553236159439,15,-1.11611665804142,9,0.22,0.22,0.22,0.22,0.12,0.22,0.22,0.22,0.22,0.12,-0.611095260119273,5,2,1,"3) # of groups=5",2
"110078",0.782157545752117,8,-1.06712408587519,7,0.181435804723045,10,-0.73119361279017,15,-2.5529008850785,9,0.22,0.22,0.22,0.22,0.12,0.22,0.22,0.22,0.22,0.12,-0.489987462811264,5,2,1,"3) # of groups=5",2
"110079",0.821337051492455,7,-0.310264368751542,7,-0.510086397644894,8,-1.52105676815022,15,-0.170429249389929,8,0.22,0.22,0.22,0.22,0.12,0.22,0.22,0.22,0.22,0.12,-0.354867016198716,5,2,1,"3) # of groups=5",2
"110082",0.689328866908204,8,-0.212742902648417,6,-0.054928252043741,8,-0.0370247920601305,15,-1.28073956884321,9,0.22,0.22,0.22,0.22,0.12,0.22,0.22,0.22,0.22,0.12,-0.0690695058268838,5,2,1,"3) # of groups=5",3
"110083",1.81157414331715,8,0.178850932149678,8,0.304017768344602,11,-0.131455825769459,15,-1.08496469908142,8,0.22,0.22,0.22,0.22,0.12,0.22,0.22,0.22,0.22,0.12,0.345661380079463,5,2,1,"3) # of groups=5",4
"110086",0.0698265844552855,2,NA,0,-0.133178704982842,3,-0.257287624688616,5,-0.88538609571052,6,0.22,0.22,0.22,0.22,0.12,0.282051282051282,NA,0.282051282051282,0.282051282051282,0.153846153846154,-0.226650096708744,3,0,0,"",NA
"110087",0.836427103128062,8,-0.0881074233934661,8,-0.0683165649364454,11,-0.279020761741095,15,-0.373426957106309,10,0.22,0.22,0.22,0.22,0.12,0.22,0.22,0.22,0.22,0.12,0.0434048828197951,5,2,1,"3) # of groups=5",3
"110089",-1.30044161286115,6,0.777072757085216,4,-0.189573133279533,8,-0.383003657037358,15,0.0761266673719544,9,0.22,0.22,0.22,0.22,0.12,0.22,0.22,0.22,0.22,0.12,-0.231972842055787,5,2,1,"3) # of groups=5",3
"110091",0.991984993063721,7,0.282962810009606,6,-0.260307179796462,9,-1.29194873623487,15,-1.4343194296155,9,0.22,0.22,0.22,0.22,0.12,0.22,0.22,0.22,0.22,0.12,-0.233126116404621,5,2,1,"3) # of groups=5",3
"110092",-0.712061721771213,2,-0.849717549187601,2,0.65257849585812,3,0.756807025690133,15,-2.06548539888994,7,0.22,0.22,0.22,0.22,0.12,0.22,0.22,0.22,0.22,0.12,-0.281384872737116,3,0,0,"",NA
"110095",-0.406034495693183,7,0.219532267198711,6,-0.378393766260609,9,-0.0929526443262869,15,-0.982019123958224,10,0.22,0.22,0.22,0.22,0.12,0.22,0.22,0.22,0.22,0.12,-0.262568995472888,5,2,1,"3) # of groups=5",3
"110100",-1.09312987663937,1,NA,0,-0.892061664115008,2,0.509102720746639,10,1.2166890270463,5,0.22,0.22,0.22,0.22,0.12,0.282051282051282,NA,0.282051282051282,0.282051282051282,0.153846153846154,-0.229149816866855,2,0,0,"",NA
"110101",-0.330993566903058,1,0.0733949809319144,1,1.63683065051742,3,1.50610104540371,5,0.179882037262538,5,0.22,0.22,0.22,0.22,0.12,0.22,0.22,0.22,0.22,0.12,0.656359128660502,3,0,0,"",NA
"110104",0.545896333562634,5,-0.523843290436316,3,-0.209286980909682,6,-1.02201189434819,15,-0.454641710487613,8,0.22,0.22,0.22,0.22,0.12,0.22,0.22,0.22,0.22,0.12,-0.320591088327455,5,2,1,"3) # of groups=5",2
"110105",0.389570365349834,5,0.987674797278253,7,-1.17923696963191,9,0.698979875608983,15,-0.457616144720494,8,0.22,0.22,0.22,0.22,0.12,0.22,0.22,0.22,0.22,0.12,0.142423437726676,5,2,1,"3) # of groups=5",4
"110107",-0.85393455344677,8,-0.0939141744116358,8,-0.3187698237474,11,-1.19588927884254,15,0.211816039506915,9,0.22,0.22,0.22,0.22,0.12,0.22,0.22,0.22,0.22,0.12,-0.516333797957806,5,2,1,"3) # of groups=5",2
"110109",-0.177925262333546,4,1.15927422234555,1,1.26798542109068,5,0.815638187673708,15,0.104758734680161,7,0.22,0.22,0.22,0.22,0.12,0.22,0.22,0.22,0.22,0.12,0.686865013292426,4,1,1,"2) # of groups=4",4
"110111",0.336615631946573,2,0.678035673249115,2,-1.58509058825683,5,0.914631375381563,15,-0.389270292656086,7,0.22,0.22,0.22,0.22,0.12,0.22,0.22,0.22,0.22,0.12,0.0290098251917623,3,0,0,"",NA
"110113",0.153527455819019,1,0.196797124152676,1,1.40689640194686,3,0.566540184794622,10,-1.06735921215754,6,0.22,0.22,0.22,0.22,0.12,0.22,0.22,0.22,0.22,0.12,0.383144351217994,3,0,0,"",NA
"110121",-1.58903932257726,2,-1.41282908807914,1,1.18216382441061,4,0.232454779655183,5,-0.783806553218562,7,0.22,0.22,0.22,0.22,0.12,0.22,0.22,0.22,0.22,0.12,-0.443251743836161,3,0,0,"",NA
"110122",-0.90972259091375,8,-0.0923467785618062,7,-0.423792298834195,10,-0.183737032504266,15,-0.602194639200672,9,0.22,0.22,0.22,0.22,0.12,0.22,0.22,0.22,0.22,0.12,-0.426375070883164,5,2,1,"3) # of groups=5",2
"110124",-0.173376081379815,4,0.305569601283568,3,-0.647717046953446,8,0.486244255508564,15,-1.17906311211443,8,0.22,0.22,0.22,0.22,0.12,0.22,0.22,0.22,0.22,0.12,-0.14792901319278,5,2,1,"3) # of groups=5",3
"110125",-0.22463148295435,7,1.10971216669743,5,-0.0373377650827232,7,0.425070877579175,15,-0.00656181359511081,8,0.22,0.22,0.22,0.22,0.12,0.22,0.22,0.22,0.22,0.12,0.279231617541284,5,2,1,"3) # of groups=5",4
"110128",0.440389362036369,6,0.917067921520679,3,-0.202785474514213,7,0.771197688724244,15,0.526432540987131,9,0.22,0.22,0.22,0.22,0.12,0.22,0.22,0.22,0.22,0.12,0.486863194427213,5,2,1,"3) # of groups=5",5
"110129",-0.12145457274937,8,-0.0377745769760224,7,0.871577415433143,10,-0.559571715296671,15,-0.837872017671989,8,0.22,0.22,0.22,0.22,0.12,0.22,0.22,0.22,0.22,0.12,-0.0669338010302011,5,2,1,"3) # of groups=5",3
"110132",-2.02886581752344,3,0.678035673249115,2,-1.91803111333663,4,-0.499155266566308,5,0.70144080431067,5,0.22,0.22,0.22,0.22,0.12,0.22,0.22,0.22,0.22,0.12,-0.744790738801717,4,1,1,"2) # of groups=4",1
"110142",-0.485255196716095,2,0.0733949809319144,1,0.138029246338082,3,1.19058067028048,15,-0.59771546209238,7,0.22,0.22,0.22,0.22,0.12,0.22,0.22,0.22,0.22,0.12,0.129959078732478,3,0,0,"",NA
"110143",0.490139933163302,7,-0.118774396929738,8,0.138043069211257,9,-0.778065543174427,15,0.238314576709147,9,0.22,0.22,0.22,0.22,0.12,0.22,0.22,0.22,0.22,0.12,-0.0305067770954157,5,2,1,"3) # of groups=5",3
"110146",0.240395278532929,3,0.708886209054306,2,0.452775087515074,7,0.145707036170467,15,-0.142481233237871,8,0.22,0.22,0.22,0.22,0.12,0.22,0.22,0.22,0.22,0.12,0.323410246491466,4,1,1,"2) # of groups=4",4
"110150",-0.878981815326349,4,-0.276764720921443,2,0.725545396919441,6,-0.933403219891116,15,0.460172056632759,7,0.22,0.22,0.22,0.22,0.12,0.22,0.22,0.22,0.22,0.12,-0.244772312232352,4,1,1,"2) # of groups=4",2
"110153",0.241997352194818,3,0.506704544232633,2,0.035725694973812,5,NA,0,-0.764331996723962,4,0.22,0.22,0.22,0.22,0.12,0.282051282051282,0.282051282051282,0.282051282051282,NA,0.153846153846154,0.103659269873593,3,1,1,"1) # of groups=3",4
"110161",0.539828441678121,7,-0.612213681035002,8,-0.804031625073156,10,-0.0241486842213673,15,-0.284138142183501,9,0.22,0.22,0.22,0.22,0.12,0.22,0.22,0.22,0.22,0.12,-0.232220997765329,5,2,1,"3) # of groups=5",3
"110164",0.360184493612712,8,-0.315348438056428,7,-0.344102296776976,8,-0.536480727256969,15,-0.404284995511361,8,0.22,0.22,0.22,0.22,0.12,0.22,0.22,0.22,0.22,0.12,-0.232378532526449,5,2,1,"3) # of groups=5",3
"110165",-1.14855116782134,4,0.340595530004901,5,-1.78554731117308,5,-3.54312003374522,15,-1.50375282582752,8,0.22,0.22,0.22,0.22,0.12,0.22,0.22,0.22,0.22,0.12,-1.53050739530094,5,2,1,"3) # of groups=5",1
"110168",0.952223467974575,8,-0.286088953089447,7,-0.116910169885166,9,0.215878491837274,15,0.104468464733596,9,0.22,0.22,0.22,0.22,0.12,0.22,0.22,0.22,0.22,0.12,0.180858839872223,5,2,1,"3) # of groups=5",4
"110177",-0.746919887253823,7,0.458452284801473,8,0.609174005496009,8,-0.673531216943475,15,-0.273130408510784,9,0.22,0.22,0.22,0.22,0.12,0.22,0.22,0.22,0.22,0.12,-0.110397108079254,5,2,1,"3) # of groups=5",3
"110184",0.986084417778976,6,-1.54938378983949,6,0.689279798405317,6,-0.253446129952118,15,-0.617108456174968,9,0.22,0.22,0.22,0.22,0.12,0.22,0.22,0.22,0.22,0.12,-0.102095469534605,5,2,1,"3) # of groups=5",3
"110190",NA,0,NA,0,NA,0,NA,0,1.10733020829871,1,0.22,0.22,0.22,0.22,0.12,NA,NA,NA,NA,1,1.10733020829871,0,0,0,"",NA
"110191",-0.169091515290333,7,0.13505669587919,8,0.257090868709049,8,-1.04062182953846,15,-0.999173506138909,9,0.22,0.22,0.22,0.22,0.12,0.22,0.22,0.22,0.22,0.12,-0.299765292389591,5,2,1,"3) # of groups=5",2
"110192",0.204398667107278,7,0.00553264641322308,7,-0.181811518040117,8,-1.42021193664501,15,-0.679527951659676,9,0.22,0.22,0.22,0.22,0.12,0.22,0.22,0.22,0.22,0.12,-0.387803625255379,5,2,1,"3) # of groups=5",2
"110194",0.0728514343967286,2,0.135096052542295,1,1.09710905428382,3,1.14327210692725,5,-3.15254160091494,6,0.22,0.22,0.22,0.22,0.12,0.22,0.22,0.22,0.22,0.12,0.160327310483228,3,0,0,"",NA
"110198",-0.0132174260032408,7,-0.847466165445535,6,0.29198044327719,7,-1.53106057058395,15,0.433654040140232,8,0.22,0.22,0.22,0.22,0.12,0.22,0.22,0.22,0.22,0.12,-0.40990953330939,5,2,1,"3) # of groups=5",2
"110200",0.340500047673086,6,0.473755303220469,6,1.24566571861826,7,0.33337495431812,15,-0.479425230325421,7,0.22,0.22,0.22,0.22,0.12,0.22,0.22,0.22,0.22,0.12,0.468994097603535,5,2,1,"3) # of groups=5",5
"110201",0.64164012337569,4,0.739736744859496,2,-0.0318866747655589,5,0.0101258873959768,15,-0.25925380812281,7,0.22,0.22,0.22,0.22,0.12,0.22,0.22,0.22,0.22,0.12,0.268005080815696,4,1,1,"2) # of groups=4",4
"110209",1.36483001262422,1,1.15927422234555,1,4.21759092077291,1,NA,0,-5.80627882160963,1,0.22,0.22,0.22,0.22,0.12,0.282051282051282,0.282051282051282,0.282051282051282,NA,0.153846153846154,1.00823009701312,0,0,0,"",NA
"110215",1.21781012851805,7,-0.318718553123655,8,0.382404956587578,10,-0.297392362113921,15,-1.34026653183572,9,0.22,0.22,0.22,0.22,0.12,0.22,0.22,0.22,0.22,0.12,0.055670933550685,5,2,1,"3) # of groups=5",3
"110225",1.29537754370565,5,0.0304701416014718,4,0.616483985913826,6,-0.0803641352427913,15,-0.56462618210772,9,0.22,0.22,0.22,0.22,0.12,0.22,0.22,0.22,0.22,0.12,0.341877716062268,5,2,1,"3) # of groups=5",4
"110226",0.328339378842168,4,-0.289788687802443,6,-3.23788956384983,5,-0.677686653375174,15,-1.44395424023321,7,0.22,0.22,0.22,0.22,0.12,0.22,0.22,0.22,0.22,0.12,-1.02622012458875,5,2,1,"3) # of groups=5",1
"110229",0.303728947161795,7,0.413024124626682,7,0.557817627176934,8,-0.217023708903432,15,-1.29249291520773,9,0.22,0.22,0.22,0.22,0.12,0.22,0.22,0.22,0.22,0.12,0.0775611879887078,5,2,1,"3) # of groups=5",4
"110230",1.32837845039035,7,-0.20294440296576,7,0.615605728129813,8,-0.159249980501397,15,-0.708298738377455,8,0.22,0.22,0.22,0.22,0.12,0.22,0.22,0.22,0.22,0.12,0.262997906306367,5,2,1,"3) # of groups=5",4
"110233",1.12256950126318,1,0.16849885590408,4,0.806080008085439,5,1.79062702801726,15,1.29183996892222,5,0.22,0.22,0.22,0.22,0.12,0.22,0.22,0.22,0.22,0.12,1.01033138279006,4,1,1,"2) # of groups=4",5
"110234",NA,0,NA,0,NA,0,NA,0,0.483422591684777,5,0.22,0.22,0.22,0.22,0.12,NA,NA,NA,NA,1,0.483422591684777,1,0,0,"",NA
"110236",0.111484544160023,3,NA,0,-0.132121440115053,4,NA,0,-0.0431272081342711,7,0.22,0.22,0.22,0.22,0.12,0.392857142857143,NA,0.392857142857143,NA,0.214285714285714,-0.0173488965825342,3,1,1,"1) # of groups=3",3
"110237",0.704702986084212,4,1.15927422234555,1,0.348353497280472,4,1.07400744346705,15,-0.0142275683672903,6,0.22,0.22,0.22,0.22,0.12,0.22,0.22,0.22,0.22,0.12,0.721287084614928,4,1,1,"2) # of groups=4",5
"110252",0.736933179095241,5,-0.430913105780109,5,-0.141724146888046,6,-0.0292348825778151,15,0.462932207569938,8,0.22,0.22,0.22,0.22,0.12,0.22,0.22,0.22,0.22,0.12,0.0852652945552322,5,2,1,"3) # of groups=5",4
"11029F",2.1282769904631,5,-0.610254282793124,4,-0.285397452809017,6,-0.809617614961779,10,-1.41206727209968,5,0.22,0.22,0.22,0.22,0.12,0.22,0.22,0.22,0.22,0.12,-0.076386391874142,5,2,1,"3) # of groups=5",3
"11030F",1.65032964602638,5,-0.181505686681445,4,-0.959068602336909,6,0.515473095487532,10,0.715621937873538,4,0.22,0.22,0.22,0.22,0.12,0.22,0.22,0.22,0.22,0.12,0.311424892093847,5,2,1,"3) # of groups=5",4
"11031F",0.671210582628895,3,NA,0,3.08016061038863,4,NA,0,0.593071841203026,2,0.22,0.22,0.22,0.22,0.12,0.392857142857143,NA,0.392857142857143,NA,0.214285714285714,1.60083979180039,2,1,0,"",NA
"111302",NA,0,1.15927422234555,1,0.204581265476417,1,NA,0,1.48372129786272,4,0.22,0.22,0.22,0.22,0.12,NA,0.392857142857143,0.392857142857143,NA,0.214285714285714,0.853740648329213,1,0,0,"",NA
"111303",NA,0,NA,0,NA,0,NA,0,1.08413610955945,3,0.22,0.22,0.22,0.22,0.12,NA,NA,NA,NA,1,1.08413610955945,1,0,0,"",NA
"111304",0.395787967180062,1,-2.02164398674644,1,-0.499005468147847,2,NA,0,0.250712086014312,6,0.22,0.22,0.22,0.22,0.12,0.282051282051282,0.282051282051282,0.282051282051282,NA,0.153846153846154,-0.560748816635144,1,0,0,"",NA
"111305",-1.30003561234722,1,1.15927422234555,1,-0.297044941435646,1,NA,0,-1.42863422486722,7,0.22,0.22,0.22,0.22,0.12,0.282051282051282,0.282051282051282,0.282051282051282,NA,0.153846153846154,-0.343273717820867,1,0,0,"",NA
"111306",1.45783788090644,1,NA,0,0.780438460222412,6,0.936400436228415,5,-0.351297155435151,8,0.22,0.22,0.22,0.22,0.12,0.282051282051282,NA,0.282051282051282,0.282051282051282,0.153846153846154,0.841375938931257,3,0,0,"",NA
"111308",NA,0,NA,0,NA,0,NA,0,1.90366757334432,3,0.22,0.22,0.22,0.22,0.12,NA,NA,NA,NA,1,1.90366757334432,1,0,0,"",NA
"111310",-0.610153673008125,4,-3.878808700571,1,-1.0452333108706,4,0.0987590425392783,10,0.201762713860965,6,0.22,0.22,0.22,0.22,0.12,0.22,0.22,0.22,0.22,0.12,-1.17158453555698,4,1,1,"2) # of groups=4",1
"111311",NA,0,NA,0,NA,0,NA,0,0.268636035627574,3,0.22,0.22,0.22,0.22,0.12,NA,NA,NA,NA,1,0.268636035627574,1,0,0,"",NA
"111312",NA,0,NA,0,-0.450152891404016,1,1.02050191451172,5,0.446496977338924,6,0.22,0.22,0.22,0.22,0.12,NA,NA,0.392857142857143,0.392857142857143,0.214285714285714,0.319743611364939,2,0,0,"",NA
"111313",-0.682995910728801,2,NA,0,-0.42925108176028,4,NA,0,-0.211202813696489,6,0.22,0.22,0.22,0.22,0.12,0.392857142857143,NA,0.392857142857143,NA,0.214285714285714,-0.482211921412815,2,0,0,"",NA
"111314",NA,0,NA,0,NA,0,NA,0,-1.4957799579158,3,0.22,0.22,0.22,0.22,0.12,NA,NA,NA,NA,1,-1.4957799579158,1,0,0,"",NA
"111316",NA,0,NA,0,NA,0,NA,0,1.05488973525008,3,0.22,0.22,0.22,0.22,0.12,NA,NA,NA,NA,1,1.05488973525008,1,0,0,"",NA
"111318",NA,0,NA,0,-0.547858044891677,1,NA,0,-1.36921632544072,5,0.22,0.22,0.22,0.22,0.12,NA,NA,0.647058823529412,NA,0.352941176470588,-0.837749202732516,1,0,0,"",NA
"111319",NA,0,-1.22292352335723,1,NA,0,NA,0,0.737585022442531,4,0.22,0.22,0.22,0.22,0.12,NA,0.647058823529412,NA,NA,0.352941176470588,-0.53097933072202,1,0,0,"",NA
"111320",NA,0,1.15927422234555,1,-0.236703740223601,2,2.15967560323972,15,-0.68832175225034,7,0.22,0.22,0.22,0.22,0.12,NA,0.282051282051282,0.282051282051282,0.282051282051282,0.153846153846154,0.763455805781444,2,0,0,"",NA
"111323",0.395787967180062,1,1.04295049241793,1,0.759165314868958,3,1.30844174235308,15,0.238136522188898,4,0.22,0.22,0.22,0.22,0.12,0.22,0.22,0.22,0.22,0.12,0.799972396363074,3,0,0,"",NA
"111324",-3.21430214365523,2,NA,0,-1.4500656816843,2,NA,0,-0.269981717452368,3,0.22,0.22,0.22,0.22,0.12,0.392857142857143,NA,0.392857142857143,NA,0.214285714285714,-1.89028344226604,1,0,0,"",NA
"111325",-2.02681714643033,1,NA,0,0.706207472388479,1,NA,0,0.991344540061478,4,0.22,0.22,0.22,0.22,0.12,0.392857142857143,NA,0.392857142857143,NA,0.214285714285714,-0.306379970503268,1,0,0,"",NA
"111326",NA,0,1.15927422234555,1,NA,0,NA,0,-0.109100886698451,5,0.22,0.22,0.22,0.22,0.12,NA,0.647058823529412,NA,NA,0.352941176470588,0.71161241915355,1,0,0,"",NA
"111327",-2.1977154509213,2,NA,0,-1.06241180150395,3,0.628394573871108,10,-0.174517609330952,7,0.22,0.22,0.22,0.22,0.12,0.282051282051282,NA,0.282051282051282,0.282051282051282,0.153846153846154,-0.769132438976443,3,0,0,"",NA
"111328",NA,0,NA,0,-1.80192356217183,1,NA,0,0.336560540568768,5,0.22,0.22,0.22,0.22,0.12,NA,NA,0.647058823529412,NA,0.352941176470588,-1.04716446708691,1,0,0,"",NA
"111329",-0.00847320837940488,5,1.16260436061262,2,-0.137504543974833,6,1.52469464269698,10,-0.177787974210843,7,0.22,0.22,0.22,0.22,0.12,0.22,0.22,0.22,0.22,0.12,0.537756118304878,4,1,1,"2) # of groups=4",4
"111330",NA,0,-1.9434475777433,1,-0.297044941435646,1,NA,0,0.944736424571646,5,0.22,0.22,0.22,0.22,0.12,NA,0.392857142857143,0.392857142857143,NA,0.214285714285714,-0.677749970126376,1,0,0,"",NA
"111331",NA,0,-7.13513058977316,1,NA,0,NA,0,1.38791292252275,4,0.22,0.22,0.22,0.22,0.12,NA,0.647058823529412,NA,NA,0.352941176470588,-4.12699758543343,1,0,0,"",NA
"111332",NA,0,1.16593449887969,1,NA,0,NA,0,2.43007494166473,2,0.22,0.22,0.22,0.22,0.12,NA,0.647058823529412,NA,NA,0.352941176470588,1.61210171398029,0,0,0,"",NA
"111333",-0.759606369060988,2,-0.248261139710954,1,-0.0425297321998946,3,NA,0,1.23432789197261,7,0.22,0.22,0.22,0.22,0.12,0.282051282051282,0.282051282051282,0.282051282051282,NA,0.153846153846154,-0.106369289714219,2,0,0,"",NA
"111334",-1.30003561234722,1,NA,0,-2.22385566700655,2,NA,0,0.20719852748652,7,0.22,0.22,0.22,0.22,0.12,0.392857142857143,NA,0.392857142857143,NA,0.214285714285714,-1.33998617528473,1,0,0,"",NA
"111335",-0.264498371543861,2,NA,0,1.37311911204045,3,NA,0,-1.05540610223293,6,0.22,0.22,0.22,0.22,0.12,0.392857142857143,NA,0.392857142857143,NA,0.214285714285714,0.209371126145175,2,0,0,"",NA
"111336",0.880308989902137,1,NA,0,0.667887598040891,2,NA,0,-0.142532857197881,5,0.22,0.22,0.22,0.22,0.12,0.392857142857143,NA,0.392857142857143,NA,0.214285714285714,0.577677333006644,1,0,0,"",NA
"111337",-0.586394191178529,2,NA,0,0.296352323074713,3,NA,0,-0.74966320228956,5,0.22,0.22,0.22,0.22,0.12,0.392857142857143,NA,0.392857142857143,NA,0.214285714285714,-0.274587134388548,2,0,0,"",NA
"120001",0.832682182579644,8,-0.808092085067774,8,-0.196483378599061,11,0.236142097560686,15,0.0494870944541288,8,0.22,0.22,0.22,0.22,0.12,0.22,0.22,0.22,0.22,0.12,0.0200731909586644,5,2,1,"3) # of groups=5",3
"120002",-1.35911075787417,7,-0.814829615501446,6,0.870044780513715,9,-0.503040412007227,15,0.122445103338386,9,0.22,0.22,0.22,0.22,0.12,0.22,0.22,0.22,0.22,0.12,-0.382832508670602,5,2,1,"3) # of groups=5",2
"120005",0.335334783132509,7,0.0507252540268262,6,-0.814299654687715,9,-0.591697593768286,15,0.966132472007418,9,0.22,0.22,0.22,0.22,0.12,0.22,0.22,0.22,0.22,0.12,-0.108450289844376,5,2,1,"3) # of groups=5",3
"120006",0.187180718676647,7,1.00030772302215,7,-0.356978896158435,10,0.227829156833145,15,0.585589930611405,9,0.22,0.22,0.22,0.22,0.12,0.22,0.22,0.22,0.22,0.12,0.30310530619554,5,2,1,"3) # of groups=5",4
"120007",1.24144524539798,5,0.399933703973913,7,0.685408508196464,8,-0.600050450362095,15,-0.287461021428929,7,0.22,0.22,0.22,0.22,0.12,0.22,0.22,0.22,0.22,0.12,0.345386819013906,5,2,1,"3) # of groups=5",4
"120011",1.20781352204058,3,-0.124104766135227,6,-1.93579394949061,5,0.43431246925551,15,1.48874253605932,4,0.22,0.22,0.22,0.22,0.12,0.22,0.22,0.22,0.22,0.12,0.0867391049745741,5,2,1,"3) # of groups=5",4
"120014",-0.287801424569964,4,-0.69470623296482,4,-0.614370194310497,7,-0.132602802555858,10,0.260179819951839,9,0.22,0.22,0.22,0.22,0.12,0.22,0.22,0.22,0.22,0.12,-0.34926416557403,5,2,1,"3) # of groups=5",2
"120019",-0.302049661388895,5,-0.975954178037543,5,0.899403584915141,8,-1.26448578235943,15,0.0341729268945859,8,0.22,0.22,0.22,0.22,0.12,0.22,0.22,0.22,0.22,0.12,-0.35737817688421,5,2,1,"3) # of groups=5",2
"120022",0.878574120125026,8,-0.458232563895752,7,0.614396378332436,11,-0.0826240109451694,15,0.434837402049452,8,0.22,0.22,0.22,0.22,0.12,0.22,0.22,0.22,0.22,0.12,0.261645551441573,5,2,1,"3) # of groups=5",4
"120026",0.79711741345777,7,0.231057554902625,6,-0.0507721699351148,9,0.240292954578103,15,0.479571164595367,8,0.22,0.22,0.22,0.22,0.12,0.22,0.22,0.22,0.22,0.12,0.325441605412188,5,2,1,"3) # of groups=5",4
"120028",0.496387792397935,4,-2.16483182181107,2,1.25485879542645,7,0.0388254426260899,15,0.748438121028541,9,0.22,0.22,0.22,0.22,0.12,0.22,0.22,0.22,0.22,0.12,0.00736542042409406,4,1,1,"2) # of groups=4",3
"121300",0.153527455819019,1,1.15927422234555,1,-0.0382894243269355,2,1.53421411321986,10,0.124955439368881,7,0.22,0.22,0.22,0.22,0.12,0.22,0.22,0.22,0.22,0.12,0.632914453476914,2,0,0,"",NA
"121301",NA,0,NA,0,NA,0,NA,0,0.70539433786372,3,0.22,0.22,0.22,0.22,0.12,NA,NA,NA,NA,1,0.70539433786372,1,0,0,"",NA
"121302",NA,0,NA,0,NA,0,NA,0,1.46004668078129,4,0.22,0.22,0.22,0.22,0.12,NA,NA,NA,NA,1,1.46004668078129,1,0,0,"",NA
"121303",NA,0,NA,0,NA,0,NA,0,1.59948996464464,4,0.22,0.22,0.22,0.22,0.12,NA,NA,NA,NA,1,1.59948996464464,1,0,0,"",NA
"121304",NA,0,NA,0,NA,0,NA,0,1.60145272504968,3,0.22,0.22,0.22,0.22,0.12,NA,NA,NA,NA,1,1.60145272504968,1,0,0,"",NA
"121305",NA,0,NA,0,NA,0,NA,0,2.21400840673864,2,0.22,0.22,0.22,0.22,0.12,NA,NA,NA,NA,1,2.21400840673864,0,0,0,"",NA
"121306",NA,0,NA,0,NA,0,NA,0,0.525763388877705,3,0.22,0.22,0.22,0.22,0.12,NA,NA,NA,NA,1,0.525763388877705,1,0,0,"",NA
"121307",NA,0,NA,0,NA,0,NA,0,0.959951395586924,3,0.22,0.22,0.22,0.22,0.12,NA,NA,NA,NA,1,0.959951395586924,1,0,0,"",NA
"121308",NA,0,NA,0,NA,0,NA,0,1.93267734445268,3,0.22,0.22,0.22,0.22,0.12,NA,NA,NA,NA,1,1.93267734445268,1,0,0,"",NA
"130002",-0.111474353755544,7,0.395140136037395,6,1.85431924614149,7,-0.232426060813989,15,-0.00394688121462696,10,0.22,0.22,0.22,0.22,0.12,0.22,0.22,0.22,0.22,0.12,0.418749347128302,5,2,1,"3) # of groups=5",4
"130003",-1.20823432700781,7,-0.0278620267029415,4,0.537676965627284,9,-1.06805856838743,15,-0.237449973219947,8,0.22,0.22,0.22,0.22,0.12,0.22,0.22,0.22,0.22,0.12,-0.417119147209991,5,2,1,"3) # of groups=5",2
"130006",-0.0277778118820795,8,0.000301957521517075,8,1.4901958059024,11,0.786974045252605,15,-0.0012720884300654,10,0.22,0.22,0.22,0.22,0.12,0.22,0.22,0.22,0.22,0.12,0.49478002868317,5,2,1,"3) # of groups=5",5
"130007",-1.37981065542709,8,-0.327526363116359,7,0.8805639175696,11,0.0530533580438486,15,0.287367409867857,8,0.22,0.22,0.22,0.22,0.12,0.22,0.22,0.22,0.22,0.12,-0.135734254260457,5,2,1,"3) # of groups=5",3
"130013",0.670388652667105,7,-0.750496720545096,7,-0.00240444403380469,10,0.193123841694122,15,-0.0160882911200431,10,0.22,0.22,0.22,0.22,0.12,0.22,0.22,0.22,0.22,0.12,0.0224038976177066,5,2,1,"3) # of groups=5",3
"130014",1.01462835968067,4,0.986541031301018,2,0.67749044971105,5,0.561934345380702,15,1.56323934524375,9,0.22,0.22,0.22,0.22,0.12,0.22,0.22,0.22,0.22,0.12,0.900519442365407,4,1,1,"2) # of groups=4",5
"130018",-0.815033976683162,8,0.295948087136367,7,0.953251330606712,11,-0.937059377581432,15,0.467104205570183,8,0.22,0.22,0.22,0.22,0.12,0.22,0.22,0.22,0.22,0.12,-0.0545841613663113,5,2,1,"3) # of groups=5",3
"130025",0.390209979119233,2,0.264842315072193,2,0.105030521237438,7,-0.150390474029861,15,1.30361504174999,8,0.22,0.22,0.22,0.22,0.12,0.22,0.22,0.22,0.22,0.12,0.290566120117779,3,0,0,"",NA
"130028",-0.0596532085357357,8,-0.0225966244209155,7,0.664369435386538,11,-0.443951899131787,15,0.661463158966477,9,0.22,0.22,0.22,0.22,0.12,0.22,0.22,0.22,0.22,0.12,0.109772473801559,5,2,1,"3) # of groups=5",4
"13003F",1.44202063759006,4,0.898811390086695,4,0.119670577660152,5,1.61540168236372,10,0.569091624860361,4,0.22,0.22,0.22,0.22,0.12,0.22,0.22,0.22,0.22,0.12,0.964989938277381,5,2,1,"3) # of groups=5",5
"130049",-0.145290412970885,8,0.411873520621269,7,0.909912181417401,11,0.0819769115008971,15,-0.00746620211134929,10,0.22,0.22,0.22,0.22,0.12,0.22,0.22,0.22,0.22,0.12,0.275967939871748,5,2,1,"3) # of groups=5",4
"130063",0.153527455819019,1,0.320199267373437,1,1.31847042059658,2,1.54871565201314,15,-0.180570870030162,3,0.22,0.22,0.22,0.22,0.12,0.22,0.22,0.22,0.22,0.12,0.713332310672859,2,0,0,"",NA
"130065",0.395787967180062,1,0.422761906698605,5,-0.191718716125843,6,0.115421486059468,15,0.239339238557667,8,0.22,0.22,0.22,0.22,0.12,0.22,0.22,0.22,0.22,0.12,0.192016290265624,4,1,1,"2) # of groups=4",3
"130066",0.880308989902137,1,0.485934989294612,2,1.18236637371611,4,1.21058641222236,15,0.0850613888559003,6,0.22,0.22,0.22,0.22,0.12,0.22,0.22,0.22,0.22,0.12,0.837230654992456,3,0,0,"",NA
"130071",0.602158554284921,6,-0.0785719384915923,5,0.797093356221351,8,0.603961380221515,15,0.463946410637256,9,0.22,0.22,0.22,0.22,0.12,0.22,0.22,0.22,0.22,0.12,0.479094666768434,5,2,1,"3) # of groups=5",5
"130073",NA,0,NA,0,NA,0,NA,0,1.50811913756876,1,0.22,0.22,0.22,0.22,0.12,NA,NA,NA,NA,1,1.50811913756876,0,0,0,"",NA
"130074",-0.206728487273202,6,-0.710572667733359,5,0.933449890684683,6,0.859833057435792,10,0.635106822131434,8,0.22,0.22,0.22,0.22,0.12,0.22,0.22,0.22,0.22,0.12,0.268928813140833,5,2,1,"3) # of groups=5",4
"131301",-0.330993566903058,1,NA,0,-0.260937064904012,2,NA,0,-0.501089598201969,4,0.22,0.22,0.22,0.22,0.12,0.392857142857143,NA,0.392857142857143,NA,0.214285714285714,-0.339920519253199,1,0,0,"",NA
"131302",-1.05777510098618,1,NA,0,1.61944938355163,2,-1.2568200749982,5,-0.937387146588313,4,0.22,0.22,0.22,0.22,0.12,0.282051282051282,NA,0.282051282051282,0.282051282051282,0.153846153846154,-0.340280169135644,2,0,0,"",NA
"131303",1.04794317972377,2,NA,0,1.08712677025924,2,NA,0,0.809698684802406,4,0.22,0.22,0.22,0.22,0.12,0.392857142857143,NA,0.392857142857143,NA,0.214285714285714,1.01228434137956,1,0,0,"",NA
"131304",NA,0,NA,0,NA,0,NA,0,0.279630039014608,3,0.22,0.22,0.22,0.22,0.12,NA,NA,NA,NA,1,0.279630039014608,1,0,0,"",NA
"131305",0.339110294014467,3,0.0551257534481611,1,0.305283041448874,6,0.0337277331830057,5,-1.66936531749194,3,0.22,0.22,0.22,0.22,0.12,0.22,0.22,0.22,0.22,0.12,-0.0390095372382411,4,1,1,"2) # of groups=4",3
"131307",0.153527455819019,1,NA,0,0.557901808979631,2,0.374844451279772,5,0.901379397005886,4,0.22,0.22,0.22,0.22,0.12,0.282051282051282,NA,0.282051282051282,0.282051282051282,0.153846153846154,0.44505864766405,2,0,0,"",NA
"131309",-0.573254078264098,1,NA,0,-0.0462318379796146,1,NA,0,-0.141003922213588,5,0.22,0.22,0.22,0.22,0.12,0.392857142857143,NA,0.392857142857143,NA,0.214285714285714,-0.27358459328437,1,0,0,"",NA
"131310",NA,0,NA,0,0.455394368932441,1,NA,0,0.710933065520809,5,0.22,0.22,0.22,0.22,0.12,NA,NA,0.647058823529412,NA,0.352941176470588,0.5455844971401,1,0,0,"",NA
"131311",0.773370605512888,3,NA,0,0.812049920920081,4,1.48732906612347,10,0.718732608365764,5,0.22,0.22,0.22,0.22,0.12,0.282051282051282,NA,0.282051282051282,0.282051282051282,0.153846153846154,0.977247209443985,4,1,1,"2) # of groups=4",5
"131312",0.167940728976278,2,NA,0,0.954725033559923,4,1.62496838708795,10,0.0988922883396936,5,0.22,0.22,0.22,0.22,0.12,0.282051282051282,NA,0.282051282051282,0.282051282051282,0.153846153846154,0.790187932715483,3,0,0,"",NA
"131313",-0.0887330555420189,1,NA,0,0.706207472388479,1,-0.114756030387084,5,0.922440798334523,3,0.22,0.22,0.22,0.22,0.12,0.282051282051282,NA,0.282051282051282,0.282051282051282,0.153846153846154,0.283706334386161,2,0,0,"",NA
"131314",-0.888023709880755,3,NA,0,0.849517624055516,4,NA,0,0.263013644251219,4,0.22,0.22,0.22,0.22,0.12,0.392857142857143,NA,0.392857142857143,NA,0.214285714285714,0.0412326757653459,3,1,1,"1) # of groups=3",3
"131315",-1.55241138668124,2,NA,0,0.0479608166980965,2,NA,0,-0.183186482977469,6,0.22,0.22,0.22,0.22,0.12,0.392857142857143,NA,0.392857142857143,NA,0.214285714285714,-0.630288398845693,1,0,0,"",NA
"131316",-0.0788570572969224,2,NA,0,1.69499336155409,2,NA,0,-0.555950989153714,5,0.22,0.22,0.22,0.22,0.12,0.392857142857143,NA,0.392857142857143,NA,0.214285714285714,0.51577833613952,1,0,0,"",NA
"131317",-1.7845566350693,1,NA,0,0.957020575844511,1,NA,0,-0.593232870480787,4,0.22,0.22,0.22,0.22,0.12,0.392857142857143,NA,0.392857142857143,NA,0.214285714285714,-0.45222478122705,1,0,0,"",NA
"131318",NA,0,NA,0,NA,0,0.208791740781782,5,-0.442893427105675,3,0.22,0.22,0.22,0.22,0.12,NA,NA,NA,0.647058823529412,0.352941176470588,-0.0212147890608499,2,0,0,"",NA
"131319",-0.226028274078411,2,NA,0,-0.288827934037242,3,0.515425227087602,5,1.30857121161273,4,0.22,0.22,0.22,0.22,0.12,0.282051282051282,NA,0.282051282051282,0.282051282051282,0.153846153846154,0.20147914047097,3,0,0,"",NA
"131320",-1.15537895862217,5,NA,0,0.254217515471447,4,0.27159402428584,5,-0.340889312358886,4,0.22,0.22,0.22,0.22,0.12,0.282051282051282,NA,0.282051282051282,0.282051282051282,0.153846153846154,-0.230014807222232,4,1,1,"2) # of groups=4",2
"131321",-1.09695617500158,2,NA,0,-0.842915519261371,2,0.129062429984309,5,-0.0416715514545066,4,0.22,0.22,0.22,0.22,0.12,0.282051282051282,NA,0.282051282051282,0.282051282051282,0.153846153846154,-0.517152082456208,2,0,0,"",NA
"131322",-0.634260925866576,3,NA,0,0.552558570039818,4,NA,0,-0.396867436951798,5,0.22,0.22,0.22,0.22,0.12,0.392857142857143,NA,0.392857142857143,NA,0.214285714285714,-0.117140376278754,3,1,1,"1) # of groups=3",3
"131323",-0.317006428484638,3,NA,0,0.709724828428628,7,1.3162124441222,10,0.914668719474389,6,0.22,0.22,0.22,0.22,0.12,0.282051282051282,NA,0.282051282051282,0.282051282051282,0.153846153846154,0.62272440004037,4,1,1,"2) # of groups=4",4
"131324",NA,0,NA,0,0.327775819388476,1,NA,0,0.607138282330305,4,0.22,0.22,0.22,0.22,0.12,NA,NA,0.647058823529412,NA,0.352941176470588,0.426374335720886,1,0,0,"",NA
"131325",-0.298101457498437,2,1.10444249564881,2,0.880585085958092,7,0.492142079217432,10,-0.171499784487787,4,0.22,0.22,0.22,0.22,0.12,0.22,0.22,0.22,0.22,0.12,0.458815030593163,3,0,0,"",NA
"131326",-0.77417777131166,3,1.15927422234555,1,0.495328420032884,5,-0.371892324444817,15,0.848590411134932,7,0.22,0.22,0.22,0.22,0.12,0.22,0.22,0.22,0.22,0.12,0.213708009593022,4,1,1,"2) # of groups=4",3
"131327",-0.570745963976576,4,NA,0,-0.0793474709792343,7,-0.266675028476022,15,0.904625066095602,5,0.22,0.22,0.22,0.22,0.12,0.282051282051282,NA,0.282051282051282,0.282051282051282,0.153846153846154,-0.119402633363501,4,1,1,"2) # of groups=4",3
"131328",-1.98431677495589,4,-2.69407265997326,2,0.982765988362584,4,0.878591269528625,10,-0.644249626816903,7,0.22,0.22,0.22,0.22,0.12,0.22,0.22,0.22,0.22,0.12,-0.697057034166375,4,1,1,"2) # of groups=4",2
"140001",-0.995233827338033,4,0.189027490893922,3,-0.543630933132354,7,0.426734133364941,10,0.567197237583314,9,0.22,0.22,0.22,0.22,0.12,0.22,0.22,0.22,0.22,0.12,-0.135019021456538,5,2,1,"3) # of groups=5",3
"140002",1.02999002914609,6,0.466113953678629,7,-0.230621899329849,10,0.634278804300097,15,0.0324961874932547,10,0.22,0.22,0.22,0.22,0.12,0.22,0.22,0.22,0.22,0.12,0.421846937814083,5,2,1,"3) # of groups=5",4
"140007",0.542826141398988,8,-2.16456386900647,6,-0.400066997916351,9,-1.39895111875484,10,-1.29557914127811,6,0.22,0.22,0.22,0.22,0.12,0.22,0.22,0.22,0.22,0.12,-0.908035782694681,5,2,1,"3) # of groups=5",1
"140008",0.355539378358655,7,0.583808223681409,5,-0.665568121961374,7,-0.72783925059641,15,-0.842249470797068,8,0.22,0.22,0.22,0.22,0.12,0.22,0.22,0.22,0.22,0.12,-0.200963086009547,5,2,1,"3) # of groups=5",3
"140010",2.56467823596129,8,0.584652362823158,8,0.63723690370852,11,0.21718231935245,15,-1.11602869443363,10,0.22,0.22,0.22,0.22,0.12,0.22,0.22,0.22,0.22,0.12,0.746901517473956,5,2,1,"3) # of groups=5",5
"140011",-0.245035667599956,7,-1.46613408307801,6,-2.13346113205255,7,-0.000935463853961543,15,-0.236205523167988,10,0.22,0.22,0.22,0.22,0.12,0.22,0.22,0.22,0.22,0.12,-0.874369259028744,5,2,1,"3) # of groups=5",1
"140012",-0.639109079803354,5,-2.15413112690943,2,0.839940942493571,7,-0.622186818484021,15,0.477573206411089,9,0.22,0.22,0.22,0.22,0.12,0.22,0.22,0.22,0.22,0.12,-0.509298153425381,4,1,1,"2) # of groups=4",2
"140013",-0.16099712298819,6,-0.100829041763353,4,1.58723529172724,6,-1.04749659848078,15,-0.372556016857477,6,0.22,0.22,0.22,0.22,0.12,0.22,0.22,0.22,0.22,0.12,0.0164340342459845,5,2,1,"3) # of groups=5",3
"140015",-0.143384862010843,8,-0.036920218393094,7,0.299629016593675,11,0.069379416200172,15,0.401413295809725,9,0.22,0.22,0.22,0.22,0.12,0.22,0.22,0.22,0.22,0.12,0.0896843330229472,5,2,1,"3) # of groups=5",4
"140018",-0.122492220152955,7,-1.3248531559358,7,-1.54923763984401,7,-1.99861136522288,15,0.77496172640365,7,0.22,0.22,0.22,0.22,0.12,0.22,0.22,0.22,0.22,0.12,-1.0059473566858,5,2,1,"3) # of groups=5",1
"140029",0.596368624370514,8,0.371937410225842,8,0.196678034646578,11,-0.00570406257194232,15,0.698197244297972,10,0.22,0.22,0.22,0.22,0.12,0.22,0.22,0.22,0.22,0.12,0.338825270783375,5,2,1,"3) # of groups=5",4
"140030",1.42069571976052,8,0.390866826190924,6,-0.413876640183591,8,0.248724673067485,15,0.356121450500422,9,0.22,0.22,0.22,0.22,0.12,0.22,0.22,0.22,0.22,0.12,0.404944901403825,5,2,1,"3) # of groups=5",4
"140032",-0.571307733879307,6,-0.0719681430107186,4,-0.388873842520646,6,0.662958692195411,15,0.135280259268033,10,0.22,0.22,0.22,0.22,0.12,0.22,0.22,0.22,0.22,0.12,-0.0649883948751934,5,2,1,"3) # of groups=5",3
"140034",-0.469754553210477,5,0.0618867317631352,2,0.0461680028801472,6,0.107096515290761,15,0.0509244661474383,9,0.22,0.22,0.22,0.22,0.12,0.22,0.22,0.22,0.22,0.12,-0.0499017907831228,4,1,1,"2) # of groups=4",3
"14003F",2.68986024130903,5,-1.22155554834839,4,-0.271639170543934,6,0.0918785740386361,10,-0.509463835357867,3,0.22,0.22,0.22,0.22,0.12,0.22,0.22,0.22,0.22,0.12,0.222344040977231,5,2,1,"3) # of groups=5",4
"140043",-2.86313886237872,6,-0.282702137472469,5,-1.15481701991452,10,-0.277549527499879,15,0.33192311621692,9,0.22,0.22,0.22,0.22,0.12,0.22,0.22,0.22,0.22,0.12,-0.967374886452399,5,2,1,"3) # of groups=5",1
"140046",0.820689609262285,7,0.413977682724013,7,-0.424508999683671,10,0.00612704498352248,15,-0.0995056539131871,8,0.22,0.22,0.22,0.22,0.12,0.22,0.22,0.22,0.22,0.12,0.16764209573337,5,2,1,"3) # of groups=5",4
"140048",1.62777533496701,7,-0.113984046789665,7,-1.7279108172115,10,-0.766775247888546,15,-0.862727387862868,10,0.22,0.22,0.22,0.22,0.12,0.22,0.22,0.22,0.22,0.12,-0.319324137466538,5,2,1,"3) # of groups=5",2
"140049",0.374910665303463,5,-0.451264880939475,5,-0.845551320966409,6,-1.62349734006618,15,-1.6654555887873,7,0.22,0.22,0.22,0.22,0.12,0.22,0.22,0.22,0.22,0.12,-0.759843303521568,5,2,1,"3) # of groups=5",1
"14004F",1.14987518084495,2,NA,0,2.98599904268466,3,NA,0,-0.025028117523542,2,0.22,0.22,0.22,0.22,0.12,0.392857142857143,NA,0.392857142857143,NA,0.214285714285714,1.61944456263159,1,0,0,"",NA
"140052",-0.48279228192277,6,0.523782994223164,2,0.982521487075599,8,0.429573503690834,15,0.0853924197808449,8,0.22,0.22,0.22,0.22,0.12,0.22,0.22,0.22,0.22,0.12,0.329925945048403,4,1,1,"2) # of groups=4",4
"140053",-0.296977478637337,8,-0.37595922489431,6,-0.100590248431404,10,-0.671116749972837,15,-0.155658067122092,8,0.22,0.22,0.22,0.22,0.12,0.22,0.22,0.22,0.22,0.12,-0.336500582480546,5,2,1,"3) # of groups=5",2
"140054",0.167839766090638,7,0.47158859328747,6,-0.567425255282054,9,-0.828058956176941,15,-0.00619293213055897,9,0.22,0.22,0.22,0.22,0.12,0.22,0.22,0.22,0.22,0.12,-0.167075439313462,5,2,1,"3) # of groups=5",3
"140059",-1.53421530262337,4,0.218513046215989,2,-0.142889457464493,7,0.674410829926338,15,0.694544181080722,8,0.22,0.22,0.22,0.22,0.12,0.22,0.22,0.22,0.22,0.12,-0.0891744927383312,4,1,1,"2) # of groups=4",3
"140062",1.35251043284226,8,-0.290204528190252,8,-0.171962736487572,11,-0.0729135994545847,15,-0.640549144115268,9,0.22,0.22,0.22,0.22,0.12,0.22,0.22,0.22,0.22,0.12,0.102968607822335,5,2,1,"3) # of groups=5",4
"140063",1.6075255870859,6,-0.397378392814318,5,0.557798255294743,8,-0.569012350463914,15,-0.902248505553007,8,0.22,0.22,0.22,0.22,0.12,0.22,0.22,0.22,0.22,0.12,0.15549546113617,5,2,1,"3) # of groups=5",4
"140064",-0.33065710213825,6,-0.444366005154241,4,-0.821725132454823,6,-0.127737768633104,15,-0.0137564336128434,9,0.22,0.22,0.22,0.22,0.12,0.22,0.22,0.22,0.22,0.12,-0.381037693877233,5,2,1,"3) # of groups=5",2
"140065",0.745422698522083,7,0.67371626961012,7,1.34432740904602,7,0.593826532524025,15,-0.224984225915058,7,0.22,0.22,0.22,0.22,0.12,0.22,0.22,0.22,0.22,0.12,0.711606333024688,5,2,1,"3) # of groups=5",5
"140067",0.10227857090439,8,-0.403241775395686,8,-0.715729714279061,11,-0.683700393174155,15,-0.290620292151054,9,0.22,0.22,0.22,0.22,0.12,0.22,0.22,0.22,0.22,0.12,-0.408960963685919,5,2,1,"3) # of groups=5",2
"140068",0.540815030925853,4,-0.363078280638434,2,-1.52970501962051,4,-2.98483258029726,10,-0.833941003093619,6,0.22,0.22,0.22,0.22,0.12,0.22,0.22,0.22,0.22,0.12,-1.05416910728991,4,1,1,"2) # of groups=4",1
"140077",NA,0,0.0733949809319144,1,NA,0,-0.842222803156775,5,-0.0927810029884112,6,0.22,0.22,0.22,0.22,0.12,NA,0.392857142857143,NA,0.392857142857143,0.214285714285714,-0.321921145085855,2,0,0,"",NA
"14007F",1.47187992266168,5,-0.832630480663662,4,-2.37758851218746,6,0.231235645018599,10,0.514961005021709,5,0.22,0.22,0.22,0.22,0.12,0.22,0.22,0.22,0.22,0.12,-0.26976743293498,5,2,1,"3) # of groups=5",3
"140080",0.414013658530462,7,-0.443737693773284,4,-0.77326556416185,9,-1.31194752956214,10,-0.597534102515765,6,0.22,0.22,0.22,0.22,0.12,0.22,0.22,0.22,0.22,0.12,-0.53699026067459,5,2,1,"3) # of groups=5",2
"140082",0.917332732215607,6,-1.40138997692316,5,-1.69812635092999,7,-2.46139971832086,15,-1.44704279656926,7,0.22,0.22,0.22,0.22,0.12,0.22,0.22,0.22,0.22,0.12,-1.19523346465916,5,2,1,"3) # of groups=5",1
"140083",0.638048478541098,1,0.678035673249115,2,-0.252454329435152,2,NA,0,0.170846212523729,6,0.22,0.22,0.22,0.22,0.12,0.282051282051282,0.282051282051282,0.282051282051282,NA,0.153846153846154,0.326282187719181,1,0,0,"",NA
"140084",0.355690308628544,6,0.563057823372261,4,-0.0395079997070176,7,-2.61099779585385,15,0.12929404431489,7,0.22,0.22,0.22,0.22,0.12,0.22,0.22,0.22,0.22,0.12,-0.365471400665427,5,2,1,"3) # of groups=5",2
"140088",1.9005651351821,8,0.364963595452728,7,-0.430797159999776,10,0.314969926832345,15,-1.17826161733603,10,0.22,0.22,0.22,0.22,0.12,0.22,0.22,0.22,0.22,0.12,0.331542935362504,5,2,1,"3) # of groups=5",4
"140089",-0.540076772063091,4,0.647185137443925,2,-0.688321629105921,5,0.47420183772559,15,0.0406156349248665,8,0.22,0.22,0.22,0.22,0.12,0.22,0.22,0.22,0.22,0.12,-0.0186686375289053,4,1,1,"2) # of groups=4",3
"14008F",0.979337458466021,3,-0.420213591951131,1,-2.68368300457577,4,1.37499690642954,10,0.121859379375862,3,0.22,0.22,0.22,0.22,0.12,0.22,0.22,0.22,0.22,0.12,-0.150280565433791,4,1,1,"2) # of groups=4",3
"140091",0.313361705209487,8,-0.312054004343105,7,-0.75861359934682,11,-0.462820059033859,15,-0.295662647983278,9,0.22,0.22,0.22,0.22,0.12,0.22,0.22,0.22,0.22,0.12,-0.303907228411139,5,2,1,"3) # of groups=5",2
"140093",0.0139790468725433,6,-0.0189376068726233,3,-1.13416714307285,8,-0.566688539367835,15,-0.630874911278741,8,0.22,0.22,0.22,0.22,0.12,0.22,0.22,0.22,0.22,0.12,-0.450984122690417,5,2,1,"3) # of groups=5",2
"140095",0.153527455819019,1,0.366028834985772,3,-1.86794386460558,3,-1.02715325262767,15,-0.56594287124103,6,0.22,0.22,0.22,0.22,0.12,0.22,0.22,0.22,0.22,0.12,-0.590532126363185,4,1,1,"2) # of groups=4",2
"140100",0.153527455819019,1,0.103424420140586,3,-1.22976978784094,5,1.91746956880643,15,0.885661459424702,5,0.22,0.22,0.22,0.22,0.12,0.22,0.22,0.22,0.22,0.12,0.314102739654485,4,1,1,"2) # of groups=4",4
"140101",0.452713468793033,6,0.738623723073558,5,-0.842104118019963,8,0.908831999600237,15,0.495143370576664,9,0.22,0.22,0.22,0.22,0.12,0.22,0.22,0.22,0.22,0.12,0.33619152062751,5,2,1,"3) # of groups=5",4
"140103",0.516661899697312,3,0.758527760196397,5,-3.75587464809835,4,-1.56116155175447,5,-0.720887236055325,7,0.22,0.22,0.22,0.22,0.12,0.22,0.22,0.22,0.22,0.12,-0.975712707117643,5,2,1,"3) # of groups=5",1
"140110",-0.652764760958732,5,0.669572766312682,4,0.566777340232244,8,-0.635082620432587,15,-0.0148093210257628,9,0.22,0.22,0.22,0.22,0.12,0.22,0.22,0.22,0.22,0.12,-0.013106518989298,5,2,1,"3) # of groups=5",3
"140113",-0.267699285382276,7,-0.194081588413162,4,-0.331998062996785,8,0.370005442654704,15,0.611414517196371,7,0.22,0.22,0.22,0.22,0.12,0.22,0.22,0.22,0.22,0.12,-0.0198604266466897,5,2,1,"3) # of groups=5",3
"140114",0.253808437651438,7,0.176762801554679,6,0.705451784362426,9,-0.728292940502478,15,-0.798759548537255,10,0.22,0.22,0.22,0.22,0.12,0.22,0.22,0.22,0.22,0.12,-0.00615052754993629,5,2,1,"3) # of groups=5",3
"140115",0.975869996303748,2,0.18442710036607,2,-1.30307303500846,5,-0.412834081638459,15,-0.48441692179189,7,0.22,0.22,0.22,0.22,0.12,0.22,0.22,0.22,0.22,0.12,-0.180364235009989,3,0,0,"",NA
"140116",2.13930434324542,8,0.806976912543646,7,-0.230664540824191,11,0.455433065111981,15,0.463037904224398,10,0.22,0.22,0.22,0.22,0.12,0.22,0.22,0.22,0.22,0.12,0.753195500123836,5,2,1,"3) # of groups=5",5
"140117",0.472137359209499,8,0.0214140339355125,6,0.314931714156345,11,-0.58253209557301,10,-1.17453485486074,7,0.22,0.22,0.22,0.22,0.12,0.22,0.22,0.22,0.22,0.12,-0.0912349600030525,5,2,1,"3) # of groups=5",3
"140119",2.21510008716901,8,0.36917189710976,8,0.471157783342707,11,0.214184183266721,15,-1.16441294214984,9,0.22,0.22,0.22,0.22,0.12,0.22,0.22,0.22,0.22,0.12,0.579585516137423,5,2,1,"3) # of groups=5",5
"140120",-0.0755720007191964,6,-0.715013972412434,2,0.506205378141718,6,-0.594790943397453,15,0.635973157437412,9,0.22,0.22,0.22,0.22,0.12,0.22,0.22,0.22,0.22,0.12,-0.117100959552731,4,1,1,"2) # of groups=4",3
"140122",0.856480992653344,8,0.443051362548076,7,1.01678077523045,10,0.104391516967958,15,0.0628639127864389,8,0.22,0.22,0.22,0.22,0.12,0.22,0.22,0.22,0.22,0.12,0.540098691962335,5,2,1,"3) # of groups=5",5
"140124",0.990461958865874,6,0.196523219926028,7,-1.66372107051536,8,-1.35455999158603,15,-0.559397646062043,8,0.22,0.22,0.22,0.22,0.12,0.22,0.22,0.22,0.22,0.12,-0.470012811855533,5,2,1,"3) # of groups=5",2
"140125",-0.579025411173851,4,-0.275465175719486,3,0.026745474502485,5,-1.40997259383837,5,-0.885566225877864,7,0.22,0.22,0.22,0.22,0.12,0.22,0.22,0.22,0.22,0.12,-0.598565842475772,5,2,1,"3) # of groups=5",2
"140127",0.025450750966835,8,-0.176348602676203,7,-1.11026852397757,9,0.376062307821799,15,0.168238753418615,9,0.22,0.22,0.22,0.22,0.12,0.22,0.22,0.22,0.22,0.12,-0.174534244520097,5,2,1,"3) # of groups=5",3
"140130",2.33083983053459,7,0.0340885121277097,7,0.573854571309226,10,0.435343460337337,15,-0.534590760875758,8,0.22,0.22,0.22,0.22,0.12,0.22,0.22,0.22,0.22,0.12,0.678156911042859,5,2,1,"3) # of groups=5",5
"140133",0.414309844911384,5,0.136504358351616,5,-1.20749667072492,5,-2.41917000970074,15,0.872459483089008,7,0.22,0.22,0.22,0.22,0.12,0.22,0.22,0.22,0.22,0.12,-0.571992407005104,5,2,1,"3) # of groups=5",2
"140135",-0.021158647654052,7,0.573961980641281,6,0.14175819703504,9,-0.777508683876448,15,-0.972663261717863,10,0.22,0.22,0.22,0.22,0.12,0.22,0.22,0.22,0.22,0.12,-0.134967965254063,5,2,1,"3) # of groups=5",3
"140137",-0.463175221017171,3,NA,0,0.294803410631998,4,0.146118637524296,5,-0.114683274753372,7,0.22,0.22,0.22,0.22,0.12,0.282051282051282,NA,0.282051282051282,0.282051282051282,0.153846153846154,-0.0239201166664072,4,1,1,"2) # of groups=4",3
"140145",0.578572372302256,5,-0.712482279484521,2,0.634154436636059,6,1.15631710344344,15,0.186315548505645,9,0.22,0.22,0.22,0.22,0.12,0.22,0.22,0.22,0.22,0.12,0.386801425058069,4,1,1,"2) # of groups=4",4
"140148",0.00122551902293895,8,-0.408441745782297,8,0.00205758892189297,10,-0.386062898305115,15,-0.168971292471017,9,0.22,0.22,0.22,0.22,0.12,0.22,0.22,0.22,0.22,0.12,-0.19434529304789,5,2,1,"3) # of groups=5",3
"140150",1.15883152835493,7,-0.0589981121371153,8,-0.0456789301959741,9,-0.386259830421003,15,-0.204298265950255,8,0.22,0.22,0.22,0.22,0.12,0.22,0.22,0.22,0.22,0.12,0.122421032318154,5,2,1,"3) # of groups=5",4
"140155",-0.0742962678241229,7,0.779005656901314,3,0.266843174368641,10,-0.236529836435199,10,0.583705093623796,7,0.22,0.22,0.22,0.22,0.12,0.22,0.22,0.22,0.22,0.12,0.231749611177195,5,2,1,"3) # of groups=5",4
"140158",0.759631723658109,3,-1.51900700636265,2,-0.52737596833194,4,-1.60360159750953,15,-2.93124685903462,6,0.22,0.22,0.22,0.22,0.12,0.22,0.22,0.22,0.22,0.12,-0.987627249764277,4,1,1,"2) # of groups=4",1
"140160",-0.314618066199628,6,0.857585661278209,4,-0.542085396783141,8,0.112144522934651,15,-0.219720836271356,9,0.22,0.22,0.22,0.22,0.12,0.22,0.22,0.22,0.22,0.12,-0.0015006216819427,5,2,1,"3) # of groups=5",3
"140161",-0.720232813112989,5,0.42234180059587,3,0.507660970235779,6,0.394056316936639,15,0.424016380203325,9,0.22,0.22,0.22,0.22,0.12,0.22,0.22,0.22,0.22,0.12,0.183723746048565,5,2,1,"3) # of groups=5",4
"140162",-0.643110255066756,8,0.0310178284391647,7,-0.301978863888603,8,-0.90067760811095,15,-0.566921377719286,7,0.22,0.22,0.22,0.22,0.12,0.22,0.22,0.22,0.22,0.12,-0.467275323024286,5,2,1,"3) # of groups=5",2
"140164",-0.787027052610718,8,-0.58998175018777,6,-0.838727602328084,10,-0.568091090304488,15,-0.675806179849368,8,0.22,0.22,0.22,0.22,0.12,0.22,0.22,0.22,0.22,0.12,-0.693538790576757,5,2,1,"3) # of groups=5",1
"140166",0.1242933871097,7,-1.49669653862331,3,-0.627364115398153,9,-1.30735856074169,15,-1.19992943435144,9,0.22,0.22,0.22,0.22,0.12,0.22,0.22,0.22,0.22,0.12,-0.871559214205933,5,2,1,"3) # of groups=5",1
"140172",0.647107718856725,7,0.0234791828441227,7,-0.148746754149936,10,-0.469433697537633,15,-0.665830834906689,9,0.22,0.22,0.22,0.22,0.12,0.22,0.22,0.22,0.22,0.12,-0.0683702811858814,5,2,1,"3) # of groups=5",3
"140174",0.232486537649849,6,0.228406321481064,2,0.205307773092306,9,-0.886995675774352,10,-0.477982195845057,6,0.22,0.22,0.22,0.22,0.12,0.22,0.22,0.22,0.22,0.12,-0.105932773082656,4,1,1,"2) # of groups=4",3
"140177",0.361524069447234,3,0.861235638996099,3,-4.15710535060604,3,-2.0183419171459,5,-1.79157716469727,6,0.22,0.22,0.22,0.22,0.12,0.22,0.22,0.22,0.22,0.12,-1.30458052281157,5,2,1,"3) # of groups=5",1
"140179",0.823145964451429,7,-0.138262740419008,6,-1.70468492042915,9,-0.0793370045111195,15,-0.788794466877017,8,0.22,0.22,0.22,0.22,0.12,0.22,0.22,0.22,0.22,0.12,-0.336465850224969,5,2,1,"3) # of groups=5",2
"140180",0.645583250722589,6,0.508502680426602,4,-0.448910403097711,8,-0.543756555645135,10,-1.02703341392402,6,0.22,0.22,0.22,0.22,0.12,0.22,0.22,0.22,0.22,0.12,-0.0877318357414865,5,2,1,"3) # of groups=5",3
"140181",0.552835182206643,2,-1.32660053226217,3,-7.703688553721,2,NA,0,-0.474788644196767,5,0.22,0.22,0.22,0.22,0.12,0.282051282051282,0.282051282051282,0.282051282051282,NA,0.153846153846154,-2.46412114889032,2,1,0,"",NA
"140182",0.966919165752912,7,-0.373100055785434,7,-1.14920446956847,9,0.123790793975429,15,0.52195408514635,8,0.22,0.22,0.22,0.22,0.12,0.22,0.22,0.22,0.22,0.12,-0.0323163142200619,5,2,1,"3) # of groups=5",3
"140184",-1.06133422579357,5,-0.0960004976264252,3,-1.06730303390875,7,-0.133023304726739,10,-0.285216771681793,9,0.22,0.22,0.22,0.22,0.12,0.22,0.22,0.22,0.22,0.12,-0.552911446254022,5,2,1,"3) # of groups=5",2
"140185",1.65359057002974,8,0.37976687991501,7,0.441384661981154,11,0.731359112818042,15,-0.0144256657865618,10,0.22,0.22,0.22,0.22,0.12,0.22,0.22,0.22,0.22,0.12,0.703611189549281,5,2,1,"3) # of groups=5",5
"140186",0.2448142617554,8,0.593007233658157,6,-0.0783533102813516,10,-0.0107255421011091,15,-0.0795490403193597,10,0.22,0.22,0.22,0.22,0.12,0.22,0.22,0.22,0.22,0.12,0.155177496628518,5,2,1,"3) # of groups=5",4
"140187",-0.0437802839035274,8,0.516980669144906,7,-0.372426283290889,11,0.573357856288179,15,-0.0868524738439778,9,0.22,0.22,0.22,0.22,0.12,0.22,0.22,0.22,0.22,0.12,0.13788673395123,5,2,1,"3) # of groups=5",4
"140189",-0.637370453680682,7,-0.581991597941116,7,-0.337756313605578,10,0.568463307431447,15,0.125853558330336,10,0.22,0.22,0.22,0.22,0.12,0.22,0.22,0.22,0.22,0.12,-0.202401685715464,5,2,1,"3) # of groups=5",3
"140191",0.626219290090383,7,-0.492136192160413,7,-1.18565788663409,9,-1.39610436974374,15,-0.321100436537703,10,0.22,0.22,0.22,0.22,0.12,0.22,0.22,0.22,0.22,0.12,-0.577021467243054,5,2,1,"3) # of groups=5",2
"140197",NA,0,NA,0,-0.0611885360077681,1,-3.23136561191811,5,0.285682834060719,4,0.22,0.22,0.22,0.22,0.12,NA,NA,0.392857142857143,0.392857142857143,0.214285714285714,-1.23228566510073,2,0,0,"",NA
"140200",0.333197738823009,8,0.354853838486107,8,-0.531406873781239,11,0.189415347319238,15,-0.13475928294765,10,0.22,0.22,0.22,0.22,0.12,0.22,0.22,0.22,0.22,0.12,0.0599620972326473,5,2,1,"3) # of groups=5",3
"140202",1.21998941051672,8,0.238649777100119,7,0.406713150645474,9,-0.119052945654455,15,0.0948905132231065,9,0.22,0.22,0.22,0.22,0.12,0.22,0.22,0.22,0.22,0.12,0.395572727960502,5,2,1,"3) # of groups=5",4
"140206",0.0922069898403382,3,-0.604745628429063,4,-2.28131526195405,5,-3.26103046023609,15,0.04961662828182,7,0.22,0.22,0.22,0.22,0.12,0.22,0.22,0.22,0.22,0.12,-1.32612056397753,5,2,1,"3) # of groups=5",1
"140208",1.92316237879272,8,-0.0550355747436259,8,-1.36892121272501,11,-0.660661684808158,15,-0.89938157797298,9,0.22,0.22,0.22,0.22,0.12,0.22,0.22,0.22,0.22,0.12,-0.143446129923254,5,2,1,"3) # of groups=5",3
"140209",-0.000442773489363075,8,0.138334404430246,6,-0.553518774233028,8,-1.04317512648035,15,-0.433292203903598,9,0.22,0.22,0.22,0.22,0.12,0.22,0.22,0.22,0.22,0.12,-0.372931563818381,5,2,1,"3) # of groups=5",2
"140210",-1.07638422254113,4,0.135096052542295,1,-0.400224723431671,6,-0.402098645305332,5,-0.189723399607473,8,0.22,0.22,0.22,0.22,0.12,0.22,0.22,0.22,0.22,0.12,-0.406361346474781,4,1,1,"2) # of groups=4",2
"140211",1.35809715081041,7,0.550766412019015,7,0.556309688701454,10,0.617970140440661,15,0.200852929697536,10,0.22,0.22,0.22,0.22,0.12,0.22,0.22,0.22,0.22,0.12,0.702393897797443,5,2,1,"3) # of groups=5",5
"140213",0.413561210695662,8,0.40422157171985,8,0.856553870249846,9,0.57331633622173,15,-0.441714805505274,10,0.22,0.22,0.22,0.22,0.12,0.22,0.22,0.22,0.22,0.12,0.441477880894526,5,2,1,"3) # of groups=5",5
"140217",-0.0418272748704597,6,0.717203319756986,3,0.783672785058185,7,-1.22000104009103,10,0.601176682455887,7,0.22,0.22,0.22,0.22,0.12,0.22,0.22,0.22,0.22,0.12,0.124731715662516,5,2,1,"3) # of groups=5",4
"140223",2.11727215501788,8,-0.137824514239897,8,-0.223535822289168,11,-0.233365753194841,15,0.240322970422169,9,0.22,0.22,0.22,0.22,0.12,0.22,0.22,0.22,0.22,0.12,0.363798890815335,5,2,1,"3) # of groups=5",4
"140224",0.972129097731913,6,0.539680052860792,4,0.183367259615086,7,-0.314762891393364,10,-0.0640344062659409,7,0.22,0.22,0.22,0.22,0.12,0.22,0.22,0.22,0.22,0.12,0.296006845387261,5,2,1,"3) # of groups=5",4
"140228",0.159721883033252,8,0.649312683228391,7,-0.233616197758732,10,-0.600830586357457,15,-0.516789852942236,9,0.22,0.22,0.22,0.22,0.12,0.22,0.22,0.22,0.22,0.12,-0.0676054702810684,5,2,1,"3) # of groups=5",3
"140231",0.239818986360262,8,0.159791213143555,8,-0.395198977706386,11,-0.0689597659997879,15,-0.0972611743562387,9,0.22,0.22,0.22,0.22,0.12,0.22,0.22,0.22,0.22,0.12,-0.0258720206472672,5,2,1,"3) # of groups=5",3
"140233",-0.690067157731991,8,-0.228955449602178,7,-0.861196437189991,11,-0.347089811787232,15,-0.197512588101068,8,0.22,0.22,0.22,0.22,0.12,0.22,0.22,0.22,0.22,0.12,-0.491709458960634,5,2,1,"3) # of groups=5",2
"140239",-0.127068174664878,8,-0.255507414613312,6,0.950157506651944,10,0.0579863873764077,15,-0.826843509960249,9,0.22,0.22,0.22,0.22,0.12,0.22,0.22,0.22,0.22,0.12,0.0384038058498057,5,2,1,"3) # of groups=5",3
"140242",1.50833082355021,8,0.650037290254707,8,0.374373275058722,11,0.296979177080764,15,-0.547610285104524,9,0.22,0.22,0.22,0.22,0.12,0.22,0.22,0.22,0.22,0.12,0.556825290295226,5,2,1,"3) # of groups=5",5
"140251",0.21195203659526,6,0.596488384005411,5,-0.387123941772719,7,-1.67760875819048,5,-2.11040404026683,7,0.22,0.22,0.22,0.22,0.12,0.22,0.22,0.22,0.22,0.12,-0.529632786291776,5,2,1,"3) # of groups=5",2
"140252",0.834423200304488,8,0.541736937092882,8,0.289012152423446,11,-0.19823983977311,15,0.283151016461715,10,0.22,0.22,0.22,0.22,0.12,0.22,0.22,0.22,0.22,0.12,0.356703260985901,5,2,1,"3) # of groups=5",4
"140258",0.881713590007599,8,0.000328140790454153,7,-0.248114492062163,11,-0.931054342128204,10,-0.287782864273235,8,0.22,0.22,0.22,0.22,0.12,0.22,0.22,0.22,0.22,0.12,-0.0999019064590973,5,2,1,"3) # of groups=5",3
"140275",-0.17474108870097,6,-0.815640241670436,5,0.666530465008155,9,-0.992167958971188,15,-0.348161381295301,8,0.22,0.22,0.22,0.22,0.12,0.22,0.22,0.22,0.22,0.12,-0.331303507109013,5,2,1,"3) # of groups=5",2
"140276",0.692441472377658,8,-0.333034625172122,8,-1.00539891609069,11,-0.573316153135267,15,-1.28392321300904,9,0.22,0.22,0.22,0.22,0.12,0.22,0.22,0.22,0.22,0.12,-0.422318594405577,5,2,1,"3) # of groups=5",2
"140280",-0.089485560787765,8,0.356027791238102,7,-0.134721682146196,11,-1.08266194705209,15,-0.469235709308478,8,0.22,0.22,0.22,0.22,0.12,0.22,0.22,0.22,0.22,0.12,-0.265493392841566,5,2,1,"3) # of groups=5",3
"140281",2.55824087318275,8,0.597337641684607,8,0.170026463144616,11,0.362453923167068,15,-1.37123988048968,9,0.22,0.22,0.22,0.22,0.12,0.22,0.22,0.22,0.22,0.12,0.646824172600627,5,2,1,"3) # of groups=5",5
"140286",1.78138191400706,7,0.842225701662352,6,0.152717108996271,9,0.292625721468514,15,0.540803299726513,9,0.22,0.22,0.22,0.22,0.12,0.22,0.22,0.22,0.22,0.12,0.740065494116705,5,2,1,"3) # of groups=5",5
"140288",1.04747334314173,8,-0.165410230088307,8,-0.106937929867812,11,0.216723046391411,15,0.190362530689777,9,0.22,0.22,0.22,0.22,0.12,0.22,0.22,0.22,0.22,0.12,0.241050114189718,5,2,1,"3) # of groups=5",4
"140289",-0.854466975725387,6,0.423361165405599,8,-0.284131409015113,10,0.373229016412066,15,-0.584711241373157,9,0.22,0.22,0.22,0.22,0.12,0.22,0.22,0.22,0.22,0.12,-0.145407153607803,5,2,1,"3) # of groups=5",3
"140290",1.16707460366279,7,0.858770761261188,6,0.977260054910602,10,-1.19382083082343,10,0.330654357665702,8,0.22,0.22,0.22,0.22,0.12,0.22,0.22,0.22,0.22,0.12,0.437721132502337,5,2,1,"3) # of groups=5",5
"140291",1.39830609936869,8,0.673507732406597,7,-0.139581937577954,9,0.606347270514976,15,0.143902541825385,8,0.22,0.22,0.22,0.22,0.12,0.22,0.22,0.22,0.22,0.12,0.575755721255754,5,2,1,"3) # of groups=5",5
"140292",0.262002239594588,6,0.327850642679855,3,-0.213081170904645,6,-0.919447611730187,15,0.289036842632444,7,0.22,0.22,0.22,0.22,0.12,0.22,0.22,0.22,0.22,0.12,-0.0847042769633923,5,2,1,"3) # of groups=5",3
"140294",0.756625596102234,2,0.29059889529538,2,-0.73665422153691,5,1.20686056769963,10,-0.631984502493786,7,0.22,0.22,0.22,0.22,0.12,0.22,0.22,0.22,0.22,0.12,0.257996643964019,3,0,0,"",NA
"140300",0.395787967180062,1,-1.42400000365101,1,-1.30029735525977,1,-1.08837564116321,5,-0.500923169533207,7,0.22,0.22,0.22,0.22,0.12,0.22,0.22,0.22,0.22,0.12,-0.811825487580649,2,0,0,"",NA
"140304",0.293934599689722,6,0.105870855414393,5,-0.320475571829063,8,-0.398003385636405,15,0.615725842815418,8,0.22,0.22,0.22,0.22,0.12,0.22,0.22,0.22,0.22,0.12,0.00377893061835251,5,2,1,"3) # of groups=5",3
"140308",0.638048478541098,1,0.0733949809319144,1,-0.0382894243269355,2,1.00088243530266,5,0.331513968721462,8,0.22,0.22,0.22,0.22,0.12,0.22,0.22,0.22,0.22,0.12,0.408069699745298,2,0,0,"",NA
"14034F",2.62674801391338,3,-0.913822164834175,1,-0.42506914147596,4,0.0244103270736773,10,0.238889382991678,4,0.22,0.22,0.22,0.22,0.12,0.22,0.22,0.22,0.22,0.12,0.317365473587924,4,1,1,"2) # of groups=4",4
"141300",-0.975825919321058,2,NA,0,-0.494661309138825,2,NA,0,1.06003617536624,2,0.22,0.22,0.22,0.22,0.12,0.392857142857143,NA,0.392857142857143,NA,0.214285714285714,-0.350540802173617,0,0,0,"",NA
"141301",0.525753507957012,1,NA,0,0.14652394093509,4,1.50805186389742,5,1.16014804990574,6,0.22,0.22,0.22,0.22,0.12,0.282051282051282,NA,0.282051282051282,0.282051282051282,0.153846153846154,0.793448993336389,3,0,0,"",NA
"141302",0.395787967180062,1,-0.109511703046801,1,0.675086049911312,2,2.98684863947942,10,0.96577523757612,2,0.22,0.22,0.22,0.22,0.12,0.22,0.22,0.22,0.22,0.12,0.984499438284413,1,0,0,"",NA
"141303",NA,0,NA,0,0.716740174784724,1,NA,0,0.629025066680558,1,0.22,0.22,0.22,0.22,0.12,NA,NA,0.647058823529412,NA,0.352941176470588,0.685781901336195,0,0,0,"",NA
"141304",NA,0,NA,0,0.739639286465554,2,NA,0,1.00625015356896,5,0.22,0.22,0.22,0.22,0.12,NA,NA,0.647058823529412,NA,0.352941176470588,0.833737239560874,1,0,0,"",NA
"141305",-1.08687030146973,4,0.87831303592297,1,0.318264846925856,6,2.14977848888827,10,-0.0667865683566396,5,0.22,0.22,0.22,0.22,0.12,0.22,0.22,0.22,0.22,0.12,0.489072547256024,4,1,1,"2) # of groups=4",4
"141306",0.395787967180062,1,NA,0,0.455394368932441,1,NA,0,0.230768766883122,3,0.22,0.22,0.22,0.22,0.12,0.392857142857143,NA,0.392857142857143,NA,0.214285714285714,0.383843510662009,1,0,0,"",NA
"141307",0.0268192120776739,2,NA,0,0.823864867642919,2,1.15850667622011,5,1.66060343585707,6,0.22,0.22,0.22,0.22,0.12,0.282051282051282,NA,0.282051282051282,0.282051282051282,0.153846153846154,0.822172280268978,2,0,0,"",NA
"141308",NA,0,NA,0,NA,0,NA,0,1.59431220686522,4,0.22,0.22,0.22,0.22,0.12,NA,NA,NA,NA,1,1.59431220686522,1,0,0,"",NA
"141309",0.678502712799327,2,NA,0,-0.220026901812861,2,NA,0,-0.259292648010487,5,0.22,0.22,0.22,0.22,0.12,0.392857142857143,NA,0.392857142857143,NA,0.214285714285714,0.124552786885293,1,0,0,"",NA
"141310",-0.976233992387462,4,1.15927422234555,1,-0.332201551767905,5,0.913091007085553,15,0.526769501746495,4,0.22,0.22,0.22,0.22,0.12,0.22,0.22,0.22,0.22,0.12,0.231276870970241,4,1,1,"2) # of groups=4",3
"141311",-1.5685536600131,4,1.15927422234555,1,-0.470347536353879,6,NA,0,1.08087642943681,8,0.22,0.22,0.22,0.22,0.12,0.282051282051282,0.282051282051282,0.282051282051282,NA,0.153846153846154,-0.0818112342978169,3,1,1,"1) # of groups=3",3
"141312",-0.266010796514582,2,NA,0,0.646844748533876,5,NA,0,0.223581172454242,4,0.22,0.22,0.22,0.22,0.12,0.392857142857143,NA,0.392857142857143,NA,0.214285714285714,0.197523589533489,2,0,0,"",NA
"141313",-2.99585919187449,1,NA,0,-0.513760934682563,3,NA,0,1.11523355320713,5,0.22,0.22,0.22,0.22,0.12,0.392857142857143,NA,0.392857142857143,NA,0.214285714285714,-1.13980071688874,2,0,0,"",NA
"141315",-1.3518055993069,4,NA,0,0.772376472017439,5,NA,0,0.888171478776129,6,0.22,0.22,0.22,0.22,0.12,0.392857142857143,NA,0.392857142857143,NA,0.214285714285714,-0.0373104116974035,3,1,1,"1) # of groups=3",3
"141316",0.293608259568962,2,NA,0,1.62198300644197,3,1.36057849782658,10,-0.604910803265457,2,0.22,0.22,0.22,0.22,0.12,0.282051282051282,NA,0.282051282051282,0.282051282051282,0.153846153846154,0.830984681605638,2,0,0,"",NA
"141317",0.806284410170676,4,0.442562531401896,2,-0.293379815460693,7,1.79283539318344,15,0.471529747523433,5,0.22,0.22,0.22,0.22,0.12,0.22,0.22,0.22,0.22,0.12,0.661210123947782,4,1,1,"2) # of groups=4",4
"141318",0.00771932351212749,3,NA,0,-0.105662759908714,4,1.38479050770722,15,0.539667938617084,7,0.22,0.22,0.22,0.22,0.12,0.282051282051282,NA,0.282051282051282,0.282051282051282,0.153846153846154,0.445982702977422,4,1,1,"2) # of groups=4",4
"141319",-0.730540558018576,2,NA,0,-0.397545944514035,5,1.70589694918566,10,1.26138057315327,5,0.22,0.22,0.22,0.22,0.12,0.282051282051282,NA,0.282051282051282,0.282051282051282,0.153846153846154,0.357030726977004,3,0,0,"",NA
"141320",-1.58551379051676,3,0.713675579428008,1,-1.02811669203235,7,1.3379171989739,10,0.12575514288502,8,0.22,0.22,0.22,0.22,0.12,0.22,0.22,0.22,0.22,0.12,-0.108557677766182,4,1,1,"2) # of groups=4",3
"141321",-0.847133538786932,2,NA,0,-2.50747924246549,2,NA,0,0.136693794574382,5,0.22,0.22,0.22,0.22,0.12,0.392857142857143,NA,0.392857142857143,NA,0.214285714285714,-1.28859206522608,1,0,0,"",NA
"141322",1.04352552208786,4,-0.2259193085672,1,1.29411210178592,6,0.499949021330345,5,0.326505527696361,5,0.22,0.22,0.22,0.22,0.12,0.22,0.22,0.22,0.22,0.12,0.613747477383687,4,1,1,"2) # of groups=4",4
"141323",0.0691338378379977,3,NA,0,-1.58709404303863,5,NA,0,-1.84467060597089,4,0.22,0.22,0.22,0.22,0.12,0.392857142857143,NA,0.392857142857143,NA,0.214285714285714,-0.991628067608296,3,1,1,"1) # of groups=3",2
"141324",-1.83457101541497,4,-2.49307776028414,2,-0.27499295551194,7,NA,0,-1.55910382250552,3,0.22,0.22,0.22,0.22,0.12,0.282051282051282,0.282051282051282,0.282051282051282,NA,0.153846153846154,-1.53804312765012,3,1,1,"1) # of groups=3",1
"141325",0.189309921515087,3,NA,0,1.08665074705355,4,0.551859277372249,5,0.926133863682921,8,0.22,0.22,0.22,0.22,0.12,0.282051282051282,NA,0.282051282051282,0.282051282051282,0.153846153846154,0.658021091985828,4,1,1,"2) # of groups=4",4
"141326",-0.253239656060904,4,NA,0,-0.490526180188539,5,NA,0,0.261765093149377,5,0.22,0.22,0.22,0.22,0.12,0.392857142857143,NA,0.392857142857143,NA,0.214285714285714,-0.236101201423129,3,1,1,"1) # of groups=3",3
"141327",-4.55914911160239,3,-0.881261601259434,3,0.222177033815695,6,1.44562039710433,5,-0.515736084352631,7,0.22,0.22,0.22,0.22,0.12,0.22,0.22,0.22,0.22,0.12,-0.891863252149511,5,2,1,"3) # of groups=5",1
"141328",-1.9438882378183,3,NA,0,-0.954187296673995,3,NA,0,-1.34119636947797,4,0.22,0.22,0.22,0.22,0.12,0.392857142857143,NA,0.392857142857143,NA,0.214285714285714,-1.42592889629582,3,1,1,"1) # of groups=3",1
"141329",NA,0,NA,0,-0.297044941435646,1,NA,0,1.06121451744522,3,0.22,0.22,0.22,0.22,0.12,NA,NA,0.647058823529412,NA,0.352941176470588,0.182340749934071,1,0,0,"",NA
"141330",-0.0887330555420189,1,NA,0,-0.284090916021717,3,NA,0,1.23088146319214,3,0.22,0.22,0.22,0.22,0.12,0.392857142857143,NA,0.392857142857143,NA,0.214285714285714,0.117293753283991,2,0,0,"",NA
"141331",-0.364124941035575,2,0.0147927856022535,2,-0.0289401442137701,4,NA,0,-0.272017287159391,3,0.22,0.22,0.22,0.22,0.12,0.282051282051282,0.282051282051282,0.282051282051282,NA,0.153846153846154,-0.148541000489086,2,0,0,"",NA
"141332",-0.322629993628685,2,NA,0,-0.596224890881207,3,NA,0,0.140235781892737,5,0.22,0.22,0.22,0.22,0.12,0.392857142857143,NA,0.392857142857143,NA,0.214285714285714,-0.330928179937585,2,0,0,"",NA
"141333",0.38567270420707,2,NA,0,-0.350088590065582,2,NA,0,-0.373453798893004,4,0.22,0.22,0.22,0.22,0.12,0.392857142857143,NA,0.392857142857143,NA,0.214285714285714,-0.0660463406357734,1,0,0,"",NA
"141334",-0.815514589625137,1,-1.79082245745106,2,0.364818685631614,3,1.41694327934433,15,0.109089871362713,7,0.22,0.22,0.22,0.22,0.12,0.22,0.22,0.22,0.22,0.12,-0.16831573349853,3,0,0,"",NA
"141335",0.395787967180062,1,-0.109511703046801,1,-0.547858044891677,1,0.878112242887126,5,1.12177836862211,6,0.22,0.22,0.22,0.22,0.12,0.22,0.22,0.22,0.22,0.12,0.270250105902969,2,0,0,"",NA
"141336",-0.222522953290977,5,0.6920295421473,2,-0.245114332100549,6,0.953688936120005,15,-0.154809226056947,5,0.22,0.22,0.22,0.22,0.12,0.22,0.22,0.22,0.22,0.12,0.240600755305838,4,1,1,"2) # of groups=4",3
"141337",-0.863228149349985,4,NA,0,-0.409719094695542,6,0.122333004292393,15,0.510253392352288,7,0.22,0.22,0.22,0.22,0.12,0.282051282051282,NA,0.282051282051282,0.282051282051282,0.153846153846154,-0.246031699568481,4,1,1,"2) # of groups=4",2
"141338",-2.95053794610539,2,NA,0,0.226397712392408,3,NA,0,0.0775551275896272,6,0.22,0.22,0.22,0.22,0.12,0.392857142857143,NA,0.392857142857143,NA,0.214285714285714,-1.05357899304661,2,0,0,"",NA
"141339",-1.96047825364725,4,-0.211955664102354,1,-0.151773191913698,6,1.52664788632288,15,-0.101926547902033,5,0.22,0.22,0.22,0.22,0.12,0.22,0.22,0.22,0.22,0.12,-0.187694214883137,4,1,1,"2) # of groups=4",2
"141340",-1.07762874216555,3,1.15927422234555,1,0.692786537869681,6,0.573571497751949,5,1.05569534635674,7,0.22,0.22,0.22,0.22,0.12,0.22,0.22,0.22,0.22,0.12,0.423244215039167,4,1,1,"2) # of groups=4",4
"141341",-0.0182043650592278,3,NA,0,1.30556001889455,3,NA,0,0.37166910462646,4,0.22,0.22,0.22,0.22,0.12,0.392857142857143,NA,0.392857142857143,NA,0.214285714285714,0.585390243569546,3,1,1,"1) # of groups=3",4
"141342",-2.12412984253056,2,NA,0,-1.38105810982583,3,NA,0,0.0616983964833084,7,0.22,0.22,0.22,0.22,0.12,0.392857142857143,NA,0.392857142857143,NA,0.214285714285714,-1.3638170391793,2,0,0,"",NA
"141343",0.11449910253957,4,-1.59124881150146,1,1.23854118751645,4,1.55074366180645,15,0.836818558186767,7,0.22,0.22,0.22,0.22,0.12,0.22,0.22,0.22,0.22,0.12,0.389175957861834,4,1,1,"2) # of groups=4",4
"141344",-0.491304896598979,2,NA,0,1.22641497889137,2,NA,0,0.041830018584101,4,0.22,0.22,0.22,0.22,0.12,0.392857142857143,NA,0.392857142857143,NA,0.214285714285714,0.297756822025747,1,0,0,"",NA
"141345",-0.0515250730912226,3,1.16593449887969,1,-0.220483412503642,3,NA,0,0.011943102328749,5,0.22,0.22,0.22,0.22,0.12,0.282051282051282,0.282051282051282,0.282051282051282,NA,0.153846153846154,0.253970378464246,3,1,1,"1) # of groups=3",4
"141346",-2.11959256761839,2,NA,0,0.738021377095931,2,0.472371603039173,5,1.28571754846731,2,0.22,0.22,0.22,0.22,0.12,0.282051282051282,NA,0.282051282051282,0.282051282051282,0.153846153846154,-0.0586382095259561,1,0,0,"",NA
"141347",0.49627933855432,3,-3.7782704604241,1,0.648047895242485,3,NA,0,-0.765361475854647,4,0.22,0.22,0.22,0.22,0.12,0.282051282051282,0.282051282051282,0.282051282051282,NA,0.153846153846154,-0.860654983282773,3,1,1,"1) # of groups=3",2
"141348",1.1321072938875,3,-0.570283917474807,2,-0.362517773247596,4,1.20080590735539,10,0.837209333853888,7,0.22,0.22,0.22,0.22,0.12,0.22,0.22,0.22,0.22,0.12,0.408489652376974,4,1,1,"2) # of groups=4",4
"141349",-0.552197238519261,3,NA,0,0.881156609861247,4,-1.12347132612952,5,0.824778873845651,4,0.22,0.22,0.22,0.22,0.12,0.282051282051282,NA,0.282051282051282,0.282051282051282,0.153846153846154,-0.0972040579381787,4,1,1,"2) # of groups=4",3
"141350",-0.474050279331693,4,NA,0,-0.84018192944162,7,0.798012115378682,5,-0.118794821442521,6,0.22,0.22,0.22,0.22,0.12,0.282051282051282,NA,0.282051282051282,0.282051282051282,0.153846153846154,-0.163876665538361,4,1,1,"2) # of groups=4",2
"141351",-0.605902962657705,3,NA,0,-1.17488702280128,4,NA,0,2.04225884785503,5,0.22,0.22,0.22,0.22,0.12,0.392857142857143,NA,0.392857142857143,NA,0.214285714285714,-0.261969169747095,3,1,1,"1) # of groups=3",3
"141352",NA,0,NA,0,-0.568860412867246,2,-0.442959814395663,5,-0.877919215353027,6,0.22,0.22,0.22,0.22,0.12,NA,NA,0.392857142857143,0.392857142857143,0.214285714285714,-0.585626349714649,2,0,0,"",NA
"141353",-0.330993566903058,1,NA,0,0.957020575844511,1,NA,0,0.142388096136899,6,0.22,0.22,0.22,0.22,0.12,0.392857142857143,NA,0.392857142857143,NA,0.214285714285714,0.276450916970621,1,0,0,"",NA
"141354",-1.7845566350693,1,NA,0,-1.80192356217183,1,NA,0,0.204636958151652,4,0.22,0.22,0.22,0.22,0.12,0.392857142857143,NA,0.392857142857143,NA,0.214285714285714,-1.36512358645509,1,0,0,"",NA
"141355",-1.14625632129971,5,NA,0,0.0491885540968267,4,-0.21074307528706,10,0.610107645861552,7,0.22,0.22,0.22,0.22,0.12,0.282051282051282,NA,0.282051282051282,0.282051282051282,0.153846153846154,-0.275007010056925,4,1,1,"2) # of groups=4",2
"150001",0.341961376621966,5,0.410948304706951,3,0.602778981250056,6,0.82507082159602,15,0.413528951656179,9,0.22,0.22,0.22,0.22,0.12,0.22,0.22,0.22,0.22,0.12,0.52939056071724,5,2,1,"3) # of groups=5",5
"150002",-0.0254534040994036,7,-0.862566367162883,7,-2.2064114996334,9,-1.43096797605404,15,0.492335187953704,9,0.22,0.22,0.22,0.22,0.12,0.22,0.22,0.22,0.22,0.12,-0.936507611774495,5,2,1,"3) # of groups=5",1
"150005",0.0662536627575186,6,0.260619093332514,7,0.66983967488546,10,1.09304904126456,15,0.575684724901768,10,0.22,0.22,0.22,0.22,0.12,0.22,0.22,0.22,0.22,0.12,0.528829690881024,5,2,1,"3) # of groups=5",5
"150006",-1.01919228608552,7,0.323905528652057,3,-0.677110605897751,9,0.0946133596273567,15,0.105038793606594,9,0.22,0.22,0.22,0.22,0.12,0.22,0.22,0.22,0.22,0.12,-0.268507825582057,5,2,1,"3) # of groups=5",3
"150007",-1.15896191164931,6,0.585508480708381,7,0.798996866023328,10,0.324053084289072,15,0.00523781554644991,9,0.22,0.22,0.22,0.22,0.12,0.22,0.22,0.22,0.22,0.12,0.121539772127298,5,2,1,"3) # of groups=5",4
"150008",0.749511736532666,6,-0.355411078755656,6,-0.0768371197409585,8,-0.0348320864516799,15,0.463941682676751,7,0.22,0.22,0.22,0.22,0.12,0.22,0.22,0.22,0.22,0.12,0.117807921269772,5,2,1,"3) # of groups=5",4
"150009",0.157818835761223,7,0.528054922066726,7,0.328538222242571,7,-1.47918588032998,15,-0.251630246855495,8,0.22,0.22,0.22,0.22,0.12,0.22,0.22,0.22,0.22,0.12,-0.132445887679741,5,2,1,"3) # of groups=5",3
"150010",-0.0193150468421553,5,-0.00800352516338218,3,0.47934066244068,9,-0.206639329666481,10,0.248989987582207,7,0.22,0.22,0.22,0.22,0.12,0.22,0.22,0.22,0.22,0.12,0.0838630058789704,5,2,1,"3) # of groups=5",4
"150011",-0.648916410939818,6,0.0374151830767483,3,0.551994230619735,8,-0.256129521032268,15,0.141734229417974,9,0.22,0.22,0.22,0.22,0.12,0.22,0.22,0.22,0.22,0.12,-0.0524319264904757,5,2,1,"3) # of groups=5",3
"150012",-0.956298905323571,8,0.261220177110542,7,-0.0356313156678935,10,-0.643279755321053,15,-1.11323493443181,10,0.22,0.22,0.22,0.22,0.12,0.22,0.22,0.22,0.22,0.12,-0.435865947956252,5,2,1,"3) # of groups=5",2
"150015",0.173671432802114,7,-0.0543684331875619,7,-0.362266787703546,10,-0.00568254130892676,15,-0.163835136228789,9,0.22,0.22,0.22,0.22,0.12,0.22,0.22,0.22,0.22,0.12,-0.0743624088149972,5,2,1,"3) # of groups=5",3
"150017",-0.793786830034599,8,0.72686443342984,6,0.435190552807385,8,-0.912635890623922,15,-0.599881637357394,8,0.22,0.22,0.22,0.22,0.12,0.22,0.22,0.22,0.22,0.12,-0.191746698055572,5,2,1,"3) # of groups=5",3
"150018",0.673654772305944,8,-0.140703254143635,8,0.57866956089296,11,-0.281469122081793,15,0.493376402213899,9,0.22,0.22,0.22,0.22,0.12,0.22,0.22,0.22,0.22,0.12,0.241838598799833,5,2,1,"3) # of groups=5",4
"150021",-0.47791234285525,8,0.0482247648601578,7,-0.808593948856228,10,0.338302864584623,15,0.555404711634613,10,0.22,0.22,0.22,0.22,0.12,0.22,0.22,0.22,0.22,0.12,-0.13134674030252,5,2,1,"3) # of groups=5",3
"150022",0.623783568294461,5,0.678035673249115,2,1.01246811268627,5,0.919342572342391,15,0.807304774746938,9,0.22,0.22,0.22,0.22,0.12,0.22,0.22,0.22,0.22,0.12,0.808275156815525,4,1,1,"2) # of groups=4",5
"150023",-0.315391049313165,8,0.50702042463648,7,0.0229908780157215,11,-0.161628154264208,15,-0.00671236184652435,10,0.22,0.22,0.22,0.22,0.12,0.22,0.22,0.22,0.22,0.12,0.0108527783748794,5,2,1,"3) # of groups=5",3
"150024",0.761616395182085,7,-0.347079086750934,6,-0.459572153943159,8,-0.360194445309572,15,-0.401565602822347,8,0.22,0.22,0.22,0.22,0.12,0.22,0.22,0.22,0.22,0.12,-0.137338316319429,5,2,1,"3) # of groups=5",3
"150026",-1.55115297743601,6,-0.0923917238854143,5,0.39610832448041,9,0.562398521112613,15,0.135076210499907,9,0.22,0.22,0.22,0.22,0.12,0.22,0.22,0.22,0.22,0.12,-0.134499183000259,5,2,1,"3) # of groups=5",3
"150030",-1.41504322589711,5,0.530904119052869,3,0.494374933291545,7,1.00359759504754,15,0.864123598293672,8,0.22,0.22,0.22,0.22,0.12,0.22,0.22,0.22,0.22,0.12,0.238738184524106,5,2,1,"3) # of groups=5",4
"150034",-0.470077237626076,8,0.201596604809967,8,-0.123882622749905,9,0.374986456216906,15,0.279806057713077,10,0.22,0.22,0.22,0.22,0.12,0.22,0.22,0.22,0.22,0.12,0.0297538310687655,5,2,1,"3) # of groups=5",3
"150035",-0.409419798643769,8,0.50900789437718,8,-0.13940661183331,11,-1.01973584767584,15,-0.366208435639225,10,0.22,0.22,0.22,0.22,0.12,0.22,0.22,0.22,0.22,0.12,-0.27704697230737,5,2,1,"3) # of groups=5",2
"150037",-0.628600347254536,6,0.312041110374794,3,-0.283501969702342,9,1.27993929622425,15,0.775047283081045,9,0.22,0.22,0.22,0.22,0.12,0.22,0.22,0.22,0.22,0.12,0.242578853691002,5,2,1,"3) # of groups=5",4
"15003F",1.06168379364322,5,-0.812847510115877,4,-0.362962031224822,6,0.0821965530681014,10,-0.147336831897234,5,0.22,0.22,0.22,0.22,0.12,0.22,0.22,0.22,0.22,0.12,-0.0247048426461312,5,2,1,"3) # of groups=5",3
"150042",-0.549455035051819,7,-0.857434142698098,5,-0.26209598146287,10,0.109792817874271,15,0.553392037672257,10,0.22,0.22,0.22,0.22,0.12,0.22,0.22,0.22,0.22,0.12,-0.276615270573803,5,2,1,"3) # of groups=5",2
"150044",-0.110131605219881,8,-0.402486600546938,6,0.348452151030272,9,-0.509450590644033,15,0.155011330878861,9,0.22,0.22,0.22,0.22,0.12,0.22,0.22,0.22,0.22,0.12,-0.129594302278264,5,2,1,"3) # of groups=5",3
"150045",0.152575002951929,3,-1.68600933464937,2,-0.0899855395152728,6,0.364419238666257,15,1.20446625848468,8,0.22,0.22,0.22,0.22,0.12,0.22,0.22,0.22,0.22,0.12,-0.132444188142059,4,1,1,"2) # of groups=4",3
"150046",0.00138819888754181,8,0.283075660832191,4,-0.619060191971439,10,-0.632561455036606,15,-0.716066225692651,7,0.22,0.22,0.22,0.22,0.12,0.22,0.22,0.22,0.22,0.12,-0.298702660286547,5,2,1,"3) # of groups=5",2
"150047",0.496276409021891,3,0.708886209054306,2,-0.412763177343021,4,0.278982736812043,15,0.741652404901856,9,0.22,0.22,0.22,0.22,0.12,0.22,0.22,0.22,0.22,0.12,0.324702367648171,4,1,1,"2) # of groups=4",4
"150048",-0.619781570348046,8,0.0635964112668607,7,-0.476762384879356,11,-0.489781225257618,15,-0.0863268904006803,10,0.22,0.22,0.22,0.22,0.12,0.22,0.22,0.22,0.22,0.12,-0.345359556076077,5,2,1,"3) # of groups=5",2
"15004F",1.25630290200396,3,NA,0,2.46480362589194,4,1.29963108663309,10,0.840174128214848,3,0.22,0.22,0.22,0.22,0.12,0.282051282051282,NA,0.282051282051282,0.282051282051282,0.153846153846154,1.5453630392079,4,1,1,"2) # of groups=4",5
"150051",-0.00963513682182269,8,0.0730712827179648,8,0.713238943372851,11,-0.919878345224425,15,-0.125286504411576,9,0.22,0.22,0.22,0.22,0.12,0.22,0.22,0.22,0.22,0.12,-0.0465390968395841,5,2,1,"3) # of groups=5",3
"150056",0.745386818057044,8,0.00416313467328573,8,0.208220704685626,11,-0.699558646829528,15,-0.90488642539035,10,0.22,0.22,0.22,0.22,0.12,0.22,0.22,0.22,0.22,0.12,-0.0517797287178279,5,2,1,"3) # of groups=5",3
"150057",0.957102125051911,4,0.242057379598323,4,0.837749603331159,8,0.34381914662459,15,0.495767114121518,8,0.22,0.22,0.22,0.22,0.12,0.22,0.22,0.22,0.22,0.12,0.583252269707898,5,2,1,"3) # of groups=5",5
"150058",-0.988744624056733,8,-0.812095308813522,7,0.150074976450133,11,-0.365781435725989,15,-0.246953848369722,10,0.22,0.22,0.22,0.22,0.12,0.22,0.22,0.22,0.22,0.12,-0.473274668076511,5,2,1,"3) # of groups=5",2
"150059",0.548258556116901,6,0.32108105919934,5,-0.164733605554452,9,0.541449488071985,15,0.0920701445845941,9,0.22,0.22,0.22,0.22,0.12,0.22,0.22,0.22,0.22,0.12,0.285180626873582,5,2,1,"3) # of groups=5",4
"150061",-1.52164669631669,3,0.770587280664686,2,0.291251457329258,8,-0.205030321963613,15,0.0162293085917521,7,0.22,0.22,0.22,0.22,0.12,0.22,0.22,0.22,0.22,0.12,-0.144316904631989,4,1,1,"2) # of groups=4",3
"150065",-0.275978013306164,5,0.0103997126148211,3,1.41569906249093,8,0.640514898695491,15,0.0906765755006763,10,0.22,0.22,0.22,0.22,0.12,0.22,0.22,0.22,0.22,0.12,0.404821034368998,5,2,1,"3) # of groups=5",4
"150069",-0.893677935247356,5,-0.056936044658079,4,-0.902504022237328,8,0.597693503025451,15,-0.345983105474626,9,0.22,0.22,0.22,0.22,0.12,0.22,0.22,0.22,0.22,0.12,-0.317711362462764,5,2,1,"3) # of groups=5",2
"150072",-0.269783767351465,4,-0.0932277218806426,2,1.51588357794534,8,0.264130451429074,15,-0.349305986145389,9,0.22,0.22,0.22,0.22,0.12,0.22,0.22,0.22,0.22,0.12,0.269823840493861,4,1,1,"2) # of groups=4",4
"150074",-0.900683696022462,8,0.421439674711311,7,0.350848717820858,11,0.477058712635698,15,-0.45321178872388,10,0.22,0.22,0.22,0.22,0.12,0.22,0.22,0.22,0.22,0.12,0.0223205353651235,5,2,1,"3) # of groups=5",3
"150075",-0.668800527837919,3,0.616334601638735,2,0.429688807155162,5,0.628569733514607,15,1.01171230081701,7,0.22,0.22,0.22,0.22,0.12,0.22,0.22,0.22,0.22,0.12,0.34267985128157,4,1,1,"2) # of groups=4",4
"150076",0.156893615356166,4,0.258498195763056,1,0.832687097615944,8,0.347809258226067,15,0.186017102661748,9,0.22,0.22,0.22,0.22,0.12,0.22,0.22,0.22,0.22,0.12,0.373417449050881,4,1,1,"2) # of groups=4",4
"150082",-0.701764157899928,8,0.0610138172374553,7,-0.901514570757134,11,-0.324526946518881,15,-0.14373606652641,9,0.22,0.22,0.22,0.22,0.12,0.22,0.22,0.22,0.22,0.12,-0.427942536729637,5,2,1,"3) # of groups=5",2
"150084",-0.302009760600952,8,-0.0970198981330583,7,0.0177337625746052,11,-1.43602316329541,10,0.76180069136,7,0.22,0.22,0.22,0.22,0.12,0.22,0.22,0.22,0.22,0.12,-0.308394110116859,5,2,1,"3) # of groups=5",2
"150086",1.30111790399871,6,-0.0377035852073383,5,0.303619034215205,7,0.92217164119124,15,-0.0485063385879652,9,0.22,0.22,0.22,0.22,0.12,0.22,0.22,0.22,0.22,0.12,0.541804338092964,5,2,1,"3) # of groups=5",5
"150088",-0.281296702827188,5,0.210456706229209,3,-1.09885526301563,9,-0.549896345251835,10,0.0333450460941336,7,0.22,0.22,0.22,0.22,0.12,0.22,0.22,0.22,0.22,0.12,-0.374308747539102,5,2,1,"3) # of groups=5",2
"150089",0.519645539327676,8,0.475066881692055,7,-0.720390895177006,11,-0.540655419900008,15,-0.582437422976004,9,0.22,0.22,0.22,0.22,0.12,0.22,0.22,0.22,0.22,0.12,-0.128485947449723,5,2,1,"3) # of groups=5",3
"150090",0.190067461972293,7,-0.448120534549501,7,-0.445751210579352,6,-0.620001535649849,15,-0.498576413273891,8,0.22,0.22,0.22,0.22,0.12,0.22,0.22,0.22,0.22,0.12,-0.351066449730277,5,2,1,"3) # of groups=5",2
"150091",0.491395127930841,4,0.647185137443925,2,-0.219415386425559,6,0.576825698562895,15,1.35150506310362,8,0.22,0.22,0.22,0.22,0.12,0.22,0.22,0.22,0.22,0.12,0.491298534625097,4,1,1,"2) # of groups=4",4
"150097",1.05404233040129,5,-0.36007636704028,2,0.408678500072717,8,0.7925019520633,15,1.19372365412223,8,0.22,0.22,0.22,0.22,0.12,0.22,0.22,0.22,0.22,0.12,0.560179049904014,4,1,1,"2) # of groups=4",4
"150100",-0.694511222890065,8,0.991023735844772,7,0.93485877949233,11,-0.468584105344072,10,-0.37056187349862,7,0.22,0.22,0.22,0.22,0.12,0.22,0.22,0.22,0.22,0.12,0.123345756342818,5,2,1,"3) # of groups=5",4
"150101",0.0926162237748495,5,-0.0691498236026912,2,1.33259505152114,4,0.675768453721522,15,1.63980491787884,8,0.22,0.22,0.22,0.22,0.12,0.22,0.22,0.22,0.22,0.12,0.643779169336721,4,1,1,"2) # of groups=4",4
"150102",0.428886130609763,4,NA,0,-2.74968402007811,5,-1.63818566820594,5,-0.0571717142715033,7,0.22,0.22,0.22,0.22,0.12,0.282051282051282,NA,0.282051282051282,0.282051282051282,0.153846153846154,-1.12543203641144,4,1,1,"2) # of groups=4",1
"150104",-0.286952925553954,6,0.360764176483393,3,0.674115204776692,9,-0.335750879796037,15,0.80567744462552,8,0.22,0.22,0.22,0.22,0.12,0.22,0.22,0.22,0.22,0.12,0.187359920055283,5,2,1,"3) # of groups=5",4
"150109",-0.563249273225829,8,0.0139195747973046,7,0.164546848901231,11,0.479057471663855,15,0.0604410864221175,9,0.22,0.22,0.22,0.22,0.12,0.22,0.22,0.22,0.22,0.12,0.0279933472406977,5,2,1,"3) # of groups=5",3
"150112",0.191711809092815,8,0.38197500365816,7,0.173050217073181,11,0.155030473064309,15,0.570821209804826,9,0.22,0.22,0.22,0.22,0.12,0.22,0.22,0.22,0.22,0.12,0.266887395812041,5,2,1,"3) # of groups=5",4
"150113",-0.91039557903921,6,-0.000164953296044727,7,0.595962480396641,9,0.132894923757161,15,-0.207319948003387,9,0.22,0.22,0.22,0.22,0.12,0.22,0.22,0.22,0.22,0.12,-0.064853081960326,5,2,1,"3) # of groups=5",3
"150115",-1.27950915750228,6,0.566566207948262,3,0.818554781582778,10,1.25015222071436,15,-0.32258827066944,8,0.22,0.22,0.22,0.22,0.12,0.22,0.22,0.22,0.22,0.12,0.259557499123154,5,2,1,"3) # of groups=5",4
"150125",0.450306598157955,8,-0.575700616596582,8,0.0573969021270063,11,0.062351561724805,15,0.421228857904849,9,0.22,0.22,0.22,0.22,0.12,0.22,0.22,0.22,0.22,0.12,0.0493054409394824,5,2,1,"3) # of groups=5",3
"150126",-0.59467453060854,8,-0.265802622159592,7,0.128165070716037,9,-0.197513715261737,15,0.251903813576034,9,0.22,0.22,0.22,0.22,0.12,0.22,0.22,0.22,0.22,0.12,-0.174333217779919,5,2,1,"3) # of groups=5",3
"150128",-0.647272712998215,7,0.492375983158526,8,-0.785058624174999,8,0.280866716890617,15,-0.764165753495243,9,0.22,0.22,0.22,0.22,0.12,0.22,0.22,0.22,0.22,0.12,-0.236699390586725,5,2,1,"3) # of groups=5",3
"150133",-0.176804475248916,6,0.40992673622207,3,0.0213727892368738,8,-0.0330910110946186,15,0.705083295338441,9,0.22,0.22,0.22,0.22,0.12,0.22,0.22,0.22,0.22,0.12,0.133318884046003,5,2,1,"3) # of groups=5",4
"150146",0.0873239277648667,5,0.647185137443925,2,-0.870310692367586,5,0.380899423829899,15,1.12907816592424,7,0.22,0.22,0.22,0.22,0.12,0.22,0.22,0.22,0.22,0.12,0.189410895178552,4,1,1,"2) # of groups=4",3
"150149",NA,0,0.16436971193528,4,0.673807309556382,1,0.897816311723686,15,2.18248131597269,4,0.22,0.22,0.22,0.22,0.12,NA,0.282051282051282,0.282051282051282,0.282051282051282,0.153846153846154,0.825405501569358,3,1,1,"1) # of groups=3",5
"150150",0.685161101864852,4,0.647554538026584,6,-0.42015026531962,6,-0.132560562116135,15,-0.0730311753730967,8,0.22,0.22,0.22,0.22,0.12,0.22,0.22,0.22,0.22,0.12,0.162837317695478,5,2,1,"3) # of groups=5",4
"150153",0.975914034138531,5,-0.119843827906973,3,1.10115707481252,5,0.860703496191082,10,0.793630410797048,4,0.22,0.22,0.22,0.22,0.12,0.22,0.22,0.22,0.22,0.12,0.715180420287381,5,2,1,"3) # of groups=5",5
"150157",0.425789332952462,5,-0.511105429864349,2,0.0370558634274485,6,-0.511027633122461,10,0.343645300699462,6,0.22,0.22,0.22,0.22,0.12,0.22,0.22,0.22,0.22,0.12,-0.0818058945695825,4,1,1,"2) # of groups=4",3
"150158",1.15405418964758,7,0.345370586345013,7,0.326573363619091,10,-0.204507862949609,15,-0.381854011276246,10,0.22,0.22,0.22,0.22,0.12,0.22,0.22,0.22,0.22,0.12,0.310905379512507,5,2,1,"3) # of groups=5",4
"150160",1.12256950126318,1,0.969462581310487,2,3.18341927847193,3,1.60730129536393,15,0.973354163114329,3,0.22,0.22,0.22,0.22,0.12,0.22,0.22,0.22,0.22,0.12,1.63100808398382,3,0,0,"",NA
"150161",0.876277432429516,7,0.000354389783241901,7,0.712155929495751,8,-0.233027976148771,15,0.116268423824438,8,0.22,0.22,0.22,0.22,0.12,0.22,0.22,0.22,0.22,0.12,0.312219361482075,5,2,1,"3) # of groups=5",4
"150162",0.48658892686444,8,-0.565508994111061,7,0.307536964251665,10,0.145784025815515,15,-0.0706967553151458,9,0.22,0.22,0.22,0.22,0.12,0.22,0.22,0.22,0.22,0.12,0.0738845923827055,5,2,1,"3) # of groups=5",4
"150165",0.299633099180416,6,-0.305856778414566,6,-0.0147523089088205,7,0.445606656971488,15,-0.69278663452887,9,0.22,0.22,0.22,0.22,0.12,0.22,0.22,0.22,0.22,0.12,0.0102843509988094,5,2,1,"3) # of groups=5",3
"150166",0.638048478541098,1,0.650572445789574,2,-0.013618235682445,4,1.21029929446418,15,-1.81155817562938,2,0.22,0.22,0.22,0.22,0.12,0.22,0.22,0.22,0.22,0.12,0.329379455209204,2,0,0,"",NA
"150167",0.395787967180062,1,0.813807840256482,1,2.44760614314342,2,0.981113090063061,15,-3.65481015076015,2,0.22,0.22,0.22,0.22,0.12,0.22,0.22,0.22,0.22,0.12,0.581852090850248,1,0,0,"",NA
"150168",0.638048478541098,1,0.28006221952545,2,1.92989193226146,3,0.854793405055692,15,-2.04594742689233,3,0.22,0.22,0.22,0.22,0.12,0.22,0.22,0.22,0.22,0.12,0.569101436557334,3,0,0,"",NA
"150169",-0.863136699939809,6,-0.00632627637416184,8,0.583165563340725,9,0.0774223870313196,15,-0.290962141159621,8,0.22,0.22,0.22,0.22,0.12,0.22,0.22,0.22,0.22,0.12,-0.0808679626463783,5,2,1,"3) # of groups=5",3
"150172",0.395787967180062,1,0.505302482204579,1,-1.16408313188906,3,0.677334664133793,5,-0.449704534407557,2,0.22,0.22,0.22,0.22,0.12,0.22,0.22,0.22,0.22,0.12,0.0371906918295554,2,0,0,"",NA
"150173",0.639910362122175,8,0.205946727735512,7,0.406785742690219,11,0.0299741413409708,15,0.302113586977925,9,0.22,0.22,0.22,0.22,0.12,0.22,0.22,0.22,0.22,0.12,0.318429364692904,5,2,1,"3) # of groups=5",4
"150177",0.395787967180062,1,0.156811974605609,2,-0.309157073623348,5,1.39624808912078,15,2.20636805249024,2,0.22,0.22,0.22,0.22,0.12,0.22,0.22,0.22,0.22,0.12,0.625496176901111,2,0,0,"",NA
"150179",NA,0,1.15927422234555,1,NA,0,NA,0,0.906935743663683,1,0.22,0.22,0.22,0.22,0.12,NA,0.647058823529412,NA,NA,0.352941176470588,1.07021358281077,0,0,0,"",NA
"150181",-0.20213544372264,3,0.32144943110057,2,0.00793555568850759,6,NA,0,1.10782182712598,5,0.22,0.22,0.22,0.22,0.12,0.282051282051282,0.282051282051282,0.282051282051282,NA,0.153846153846154,0.206325024012479,3,1,1,"1) # of groups=3",4
"150183",0.553285594537894,4,-0.381543905667663,2,0.494063208978719,6,0.539403529209288,15,1.38613473097678,6,0.22,0.22,0.22,0.22,0.12,0.22,0.22,0.22,0.22,0.12,0.431482021670026,4,1,1,"2) # of groups=4",4
"150193",0.638048478541098,1,0.443601410594198,1,2.57301269487143,2,2.07268186566889,15,-1.69223962243961,2,0.22,0.22,0.22,0.22,0.12,0.22,0.22,0.22,0.22,0.12,1.05694702423588,1,0,0,"",NA
"150195",NA,0,NA,0,NA,0,NA,0,-0.0950365795114388,1,0.22,0.22,0.22,0.22,0.12,NA,NA,NA,NA,1,-0.0950365795114388,0,0,0,"",NA
"151300",-0.815514589625137,1,NA,0,0.447916019918371,2,1.47687131416813,15,1.11456013733857,2,0.22,0.22,0.22,0.22,0.12,0.282051282051282,NA,0.282051282051282,0.282051282051282,0.153846153846154,0.484342590079652,1,0,0,"",NA
"151301",-0.330993566903058,1,NA,0,0.278923242644645,2,NA,0,0.756785549236688,5,0.22,0.22,0.22,0.22,0.12,0.392857142857143,NA,0.392857142857143,NA,0.214285714285714,0.141712133163485,1,0,0,"",NA
"151303",-1.24030109342086,1,NA,0,-0.911425934111112,3,NA,0,0.985058343334313,4,0.22,0.22,0.22,0.22,0.12,0.392857142857143,NA,0.392857142857143,NA,0.214285714285714,-0.634237401530208,2,0,0,"",NA
"151304",-1.29469688901428,2,NA,0,1.03878587261934,5,NA,0,0.883495962866821,6,0.22,0.22,0.22,0.22,0.12,0.392857142857143,NA,0.392857142857143,NA,0.214285714285714,0.088784092744878,2,0,0,"",NA
"151305",0.0743638593674498,2,NA,0,0.844396515647559,2,NA,0,1.1858088907781,7,0.22,0.22,0.22,0.22,0.12,0.392857142857143,NA,0.392857142857143,NA,0.214285714285714,0.615043481065489,1,0,0,"",NA
"151306",1.14000762436188,2,NA,0,0.117850828196883,3,NA,0,0.519155418532686,6,0.22,0.22,0.22,0.22,0.12,0.392857142857143,NA,0.392857142857143,NA,0.214285714285714,0.605406267476518,2,0,0,"",NA
"151307",-1.38227507115125,4,NA,0,-0.614414699581013,5,NA,0,1.48741191894844,5,0.22,0.22,0.22,0.22,0.12,0.392857142857143,NA,0.392857142857143,NA,0.214285714285714,-0.465682713013009,3,1,1,"1) # of groups=3",2
"151308",NA,0,NA,0,0.238013079553492,2,NA,0,1.63435091175519,5,0.22,0.22,0.22,0.22,0.12,NA,NA,0.647058823529412,NA,0.352941176470588,0.73083819680115,1,0,0,"",NA
"151309",-0.330993566903058,1,NA,0,-0.0409654867814926,2,NA,0,-0.0124711469726217,5,0.22,0.22,0.22,0.22,0.12,0.392857142857143,NA,0.392857142857143,NA,0.214285714285714,-0.14879915972735,1,0,0,"",NA
"151310",-0.515559043465597,3,-1.82336023534562,1,0.524331449864193,5,0.937489877607124,15,0.950920101528266,8,0.22,0.22,0.22,0.22,0.12,0.22,0.22,0.22,0.22,0.12,-0.0788511371113861,4,1,1,"2) # of groups=4",3
"151311",-0.353351511889102,3,NA,0,-0.248949531736381,5,NA,0,0.808713079598479,7,0.22,0.22,0.22,0.22,0.12,0.392857142857143,NA,0.392857142857143,NA,0.214285714285714,-0.0633226072246229,3,1,1,"1) # of groups=3",3
"151312",0.996348455757971,4,NA,0,0.571563668581078,7,NA,0,0.626845314380025,8,0.22,0.22,0.22,0.22,0.12,0.392857142857143,NA,0.392857142857143,NA,0.214285714285714,0.750289473357489,3,1,1,"1) # of groups=3",5
"151313",0.216997801236775,2,-1.49344017958734,3,0.128805038700456,4,1.01655573135864,10,0.572822598611234,3,0.22,0.22,0.22,0.22,0.12,0.22,0.22,0.22,0.22,0.12,0.0399007580092249,4,1,1,"2) # of groups=4",3
"151314",NA,0,NA,0,-0.191861438933909,2,NA,0,0.322294205558536,5,0.22,0.22,0.22,0.22,0.12,NA,NA,0.647058823529412,NA,0.352941176470588,-0.0103947408777519,1,0,0,"",NA
"151315",0.121889784271657,3,-1.22850898114317,1,-0.0020273789230367,6,1.09796770781313,15,0.701577353026332,7,0.22,0.22,0.22,0.22,0.12,0.22,0.22,0.22,0.22,0.12,0.0818399314072475,4,1,1,"2) # of groups=4",3
"151316",0.535868770930001,2,NA,0,1.42595969639438,3,NA,0,0.694982258954244,7,0.22,0.22,0.22,0.22,0.12,0.392857142857143,NA,0.392857142857143,NA,0.214285714285714,0.919643096224773,2,0,0,"",NA
"151317",-0.764246186465101,5,NA,0,0.65070681987675,6,1.50773521391181,15,-0.364169829896541,8,0.22,0.22,0.22,0.22,0.12,0.282051282051282,NA,0.282051282051282,0.282051282051282,0.153846153846154,0.337208598491764,4,1,1,"2) # of groups=4",4
"151318",-1.01973273337959,4,NA,0,-0.360606111427569,6,0.544860266674589,15,0.142891393396927,7,0.22,0.22,0.22,0.22,0.12,0.282051282051282,NA,0.282051282051282,0.282051282051282,0.153846153846154,-0.213664512796839,4,1,1,"2) # of groups=4",2
"151319",NA,0,1.15927422234555,1,0.232047179956271,3,0.795819660420584,5,-0.303073593966045,6,0.22,0.22,0.22,0.22,0.12,NA,0.282051282051282,0.282051282051282,0.282051282051282,0.153846153846154,0.570259234003851,3,0,0,"",NA
"151320",0.753980647531204,3,NA,0,2.24666987960988,4,NA,0,0.28815025536492,7,0.22,0.22,0.22,0.22,0.12,0.392857142857143,NA,0.392857142857143,NA,0.214285714285714,1.24057347609791,3,1,1,"1) # of groups=3",5
"151322",-0.62741154035883,4,NA,0,-0.246912869618481,6,0.718460622820049,15,-0.874711385391396,5,0.22,0.22,0.22,0.22,0.12,0.282051282051282,NA,0.282051282051282,0.282051282051282,0.153846153846154,-0.178532563360981,4,1,1,"2) # of groups=4",2
"151323",-0.275915969692731,3,1.15927422234555,1,0.389684681699642,4,1.22532305292939,5,1.33097801659724,8,0.22,0.22,0.22,0.22,0.12,0.22,0.22,0.22,0.22,0.12,0.709357879193676,4,1,1,"2) # of groups=4",5
"151324",0.310574670845604,2,NA,0,0.356537954007864,7,0.655622443754093,5,0.483845299615057,8,0.22,0.22,0.22,0.22,0.12,0.282051282051282,NA,0.282051282051282,0.282051282051282,0.153846153846154,0.44751686031727,3,0,0,"",NA
"151325",0.395787967180062,1,NA,0,-0.0462318379796146,1,NA,0,0.931807574415315,4,0.22,0.22,0.22,0.22,0.12,0.392857142857143,NA,0.392857142857143,NA,0.214285714285714,0.336998673846315,1,0,0,"",NA
"151326",-0.0442299295483232,4,NA,0,-2.18583287900174,5,NA,0,-1.30330926104497,7,0.22,0.22,0.22,0.22,0.12,0.392857142857143,NA,0.392857142857143,NA,0.214285714285714,-1.15537665929716,3,1,1,"1) # of groups=3",2
"151327",0.462283162539256,2,NA,0,0.677652976798177,4,0.936258513551472,5,0.571609346776488,7,0.22,0.22,0.22,0.22,0.12,0.282051282051282,NA,0.282051282051282,0.282051282051282,0.153846153846154,0.673533263139407,3,0,0,"",NA
"151328",-0.0668092193769637,6,0.602851489817873,2,-0.279632523841647,8,NA,0,-0.209247691476236,7,0.22,0.22,0.22,0.22,0.12,0.282051282051282,0.282051282051282,0.282051282051282,NA,0.153846153846154,0.0401287452239607,3,1,1,"1) # of groups=3",3
"151329",-1.06996484410784,4,-2.38101992758025,2,-1.23924146666014,8,0.207706054070167,10,-0.00856330458733429,9,0.22,0.22,0.22,0.22,0.12,0.22,0.22,0.22,0.22,0.12,-0.987182037091654,4,1,1,"2) # of groups=4",1
"151330",-0.944052945642686,3,-3.10243006832554,1,0.00173915942781935,5,0.814663025006915,15,0.717773520765467,8,0.22,0.22,0.22,0.22,0.12,0.22,0.22,0.22,0.22,0.12,-0.624484960005512,4,1,1,"2) # of groups=4",2
"151331",0.0115630655243483,4,NA,0,-0.227078967790294,5,0.629990862253718,10,-0.135860708538263,9,0.22,0.22,0.22,0.22,0.12,0.282051282051282,NA,0.282051282051282,0.282051282051282,0.153846153846154,0.09600154637528,4,1,1,"2) # of groups=4",3
"151332",-0.840177449434891,4,-0.94644336295327,1,0.421161497967551,8,0.472685928904653,15,0.524306287631556,8,0.22,0.22,0.22,0.22,0.12,0.22,0.22,0.22,0.22,0.12,-0.133493390297724,4,1,1,"2) # of groups=4",3
"151333",0.356174893566819,3,NA,0,1.08382651561731,6,NA,0,0.528373812665942,5,0.22,0.22,0.22,0.22,0.12,0.392857142857143,NA,0.392857142857143,NA,0.214285714285714,0.678937799179324,3,1,1,"1) # of groups=3",5
"151334",0.0619524243596125,3,NA,0,-0.140958595912453,5,-0.136468250766784,5,-0.695359963182764,8,0.22,0.22,0.22,0.22,0.12,0.282051282051282,NA,0.282051282051282,0.282051282051282,0.153846153846154,-0.167753292938781,4,1,1,"2) # of groups=4",2
"160001",-1.66586126795386,4,0.505302482204579,1,0.0440076067619814,6,0.329882339357421,15,0.23534793173773,8,0.22,0.22,0.22,0.22,0.12,0.22,0.22,0.22,0.22,0.12,-0.144825392910046,4,1,1,"2) # of groups=4",3
"160013",0.938089072440869,5,0.196797124152676,1,1.24333042643745,6,-0.655439485519747,15,0.175513796525119,8,0.22,0.22,0.22,0.22,0.12,0.22,0.22,0.22,0.22,0.12,0.400072625835489,4,1,1,"2) # of groups=4",4
"160016",-0.36153043441884,6,-1.11817168191194,5,0.594354345995036,7,-0.636710379402793,15,-0.871953849012347,8,0.22,0.22,0.22,0.22,0.12,0.22,0.22,0.22,0.22,0.12,-0.43948725482396,5,2,1,"3) # of groups=5",2
"160028",0.582367687007931,5,0.506055764002973,4,0.960066615782447,6,-0.00144309741989142,15,0.361707320049894,9,0.22,0.22,0.22,0.22,0.12,0.22,0.22,0.22,0.22,0.12,0.493755211668148,5,2,1,"3) # of groups=5",5
"160029",0.334397319847684,6,0.784931047702161,5,0.495466641418698,10,-0.562496812918299,15,0.278352980269704,8,0.22,0.22,0.22,0.22,0.12,0.22,0.22,0.22,0.22,0.12,0.264907960763418,5,2,1,"3) # of groups=5",4
"160030",0.288579572955264,7,-1.24322081683118,7,0.562599894169698,10,0.567341291828673,15,0.431620391501956,9,0.22,0.22,0.22,0.22,0.12,0.22,0.22,0.22,0.22,0.12,0.0903604342471748,5,2,1,"3) # of groups=5",4
"160032",0.300048119979906,3,NA,0,1.7324045695562,7,0.148453015159337,5,0.336685153474278,9,0.22,0.22,0.22,0.22,0.12,0.282051282051282,NA,0.282051282051282,0.282051282051282,0.153846153846154,0.666924965961424,4,1,1,"2) # of groups=4",4
"160033",-0.139365186027134,8,-0.650607739264741,7,-1.61035817216762,11,-0.734990767936607,15,0.142950351826324,9,0.22,0.22,0.22,0.22,0.12,0.22,0.22,0.22,0.22,0.12,-0.672616768167984,5,2,1,"3) # of groups=5",2
"16003F",-1.10318746424921,4,-0.332514938879706,3,1.23044726503214,5,0.841651984222654,10,1.30076351030907,3,0.22,0.22,0.22,0.22,0.12,0.22,0.22,0.22,0.22,0.12,0.296098927384781,5,2,1,"3) # of groups=5",4
"160040",0.753600746160792,2,0.712425415700875,2,1.56160645860874,4,0.0254411862794067,5,0.225667557973796,6,0.22,0.22,0.22,0.22,0.12,0.22,0.22,0.22,0.22,0.12,0.698756344441814,3,0,0,"",NA
"160045",0.77562428101887,8,0.085050052027787,7,-0.115308961432311,9,0.467591453797391,15,-0.146235922595893,10,0.22,0.22,0.22,0.22,0.12,0.22,0.22,0.22,0.22,0.12,0.249302190879075,5,2,1,"3) # of groups=5",4
"160047",0.33347993490003,7,-0.738079352273515,6,0.165015402656018,10,0.548570020950463,15,-0.171833812531516,8,0.22,0.22,0.22,0.22,0.12,0.22,0.22,0.22,0.22,0.12,0.0473568638674772,5,2,1,"3) # of groups=5",3
"16004F",0.818815396962454,5,0.104396011598806,4,1.61563012757352,6,1.28667882982375,10,-0.578977459235684,3,0.22,0.22,0.22,0.22,0.12,0.22,0.22,0.22,0.22,0.12,0.772137185402595,5,2,1,"3) # of groups=5",5
"160057",-0.103620571113479,7,-0.221282079530658,7,1.00441370165615,10,-0.661464105836332,15,0.596631861124033,10,0.22,0.22,0.22,0.22,0.12,0.22,0.22,0.22,0.22,0.12,0.0755661512735338,5,2,1,"3) # of groups=5",4
"160058",-0.193816086821106,8,-0.444107163666918,8,-0.0313324901876641,11,-0.368000402610566,15,-0.423714715570812,9,0.22,0.22,0.22,0.22,0.12,0.22,0.22,0.22,0.22,0.12,-0.279042117391473,5,2,1,"3) # of groups=5",2
"160064",-1.29552921849129,8,0.222906124697239,7,0.873772944317713,11,-0.583720632977095,15,-0.947532078857189,8,0.22,0.22,0.22,0.22,0.12,0.22,0.22,0.22,0.22,0.12,-0.285869421602618,5,2,1,"3) # of groups=5",2
"160067",-0.248503980010542,7,-0.0162760614757885,7,1.58735208990402,10,-0.535826696032359,15,-0.432849090232424,9,0.22,0.22,0.22,0.22,0.12,0.22,0.22,0.22,0.22,0.12,0.121142086696882,5,2,1,"3) # of groups=5",4
"160069",-0.70939638119937,8,-0.000130128200500316,5,0.376592373761137,7,0.650130757691429,15,-0.912801571961335,8,0.22,0.22,0.22,0.22,0.12,0.22,0.22,0.22,0.22,0.12,-0.0397529317837671,5,2,1,"3) # of groups=5",3
"160079",-0.321101901898459,8,-0.770345545263108,7,1.03929565044318,11,0.498134301099373,15,0.0562873370982357,9,0.22,0.22,0.22,0.22,0.12,0.22,0.22,0.22,0.22,0.12,0.104870631415605,5,2,1,"3) # of groups=5",4
"160080",-0.726671329669632,6,0.583694473182638,4,0.809442130487584,9,-0.0893676533960835,15,0.349468113400344,9,0.22,0.22,0.22,0.22,0.12,0.22,0.22,0.22,0.22,0.12,0.168897650141033,5,2,1,"3) # of groups=5",4
"160082",-0.52884854751608,8,0.374197309862621,8,1.05996469210628,11,-0.376982473836759,15,-0.684005794699683,9,0.22,0.22,0.22,0.22,0.12,0.22,0.22,0.22,0.22,0.12,0.0341521203715717,5,2,1,"3) # of groups=5",3
"160083",-0.74896832013706,8,-0.331465637451058,8,0.436408392185224,11,-2.45392699644994,15,-0.748212475849996,9,0.22,0.22,0.22,0.22,0.12,0.22,0.22,0.22,0.22,0.12,-0.771335060709623,5,2,1,"3) # of groups=5",1
"160089",-0.0528951942035747,4,0.272476727217258,2,0.535692372650648,5,-2.20802244493612,15,-0.819004801719114,8,0.22,0.22,0.22,0.22,0.12,0.22,0.22,0.22,0.22,0.12,-0.417885254846087,4,1,1,"2) # of groups=4",2
"160101",0.153527455819019,1,-0.0134248460473127,5,-0.30990346629376,5,0.231284581161523,15,-0.71335528285868,7,0.22,0.22,0.22,0.22,0.12,0.22,0.22,0.22,0.22,0.12,-0.0720762145223584,4,1,1,"2) # of groups=4",3
"160104",-0.268297423115518,6,0.889358456543576,5,-0.206354386952453,6,-0.120247664908317,15,-0.43374449648474,7,0.22,0.22,0.22,0.22,0.12,0.22,0.22,0.22,0.22,0.12,0.0127316363666345,5,2,1,"3) # of groups=5",3
"160110",-0.0645343742804275,8,-0.000664491652320212,7,-0.0634313473039227,11,-0.251666153704904,15,-0.347391122462584,8,0.22,0.22,0.22,0.22,0.12,0.22,0.22,0.22,0.22,0.12,-0.125352135422656,5,2,1,"3) # of groups=5",3
"160112",-0.470545875792221,5,-0.17340983600792,3,0.332391111960997,9,0.793321834699039,15,0.34613597002183,9,0.22,0.22,0.22,0.22,0.12,0.22,0.22,0.22,0.22,0.12,0.147522908071797,5,2,1,"3) # of groups=5",4
"160117",-0.0872802293501494,6,-0.496858240951208,6,-0.291296238652599,7,0.159105395756375,15,0.953428150740889,9,0.22,0.22,0.22,0.22,0.12,0.22,0.22,0.22,0.22,0.12,-0.0431810708145612,5,2,1,"3) # of groups=5",3
"160124",-0.844545791897223,5,-1.3198434331911,3,-1.37271521464571,7,1.10628609979207,15,0.59417081706746,7,0.22,0.22,0.22,0.22,0.12,0.22,0.22,0.22,0.22,0.12,-0.463479536739137,5,2,1,"3) # of groups=5",2
"160146",-0.846766586986032,7,-0.203796625627457,6,0.322004163883051,6,-0.864102527665372,15,0.0776278168681683,8,0.22,0.22,0.22,0.22,0.12,0.22,0.22,0.22,0.22,0.12,-0.341070208782898,5,2,1,"3) # of groups=5",2
"160147",0.302327427302693,5,-3.07669713872686,2,0.242278043103845,6,0.45780670521919,15,0.58792057021004,7,0.22,0.22,0.22,0.22,0.12,0.22,0.22,0.22,0.22,0.12,-0.385792223457044,4,1,1,"2) # of groups=4",2
"160153",-0.316411617784406,8,-0.566227943027305,7,-0.0877630597021654,9,-1.16632571903417,15,-1.07416665423399,8,0.22,0.22,0.22,0.22,0.12,0.22,0.22,0.22,0.22,0.12,-0.598980233208649,5,2,1,"3) # of groups=5",2
"161301",0.153527455819019,1,NA,0,0.706207472388479,1,2.59493209034189,10,1.47457092934507,5,0.22,0.22,0.22,0.22,0.12,0.282051282051282,NA,0.282051282051282,0.282051282051282,0.153846153846154,1.20125032769522,2,0,0,"",NA
"161302",-0.932818546943446,2,1.04295049241793,1,0.925972688965821,3,1.48467925754729,10,1.11552280550047,5,0.22,0.22,0.22,0.22,0.12,0.22,0.22,0.22,0.22,0.12,0.688435192897327,3,0,0,"",NA
"161303",-0.34413367981749,2,NA,0,0.732405418792311,3,NA,0,0.118460300793741,6,0.22,0.22,0.22,0.22,0.12,0.392857142857143,NA,0.392857142857143,NA,0.214285714285714,0.17791967619591,2,0,0,"",NA
"161304",-1.03813981597328,3,NA,0,1.87786626379752,4,0.172116054032738,5,-0.816128061243381,5,0.22,0.22,0.22,0.22,0.12,0.282051282051282,NA,0.282051282051282,0.282051282051282,0.153846153846154,0.159833311614525,4,1,1,"2) # of groups=4",3
"161305",NA,0,NA,0,0.327775819388476,1,NA,0,-4.5479192117412,3,0.22,0.22,0.22,0.22,0.12,NA,NA,0.647058823529412,NA,0.352941176470588,-1.39305772101023,1,0,0,"",NA
"161306",-0.0573940649869056,3,NA,0,1.09319037209464,4,0.815581062306583,5,0.390404796567522,6,0.22,0.22,0.22,0.22,0.12,0.282051282051282,NA,0.282051282051282,0.282051282051282,0.153846153846154,0.582245636999042,4,1,1,"2) # of groups=4",4
"161307",-0.83016712751029,2,NA,0,1.18155431948678,3,NA,0,1.34691092260439,6,0.22,0.22,0.22,0.22,0.12,0.392857142857143,NA,0.392857142857143,NA,0.214285714285714,0.42666873740599,2,0,0,"",NA
"161308",-0.324142418599404,2,NA,0,0.929187423830527,3,NA,0,0.676426573593114,4,0.22,0.22,0.22,0.22,0.12,0.392857142857143,NA,0.392857142857143,NA,0.214285714285714,0.382644803539323,2,0,0,"",NA
"161309",-0.254824095949982,3,NA,0,-0.174550019542687,4,1.36356945110218,5,1.17078421860382,6,0.22,0.22,0.22,0.22,0.12,0.282051282051282,NA,0.282051282051282,0.282051282051282,0.153846153846154,0.443611641110963,4,1,1,"2) # of groups=4",4
"161310",-0.442247824338482,2,NA,0,0.455394368932441,1,NA,0,1.48260743728537,3,0.22,0.22,0.22,0.22,0.12,0.392857142857143,NA,0.392857142857143,NA,0.214285714285714,0.322866307651635,1,0,0,"",NA
"161311",-0.0973358935442875,2,NA,0,0.875448613280791,3,NA,0,-0.629493314752314,5,0.22,0.22,0.22,0.22,0.12,0.392857142857143,NA,0.392857142857143,NA,0.214285714285714,0.170795715306702,2,0,0,"",NA
"161312",0.395787967180062,1,NA,0,0.957020575844511,1,1.48438882502401,5,0.944961928305859,6,0.22,0.22,0.22,0.22,0.12,0.282051282051282,NA,0.282051282051282,0.282051282051282,0.153846153846154,0.945613913291527,2,0,0,"",NA
"161313",0.729072210030544,2,NA,0,0.184977889847295,3,NA,0,0.958787436891856,5,0.22,0.22,0.22,0.22,0.12,0.392857142857143,NA,0.392857142857143,NA,0.214285714285714,0.564545561428834,2,0,0,"",NA
"161314",0.0943551205855337,2,NA,0,0.8935426605012,2,NA,0,0.636809743804564,5,0.22,0.22,0.22,0.22,0.12,0.392857142857143,NA,0.392857142857143,NA,0.214285714285714,0.524561930527909,1,0,0,"",NA
"161315",NA,0,NA,0,-0.0462318379796146,1,NA,0,-2.1790467583885,2,0.22,0.22,0.22,0.22,0.12,NA,NA,0.647058823529412,NA,0.352941176470588,-0.798990045182751,0,0,0,"",NA
"161316",-0.115727934276294,3,NA,0,2.2898259463934,3,NA,0,1.4312789211357,6,0.22,0.22,0.22,0.22,0.12,0.392857142857143,NA,0.392857142857143,NA,0.214285714285714,1.16081255928937,3,1,1,"1) # of groups=3",5
"161317",-0.551898267805203,3,NA,0,-0.00299115357083671,5,1.96163009017985,10,1.59956372968208,4,0.22,0.22,0.22,0.22,0.12,0.282051282051282,NA,0.282051282051282,0.282051282051282,0.153846153846154,0.64285973679319,4,1,1,"2) # of groups=4",4
"161318",-0.514321007758506,2,NA,0,-0.390360011144215,4,NA,0,1.03933682322962,4,0.22,0.22,0.22,0.22,0.12,0.392857142857143,NA,0.392857142857143,NA,0.214285714285714,-0.132695366734008,2,0,0,"",NA
"161319",0.395787967180062,1,NA,0,-1.30029735525977,1,NA,0,0.519407099361849,4,0.22,0.22,0.22,0.22,0.12,0.392857142857143,NA,0.392857142857143,NA,0.214285714285714,-0.244041452596632,1,0,0,"",NA
"161320",0.169453153947,2,NA,0,0.280792247202282,3,NA,0,1.21674463117641,4,0.22,0.22,0.22,0.22,0.12,0.392857142857143,NA,0.392857142857143,NA,0.214285714285714,0.43761311427502,2,0,0,"",NA
"161321",-0.573254078264098,1,NA,0,0.266178542432446,2,NA,0,1.84763232178604,3,0.22,0.22,0.22,0.22,0.12,0.392857142857143,NA,0.392857142857143,NA,0.214285714285714,0.275284394163145,1,0,0,"",NA
"161322",NA,0,NA,0,-0.297044941435646,1,NA,0,1.21129343633692,4,0.22,0.22,0.22,0.22,0.12,NA,NA,0.647058823529412,NA,0.352941176470588,0.235309780131142,1,0,0,"",NA
"161323",-0.706734197808794,3,NA,0,-0.536391701126833,4,NA,0,1.20259918980838,5,0.22,0.22,0.22,0.22,0.12,0.392857142857143,NA,0.392857142857143,NA,0.214285714285714,-0.230671062480058,3,1,1,"1) # of groups=3",3
"161324",-0.561865655048281,2,NA,0,0.836880375314617,2,NA,0,2.31286154681811,1,0.22,0.22,0.22,0.22,0.12,0.392857142857143,NA,0.392857142857143,NA,0.214285714285714,0.60365468585137,0,0,0,"",NA
"161325",-0.564890504989723,2,NA,0,-0.0537101869936914,2,NA,0,0.422197368236205,5,0.22,0.22,0.22,0.22,0.12,0.392857142857143,NA,0.392857142857143,NA,0.214285714285714,-0.152550835800012,1,0,0,"",NA
"161326",-1.2180864306821,2,NA,0,-0.504143060354425,3,1.34614242685122,5,0.505780097533985,4,0.22,0.22,0.22,0.22,0.12,0.282051282051282,NA,0.282051282051282,0.282051282051282,0.153846153846154,-0.0282635159188319,3,0,0,"",NA
"161327",0.395787967180062,1,NA,0,0.204581265476417,1,1.24703527330909,5,1.06175312632411,6,0.22,0.22,0.22,0.22,0.12,0.282051282051282,NA,0.282051282051282,0.282051282051282,0.153846153846154,0.684409444193998,2,0,0,"",NA
"161328",-0.329325652649546,3,NA,0,1.10693535354486,5,NA,0,1.27641814105928,5,0.22,0.22,0.22,0.22,0.12,0.392857142857143,NA,0.392857142857143,NA,0.214285714285714,0.579007698435862,3,1,1,"1) # of groups=3",4
"161329",-2.57958505421022,2,NA,0,0.691091895942467,2,NA,0,1.97119968016705,7,0.22,0.22,0.22,0.22,0.12,0.392857142857143,NA,0.392857142857143,NA,0.214285714285714,-0.319508094997964,1,0,0,"",NA
"161330",-1.10905557476734,2,NA,0,0.706207472388479,1,NA,0,1.18588634855651,4,0.22,0.22,0.22,0.22,0.12,0.392857142857143,NA,0.392857142857143,NA,0.214285714285714,0.0958567487561282,1,0,0,"",NA
"161331",-1.37130734734647,2,NA,0,-0.659403154235442,3,NA,0,1.64534149769616,3,0.22,0.22,0.22,0.22,0.12,0.392857142857143,NA,0.392857142857143,NA,0.214285714285714,-0.445205947543717,2,0,0,"",NA
"161332",0.153527455819019,1,NA,0,-0.297044941435646,1,NA,0,1.82031775674702,3,0.22,0.22,0.22,0.22,0.12,0.392857142857143,NA,0.392857142857143,NA,0.214285714285714,0.333686221382115,1,0,0,"",NA
"161333",-0.330993566903058,1,NA,0,0.0844410649465231,2,NA,0,1.19840044714417,6,0.22,0.22,0.22,0.22,0.12,0.392857142857143,NA,0.392857142857143,NA,0.214285714285714,0.159940184333683,1,0,0,"",NA
"161334",0.267567298467993,2,NA,0,-0.539696697755358,3,NA,0,0.727026005551804,5,0.22,0.22,0.22,0.22,0.12,0.392857142857143,NA,0.392857142857143,NA,0.214285714285714,0.0488833086124931,2,0,0,"",NA
"161335",0.388697554148512,2,NA,0,-0.453230363622104,3,NA,0,0.488289405489958,5,0.22,0.22,0.22,0.22,0.12,0.392857142857143,NA,0.392857142857143,NA,0.214285714285714,0.0792812688832227,2,0,0,"",NA
"161336",-0.422256563120397,2,NA,0,1.76323829666853,2,NA,0,0.0767389525036712,5,0.22,0.22,0.22,0.22,0.12,0.392857142857143,NA,0.392857142857143,NA,0.214285714285714,0.543258313716125,1,0,0,"",NA
"161337",0.414738515249482,2,NA,0,0.154985007037224,2,NA,0,-0.425007343488193,5,0.22,0.22,0.22,0.22,0.12,0.392857142857143,NA,0.392857142857143,NA,0.214285714285714,0.132746953008022,1,0,0,"",NA
"161338",-0.815514589625137,1,NA,0,0.706207472388479,1,NA,0,1.26264227545661,4,0.22,0.22,0.22,0.22,0.12,0.392857142857143,NA,0.392857142857143,NA,0.214285714285714,0.227624120112015,1,0,0,"",NA
"161339",-0.848673468946366,3,1.16593449887969,1,1.83658053514245,4,0.910389227521401,15,0.896004775808935,6,0.22,0.22,0.22,0.22,0.12,0.22,0.22,0.22,0.22,0.12,0.781651347468451,4,1,1,"2) # of groups=4",5
"161340",0.0237943621362323,2,NA,0,-2.25073257678085,2,NA,0,0.284878220502523,4,0.22,0.22,0.22,0.22,0.12,0.392857142857143,NA,0.392857142857143,NA,0.214285714285714,-0.813823251359845,1,0,0,"",NA
"161341",-0.854695663640538,2,NA,0,0.8040496485102,2,NA,0,0.439409450770046,5,0.22,0.22,0.22,0.22,0.12,0.392857142857143,NA,0.392857142857143,NA,0.214285714285714,0.0742625192209485,1,0,0,"",NA
"161342",-1.02942026649372,2,NA,0,-2.93192648237799,2,1.48219637006592,5,-0.534993182345882,5,0.22,0.22,0.22,0.22,0.12,0.282051282051282,NA,0.282051282051282,0.282051282051282,0.153846153846154,-0.781554186177923,2,0,0,"",NA
"161343",-1.08558187489456,3,NA,0,1.21559406457568,5,0.743005305993146,10,1.2232073148689,5,0.22,0.22,0.22,0.22,0.12,0.282051282051282,NA,0.282051282051282,0.282051282051282,0.153846153846154,0.434421444657188,4,1,1,"2) # of groups=4",4
"161344",-0.193937613094559,2,NA,0,1.06939346065785,2,0.474464344209817,5,0.836187782440349,4,0.22,0.22,0.22,0.22,0.12,0.282051282051282,NA,0.282051282051282,0.282051282051282,0.153846153846154,0.50939099497811,2,0,0,"",NA
"161345",-0.0887330555420189,1,NA,0,0.35067493106931,2,NA,0,-0.0888366532559995,4,0.22,0.22,0.22,0.22,0.12,0.392857142857143,NA,0.392857142857143,NA,0.214285714285714,0.0838693111165788,1,0,0,"",NA
"161346",-0.3731994908599,2,NA,0,0.870668216647556,4,1.06191856711989,10,0.257339771597514,5,0.22,0.22,0.22,0.22,0.12,0.282051282051282,NA,0.282051282051282,0.282051282051282,0.153846153846154,0.479417919270977,3,0,0,"",NA
"161347",-1.81415740691705,4,NA,0,0.654946888638419,5,NA,0,0.192019887062067,6,0.22,0.22,0.22,0.22,0.12,0.392857142857143,NA,0.392857142857143,NA,0.214285714285714,-0.414257013524734,3,1,1,"1) # of groups=3",3
"161348",0.195975140020664,3,NA,0,2.33971408000956,3,NA,0,1.0293452826649,6,0.22,0.22,0.22,0.22,0.12,0.392857142857143,NA,0.392857142857143,NA,0.214285714285714,1.21673761129721,3,1,1,"1) # of groups=3",5
"161349",0.000755134292492719,3,NA,0,-0.178933352257154,4,NA,0,0.833391471259892,6,0.22,0.22,0.22,0.22,0.12,0.392857142857143,NA,0.392857142857143,NA,0.214285714285714,0.108585301069574,3,1,1,"1) # of groups=3",4
"161350",-1.78224276167781,2,NA,0,-1.43475184406356,3,NA,0,1.1225049658025,4,0.22,0.22,0.22,0.22,0.12,0.392857142857143,NA,0.392857142857143,NA,0.214285714285714,-1.02328253101215,2,0,0,"",NA
"161351",-2.33735351280411,3,0.713675579428008,1,-0.351437725609218,5,NA,0,0.272536847148089,5,0.22,0.22,0.22,0.22,0.12,0.282051282051282,0.282051282051282,0.282051282051282,NA,0.153846153846154,-0.515155158101282,3,1,1,"1) # of groups=3",2
"161352",-0.884397814156813,4,NA,0,0.713334053654566,6,NA,0,1.07319755565905,8,0.22,0.22,0.22,0.22,0.12,0.392857142857143,NA,0.392857142857143,NA,0.214285714285714,0.162767284586771,3,1,1,"1) # of groups=3",4
"161353",-2.05560208007087,5,-8.36393130267963,1,-0.662631439785877,5,1.57453768622683,10,-0.882105906753181,6,0.22,0.22,0.22,0.22,0.12,0.22,0.22,0.22,0.22,0.12,-2.19753067879848,4,1,1,"2) # of groups=4",1
"161354",-0.299613882469157,2,NA,0,0.218117517052246,3,NA,0,0.710147271554091,5,0.22,0.22,0.22,0.22,0.12,0.392857142857143,NA,0.392857142857143,NA,0.214285714285714,0.12015798606209,2,0,0,"",NA
"161355",-0.821132712799794,3,-1.52174551490494,1,0.0463566841607234,4,0.049345861617205,5,0.257098604430569,6,0.22,0.22,0.22,0.22,0.12,0.22,0.22,0.22,0.22,0.12,-0.463526817492229,4,1,1,"2) # of groups=4",2
"161356",-0.636963688409747,2,NA,0,1.89666032015648,2,0.573571497751949,5,-0.42551018356784,6,0.22,0.22,0.22,0.22,0.12,0.282051282051282,NA,0.282051282051282,0.282051282051282,0.153846153846154,0.451612521104576,2,0,0,"",NA
"161357",-1.17961633321665,2,NA,0,0.396638174285823,3,NA,0,1.0130894534843,6,0.22,0.22,0.22,0.22,0.12,0.392857142857143,NA,0.392857142857143,NA,0.214285714285714,-0.0905079652619035,2,0,0,"",NA
"161358",-0.203448556815371,3,-1.4266113550065,1,0.624379880771457,6,NA,0,0.921086943815155,1,0.22,0.22,0.22,0.22,0.12,0.282051282051282,0.282051282051282,0.282051282051282,NA,0.153846153846154,-0.141947658427272,2,1,0,"",NA
"161359",-2.0877243294026,3,NA,0,0.430573227243811,4,1.62136959267237,10,0.308742967497361,5,0.22,0.22,0.22,0.22,0.12,0.282051282051282,NA,0.282051282051282,0.282051282051282,0.153846153846154,0.0374066974521425,4,1,1,"2) # of groups=4",3
"161360",-0.738741318179086,3,NA,0,-0.656607633336408,4,1.77002662930171,10,0.334016170723193,4,0.22,0.22,0.22,0.22,0.12,0.282051282051282,NA,0.282051282051282,0.282051282051282,0.153846153846154,0.157065422563783,4,1,1,"2) # of groups=4",3
"161361",-0.215870363554632,3,NA,0,2.48960782288262,3,2.25136404781958,10,0.615834389949393,5,0.22,0.22,0.22,0.22,0.12,0.282051282051282,NA,0.282051282051282,0.282051282051282,0.153846153846154,1.37105443380307,4,1,1,"2) # of groups=4",5
"161362",-2.92605595712464,3,NA,0,0.555494414921109,5,NA,0,0.811721772279525,6,0.22,0.22,0.22,0.22,0.12,0.392857142857143,NA,0.392857142857143,NA,0.214285714285714,-0.757351654662918,3,1,1,"1) # of groups=3",2
"161363",0.0207695121947891,2,NA,0,-0.396947594567842,5,NA,0,0.120424764345911,5,0.22,0.22,0.22,0.22,0.12,0.392857142857143,NA,0.392857142857143,NA,0.214285714285714,-0.121978940001004,2,0,0,"",NA
"161364",-1.13000201340682,3,NA,0,-1.23397432097568,6,0.888453064840108,15,0.634548899843342,7,0.22,0.22,0.22,0.22,0.12,0.282051282051282,NA,0.282051282051282,0.282051282051282,0.153846153846154,-0.318550322202725,4,1,1,"2) # of groups=4",2
"161365",-1.2029633856175,5,0.384400666438084,1,0.295010624450799,7,0.655003718240046,10,0.906614799585431,7,0.22,0.22,0.22,0.22,0.12,0.22,0.22,0.22,0.22,0.12,0.137713133122766,4,1,1,"2) # of groups=4",3
"161366",-1.6060057338539,2,NA,0,-1.41677042835494,5,1.13912883347545,5,1.25423658372617,5,0.22,0.22,0.22,0.22,0.12,0.282051282051282,NA,0.282051282051282,0.282051282051282,0.153846153846154,-0.338325669582315,3,0,0,"",NA
"161367",-0.621871597697295,4,1.15927422234555,1,0.820882510042395,7,0.460811911923098,15,0.512907153065575,6,0.22,0.22,0.22,0.22,0.12,0.22,0.22,0.22,0.22,0.12,0.461750208622894,4,1,1,"2) # of groups=4",4
"161368",-1.46774751357097,3,0.713675579428008,1,0.614931167284163,4,1.15638030487557,10,-0.187824241758629,5,0.22,0.22,0.22,0.22,0.12,0.22,0.22,0.22,0.22,0.12,0.201253789352654,4,1,1,"2) # of groups=4",3
"161369",-1.65549919421674,3,NA,0,0.195943603542835,4,-0.0369902805136814,5,0.263160327799739,6,0.22,0.22,0.22,0.22,0.12,0.282051282051282,NA,0.282051282051282,0.282051282051282,0.153846153846154,-0.381616477340129,4,1,1,"2) # of groups=4",2
"161370",-1.42036441960697,2,NA,0,1.9019166724012,3,NA,0,0.0749957069833422,5,0.22,0.22,0.22,0.22,0.12,0.392857142857143,NA,0.392857142857143,NA,0.214285714285714,0.205251750808449,2,0,0,"",NA
"161371",-0.658929245763514,4,-0.337628464285971,1,0.841533318097009,7,1.53544764359376,10,1.02288287651295,5,0.22,0.22,0.22,0.22,0.12,0.22,0.22,0.22,0.22,0.12,0.426439060542636,4,1,1,"2) # of groups=4",4
"161372",-0.269035646456025,2,NA,0,-0.00548390138704571,2,1.0570778874733,5,0.87267853438649,6,0.22,0.22,0.22,0.22,0.12,0.282051282051282,NA,0.282051282051282,0.282051282051282,0.153846153846154,0.354979819032089,2,0,0,"",NA
"161373",-1.17961633321665,2,NA,0,0.884743382784926,2,NA,0,0.887598836574072,5,0.22,0.22,0.22,0.22,0.12,0.392857142857143,NA,0.392857142857143,NA,0.214285714285714,0.074356805881981,1,0,0,"",NA
"161374",-1.26179169941908,4,NA,0,0.312080033295618,6,0.98778090206199,10,0.238980721802892,7,0.22,0.22,0.22,0.22,0.12,0.282051282051282,NA,0.282051282051282,0.282051282051282,0.153846153846154,0.0475037416959272,4,1,1,"2) # of groups=4",3
"161375",-3.17699239455403,3,1.01879362913426,2,-0.508712482599869,6,1.03198043513799,10,0.598472823263573,4,0.22,0.22,0.22,0.22,0.12,0.22,0.22,0.22,0.22,0.12,-0.287868040042334,4,1,1,"2) # of groups=4",2
"161376",-0.679771053686946,4,1.06784058571607,3,1.49836623389611,6,0.869744986375023,15,0.799383195521314,7,0.22,0.22,0.22,0.22,0.12,0.22,0.22,0.22,0.22,0.12,0.702285748968614,5,2,1,"3) # of groups=5",5
"161377",-0.756581519119545,2,NA,0,0.554596394658576,4,-12.6325510922959,5,-0.993315868813053,5,0.22,0.22,0.22,0.22,0.12,0.282051282051282,NA,0.282051282051282,0.282051282051282,0.153846153846154,-3.77281522044112,3,0,0,"",NA
"161378",NA,0,NA,0,-0.25567071370589,1,NA,0,0.187915665357456,3,0.22,0.22,0.22,0.22,0.12,NA,NA,0.647058823529412,NA,0.352941176470588,-0.0991108152129444,1,0,0,"",NA
"161379",-1.04896951668166,5,NA,0,1.31134997683273,4,0.674413586499784,10,0.37877351265177,5,0.22,0.22,0.22,0.22,0.12,0.282051282051282,NA,0.282051282051282,0.282051282051282,0.153846153846154,0.322496809976154,4,1,1,"2) # of groups=4",4
"161380",0.0283316370483951,2,NA,0,1.79393049196567,3,NA,0,0.371719782892499,5,0.22,0.22,0.22,0.22,0.12,0.392857142857143,NA,0.392857142857143,NA,0.214285714285714,0.79554293273249,2,0,0,"",NA
"161381",-0.537337118918034,2,NA,0,0.709541634415773,2,NA,0,1.0929685852833,4,0.22,0.22,0.22,0.22,0.12,0.392857142857143,NA,0.392857142857143,NA,0.214285714285714,0.301859327934819,1,0,0,"",NA
"161382",-2.33144646358751,4,-1.09733644201657,1,0.229812950258631,8,0.986549448806059,15,0.685341378093868,5,0.22,0.22,0.22,0.22,0.12,0.22,0.22,0.22,0.22,0.12,-0.404491546067402,4,1,1,"2) # of groups=4",2
"170006",-0.582928187876138,6,0.208280167047899,2,0.408227637519048,10,0.804644992620227,10,0.294749051931151,8,0.22,0.22,0.22,0.22,0.12,0.22,0.22,0.22,0.22,0.12,0.219779300280166,4,1,1,"2) # of groups=4",3
"170009",0.897423560836353,3,-0.636450455833682,1,0.144346861713013,4,-0.160136165103313,15,0.50346589085767,8,0.22,0.22,0.22,0.22,0.12,0.22,0.22,0.22,0.22,0.12,0.114356343257642,4,1,1,"2) # of groups=4",3
"170012",-1.25299300151438,8,-0.430604650823607,6,0.810041895334061,11,-0.363808617219126,15,0.764545717254264,10,0.22,0.22,0.22,0.22,0.12,0.22,0.22,0.22,0.22,0.12,-0.18047467625856,5,2,1,"3) # of groups=5",3
"170013",-0.73343263432791,8,0.105043946852847,5,-0.0311461053051048,11,0.00625484413056518,15,-0.0460537775437341,9,0.22,0.22,0.22,0.22,0.12,0.22,0.22,0.22,0.22,0.12,-0.149248042008161,5,2,1,"3) # of groups=5",3
"170014",-0.0706661136227307,4,0.443601410594198,1,-0.414472749706326,8,-0.137220521254855,15,0.901679345934437,8,0.22,0.22,0.22,0.22,0.12,0.22,0.22,0.22,0.22,0.12,0.0688747672343954,4,1,1,"2) # of groups=4",3
"170016",-0.554117525690518,8,0.502577518273341,7,-0.113746483493635,11,-0.479297118311644,15,-0.322035551064063,10,0.22,0.22,0.22,0.22,0.12,0.22,0.22,0.22,0.22,0.12,-0.180452660156628,5,2,1,"3) # of groups=5",3
"170017",0.361144168076822,2,-4.93102979029712,2,-0.0640187431508485,4,-0.0106968519375539,15,0.411692880329538,8,0.22,0.22,0.22,0.22,0.12,0.22,0.22,0.22,0.22,0.12,-0.972409122168369,3,0,0,"",NA
"170020",-1.11142464471606,8,-0.0193883142397515,6,-0.0151513048029326,11,-0.859038593902817,15,-0.389360005319788,8,0.22,0.22,0.22,0.22,0.12,0.22,0.22,0.22,0.22,0.12,-0.487823829323918,5,2,1,"3) # of groups=5",2
"170023",-0.290989020047721,6,-0.165017377124683,4,-0.317236275771983,8,-0.881789615151856,15,0.287622729285436,8,0.22,0.22,0.22,0.22,0.12,0.22,0.22,0.22,0.22,0.12,-0.329592375866921,5,2,1,"3) # of groups=5",2
"170027",-0.0357236852692753,4,1.02591120887678,3,-0.450058836484913,7,1.13994857890372,15,0.448205566214583,8,0.22,0.22,0.22,0.22,0.12,0.22,0.22,0.22,0.22,0.12,0.423401666471539,5,2,1,"3) # of groups=5",4
"170040",1.47246809308354,8,0.25724630912285,7,1.26286648795124,10,0.823503409439743,15,-0.0537092982417774,9,0.22,0.22,0.22,0.22,0.12,0.22,0.22,0.22,0.22,0.12,0.833093430122409,5,2,1,"3) # of groups=5",5
"170049",0.0891646106149295,8,0.0205038878197146,6,0.530441969699896,10,0.317869497896021,15,0.0130654565596103,9,0.22,0.22,0.22,0.22,0.12,0.22,0.22,0.22,0.22,0.12,0.212323447313877,5,2,1,"3) # of groups=5",4
"17005F",1.38020662001883,3,-2.20954466865217,1,1.61379591915184,4,1.26335213884596,10,-0.680585887805784,3,0.22,0.22,0.22,0.22,0.12,0.22,0.22,0.22,0.22,0.12,0.368847895523487,4,1,1,"2) # of groups=4",4
"170068",-0.436084633817888,4,-1.3713240030722,4,-2.53345837704093,7,-0.743926295853331,15,-0.577153481519391,7,0.22,0.22,0.22,0.22,0.12,0.22,0.22,0.22,0.22,0.12,-1.18791294593488,5,2,1,"3) # of groups=5",1
"170074",-1.14855853699704,3,0.647185137443925,2,0.526371068073324,5,0.490020235089484,15,1.63825302716746,9,0.22,0.22,0.22,0.22,0.12,0.22,0.22,0.22,0.22,0.12,0.309894302054228,4,1,1,"2) # of groups=4",4
"170086",0.0811354103709555,8,0.135951042920052,8,0.367140869765424,11,0.284137641600477,15,0.207352993398314,9,0.22,0.22,0.22,0.22,0.12,0.22,0.22,0.22,0.22,0.12,0.215922651432318,5,2,1,"3) # of groups=5",4
"17008F",1.75404090839061,4,-0.0817580260534664,3,1.59432029259686,6,1.46565173141186,10,1.03579776846485,3,0.22,0.22,0.22,0.22,0.12,0.22,0.22,0.22,0.22,0.12,1.16539181161187,5,2,1,"3) # of groups=5",5
"170103",0.26196907842644,5,0.695550106934919,5,1.05220440910006,7,0.820327781433751,15,0.534407901423289,8,0.22,0.22,0.22,0.22,0.12,0.22,0.22,0.22,0.22,0.12,0.686740250867732,5,2,1,"3) # of groups=5",5
"170104",0.425376289553164,8,-0.371580452203786,8,-0.116461956722541,11,0.297577823701506,15,-0.42504692218683,10,0.22,0.22,0.22,0.22,0.12,0.22,0.22,0.22,0.22,0.12,0.000674944289815869,5,2,1,"3) # of groups=5",3
"170105",-0.647544977838376,4,-2.37236805240716,2,1.29698906476805,6,0.122446715496254,15,0.43087424192496,7,0.22,0.22,0.22,0.22,0.12,0.22,0.22,0.22,0.22,0.12,-0.300400085964876,4,1,1,"2) # of groups=4",2
"170109",0.50831538485831,2,0.135096052542295,1,0.110306449250678,4,1.12170180922449,5,0.606430661421428,7,0.22,0.22,0.22,0.22,0.12,0.22,0.22,0.22,0.22,0.12,0.485364012463241,3,0,0,"",NA
"170120",-1.24711993483098,4,0.288972064610016,2,0.270033118816965,7,0.513170314552967,15,-0.194953940884685,8,0.22,0.22,0.22,0.22,0.12,0.22,0.22,0.22,0.22,0.12,-0.0618822490133892,4,1,1,"2) # of groups=4",3
"170122",0.0825700107091952,8,0.341835483777506,7,-0.00481152894735507,9,-1.61348001801503,10,-0.356721352567807,7,0.22,0.22,0.22,0.22,0.12,0.22,0.22,0.22,0.22,0.12,-0.305461493852787,5,2,1,"3) # of groups=5",2
"170123",0.728509366972825,8,0.408496509791946,8,1.03842366565547,11,-0.915097081834296,15,-0.162992047477486,8,0.22,0.22,0.22,0.22,0.12,0.22,0.22,0.22,0.22,0.12,0.25771409563161,5,2,1,"3) # of groups=5",4
"170137",-0.19759848305172,7,0.756613627202415,6,1.12667497586052,10,0.154086759113456,15,-0.524882133429822,10,0.22,0.22,0.22,0.22,0.12,0.22,0.22,0.22,0.22,0.12,0.341765057395849,5,2,1,"3) # of groups=5",4
"170142",-0.845011937037514,6,0.689814376441466,3,1.07519454024044,7,0.455332407318294,10,0.699523412149216,7,0.22,0.22,0.22,0.22,0.12,0.22,0.22,0.22,0.22,0.12,0.386515274589697,5,2,1,"3) # of groups=5",4
"170146",0.384067838040063,7,0.341602828862949,6,-0.323593927497224,8,-1.07076002963061,15,0.265909977324327,8,0.22,0.22,0.22,0.22,0.12,0.22,0.22,0.22,0.22,0.12,-0.115201126570542,5,2,1,"3) # of groups=5",3
"170175",-0.625443114030554,5,0.708886209054306,2,0.676825964928526,6,-0.76664950824147,5,0.442952675410567,7,0.22,0.22,0.22,0.22,0.12,0.22,0.22,0.22,0.22,0.12,0.0517506224256458,4,1,1,"2) # of groups=4",3
"170176",0.518758266008215,8,0.00240870675950197,8,0.196246585375179,11,-0.221870891655771,15,0.379179982200148,9,0.22,0.22,0.22,0.22,0.12,0.22,0.22,0.22,0.22,0.12,0.154520984491185,5,2,1,"3) # of groups=5",4
"170182",1.10555615692233,7,0.626141450512313,7,-1.52946515551003,9,-0.653655650375188,15,-0.576012967707065,8,0.22,0.22,0.22,0.22,0.12,0.22,0.22,0.22,0.22,0.12,-0.168434659783974,5,2,1,"3) # of groups=5",3
"170183",-0.573254078264098,1,1.34012470587553,2,2.43182874196234,3,1.79550950881121,10,2.13567234914765,2,0.22,0.22,0.22,0.22,0.12,0.22,0.22,0.22,0.22,0.12,1.35500663514241,2,0,0,"",NA
"170185",0.79868017358648,6,-0.23037418342515,4,-0.28887887731864,8,0.680546260377368,15,0.570965351368804,9,0.22,0.22,0.22,0.22,0.12,0.22,0.22,0.22,0.22,0.12,0.279709984272669,5,2,1,"3) # of groups=5",4
"170186",-0.616287356734228,4,-0.405461115453507,4,1.5233810840707,5,0.93555888295562,15,0.85398014835084,3,0.22,0.22,0.22,0.22,0.12,0.22,0.22,0.22,0.22,0.12,0.41865974666659,5,2,1,"3) # of groups=5",4
"170187",1.12256950126318,1,1.36059046421171,2,0.0843078417972654,4,1.84117217700186,15,0.030721973613527,3,0.22,0.22,0.22,0.22,0.12,0.22,0.22,0.22,0.22,0.12,0.973587433373907,3,0,0,"",NA
"170188",1.36483001262422,1,1.67948059973263,2,3.18272761480974,3,2.16490452764159,15,1.26605064887539,3,0.22,0.22,0.22,0.22,0.12,0.22,0.22,0.22,0.22,0.12,1.99815348392285,3,0,0,"",NA
"170190",0.638048478541098,1,0.537555080037823,2,0.545614770978148,4,1.48569464568591,15,0.969163919418516,3,0.22,0.22,0.22,0.22,0.12,0.22,0.22,0.22,0.22,0.12,0.821820524883677,3,0,0,"",NA
"170191",0.608164563342627,4,-0.0490607951635542,2,0.388249636832333,6,-0.179720716889279,15,1.38821352322503,8,0.22,0.22,0.22,0.22,0.12,0.22,0.22,0.22,0.22,0.12,0.335464814173872,4,1,1,"2) # of groups=4",4
"170194",0.153527455819019,1,0.258498195763056,1,0.312834221799,2,0.602149243648653,15,-1.45065098343692,2,0.22,0.22,0.22,0.22,0.12,0.22,0.22,0.22,0.22,0.12,0.11786388773411,1,0,0,"",NA
"170196",0.638048478541098,1,0.701888739930944,2,-1.08738868099511,3,1.23367086737637,15,-2.5645131843223,2,0.22,0.22,0.22,0.22,0.12,0.22,0.22,0.22,0.22,0.12,0.0192266869490505,2,0,0,"",NA
"170197",-1.00140142173964,7,-0.096268722239691,4,-0.484247378866197,8,-0.362932818444871,15,-0.301451942392241,8,0.22,0.22,0.22,0.22,0.12,0.22,0.22,0.22,0.22,0.12,-0.464041308170957,5,2,1,"3) # of groups=5",2
"170198",0.638048478541098,1,1.35035758504362,2,1.59130634046037,4,1.43473051609729,15,0.678346084236941,3,0.22,0.22,0.22,0.22,0.12,0.22,0.22,0.22,0.22,0.12,1.18457897253976,3,0,0,"",NA
"170199",NA,0,0.196797124152676,1,NA,0,NA,0,0.405949582076122,1,0.22,0.22,0.22,0.22,0.12,NA,0.647058823529412,NA,NA,0.352941176470588,0.270615638713892,0,0,0,"",NA
"170200",1.05847113518569,5,0.868196937361161,3,-0.150667895727364,6,0.26078211323627,10,-0.3094848887059,7,0.22,0.22,0.22,0.22,0.12,0.22,0.22,0.22,0.22,0.12,0.410953917167558,5,2,1,"3) # of groups=5",4
"170203",0.395787967180062,1,-0.234315908295616,2,0.74195101444732,4,0.373035555463013,5,0.196228205662702,5,0.22,0.22,0.22,0.22,0.12,0.22,0.22,0.22,0.22,0.12,0.304368283014376,3,0,0,"",NA
"170204",0.293507022621873,4,0.320199267373437,1,0.613166836612493,6,1.13454821297528,15,0.895292174261027,7,0.22,0.22,0.22,0.22,0.12,0.22,0.22,0.22,0.22,0.12,0.626947755619601,4,1,1,"2) # of groups=4",4
"170208",0.283686973962453,3,0.801437816469876,2,-0.280050409587925,5,0.535842239561032,15,-0.232889729148215,8,0.22,0.22,0.22,0.22,0.12,0.22,0.22,0.22,0.22,0.12,0.26705488899141,4,1,1,"2) # of groups=4",4
"171300",NA,0,1.15927422234555,1,NA,0,NA,0,0.346487344693201,3,0.22,0.22,0.22,0.22,0.12,NA,0.647058823529412,NA,NA,0.352941176470588,0.872408265527074,1,0,0,"",NA
"171301",0.153527455819019,1,NA,0,-2.3035497690839,1,NA,0,-0.450018767161292,2,0.22,0.22,0.22,0.22,0.12,0.392857142857143,NA,0.392857142857143,NA,0.214285714285714,-0.94108421603148,0,0,0,"",NA
"171303",NA,0,NA,0,NA,0,NA,0,1.81592845041621,3,0.22,0.22,0.22,0.22,0.12,NA,NA,NA,NA,1,1.81592845041621,1,0,0,"",NA
"171304",NA,0,NA,0,NA,0,NA,0,-0.0958877666751175,3,0.22,0.22,0.22,0.22,0.12,NA,NA,NA,NA,1,-0.0958877666751175,1,0,0,"",NA
"171306",NA,0,NA,0,-0.0462318379796146,1,NA,0,0.609704713477522,3,0.22,0.22,0.22,0.22,0.12,NA,NA,0.647058823529412,NA,0.352941176470588,0.185275180181728,1,0,0,"",NA
"171307",-2.51133816915241,1,NA,0,-3.80842838982009,1,NA,0,-0.899486057273854,5,0.22,0.22,0.22,0.22,0.12,0.392857142857143,NA,0.392857142857143,NA,0.214285714285714,-2.67551244615502,1,0,0,"",NA
"171308",NA,0,NA,0,NA,0,NA,0,1.59447205630268,4,0.22,0.22,0.22,0.22,0.12,NA,NA,NA,NA,1,1.59447205630268,1,0,0,"",NA
"171309",NA,0,1.15927422234555,1,0.455394368932441,1,NA,0,2.12334291621786,2,0.22,0.22,0.22,0.22,0.12,NA,0.392857142857143,0.392857142857143,NA,0.214285714285714,1.08933614290589,0,0,0,"",NA
"171310",-0.0313124100071488,2,NA,0,-0.574503860372791,2,NA,0,-1.4639616075854,4,0.22,0.22,0.22,0.22,0.12,0.392857142857143,NA,0.392857142857143,NA,0.214285714285714,-0.551705307846133,1,0,0,"",NA
"171311",-0.561865655048281,2,NA,0,1.29480122150593,3,NA,0,0.459464635837798,4,0.22,0.22,0.22,0.22,0.12,0.392857142857143,NA,0.392857142857143,NA,0.214285714285714,0.386395680216462,2,0,0,"",NA
"171312",-1.54229612370826,1,NA,0,-0.0462318379796146,1,NA,0,-0.467785226437309,3,0.22,0.22,0.22,0.22,0.12,0.392857142857143,NA,0.392857142857143,NA,0.214285714285714,-0.724304247756803,1,0,0,"",NA
"171313",-0.10036074348573,2,NA,0,2.21200146019853,2,NA,0,0.401573581101584,5,0.22,0.22,0.22,0.22,0.12,0.392857142857143,NA,0.392857142857143,NA,0.214285714285714,0.915624620373225,1,0,0,"",NA
"171314",NA,0,NA,0,NA,0,NA,0,0.0716991285232564,3,0.22,0.22,0.22,0.22,0.12,NA,NA,NA,NA,1,0.0716991285232564,1,0,0,"",NA
"171315",-2.49810758436716,2,NA,0,1.46667871836735,3,NA,0,1.58414746554706,7,0.22,0.22,0.22,0.22,0.12,0.392857142857143,NA,0.392857142857143,NA,0.214285714285714,-0.0657440261684126,2,0,0,"",NA
"171316",-0.0887330555420189,1,NA,0,0.114244666518483,2,1.11741661309575,5,1.37470452360111,5,0.22,0.22,0.22,0.22,0.12,0.282051282051282,NA,0.282051282051282,0.282051282051282,0.153846153846154,0.533857374523103,2,0,0,"",NA
"171317",NA,0,NA,0,NA,0,NA,0,0.574444722220892,3,0.22,0.22,0.22,0.22,0.12,NA,NA,NA,NA,1,0.574444722220892,1,0,0,"",NA
"171318",1.07247171585402,2,NA,0,1.97878691217504,2,NA,0,1.97434844504335,3,0.22,0.22,0.22,0.22,0.12,0.392857142857143,NA,0.392857142857143,NA,0.214285714285714,1.62178341352071,1,0,0,"",NA
"171319",-0.775060355366909,2,NA,0,-0.531291277747758,2,NA,0,-0.790783239539685,6,0.22,0.22,0.22,0.22,0.12,0.392857142857143,NA,0.392857142857143,NA,0.214285714285714,-0.682663121482123,1,0,0,"",NA
"171321",-0.330993566903058,1,NA,0,0.706207472388479,1,NA,0,-0.265686665574601,4,0.22,0.22,0.22,0.22,0.12,0.392857142857143,NA,0.392857142857143,NA,0.214285714285714,0.0904726059604295,1,0,0,"",NA
"171322",0.153527455819019,1,NA,0,0.204581265476417,1,NA,0,1.36031375291065,4,0.22,0.22,0.22,0.22,0.12,0.392857142857143,NA,0.392857142857143,NA,0.214285714285714,0.432181373275489,1,0,0,"",NA
"171323",NA,0,NA,0,0.204581265476417,1,NA,0,0.471837398990533,3,0.22,0.22,0.22,0.22,0.12,NA,NA,0.647058823529412,NA,0.352941176470588,0.29890695965787,1,0,0,"",NA
"171324",NA,0,NA,0,-1.30029735525977,1,NA,0,-1.00768750440382,2,0.22,0.22,0.22,0.22,0.12,NA,NA,0.647058823529412,NA,0.352941176470588,-1.19702329025179,0,0,0,"",NA
"171325",0.045298048325038,2,NA,0,-0.278878095091526,3,NA,0,-1.30688065520335,5,0.22,0.22,0.22,0.22,0.12,0.392857142857143,NA,0.392857142857143,NA,0.214285714285714,-0.371809444487552,2,0,0,"",NA
"171326",-0.224515849107693,2,NA,0,-0.679446141180588,2,NA,0,-0.304287857953992,5,0.22,0.22,0.22,0.22,0.12,0.392857142857143,NA,0.392857142857143,NA,0.214285714285714,-0.420332465746251,1,0,0,"",NA
"171327",-1.0434926948647,4,NA,0,-0.195528691850161,5,NA,0,-1.67370741018092,6,0.22,0.22,0.22,0.22,0.12,0.392857142857143,NA,0.392857142857143,NA,0.214285714285714,-0.845409989819607,3,1,1,"1) # of groups=3",2
"171328",-1.05777510098618,1,-1.2703999145377,1,0.455394368932441,1,NA,0,-0.574528005010794,3,0.22,0.22,0.22,0.22,0.12,0.282051282051282,0.282051282051282,0.282051282051282,NA,0.153846153846154,-0.616609106219759,1,0,0,"",NA
"171329",-0.515833432729227,2,NA,0,0.0501767242431988,3,NA,0,0.213127638137527,3,0.22,0.22,0.22,0.22,0.12,0.392857142857143,NA,0.392857142857143,NA,0.214285714285714,-0.137266355875755,2,0,0,"",NA
"171330",-0.822605002656684,2,NA,0,0.434764922794901,3,NA,0,1.20665602340661,6,0.22,0.22,0.22,0.22,0.12,0.392857142857143,NA,0.392857142857143,NA,0.214285714285714,0.106203402212859,2,0,0,"",NA
"171331",0.218510226207497,2,NA,0,0.789035700530248,3,NA,0,1.03291313190547,4,0.22,0.22,0.22,0.22,0.12,0.392857142857143,NA,0.392857142857143,NA,0.214285714285714,0.617160142341,2,0,0,"",NA
"171332",-0.330993566903058,1,NA,0,-0.798671148347709,1,NA,0,1.72043538088886,3,0.22,0.22,0.22,0.22,0.12,0.392857142857143,NA,0.392857142857143,NA,0.214285714285714,-0.07513212794376,1,0,0,"",NA
"171333",-2.66370599626981,3,0.549038122933046,1,-0.626886969979023,4,NA,0,-0.945077532037097,5,0.22,0.22,0.22,0.22,0.12,0.282051282051282,0.282051282051282,0.282051282051282,NA,0.153846153846154,-0.918655601761442,3,1,1,"1) # of groups=3",2
"171334",-2.21316943722722,2,1.15927422234555,1,-1.15752535828679,3,NA,0,0.109900608588863,4,0.22,0.22,0.22,0.22,0.12,0.282051282051282,0.282051282051282,0.282051282051282,NA,0.153846153846154,-0.606826221879997,2,0,0,"",NA
"171335",0.575414899469687,3,NA,0,0.709809785514263,3,NA,0,-0.319423559764213,4,0.22,0.22,0.22,0.22,0.12,0.392857142857143,NA,0.392857142857143,NA,0.214285714285714,0.436461792008506,3,1,1,"1) # of groups=3",4
"171336",-1.69471559195186,2,NA,0,0.0721377750635605,3,NA,0,0.0815886937516417,5,0.22,0.22,0.22,0.22,0.12,0.392857142857143,NA,0.392857142857143,NA,0.214285714285714,-0.619957993687909,2,0,0,"",NA
"171337",0.586438268161219,2,NA,0,1.071109210799,3,NA,0,-0.221416190107996,4,0.22,0.22,0.22,0.22,0.12,0.392857142857143,NA,0.392857142857143,NA,0.214285714285714,0.603733040282658,2,0,0,"",NA
"171338",0.169453153947,2,NA,0,0.777557768165629,3,NA,0,0.258339900156992,5,0.22,0.22,0.22,0.22,0.12,0.392857142857143,NA,0.392857142857143,NA,0.214285714285714,0.427398555149317,2,0,0,"",NA
"171339",-2.54565223165694,2,NA,0,-1.7846627367394,3,NA,0,0.455028561650159,5,0.22,0.22,0.22,0.22,0.12,0.392857142857143,NA,0.392857142857143,NA,0.214285714285714,-1.6036890458021,2,0,0,"",NA
"171341",-1.27359121107291,4,NA,0,-0.0261676412286934,5,0.937159682366394,10,0.363064567525772,6,0.22,0.22,0.22,0.22,0.12,0.282051282051282,NA,0.282051282051282,0.282051282051282,0.153846153846154,-0.0464154734392993,4,1,1,"2) # of groups=4",3
"171343",-0.0887330555420189,1,NA,0,-0.297044941435646,1,NA,0,-0.0874640588150098,3,0.22,0.22,0.22,0.22,0.12,0.392857142857143,NA,0.392857142857143,NA,0.214285714285714,-0.170297939987299,1,0,0,"",NA
"171344",-1.81282099769094,2,NA,0,-0.504655396794241,4,NA,0,-0.408406760717747,6,0.22,0.22,0.22,0.22,0.12,0.392857142857143,NA,0.392857142857143,NA,0.214285714285714,-0.997952889415838,2,0,0,"",NA
"171345",-0.31809271871652,2,NA,0,-1.45524893879626,3,NA,0,-0.271133062133184,5,0.22,0.22,0.22,0.22,0.12,0.392857142857143,NA,0.392857142857143,NA,0.214285714285714,-0.754769878765703,2,0,0,"",NA
"171346",0.0697011387821786,2,NA,0,-0.390454787848311,3,NA,0,-0.704806365533755,5,0.22,0.22,0.22,0.22,0.12,0.392857142857143,NA,0.392857142857143,NA,0.214285714285714,-0.277040297604642,2,0,0,"",NA
"171347",0.246063612279186,2,NA,0,0.681068524194751,3,NA,0,-0.687564245818179,4,0.22,0.22,0.22,0.22,0.12,0.392857142857143,NA,0.392857142857143,NA,0.214285714285714,0.216895286653723,2,0,0,"",NA
"171348",-1.17205420836304,2,NA,0,1.11560651293939,2,NA,0,-0.10528002680848,3,0.22,0.22,0.22,0.22,0.12,0.392857142857143,NA,0.392857142857143,NA,0.214285714285714,-0.0447358860896797,1,0,0,"",NA
"171349",-1.027907841523,2,NA,0,0.395402583909934,3,NA,0,-0.591183225028268,5,0.22,0.22,0.22,0.22,0.12,0.392857142857143,NA,0.392857142857143,NA,0.214285714285714,-0.375166327996905,2,0,0,"",NA
"171350",-0.237164484501945,3,NA,0,-0.894853148228279,4,NA,0,0.0289555242994622,5,0.22,0.22,0.22,0.22,0.12,0.392857142857143,NA,0.392857142857143,NA,0.214285714285714,-0.438516457651275,3,1,1,"1) # of groups=3",3
"171351",-0.0887330555420189,1,NA,0,-0.678066883179216,2,NA,0,1.67886187788452,2,0.22,0.22,0.22,0.22,0.12,0.392857142857143,NA,0.392857142857143,NA,0.214285714285714,0.0585132836204834,0,0,0,"",NA
"171352",NA,0,NA,0,-1.03359942449838,1,NA,0,0.976818354565342,2,0.22,0.22,0.22,0.22,0.12,NA,NA,0.647058823529412,NA,0.352941176470588,-0.324040208358243,0,0,0,"",NA
"171353",-0.10036074348573,2,NA,0,0.634438399021316,3,NA,0,-0.392902561604725,5,0.22,0.22,0.22,0.22,0.12,0.392857142857143,NA,0.392857142857143,NA,0.214285714285714,0.125622815759396,2,0,0,"",NA
"171354",-1.17659148327521,2,NA,0,0.489424937340073,2,NA,0,0.664152793335675,8,0.22,0.22,0.22,0.22,0.12,0.392857142857143,NA,0.392857142857143,NA,0.214285714285714,-0.127639830188302,1,0,0,"",NA
"171355",-0.397728026990149,2,NA,0,1.48332203530401,3,NA,0,0.647288605733169,4,0.22,0.22,0.22,0.22,0.12,0.392857142857143,NA,0.392857142857143,NA,0.214285714285714,0.565188061637553,2,0,0,"",NA
"171356",0.153527455819019,1,NA,0,0.614232734737539,2,NA,0,0.701018415253454,4,0.22,0.22,0.22,0.22,0.12,0.392857142857143,NA,0.392857142857143,NA,0.214285714285714,0.451838306701531,1,0,0,"",NA
"171357",-0.321117568657963,2,NA,0,0.957020575844511,1,NA,0,1.0412196027337,4,0.22,0.22,0.22,0.22,0.12,0.392857142857143,NA,0.392857142857143,NA,0.214285714285714,0.472937524837651,1,0,0,"",NA
"171358",0.410201240337318,2,NA,0,0.860251815544695,3,NA,0,0.448736758301626,4,0.22,0.22,0.22,0.22,0.12,0.392857142857143,NA,0.392857142857143,NA,0.214285714285714,0.595264434446854,2,0,0,"",NA
"171359",-0.365637366006296,2,NA,0,0.441312904411197,3,NA,0,-0.296051857497249,2,0.22,0.22,0.22,0.22,0.12,0.392857142857143,NA,0.392857142857143,NA,0.214285714285714,-0.0337100079474851,1,0,0,"",NA
"171360",NA,0,NA,0,0.957020575844511,1,NA,0,-0.671977489400623,3,0.22,0.22,0.22,0.22,0.12,NA,NA,0.647058823529412,NA,0.352941176470588,0.382080082228581,1,0,0,"",NA
"171361",-0.661207545413891,3,0.219763209943122,1,-1.49090806887659,5,2.04511474054664,15,1.07736808936043,6,0.22,0.22,0.22,0.22,0.12,0.22,0.22,0.22,0.22,0.12,0.154091884687093,4,1,1,"2) # of groups=4",3
"171362",-0.756128088902818,4,0.713675579428008,1,-0.513101253783804,8,1.20599689148043,10,-0.480696303559422,6,0.22,0.22,0.22,0.22,0.12,0.22,0.22,0.22,0.22,0.12,0.0854139317816688,4,1,1,"2) # of groups=4",3
"171363",-0.750388698510258,4,0.384400666438084,1,0.232644237790869,5,1.20777222395035,10,1.5957402388494,6,0.22,0.22,0.22,0.22,0.12,0.22,0.22,0.22,0.22,0.12,0.427863083189118,4,1,1,"2) # of groups=4",4
"171364",0.365681442988986,2,NA,0,0.240671937189367,3,NA,0,-0.688904433857569,3,0.22,0.22,0.22,0.22,0.12,0.392857142857143,NA,0.392857142857143,NA,0.214285714285714,0.0905878778148739,2,0,0,"",NA
"171365",NA,0,NA,0,0.706207472388479,1,NA,0,1.70742581183909,3,0.22,0.22,0.22,0.22,0.12,NA,NA,0.647058823529412,NA,0.352941176470588,1.05957865101811,1,0,0,"",NA
"171367",0.215485376266055,2,NA,0,0.0752335817316551,3,NA,0,1.21588258208264,5,0.22,0.22,0.22,0.22,0.12,0.392857142857143,NA,0.392857142857143,NA,0.214285714285714,0.374757286802523,2,0,0,"",NA
"171368",-0.606385452396615,2,NA,0,0.670627625022249,2,NA,0,-0.576330444054436,5,0.22,0.22,0.22,0.22,0.12,0.392857142857143,NA,0.392857142857143,NA,0.214285714285714,-0.0982613844801658,1,0,0,"",NA
"171369",0.153527455819019,1,NA,0,0.567413425982992,3,NA,0,0.112879953140659,4,0.22,0.22,0.22,0.22,0.12,0.392857142857143,NA,0.392857142857143,NA,0.214285714285714,0.307415336380931,2,0,0,"",NA
"171370",-0.0306084954783904,4,NA,0,-1.49882057466153,5,NA,0,0.581131637595258,5,0.22,0.22,0.22,0.22,0.12,0.392857142857143,NA,0.392857142857143,NA,0.214285714285714,-0.476318926641699,3,1,1,"1) # of groups=3",2
"171371",-0.929863007152275,4,NA,0,0.00170059514709681,5,1.82799228940668,10,-0.538667478490646,7,0.22,0.22,0.22,0.22,0.12,0.282051282051282,NA,0.282051282051282,0.282051282051282,0.153846153846154,0.17092625078135,4,1,1,"2) # of groups=4",3
"171372",-0.211914891546969,4,-4.71662736846178,1,0.67101885376842,4,NA,0,0.0673107786231514,5,0.22,0.22,0.22,0.22,0.12,0.282051282051282,0.282051282051282,0.282051282051282,NA,0.153846153846154,-1.19048443068986,3,1,1,"1) # of groups=3",2
"171373",-0.0352734012033389,3,NA,0,0.910439337185148,4,0.957970733931172,5,0.612084810729593,8,0.22,0.22,0.22,0.22,0.12,0.282051282051282,NA,0.282051282051282,0.282051282051282,0.153846153846154,0.611205441882573,4,1,1,"2) # of groups=4",4
"171374",-0.04676639631307,2,NA,0,0.973740902988066,3,NA,0,0.0126227189450687,7,0.22,0.22,0.22,0.22,0.12,0.392857142857143,NA,0.392857142857143,NA,0.214285714285714,0.36687342453912,2,0,0,"",NA
"171375",-1.76820702793058,4,0.00920732781631498,2,-0.222442857494883,5,2.12842066483007,10,-0.771293019198601,7,0.22,0.22,0.22,0.22,0.12,0.22,0.22,0.22,0.22,0.12,-0.0602199787152293,4,1,1,"2) # of groups=4",3
"171376",-1.76197646074536,3,NA,0,0.740818289176241,4,NA,0,-0.731691436437301,6,0.22,0.22,0.22,0.22,0.12,0.392857142857143,NA,0.392857142857143,NA,0.214285714285714,-0.557960303781576,3,1,1,"1) # of groups=3",2
"171377",-2.73583082081604,2,NA,0,-0.611853727147918,4,NA,0,-0.625880026102797,5,0.22,0.22,0.22,0.22,0.12,0.392857142857143,NA,0.392857142857143,NA,0.214285714285714,-1.44927893515073,2,0,0,"",NA
"171378",-0.173946351876474,2,NA,0,1.64734745152871,2,NA,0,-0.151514117149361,5,0.22,0.22,0.22,0.22,0.12,0.392857142857143,NA,0.392857142857143,NA,0.214285714285714,0.54636883547423,1,0,0,"",NA
"171379",-0.242630951599803,3,NA,0,-0.356466145586332,4,NA,0,1.2613014679604,4,0.22,0.22,0.22,0.22,0.12,0.392857142857143,NA,0.392857142857143,NA,0.214285714285714,0.0349193120969612,3,1,1,"1) # of groups=3",3
"171380",-1.89605374134504,4,-1.88282956796032,2,-1.31683203655935,6,1.22726342143261,15,0.66470594962554,8,0.22,0.22,0.22,0.22,0.12,0.22,0.22,0.22,0.22,0.12,-0.771294709419997,4,1,1,"2) # of groups=4",1
"171381",-1.93781844479644,3,NA,0,0.357562530975844,4,0.10554131378785,5,-1.47778182072997,6,0.22,0.22,0.22,0.22,0.12,0.282051282051282,NA,0.282051282051282,0.282051282051282,0.153846153846154,-0.643296192942052,4,1,1,"2) # of groups=4",2
"171382",0.295120684539683,2,1.20758794891289,1,0.248008077938337,3,1.31795730920431,10,0.992691171274772,7,0.22,0.22,0.22,0.22,0.12,0.22,0.22,0.22,0.22,0.12,0.794231225083921,3,0,0,"",NA
"171383",-1.28630889387599,4,1.15927422234555,1,1.22864687925997,5,0.702960153378978,15,0.0996596496753721,8,0.22,0.22,0.22,0.22,0.12,0.22,0.22,0.22,0.22,0.12,0.408965077404916,4,1,1,"2) # of groups=4",4
"171384",-1.2709182978101,6,-1.19663578058084,2,1.25460178282201,6,-0.0794013464449351,10,0.910390085721669,8,0.22,0.22,0.22,0.22,0.12,0.22,0.22,0.22,0.22,0.12,-0.17507099095645,4,1,1,"2) # of groups=4",2
"171385",-0.22384283608808,3,NA,0,0.800186592843479,4,NA,0,0.824603961706436,6,0.22,0.22,0.22,0.22,0.12,0.392857142857143,NA,0.392857142857143,NA,0.214285714285714,0.403121610519572,3,1,1,"1) # of groups=3",4
"171386",NA,0,NA,0,NA,0,NA,0,1.48174868564367,2,0.22,0.22,0.22,0.22,0.12,NA,NA,NA,NA,1,1.48174868564367,0,0,0,"",NA
"171388",0.776616857320319,2,NA,0,1.64004840864069,2,NA,0,1.84482962830959,4,0.22,0.22,0.22,0.22,0.12,0.392857142857143,NA,0.392857142857143,NA,0.214285714285714,1.34472484626531,1,0,0,"",NA
"180001",1.90003560818047,5,0.678460837956798,5,-0.896623991618523,6,0.258668085957185,15,0.786402659394135,8,0.22,0.22,0.22,0.22,0.12,0.22,0.22,0.22,0.22,0.12,0.521287238032001,5,2,1,"3) # of groups=5",5
"180002",-0.733306011321913,4,0.770587280664686,2,-0.126648680824882,5,0.305706575528598,15,0.58659794919096,7,0.22,0.22,0.22,0.22,0.12,0.22,0.22,0.22,0.22,0.12,0.117986369993143,4,1,1,"2) # of groups=4",3
"180004",-0.0259916216767146,4,0.475823864473901,2,0.491648233420341,6,0.271140539743287,15,1.1679607385688,8,0.22,0.22,0.22,0.22,0.12,0.22,0.22,0.22,0.22,0.12,0.406931912139635,4,1,1,"2) # of groups=4",4
"180005",-0.41500478022553,6,-0.363541242164495,5,-1.34074236560024,6,-0.655355741049483,15,0.119633885747533,8,0.22,0.22,0.22,0.22,0.12,0.22,0.22,0.22,0.22,0.12,-0.596065642099041,5,2,1,"3) # of groups=5",2
"180009",-0.128048906522113,8,-0.341617551952904,7,-0.256228198110944,11,0.03463539473265,15,0.467080615030487,10,0.22,0.22,0.22,0.22,0.12,0.22,0.22,0.22,0.22,0.12,-0.09602736380407,5,2,1,"3) # of groups=5",3
"180010",0.225888039101487,8,-0.17493961847539,7,-0.879702926499088,9,-0.284439146158821,15,0.284579112210249,8,0.22,0.22,0.22,0.22,0.12,0.22,0.22,0.22,0.22,0.12,-0.210753109981769,5,2,1,"3) # of groups=5",3
"180011",-0.0453491446821712,7,0.0949460654381907,6,0.0244226061521967,10,0.485035587764211,15,-0.892028575006808,10,0.22,0.22,0.22,0.22,0.12,0.22,0.22,0.22,0.22,0.12,0.015948696227117,5,2,1,"3) # of groups=5",3
"180012",-0.453836689473058,7,-0.395772746192578,7,-0.273302920539218,9,0.0772912569485344,15,0.338777628943917,10,0.22,0.22,0.22,0.22,0.12,0.22,0.22,0.22,0.22,0.12,-0.18938332636312,5,2,1,"3) # of groups=5",3
"180013",-1.74595957653668,8,-0.516384176424933,6,0.199270229866711,10,-0.656644793845866,15,-0.00576795341298746,10,0.22,0.22,0.22,0.22,0.12,0.22,0.22,0.22,0.22,0.12,-0.599030184136528,5,2,1,"3) # of groups=5",2
"180016",0.412117896045459,3,-0.0454116280124525,2,-0.269863454499146,6,-0.0643789491961398,15,0.385002888405282,8,0.22,0.22,0.22,0.22,0.12,0.22,0.22,0.22,0.22,0.12,0.0533423967629324,4,1,1,"2) # of groups=4",3
"180017",-0.782505811247262,6,0.936190343016987,6,-0.0756012716593113,10,0.0158900835406047,15,-0.490913983734067,10,0.22,0.22,0.22,0.22,0.12,0.22,0.22,0.22,0.22,0.12,-0.038235542444864,5,2,1,"3) # of groups=5",3
"180018",-0.381098204684124,7,-0.480548729246235,5,-0.827451450615504,8,0.00698742847461655,15,0.327587696370823,8,0.22,0.22,0.22,0.22,0.12,0.22,0.22,0.22,0.22,0.12,-0.330753886771175,5,2,1,"3) # of groups=5",2
"180019",0.816815546222502,4,0.924839959690638,2,0.944749605250288,7,-0.767461359713915,15,-1.27153477547771,8,0.22,0.22,0.22,0.22,0.12,0.22,0.22,0.22,0.22,0.12,0.269583452261568,4,1,1,"2) # of groups=4",4
"180020",-2.20541084903419,4,0.678035673249115,2,-1.94481414289131,5,-0.61997464048814,5,-0.419654377766757,7,0.22,0.22,0.22,0.22,0.12,0.22,0.22,0.22,0.22,0.12,-0.950634596348206,4,1,1,"2) # of groups=4",1
"180024",-0.188147318127454,4,0.689915641975413,3,1.35494646285715,7,0.815900077474385,15,0.230051615695702,9,0.22,0.22,0.22,0.22,0.12,0.22,0.22,0.22,0.22,0.12,0.615581464002973,5,2,1,"3) # of groups=5",5
"180025",0.147633239424782,3,0.770587280664686,2,-0.289983971676886,7,0.273065022287934,15,-1.20898473977593,9,0.22,0.22,0.22,0.22,0.12,0.22,0.22,0.22,0.22,0.12,0.0532081767810019,4,1,1,"2) # of groups=4",3
"180027",-0.887729425495323,6,0.187957420631724,5,-0.321495183939023,10,0.599417931844891,15,-0.68847628260274,8,0.22,0.22,0.22,0.22,0.12,0.22,0.22,0.22,0.22,0.12,-0.17542399044303,5,2,1,"3) # of groups=5",3
"180029",-0.236184169737357,7,-0.465556456022932,6,-1.41761079959257,9,-0.399901091470887,15,-0.226385143204993,8,0.22,0.22,0.22,0.22,0.12,0.22,0.22,0.22,0.22,0.12,-0.581401770885823,5,2,1,"3) # of groups=5",2
"180035",1.4150054947758,8,-0.252762118003163,8,0.521299173237495,11,0.624938353276129,15,0.42465987713336,10,0.22,0.22,0.22,0.22,0.12,0.22,0.22,0.22,0.22,0.12,0.558824983978981,5,2,1,"3) # of groups=5",5
"180038",-1.09246154399233,8,-0.368290582774998,7,0.468614032195424,10,-0.677625262238955,15,0.0175119886948209,10,0.22,0.22,0.22,0.22,0.12,0.22,0.22,0.22,0.22,0.12,-0.36524649985501,5,2,1,"3) # of groups=5",2
"180040",-0.175276498864092,8,-0.553688632593305,7,-0.397845378401511,9,-0.676024906786814,15,-0.0614034017005829,10,0.22,0.22,0.22,0.22,0.12,0.22,0.22,0.22,0.22,0.12,-0.403992199866129,5,2,1,"3) # of groups=5",2
"180043",0.380194893741515,3,-1.21987212759001,2,-0.32823173178925,5,1.27349351922362,15,-1.50680068109422,7,0.22,0.22,0.22,0.22,0.12,0.22,0.22,0.22,0.22,0.12,-0.157587479942414,4,1,1,"2) # of groups=4",3
"180044",-1.7287785243503,8,-1.13382268380631,6,-1.9061877391863,10,-0.180069157474388,15,-0.330391954216128,10,0.22,0.22,0.22,0.22,0.12,0.22,0.22,0.22,0.22,0.12,-1.12839581756574,5,2,1,"3) # of groups=5",1
"180045",0.125723473348867,7,-0.0597201304912131,6,-0.447748756766392,6,0.326494195332113,15,0.599975500635145,9,0.22,0.22,0.22,0.22,0.12,0.22,0.22,0.22,0.22,0.12,0.0598417919893599,5,2,1,"3) # of groups=5",3
"180046",-1.04681574204163,3,NA,0,0.625628202464665,4,-1.18553197621164,5,0.104035619277145,7,0.22,0.22,0.22,0.22,0.12,0.282051282051282,NA,0.282051282051282,0.282051282051282,0.153846153846154,-0.4371718194362,4,1,1,"2) # of groups=4",2
"180048",-1.30913188104802,7,-0.568148831627706,6,0.152947597725311,9,0.0745782980657199,15,0.811535133146789,9,0.22,0.22,0.22,0.22,0.12,0.22,0.22,0.22,0.22,0.12,-0.265561843737018,5,2,1,"3) # of groups=5",3
"180049",-0.856027037738459,6,0.941045431356468,3,0.275328562275842,8,0.731364756236636,15,0.526712862516563,7,0.22,0.22,0.22,0.22,0.12,0.22,0.22,0.22,0.22,0.12,0.303382120170695,5,2,1,"3) # of groups=5",4
"180050",-0.620181586973391,4,-0.0299211011185931,2,-0.813424387520971,8,-0.606040850475379,15,0.373087709462398,7,0.22,0.22,0.22,0.22,0.12,0.22,0.22,0.22,0.22,0.12,-0.410534418603946,4,1,1,"2) # of groups=4",2
"180051",-1.92592043757182,5,-0.974085229239284,5,-0.0100578461275015,8,-0.408248593169247,15,-0.710174158634075,8,0.22,0.22,0.22,0.22,0.12,0.22,0.22,0.22,0.22,0.12,-0.815249562379817,5,2,1,"3) # of groups=5",1
"180056",-0.603643094649667,5,0.136573072109911,6,-0.00687715217214883,8,-2.46635220149153,15,0.568101072034789,8,0.22,0.22,0.22,0.22,0.12,0.22,0.22,0.22,0.22,0.12,-0.578693734120581,5,2,1,"3) # of groups=5",2
"180064",0.95152204966592,3,0.462081922612783,2,-0.26646838664326,5,0.850437469667738,15,-0.740046692812536,8,0.22,0.22,0.22,0.22,0.12,0.22,0.22,0.22,0.22,0.12,0.350660469029196,4,1,1,"2) # of groups=4",4
"180066",0.163273354712762,3,-0.675171993377021,2,-1.22461500013948,4,0.448216171848179,15,-0.398239116981954,7,0.22,0.22,0.22,0.22,0.12,0.22,0.22,0.22,0.22,0.12,-0.331214136768058,4,1,1,"2) # of groups=4",2
"180067",1.02381646006314,8,-0.28910848411672,7,0.917462356662758,10,0.585563358108292,15,-0.892734423874023,8,0.22,0.22,0.22,0.22,0.12,0.22,0.22,0.22,0.22,0.12,0.385173281092961,5,2,1,"3) # of groups=5",4
"180069",0.323704703853366,4,0.133714575085166,2,-2.05381405137386,5,-0.217838690917372,15,0.319004309768663,7,0.22,0.22,0.22,0.22,0.12,0.22,0.22,0.22,0.22,0.12,-0.360850844765354,4,1,1,"2) # of groups=4",2
"18006F",2.24298756469524,4,0.524939086954712,4,-0.301596046569074,6,0.0503694544684633,10,1.34078802447497,3,0.22,0.22,0.22,0.22,0.12,0.22,0.22,0.22,0.22,0.12,0.714568576037852,5,2,1,"3) # of groups=5",5
"180070",-0.130006086709189,4,-0.168030663338043,2,0.0899251241955907,6,0.355494573138202,15,0.659720360905375,7,0.22,0.22,0.22,0.22,0.12,0.22,0.22,0.22,0.22,0.12,0.111590691711688,4,1,1,"2) # of groups=4",3
"180078",-1.17061027280644,4,0.678035673249115,2,-2.33300577321283,5,0.0360691892701671,15,0.324258145615222,7,0.22,0.22,0.22,0.22,0.12,0.22,0.22,0.22,0.22,0.12,-0.574781482896171,4,1,1,"2) # of groups=4",2
"180079",-1.72439426097914,5,-0.0131647277607775,2,0.599388929567786,6,1.01064520617135,15,0.528226214931666,9,0.22,0.22,0.22,0.22,0.12,0.22,0.22,0.22,0.22,0.12,0.0353316781316279,4,1,1,"2) # of groups=4",3
"18007F",1.62648399737095,4,-1.92516306549859,3,-0.554833318266642,6,0.826764122870469,10,0.104980639829901,4,0.22,0.22,0.22,0.22,0.12,0.22,0.22,0.22,0.22,0.12,0.00671305880434928,5,2,1,"3) # of groups=5",3
"180080",0.0160695801256693,7,-0.282007666475656,6,-0.0216232313689104,9,0.49388696240848,15,-0.0182638225186889,8,0.22,0.22,0.22,0.22,0.12,0.22,0.22,0.22,0.22,0.12,0.0431999831294656,5,2,1,"3) # of groups=5",3
"180087",-0.852230315800998,4,-1.73397619492192,3,0.573500541728463,8,0.631089858880894,15,-0.215437370040199,9,0.22,0.22,0.22,0.22,0.12,0.22,0.22,0.22,0.22,0.12,-0.329808028629807,5,2,1,"3) # of groups=5",2
"180088",-0.37765300944751,8,-0.513477391632678,8,-0.879606831331238,11,-0.0966072555650326,15,-0.693771479376028,10,0.22,0.22,0.22,0.22,0.12,0.22,0.22,0.22,0.22,0.12,-0.494068364879944,5,2,1,"3) # of groups=5",2
"180092",-0.688973003694735,6,0.815015966424694,4,-0.178048104148733,9,0.0572639324240327,15,-0.174484102943615,9,0.22,0.22,0.22,0.22,0.12,0.22,0.22,0.22,0.22,0.12,-0.0197811583320769,5,2,1,"3) # of groups=5",3
"180093",-1.67097171206365,8,0.0569603937946284,6,-0.0912452973491001,10,-0.318377735805215,15,-0.682914360497137,9,0.22,0.22,0.22,0.22,0.12,0.22,0.22,0.22,0.22,0.12,-0.527149280572791,5,2,1,"3) # of groups=5",2
"180101",-0.196071096177609,3,0.832288352275067,2,-0.842420427180124,7,-0.326588610356061,15,-0.206786378626882,8,0.22,0.22,0.22,0.22,0.12,0.22,0.22,0.22,0.22,0.12,-0.142028557351746,4,1,1,"2) # of groups=4",3
"180102",0.460211516514134,8,0.37455494500097,7,-0.825759587870759,11,-0.378818792063484,15,-0.311724406438336,8,0.22,0.22,0.22,0.22,0.12,0.22,0.22,0.22,0.22,0.12,-0.118765550824811,5,2,1,"3) # of groups=5",3
"180103",0.482523394136457,8,-0.0168334629039968,8,0.218488288820214,11,0.702648730215431,15,0.210773797311434,8,0.22,0.22,0.22,0.22,0.12,0.22,0.22,0.22,0.22,0.12,0.330394784736355,5,2,1,"3) # of groups=5",4
"180104",-0.263044940786626,8,-0.930181004239482,6,1.91922548083238,10,0.450480997352657,15,-0.485501209999196,10,0.22,0.22,0.22,0.22,0.12,0.22,0.22,0.22,0.22,0.12,0.200565572095061,5,2,1,"3) # of groups=5",4
"180105",-0.139314473902501,4,-1.56363644829948,1,-3.86183074604758,4,0.399918746044335,10,-0.819160792744054,7,0.22,0.22,0.22,0.22,0.12,0.22,0.22,0.22,0.22,0.12,-1.23456913801444,4,1,1,"2) # of groups=4",1
"180115",-2.24738745616335,4,0.585484065833544,2,0.576127752327195,5,0.798154038055625,5,-0.879107811001699,8,0.22,0.22,0.22,0.22,0.12,0.22,0.22,0.22,0.22,0.12,-0.168769689308541,4,1,1,"2) # of groups=4",2
"180116",-0.664364335756411,6,-1.92230841936213,3,-0.258648689935305,6,-0.0146630667534926,15,-1.58907236727485,7,0.22,0.22,0.22,0.22,0.12,0.22,0.22,0.22,0.22,0.12,-0.819885276670597,5,2,1,"3) # of groups=5",1
"180124",-0.556983612581519,6,0.731593131028628,5,-1.54032390187219,8,-0.519135006071999,15,0.126334785700509,9,0.22,0.22,0.22,0.22,0.12,0.22,0.22,0.22,0.22,0.12,-0.399506691405296,5,2,1,"3) # of groups=5",2
"180127",-0.300514306536759,6,1.10465398473414,5,-0.34600840733666,6,-0.858486853838262,15,-0.888130423398761,8,0.22,0.22,0.22,0.22,0.12,0.22,0.22,0.22,0.22,0.12,-0.19465387906291,5,2,1,"3) # of groups=5",3
"180128",-0.668847118705637,4,0.708886209054306,2,-0.749296936256983,6,1.49728015128541,15,0.103620401425479,7,0.22,0.22,0.22,0.22,0.12,0.22,0.22,0.22,0.22,0.12,0.185799355354019,4,1,1,"2) # of groups=4",3
"180130",-0.0198757831568975,8,0.117093460215269,8,0.780193954403042,11,0.284527859129878,15,-0.0468695301516659,10,0.22,0.22,0.22,0.22,0.12,0.22,0.22,0.22,0.22,0.12,0.250002344311884,5,2,1,"3) # of groups=5",4
"180132",-1.2227127629802,7,0.461197906974421,7,-0.780566944162588,7,-1.05256176552962,15,-0.99765059178952,8,0.22,0.22,0.22,0.22,0.12,0.22,0.22,0.22,0.22,0.12,-0.6905396554683,5,2,1,"3) # of groups=5",2
"180138",0.148224600368282,4,0.0404374549668057,3,0.98309864492159,8,0.90471587293335,15,0.449861499680663,8,0.22,0.22,0.22,0.22,0.12,0.22,0.22,0.22,0.22,0.12,0.510808226063486,5,2,1,"3) # of groups=5",5
"180141",-0.822936329243593,7,-0.434946837687937,7,-1.70863128564351,8,-0.912268626206988,15,-0.22286574001889,7,0.22,0.22,0.22,0.22,0.12,0.22,0.22,0.22,0.22,0.12,-0.880076166134313,5,2,1,"3) # of groups=5",1
"180143",1.27805549936421,4,-0.160326789407102,3,-1.60709402090078,8,-0.788913288709459,15,-0.325971795102856,6,0.22,0.22,0.22,0.22,0.12,0.22,0.22,0.22,0.22,0.12,-0.320337907336032,5,2,1,"3) # of groups=5",2
"180149",-1.56148593650557,2,NA,0,0.816498447670483,2,NA,0,1.09025097992132,5,0.22,0.22,0.22,0.22,0.12,0.392857142857143,NA,0.392857142857143,NA,0.214285714285714,-0.0590484463449299,1,0,0,"",NA
"180154",-1.79933487221301,3,NA,0,-1.96536723731604,3,NA,0,0.521534011219419,3,0.22,0.22,0.22,0.22,0.12,0.392857142857143,NA,0.392857142857143,NA,0.214285714285714,-1.36723282633939,3,1,1,"1) # of groups=3",1
"181301",-0.321113515439959,4,NA,0,0.533236570591526,5,NA,0,0.305450544489992,6,0.22,0.22,0.22,0.22,0.12,0.392857142857143,NA,0.392857142857143,NA,0.214285714285714,0.148787745485971,3,1,1,"1) # of groups=3",4
"181302",-0.573254078264098,1,NA,0,0.015365438976415,2,-1.12271695027721,5,1.19693152589469,5,0.22,0.22,0.22,0.22,0.12,0.282051282051282,NA,0.282051282051282,0.282051282051282,0.153846153846154,-0.289873649483223,2,0,0,"",NA
"181304",-1.05777510098618,1,NA,0,-0.56501164029711,2,NA,0,0.174442042537215,3,0.22,0.22,0.22,0.22,0.12,0.392857142857143,NA,0.392857142857143,NA,0.214285714285714,-0.600142924960461,1,0,0,"",NA
"181305",NA,0,-2.34560053833087,1,NA,0,NA,0,1.41106123105459,7,0.22,0.22,0.22,0.22,0.12,NA,0.647058823529412,NA,NA,0.352941176470588,-1.01971991384188,1,0,0,"",NA
"181306",0.28046814665453,1,-1.34021813686194,1,-0.569743555444794,2,1.58801006872892,5,0.497540231983682,4,0.22,0.22,0.22,0.22,0.12,0.22,0.22,0.22,0.22,0.12,0.0505784629149194,2,0,0,"",NA
"181307",NA,0,NA,0,-0.462329913761397,2,NA,0,1.04697823592223,5,0.22,0.22,0.22,0.22,0.12,NA,NA,0.647058823529412,NA,0.352941176470588,0.070367080244589,1,0,0,"",NA
"181308",NA,0,NA,0,-0.191861438933909,2,-0.535972875992294,5,0.289563866773473,7,0.22,0.22,0.22,0.22,0.12,NA,NA,0.392857142857143,0.392857142857143,0.214285714285714,-0.223885509412407,2,0,0,"",NA
"181309",-0.887485150602618,4,0.364795671204015,2,0.330132683863188,4,NA,0,-1.41235292473391,5,0.22,0.22,0.22,0.22,0.12,0.282051282051282,0.282051282051282,0.282051282051282,NA,0.153846153846154,-0.271595956392129,3,1,1,"1) # of groups=3",3
"181310",NA,0,NA,0,-0.798671148347709,1,NA,0,1.63038007399917,1,0.22,0.22,0.22,0.22,0.12,NA,NA,0.647058823529412,NA,0.352941176470588,0.0586410477747189,0,0,0,"",NA
"181311",NA,0,NA,0,-0.608991257209106,2,0.756922052254323,5,0.83629774958868,7,0.22,0.22,0.22,0.22,0.12,NA,NA,0.392857142857143,0.392857142857143,0.214285714285714,0.237322330108195,2,0,0,"",NA
"181314",NA,0,NA,0,-0.450152891404016,1,NA,0,-4.27717882060169,2,0.22,0.22,0.22,0.22,0.12,NA,NA,0.647058823529412,NA,0.352941176470588,-1.80086792523849,0,0,0,"",NA
"181315",-0.341108829876048,2,0.0120000567092842,2,-2.56249157246331,2,0.66259795942291,15,0.857241174113467,5,0.22,0.22,0.22,0.22,0.12,0.22,0.22,0.22,0.22,0.12,-0.38751158407196,2,0,0,"",NA
"181316",NA,0,-0.845905122806376,1,0.204581265476417,1,NA,0,0.899544063269205,5,0.22,0.22,0.22,0.22,0.12,NA,0.392857142857143,0.392857142857143,NA,0.214285714285714,-0.0591892161076543,1,0,0,"",NA
"181317",-1.1060307248259,2,NA,0,0.589933890747522,2,NA,0,-0.923346217525552,5,0.22,0.22,0.22,0.22,0.12,0.392857142857143,NA,0.392857142857143,NA,0.214285714285714,-0.400612231429124,1,0,0,"",NA
"181318",-0.178483626788639,2,0.342938430526142,2,0.601693261805188,4,0.862636037129869,5,-2.32045684117837,2,0.22,0.22,0.22,0.22,0.12,0.22,0.22,0.22,0.22,0.12,0.0798776816465588,2,0,0,"",NA
"181319",-2.53467066553622,3,-4.09384882532963,1,-0.680881460764883,3,0.413612879199459,5,-0.85445535690921,6,0.22,0.22,0.22,0.22,0.12,0.22,0.22,0.22,0.22,0.12,-1.61960801876399,4,1,1,"2) # of groups=4",1
"181320",-1.03626458270185,4,1.15927422234555,1,0.53280932148106,5,0.612710742382607,5,1.00642504396641,6,0.22,0.22,0.22,0.22,0.12,0.22,0.22,0.22,0.22,0.12,0.39984754004759,4,1,1,"2) # of groups=4",4
"181321",-0.210102575950433,1,NA,0,-0.436856321760591,2,NA,0,-1.93857203534335,3,0.22,0.22,0.22,0.22,0.12,0.392857142857143,NA,0.392857142857143,NA,0.214285714285714,-0.66957071738862,1,0,0,"",NA
"181322",-5.41846430548488,1,NA,0,-0.596246556996908,2,NA,0,1.14114823755923,3,0.22,0.22,0.22,0.22,0.12,0.392857142857143,NA,0.392857142857143,NA,0.214285714285714,-2.11839035935515,1,0,0,"",NA
"181323",-2.59113169612784,3,NA,0,0.469997158577193,5,0.737673389756238,5,0.160375523307646,3,0.22,0.22,0.22,0.22,0.12,0.282051282051282,NA,0.282051282051282,0.282051282051282,0.153846153846154,-0.365533832971606,4,1,1,"2) # of groups=4",2
"181324",0.638048478541098,1,0.366676626116381,2,-0.0231730490872307,3,NA,0,-1.94052947456079,2,0.22,0.22,0.22,0.22,0.12,0.282051282051282,0.282051282051282,0.282051282051282,NA,0.153846153846154,-0.0216949804126155,1,0,0,"",NA
"181325",NA,0,-2.47145020514094,2,0.204581265476417,1,NA,0,-2.33101973574544,5,0.22,0.22,0.22,0.22,0.12,NA,0.392857142857143,0.392857142857143,NA,0.214285714285714,-1.39005988395651,1,0,0,"",NA
"181327",-1.0219059768305,3,NA,0,-0.577513227117394,5,NA,0,-1.25996793711639,6,0.22,0.22,0.22,0.22,0.12,0.392857142857143,NA,0.392857142857143,NA,0.214285714285714,-0.898336388075899,3,1,1,"1) # of groups=3",2
"181328",-3.72264072595761,1,1.15927422234555,1,0.946171950576082,3,0.474464344209817,5,0.243695709808923,8,0.22,0.22,0.22,0.22,0.12,0.22,0.22,0.22,0.22,0.12,-0.222157160764685,3,0,0,"",NA
"181329",0.889146258523989,3,0.50212397742539,2,0.244887107828225,5,1.56623859566131,15,-0.806096105025116,7,0.22,0.22,0.22,0.22,0.12,0.22,0.22,0.22,0.22,0.12,0.607795574073547,4,1,1,"2) # of groups=4",4
"181330",-0.610922727308777,2,NA,0,0.619981245340355,2,NA,0,-2.67384867956088,3,0.22,0.22,0.22,0.22,0.12,0.392857142857143,NA,0.392857142857143,NA,0.214285714285714,-0.569408870679211,1,0,0,"",NA
"181331",NA,0,NA,0,-0.0462318379796146,1,NA,0,0.911764358314857,5,0.22,0.22,0.22,0.22,0.12,NA,NA,0.647058823529412,NA,0.352941176470588,0.291884466594905,1,0,0,"",NA
"181332",-0.791697030044842,2,NA,0,-2.55734181619105,2,2.04088056973348,10,0.0135091315816966,6,0.22,0.22,0.22,0.22,0.12,0.282051282051282,NA,0.282051282051282,0.282051282051282,0.153846153846154,-0.366889391077855,2,0,0,"",NA
"181333",NA,0,NA,0,NA,0,NA,0,-0.497483641908083,2,0.22,0.22,0.22,0.22,0.12,NA,NA,NA,NA,1,-0.497483641908083,0,0,0,"",NA
"181334",NA,0,NA,0,NA,0,NA,0,1.3740670325938,1,0.22,0.22,0.22,0.22,0.12,NA,NA,NA,NA,1,1.3740670325938,0,0,0,"",NA
"190002",-0.534525098125916,8,-0.273752095231715,8,-0.17532382030116,11,0.664754303656457,15,-0.11731893141748,8,0.22,0.22,0.22,0.22,0.12,0.22,0.22,0.22,0.22,0.12,-0.0842245479706111,5,2,1,"3) # of groups=5",3
"190004",-2.62172189983723,7,0.163345342625794,5,0.554921287615023,10,0.813272306902476,15,0.65385683003719,9,0.22,0.22,0.22,0.22,0.12,0.22,0.22,0.22,0.22,0.12,-0.161377432188203,5,2,1,"3) # of groups=5",3
"190005",-0.346360964388456,6,-0.695288589884624,7,-0.236159984637555,7,0.0993119579855789,15,-1.78281271690689,7,0.22,0.22,0.22,0.22,0.12,0.22,0.22,0.22,0.22,0.12,-0.473206993832339,5,2,1,"3) # of groups=5",2
"190006",-1.12227063841859,4,0.0934352755764744,3,-0.5204997808945,7,1.04872945602165,15,0.161716626912042,8,0.22,0.22,0.22,0.22,0.12,0.22,0.22,0.22,0.22,0.12,-0.0907272560678474,5,2,1,"3) # of groups=5",3
"190007",-0.364946775792109,3,0.296495318697842,3,-0.132567543626653,7,0.721730419586379,15,0.0269488324993492,9,0.22,0.22,0.22,0.22,0.12,0.22,0.22,0.22,0.22,0.12,0.117790372050323,5,2,1,"3) # of groups=5",4
"190008",-0.306636574598234,8,-0.0428792933280904,7,-0.22144686609449,10,0.557539545964477,15,0.737500214412465,8,0.22,0.22,0.22,0.22,0.12,0.22,0.22,0.22,0.22,0.12,0.0855469243571016,5,2,1,"3) # of groups=5",4
"190011",0.449096302189159,3,0.513910147395261,5,-0.974169373987779,5,0.363917073494567,15,-0.672228873233599,8,0.22,0.22,0.22,0.22,0.12,0.22,0.22,0.22,0.22,0.12,-0.00306155198796612,5,2,1,"3) # of groups=5",3
"190013",-1.17434270576652,5,0.290743687803108,3,1.21765484706538,9,0.768722367273752,15,-0.147878201851329,9,0.22,0.22,0.22,0.22,0.12,0.22,0.22,0.22,0.22,0.12,0.224865818980499,5,2,1,"3) # of groups=5",4
"190014",-1.65420950289034,4,0.108580015048442,2,-0.416054327606258,5,0.0767728677573848,15,0.614998041407682,8,0.22,0.22,0.22,0.22,0.12,0.22,0.22,0.22,0.22,0.12,-0.340880643523048,4,1,1,"2) # of groups=4",2
"190015",-1.00772410801245,8,-0.218547310583035,6,-1.17596672475348,10,-0.00805526071615643,15,-1.10693309294482,9,0.22,0.22,0.22,0.22,0.12,0.22,0.22,0.22,0.22,0.12,-0.663096520047705,5,2,1,"3) # of groups=5",2
"190017",-1.22171693914417,7,-0.0293967053213215,5,-0.275569262818763,10,0.251328788519902,15,-0.356785087470375,8,0.22,0.22,0.22,0.22,0.12,0.22,0.22,0.22,0.22,0.12,-0.323392116624603,5,2,1,"3) # of groups=5",2
"190019",-0.553703228390789,8,0.161239321944575,7,-0.414015067964068,10,-0.0266847300885316,15,0.178429713322158,10,0.22,0.22,0.22,0.22,0.12,0.22,0.22,0.22,0.22,0.12,-0.16188444939108,5,2,1,"3) # of groups=5",3
"190020",-0.764340159261139,5,0.127131709673149,4,0.326098795851816,6,0.218052360915052,15,0.394211221348036,8,0.22,0.22,0.22,0.22,0.12,0.22,0.22,0.22,0.22,0.12,0.0268327421411175,5,2,1,"3) # of groups=5",3
"190025",0.531707003089606,3,0.647185137443925,2,0.0513998530788261,6,0.655622443754093,5,0.335945283126826,7,0.22,0.22,0.22,0.22,0.12,0.22,0.22,0.22,0.22,0.12,0.455214610195838,4,1,1,"2) # of groups=4",4
"190026",0.114774862914488,8,-0.663377687582034,7,-1.14478842725807,8,-1.08692909790617,15,0.0471536707588547,9,0.22,0.22,0.22,0.22,0.12,0.22,0.22,0.22,0.22,0.12,-0.60601203647193,5,2,1,"3) # of groups=5",2
"190027",0.0148538254626565,8,-0.0635448693459998,6,0.0845858468921749,8,-0.151968617420374,15,0.267356149871716,9,0.22,0.22,0.22,0.22,0.12,0.22,0.22,0.22,0.22,0.12,0.0065464988140666,5,2,1,"3) # of groups=5",3
"190034",-0.618025798682908,3,-0.525108407690524,2,0.814009586895239,5,0.895291045024722,15,-0.0434350594391944,8,0.22,0.22,0.22,0.22,0.12,0.22,0.22,0.22,0.22,0.12,0.119344406487533,4,1,1,"2) # of groups=4",3
"190036",0.349317464793196,8,-0.0651983186063438,8,0.138448847715352,11,0.278559365132221,15,-0.388042062422256,10,0.22,0.22,0.22,0.22,0.12,0.22,0.22,0.22,0.22,0.12,0.107682971496903,5,2,1,"3) # of groups=5",4
"190039",-0.952536692463073,6,0.425269783192582,7,0.223286317360068,8,0.15954498811662,15,-1.2225247549603,8,0.22,0.22,0.22,0.22,0.12,0.22,0.22,0.22,0.22,0.12,-0.178478803429873,5,2,1,"3) # of groups=5",3
"190040",0.0357446544162483,8,-0.706479021868872,6,-1.40281955806593,10,-0.48855142734419,15,-0.298502844658808,10,0.22,0.22,0.22,0.22,0.12,0.22,0.22,0.22,0.22,0.12,-0.599483518988861,5,2,1,"3) # of groups=5",2
"190041",0.484242646466386,8,0.410273999853929,7,0.108231721256715,11,-0.520246586861424,15,-0.725529573982645,9,0.22,0.22,0.22,0.22,0.12,0.22,0.22,0.22,0.22,0.12,0.0190868428795159,5,2,1,"3) # of groups=5",3
"190044",-0.860174737100035,4,0.014460048007048,6,0.126741986618068,9,0.642455424177914,15,-0.412220646780767,7,0.22,0.22,0.22,0.22,0.12,0.22,0.22,0.22,0.22,0.12,-0.0663002788390331,5,2,1,"3) # of groups=5",3
"190045",-0.366494234630825,8,0.344068553228953,7,-0.411220025735129,9,0.852519575237048,15,0.436262968939556,9,0.22,0.22,0.22,0.22,0.12,0.22,0.22,0.22,0.22,0.12,0.144503807254757,5,2,1,"3) # of groups=5",4
"190046",0.631612364037265,7,-0.573802031092786,8,0.196275133017086,11,0.48167031563564,15,-1.38322813438495,9,0.22,0.22,0.22,0.22,0.12,0.22,0.22,0.22,0.22,0.12,-0.00412110417480893,5,2,1,"3) # of groups=5",3
"190050",-0.0731589791143558,4,0.708886209054306,2,0.589771631176098,6,0.249710082352453,15,-0.73025100985571,8,0.22,0.22,0.22,0.22,0.12,0.22,0.22,0.22,0.22,0.12,0.236915846380385,4,1,1,"2) # of groups=4",3
"190053",-0.866815534757573,4,0.08619885054336,2,-1.28974498537872,6,0.730790564746534,15,0.0885036757711625,9,0.22,0.22,0.22,0.22,0.12,0.22,0.22,0.22,0.22,0.12,-0.284085201973668,4,1,1,"2) # of groups=4",2
"190054",-0.906385087128121,6,-0.310288069207825,5,-0.0599447494638455,9,0.113533184037386,15,-0.316606423744037,8,0.22,0.22,0.22,0.22,0.12,0.22,0.22,0.22,0.22,0.12,-0.293871409637014,5,2,1,"3) # of groups=5",2
"190060",-0.130661943734467,8,-0.285067060280116,6,0.874294120419318,10,0.0095532566874821,15,-1.73796974179803,8,0.22,0.22,0.22,0.22,0.12,0.22,0.22,0.22,0.22,0.12,-0.105570326935476,5,2,1,"3) # of groups=5",3
"190064",-0.978608254761272,8,0.087131444027514,6,0.779065998102775,10,-0.247325160813266,15,-0.388142576099816,10,0.22,0.22,0.22,0.22,0.12,0.22,0.22,0.22,0.22,0.12,-0.125719023289713,5,2,1,"3) # of groups=5",3
"190065",0.258595092211007,8,-0.114731016049286,7,0.0302741584056031,11,-0.00922764502424437,15,-0.900343145046956,8,0.22,0.22,0.22,0.22,0.12,0.22,0.22,0.22,0.22,0.12,-0.0717608477061572,5,2,1,"3) # of groups=5",3
"190079",0.153527455819019,1,0.616334601638735,2,0.181682153795584,2,1.48706611149419,15,0.479176055680575,7,0.22,0.22,0.22,0.22,0.12,0.22,0.22,0.22,0.22,0.12,0.593995397686125,2,0,0,"",NA
"190086",-0.724732355953931,6,-0.457860633028832,3,0.480064434413695,7,-1.08484401138976,15,0.306251103714215,9,0.22,0.22,0.22,0.22,0.12,0.22,0.22,0.22,0.22,0.12,-0.356471832065236,5,2,1,"3) # of groups=5",2
"190088",0.588437577169494,3,NA,0,0.625110596419361,4,1.14327210692725,5,-0.0448653414633699,6,0.22,0.22,0.22,0.22,0.12,0.282051282051282,NA,0.282051282051282,0.282051282051282,0.153846153846154,0.657841821458896,4,1,1,"2) # of groups=4",4
"190090",-3.87657261917193,2,NA,0,0.421523520106869,3,0.388270124755873,5,-1.52128953599924,7,0.22,0.22,0.22,0.22,0.12,0.282051282051282,NA,0.282051282051282,0.282051282051282,0.153846153846154,-1.09903348547171,3,0,0,"",NA
"190098",0.197241249794725,7,-0.557712679540056,6,0.193412244398318,8,-1.09209216058661,15,-1.63586790269043,8,0.22,0.22,0.22,0.22,0.12,0.22,0.22,0.22,0.22,0.12,-0.473317444428249,5,2,1,"3) # of groups=5",2
"190099",-1.90956013462949,3,0.196797124152676,1,-1.15962397804188,4,-0.639352483232799,5,-0.265767300932395,7,0.22,0.22,0.22,0.22,0.12,0.22,0.22,0.22,0.22,0.12,-0.804474759897216,4,1,1,"2) # of groups=4",1
"190102",-1.297163253996,8,0.128449672532859,6,-0.502420602375242,10,0.937000253825362,15,0.0801511804645164,9,0.22,0.22,0.22,0.22,0.12,0.22,0.22,0.22,0.22,0.12,-0.151891322947123,5,2,1,"3) # of groups=5",3
"190106",-0.283900160355896,3,0.770587280664686,2,0.0886917675741955,4,1.24275007718035,5,-2.6693092785603,7,0.22,0.22,0.22,0.22,0.12,0.22,0.22,0.22,0.22,0.12,0.0796712588866978,4,1,1,"2) # of groups=4",3
"190111",-0.752063297890014,8,-0.280294575239894,8,0.341865843484188,11,-0.00664778655391601,15,-0.789283066741489,10,0.22,0.22,0.22,0.22,0.12,0.22,0.22,0.22,0.22,0.12,-0.248084727572899,5,2,1,"3) # of groups=5",3
"190114",-1.20297650326767,3,-4.7412245191244,2,-2.84967830353932,4,0.793367289897982,15,-1.12942127379955,6,0.22,0.22,0.22,0.22,0.12,0.22,0.22,0.22,0.22,0.12,-1.8956432007833,4,1,1,"2) # of groups=4",1
"190116",-0.889245144213364,3,NA,0,-0.36193019510497,4,NA,0,-0.451580252816601,7,0.22,0.22,0.22,0.22,0.12,0.392857142857143,NA,0.392857142857143,NA,0.214285714285714,-0.588300366050046,3,1,1,"1) # of groups=3",2
"190118",0.320137569473698,3,NA,0,0.580784286126948,4,-0.88318368603456,5,-1.24714508160417,5,0.22,0.22,0.22,0.22,0.12,0.282051282051282,NA,0.282051282051282,0.282051282051282,0.153846153846154,-0.186865400625592,4,1,1,"2) # of groups=4",2
"190125",-0.557987186701444,8,0.333776574308576,7,-0.00784812944782078,10,0.152280010465012,15,-0.593386166694458,9,0.22,0.22,0.22,0.22,0.12,0.22,0.22,0.22,0.22,0.12,-0.0887576609059838,5,2,1,"3) # of groups=5",3
"190128",0.395787967180062,1,-0.373795138892221,6,-0.166924401914517,5,0.859524967321052,15,1.18042099867149,7,0.22,0.22,0.22,0.22,0.12,0.22,0.22,0.22,0.22,0.12,0.298861066453341,4,1,1,"2) # of groups=4",4
"190133",0.880308989902137,1,NA,0,0.957020575844511,1,NA,0,-1.46471966216616,5,0.22,0.22,0.22,0.22,0.12,0.392857142857143,NA,0.392857142857143,NA,0.214285714285714,0.407939544650577,1,0,0,"",NA
"190140",0.563422157001692,2,0.135096052542295,1,0.477681525240158,3,0.757292868965294,5,-1.99684284565479,7,0.22,0.22,0.22,0.22,0.12,0.22,0.22,0.22,0.22,0.12,0.185747231346302,3,0,0,"",NA
"190144",-0.406573734413672,5,0.400811738311315,2,-1.04685637544019,6,-0.29081194829433,15,0.878304077205153,7,0.22,0.22,0.22,0.22,0.12,0.22,0.22,0.22,0.22,0.12,-0.190158181099495,4,1,1,"2) # of groups=4",2
"190145",-2.52510519344989,3,NA,0,-2.75483621429307,3,NA,0,-0.749480183724605,5,0.22,0.22,0.22,0.22,0.12,0.392857142857143,NA,0.392857142857143,NA,0.214285714285714,-2.23486559241144,3,1,1,"1) # of groups=3",1
"190151",-1.09393132506013,2,-0.35851252034075,1,0.536146109314043,3,0.530147056992549,5,-1.44370833613227,5,0.22,0.22,0.22,0.22,0.12,0.22,0.22,0.22,0.22,0.12,-0.258198149736616,3,0,0,"",NA
"190160",0.124520345106196,8,-2.15422088222829,6,-0.867684831128467,9,0.523015291850831,15,-0.408999609224294,6,0.22,0.22,0.22,0.22,0.12,0.22,0.22,0.22,0.22,0.12,-0.571441369914856,5,2,1,"3) # of groups=5",2
"190164",-0.651558036411571,4,0.801437816469876,2,-2.5382438134535,6,-0.393410264772684,15,-0.0994895839969942,7,0.22,0.22,0.22,0.22,0.12,0.22,0.22,0.22,0.22,0.12,-0.623929095676573,4,1,1,"2) # of groups=4",2
"190167",-1.01239392855774,5,0.739736744859496,2,0.538747710067071,6,-0.31762635031106,5,-0.567426752684376,7,0.22,0.22,0.22,0.22,0.12,0.22,0.22,0.22,0.22,0.12,-0.0794290915894164,4,1,1,"2) # of groups=4",3
"190176",-0.548902483448753,8,0.165774846196521,8,-1.0811290503369,11,-0.140248117397181,15,-0.517734978749171,9,0.22,0.22,0.22,0.22,0.12,0.22,0.22,0.22,0.22,0.12,-0.415119254546889,5,2,1,"3) # of groups=5",2
"190183",0.0158090262820743,3,-0.399221606167441,3,-1.64771773076571,7,0.949547618255501,15,0.416876368152689,7,0.22,0.22,0.22,0.22,0.12,0.22,0.22,0.22,0.22,0.12,-0.187923028148704,5,2,1,"3) # of groups=5",3
"190184",-0.280527742776216,4,0.0733949809319144,1,-1.5316904721061,5,3.50669800121864,10,-1.27789662554591,6,0.22,0.22,0.22,0.22,0.12,0.22,0.22,0.22,0.22,0.12,0.235584853733503,4,1,1,"2) # of groups=4",3
"190190",1.14721460555058,1,NA,0,-0.0654178854838583,2,NA,0,-3.08330822949204,2,0.22,0.22,0.22,0.22,0.12,0.392857142857143,NA,0.392857142857143,NA,0.214285714285714,-0.235717337722082,0,0,0,"",NA
"190201",0.638048478541098,1,0.708886209054306,2,-0.846382165220857,5,0.412881930647578,15,0.282498095861692,6,0.22,0.22,0.22,0.22,0.12,0.22,0.22,0.22,0.22,0.12,0.234855351168271,3,0,0,"",NA
"190202",-0.582050626213126,7,0.673965166668716,6,0.686874218400298,9,0.233578898237528,15,-0.735899769509945,10,0.22,0.22,0.22,0.22,0.12,0.22,0.22,0.22,0.22,0.12,0.134412912219358,5,2,1,"3) # of groups=5",4
"190208",-0.592267187400905,2,NA,0,-1.9408126482971,2,NA,0,-1.83785807396696,4,0.22,0.22,0.22,0.22,0.12,0.392857142857143,NA,0.392857142857143,NA,0.214285714285714,-1.38896523701714,1,0,0,"",NA
"190218",-3.5361979632899,2,0.0733949809319144,1,-1.05574947877604,3,0.368750359334271,5,0.360884398081766,6,0.22,0.22,0.22,0.22,0.12,0.22,0.22,0.22,0.22,0.12,-0.869650334626134,3,0,0,"",NA
"190241",NA,0,0.0116939093215337,1,0.403550475623368,2,1.00088243530266,5,-3.80529033272485,2,0.22,0.22,0.22,0.22,0.12,NA,0.282051282051282,0.282051282051282,0.282051282051282,0.153846153846154,-0.186008896759639,1,0,0,"",NA
"190245",0.395787967180062,1,-0.050007162288847,1,0.562038418955491,3,0.940543709680214,5,-3.47746574658567,6,0.22,0.22,0.22,0.22,0.12,0.22,0.22,0.22,0.22,0.12,-0.0106560442143581,3,0,0,"",NA
"190251",0.395787967180062,1,-0.234164009994696,2,1.00912964446649,3,0.718295547011579,5,-2.41439727950807,2,0.22,0.22,0.22,0.22,0.12,0.22,0.22,0.22,0.22,0.12,0.125863139164987,2,0,0,"",NA
"190255",0.395787967180062,1,0.723232602560541,2,1.47958458532811,3,NA,0,-3.39394607155656,3,0.22,0.22,0.22,0.22,0.12,0.282051282051282,0.282051282051282,0.282051282051282,NA,0.153846153846154,0.210794366061961,2,0,0,"",NA
"190256",0.395787967180062,1,0.269981238658279,2,-4.09798746111834,3,1.50610104540371,5,-4.40053304227614,2,0.22,0.22,0.22,0.22,0.12,0.22,0.22,0.22,0.22,0.12,-0.95180975124592,2,0,0,"",NA
"190259",-0.0887330555420189,1,0.496319766763622,2,1.00939511239751,3,2.10551862985851,15,-3.00073993709466,2,0.22,0.22,0.22,0.22,0.12,0.22,0.22,0.22,0.22,0.12,0.414861307313718,2,0,0,"",NA
"190266",-0.0887330555420189,1,0.937209983477243,1,-0.939324267502387,2,1.79522261399098,15,1.48735848634752,2,0.22,0.22,0.22,0.22,0.12,0.22,0.22,0.22,0.22,0.12,0.553445578734942,1,0,0,"",NA
"190267",0.638048478541098,1,0.31106465363156,2,1.17618126990752,3,2.04553073288173,15,-3.32786501575842,2,0.22,0.22,0.22,0.22,0.12,0.22,0.22,0.22,0.22,0.12,0.518237727800609,2,0,0,"",NA
"190270",0.395787967180062,1,0.505302482204579,1,-0.441512116547864,2,0.836922465975312,5,-3.28370269412706,2,0.22,0.22,0.22,0.22,0.12,0.22,0.22,0.22,0.22,0.12,-0.108814147556588,1,0,0,"",NA
"190274",-0.373625058611913,6,0.746977300689123,5,-0.282277611838536,7,0.317318770184827,15,-0.0457874302837102,8,0.22,0.22,0.22,0.22,0.12,0.22,0.22,0.22,0.22,0.12,0.084352056459125,5,2,1,"3) # of groups=5",4
"190278",-0.0887330555420189,1,0.413849140215221,2,0.591537618708086,3,1.27830852755056,15,-0.985102645351672,2,0.22,0.22,0.22,0.22,0.12,0.22,0.22,0.22,0.22,0.12,0.364679373362806,2,0,0,"",NA
"190298",0.395787967180062,1,-0.656142428701111,2,-0.675259222797139,4,1.75273312812095,15,-0.0282915597628087,5,0.22,0.22,0.22,0.22,0.12,0.22,0.22,0.22,0.22,0.12,0.176371290465071,3,0,0,"",NA
"190300",0.395787967180062,1,0.320199267373437,1,0.204581265476417,1,NA,0,-2.37895945600575,2,0.22,0.22,0.22,0.22,0.12,0.282051282051282,0.282051282051282,0.282051282051282,NA,0.153846153846154,-0.10634623681296,0,0,0,"",NA
"190303",-0.573254078264098,1,0.381900338983818,1,0.0394103708155654,3,1.89589089606801,15,-2.30778761817902,3,0.22,0.22,0.22,0.22,0.12,0.22,0.22,0.22,0.22,0.12,0.106733941891243,3,0,0,"",NA
"190308",0.291061505067786,3,1.15927422234555,1,1.01017972124663,4,0.505221925879742,15,0.283899240825579,7,0.22,0.22,0.22,0.22,0.12,0.22,0.22,0.22,0.22,0.12,0.686530131297805,4,1,1,"2) # of groups=4",4
"190312",-0.0125396972488118,4,0.708886209054306,2,0.00187244095045005,5,0.899811044636911,15,0.91967709557189,7,0.22,0.22,0.22,0.22,0.12,0.22,0.22,0.22,0.22,0.12,0.461927850895055,4,1,1,"2) # of groups=4",4
"190313",0.395787967180062,1,0.647185137443925,2,0.363419631281507,2,-0.0994035375949795,15,0.126589392095841,7,0.22,0.22,0.22,0.22,0.12,0.22,0.22,0.22,0.22,0.12,0.302728350679814,2,0,0,"",NA
"190316",0.656999026610522,2,0.589557528179825,1,-2.85572712176776,3,NA,0,-1.04120312159511,6,0.22,0.22,0.22,0.22,0.12,0.282051282051282,0.282051282051282,0.282051282051282,NA,0.153846153846154,-0.614053717085185,2,0,0,"",NA
"190317",NA,0,0.276163685502134,5,0.958990247094174,3,0.121693147012841,15,-4.02525172785153,3,0.22,0.22,0.22,0.22,0.12,NA,0.282051282051282,0.282051282051282,0.282051282051282,0.153846153846154,-0.236569038241245,4,1,1,"2) # of groups=4",2
"190318",0.606607694979482,4,-0.305957856315092,2,0.549377085113883,6,-0.268849647966737,15,0.228074490889022,8,0.22,0.22,0.22,0.22,0.12,0.22,0.22,0.22,0.22,0.12,0.155227939585221,4,1,1,"2) # of groups=4",3
"19043F",-0.218539893576089,1,0.135096052542295,1,2.71101059610169,2,NA,0,0.690945432589714,2,0.22,0.22,0.22,0.22,0.12,0.282051282051282,0.282051282051282,0.282051282051282,NA,0.153846153846154,0.847407869263722,0,0,0,"",NA
"19047F",1.49644682524979,4,-0.0587231259957789,3,-2.53048980589848,5,0.808563198400397,10,-1.06345011688585,4,0.22,0.22,0.22,0.22,0.12,0.22,0.22,0.22,0.22,0.12,-0.190138653839998,5,2,1,"3) # of groups=5",3
"19048F",0.40274925579025,4,-2.68723523190004,4,-0.325699376772445,6,0.145376134770797,10,0.29960686855051,3,0.22,0.22,0.22,0.22,0.12,0.22,0.22,0.22,0.22,0.12,-0.506305203758455,5,2,1,"3) # of groups=5",2
"191300",NA,0,NA,0,NA,0,NA,0,-0.179709117449756,4,0.22,0.22,0.22,0.22,0.12,NA,NA,NA,NA,1,-0.179709117449756,1,0,0,"",NA
"191301",-1.68866589206898,2,NA,0,-0.152205907076041,2,NA,0,-0.0905475624934526,5,0.22,0.22,0.22,0.22,0.12,0.392857142857143,NA,0.392857142857143,NA,0.214285714285714,-0.742602684484141,1,0,0,"",NA
"191302",0.0743638593674498,2,1.15927422234555,1,2.33297468452619,2,1.72833197215099,15,-1.06290333249517,6,0.22,0.22,0.22,0.22,0.12,0.22,0.22,0.22,0.22,0.12,1.03733944254642,2,0,0,"",NA
"191304",-0.342621254846769,2,NA,0,-0.116858165863439,3,NA,0,-1.2933137280042,5,0.22,0.22,0.22,0.22,0.12,0.392857142857143,NA,0.392857142857143,NA,0.214285714285714,-0.457648428422767,2,0,0,"",NA
"191305",NA,0,NA,0,-1.81152813529087,1,NA,0,1.83738980736901,7,0.22,0.22,0.22,0.22,0.12,NA,NA,0.647058823529412,NA,0.352941176470588,-0.523674743763854,1,0,0,"",NA
"191306",NA,0,NA,0,NA,0,NA,0,0.697148082404368,3,0.22,0.22,0.22,0.22,0.12,NA,NA,NA,NA,1,0.697148082404368,1,0,0,"",NA
"191307",NA,0,NA,0,NA,0,NA,0,1.22378238650816,3,0.22,0.22,0.22,0.22,0.12,NA,NA,NA,NA,1,1.22378238650816,1,0,0,"",NA
"191309",NA,0,0.470955698423709,2,NA,0,NA,0,0.103104754434092,3,0.22,0.22,0.22,0.22,0.12,NA,0.647058823529412,NA,NA,0.352941176470588,0.341125953486197,1,0,0,"",NA
"191310",-0.569427779901886,2,1.16593449887969,1,1.36355390090775,2,NA,0,-0.695199902922714,8,0.22,0.22,0.22,0.22,0.12,0.282051282051282,0.282051282051282,0.282051282051282,NA,0.153846153846154,0.445883779518072,1,0,0,"",NA
"191311",NA,0,NA,0,NA,0,NA,0,-0.121501952908925,4,0.22,0.22,0.22,0.22,0.12,NA,NA,NA,NA,1,-0.121501952908925,1,0,0,"",NA
"191312",0.308766866466476,4,1.15927422234555,1,0.117851558780236,4,NA,0,0.330965999200634,3,0.22,0.22,0.22,0.22,0.12,0.282051282051282,0.282051282051282,0.282051282051282,NA,0.153846153846154,0.498220900479966,3,1,1,"1) # of groups=3",4
"191313",NA,0,NA,0,0.220175000712392,3,NA,0,-0.198229937508069,4,0.22,0.22,0.22,0.22,0.12,NA,NA,0.647058823529412,NA,0.352941176470588,0.0725026695757587,2,0,0,"",NA
"191314",NA,0,NA,0,NA,0,NA,0,1.3740670325938,1,0.22,0.22,0.22,0.22,0.12,NA,NA,NA,NA,1,1.3740670325938,0,0,0,"",NA
"191315",-0.860745363523423,2,NA,0,-3.05103534674312,3,NA,0,-0.502371272849161,7,0.22,0.22,0.22,0.22,0.12,0.392857142857143,NA,0.392857142857143,NA,0.214285714285714,-1.6444219803581,2,0,0,"",NA
"191316",NA,0,NA,0,-0.25567071370589,1,NA,0,-0.551758276298611,4,0.22,0.22,0.22,0.22,0.12,NA,NA,0.647058823529412,NA,0.352941176470588,-0.360172206385674,1,0,0,"",NA
"191317",-0.948272533249368,2,NA,0,1.00351819135737,3,0.478749540338559,5,0.0253540119287861,7,0.22,0.22,0.22,0.22,0.12,0.282051282051282,NA,0.282051282051282,0.282051282051282,0.153846153846154,0.154514647550895,3,0,0,"",NA
"191318",-0.316094471922829,4,NA,0,-1.6390739419899,4,NA,0,0.323234105265972,1,0.22,0.22,0.22,0.22,0.12,0.392857142857143,NA,0.392857142857143,NA,0.214285714285714,-0.698837425765864,2,1,0,"",NA
"191320",NA,0,NA,0,NA,0,NA,0,1.54009506309993,2,0.22,0.22,0.22,0.22,0.12,NA,NA,NA,NA,1,1.54009506309993,0,0,0,"",NA
"191321",NA,0,NA,0,-0.25567071370589,1,NA,0,0.421264561493396,5,0.22,0.22,0.22,0.22,0.12,NA,NA,0.647058823529412,NA,0.352941176470588,-0.0167523812826126,1,0,0,"",NA
"191322",-0.391678327107266,2,NA,0,0.819181767934913,3,1.49062483964646,5,-0.722782212226373,7,0.22,0.22,0.22,0.22,0.12,0.282051282051282,NA,0.282051282051282,0.282051282051282,0.153846153846154,0.429813277227101,3,0,0,"",NA
"191323",-0.514321007758506,2,NA,0,-1.53323336533352,4,NA,0,-0.876779309157228,6,0.22,0.22,0.22,0.22,0.12,0.392857142857143,NA,0.392857142857143,NA,0.214285714285714,-0.992277641391273,2,0,0,"",NA
"191324",1.29171611605553,2,-0.580595877974296,1,1.23044404243955,4,1.42903478653237,15,1.34537122279834,7,0.22,0.22,0.22,0.22,0.12,0.22,0.22,0.22,0.22,0.12,0.902976341487495,3,0,0,"",NA
"191325",NA,0,NA,0,NA,0,NA,0,1.51662340706529,3,0.22,0.22,0.22,0.22,0.12,NA,NA,NA,NA,1,1.51662340706529,1,0,0,"",NA
"191326",0.153527455819019,1,NA,0,0.204581265476417,1,NA,0,-0.392651702316803,4,0.22,0.22,0.22,0.22,0.12,0.392857142857143,NA,0.392857142857143,NA,0.214285714285714,0.0565459185838921,1,0,0,"",NA
"191327",-0.292051757615552,2,NA,0,0.883671638065146,3,NA,0,-2.23361152867724,4,0.22,0.22,0.22,0.22,0.12,0.392857142857143,NA,0.392857142857143,NA,0.214285714285714,-0.246208945968497,2,0,0,"",NA
"200001",-0.330239494099902,6,0.0566350523314472,7,-1.096125970253,7,1.00484449121307,15,0.475825581222005,8,0.22,0.22,0.22,0.22,0.12,0.22,0.22,0.22,0.22,0.12,-0.023175832831204,5,2,1,"3) # of groups=5",3
"200008",0.0663621493878882,6,-1.19320399529104,6,1.04939472053535,8,0.958742821795111,15,-0.404058060746324,8,0.22,0.22,0.22,0.22,0.12,0.22,0.22,0.22,0.22,0.12,0.145398085924449,5,2,1,"3) # of groups=5",4
"200009",0.015329692164197,8,-0.145042363990893,8,0.755903808191076,11,-0.140270493036182,15,-0.217814212132769,9,0.22,0.22,0.22,0.22,0.12,0.22,0.22,0.22,0.22,0.12,0.0807648360762713,5,2,1,"3) # of groups=5",4
"200018",-0.308103754180038,5,-0.675341844720878,2,0.123265999639097,8,0.193430511976594,15,-0.200039031083861,8,0.22,0.22,0.22,0.22,0.12,0.22,0.22,0.22,0.22,0.12,-0.170689482932813,4,1,1,"2) # of groups=4",2
"200020",0.0822474974532629,6,0.399415373864831,2,0.416306548953362,8,1.20779763957442,15,0.505371941174619,8,0.22,0.22,0.22,0.22,0.12,0.22,0.22,0.22,0.22,0.12,0.523913386107047,4,1,1,"2) # of groups=4",4
"200021",-1.277127455307,6,0.636059137793549,5,0.174158909148951,6,0.138873193238317,15,-0.0239670145312404,10,0.22,0.22,0.22,0.22,0.12,0.22,0.22,0.22,0.22,0.12,-0.0750440090715091,5,2,1,"3) # of groups=5",3
"200024",-0.40557629460745,8,0.330249141485413,6,0.713384284156166,10,-0.327061097513428,15,0.101200474441551,10,0.22,0.22,0.22,0.22,0.12,0.22,0.22,0.22,0.22,0.12,0.0805631843075404,5,2,1,"3) # of groups=5",4
"200031",-1.49050643678659,4,-1.72637338561489,2,-0.900375085168185,8,0.57120138053524,15,0.134249859119671,7,0.22,0.22,0.22,0.22,0.12,0.22,0.22,0.22,0.22,0.12,-0.764021792853213,4,1,1,"2) # of groups=4",1
"200033",-0.113510527662176,8,0.193282701389843,7,1.93385642389083,11,-0.520099568506014,15,0.926039862293614,10,0.22,0.22,0.22,0.22,0.12,0.22,0.22,0.22,0.22,0.12,0.43970116987998,5,2,1,"3) # of groups=5",5
"200034",-0.658688338394541,3,0.426869834603296,3,0.831459736026496,7,0.321795011335567,15,0.879911544654576,7,0.22,0.22,0.22,0.22,0.12,0.22,0.22,0.22,0.22,0.12,0.308305358944129,5,2,1,"3) # of groups=5",4
"200039",-0.434114085413916,6,0.0575908071202251,6,0.668154020576233,8,0.35875638234206,15,-0.493792724486895,9,0.22,0.22,0.22,0.22,0.12,0.22,0.22,0.22,0.22,0.12,0.0838300404789851,5,2,1,"3) # of groups=5",4
"20003F",0.199747461387014,4,0.105343782163318,2,-0.0601907436534894,5,1.73457976503858,10,0.113846762948927,4,0.22,0.22,0.22,0.22,0.12,0.22,0.22,0.22,0.22,0.12,0.449147269839664,4,1,1,"2) # of groups=4",4
"200041",NA,0,NA,0,NA,0,NA,0,0.323234105265972,1,0.22,0.22,0.22,0.22,0.12,NA,NA,NA,NA,1,0.323234105265972,0,0,0,"",NA
"200050",0.0939044459154929,5,0.56025832117562,2,-0.130569945062871,7,-0.541822520952294,15,0.360641848258262,8,0.22,0.22,0.22,0.22,0.12,0.22,0.22,0.22,0.22,0.12,0.0392664880277,4,1,1,"2) # of groups=4",3
"200052",-1.25039011725152,6,0.708886209054306,2,0.123059987023684,6,0.780952557292255,15,-0.115006932459572,2,0.22,0.22,0.22,0.22,0.12,0.22,0.22,0.22,0.22,0.12,0.0659510680509709,3,1,1,"1) # of groups=3",3
"200063",-0.077606171030015,6,0.801437816469876,2,-0.867502860819086,8,0.617754485619497,15,0.880957362211594,8,0.22,0.22,0.22,0.22,0.12,0.22,0.22,0.22,0.22,0.12,0.210013202918251,4,1,1,"2) # of groups=4",3
"201300",1.0219022186228,2,NA,0,0.0734639530253385,4,NA,0,1.61394042143027,5,0.22,0.22,0.22,0.22,0.12,0.392857142857143,NA,0.392857142857143,NA,0.214285714285714,0.776166800596827,2,0,0,"",NA
"201301",-0.0887330555420189,1,-0.893381513986854,1,0.957020575844511,1,NA,0,1.84372891939234,4,0.22,0.22,0.22,0.22,0.12,0.282051282051282,0.282051282051282,0.282051282051282,NA,0.153846153846154,0.276572809892976,1,0,0,"",NA
"201302",-0.855190471548785,5,-2.03281490231831,1,1.55021180711383,4,0.678490682946495,15,0.531499290499969,7,0.22,0.22,0.22,0.22,0.12,0.22,0.22,0.22,0.22,0.12,-0.0812667195774931,4,1,1,"2) # of groups=4",3
"201303",0.638048478541098,1,NA,0,0.455394368932441,1,NA,0,1.55652676289199,6,0.22,0.22,0.22,0.22,0.12,0.392857142857143,NA,0.392857142857143,NA,0.214285714285714,0.763108282127174,1,0,0,"",NA
"201304",-0.658467374598553,2,-0.653206829191497,1,-1.97573830387617,2,1.46501482176485,10,0.733827879005809,7,0.22,0.22,0.22,0.22,0.12,0.22,0.22,0.22,0.22,0.12,-0.312868145417604,2,0,0,"",NA
"201305",-0.744152382755067,2,NA,0,-0.62658309779852,2,NA,0,1.14602271758322,5,0.22,0.22,0.22,0.22,0.12,0.392857142857143,NA,0.392857142857143,NA,0.214285714285714,-0.292926927878219,1,0,0,"",NA
"201306",0.390209979119233,2,1.15927422234555,1,0.772502059089111,2,0.39227147553073,5,0.272721438744155,6,0.22,0.22,0.22,0.22,0.12,0.22,0.22,0.22,0.22,0.12,0.629863274587916,2,0,0,"",NA
"201307",-1.83384103838749,4,NA,0,-2.50380715184665,2,NA,0,2.25798983124377,2,0.22,0.22,0.22,0.22,0.12,0.392857142857143,NA,0.392857142857143,NA,0.214285714285714,-1.22022111089689,1,1,0,"",NA
"201308",-1.17609498497129,4,-1.97286957464378,2,1.84647016916122,3,1.51971255628225,10,-0.53416205476533,6,0.22,0.22,0.22,0.22,0.12,0.22,0.22,0.22,0.22,0.12,-0.0163114500895916,4,1,1,"2) # of groups=4",3
"201309",-0.53845495256308,3,-3.86763778499912,1,0.919089310609263,2,-0.154643972963374,15,1.18902736705647,6,0.22,0.22,0.22,0.22,0.12,0.22,0.22,0.22,0.22,0.12,-0.658479143934812,3,1,1,"1) # of groups=3",2
"201310",-1.10294544516097,3,-0.466093993362557,1,0.442462868254905,3,0.448642409175155,15,0.890060585515194,6,0.22,0.22,0.22,0.22,0.12,0.22,0.22,0.22,0.22,0.12,-0.0423382451787394,4,1,1,"2) # of groups=4",3
"201311",0.164242411241039,3,NA,0,1.21058095545019,3,0.815439139629641,5,0.0630898286697961,5,0.22,0.22,0.22,0.22,0.12,0.282051282051282,NA,0.282051282051282,0.282051282051282,0.153846153846154,0.627472475424317,4,1,1,"2) # of groups=4",4
"201312",-0.456254292834093,4,-0.0292580271860446,2,-0.115597945371977,7,0.960981909604768,15,-0.294997009751482,7,0.22,0.22,0.22,0.22,0.12,0.22,0.22,0.22,0.22,0.12,0.0437721205566059,4,1,1,"2) # of groups=4",3
"201313",-0.492442009067517,3,0.517065609236303,2,-0.32090154977644,3,-0.487183313880594,15,-0.103019350912845,5,0.22,0.22,0.22,0.22,0.12,0.22,0.22,0.22,0.22,0.12,-0.184723800076956,4,1,1,"2) # of groups=4",2
"201314",-1.39186050396012,6,-3.54368123341469,1,0.769664715517112,6,0.938330201495602,10,0.268833283706065,6,0.22,0.22,0.22,0.22,0.12,0.22,0.22,0.22,0.22,0.12,-0.677800306434933,4,1,1,"2) # of groups=4",2
"201315",-0.346196130832805,5,1.15927422234555,1,0.707810093005587,5,1.01640223125955,15,0.351192301487917,7,0.22,0.22,0.22,0.22,0.12,0.22,0.22,0.22,0.22,0.12,0.600346967649684,4,1,1,"2) # of groups=4",4
"201316",-0.373400400642928,5,NA,0,0.0115461025174771,6,-0.110100984008192,15,0.157452282374528,5,0.22,0.22,0.22,0.22,0.12,0.282051282051282,NA,0.282051282051282,0.282051282051282,0.153846153846154,-0.108892164339049,4,1,1,"2) # of groups=4",3
"201317",NA,0,NA,0,NA,0,NA,0,0.63397942391505,3,0.22,0.22,0.22,0.22,0.12,NA,NA,NA,NA,1,0.63397942391505,1,0,0,"",NA
"210001",-0.365891910722039,7,0.374572396759532,8,-1.23646750778989,10,-0.118469441469978,15,0.495690512356887,8,0.22,0.22,0.22,0.22,0.12,0.22,0.22,0.22,0.22,0.12,-0.236693560426096,5,2,1,"3) # of groups=5",3
"210002",0.329886196098757,8,-0.518468349615324,7,0.252929421046344,10,-0.226290167066481,15,-0.77422459095223,8,0.22,0.22,0.22,0.22,0.12,0.22,0.22,0.22,0.22,0.12,-0.128534388812342,5,2,1,"3) # of groups=5",3
"210003",0.602482596508603,8,-0.814794423552249,6,-0.518607145563483,8,-1.96007993950758,15,-1.12447795865149,8,0.22,0.22,0.22,0.22,0.12,0.22,0.22,0.22,0.22,0.12,-0.726957115703415,5,2,1,"3) # of groups=5",1
"210004",0.3678086338636,7,-0.496298093351808,8,-0.387499637295385,8,-1.02222025483278,15,-1.01340937456734,7,0.22,0.22,0.22,0.22,0.12,0.22,0.22,0.22,0.22,0.12,-0.460015182303683,5,2,1,"3) # of groups=5",2
"210005",-0.128101298130537,7,0.160114888512535,7,0.00482652742329494,10,-0.620767619791376,15,0.22801138278041,7,0.22,0.22,0.22,0.22,0.12,0.22,0.22,0.22,0.22,0.12,-0.101102684503289,5,2,1,"3) # of groups=5",3
"210008",0.102227827286551,6,-0.119968381933988,8,-1.26684433750019,9,0.253180991329143,15,-0.200649381056185,8,0.22,0.22,0.22,0.22,0.12,0.22,0.22,0.22,0.22,0.12,-0.250986783906809,5,2,1,"3) # of groups=5",3
"210009",2.16588300088778,8,-0.0877376854885881,7,0.105866943889162,10,0.497861017923116,15,-0.557091935293107,8,0.22,0.22,0.22,0.22,0.12,0.22,0.22,0.22,0.22,0.12,0.523161088751351,5,2,1,"3) # of groups=5",5
"210011",0.423652449891827,7,-0.40292226241813,5,-0.330413111652347,10,-1.82235460505787,10,1.69273629382188,3,0.22,0.22,0.22,0.22,0.12,0.22,0.22,0.22,0.22,0.12,-0.265919901173409,5,2,1,"3) # of groups=5",3
"210012",0.620629520577044,8,-0.454738304856688,8,0.0994396566933983,11,-0.680883881481058,15,-0.365740823576896,8,0.22,0.22,0.22,0.22,0.12,0.22,0.22,0.22,0.22,0.12,-0.135310560824034,5,2,1,"3) # of groups=5",3
"210015",0.981358619760083,7,0.201931799159676,7,0.226596519138431,9,-0.573808463494932,15,-1.62473049949647,8,0.22,0.22,0.22,0.22,0.12,0.22,0.22,0.22,0.22,0.12,-0.0110303955356596,5,2,1,"3) # of groups=5",3
"210016",0.215727701330275,8,0.272747574486962,7,-0.974624133540348,9,0.037967725435126,15,-0.267124324619833,8,0.22,0.22,0.22,0.22,0.12,0.22,0.22,0.22,0.22,0.12,-0.130654768057737,5,2,1,"3) # of groups=5",3
"210017",-0.963163847261292,6,-0.399882064438982,3,0.828631263465697,9,1.05394770851319,15,0.726506006519582,9,0.22,0.22,0.22,0.22,0.12,0.22,0.22,0.22,0.22,0.12,0.201477994043645,5,2,1,"3) # of groups=5",4
"210018",0.167175343547485,7,0.214572249731559,6,0.293813403590237,9,-0.533261182683443,15,0.176079452703803,7,0.22,0.22,0.22,0.22,0.12,0.22,0.22,0.22,0.22,0.12,0.0524354934453407,5,2,1,"3) # of groups=5",3
"210019",-0.287988503262176,8,0.521135465149751,7,0.925289968837281,11,-0.458565254108086,15,0.226716980813422,8,0.22,0.22,0.22,0.22,0.12,0.22,0.22,0.22,0.22,0.12,0.1811778065533,5,2,1,"3) # of groups=5",4
"210022",0.596916919643487,8,-0.188184964410761,7,-0.0540719357527954,9,0.373606962789939,15,-0.637451792784511,8,0.22,0.22,0.22,0.22,0.12,0.22,0.22,0.22,0.22,0.12,0.08372452096523,5,2,1,"3) # of groups=5",4
"210023",0.177079143943339,8,0.0453289382885047,8,-0.476601855254673,11,0.0640290253874833,15,-0.646367368959619,8,0.22,0.22,0.22,0.22,0.12,0.22,0.22,0.22,0.22,0.12,-0.11940032875493,5,2,1,"3) # of groups=5",3
"210024",1.15612464153344,8,0.843702812544972,6,1.49388648435669,8,-0.163726277517129,15,-0.61772020261334,7,0.22,0.22,0.22,0.22,0.12,0.22,0.22,0.22,0.22,0.12,0.658470861088353,5,2,1,"3) # of groups=5",5
"210027",0.792504641310412,8,0.15427593749825,7,0.337368397181085,11,-0.406561021839994,15,0.709849133245337,10,0.22,0.22,0.22,0.22,0.12,0.22,0.22,0.22,0.22,0.12,0.278251245902386,5,2,1,"3) # of groups=5",4
"210028",0.443227248652564,7,0.68376656143149,6,0.790853314959597,9,-0.262480892391461,15,0.0835040513035583,9,0.22,0.22,0.22,0.22,0.12,0.22,0.22,0.22,0.22,0.12,0.374201057339909,5,2,1,"3) # of groups=5",4
"210029",0.690108087924387,7,-0.540870617859629,7,0.282219174708497,10,-0.110449722876528,15,-0.451671213333859,8,0.22,0.22,0.22,0.22,0.12,0.22,0.22,0.22,0.22,0.12,0.0164209772172169,5,2,1,"3) # of groups=5",3
"210030",0.545811747655713,4,NA,0,2.15135785125271,7,-0.0566097597227379,5,0.249342324254059,8,0.22,0.22,0.22,0.22,0.12,0.282051282051282,NA,0.282051282051282,0.282051282051282,0.153846153846154,0.783133645552997,4,1,1,"2) # of groups=4",5
"210032",0.293077687329775,6,0.484702925964551,6,0.08952078648905,9,0.0397435405890354,15,-0.901152981245341,8,0.22,0.22,0.22,0.22,0.12,0.22,0.22,0.22,0.22,0.12,0.0914115291324896,5,2,1,"3) # of groups=5",4
"210033",-0.0944736105862554,7,0.205494913186062,6,-0.0247498159732396,7,-0.564401723560053,15,0.688192731645628,8,0.22,0.22,0.22,0.22,0.12,0.22,0.22,0.22,0.22,0.12,-0.0226055243278916,5,2,1,"3) # of groups=5",3
"210034",0.985418699100958,6,0.615528762085017,5,0.778294981970541,6,-0.477994024679255,15,-0.0972655921140671,7,0.22,0.22,0.22,0.22,0.12,0.22,0.22,0.22,0.22,0.12,0.406602781011309,5,2,1,"3) # of groups=5",4
"210035",0.26482441093245,7,0.279832445874237,7,0.259329408475876,7,-1.33149740993893,15,0.397734047072321,8,0.22,0.22,0.22,0.22,0.12,0.22,0.22,0.22,0.22,0.12,-0.0683243661757223,5,2,1,"3) # of groups=5",3
"210037",-0.0557417394629678,7,0.433896594999861,7,1.17346037033285,10,-0.750682317799729,15,0.25561579436336,8,0.22,0.22,0.22,0.22,0.12,0.22,0.22,0.22,0.22,0.12,0.206879135099006,5,2,1,"3) # of groups=5",4
"210038",0.919223284178469,5,-1.06689852195435,4,1.22554896738919,6,-0.964297917555188,15,-0.896113294047357,7,0.22,0.22,0.22,0.22,0.12,0.22,0.22,0.22,0.22,0.12,-0.0825469166328962,5,2,1,"3) # of groups=5",3
"210039",1.05140387046785,6,0.357872864155534,5,0.786005805152456,8,0.467251172430286,15,0.737953422051332,8,0.22,0.22,0.22,0.22,0.12,0.22,0.22,0.22,0.22,0.12,0.674311827331508,5,2,1,"3) # of groups=5",5
"210040",-0.543278033322436,7,-0.0824446973173541,7,-0.228075312312198,9,-0.650610265709317,15,-0.149870059697734,8,0.22,0.22,0.22,0.22,0.12,0.22,0.22,0.22,0.22,0.12,-0.348954235069215,5,2,1,"3) # of groups=5",2
"210043",1.13687400068745,7,-0.108929596562653,7,1.23137766881211,10,0.196553497778054,15,-0.433928076237762,6,0.22,0.22,0.22,0.22,0.12,0.22,0.22,0.22,0.22,0.12,0.48822125640876,5,2,1,"3) # of groups=5",5
"210044",0.619899627471979,7,-0.0724451888170399,8,1.66269787886075,9,0.260994331519247,15,-0.516387394425188,8,0.22,0.22,0.22,0.22,0.12,0.22,0.22,0.22,0.22,0.12,0.481685775456663,5,2,1,"3) # of groups=5",5
"210048",0.884842065471976,7,-0.179549312356571,7,-0.031390133838734,8,-0.344727944559595,15,-0.196437746860479,7,0.22,0.22,0.22,0.22,0.12,0.22,0.22,0.22,0.22,0.12,0.0488458988144993,5,2,1,"3) # of groups=5",3
"210049",-0.396170091953046,7,-0.573896107222883,7,-0.208277800882296,8,-1.20664438790697,15,-0.715078904306703,9,0.22,0.22,0.22,0.22,0.12,0.22,0.22,0.22,0.22,0.12,-0.610506913869147,5,2,1,"3) # of groups=5",2
"210051",1.22366518048289,7,-0.177586001251719,7,0.0257040411573096,7,-1.0505309285685,15,-0.40204166502707,8,0.22,0.22,0.22,0.22,0.12,0.22,0.22,0.22,0.22,0.12,-0.0435694956028526,5,2,1,"3) # of groups=5",3
"210056",1.35321188689618,7,0.560856174002731,6,-0.169877091946186,6,-1.22424550332448,15,-0.469674440748962,8,0.22,0.22,0.22,0.22,0.12,0.22,0.22,0.22,0.22,0.12,0.0580270695483385,5,2,1,"3) # of groups=5",3
"210057",-0.370725726160368,7,0.131730257428152,7,-1.22723161146241,8,-0.398155278337353,15,0.947563076283516,8,0.22,0.22,0.22,0.22,0.12,0.22,0.22,0.22,0.22,0.12,-0.296456549723013,5,2,1,"3) # of groups=5",2
"210058",NA,0,NA,0,-0.833931853147956,1,0.310362452205528,5,-5.58804271414317,1,0.22,0.22,0.22,0.22,0.12,NA,NA,0.392857142857143,0.392857142857143,0.214285714285714,-1.40312570340092,1,0,0,"",NA
"210060",0.239824263389183,5,0.854451832936428,3,-0.172076579694858,6,-0.3706179873367,15,-0.25789165212572,8,0.22,0.22,0.22,0.22,0.12,0.22,0.22,0.22,0.22,0.12,0.0904009381896053,5,2,1,"3) # of groups=5",4
"210061",-1.58770125364703,6,1.06898452745379,5,-0.440827506782079,8,0.665943466120232,15,-0.0342290703560866,8,0.22,0.22,0.22,0.22,0.12,0.22,0.22,0.22,0.22,0.12,-0.0686996571508495,5,2,1,"3) # of groups=5",3
"210062",1.2535140209827,7,0.402544095097485,7,-0.713438875939874,8,-2.18515850106206,15,-0.937786712106294,8,0.22,0.22,0.22,0.22,0.12,0.22,0.22,0.22,0.22,0.12,-0.38589304285554,5,2,1,"3) # of groups=5",2
"210063",1.45955804934729,8,0.376121045672614,7,1.48951052693366,9,0.76633118250633,15,0.0654008125074612,9,0.22,0.22,0.22,0.22,0.12,0.22,0.22,0.22,0.22,0.12,0.907982674482072,5,2,1,"3) # of groups=5",5
"210064",0.880308989902137,1,0.743157617293134,1,2.21108609312467,1,NA,0,2.30953343207145,2,0.22,0.22,0.22,0.22,0.12,0.282051282051282,0.282051282051282,0.282051282051282,NA,0.153846153846154,1.43685334092174,0,0,0,"",NA
"210065",0.47842143188988,7,-0.531404613554893,7,-1.77955548061887,7,-1.3315202529326,15,-0.677904155154444,6,0.22,0.22,0.22,0.22,0.12,0.22,0.22,0.22,0.22,0.12,-0.77744145996616,5,2,1,"3) # of groups=5",1
"21020F",2.26245158619147,4,-1.50579742843874,4,-2.50036520478101,6,-0.697765045609612,10,-0.808209552599351,4,0.22,0.22,0.22,0.22,0.12,0.22,0.22,0.22,0.22,0.12,-0.634109886692258,5,2,1,"3) # of groups=5",2
"220001",1.27082096693801,6,-0.415825487600403,5,-0.575081067307423,8,-0.509339924392305,15,-1.32885929822516,8,0.22,0.22,0.22,0.22,0.12,0.22,0.22,0.22,0.22,0.12,-0.209936728506686,5,2,1,"3) # of groups=5",3
"220002",1.39038452681851,8,0.083874178673002,7,0.757149807525895,11,0.0010928386173308,15,-1.1104690996278,9,0.22,0.22,0.22,0.22,0.12,0.22,0.22,0.22,0.22,0.12,0.357894005404306,5,2,1,"3) # of groups=5",4
"220008",0.768622839269029,7,0.12436247715698,7,-0.726291120641381,9,-0.446214382365448,15,0.391383542199299,10,0.22,0.22,0.22,0.22,0.12,0.22,0.22,0.22,0.22,0.12,-0.0145284159838645,5,2,1,"3) # of groups=5",3
"220010",-0.303561780102943,7,-0.177476074085102,7,0.228359785355439,8,-0.579476991255647,15,-0.860539648295594,9,0.22,0.22,0.22,0.22,0.12,0.22,0.22,0.22,0.22,0.12,-0.286338871014887,5,2,1,"3) # of groups=5",2
"220011",0.762446394940425,5,-0.704873024345585,6,0.0562660660477588,9,-0.436234424033862,15,-0.353622708605422,9,0.22,0.22,0.22,0.22,0.12,0.22,0.22,0.22,0.22,0.12,-0.113361622258729,5,2,1,"3) # of groups=5",3
"220012",-0.196801826884087,8,-0.00746092458577468,7,-0.794155448725496,11,-0.555512768523746,15,0.0761649690160588,10,0.22,0.22,0.22,0.22,0.12,0.22,0.22,0.22,0.22,0.12,-0.332725016836276,5,2,1,"3) # of groups=5",2
"220015",0.359671678218172,6,-1.12853830420826,7,-0.605642123090388,9,-0.179322039198488,15,0.153759217471986,10,0.22,0.22,0.22,0.22,0.12,0.22,0.22,0.22,0.22,0.12,-0.323391667324734,5,2,1,"3) # of groups=5",2
"220016",0.996962913193242,5,-0.186179988708245,3,-1.41891136904332,8,0.0479995870796723,15,0.256904087253796,9,0.22,0.22,0.22,0.22,0.12,0.22,0.22,0.22,0.22,0.12,-0.0923998581748476,5,2,1,"3) # of groups=5",3
"220019",0.185362146963743,6,0.423974921367005,4,-0.757947482897012,8,-0.582778252529405,15,-0.648453805026775,9,0.22,0.22,0.22,0.22,0.12,0.22,0.22,0.22,0.22,0.12,-0.23871996336426,5,2,1,"3) # of groups=5",3
"22001F",NA,0,NA,0,NA,0,NA,0,0.80673851134617,1,0.22,0.22,0.22,0.22,0.12,NA,NA,NA,NA,1,0.80673851134617,0,0,0,"",NA
"220020",0.589901813355812,6,-0.0419091547384647,7,-0.913085119970617,10,0.750684064693083,15,-0.608494126295439,8,0.22,0.22,0.22,0.22,0.12,0.22,0.22,0.22,0.22,0.12,0.0118108575793062,5,2,1,"3) # of groups=5",3
"220024",0.536401103925732,6,0.588891668975436,5,-0.444980036393517,9,0.114625377814929,15,-0.127263672085279,8,0.22,0.22,0.22,0.22,0.12,0.22,0.22,0.22,0.22,0.12,0.159614744500734,5,2,1,"3) # of groups=5",4
"220029",0.197654159266706,6,0.23586643931419,4,-0.652735937052141,9,-0.315477392237913,15,0.0327118854652132,9,0.22,0.22,0.22,0.22,0.12,0.22,0.22,0.22,0.22,0.12,-0.113706974500189,5,2,1,"3) # of groups=5",3
"220030",0.843292250505652,5,0.832288352275067,2,-0.101124325535603,6,-0.0264445994003264,15,0.288961778185597,9,0.22,0.22,0.22,0.22,0.12,0.22,0.22,0.22,0.22,0.12,0.375237982508125,4,1,1,"2) # of groups=4",4
"220031",1.0517473333828,8,-0.0116104524302484,8,-0.490096272956333,11,0.0486097941098009,15,-0.880700663536878,9,0.22,0.22,0.22,0.22,0.12,0.22,0.22,0.22,0.22,0.12,0.0260190088388989,5,2,1,"3) # of groups=5",3
"220033",1.33126486115646,7,-0.40261587510443,7,-0.206210963414909,10,-0.437437997334834,15,-0.0472583076938279,10,0.22,0.22,0.22,0.22,0.12,0.22,0.22,0.22,0.22,0.12,0.0570290086432438,5,2,1,"3) # of groups=5",3
"220035",2.12719609073386,7,0.542945888516007,7,0.641401274507492,10,0.160430729837468,15,-1.23209101779419,10,0.22,0.22,0.22,0.22,0.12,0.22,0.22,0.22,0.22,0.12,0.615983354255559,5,2,1,"3) # of groups=5",5
"220036",0.0597760844539702,8,0.552071352981713,7,-1.09535172171891,9,-0.316376526071788,15,0.375394257364012,8,0.22,0.22,0.22,0.22,0.12,0.22,0.22,0.22,0.22,0.12,-0.130926467394422,5,2,1,"3) # of groups=5",3
"220046",0.291752471856941,7,0.466072901159238,7,0.317158760066904,9,-0.41593367432764,15,0.238908358586869,10,0.22,0.22,0.22,0.22,0.12,0.22,0.22,0.22,0.22,0.12,0.173660103956622,5,2,1,"3) # of groups=5",4
"220049",0.68087550666063,6,-0.162311839209821,4,-1.70339706715283,6,-0.209271540917615,15,-0.494926305186712,9,0.22,0.22,0.22,0.22,0.12,0.22,0.22,0.22,0.22,0.12,-0.366094243558725,5,2,1,"3) # of groups=5",2
"220052",0.283427556613271,5,0.0885441403085124,5,-0.612391714474051,8,0.187221443079024,5,0.0432276965283395,5,0.22,0.22,0.22,0.22,0.12,0.22,0.22,0.22,0.22,0.12,-0.00651636280071286,5,2,1,"3) # of groups=5",3
"220060",1.11774263741886,7,0.0232685028914117,7,0.402885662420447,10,-0.445908760454972,15,-1.03051279241787,9,0.22,0.22,0.22,0.22,0.12,0.22,0.22,0.22,0.22,0.12,0.11789583421052,5,2,1,"3) # of groups=5",4
"220062",0.638048478541098,1,1.15927422234555,1,-3.55761528636405,1,NA,0,-1.88687773620928,2,0.22,0.22,0.22,0.22,0.12,0.282051282051282,0.282051282051282,0.282051282051282,NA,0.153846153846154,-0.786781663013002,0,0,0,"",NA
"220063",-0.113575578913865,7,-0.465492371355275,7,-0.9395172934942,10,-0.0706522824556435,15,-0.920801572747461,9,0.22,0.22,0.22,0.22,0.12,0.22,0.22,0.22,0.22,0.12,-0.460128444497872,5,2,1,"3) # of groups=5",2
"220065",0.59102787449481,5,-0.861893275258377,2,-0.604688007569017,6,-0.0280106031473234,15,0.0351592695586672,9,0.22,0.22,0.22,0.22,0.12,0.22,0.22,0.22,0.22,0.12,-0.19456497017854,4,1,1,"2) # of groups=4",2
"220066",-0.226812963236188,7,0.292360932377457,7,-0.234615158246481,9,-0.206401816011935,15,-1.98689565560543,8,0.22,0.22,0.22,0.22,0.12,0.22,0.22,0.22,0.22,0.12,-0.321030659798424,5,2,1,"3) # of groups=5",2
"220070",0.72063881485705,7,0.40585461966434,7,-1.6391137565746,8,-0.204121635272358,15,-0.424441761559191,9,0.22,0.22,0.22,0.22,0.12,0.22,0.22,0.22,0.22,0.12,-0.208616241998728,5,2,1,"3) # of groups=5",3
"220071",2.31538828769901,8,0.130433354589839,8,1.38524139821989,11,0.689396261003091,15,-1.21240113044903,10,0.22,0.22,0.22,0.22,0.12,0.22,0.22,0.22,0.22,0.12,0.849012910678719,5,2,1,"3) # of groups=5",5
"220073",0.350964504092646,6,-0.715893968840932,7,-2.69305666726933,7,-1.0679502796997,15,-1.43314456232121,9,0.22,0.22,0.22,0.22,0.12,0.22,0.22,0.22,0.22,0.12,-1.07968335805635,5,2,1,"3) # of groups=5",1
"220074",0.785276106764126,8,0.286216937010651,7,0.498485687843437,11,0.194898238724737,15,-0.585287003628879,10,0.22,0.22,0.22,0.22,0.12,0.22,0.22,0.22,0.22,0.12,0.318038493039984,5,2,1,"3) # of groups=5",4
"220075",2.09161154670733,1,-0.113272080598758,2,1.19068008389511,2,0.950853767447672,15,0.79801399030654,5,0.22,0.22,0.22,0.22,0.12,0.22,0.22,0.22,0.22,0.12,1.00213380867608,2,0,0,"",NA
"220077",0.465288825562838,8,-0.4100880605061,8,-0.461461510907548,11,-0.928308882012313,15,-0.971322715922587,9,0.22,0.22,0.22,0.22,0.12,0.22,0.22,0.22,0.22,0.12,-0.410164044040597,5,2,1,"3) # of groups=5",2
"220080",0.562366374916235,7,0.141627705155137,6,-1.72801825857997,8,-0.894700758012412,15,-0.916255754794142,9,0.22,0.22,0.22,0.22,0.12,0.22,0.22,0.22,0.22,0.12,-0.532070176609919,5,2,1,"3) # of groups=5",2
"220083",2.00906999327317,5,-0.0219024391468122,6,-0.0769794168491562,7,0.191099173281915,15,-0.27776786099352,9,0.22,0.22,0.22,0.22,0.12,0.22,0.22,0.22,0.22,0.12,0.428951065003783,5,2,1,"3) # of groups=5",5
"220084",1.08808593216799,7,0.658699436880284,7,-0.183354929584463,9,0.475092447386156,15,-0.0275003749540302,10,0.22,0.22,0.22,0.22,0.12,0.22,0.22,0.22,0.22,0.12,0.445174990112509,5,2,1,"3) # of groups=5",5
"220086",1.72008014922919,8,-0.654651281791101,8,-0.364860947257309,11,-0.337305229210832,15,-1.60561305303906,9,0.22,0.22,0.22,0.22,0.12,0.22,0.22,0.22,0.22,0.12,-0.112755774351299,5,2,1,"3) # of groups=5",3
"220088",1.92895074556493,2,0.297929928885969,3,2.59458412804541,3,1.42095713957277,15,1.5954015048791,3,0.22,0.22,0.22,0.22,0.12,0.22,0.22,0.22,0.22,0.12,1.56478100784069,4,1,1,"2) # of groups=4",5
"220090",0.594950867592072,7,0.538315272112334,7,-1.37961414641701,7,0.70083215445883,15,0.0179886687193342,10,0.22,0.22,0.22,0.22,0.12,0.22,0.22,0.22,0.22,0.12,0.10214515275049,5,2,1,"3) # of groups=5",4
"220095",-0.0681742433853632,5,-0.815142112768655,4,-0.729261551609737,9,-0.00372365220803277,15,-0.780997639220227,9,0.22,0.22,0.22,0.22,0.12,0.22,0.22,0.22,0.22,0.12,-0.449306059900221,5,2,1,"3) # of groups=5",2
"22009F",NA,0,NA,0,NA,0,NA,0,1.60831636988627,1,0.22,0.22,0.22,0.22,0.12,NA,NA,NA,NA,1,1.60831636988627,0,0,0,"",NA
"220100",0.761815373293576,7,-0.745067659624562,8,-1.12082212096811,8,-0.0141744904252566,15,-1.14367662272108,10,0.22,0.22,0.22,0.22,0.12,0.22,0.22,0.22,0.22,0.12,-0.383255952225887,5,2,1,"3) # of groups=5",2
"220101",1.77911201004088,7,0.416564192219912,7,0.91436322055734,9,0.373170225517089,15,-0.457539956975139,10,0.22,0.22,0.22,0.22,0.12,0.22,0.22,0.22,0.22,0.12,0.711401327796732,5,2,1,"3) # of groups=5",5
"220105",1.30874470707906,7,0.420087431205497,7,-2.33099658817941,9,0.0291080141227138,15,0.342637010286808,8,0.22,0.22,0.22,0.22,0.12,0.22,0.22,0.22,0.22,0.12,-0.0849559746354537,5,2,1,"3) # of groups=5",3
"220108",1.56386194317886,6,-0.0111515020306332,6,-0.846500772639166,7,0.113280802230926,15,-0.30283725071707,9,0.22,0.22,0.22,0.22,0.12,0.22,0.22,0.22,0.22,0.12,0.143947433476749,5,2,1,"3) # of groups=5",4
"22010F",2.31105564331666,4,0.34382763587863,3,-2.01928231404925,6,0.989496847259598,10,-0.944558779170129,5,0.22,0.22,0.22,0.22,0.12,0.22,0.22,0.22,0.22,0.12,0.244174465228825,5,2,1,"3) # of groups=5",4
"220110",2.48996643185478,8,-0.0128519898413965,8,1.11539519048198,11,0.337266173144968,15,-1.27883685840277,9,0.22,0.22,0.22,0.22,0.12,0.22,0.22,0.22,0.22,0.12,0.71109025423254,5,2,1,"3) # of groups=5",5
"220111",0.891189910072621,7,0.309048047777878,7,-0.773986987284635,8,-1.76877556080296,15,-1.46214030867594,10,0.22,0.22,0.22,0.22,0.12,0.22,0.22,0.22,0.22,0.12,-0.470812246893274,5,2,1,"3) # of groups=5",2
"220116",1.21779363513033,8,-0.916293110745459,8,-1.16349256669471,11,-0.0309581742208665,15,-1.23642830689537,8,0.22,0.22,0.22,0.22,0.12,0.22,0.22,0.22,0.22,0.12,-0.3448204444642,5,2,1,"3) # of groups=5",2
"220119",2.91832909054329,6,0.590883646682318,6,1.58596169388363,9,-0.123609930378957,15,-0.431998330762202,9,0.22,0.22,0.22,0.22,0.12,0.22,0.22,0.22,0.22,0.12,1.0419043904692,5,2,1,"3) # of groups=5",5
"220126",NA,0,NA,0,-0.363454297116282,2,NA,0,-1.58230057448139,1,0.22,0.22,0.22,0.22,0.12,NA,NA,0.647058823529412,NA,0.352941176470588,-0.79363533618632,0,0,0,"",NA
"220135",1.09348684933939,7,-0.154779307750731,7,0.434376477757328,10,0.0457136050511374,15,0.588069754419314,10,0.22,0.22,0.22,0.22,0.12,0.22,0.22,0.22,0.22,0.12,0.382703847897685,5,2,1,"3) # of groups=5",4
"220163",0.932643129070955,8,-0.123951551229295,8,0.335072735753879,11,-0.52915433543606,15,-1.74451864245098,9,0.22,0.22,0.22,0.22,0.12,0.22,0.22,0.22,0.22,0.12,-0.0741280418990322,5,2,1,"3) # of groups=5",3
"220171",1.01828272504478,8,0.00488066549319009,7,-0.100182220409698,11,0.153411884841627,15,-0.323540691419899,9,0.22,0.22,0.22,0.22,0.12,0.22,0.22,0.22,0.22,0.12,0.19798158912299,5,2,1,"3) # of groups=5",4
"220175",0.208762801427686,7,-2.06985367671317,3,-0.620494758906851,7,-2.10817671003525,15,-1.28054118180102,9,0.22,0.22,0.22,0.22,0.12,0.22,0.22,0.22,0.22,0.12,-1.16341265754619,5,2,1,"3) # of groups=5",1
"220176",1.08665971168688,8,0.410240500576347,7,-0.143711498254052,11,-2.16023283711569,15,-1.90558567661175,9,0.22,0.22,0.22,0.22,0.12,0.22,0.22,0.22,0.22,0.12,-0.406219988276843,5,2,1,"3) # of groups=5",2
"220177",0.544017438657228,3,NA,0,-0.75846979289808,6,-0.153524458306771,5,1.31909259855753,7,0.22,0.22,0.22,0.22,0.12,0.282051282051282,NA,0.282051282051282,0.282051282051282,0.153846153846154,0.0991489911108032,4,1,1,"2) # of groups=4",3
"221300",0.982170513301628,4,0.581598009194349,2,-1.15193070049709,7,0.92961276476986,15,0.337170149495394,7,0.22,0.22,0.22,0.22,0.12,0.22,0.22,0.22,0.22,0.12,0.335579547028572,4,1,1,"2) # of groups=4",4
"221302",0.433265137994432,4,0.713675579428008,1,0.274634343871023,6,2.11481077494681,15,1.05566555090204,7,0.22,0.22,0.22,0.22,0.12,0.22,0.22,0.22,0.22,0.12,0.904684750081105,4,1,1,"2) # of groups=4",5
"221303",1.07514933839379,4,-3.59395035348813,1,-0.165807932446613,5,NA,0,-0.414702963518187,6,0.22,0.22,0.22,0.22,0.12,0.282051282051282,0.282051282051282,0.282051282051282,NA,0.153846153846154,-0.820997851386144,3,1,1,"1) # of groups=3",2
"221304",NA,0,NA,0,NA,0,0.575905875386989,5,0.0222029321107871,1,0.22,0.22,0.22,0.22,0.12,NA,NA,NA,0.647058823529412,0.352941176470588,0.380481307171859,1,0,0,"",NA
"230002",-0.198757265395547,7,-0.328610395209092,8,-1.01420634207977,10,-0.34764623663623,15,-0.722224775189871,9,0.22,0.22,0.22,0.22,0.12,0.22,0.22,0.22,0.22,0.12,-0.502295425673325,5,2,1,"3) # of groups=5",2
"230003",0.557344946135951,3,0.678035673249115,2,1.00376769357178,5,1.14458562172694,15,0.511161309241187,7,0.22,0.22,0.22,0.22,0.12,0.22,0.22,0.22,0.22,0.12,0.805760822739375,4,1,1,"2) # of groups=4",5
"230005",-0.647563184750365,6,0.523782994223164,2,0.486111456103385,8,-0.0244240850865003,15,0.726318149111681,9,0.22,0.22,0.22,0.22,0.12,0.22,0.22,0.22,0.22,0.12,0.161497757601132,4,1,1,"2) # of groups=4",3
"230013",NA,0,NA,0,NA,0,NA,0,4.84362226128473,1,0.22,0.22,0.22,0.22,0.12,NA,NA,NA,NA,1,4.84362226128473,0,0,0,"",NA
"230015",-0.0475813893202998,4,0.196797124152676,1,0.791400087786135,6,-0.239671984231096,15,-6.79171968434552,6,0.22,0.22,0.22,0.22,0.12,0.22,0.22,0.22,0.22,0.12,-0.660798717676231,4,1,1,"2) # of groups=4",2
"230017",-0.323402440200582,8,0.385760455176607,8,0.767546474539566,11,0.439265883855374,15,-1.01505852243182,9,0.22,0.22,0.22,0.22,0.12,0.22,0.22,0.22,0.22,0.12,0.157410459449794,5,2,1,"3) # of groups=5",4
"230019",1.43100217574536,8,0.167626962827006,7,1.1212697999347,9,-1.31809826791066,10,-0.123416524711018,8,0.22,0.22,0.22,0.22,0.12,0.22,0.22,0.22,0.22,0.12,0.293586164565887,5,2,1,"3) # of groups=5",4
"230020",1.28196713166773,8,-0.718010201950749,8,-0.651659101884146,11,-1.83609864675136,15,-0.21723068987553,9,0.22,0.22,0.22,0.22,0.12,0.22,0.22,0.22,0.22,0.12,-0.449303862947139,5,2,1,"3) # of groups=5",2
"230021",0.312193589710937,8,0.172010431900483,6,0.932516028512098,10,-0.525201798576342,15,-0.0689276318484455,9,0.22,0.22,0.22,0.22,0.12,0.22,0.22,0.22,0.22,0.12,0.187862699518565,5,2,1,"3) # of groups=5",4
"230022",-1.06205354967578,5,0.300753629212221,3,-0.435964399520178,8,-0.602886526703456,15,-0.0472329977545686,8,0.22,0.22,0.22,0.22,0.12,0.22,0.22,0.22,0.22,0.12,-0.401701146001731,5,2,1,"3) # of groups=5",2
"230024",0.241266092870911,7,-0.373698511193424,6,-0.906073179181619,9,-3.60218224910422,15,-2.11186612425487,7,0.22,0.22,0.22,0.22,0.12,0.22,0.22,0.22,0.22,0.12,-1.27437526116442,5,2,1,"3) # of groups=5",1
"230029",-0.0650746764043452,8,-0.490942916090275,7,-0.775298615875343,11,-0.66890192137712,15,-0.40020800992763,9,0.22,0.22,0.22,0.22,0.12,0.22,0.22,0.22,0.22,0.12,-0.488072949735674,5,2,1,"3) # of groups=5",2
"230030",-0.883169988774204,5,0.793813907924267,3,-0.0683966854786989,9,0.57094613234435,15,-0.111738592699002,8,0.22,0.22,0.22,0.22,0.12,0.22,0.22,0.22,0.22,0.12,0.0774939093995768,5,2,1,"3) # of groups=5",4
"230031",0.914736114755465,5,0.542813626456509,3,0.281660698304126,7,-1.0388701933607,15,-0.518039334800417,7,0.22,0.22,0.22,0.22,0.12,0.22,0.22,0.22,0.22,0.12,0.0919101339781379,5,2,1,"3) # of groups=5",4
"230035",0.859989901899555,5,-0.69891018896726,2,0.220659148488291,8,0.68125436879881,15,0.381123534917217,7,0.22,0.22,0.22,0.22,0.12,0.22,0.22,0.22,0.22,0.12,0.279593334838333,4,1,1,"2) # of groups=4",4
"230036",-0.137672603230938,6,-0.535338912988809,5,0.251391837813505,9,0.776138265781998,15,-0.368810947172981,10,0.22,0.22,0.22,0.22,0.12,0.22,0.22,0.22,0.22,0.12,0.0337367755619086,5,2,1,"3) # of groups=5",3
"230037",-0.478021030004577,5,-0.71708400880689,2,0.849933043800416,7,0.207932932248628,15,-0.484204939319515,8,0.22,0.22,0.22,0.22,0.12,0.22,0.22,0.22,0.22,0.12,-0.0882971865260749,4,1,1,"2) # of groups=4",3
"230038",1.36562964997196,8,-0.22382379814387,8,0.728404450556036,11,-0.050420084934584,15,-0.110784588421827,9,0.22,0.22,0.22,0.22,0.12,0.22,0.22,0.22,0.22,0.12,0.38705969722828,5,2,1,"3) # of groups=5",4
"230041",0.28430076395594,8,0.565755183070983,7,-2.00966489137796,11,-1.9187624256438,15,-0.26622181984355,9,0.22,0.22,0.22,0.22,0.12,0.22,0.22,0.22,0.22,0.12,-0.70918831978009,5,2,1,"3) # of groups=5",1
"230046",0.875901875010677,8,0.18946980735782,8,-0.282988475747942,11,0.750467135144087,15,-1.09792314336943,10,0.22,0.22,0.22,0.22,0.12,0.22,0.22,0.22,0.22,0.12,0.20547629798389,5,2,1,"3) # of groups=5",4
"230047",0.249023613651565,8,0.190287934491167,7,0.397038407715371,10,-0.654679993305747,15,-0.725123983393451,9,0.22,0.22,0.22,0.22,0.12,0.22,0.22,0.22,0.22,0.12,-0.0470474862456958,5,2,1,"3) # of groups=5",3
"230053",-0.165657419882504,8,0.152262010014813,7,-0.316208214739269,10,0.0752577193461152,15,-0.905414609660259,10,0.22,0.22,0.22,0.22,0.12,0.22,0.22,0.22,0.22,0.12,-0.164605852316617,5,2,1,"3) # of groups=5",3
"230054",0.0730977710164924,8,0.0646576033041831,7,0.0420939880511149,11,-0.599748535953324,15,-1.2174218396555,9,0.22,0.22,0.22,0.22,0.12,0.22,0.22,0.22,0.22,0.12,-0.238468438946597,5,2,1,"3) # of groups=5",3
"230055",-0.29050125614456,5,-1.3527231495753,4,0.855982651475256,8,-0.368430500457512,15,-0.70579724100183,9,0.22,0.22,0.22,0.22,0.12,0.22,0.22,0.22,0.22,0.12,-0.338943564954685,5,2,1,"3) # of groups=5",2
"230058",-0.422204983356471,5,-0.690009930358239,2,1.25640521574906,8,0.632334726513915,15,0.0510026979320838,9,0.22,0.22,0.22,0.22,0.12,0.22,0.22,0.22,0.22,0.12,0.176955830032468,4,1,1,"2) # of groups=4",3
"230059",-0.0690429254224211,7,-0.53455200176574,8,-0.0429951375220153,10,0.651824559044169,15,-0.555420798265211,9,0.22,0.22,0.22,0.22,0.12,0.22,0.22,0.22,0.22,0.12,-0.0654989070383469,5,2,1,"3) # of groups=5",3
"23005F",-0.259456544940142,2,NA,0,2.09158144946368,3,NA,0,0.706541279028658,1,0.22,0.22,0.22,0.22,0.12,0.392857142857143,NA,0.392857142857143,NA,0.214285714285714,0.871165057997531,1,0,0,"",NA
"230066",-0.153410523753572,8,-1.2450697858144,7,1.3817268274019,9,-0.547731828017374,15,-0.641977672473512,10,0.22,0.22,0.22,0.22,0.12,0.22,0.22,0.22,0.22,0.12,-0.20122408893718,5,2,1,"3) # of groups=5",3
"230069",1.31877507189732,5,-0.571057916441988,2,0.288745931925332,8,0.659879221839546,15,-0.134271619038101,9,0.22,0.22,0.22,0.22,0.12,0.22,0.22,0.22,0.22,0.12,0.357082713743874,4,1,1,"2) # of groups=4",4
"230070",-0.0297196772672696,8,-0.116943887095184,7,-1.13907293383754,11,-0.074120742204525,15,-0.479843640792268,9,0.22,0.22,0.22,0.22,0.12,0.22,0.22,0.22,0.22,0.12,-0.356749829784066,5,2,1,"3) # of groups=5",2
"230071",-2.99585919187449,1,NA,0,-3.57286185379072,2,NA,0,0.117066910140963,2,0.22,0.22,0.22,0.22,0.12,0.392857142857143,NA,0.392857142857143,NA,0.214285714285714,-2.55548321576684,0,0,0,"",NA
"230072",-0.305224063483463,6,0.191522376643781,4,1.31786741812471,10,1.21457505777897,15,0.733286500785113,10,0.22,0.22,0.22,0.22,0.12,0.22,0.22,0.22,0.22,0.12,0.620117353688293,5,2,1,"3) # of groups=5",5
"230075",0.666095787700575,5,-0.144543330908621,7,-0.193615115597436,9,-0.121803108817761,15,0.121584422492597,9,0.22,0.22,0.22,0.22,0.12,0.22,0.22,0.22,0.22,0.12,0.0599396618219982,5,2,1,"3) # of groups=5",3
"230077",0.315244198363807,8,0.236921536607227,4,0.490153828808359,7,-0.120106291871636,10,-1.49076677822587,8,0.22,0.22,0.22,0.22,0.12,0.22,0.22,0.22,0.22,0.12,0.0239949064326022,5,2,1,"3) # of groups=5",3
"230078",NA,0,NA,0,1.17638703045783,1,0.821916790716481,5,0.264224790603964,4,0.22,0.22,0.22,0.22,0.12,NA,NA,0.392857142857143,0.392857142857143,0.214285714285714,0.841667527733615,2,0,0,"",NA
"230080",-1.28440528430375,4,0.696737561420806,3,-0.243107978210082,9,0.106019956899842,15,0.347754603401226,9,0.22,0.22,0.22,0.22,0.12,0.22,0.22,0.22,0.22,0.12,-0.117715711314353,5,2,1,"3) # of groups=5",3
"230081",0.17145414397613,5,0.103873497433882,4,0.203000477548509,8,0.115499184831215,15,0.176990287977817,9,0.22,0.22,0.22,0.22,0.12,0.22,0.22,0.22,0.22,0.12,0.15188084139108,5,2,1,"3) # of groups=5",4
"230089",1.4503324868729,7,0.0532422763529677,8,0.60482662811516,9,-0.828030835094171,15,-0.49638599157869,8,0.22,0.22,0.22,0.22,0.12,0.22,0.22,0.22,0.22,0.12,0.222115203384866,5,2,1,"3) # of groups=5",4
"230092",-0.114623608916733,8,0.523372496390848,7,-0.153770687536535,10,-0.45212810831424,15,0.180634673903334,10,0.22,0.22,0.22,0.22,0.12,0.22,0.22,0.22,0.22,0.12,-0.0216968189744651,5,2,1,"3) # of groups=5",3
"230093",0.699340531583188,5,-0.239375768091288,2,-0.165341170243741,5,0.247598562499161,15,-0.134629288329603,8,0.22,0.22,0.22,0.22,0.12,0.22,0.22,0.22,0.22,0.12,0.103133359664858,4,1,1,"2) # of groups=4",3
"230095",0.315904127914442,5,0.42926498557521,3,0.349037831523773,7,0.91149841406237,15,0.291683715646383,9,0.22,0.22,0.22,0.22,0.12,0.22,0.22,0.22,0.22,0.12,0.476257224874241,5,2,1,"3) # of groups=5",5
"230097",-0.178448556691801,8,-0.227106145016979,8,1.1613757175433,11,0.0445247404566806,15,-0.797104660197787,8,0.22,0.22,0.22,0.22,0.12,0.22,0.22,0.22,0.22,0.12,0.0804235071603297,5,2,1,"3) # of groups=5",4
"230099",-0.904366308077398,6,-1.2410560074332,6,-1.38946138686658,9,-0.396959825832985,15,0.359095523715248,9,0.22,0.22,0.22,0.22,0.12,0.22,0.22,0.22,0.22,0.12,-0.821914113360406,5,2,1,"3) # of groups=5",1
"230100",-0.414171474612204,4,NA,0,0.740304631661234,6,-0.0946559179770674,10,0.520788632830818,8,0.22,0.22,0.22,0.22,0.12,0.282051282051282,NA,0.282051282051282,0.282051282051282,0.153846153846154,0.145409780173756,4,1,1,"2) # of groups=4",3
"230104",0.288078484286537,7,-0.675056427227296,7,0.110108636751204,8,-2.93269042534956,15,-2.01947072182137,7,0.22,0.22,0.22,0.22,0.12,0.22,0.22,0.22,0.22,0.12,-0.94843962755717,5,2,1,"3) # of groups=5",1
"230105",0.0272329197783796,8,0.151077397410984,7,-0.0531864515089703,11,-0.289243789793047,15,-0.0912852332385231,10,0.22,0.22,0.22,0.22,0.12,0.22,0.22,0.22,0.22,0.12,-0.0470606112934066,5,2,1,"3) # of groups=5",3
"230108",0.527969911015978,3,0.647185137443925,2,0.386279496373315,7,1.42620078289485,15,0.696162382976455,8,0.22,0.22,0.22,0.22,0.12,0.22,0.22,0.22,0.22,0.12,0.74081925805735,4,1,1,"2) # of groups=4",5
"230110",0.891688093662391,5,-0.533878148317017,2,0.562366936891715,8,0.818571715017582,15,0.282178154084933,9,0.22,0.22,0.22,0.22,0.12,0.22,0.22,0.22,0.22,0.12,0.41638606988622,4,1,1,"2) # of groups=4",4
"230117",-0.819285789184792,8,0.364510790968411,5,1.24179555427486,9,-1.1117397706043,10,0.315338799243361,8,0.22,0.22,0.22,0.22,0.12,0.22,0.22,0.22,0.22,0.12,-0.0335975712908773,5,2,1,"3) # of groups=5",3
"23011F",1.24758765746845,5,0.939894805059975,4,0.634914772994749,6,1.59576318293077,10,0.148834226118401,4,0.22,0.22,0.22,0.22,0.12,0.22,0.22,0.22,0.22,0.12,0.989855399194076,5,2,1,"3) # of groups=5",5
"230121",-0.208413069809249,5,0.291497308163881,5,0.162586191754002,9,-0.137534724842766,15,-0.234061307414995,8,0.22,0.22,0.22,0.22,0.12,0.22,0.22,0.22,0.22,0.12,-0.00429750173130844,5,2,1,"3) # of groups=5",3
"23012F",NA,0,NA,0,NA,0,NA,0,0.741044048748471,2,0.22,0.22,0.22,0.22,0.12,NA,NA,NA,NA,1,0.741044048748471,0,0,0,"",NA
"230130",1.29841063897519,8,-0.521549789229689,8,0.182819572286254,11,-1.13436952817692,15,-0.765163978824549,9,0.22,0.22,0.22,0.22,0.12,0.22,0.22,0.22,0.22,0.12,-0.130251280810882,5,2,1,"3) # of groups=5",3
"230132",-0.0517820858903658,7,0.327741845532449,7,-0.0575133534310671,8,-1.31199161277923,15,-1.33657137327623,7,0.22,0.22,0.22,0.22,0.12,0.22,0.22,0.22,0.22,0.12,-0.400968510238155,5,2,1,"3) # of groups=5",2
"230133",0.134150320132005,5,1.0438805507071,3,-0.098727593656277,8,0.158454295093431,15,1.2108777029059,9,0.22,0.22,0.22,0.22,0.12,0.22,0.22,0.22,0.22,0.12,0.417611990249485,5,2,1,"3) # of groups=5",4
"230141",-0.458901669510282,8,0.401808468542025,7,-0.80805994411099,11,-1.48774891746195,15,-0.52058880829638,8,0.22,0.22,0.22,0.22,0.12,0.22,0.22,0.22,0.22,0.12,-0.580109110754629,5,2,1,"3) # of groups=5",2
"230142",0.413865913218017,6,0.073303830332509,6,-1.13061922038553,7,-1.8753530903986,15,-0.485595762209732,9,0.22,0.22,0.22,0.22,0.12,0.22,0.22,0.22,0.22,0.12,-0.612408056256561,5,2,1,"3) # of groups=5",2
"230144",NA,0,0.0733949809319144,1,NA,0,NA,0,-1.15599558101177,2,0.22,0.22,0.22,0.22,0.12,NA,0.647058823529412,NA,NA,0.352941176470588,-0.360507570342327,0,0,0,"",NA
"230146",-0.0717515498372111,7,-0.0678026287875323,7,-0.716593492711178,9,-0.799075554974082,15,0.324495579035743,9,0.22,0.22,0.22,0.22,0.12,0.22,0.22,0.22,0.22,0.12,-0.325209640303912,5,2,1,"3) # of groups=5",2
"230151",0.798417067055126,7,-0.221223639606506,7,0.407475374313922,10,-1.81009002715652,15,-0.153498109654139,9,0.22,0.22,0.22,0.22,0.12,0.22,0.22,0.22,0.22,0.12,-0.200012442745172,5,2,1,"3) # of groups=5",3
"230156",1.52148485594678,8,-0.134977801708713,8,0.48660107076039,11,0.117735460095104,15,-0.286105467050128,9,0.22,0.22,0.22,0.22,0.12,0.22,0.22,0.22,0.22,0.12,0.403652932674568,5,2,1,"3) # of groups=5",4
"230165",-0.765426273577363,8,-0.271815929901562,6,0.0115892293949439,10,-2.12967839937129,10,-0.872972844535131,7,0.22,0.22,0.22,0.22,0.12,0.22,0.22,0.22,0.22,0.12,-0.798929643504375,5,2,1,"3) # of groups=5",1
"230167",-0.45902029702175,8,-0.306360274231791,7,0.802051239766736,11,-0.455351542911866,15,-0.592886072289282,9,0.22,0.22,0.22,0.22,0.12,0.22,0.22,0.22,0.22,0.12,-0.163256121042421,5,2,1,"3) # of groups=5",3
"230174",-0.463172291484742,3,0.163912520977714,2,1.65669324623403,4,0.459452899066258,15,-0.227590769045692,7,0.22,0.22,0.22,0.22,0.12,0.22,0.22,0.22,0.22,0.12,0.372404110169034,4,1,1,"2) # of groups=4",4
"230176",0.339568100639519,7,0.205620145156284,7,-0.54502620869903,7,-0.177654382447701,15,-0.196702333106253,8,0.22,0.22,0.22,0.22,0.12,0.22,0.22,0.22,0.22,0.12,-0.0626525959499545,5,2,1,"3) # of groups=5",3
"230180",-0.980892898108286,5,0.196797124152676,1,-0.291538637196074,5,0.404064564007074,15,-0.171351239430943,9,0.22,0.22,0.22,0.22,0.12,0.22,0.22,0.22,0.22,0.12,-0.168307515103527,4,1,1,"2) # of groups=4",2
"230193",-0.376532442704244,6,0.132752295818655,5,0.191488712624857,6,-2.43493920351338,15,-0.408514419555408,8,0.22,0.22,0.22,0.22,0.12,0.22,0.22,0.22,0.22,0.12,-0.596212470656954,5,2,1,"3) # of groups=5",2
"230195",0.22998158399343,7,0.281920970041886,7,-1.27346375875448,8,-2.18787107962572,10,-0.544182571464521,8,0.22,0.22,0.22,0.22,0.12,0.22,0.22,0.22,0.22,0.12,-0.714177011131617,5,2,1,"3) # of groups=5",1
"230197",0.0646502459790292,8,0.709202676859993,7,0.459223068150294,9,-1.31072973927425,10,-0.385821823582803,6,0.22,0.22,0.22,0.22,0.12,0.22,0.22,0.22,0.22,0.12,-0.0633824434526217,5,2,1,"3) # of groups=5",3
"230207",0.630432379404303,5,0.273056720053821,6,-0.166953185666326,8,-2.11875075482995,15,-0.836418634802557,8,0.22,0.22,0.22,0.22,0.12,0.22,0.22,0.22,0.22,0.12,-0.4044575012047,5,2,1,"3) # of groups=5",2
"230208",0.322818112265413,4,0.0733949809319144,1,0.493978323399305,6,1.61427690931518,15,0.466621801379984,8,0.22,0.22,0.22,0.22,0.12,0.22,0.22,0.22,0.22,0.12,0.606977647866197,4,1,1,"2) # of groups=4",4
"230216",-0.698780320347594,8,0.269163775598302,7,-1.00221349289085,9,-0.631991291172887,15,-1.51448107979545,8,0.22,0.22,0.22,0.22,0.12,0.22,0.22,0.22,0.22,0.12,-0.63577842191432,5,2,1,"3) # of groups=5",2
"230217",-0.489868517594376,5,-0.0145700020324215,4,0.802473832391519,6,0.814747648185819,15,0.417996733150302,8,0.22,0.22,0.22,0.22,0.12,0.22,0.22,0.22,0.22,0.12,0.294971859387155,5,2,1,"3) # of groups=5",4
"230222",-0.158660398892593,8,0.0848960840359652,7,0.679901461551715,11,0.623173797212774,15,0.238301677935569,8,0.22,0.22,0.22,0.22,0.12,0.22,0.22,0.22,0.22,0.12,0.299044609011998,5,2,1,"3) # of groups=5",4
"230227",0.298270590300124,8,-1.11029614669354,6,0.180307771839892,8,-2.17894031350021,15,-1.04801746516482,8,0.22,0.22,0.22,0.22,0.12,0.22,0.22,0.22,0.22,0.12,-0.7441068773916,5,2,1,"3) # of groups=5",1
"230230",-0.307530143528985,8,-0.330621824150173,7,1.21617448613648,10,-0.388421341656305,15,-1.24835586545601,8,0.22,0.22,0.22,0.22,0.12,0.22,0.22,0.22,0.22,0.12,-0.108090444958497,5,2,1,"3) # of groups=5",3
"230236",-0.0670679277335238,7,-0.758421369637509,7,1.3514261586994,10,0.0572473955282305,15,-0.0980204663073217,9,0.22,0.22,0.22,0.22,0.12,0.22,0.22,0.22,0.22,0.12,0.116538080551573,5,2,1,"3) # of groups=5",4
"230239",-1.34476960793968,5,0.12272602875569,2,0.261971337671576,8,-0.229351621986318,15,-0.914668808290331,9,0.22,0.22,0.22,0.22,0.12,0.22,0.22,0.22,0.22,0.12,-0.371433506964561,4,1,1,"2) # of groups=4",2
"230241",0.116065325608848,4,NA,0,0.614620736521852,5,NA,0,-1.622639182068,5,0.22,0.22,0.22,0.22,0.12,0.392857142857143,NA,0.392857142857143,NA,0.214285714285714,-0.0606531574632249,3,1,1,"1) # of groups=3",3
"230244",0.426572939726997,7,0.760698628215133,6,-0.97888795940576,7,-1.99824584621101,15,0.804210782221488,6,0.22,0.22,0.22,0.22,0.12,0.22,0.22,0.22,0.22,0.12,-0.297264398421842,5,2,1,"3) # of groups=5",2
"230254",0.241408671799777,8,-0.352733519827271,3,0.0231514926546803,9,-0.615446567963827,10,-1.00609567892742,7,0.22,0.22,0.22,0.22,0.12,0.22,0.22,0.22,0.22,0.12,-0.275527864605351,5,2,1,"3) # of groups=5",3
"230259",1.16893005391008,5,-0.56727296932505,5,0.499856094209315,9,1.21743452757049,15,0.1283405199083,8,0.22,0.22,0.22,0.22,0.12,0.22,0.22,0.22,0.22,0.12,0.52556935778926,5,2,1,"3) # of groups=5",4
"230264",NA,0,0.135096052542295,1,NA,0,-2.17168096193461,5,-1.34172925299036,2,0.22,0.22,0.22,0.22,0.12,NA,0.392857142857143,NA,0.392857142857143,0.214285714285714,-1.08760034004492,1,0,0,"",NA
"230269",1.22742043331592,8,-0.0997713603117321,8,0.0353493698385361,11,-0.658784679622399,15,-0.0807832996300107,10,0.22,0.22,0.22,0.22,0.12,0.22,0.22,0.22,0.22,0.12,0.10123303195287,5,2,1,"3) # of groups=5",4
"230270",0.430065503456736,6,-0.442317416128998,5,0.076673866289888,6,-1.41790611529083,15,0.127590842052741,8,0.22,0.22,0.22,0.22,0.12,0.22,0.22,0.22,0.22,0.12,-0.282455614521776,5,2,1,"3) # of groups=5",2
"230273",-0.365720243046706,7,-0.383623378831653,6,-1.84195775826287,5,-3.87951595517882,15,-0.812802438811738,6,0.22,0.22,0.22,0.22,0.12,0.22,0.22,0.22,0.22,0.12,-1.52111610642782,5,2,1,"3) # of groups=5",1
"230275",NA,0,1.15927422234555,1,NA,0,NA,0,0.998064970152701,2,0.22,0.22,0.22,0.22,0.12,NA,0.647058823529412,NA,NA,0.352941176470588,1.10237683921866,0,0,0,"",NA
"230277",0.363613783823302,7,-0.330559002262939,7,0.252186478834161,10,-0.74345993259014,15,-0.678778762027797,9,0.22,0.22,0.22,0.22,0.12,0.22,0.22,0.22,0.22,0.12,-0.182261559326371,5,2,1,"3) # of groups=5",3
"230279",1.36483001262422,1,1.15927422234555,1,1.96027298966864,1,NA,0,0.606344046711147,1,0.22,0.22,0.22,0.22,0.12,0.282051282051282,0.282051282051282,0.282051282051282,NA,0.153846153846154,1.35810804490486,0,0,0,"",NA
"230297",0.434729776467566,2,-0.425164227309652,5,0.26344234608337,6,0.532578322917231,15,-0.608375758713157,5,0.22,0.22,0.22,0.22,0.12,0.22,0.22,0.22,0.22,0.12,0.104223876949294,4,1,1,"2) # of groups=4",3
"230301",-1.30003561234722,1,0.258498195763056,1,-0.563581369313035,2,-0.257145702011674,5,-1.18846525725039,2,0.22,0.22,0.22,0.22,0.12,0.22,0.22,0.22,0.22,0.12,-0.552314018209999,1,0,0,"",NA
"230302",0.731493629972814,7,0.431462324184189,6,-0.78762814620359,9,0.103799263191551,15,-0.792050030310218,9,0.22,0.22,0.22,0.22,0.12,0.22,0.22,0.22,0.22,0.12,0.0103619520146659,5,2,1,"3) # of groups=5",3
"230303",0.114925595052022,3,0.0733949809319144,1,0.522316259358404,5,0.136738789665311,15,1.31525558222173,7,0.22,0.22,0.22,0.22,0.12,0.22,0.22,0.22,0.22,0.12,0.344253307368291,4,1,1,"2) # of groups=4",4
"23037F",1.34910024078119,5,0.363698488471021,4,1.10652805247993,6,-0.111873547291227,10,0.0536060713459361,4,0.22,0.22,0.22,0.22,0.12,0.22,0.22,0.22,0.22,0.12,0.602072440138513,5,2,1,"3) # of groups=5",5
"231300",NA,0,NA,0,1.01000046527658,3,NA,0,1.54957968110424,4,0.22,0.22,0.22,0.22,0.12,NA,NA,0.647058823529412,NA,0.352941176470588,1.20044018850987,2,0,0,"",NA
"231301",1.58303369967707,2,NA,0,0.838110328533171,5,0.875919787929028,5,0.180506003949755,6,0.22,0.22,0.22,0.22,0.12,0.282051282051282,NA,0.282051282051282,0.282051282051282,0.153846153846154,0.957711230800782,3,0,0,"",NA
"231303",-1.05777510098618,1,NA,0,0.0715440018599338,3,NA,0,-1.408802955978,6,0.22,0.22,0.22,0.22,0.12,0.392857142857143,NA,0.392857142857143,NA,0.214285714285714,-0.689334279509168,2,0,0,"",NA
"231304",-1.05777510098618,1,NA,0,-0.0462318379796146,1,NA,0,0.559833958402631,5,0.22,0.22,0.22,0.22,0.12,0.392857142857143,NA,0.392857142857143,NA,0.214285714285714,-0.313752592078856,1,0,0,"",NA
"231305",0.516365858515684,3,NA,0,-0.478620258545967,4,NA,0,0.811603104787521,5,0.22,0.22,0.22,0.22,0.12,0.392857142857143,NA,0.392857142857143,NA,0.214285714285714,0.188743579585429,3,1,1,"1) # of groups=3",4
"231306",-1.05777510098618,1,NA,0,-0.0181601540891362,3,NA,0,0.918128515145862,5,0.22,0.22,0.22,0.22,0.12,0.392857142857143,NA,0.392857142857143,NA,0.214285714285714,-0.225947025534047,2,0,0,"",NA
"231307",-1.30003561234722,1,NA,0,0.455394368932441,1,0.370701177827972,5,0.549953396263444,3,0.22,0.22,0.22,0.22,0.12,0.282051282051282,NA,0.282051282051282,0.282051282051282,0.153846153846154,-0.049067188304467,2,0,0,"",NA
"231308",NA,0,NA,0,0.238013079553492,2,NA,0,0.780794419945808,4,0.22,0.22,0.22,0.22,0.12,NA,NA,0.647058823529412,NA,0.352941176470588,0.429582964397839,1,0,0,"",NA
"231310",-0.0282875600657072,2,0.0551257534481611,1,-0.0295756668660686,6,NA,0,0.0341246952090279,7,0.22,0.22,0.22,0.22,0.12,0.282051282051282,0.282051282051282,0.282051282051282,NA,0.153846153846154,0.0044778452034463,2,0,0,"",NA
"231311",NA,0,NA,0,-0.25567071370589,1,NA,0,0.713758894923576,3,0.22,0.22,0.22,0.22,0.12,NA,NA,0.647058823529412,NA,0.352941176470588,0.0864809128692157,1,0,0,"",NA
"231312",NA,0,NA,0,-1.81152813529087,1,NA,0,1.69075584851963,3,0.22,0.22,0.22,0.22,0.12,NA,NA,0.647058823529412,NA,0.352941176470588,-0.575427905710694,1,0,0,"",NA
"231313",NA,0,NA,0,-0.494171071292293,2,NA,0,-0.169870865876848,3,0.22,0.22,0.22,0.22,0.12,NA,NA,0.647058823529412,NA,0.352941176470588,-0.379712175263312,1,0,0,"",NA
"231314",-2.26907765779137,1,NA,0,-0.470840005268892,2,NA,0,-0.159032086703582,5,0.22,0.22,0.22,0.22,0.12,0.392857142857143,NA,0.392857142857143,NA,0.214285714285714,-1.1104745290673,1,0,0,"",NA
"231315",0.153527455819019,1,NA,0,1.20783367930054,1,NA,0,0.997233352660012,4,0.22,0.22,0.22,0.22,0.12,0.392857142857143,NA,0.392857142857143,NA,0.214285714285714,0.748513307224115,1,0,0,"",NA
"231316",-0.0232648658822048,3,1.15927422234555,1,0.457801148069623,3,NA,0,-0.698204617159399,6,0.22,0.22,0.22,0.22,0.12,0.282051282051282,0.282051282051282,0.282051282051282,NA,0.153846153846154,0.342120201202725,3,1,1,"1) # of groups=3",4
"231318",-0.871978297456447,3,NA,0,-0.0660081902284352,3,1.0353656670936,5,0.0568114651840794,5,0.22,0.22,0.22,0.22,0.12,0.282051282051282,NA,0.282051282051282,0.282051282051282,0.153846153846154,0.036206147810266,4,1,1,"2) # of groups=4",3
"231319",-1.06084084399039,3,-3.61070672684595,1,-2.51779286667298,5,1.26212791992501,5,0.330224300076114,6,0.22,0.22,0.22,0.22,0.12,0.22,0.22,0.22,0.22,0.12,-1.26435983785941,4,1,1,"2) # of groups=4",1
"231320",0.706056098871019,2,NA,0,1.1631461232695,3,1.85670609210309,10,-0.623386789029271,6,0.22,0.22,0.22,0.22,0.12,0.282051282051282,NA,0.282051282051282,0.282051282051282,0.153846153846154,0.954991556987284,3,0,0,"",NA
"231321",-0.782622480220515,2,-0.438786616036725,1,0.442003057801937,5,1.07071175778514,15,0.180138497234299,7,0.22,0.22,0.22,0.22,0.12,0.22,0.22,0.22,0.22,0.12,0.08570387792068,3,0,0,"",NA
"231322",-0.859232938552702,2,NA,0,0.0917537263353463,5,1.18379837467554,10,0.64330308797565,7,0.22,0.22,0.22,0.22,0.12,0.282051282051282,NA,0.282051282051282,0.282051282051282,0.153846153846154,0.216393059356255,3,0,0,"",NA
"231323",0.395787967180062,1,NA,0,-0.613837701798794,4,1.10036040555576,5,1.07581213250977,8,0.22,0.22,0.22,0.22,0.12,0.282051282051282,NA,0.282051282051282,0.282051282051282,0.153846153846154,0.414366414752973,3,0,0,"",NA
"231324",-1.05777510098618,1,NA,0,-0.0353796921985195,3,1.20375275522664,5,-1.02580484940765,5,0.22,0.22,0.22,0.22,0.12,0.282051282051282,NA,0.282051282051282,0.282051282051282,0.153846153846154,-0.126621833691912,3,0,0,"",NA
"231325",-1.75317695063539,2,NA,0,0.846939580844131,3,0.34758783674276,15,0.427471611893329,8,0.22,0.22,0.22,0.22,0.12,0.282051282051282,NA,0.282051282051282,0.282051282051282,0.153846153846154,-0.0918029536454748,3,0,0,"",NA
"231326",0.792891954361659,4,-0.507984926757096,1,-0.057137260515984,5,1.07938904478232,10,-0.0996081015248571,6,0.22,0.22,0.22,0.22,0.12,0.22,0.22,0.22,0.22,0.12,0.275621966428615,4,1,1,"2) # of groups=4",4
"231327",1.07223856721473,4,-6.30289737966832,1,0.662897251487401,6,0.900880848197355,10,-0.138789075649593,5,0.22,0.22,0.22,0.22,0.12,0.22,0.22,0.22,0.22,0.12,-0.823368445887094,4,1,1,"2) # of groups=4",1
"231328",-0.172433926905753,2,NA,0,-0.0255447241147367,2,NA,0,0.29122910123707,4,0.22,0.22,0.22,0.22,0.12,0.392857142857143,NA,0.392857142857143,NA,0.214285714285714,-0.0153710912072488,1,0,0,"",NA
"231329",NA,0,NA,0,-0.0611885360077681,1,-1.18748279470534,5,0.0519362008934508,4,0.22,0.22,0.22,0.22,0.12,NA,NA,0.392857142857143,0.392857142857143,0.214285714285714,-0.479420265445839,2,0,0,"",NA
"231330",-0.0887330555420189,1,NA,0,-2.09577305282398,2,NA,0,-0.00524068173143051,5,0.22,0.22,0.22,0.22,0.12,0.392857142857143,NA,0.392857142857143,NA,0.214285714285714,-0.859321831514806,1,0,0,"",NA
"231331",0.519620842182433,4,-4.17483796322574,1,-0.426498801682603,5,0.882023422046773,10,-0.214837112300859,5,0.22,0.22,0.22,0.22,0.12,0.22,0.22,0.22,0.22,0.12,-0.729712803625513,4,1,1,"2) # of groups=4",2
"231332",0.39796554942679,4,1.15927422234555,1,0.553829455796158,5,1.28679274915919,15,-0.350554086487314,5,0.22,0.22,0.22,0.22,0.12,0.22,0.22,0.22,0.22,0.12,0.705463144501614,4,1,1,"2) # of groups=4",5
"231333",-0.349220648380507,4,-2.20462624015099,2,-2.1567141329319,4,0.0505579138042735,15,-0.249023508164036,6,0.22,0.22,0.22,0.22,0.12,0.22,0.22,0.22,0.22,0.12,-1.05508350466469,4,1,1,"2) # of groups=4",1
"231337",-0.306113300431404,4,1.15927422234555,1,-0.0493895673517904,8,0.822559558692725,15,0.0386416654859835,7,0.22,0.22,0.22,0.22,0.12,0.22,0.22,0.22,0.22,0.12,0.362429800774436,4,1,1,"2) # of groups=4",4
"231338",0.375923852341109,4,1.15927422234555,1,0.532369384562109,8,1.1212570051913,15,0.82521153946935,9,0.22,0.22,0.22,0.22,0.12,0.22,0.22,0.22,0.22,0.12,0.800566766913137,4,1,1,"2) # of groups=4",5
"231339",0.112764646682628,4,-0.938065176274362,1,0.519887726440954,6,0.718251887050628,15,1.11893659274245,7,0.22,0.22,0.22,0.22,0.12,0.22,0.22,0.22,0.22,0.12,0.225096989587061,4,1,1,"2) # of groups=4",3
"231340",1.00926090705962,3,0.549038122933046,1,1.450067283494,6,0.543625210341989,15,0.798763577991213,7,0.22,0.22,0.22,0.22,0.12,0.22,0.22,0.22,0.22,0.12,0.87728976460125,4,1,1,"2) # of groups=4",5
"240001",-0.794925001306561,8,-0.505276449382807,6,-1.11854953218137,10,-0.625807243579352,15,-1.08229307947892,8,0.22,0.22,0.22,0.22,0.12,0.22,0.22,0.22,0.22,0.12,-0.79967797935649,5,2,1,"3) # of groups=5",1
"240002",0.787683396141833,8,0.452324720327667,7,0.266029971771678,8,-0.0835973374163575,15,-0.0680413529719514,8,0.22,0.22,0.22,0.22,0.12,0.22,0.22,0.22,0.22,0.12,0.304772002824826,5,2,1,"3) # of groups=5",4
"240004",0.920574241276662,7,-0.142105166370446,6,0.0527185386477839,8,-0.812324179789841,15,-0.295862780658878,8,0.22,0.22,0.22,0.22,0.12,0.22,0.22,0.22,0.22,0.12,-0.0313535782509504,5,2,1,"3) # of groups=5",3
"240006",1.46410206488281,3,-1.99176992866408,3,0.635715572579694,6,0.59877220078236,15,-0.204319602057985,8,0.22,0.22,0.22,0.22,0.12,0.22,0.22,0.22,0.22,0.12,0.130982027860814,5,2,1,"3) # of groups=5",4
"240010",2.82731637841245,8,0.587998204504512,8,0.789855286843348,11,1.18126571509912,15,-1.54002596599583,9,0.22,0.22,0.22,0.22,0.12,0.22,0.22,0.22,0.22,0.12,1.00021271274958,5,2,1,"3) # of groups=5",5
"240014",0.0734277239068461,3,0.708886209054306,2,0.370929906921049,7,1.08746470863118,15,0.784137726736398,7,0.22,0.22,0.22,0.22,0.12,0.22,0.22,0.22,0.22,0.12,0.587052407881312,4,1,1,"2) # of groups=4",4
"240018",0.904484473565483,3,-0.133252070158456,2,-0.22159303429686,7,0.624244719403489,15,0.00893622578769711,8,0.22,0.22,0.22,0.22,0.12,0.22,0.22,0.22,0.22,0.12,0.259326846567528,4,1,1,"2) # of groups=4",4
"240019",0.395787967180062,1,0.770587280664686,2,0.428508814698699,4,-0.348065945474827,15,-0.20133758900755,3,0.22,0.22,0.22,0.22,0.12,0.22,0.22,0.22,0.22,0.12,0.25013947507419,3,0,0,"",NA
"240020",0.237166307127403,4,-0.0291938864975693,3,-0.285532953470732,9,0.511820130317225,15,0.250704894386428,9,0.22,0.22,0.22,0.22,0.12,0.22,0.22,0.22,0.22,0.12,0.125621698771163,5,2,1,"3) # of groups=5",4
"240022",-0.553478015836718,4,0.0116939093215337,1,0.627332244549291,8,0.882259382975891,15,1.05049478046461,7,0.22,0.22,0.22,0.22,0.12,0.22,0.22,0.22,0.22,0.12,0.338977028277953,4,1,1,"2) # of groups=4",4
"24002F",NA,0,NA,0,NA,0,NA,0,0.791142664907227,2,0.22,0.22,0.22,0.22,0.12,NA,NA,NA,NA,1,0.791142664907227,0,0,0,"",NA
"240030",0.194259115641032,5,-0.0987833081086416,4,0.0122842712765826,9,0.419604871473231,15,0.0688943360463925,10,0.22,0.22,0.22,0.22,0.12,0.22,0.22,0.22,0.22,0.12,0.124287609387652,5,2,1,"3) # of groups=5",4
"240036",0.764733436089732,8,0.204715203496302,8,0.267827646070738,11,0.231263982227151,15,-1.55458528065381,9,0.22,0.22,0.22,0.22,0.12,0.22,0.22,0.22,0.22,0.12,0.136528625256006,5,2,1,"3) # of groups=5",4
"240038",0.549549940791702,8,0.282613297323465,7,-0.261882597959239,11,-0.307091441649151,15,-0.365234297224764,8,0.22,0.22,0.22,0.22,0.12,0.22,0.22,0.22,0.22,0.12,0.0140735080045193,5,2,1,"3) # of groups=5",3
"24003F",1.64257903709616,5,0.378100938046217,4,0.736742965790224,6,0.745158809960148,10,-0.0866549618317768,5,0.22,0.22,0.22,0.22,0.12,0.22,0.22,0.22,0.22,0.12,0.760169389776592,5,2,1,"3) # of groups=5",5
"240040",0.730561518317053,3,0.200479032551371,2,-0.0507537701293532,5,0.53004312490371,15,0.0672391760419407,8,0.22,0.22,0.22,0.22,0.12,0.22,0.22,0.22,0.22,0.12,0.318341280366445,4,1,1,"2) # of groups=4",4
"240043",1.61599647856217,5,0.319594778851286,4,0.582625338734073,9,0.36466923494553,15,0.257575242857921,9,0.22,0.22,0.22,0.22,0.12,0.22,0.22,0.22,0.22,0.12,0.665143911983423,5,2,1,"3) # of groups=5",5
"240044",-1.03654826595706,4,-0.728755914273551,2,0.294967330630621,5,0.312700521603974,15,0.480333881942828,8,0.22,0.22,0.22,0.22,0.12,0.22,0.22,0.22,0.22,0.12,-0.197039926325984,4,1,1,"2) # of groups=4",2
"240047",-0.560921309172274,8,0.224128345878397,7,0.373081297181288,11,0.266110895731889,15,-0.20179483301306,9,0.22,0.22,0.22,0.22,0.12,0.22,0.22,0.22,0.22,0.12,0.0423124505546788,5,2,1,"3) # of groups=5",3
"240050",-0.160415430451488,5,0.368042766129527,2,-0.377977382731569,6,0.156278816470558,15,0.360398991950944,9,0.22,0.22,0.22,0.22,0.12,0.22,0.22,0.22,0.22,0.12,0.0401522083058594,4,1,1,"2) # of groups=4",3
"240052",-0.0336571298741797,4,-0.656410570459361,3,1.30530262329443,8,1.2162177403771,15,0.0720906046927181,8,0.22,0.22,0.22,0.22,0.12,0.22,0.22,0.22,0.22,0.12,0.411570458497484,5,2,1,"3) # of groups=5",4
"240053",0.238985211866246,8,0.234097510905285,8,-1.00373326772003,11,0.719586921734889,15,-0.112414611741026,9,0.22,0.22,0.22,0.22,0.12,0.22,0.22,0.22,0.22,0.12,0.0280762494840827,5,2,1,"3) # of groups=5",3
"240056",1.25001285450999,6,0.784299462905134,7,-0.741569248207468,7,0.369897232333272,15,0.326394838954635,9,0.22,0.22,0.22,0.22,0.12,0.22,0.22,0.22,0.22,0.12,0.40494824701356,5,2,1,"3) # of groups=5",4
"240057",0.969020190386437,8,0.224609282270062,8,-0.245254049728549,11,-0.0568365712333271,15,-0.794002327128419,7,0.22,0.22,0.22,0.22,0.12,0.22,0.22,0.22,0.22,0.12,0.100858268117407,5,2,1,"3) # of groups=5",4
"240064",0.38775185874272,4,0.12272602875569,2,0.575247247925975,7,0.504469396608954,15,0.512406844167063,9,0.22,0.22,0.22,0.22,0.12,0.22,0.22,0.22,0.22,0.12,0.411331618347382,4,1,1,"2) # of groups=4",4
"240066",0.183273642580142,6,0.0124707013179271,6,-0.338262457594397,9,1.19228535989473,15,0.323802053392027,9,0.22,0.22,0.22,0.22,0.12,0.22,0.22,0.22,0.22,0.12,0.269805040570692,5,2,1,"3) # of groups=5",4
"240069",-0.121269830283562,4,0.765361818010527,3,0.70287124918714,7,0.771316566069776,15,0.396842730734179,7,0.22,0.22,0.22,0.22,0.12,0.22,0.22,0.22,0.22,0.12,0.513642684344555,5,2,1,"3) # of groups=5",5
"240071",-0.330635836209848,3,0.135096052542295,1,-0.330033975261214,4,0.574612447417183,15,0.37463510490856,7,0.22,0.22,0.22,0.22,0.12,0.22,0.22,0.22,0.22,0.12,0.0557447240564787,4,1,1,"2) # of groups=4",3
"240075",-0.124155212407647,6,-0.447927433981407,6,0.400935257408551,10,0.134049390960279,15,0.454292390127553,9,0.22,0.22,0.22,0.22,0.12,0.22,0.22,0.22,0.22,0.12,0.0463535272508571,5,2,1,"3) # of groups=5",3
"240076",1.03888064715864,4,0.145944611903336,3,2.02592030615546,6,0.631565318349022,15,0.527755282577127,8,0.22,0.22,0.22,0.22,0.12,0.22,0.22,0.22,0.22,0.12,0.908639028293876,5,2,1,"3) # of groups=5",5
"240078",1.65126954309439,8,-0.129326880448479,8,1.19716139416885,11,-0.353919855358778,15,-0.0385501717564704,9,0.22,0.22,0.22,0.22,0.12,0.22,0.22,0.22,0.22,0.12,0.51571450370954,5,2,1,"3) # of groups=5",5
"240080",0.674002886695132,8,-0.220802948607124,8,0.489737000923065,11,-0.0162620391083645,15,0.135620932651867,8,0.22,0.22,0.22,0.22,0.12,0.22,0.22,0.22,0.22,0.12,0.22014298989682,5,2,1,"3) # of groups=5",4
"240084",0.526211530764191,2,0.785844558946236,3,-0.0577316795916009,6,0.00217443501677035,15,0.597434699937179,8,0.22,0.22,0.22,0.22,0.12,0.22,0.22,0.22,0.22,0.12,0.348121909922293,4,1,1,"2) # of groups=4",4
"240088",0.880650125133752,4,-0.315040484166515,2,-0.418946231192176,7,0.120939248052741,15,-0.227222681699035,9,0.22,0.22,0.22,0.22,0.12,0.22,0.22,0.22,0.22,0.12,0.0316058629182322,4,1,1,"2) # of groups=4",3
"240093",2.30622606851776,7,-0.257054760100672,7,1.0700213227335,10,0.365664745297317,15,-0.975382647274353,9,0.22,0.22,0.22,0.22,0.12,0.22,0.22,0.22,0.22,0.12,0.649622705145617,5,2,1,"3) # of groups=5",5
"240100",0.452863821498664,7,-0.135698018106419,5,0.585794317254045,9,-0.110027740612182,15,-0.273837222326693,10,0.22,0.22,0.22,0.22,0.12,0.22,0.22,0.22,0.22,0.12,0.141584656928301,5,2,1,"3) # of groups=5",4
"240101",0.423582713967902,5,-0.292176581092647,2,0.997998194847284,8,0.188613135435833,15,0.146452453890167,9,0.22,0.22,0.22,0.22,0.12,0.22,0.22,0.22,0.22,0.12,0.307538136361662,4,1,1,"2) # of groups=4",4
"240104",0.777437966347613,5,-0.379464342971023,6,-0.337855162377302,9,0.1418110921684,15,-0.1499895257507,9,0.22,0.22,0.22,0.22,0.12,0.22,0.22,0.22,0.22,0.12,0.0264257586068074,5,2,1,"3) # of groups=5",3
"240106",0.940521090635113,8,-0.132135629935617,8,-0.242649109372569,11,0.0840844729729845,15,-0.718454890784604,9,0.22,0.22,0.22,0.22,0.12,0.22,0.22,0.22,0.22,0.12,0.0567459944518281,5,2,1,"3) # of groups=5",3
"240115",0.760883614396818,8,-0.210099689497992,8,-0.582432497485839,11,-0.229153171662603,15,-0.45247285706625,9,0.22,0.22,0.22,0.22,0.12,0.22,0.22,0.22,0.22,0.12,-0.111673126582866,5,2,1,"3) # of groups=5",3
"240141",1.3756838478737,3,-0.267042021055924,2,0.104682454616514,7,0.723653362548391,15,0.382795992680884,8,0.22,0.22,0.22,0.22,0.12,0.22,0.22,0.22,0.22,0.12,0.472070600797896,4,1,1,"2) # of groups=4",4
"240166",0.975124751195341,5,0.770587280664686,2,0.232254363113016,8,1.14767897076901,15,0.36247143445022,7,0.22,0.22,0.22,0.22,0.12,0.22,0.22,0.22,0.22,0.12,0.731138552597278,4,1,1,"2) # of groups=4",5
"240187",0.423896931056737,3,-1.10061974434738,2,0.546234969850867,5,0.836952624245203,15,0.622129130435554,8,0.22,0.22,0.22,0.22,0.12,0.22,0.22,0.22,0.22,0.12,0.23007774742946,4,1,1,"2) # of groups=4",3
"240206",NA,0,NA,0,NA,0,NA,0,0.520803261900912,3,0.22,0.22,0.22,0.22,0.12,NA,NA,NA,NA,1,0.520803261900912,1,0,0,"",NA
"240207",0.772431599112923,7,-0.366623086608911,6,1.45805254704229,7,-0.348447739419906,15,0.13197536519141,9,0.22,0.22,0.22,0.22,0.12,0.22,0.22,0.22,0.22,0.12,0.349227974250776,5,2,1,"3) # of groups=5",4
"240210",1.04884741742874,8,0.548399556884513,6,1.17064960571431,10,-0.803619076982179,15,0.477491116756315,8,0.22,0.22,0.22,0.22,0.12,0.22,0.22,0.22,0.22,0.12,0.489439984680742,5,2,1,"3) # of groups=5",5
"240213",1.36048143086695,5,0.086301931247814,6,0.181463707730043,9,-0.298624229017699,15,0.687367223996378,8,0.22,0.22,0.22,0.22,0.12,0.22,0.22,0.22,0.22,0.12,0.375001091861529,5,2,1,"3) # of groups=5",4
"240214",1.47105086925596,4,0.450118688294957,7,0.182458949652423,7,0.677711427521233,15,-0.825487337505032,7,0.22,0.22,0.22,0.22,0.12,0.22,0.22,0.22,0.22,0.12,0.512836305138802,5,2,1,"3) # of groups=5",5
"241301",NA,0,NA,0,NA,0,NA,0,0.288231199275472,3,0.22,0.22,0.22,0.22,0.12,NA,NA,NA,NA,1,0.288231199275472,1,0,0,"",NA
"241302",NA,0,NA,0,0.327775819388476,1,NA,0,1.03540986152638,3,0.22,0.22,0.22,0.22,0.12,NA,NA,0.647058823529412,NA,0.352941176470588,0.577529010731266,1,0,0,"",NA
"241303",0.880308989902137,1,NA,0,-0.0255447241147367,2,NA,0,0.96451815431849,3,0.22,0.22,0.22,0.22,0.12,0.392857142857143,NA,0.392857142857143,NA,0.214285714285714,0.542482708913298,1,0,0,"",NA
"241304",NA,0,NA,0,0.327775819388476,1,NA,0,-0.395717486943782,3,0.22,0.22,0.22,0.22,0.12,NA,NA,0.647058823529412,NA,0.352941176470588,0.0724252406829732,1,0,0,"",NA
"241305",-0.573254078264098,1,1.15927422234555,1,0.202094626280917,3,1.73280256786865,15,0.253822743528419,5,0.22,0.22,0.22,0.22,0.12,0.22,0.22,0.22,0.22,0.12,0.585060543634235,3,0,0,"",NA
"241306",-0.753173832481118,3,-1.92052372449138,1,0.469439400430606,4,0.370701177827972,5,0.422559798991014,7,0.22,0.22,0.22,0.22,0.12,0.22,0.22,0.22,0.22,0.12,-0.352675359438141,4,1,1,"2) # of groups=4",2
"241308",NA,0,NA,0,0.419750557039417,2,1.30518154397344,5,0.341470731390251,5,0.22,0.22,0.22,0.22,0.12,NA,NA,0.392857142857143,0.392857142857143,0.214285714285714,0.750824196410105,2,0,0,"",NA
"241309",NA,0,NA,0,NA,0,NA,0,0.121542584612895,6,0.22,0.22,0.22,0.22,0.12,NA,NA,NA,NA,1,0.121542584612895,1,0,0,"",NA
"241311",NA,0,NA,0,NA,0,NA,0,-2.06637753181749,4,0.22,0.22,0.22,0.22,0.12,NA,NA,NA,NA,1,-2.06637753181749,1,0,0,"",NA
"241312",NA,0,NA,0,NA,0,NA,0,0.00834386717169251,3,0.22,0.22,0.22,0.22,0.12,NA,NA,NA,NA,1,0.00834386717169251,1,0,0,"",NA
"241313",NA,0,NA,0,NA,0,0.860685218636168,5,1.19676485299811,4,0.22,0.22,0.22,0.22,0.12,NA,NA,NA,0.647058823529412,0.352941176470588,0.979301560175677,2,0,0,"",NA
"241314",-0.0887330555420189,1,NA,0,0.204581265476417,1,NA,0,0.221643258351118,4,0.22,0.22,0.22,0.22,0.12,0.392857142857143,NA,0.392857142857143,NA,0.214285714285714,0.0930067806923245,1,0,0,"",NA
"241315",NA,0,NA,0,-0.0611885360077681,1,NA,0,0.687584274716157,4,0.22,0.22,0.22,0.22,0.12,NA,NA,0.647058823529412,NA,0.352941176470588,0.203084220718323,1,0,0,"",NA
"241316",NA,0,NA,0,NA,0,NA,0,1.28447945570993,2,0.22,0.22,0.22,0.22,0.12,NA,NA,NA,NA,1,1.28447945570993,0,0,0,"",NA
"241317",NA,0,NA,0,0.327775819388476,1,NA,0,0.78885990420226,3,0.22,0.22,0.22,0.22,0.12,NA,NA,0.647058823529412,NA,0.352941176470588,0.490511378734517,1,0,0,"",NA
"241318",NA,0,NA,0,0.322509468190356,2,NA,0,0.821301088353819,4,0.22,0.22,0.22,0.22,0.12,NA,NA,0.647058823529412,NA,0.352941176470588,0.498553569424519,1,0,0,"",NA
"241319",-0.815514589625137,1,NA,0,0.455394368932441,1,NA,0,-0.792518277078446,5,0.22,0.22,0.22,0.22,0.12,0.392857142857143,NA,0.392857142857143,NA,0.214285714285714,-0.311301146074655,1,0,0,"",NA
"241320",-0.440735399367761,2,NA,0,0.764486587329176,2,1.4780891815879,10,0.905489720490327,5,0.22,0.22,0.22,0.22,0.12,0.282051282051282,NA,0.282051282051282,0.282051282051282,0.153846153846154,0.647517497127806,2,0,0,"",NA
"241321",NA,0,NA,0,NA,0,1.60752983415052,5,0.171364003638501,3,0.22,0.22,0.22,0.22,0.12,NA,NA,NA,0.647058823529412,0.352941176470588,1.10064777632275,2,0,0,"",NA
"241322",-1.30003561234722,1,-0.177129683328669,2,0.391585094160459,2,0.880063061380827,5,-0.459703310004729,5,0.22,0.22,0.22,0.22,0.12,0.22,0.22,0.22,0.22,0.12,-0.10037816803018,2,0,0,"",NA
"241323",NA,0,NA,0,-1.08328426861678,3,NA,0,-0.44643020278578,3,0.22,0.22,0.22,0.22,0.12,NA,NA,0.647058823529412,NA,0.352941176470588,-0.85851224538231,2,0,0,"",NA
"241325",-0.682995910728801,2,NA,0,-0.112129641550352,4,0.726953917112458,15,0.402299860959962,5,0.22,0.22,0.22,0.22,0.12,0.282051282051282,NA,0.282051282051282,0.282051282051282,0.153846153846154,0.0426643892032341,3,0,0,"",NA
"241326",0.949829035202777,2,NA,0,0.811416068482639,2,-0.619832717811197,5,-0.271427796301249,7,0.22,0.22,0.22,0.22,0.12,0.282051282051282,NA,0.282051282051282,0.282051282051282,0.153846153846154,0.280178704277152,2,0,0,"",NA
"241327",-1.02488299158155,2,NA,0,0.754876912673099,3,NA,0,-0.2281864088881,4,0.22,0.22,0.22,0.22,0.12,0.392857142857143,NA,0.392857142857143,NA,0.214285714285714,-0.154970904332913,2,0,0,"",NA
"241328",NA,0,NA,0,-0.25567071370589,1,NA,0,-0.0541653261346312,4,0.22,0.22,0.22,0.22,0.12,NA,NA,0.647058823529412,NA,0.352941176470588,-0.184551165151328,1,0,0,"",NA
"241329",-0.563378080019002,2,0.0365972073719107,1,-1.33374706002948,4,0.889875118725248,15,0.926024798619382,6,0.22,0.22,0.22,0.22,0.12,0.22,0.22,0.22,0.22,0.12,-0.102420643234965,3,0,0,"",NA
"241330",0.420570180868807,3,NA,0,2.25449635138329,4,1.0829333813048,5,-0.658703723411525,7,0.22,0.22,0.22,0.22,0.12,0.282051282051282,NA,0.282051282051282,0.282051282051282,0.153846153846154,0.958609659196326,4,1,1,"2) # of groups=4",5
"241332",-0.330993566903058,1,0.549038122933046,1,0.699408376843275,3,1.20745633254974,10,0.413292589220695,5,0.22,0.22,0.22,0.22,0.12,0.22,0.22,0.22,0.22,0.12,0.517075149099544,3,0,0,"",NA
"241333",0.261517598585108,2,NA,0,0.246762059812821,2,NA,0,0.570668118103337,5,0.22,0.22,0.22,0.22,0.12,0.392857142857143,NA,0.392857142857143,NA,0.214285714285714,0.321967319678473,1,0,0,"",NA
"241334",-0.573254078264098,1,1.37222540540786,1,1.11138752337217,5,1.71274150534034,15,-0.293841601965264,5,0.22,0.22,0.22,0.22,0.12,0.22,0.22,0.22,0.22,0.12,0.761821086052548,3,0,0,"",NA
"241335",-0.330993566903058,1,NA,0,0.568945695781318,3,NA,0,0.344591345590735,6,0.22,0.22,0.22,0.22,0.12,0.392857142857143,NA,0.392857142857143,NA,0.214285714285714,0.167322196114474,2,0,0,"",NA
"241336",NA,0,NA,0,0.522257997086598,1,NA,0,0.505611477064825,4,0.22,0.22,0.22,0.22,0.12,NA,NA,0.647058823529412,NA,0.352941176470588,0.516382754725972,1,0,0,"",NA
"241337",0.638048478541098,1,NA,0,1.45864678275657,1,NA,0,0.777264239427665,2,0.22,0.22,0.22,0.22,0.12,0.392857142857143,NA,0.392857142857143,NA,0.214285714285714,0.990258332530012,0,0,0,"",NA
"241338",-0.330993566903058,1,1.15927422234555,1,-0.0462318379796146,1,NA,0,0.626013268004595,5,0.22,0.22,0.22,0.22,0.12,0.282051282051282,0.282051282051282,0.282051282051282,NA,0.153846153846154,0.316887605131262,1,0,0,"",NA
"241339",NA,0,NA,0,-0.25567071370589,1,NA,0,1.79783500048652,2,0.22,0.22,0.22,0.22,0.12,NA,NA,0.647058823529412,NA,0.352941176470588,0.469096008950255,0,0,0,"",NA
"241340",NA,0,NA,0,NA,0,0.113969783368391,5,1.19325663498564,5,0.22,0.22,0.22,0.22,0.12,NA,NA,NA,0.647058823529412,0.352941176470588,0.49489455452742,2,0,0,"",NA
"241341",NA,0,NA,0,-0.297044941435646,1,NA,0,0.732366170647422,3,0.22,0.22,0.22,0.22,0.12,NA,NA,0.647058823529412,NA,0.352941176470588,0.0662766275348486,1,0,0,"",NA
"241342",-0.448297524221368,2,NA,0,0.467200028702926,3,NA,0,0.926513358993465,6,0.22,0.22,0.22,0.22,0.12,0.392857142857143,NA,0.392857142857143,NA,0.214285714285714,0.20596456083064,2,0,0,"",NA
"241343",NA,0,NA,0,-0.297044941435646,1,NA,0,0.41916630254882,3,0.22,0.22,0.22,0.22,0.12,NA,NA,0.647058823529412,NA,0.352941176470588,-0.0442645023823051,1,0,0,"",NA
"241344",-1.1550877970864,2,-0.17930187245911,2,0.267384833745857,3,NA,0,-0.627192304039155,4,0.22,0.22,0.22,0.22,0.12,0.282051282051282,0.282051282051282,0.282051282051282,NA,0.153846153846154,-0.397441205590541,2,0,0,"",NA
"241345",0.706056098871019,2,-5.77507161889713,1,1.92455838813356,2,NA,0,-0.00266108716239986,5,0.22,0.22,0.22,0.22,0.12,0.282051282051282,0.282051282051282,0.282051282051282,NA,0.153846153846154,-0.887307563430576,1,0,0,"",NA
"241346",0.880308989902137,1,NA,0,-0.547858044891677,1,NA,0,0.603098824622549,4,0.22,0.22,0.22,0.22,0.12,0.392857142857143,NA,0.392857142857143,NA,0.214285714285714,0.259841190816084,1,0,0,"",NA
"241347",0.286046134715356,2,NA,0,-0.163695976054951,2,NA,0,-0.0932008837806024,5,0.22,0.22,0.22,0.22,0.12,0.392857142857143,NA,0.392857142857143,NA,0.214285714285714,0.0280945158064586,1,0,0,"",NA
"241348",-1.19124402116036,1,NA,0,0.117705986640796,2,NA,0,1.25929705832998,2,0.22,0.22,0.22,0.22,0.12,0.392857142857143,NA,0.392857142857143,NA,0.214285714285714,-0.15189771534769,0,0,0,"",NA
"241349",-0.0282875600657072,2,NA,0,-0.457180157489132,2,0.0297263824081485,5,-0.739607533152117,7,0.22,0.22,0.22,0.22,0.12,0.282051282051282,NA,0.282051282051282,0.282051282051282,0.153846153846154,-0.242328202192982,2,0,0,"",NA
"241350",-1.30003561234722,1,NA,0,0.48882618300952,2,0.677192741456851,5,0.0603555406734404,6,0.22,0.22,0.22,0.22,0.12,0.282051282051282,NA,0.282051282051282,0.282051282051282,0.153846153846154,-0.0285141108371461,2,0,0,"",NA
"241351",-0.269035646456025,2,0.87831303592297,1,0.644661918288236,4,0.306077256076786,5,-0.544385259180772,7,0.22,0.22,0.22,0.22,0.12,0.22,0.22,0.22,0.22,0.12,0.27787741294134,3,0,0,"",NA
"241353",-0.136418254730631,3,-0.691886365999636,2,-0.019865576001907,6,1.17142331020504,10,-0.260025673458598,6,0.22,0.22,0.22,0.22,0.12,0.22,0.22,0.22,0.22,0.12,0.0399126041489987,4,1,1,"2) # of groups=4",3
"241354",-0.47892963700922,3,-0.761103621467857,2,0.561820307138186,4,1.00177555216966,10,0.65140053383396,5,0.22,0.22,0.22,0.22,0.12,0.22,0.22,0.22,0.22,0.12,0.149351836242844,4,1,1,"2) # of groups=4",3
"241355",-0.0234184861582759,2,NA,0,1.1654441742094,2,1.12801858589963,15,0.037106365736025,5,0.22,0.22,0.22,0.22,0.12,0.282051282051282,NA,0.282051282051282,0.282051282051282,0.153846153846154,0.645977569432678,2,0,0,"",NA
"241356",-0.330993566903058,1,NA,0,0.204581265476417,1,NA,0,-0.262565387479429,4,0.22,0.22,0.22,0.22,0.12,0.392857142857143,NA,0.392857142857143,NA,0.214285714285714,-0.105925987163201,1,0,0,"",NA
"241357",-0.330993566903058,1,NA,0,0.204581265476417,1,0.435325099579159,5,0.518853746833397,6,0.22,0.22,0.22,0.22,0.12,0.282051282051282,NA,0.282051282051282,0.282051282051282,0.153846153846154,0.166952904119951,2,0,0,"",NA
"241358",NA,0,NA,0,NA,0,NA,0,1.05775879645457,3,0.22,0.22,0.22,0.22,0.12,NA,NA,NA,NA,1,1.05775879645457,1,0,0,"",NA
"241359",0.584925843190497,2,0.323404134784916,2,1.12948154442791,5,0.537009176750949,15,0.234143172628841,6,0.22,0.22,0.22,0.22,0.12,0.22,0.22,0.22,0.22,0.12,0.594557734529401,3,0,0,"",NA
"241360",0.153527455819019,1,NA,0,-1.15742903334908,4,-0.0285618109331401,5,0.391924057983534,5,0.22,0.22,0.22,0.22,0.12,0.282051282051282,NA,0.282051282051282,0.282051282051282,0.153846153846154,-0.230911613466513,3,0,0,"",NA
"241361",0.553417324987476,3,-2.32605143608009,1,-1.18661441931869,5,1.00497599916384,10,0.368204066919969,5,0.22,0.22,0.22,0.22,0.12,0.22,0.22,0.22,0.22,0.12,-0.385755468844046,4,1,1,"2) # of groups=4",2
"241362",0.313599520787048,2,1.15927422234555,1,0.503257608844403,5,0.927461030458384,15,0.00860401564325231,8,0.22,0.22,0.22,0.22,0.12,0.22,0.22,0.22,0.22,0.12,0.639822806012975,3,0,0,"",NA
"241363",0.120396081686504,2,0.384400666438084,1,0.568156587847967,3,NA,0,0.214320680702768,5,0.22,0.22,0.22,0.22,0.12,0.282051282051282,0.282051282051282,0.282051282051282,NA,0.153846153846154,0.335600276408069,2,0,0,"",NA
"241364",0.729072210030544,2,-1.14629988641228,2,-0.904576392393575,3,1.59131474285361,10,0.121385522787106,5,0.22,0.22,0.22,0.22,0.12,0.22,0.22,0.22,0.22,0.12,0.0738586110316785,3,0,0,"",NA
"241365",0.339640481888015,2,NA,0,-1.26971417704289,2,-0.876947671412118,5,0.430560130655251,5,0.22,0.22,0.22,0.22,0.12,0.282051282051282,NA,0.282051282051282,0.282051282051282,0.153846153846154,-0.443432673033472,2,0,0,"",NA
"241366",-0.330993566903058,1,NA,0,-0.297044941435646,1,0.793035554947692,10,1.057625545046,4,0.22,0.22,0.22,0.22,0.12,0.282051282051282,NA,0.282051282051282,0.282051282051282,0.153846153846154,0.209249250845509,2,0,0,"",NA
"241367",0.0080182942261843,3,-2.98591282928855,2,0.232852337145718,3,1.91141360269977,10,1.11033308965639,6,0.22,0.22,0.22,0.22,0.12,0.22,0.22,0.22,0.22,0.12,-0.0501583201889463,4,1,1,"2) # of groups=4",3
"241368",0.880308989902137,1,NA,0,0.86504583819357,2,1.03479514922465,15,0.680431644567842,7,0.22,0.22,0.22,0.22,0.12,0.282051282051282,NA,0.282051282051282,0.282051282051282,0.153846153846154,0.888826656870025,2,0,0,"",NA
"241369",-0.3493037309717,3,1.20758794891289,1,0.956743747055692,4,1.19497987032347,10,0.37655090813489,5,0.22,0.22,0.22,0.22,0.12,0.22,0.22,0.22,0.22,0.12,0.707387832746664,4,1,1,"2) # of groups=4",5
"241370",0.372219491675638,3,0.219763209943122,1,-0.0238411491014796,4,1.43326448454678,15,0.32133395553642,7,0.22,0.22,0.22,0.22,0.12,0.22,0.22,0.22,0.22,0.12,0.478869402818464,4,1,1,"2) # of groups=4",4
"241371",-1.30528386380933,2,NA,0,-0.458680392317388,2,NA,0,0.950122487312132,5,0.22,0.22,0.22,0.22,0.12,0.392857142857143,NA,0.392857142857143,NA,0.214285714285714,-0.489388281911468,1,0,0,"",NA
"241372",-0.0887330555420189,1,NA,0,0.455394368932441,1,NA,0,0.864202620400474,3,0.22,0.22,0.22,0.22,0.12,0.392857142857143,NA,0.392857142857143,NA,0.214285714285714,0.32923179177491,1,0,0,"",NA
"241373",-0.276634070889774,3,-0.938065176274362,1,0.130955774584293,4,1.61913476948196,10,-0.51941909597032,6,0.22,0.22,0.22,0.22,0.12,0.22,0.22,0.22,0.22,0.12,0.0554557938020273,4,1,1,"2) # of groups=4",3
"241374",0.153527455819019,1,NA,0,0.204581265476417,1,NA,0,0.542381826614211,4,0.22,0.22,0.22,0.22,0.12,0.392857142857143,NA,0.392857142857143,NA,0.214285714285714,0.256910246211966,1,0,0,"",NA
"241375",NA,0,NA,0,NA,0,NA,0,-0.621967599442245,3,0.22,0.22,0.22,0.22,0.12,NA,NA,NA,NA,1,-0.621967599442245,1,0,0,"",NA
"241376",-0.773872941532743,3,1.15927422234555,1,0.107563492745344,4,2.19216613892126,10,-0.179526731605486,6,0.22,0.22,0.22,0.22,0.12,0.22,0.22,0.22,0.22,0.12,0.569185592952812,4,1,1,"2) # of groups=4",4
"241377",-0.563378080019002,2,NA,0,0.0835862960065896,4,-0.399677296313205,5,0.44079625309468,5,0.22,0.22,0.22,0.22,0.12,0.282051282051282,NA,0.282051282051282,0.282051282051282,0.153846153846154,-0.18024057346189,3,0,0,"",NA
"241378",0.974536696059233,3,1.23247804221103,3,0.25283659105476,8,0.920534922059722,15,-0.194914099498371,8,0.22,0.22,0.22,0.22,0.12,0.22,0.22,0.22,0.22,0.12,0.720295283364839,5,2,1,"3) # of groups=5",5
"241379",NA,0,NA,0,NA,0,0.880063061380827,5,-1.27472450039574,4,0.22,0.22,0.22,0.22,0.12,NA,NA,NA,0.647058823529412,0.352941176470588,0.119549804283215,2,0,0,"",NA
"241380",-1.12838992960004,3,0.87831303592297,1,-0.889229206829352,5,0.727724837932591,15,-0.0146865151526367,6,0.22,0.22,0.22,0.22,0.12,0.22,0.22,0.22,0.22,0.12,-0.0923102595845592,4,1,1,"2) # of groups=4",3
"241381",-1.25471436657811,2,NA,0,0.582587680654833,5,0.604728534312183,10,0.813089615026872,6,0.22,0.22,0.22,0.22,0.12,0.282051282051282,NA,0.282051282051282,0.282051282051282,0.153846153846154,0.106080974934338,3,0,0,"",NA
"250001",0.337654610614931,8,-0.405861500290127,8,-0.607334663433525,11,0.0471386889824013,15,-1.76861666431546,8,0.22,0.22,0.22,0.22,0.12,0.22,0.22,0.22,0.22,0.12,-0.350482629825646,5,2,1,"3) # of groups=5",2
"250002",-1.84968285630133,4,NA,0,0.751200142541946,4,NA,0,-0.954566108413616,6,0.22,0.22,0.22,0.22,0.12,0.392857142857143,NA,0.392857142857143,NA,0.214285714285714,-0.636096660779819,3,1,1,"1) # of groups=3",2
"250004",-2.31260993462395,8,-0.565062704738261,7,0.672435497848144,11,-0.44166215439388,15,-0.667673463734867,9,0.22,0.22,0.22,0.22,0.12,0.22,0.22,0.22,0.22,0.12,-0.662438660747932,5,2,1,"3) # of groups=5",2
"250006",0.381975304968788,5,0.708886209054306,2,0.0551833293613902,8,0.80114505860189,15,0.309817387782497,10,0.22,0.22,0.22,0.22,0.12,0.22,0.22,0.22,0.22,0.12,0.465559864970902,4,1,1,"2) # of groups=4",4
"250007",-1.41802650228106,5,0.120010591650945,3,-1.77630753449614,5,-2.21660768727627,15,-1.30361005984623,7,0.22,0.22,0.22,0.22,0.12,0.22,0.22,0.22,0.22,0.12,-1.3204380563101,5,2,1,"3) # of groups=5",1
"250009",-1.16577690358271,8,-0.923141205285973,7,-0.0445827332582583,8,0.673435894071151,15,-0.319359211826501,9,0.22,0.22,0.22,0.22,0.12,0.22,0.22,0.22,0.22,0.12,-0.359537393991454,5,2,1,"3) # of groups=5",2
"250017",NA,0,NA,0,NA,0,NA,0,-6.83941436290413,1,0.22,0.22,0.22,0.22,0.12,NA,NA,NA,NA,1,-6.83941436290413,0,0,0,"",NA
"250018",NA,0,NA,0,NA,0,NA,0,-3.60193971062436,1,0.22,0.22,0.22,0.22,0.12,NA,NA,NA,NA,1,-3.60193971062436,0,0,0,"",NA
"250019",-1.04535911980162,8,0.275131416642718,8,0.106761255841406,11,-0.0600205358107635,15,-0.617619282633207,10,0.22,0.22,0.22,0.22,0.12,0.22,0.22,0.22,0.22,0.12,-0.233281450204202,5,2,1,"3) # of groups=5",3
"250020",-1.66702439274051,5,1.15927422234555,1,1.46337564700411,4,NA,0,0.455990147968739,6,0.22,0.22,0.22,0.22,0.12,0.282051282051282,0.282051282051282,0.282051282051282,NA,0.153846153846154,0.339687721295207,3,1,1,"1) # of groups=3",4
"250025",-1.52811343742302,4,0.217571069067743,4,0.761582979588811,6,0.97472669733569,10,-0.264365313137378,8,0.22,0.22,0.22,0.22,0.12,0.22,0.22,0.22,0.22,0.12,0.0619449703087439,5,2,1,"3) # of groups=5",3
"250027",-1.73167326444659,2,NA,0,1.07389416514261,2,NA,0,-0.902361630387523,6,0.22,0.22,0.22,0.22,0.12,0.392857142857143,NA,0.392857142857143,NA,0.214285714285714,-0.451776424095318,1,0,0,"",NA
"250031",-0.456442645266857,8,0.729543501249154,6,-1.03919385803871,8,-0.841596626241299,15,-0.0212655596864376,8,0.22,0.22,0.22,0.22,0.12,0.22,0.22,0.22,0.22,0.12,-0.356243585387869,5,2,1,"3) # of groups=5",2
"250034",0.519425380605225,8,0.27817079597829,7,-0.859057491110996,9,0.748195745221491,15,0.317734935867434,9,0.22,0.22,0.22,0.22,0.12,0.22,0.22,0.22,0.22,0.12,0.189209767056774,5,2,1,"3) # of groups=5",4
"250036",-4.81303125473568,3,0.492932458417973,2,-1.33795733615205,4,0.346564843651124,15,-0.38880639871942,7,0.22,0.22,0.22,0.22,0.12,0.22,0.22,0.22,0.22,0.12,-1.21518485138643,4,1,1,"2) # of groups=4",1
"250038",0.0161777421767026,4,0.739736744859496,2,-1.39037014989985,6,0.523616769074072,15,-0.922501759384701,7,0.22,0.22,0.22,0.22,0.12,0.22,0.22,0.22,0.22,0.12,-0.135084767759872,4,1,1,"2) # of groups=4",3
"250040",-1.42748842548793,8,0.217000068994018,8,-0.854512275432598,11,-0.768912804111587,15,-1.04080760628294,9,0.22,0.22,0.22,0.22,0.12,0.22,0.22,0.22,0.22,0.12,-0.748357868682334,5,2,1,"3) # of groups=5",1
"250042",-0.758121455073123,3,0.752106768646101,1,0.548893763163295,3,NA,0,-0.543490518231528,6,0.22,0.22,0.22,0.22,0.12,0.282051282051282,0.282051282051282,0.282051282051282,NA,0.153846153846154,0.0695058137105086,3,1,1,"1) # of groups=3",3
"250043",-1.10311023472388,5,NA,0,0.259171782225576,5,0.431039903450417,5,0.814502038626173,8,0.22,0.22,0.22,0.22,0.12,0.282051282051282,NA,0.282051282051282,0.282051282051282,0.153846153846154,0.00884944082641749,4,1,1,"2) # of groups=4",3
"250044",-0.910182263866014,4,-1.88835166140711,2,0.654979341233777,6,1.56643977102616,5,0.158891777489503,8,0.22,0.22,0.22,0.22,0.12,0.22,0.22,0.22,0.22,0.12,-0.107898245564161,4,1,1,"2) # of groups=4",3
"250048",-1.46924184765691,8,0.0716012163398802,8,-0.305228628340321,11,-0.526872526288057,15,-0.169413819103592,8,0.22,0.22,0.22,0.22,0.12,0.22,0.22,0.22,0.22,0.12,-0.510872851200421,5,2,1,"3) # of groups=5",2
"250049",-0.799415360662063,2,NA,0,-0.270184667679452,2,NA,0,-6.40746221551471,1,0.22,0.22,0.22,0.22,0.12,0.392857142857143,NA,0.392857142857143,NA,0.214285714285714,-1.79322762874446,0,0,0,"",NA
"250050",-1.68666920612345,4,0.770587280664686,2,-0.589954260147786,5,-0.369802267178132,15,-0.587689461963827,8,0.22,0.22,0.22,0.22,0.12,0.22,0.22,0.22,0.22,0.12,-0.483207195048289,4,1,1,"2) # of groups=4",2
"250057",-2.33723532041282,4,0.193497210318948,2,0.0074002944336701,6,1.03946095271113,15,0.788412639903568,10,0.22,0.22,0.22,0.22,0.12,0.22,0.22,0.22,0.22,0.12,-0.146703393060368,4,1,1,"2) # of groups=4",3
"250058",-2.18325640959084,7,-1.43213211501243,7,-1.58566941265181,9,0.168568543981991,15,0.0883960399389186,8,0.22,0.22,0.22,0.22,0.12,0.22,0.22,0.22,0.22,0.12,-1.09654014172741,5,2,1,"3) # of groups=5",1
"250061",-0.0417959724282513,3,NA,0,-0.747675806579374,4,NA,0,-3.48706530602578,2,0.22,0.22,0.22,0.22,0.12,0.392857142857143,NA,0.392857142857143,NA,0.214285714285714,-1.05737790732995,2,1,0,"",NA
"250067",0.00802122375861361,3,-0.194431069838723,2,-0.227615031021244,7,-0.0735240445857829,5,-0.114538936446395,8,0.22,0.22,0.22,0.22,0.12,0.22,0.22,0.22,0.22,0.12,-0.121005435144737,4,1,1,"2) # of groups=4",3
"250069",-1.13298306984823,7,0.114104729763989,7,0.616434989602573,8,0.0067802748814265,15,0.606455109195725,8,0.22,0.22,0.22,0.22,0.12,0.22,0.22,0.22,0.22,0.12,-0.0142712635285661,5,2,1,"3) # of groups=5",3
"250072",-0.1283700560036,5,1.02375859444424,3,-0.157842915388401,5,NA,0,0.0461289501945238,6,0.22,0.22,0.22,0.22,0.12,0.282051282051282,0.282051282051282,0.282051282051282,NA,0.153846153846154,0.215122450121584,4,2,1,"2) # of groups=4",3
"250077",-0.983899582438155,5,0.324857667569296,3,-0.323146055295517,5,0.67524192296315,5,-1.41802930305738,7,0.22,0.22,0.22,0.22,0.12,0.22,0.22,0.22,0.22,0.12,-0.237691646751155,5,2,1,"3) # of groups=5",3
"250078",-0.764011338747785,8,-0.28560531046136,8,-0.74895054420565,11,0.303721327133296,15,-0.38568935086979,8,0.22,0.22,0.22,0.22,0.12,0.22,0.22,0.22,0.22,0.12,-0.375148812686305,5,2,1,"3) # of groups=5",2
"250081",NA,0,1.15927422234555,1,NA,0,-1.2088114559437,5,1.80871083452129,1,0.22,0.22,0.22,0.22,0.12,NA,0.392857142857143,NA,0.392857142857143,0.214285714285714,0.368119837055289,1,0,0,"",NA
"250082",-4.78902421672028,6,0.948434030055241,4,-0.289416502341137,9,-1.04506322497155,15,-1.34653868196427,9,0.22,0.22,0.22,0.22,0.12,0.22,0.22,0.22,0.22,0.12,-1.30010002291081,5,2,1,"3) # of groups=5",1
"250084",-0.909378318710135,5,-0.2098693111153,3,-0.475094569095915,6,-0.739746436467733,15,-0.339174979377646,8,0.22,0.22,0.22,0.22,0.12,0.22,0.22,0.22,0.22,0.12,-0.554200497310916,5,2,1,"3) # of groups=5",2
"250085",-1.2106858234394,4,-4.22510708329919,1,-0.478665953963607,3,NA,0,-0.930214344656304,6,0.22,0.22,0.22,0.22,0.12,0.282051282051282,0.282051282051282,0.282051282051282,NA,0.153846153846154,-1.81129060347851,3,1,1,"1) # of groups=3",1
"250093",-1.5626098818747,5,-0.611350163000455,3,-0.804468105001518,6,-0.632748589630455,15,0.0941024604540599,7,0.22,0.22,0.22,0.22,0.12,0.22,0.22,0.22,0.22,0.12,-0.783166587437081,5,2,1,"3) # of groups=5",1
"250094",-1.10598766566358,8,0.383160779113922,8,-1.12292756672654,9,-0.504083613724402,15,0.226638202610699,7,0.22,0.22,0.22,0.22,0.12,0.22,0.22,0.22,0.22,0.12,-0.489767790426848,5,2,1,"3) # of groups=5",2
"250095",-1.35186531596272,3,1.15927422234555,1,0.162667390539407,4,-0.488775978492065,5,-1.56879144950067,7,0.22,0.22,0.22,0.22,0.12,0.22,0.22,0.22,0.22,0.12,-0.302368903885443,4,1,1,"2) # of groups=4",2
"250096",-1.43726265838015,4,0.62870462542534,1,-1.0900384513784,6,-1.24404906358696,5,-0.136657278680984,7,0.22,0.22,0.22,0.22,0.12,0.22,0.22,0.22,0.22,0.12,-0.707780893984155,4,1,1,"2) # of groups=4",2
"250097",-1.26248978318021,6,-0.574370865959154,5,-1.32230766839188,9,0.169740994693097,15,0.197201685587976,9,0.22,0.22,0.22,0.22,0.12,0.22,0.22,0.22,0.22,0.12,-0.634009808753835,5,2,1,"3) # of groups=5",2
"250099",-1.34802853484031,4,-0.00294631229929484,3,-1.63601807091251,6,-0.074036783973696,5,-0.250574278809726,9,0.22,0.22,0.22,0.22,0.12,0.22,0.22,0.22,0.22,0.12,-0.703495447902846,5,2,1,"3) # of groups=5",1
"250100",-0.449373649920438,8,-0.482527846357058,8,-0.203858765757951,10,0.856550561400728,15,0.569879099323388,8,0.22,0.22,0.22,0.22,0.12,0.22,0.22,0.22,0.22,0.12,0.0069593577791684,5,2,1,"3) # of groups=5",3
"250102",-0.459831508446586,8,-1.63414377954443,8,0.238616379594351,11,-0.267832608513921,15,-0.955563291195865,9,0.22,0.22,0.22,0.22,0.12,0.22,0.22,0.22,0.22,0.12,-0.581769728663833,5,2,1,"3) # of groups=5",2
"250104",-1.16864053674228,8,0.0115102827882191,7,0.132835937836295,11,-1.00611925790481,15,-0.302495969460992,8,0.22,0.22,0.22,0.22,0.12,0.22,0.22,0.22,0.22,0.12,-0.482990502620286,5,2,1,"3) # of groups=5",2
"250117",-1.65837122898149,4,-0.384321447268192,3,-1.57774848238985,5,-0.134517432273083,5,-0.372957818424322,8,0.22,0.22,0.22,0.22,0.12,0.22,0.22,0.22,0.22,0.12,-0.870845828211694,5,2,1,"3) # of groups=5",1
"250123",-0.906480449781058,6,0.299282675235741,6,-1.02487964216462,8,0.327737464644823,15,-0.104068066844453,9,0.22,0.22,0.22,0.22,0.12,0.22,0.22,0.22,0.22,0.12,-0.299442957475659,5,2,1,"3) # of groups=5",2
"250124",-0.57420067206633,3,NA,0,-1.19102764524113,4,0.0299680188725459,5,0.662766643421589,7,0.22,0.22,0.22,0.22,0.12,0.282051282051282,NA,0.282051282051282,0.282051282051282,0.153846153846154,-0.387468292878321,4,1,1,"2) # of groups=4",2
"250127",NA,0,NA,0,NA,0,NA,0,1.33477706735386,3,0.22,0.22,0.22,0.22,0.12,NA,NA,NA,NA,1,1.33477706735386,1,0,0,"",NA
"250134",NA,0,NA,0,0.706207472388479,1,NA,0,-4.20312310452944,1,0.22,0.22,0.22,0.22,0.12,NA,NA,0.647058823529412,NA,0.352941176470588,-1.02649743711196,0,0,0,"",NA
"250136",NA,0,0.0733949809319144,1,0.171227588654936,1,0.327489750900059,15,0.721038507647695,2,0.22,0.22,0.22,0.22,0.12,NA,0.282051282051282,0.282051282051282,0.282051282051282,0.153846153846154,0.272294014647235,1,0,0,"",NA
"250138",-0.326799154291266,6,0.608291682035345,6,-1.40135475284724,8,-2.12963690107145,15,-0.56826435922386,7,0.22,0.22,0.22,0.22,0.12,0.22,0.22,0.22,0.22,0.12,-0.783081530865278,5,2,1,"3) # of groups=5",1
"250141",0.718153139675288,8,-0.483485176181879,6,-0.811611901213095,10,-0.683576993705767,15,0.0831296306946322,10,0.22,0.22,0.22,0.22,0.12,0.22,0.22,0.22,0.22,0.12,-0.267339049230244,5,2,1,"3) # of groups=5",3
"250151",NA,0,1.15927422234555,1,1.45864678275657,1,NA,0,-3.1009535490368,1,0.22,0.22,0.22,0.22,0.12,NA,0.392857142857143,0.392857142857143,NA,0.214285714285714,0.363978920067947,0,0,0,"",NA
"250152",NA,0,NA,0,NA,0,0.84129463346114,5,NA,0,0.22,0.22,0.22,0.22,0.12,NA,NA,NA,1,NA,0.84129463346114,1,0,0,"",NA
"250162",0.108254517481587,3,0.832288352275067,2,-0.805593446543086,5,0.435568008983958,15,-0.162097055764866,9,0.22,0.22,0.22,0.22,0.12,0.22,0.22,0.22,0.22,0.12,0.106062188391672,4,1,1,"2) # of groups=4",3
"250167",-0.698381187060121,6,1.04098563747081,4,0.807167650225165,5,0.00620020901976609,15,1.01532736215766,8,0.22,0.22,0.22,0.22,0.12,0.22,0.22,0.22,0.22,0.12,0.376153191583156,5,2,1,"3) # of groups=5",4
"250168",-1.45812051878893,5,-1.35444256101116,3,-0.76555639800842,8,0.150645798837207,15,0.415472717908957,8,0.22,0.22,0.22,0.22,0.12,0.22,0.22,0.22,0.22,0.12,-0.704187483224612,5,2,1,"3) # of groups=5",1
"250172",0.147949467758194,2,NA,0,1.18685191771035,2,NA,0,-0.6646613880399,5,0.22,0.22,0.22,0.22,0.12,0.392857142857143,NA,0.392857142857143,NA,0.214285714285714,0.381958818282664,1,0,0,"",NA
"25042F",1.01897782053624,3,0.690405697035721,1,2.26453295804445,4,1.48189173998554,10,0.188586846478782,4,0.22,0.22,0.22,0.22,0.12,0.22,0.22,0.22,0.22,0.12,1.22290822900988,4,1,1,"2) # of groups=4",5
"25043F",1.15764334246373,4,0.342009917659088,2,0.541411568957414,5,0.985473835741481,10,-1.36817185296387,3,0.22,0.22,0.22,0.22,0.12,0.22,0.22,0.22,0.22,0.12,0.501657883905112,4,1,1,"2) # of groups=4",4
"251300",0.153527455819019,1,-2.96558635257005,1,-0.0255447241147367,2,NA,0,-0.26975816071188,5,0.22,0.22,0.22,0.22,0.12,0.282051282051282,0.282051282051282,0.282051282051282,NA,0.153846153846154,-0.841850994712685,1,0,0,"",NA
"251302",-0.0887330555420189,1,NA,0,0.883959576828587,2,NA,0,-1.70835393402282,3,0.22,0.22,0.22,0.22,0.12,0.392857142857143,NA,0.392857142857143,NA,0.214285714285714,-0.0536654239280239,1,0,0,"",NA
"251304",NA,0,NA,0,NA,0,NA,0,1.14795080173703,3,0.22,0.22,0.22,0.22,0.12,NA,NA,NA,NA,1,1.14795080173703,1,0,0,"",NA
"251305",-0.541874393830197,2,NA,0,0.273092515877222,2,NA,0,1.15597460471526,2,0.22,0.22,0.22,0.22,0.12,0.392857142857143,NA,0.392857142857143,NA,0.214285714285714,0.142115963243173,0,0,0,"",NA
"251307",NA,0,NA,0,NA,0,NA,0,0.670956271113569,1,0.22,0.22,0.22,0.22,0.12,NA,NA,NA,NA,1,0.670956271113569,0,0,0,"",NA
"251308",-0.239969835413613,2,-1.34859632354084,1,0.721206627619718,2,NA,0,0.752597366951234,6,0.22,0.22,0.22,0.22,0.12,0.282051282051282,0.282051282051282,0.282051282051282,NA,0.153846153846154,-0.128855657512171,1,0,0,"",NA
"251309",-2.26907765779137,1,NA,0,-0.798671148347709,1,NA,0,0.440343873799593,3,0.22,0.22,0.22,0.22,0.12,0.392857142857143,NA,0.392857142857143,NA,0.214285714285714,-1.11082762945473,1,0,0,"",NA
"251312",-0.974313494350337,2,NA,0,-2.44510049249523,2,NA,0,0.998411773782432,5,0.22,0.22,0.22,0.22,0.12,0.392857142857143,NA,0.392857142857143,NA,0.214285714285714,-1.12939582902167,1,0,0,"",NA
"251313",-1.03395754140588,2,1.15927422234555,1,-0.155305766571597,3,1.22532305292939,5,0.340031057912998,7,0.22,0.22,0.22,0.22,0.12,0.22,0.22,0.22,0.22,0.12,0.303777199755002,3,0,0,"",NA
"251315",-1.16903178776886,4,-1.27877810121661,1,-0.230650158168991,5,NA,0,0.203902807409963,7,0.22,0.22,0.22,0.22,0.12,0.282051282051282,0.282051282051282,0.282051282051282,NA,0.153846153846154,-0.724093427544597,3,1,1,"1) # of groups=3",2
"251316",-0.0887330555420189,1,NA,0,-0.297044941435646,1,NA,0,1.72433105675029,4,0.22,0.22,0.22,0.22,0.12,0.392857142857143,NA,0.392857142857143,NA,0.214285714285714,0.217943870490979,1,0,0,"",NA
"251317",-2.12335951200822,4,1.15927422234555,1,-0.659713020271138,3,NA,0,-0.458177247708559,4,0.22,0.22,0.22,0.22,0.12,0.282051282051282,0.282051282051282,0.282051282051282,NA,0.153846153846154,-0.528483202449314,3,1,1,"1) # of groups=3",2
"251318",-2.74636176598038,3,0.316407506042934,2,-1.39041781787177,4,0.677334664133793,5,-2.92620761685451,3,0.22,0.22,0.22,0.22,0.12,0.22,0.22,0.22,0.22,0.12,-1.04261314503113,4,1,1,"2) # of groups=4",1
"251319",-1.29318446404356,2,NA,0,-1.75145778773781,2,NA,0,-0.246550766296931,5,0.22,0.22,0.22,0.22,0.12,0.392857142857143,NA,0.392857142857143,NA,0.214285714285714,-1.24894176312059,1,0,0,"",NA
"251320",0.623423697074387,4,NA,0,0.207402705962774,4,NA,0,4.14817792958954,1,0.22,0.22,0.22,0.22,0.12,0.392857142857143,NA,0.392857142857143,NA,0.214285714285714,1.21529135753379,2,1,0,"",NA
"251322",NA,0,NA,0,-1.04948425180374,1,NA,0,0.111339084182132,5,0.22,0.22,0.22,0.22,0.12,NA,NA,0.647058823529412,NA,0.352941176470588,-0.639781897926373,1,0,0,"",NA
"251323",1.12256950126318,1,NA,0,0.204581265476417,1,NA,0,1.54784700607383,5,0.22,0.22,0.22,0.22,0.12,0.392857142857143,NA,0.392857142857143,NA,0.214285714285714,0.85306215966352,1,0,0,"",NA
"251324",-0.0887330555420189,1,NA,0,0.455394368932441,1,NA,0,-0.857140446216349,3,0.22,0.22,0.22,0.22,0.12,0.392857142857143,NA,0.392857142857143,NA,0.214285714285714,-0.0396274367858375,1,0,0,"",NA
"251325",NA,0,-0.533119486793819,1,0.455394368932441,1,NA,0,1.24583755443545,4,0.22,0.22,0.22,0.22,0.12,NA,0.392857142857143,0.392857142857143,NA,0.214285714285714,0.236430322504912,1,0,0,"",NA
"251326",NA,0,NA,0,NA,0,NA,0,-0.252490558380135,2,0.22,0.22,0.22,0.22,0.12,NA,NA,NA,NA,1,-0.252490558380135,0,0,0,"",NA
"251327",-1.77770548676564,2,1.15927422234555,1,-0.799904335959607,3,NA,0,0.642348042364915,2,0.22,0.22,0.22,0.22,0.12,0.282051282051282,0.282051282051282,0.282051282051282,NA,0.153846153846154,-0.30122059871762,1,0,0,"",NA
"251330",-1.05777510098618,1,-4.75014011517741,1,-3.49006525411613,2,NA,0,-0.104625196020166,3,0.22,0.22,0.22,0.22,0.12,0.282051282051282,0.282051282051282,0.282051282051282,NA,0.153846153846154,-2.63860349613328,1,0,0,"",NA
"251331",-0.218466149224807,2,NA,0,1.59018583491514,2,NA,0,1.42859706187132,5,0.22,0.22,0.22,0.22,0.12,0.392857142857143,NA,0.392857142857143,NA,0.214285714285714,0.845017818350771,1,0,0,"",NA
"251333",NA,0,NA,0,NA,0,NA,0,-4.00272863989441,1,0.22,0.22,0.22,0.22,0.12,NA,NA,NA,NA,1,-4.00272863989441,0,0,0,"",NA
"251334",NA,0,NA,0,-1.76090611724158,2,NA,0,1.22302926930531,3,0.22,0.22,0.22,0.22,0.12,NA,NA,0.647058823529412,NA,0.352941176470588,-0.707752451401501,1,0,0,"",NA
"251335",NA,0,NA,0,0.204581265476417,1,NA,0,1.04775134153996,4,0.22,0.22,0.22,0.22,0.12,NA,NA,0.647058823529412,NA,0.352941176470588,0.502170704087079,1,0,0,"",NA
"251336",-3.40750558275578,2,-1.45192729258071,1,-0.0274091091196328,3,0.0489750449062342,5,0.799420663754829,7,0.22,0.22,0.22,0.22,0.12,0.22,0.22,0.22,0.22,0.12,-0.968400247050396,3,0,0,"",NA
"251337",-1.25964107890582,4,1.15927422234555,1,1.24406813734055,4,NA,0,0.372889544325226,6,0.22,0.22,0.22,0.22,0.12,0.282051282051282,0.282051282051282,0.282051282051282,NA,0.153846153846154,0.379950034731652,3,1,1,"1) # of groups=3",4
"260001",-1.32857365295159,8,-0.286420461620114,6,-1.12408425203734,10,0.010283295716106,15,-0.89094845202486,9,0.22,0.22,0.22,0.22,0.12,0.22,0.22,0.22,0.22,0.12,-0.70724872983943,5,2,1,"3) # of groups=5",1
"260005",0.41519770256851,7,-0.593323261661228,6,-0.213371844302828,7,-0.289855332367116,15,-0.109510778643451,8,0.22,0.22,0.22,0.22,0.12,0.22,0.22,0.22,0.22,0.12,-0.163038895305,5,2,1,"3) # of groups=5",3
"260006",0.408993703626635,8,-0.184153087680829,7,0.128107573075655,10,-0.305358449170016,15,0.925270605913451,10,0.22,0.22,0.22,0.22,0.12,0.22,0.22,0.22,0.22,0.12,0.121502215476932,5,2,1,"3) # of groups=5",4
"260009",-0.36457502545969,5,1.07684064220258,5,0.654092570209732,8,0.300544228468022,15,0.0894009261142791,9,0.22,0.22,0.22,0.22,0.12,0.22,0.22,0.22,0.22,0.12,0.377446642526255,5,2,1,"3) # of groups=5",4
"260011",0.0441624956719472,7,0.00109064942639716,6,-0.677768964231025,8,0.289329172665948,15,-0.624737136170746,9,0.22,0.22,0.22,0.22,0.12,0.22,0.22,0.22,0.22,0.12,-0.150469518563171,5,2,1,"3) # of groups=5",3
"260017",-0.932133536338393,7,-0.0943634981517694,7,-0.802484698140056,10,0.216853566565645,15,-1.22632271564147,10,0.22,0.22,0.22,0.22,0.12,0.22,0.22,0.22,0.22,0.12,-0.501826922411183,5,2,1,"3) # of groups=5",2
"260020",1.06871386501626,8,0.493192486041447,8,-0.293173161303197,11,0.157059294695707,15,-0.0945903437477336,9,0.22,0.22,0.22,0.22,0.12,0.22,0.22,0.22,0.22,0.12,0.30232350532932,5,2,1,"3) # of groups=5",4
"260022",-0.258654899658801,5,-0.0889599618185329,2,-0.45552278815253,6,-0.988349728766683,15,-0.34868003004334,8,0.22,0.22,0.22,0.22,0.12,0.22,0.22,0.22,0.22,0.12,-0.435968826852441,4,1,1,"2) # of groups=4",2
"260023",-0.288908566762847,7,-0.182356326260592,7,0.290351032282877,8,0.649623080933223,15,0.495704595514379,8,0.22,0.22,0.22,0.22,0.12,0.22,0.22,0.22,0.22,0.12,0.162600579904111,5,2,1,"3) # of groups=5",4
"260024",-3.62776534462318,4,0.647185137443925,2,-0.0669304383972999,5,0.83237340299064,15,-0.552213137980785,8,0.22,0.22,0.22,0.22,0.12,0.22,0.22,0.22,0.22,0.12,-0.553595769926595,4,1,1,"2) # of groups=4",2
"260025",-0.0728451424809153,7,-0.318941205920173,5,-1.23759569065459,10,-0.122014335169896,15,0.212456779517681,9,0.22,0.22,0.22,0.22,0.12,0.22,0.22,0.22,0.22,0.12,-0.359812388787505,5,2,1,"3) # of groups=5",2
"260027",0.0824351293676102,8,-0.261387265271683,6,-1.02568299162625,10,-1.74758338147625,15,0.347963182680752,7,0.22,0.22,0.22,0.22,0.12,0.22,0.22,0.22,0.22,0.12,-0.607732490059756,5,2,1,"3) # of groups=5",2
"260032",1.03817649461909,8,-0.13996330765729,8,-0.317221260090176,11,0.550836142720739,15,-1.27578891774796,9,0.22,0.22,0.22,0.22,0.12,0.22,0.22,0.22,0.22,0.12,0.0959075051805646,5,2,1,"3) # of groups=5",4
"260034",-0.971713314381517,3,0.135096052542295,1,0.211525176517192,4,0.491520551749804,5,-0.700013156400755,8,0.22,0.22,0.22,0.22,0.12,0.22,0.22,0.22,0.22,0.12,-0.11338731615398,4,1,1,"2) # of groups=4",3
"260040",-0.113909863050022,8,-0.0336406739248184,8,0.374839864719434,11,-0.281157741525843,15,-0.282092867821423,10,0.22,0.22,0.22,0.22,0.12,0.22,0.22,0.22,0.22,0.12,-0.0457021951704456,5,2,1,"3) # of groups=5",3
"260048",0.66051515488816,3,-0.203340872938346,7,-0.706580811425833,7,-1.18455575536383,15,0.450198149393066,7,0.22,0.22,0.22,0.22,0.12,0.22,0.22,0.22,0.22,0.12,-0.261447924737599,5,2,1,"3) # of groups=5",3
"26004F",1.45963378460322,5,-0.87909062720807,4,0.561531930863621,6,-0.0535056738853453,10,0.374319720449348,4,0.22,0.22,0.22,0.22,0.12,0.22,0.22,0.22,0.22,0.12,0.284403637616075,5,2,1,"3) # of groups=5",4
"260052",-0.0322943058815901,7,-0.369054005687569,6,0.971447221616826,8,-0.152137555290234,15,0.312247563192094,8,0.22,0.22,0.22,0.22,0.12,0.22,0.22,0.22,0.22,0.12,0.129421205629687,5,2,1,"3) # of groups=5",4
"260057",-3.23426283031969,4,-0.34322002444651,3,0.680250374222012,7,-0.311614701598919,15,-0.397917116968784,8,0.22,0.22,0.22,0.22,0.12,0.22,0.22,0.22,0.22,0.12,-0.753696434107738,5,2,1,"3) # of groups=5",1
"260059",0.72158076246979,3,0.678035673249115,2,0.417772099391377,7,0.323327154749687,15,0.234966078485925,9,0.22,0.22,0.22,0.22,0.12,0.22,0.22,0.22,0.22,0.12,0.499153381187504,4,1,1,"2) # of groups=4",4
"260061",-0.975825919321058,2,0.616334601638735,2,0.292823973470677,3,-2.74785922219675,5,-1.7162081391062,6,0.22,0.22,0.22,0.22,0.12,0.22,0.22,0.22,0.22,0.12,-0.825140821302591,3,0,0,"",NA
"260062",0.438199219010905,6,-0.0726685130030061,7,1.37628673796293,7,0.493985781522003,15,0.279163341613858,9,0.22,0.22,0.22,0.22,0.12,0.22,0.22,0.22,0.22,0.12,0.525376310602086,5,2,1,"3) # of groups=5",5
"260065",0.0563360098615714,8,-0.214352457182382,8,0.274412586839349,11,-0.453493548128595,15,-0.908849943514075,9,0.22,0.22,0.22,0.22,0.12,0.22,0.22,0.22,0.22,0.12,-0.183223423115901,5,2,1,"3) # of groups=5",3
"260068",0.38776102731723,8,0.0223751358636504,8,0.924021002047362,11,0.0592706966083732,15,-0.229742168225975,9,0.22,0.22,0.22,0.22,0.12,0.22,0.22,0.22,0.22,0.12,0.278985069416938,5,2,1,"3) # of groups=5",4
"260070",-1.68110376721537,2,0.0733949809319144,1,-1.3806476856861,4,-3.30759356889827,5,-0.0474091613700544,5,0.22,0.22,0.22,0.22,0.12,0.22,0.22,0.22,0.22,0.12,-1.39079810835533,3,0,0,"",NA
"260074",-1.14954937216839,4,0.739736744859496,2,-0.25698735649241,6,-0.411208952782706,15,-0.230186824151511,8,0.22,0.22,0.22,0.22,0.12,0.22,0.22,0.22,0.22,0.12,-0.264784384946664,4,1,1,"2) # of groups=4",2
"260077",0.304091090436665,8,-0.149624039292753,8,-0.393830294060288,9,-1.06375184426558,15,-0.28161627589975,10,0.22,0.22,0.22,0.22,0.12,0.22,0.22,0.22,0.22,0.12,-0.320479272288,5,2,1,"3) # of groups=5",2
"260078",-1.23069474083677,6,-0.558358635490998,3,0.443641609995529,10,-0.655482136933093,15,0.0394993683573832,9,0.22,0.22,0.22,0.22,0.12,0.22,0.22,0.22,0.22,0.12,-0.435456734515487,5,2,1,"3) # of groups=5",2
"26007F",0.984282964286571,2,NA,0,2.64146928101065,3,NA,0,-0.495825508781488,1,0.22,0.22,0.22,0.22,0.12,0.392857142857143,NA,0.392857142857143,NA,0.214285714285714,1.31815434448502,1,0,0,"",NA
"260081",0.35806672464188,7,-0.365895814547291,7,0.750828383752674,8,0.00319720534220723,15,0.203251627417693,8,0.22,0.22,0.22,0.22,0.12,0.22,0.22,0.22,0.22,0.12,0.188553425111807,5,2,1,"3) # of groups=5",4
"260085",0.221823015223169,8,0.734387178444045,6,-0.281381295373237,9,-1.05020860046381,15,1.02922296066366,8,0.22,0.22,0.22,0.22,0.12,0.22,0.22,0.22,0.22,0.12,0.0409232208022759,5,2,1,"3) # of groups=5",3
"260091",0.841032584471391,7,0.10363593803698,8,-0.237125874852356,9,-1.02343710243237,15,-0.169399915916905,9,0.22,0.22,0.22,0.22,0.12,0.22,0.22,0.22,0.22,0.12,-0.0898247699608267,5,2,1,"3) # of groups=5",3
"260094",-0.0945024412393946,6,0.113056438811804,5,1.2605108840452,9,0.297454942604576,15,0.306695348118246,10,0.22,0.22,0.22,0.22,0.12,0.22,0.22,0.22,0.22,0.12,0.38363780310307,5,2,1,"3) # of groups=5",4
"260095",0.663496034278477,8,0.190712222218046,7,-0.0161395498942688,11,-0.943322162777434,15,0.36336962840164,10,0.22,0.22,0.22,0.22,0.12,0.22,0.22,0.22,0.22,0.12,0.0204485950496573,5,2,1,"3) # of groups=5",3
"260096",-0.0520020324725281,8,-0.123735027646679,8,0.616869323081822,9,0.023368797712444,15,0.0989320785808192,10,0.22,0.22,0.22,0.22,0.12,0.22,0.22,0.22,0.22,0.12,0.114062082778211,5,2,1,"3) # of groups=5",4
"260097",-0.427674079694385,4,0.61894392970315,3,-0.119851961173074,9,0.439882317636818,15,0.293348979589109,9,0.22,0.22,0.22,0.22,0.12,0.22,0.22,0.22,0.22,0.12,0.147687922974645,5,2,1,"3) # of groups=5",4
"26009F",2.19406632723716,5,0.243300253870424,3,0.950388636638105,5,-0.0738374530885847,10,-0.412780623555878,5,0.22,0.22,0.22,0.22,0.12,0.22,0.22,0.22,0.22,0.12,0.679528233397858,5,2,1,"3) # of groups=5",5
"260102",0.395787967180062,1,0.525804654523476,4,0.531133837642137,4,0.0467615099512223,15,0.526799784662026,7,0.22,0.22,0.22,0.22,0.12,0.22,0.22,0.22,0.22,0.12,0.393103327404761,4,1,1,"2) # of groups=4",4
"260104",0.717153896321024,8,0.711500664432761,8,0.531876656332952,11,-0.961695718216439,15,-0.573751449521341,8,0.22,0.22,0.22,0.22,0.12,0.22,0.22,0.22,0.22,0.12,0.150893635808905,5,2,1,"3) # of groups=5",4
"260105",-0.312958298817033,8,-0.074029487865304,6,-1.44656515406834,10,-0.84866098372748,15,-1.80505530746335,8,0.22,0.22,0.22,0.22,0.12,0.22,0.22,0.22,0.22,0.12,-0.806693700280797,5,2,1,"3) # of groups=5",1
"260108",1.60265335527252,8,0.517908024556486,8,0.24625475894556,11,0.868786637700443,15,-0.571230765456933,9,0.22,0.22,0.22,0.22,0.12,0.22,0.22,0.22,0.22,0.12,0.64328491896967,5,2,1,"3) # of groups=5",5
"260110",-1.60427033814802,8,0.289441584338622,7,-0.0368401835722757,11,-0.0364362097263946,15,-0.347343605237757,9,0.22,0.22,0.22,0.22,0.12,0.22,0.22,0.22,0.22,0.12,-0.347064364992306,5,2,1,"3) # of groups=5",2
"260113",-2.02188261821035,5,-0.238342659179505,3,0.907742758458124,8,-0.698562448568007,15,0.416540180870434,8,0.22,0.22,0.22,0.22,0.12,0.22,0.22,0.22,0.22,0.12,-0.40124507114549,5,2,1,"3) # of groups=5",2
"260119",-1.43031695409171,7,1.11519119292396,6,0.130125240789953,9,-0.884373824323601,15,-0.760879165750582,9,0.22,0.22,0.22,0.22,0.12,0.22,0.22,0.22,0.22,0.12,-0.326567855724377,5,2,1,"3) # of groups=5",2
"260137",-1.42589318300927,8,0.157106422376275,8,0.358682811482567,11,-0.887772530207284,15,-0.266777566652366,10,0.22,0.22,0.22,0.22,0.12,0.22,0.22,0.22,0.22,0.12,-0.427546133456981,5,2,1,"3) # of groups=5",2
"260138",1.1065112859548,8,0.18107989496343,8,-0.104894219215646,11,0.995811192589275,15,-0.243324769558864,8,0.22,0.22,0.22,0.22,0.12,0.22,0.22,0.22,0.22,0.12,0.450072821597145,5,2,1,"3) # of groups=5",5
"260141",0.29372748005962,8,-0.338136114805711,8,-0.191559548808097,11,-0.154758550941032,15,-0.757747488819574,10,0.22,0.22,0.22,0.22,0.12,0.22,0.22,0.22,0.22,0.12,-0.176889580247297,5,2,1,"3) # of groups=5",3
"260142",-0.170645449029986,4,-0.793732453345687,2,-0.672789750750498,8,-0.244239720337927,15,0.422355108645719,8,0.22,0.22,0.22,0.22,0.12,0.22,0.22,0.22,0.22,0.12,-0.363227009124615,4,1,1,"2) # of groups=4",2
"260160",-0.50482294837327,3,NA,0,-0.537072507854365,6,0.593268041304141,10,-0.930366495884066,7,0.22,0.22,0.22,0.22,0.12,0.282051282051282,NA,0.282051282051282,0.282051282051282,0.153846153846154,-0.269669244601611,4,1,1,"2) # of groups=4",2
"260162",1.1007156921399,3,0.659564738172662,6,-0.735234138064763,6,1.41759746987989,15,-0.476761337334836,9,0.22,0.22,0.22,0.22,0.12,0.22,0.22,0.22,0.22,0.12,0.480170267187911,5,2,1,"3) # of groups=5",5
"260163",0.877166506068357,6,-0.565306851811797,6,0.0486581416943583,8,0.241967062842023,15,0.6067533356763,9,0.22,0.22,0.22,0.22,0.12,0.22,0.22,0.22,0.22,0.12,0.205357069215603,5,2,1,"3) # of groups=5",4
"260175",0.272807189533574,5,-0.510601653494105,3,-0.09757885126396,9,0.45733500656972,15,-0.400321460658461,9,0.22,0.22,0.22,0.22,0.12,0.22,0.22,0.22,0.22,0.12,-0.021207003183065,5,2,1,"3) # of groups=5",3
"260176",0.122892208520612,3,0.11373517701002,3,-1.05139519396261,6,0.49901990568934,15,-0.208587561659302,7,0.22,0.22,0.22,0.22,0.12,0.22,0.22,0.22,0.22,0.12,-0.0944950460024966,5,2,1,"3) # of groups=5",3
"260177",-0.102926449989415,8,0.140086223112295,7,-1.60598164877576,9,-0.0831923285748628,15,0.319622739490926,9,0.22,0.22,0.22,0.22,0.12,0.22,0.22,0.22,0.22,0.12,-0.325088396191192,5,2,1,"3) # of groups=5",2
"260179",1.1060605311883,8,0.429092762933822,8,-0.466685860274003,11,0.390862952680121,15,-0.914234808520982,9,0.22,0.22,0.22,0.22,0.12,0.22,0.22,0.22,0.22,0.12,0.211344508013695,5,2,1,"3) # of groups=5",4
"260180",1.4050013391567,8,-0.0375908465715462,7,-0.204935353471203,9,0.133144260067522,15,-0.229942671462896,8,0.22,0.22,0.22,0.22,0.12,0.22,0.22,0.22,0.22,0.12,0.257443147244377,5,2,1,"3) # of groups=5",4
"260183",-1.6320302283237,8,-0.387271022901776,7,1.21254771940962,11,0.0885718533146315,15,0.2315380955889,9,0.22,0.22,0.22,0.22,0.12,0.22,0.22,0.22,0.22,0.12,-0.130215397799601,5,2,1,"3) # of groups=5",3
"260186",-1.40508630571549,7,0.45814175811,4,0.0755811631749887,10,0.141759065629309,15,0.92131378585103,9,0.22,0.22,0.22,0.22,0.12,0.22,0.22,0.22,0.22,0.12,-0.0499552958341387,5,2,1,"3) # of groups=5",3
"260190",0.353089266617203,7,0.40854330211892,7,-0.634507964897243,7,-0.0489451022021388,15,-0.512079450090856,8,0.22,0.22,0.22,0.22,0.12,0.22,0.22,0.22,0.22,0.12,-0.0442500436508197,5,2,1,"3) # of groups=5",3
"260191",-0.193651628529887,7,-0.440315035258973,7,-0.184381461864426,10,-0.131633923151889,15,-0.0719812169621549,9,0.22,0.22,0.22,0.22,0.12,0.22,0.22,0.22,0.22,0.12,-0.217633796772597,5,2,1,"3) # of groups=5",3
"260193",0.667859858175959,6,0.504609896076377,3,-0.871407030024835,6,-0.474487489209811,15,-0.0520108448767992,8,0.22,0.22,0.22,0.22,0.12,0.22,0.22,0.22,0.22,0.12,-0.0443947496813241,5,2,1,"3) # of groups=5",3
"260195",-1.12610261220414,5,-1.03364610217599,2,1.03539962429028,7,0.244511743939857,15,0.772910170456083,9,0.22,0.22,0.22,0.22,0.12,0.22,0.22,0.22,0.22,0.12,-0.100814995698269,4,1,1,"2) # of groups=4",3
"260200",0.602353025145348,7,-0.629575375873456,6,0.525785987873544,7,-0.884895456829481,15,-0.296690546078942,9,0.22,0.22,0.22,0.22,0.12,0.22,0.22,0.22,0.22,0.12,-0.120595865859963,5,2,1,"3) # of groups=5",3
"260214",-0.167980524067595,5,0.470297767781517,3,-1.53888980700174,9,-0.597239208864471,15,-0.0125769984236268,8,0.22,0.22,0.22,0.22,0.12,0.22,0.22,0.22,0.22,0.12,-0.404947829684339,5,2,1,"3) # of groups=5",2
"260216",0.97127998450262,7,-0.312811248485107,7,0.590266202501078,8,0.565222210252227,15,-0.259089220383254,8,0.22,0.22,0.22,0.22,0.12,0.22,0.22,0.22,0.22,0.12,0.367979866283589,5,2,1,"3) # of groups=5",4
"260219",0.967782459857867,6,-0.421092906386037,4,0.633492734595975,7,0.50555682509767,15,0.225579540987151,8,0.22,0.22,0.22,0.22,0.12,0.22,0.22,0.22,0.22,0.12,0.397932149814863,5,2,1,"3) # of groups=5",4
"26023F",-0.272835941843509,5,0.507835405486391,4,-0.619390285630182,6,1.14635981548039,10,0.915724225967152,3,0.22,0.22,0.22,0.22,0.12,0.22,0.22,0.22,0.22,0.12,0.277520085684538,5,2,1,"3) # of groups=5",4
"261301",NA,0,NA,0,NA,0,NA,0,-1.9677530993322,4,0.22,0.22,0.22,0.22,0.12,NA,NA,NA,NA,1,-1.9677530993322,1,0,0,"",NA
"261302",-2.17923661467394,2,NA,0,0.263416873093929,3,NA,0,0.292863393437091,5,0.22,0.22,0.22,0.22,0.12,0.392857142857143,NA,0.392857142857143,NA,0.214285714285714,-0.689887028455628,2,0,0,"",NA
"261303",-1.32760173159311,4,NA,0,0.381465482099144,4,0.595283718131648,5,0.377276071547012,5,0.22,0.22,0.22,0.22,0.12,0.282051282051282,NA,0.282051282051282,0.282051282051282,0.153846153846154,-0.0409159337359853,4,1,1,"2) # of groups=4",3
"261305",-3.72264072595761,1,NA,0,-0.297044941435646,1,NA,0,0.00430946564239462,3,0.22,0.22,0.22,0.22,0.12,0.392857142857143,NA,0.392857142857143,NA,0.214285714285714,-1.57823876955255,1,0,0,"",NA
"261306",NA,0,NA,0,0.455394368932441,1,NA,0,1.25643800222984,2,0.22,0.22,0.22,0.22,0.12,NA,NA,0.647058823529412,NA,0.352941176470588,0.7381156512727,0,0,0,"",NA
"261307",-0.679618905779037,3,NA,0,0.614746571307041,4,NA,0,-0.599294170286855,6,0.22,0.22,0.22,0.22,0.12,0.392857142857143,NA,0.392857142857143,NA,0.214285714285714,-0.153905739318324,3,1,1,"1) # of groups=3",3
"261308",-0.344324224113057,3,-2.61370251205592,1,-0.930975673508536,2,NA,0,-0.431118809091225,5,0.22,0.22,0.22,0.22,0.12,0.282051282051282,0.282051282051282,0.282051282051282,NA,0.153846153846154,-1.16322408617949,2,1,0,"",NA
"261309",0.0554720712771801,3,NA,0,2.30326137224752,3,-0.242281949429785,5,0.495054069092194,6,0.22,0.22,0.22,0.22,0.12,0.282051282051282,NA,0.282051282051282,0.282051282051282,0.153846153846154,0.673110021784544,4,1,1,"2) # of groups=4",4
"261310",-2.16058301150004,3,NA,0,0.144762104661953,4,NA,0,0.182279980073978,3,0.22,0.22,0.22,0.22,0.12,0.392857142857143,NA,0.392857142857143,NA,0.214285714285714,-0.752869646241967,3,1,1,"1) # of groups=3",2
"261311",-0.843086023464632,4,-0.356491802462875,2,0.172452308895876,7,0.507652695833455,10,-0.687986594630207,6,0.22,0.22,0.22,0.22,0.12,0.22,0.22,0.22,0.22,0.12,-0.196842412019224,4,1,1,"2) # of groups=4",2
"261312",0.019580323997154,3,NA,0,-0.605439578173375,3,NA,0,-0.835022472534289,4,0.22,0.22,0.22,0.22,0.12,0.392857142857143,NA,0.392857142857143,NA,0.214285714285714,-0.40909237968372,3,1,1,"1) # of groups=3",3
"261313",-1.7650013106868,3,NA,0,1.1286757269328,3,NA,0,-3.12696964936394,3,0.22,0.22,0.22,0.22,0.12,0.392857142857143,NA,0.392857142857143,NA,0.214285714285714,-0.920049975624201,3,1,1,"1) # of groups=3",2
"261314",NA,0,NA,0,-0.590104267813277,3,NA,0,2.24699730859936,2,0.22,0.22,0.22,0.22,0.12,NA,NA,0.647058823529412,NA,0.352941176470588,0.41122570033236,1,0,0,"",NA
"261316",-0.570940204872609,2,-3.94583419400226,1,0.486025642736628,3,1.67998485172503,10,0.0373057711528382,6,0.22,0.22,0.22,0.22,0.12,0.22,0.22,0.22,0.22,0.12,-0.512691366432566,3,0,0,"",NA
"261317",0.189444415165084,2,NA,0,-0.578231800712771,3,NA,0,0.800325682126571,6,0.22,0.22,0.22,0.22,0.12,0.392857142857143,NA,0.392857142857143,NA,0.214285714285714,0.018760458990531,2,0,0,"",NA
"261318",0.653140623782827,3,NA,0,0.00970133215903934,6,NA,0,0.100223172982479,5,0.22,0.22,0.22,0.22,0.12,0.392857142857143,NA,0.392857142857143,NA,0.214285714285714,0.281878591187693,3,1,1,"1) # of groups=3",4
"261319",0.560397307060249,2,1.15927422234555,1,0.963023438583696,5,0.395618142122016,10,1.08522872022927,6,0.22,0.22,0.22,0.22,0.12,0.22,0.22,0.22,0.22,0.12,0.807456330652045,3,0,0,"",NA
"261320",-0.285617756269466,3,NA,0,-3.31538793626495,4,0.986238154665077,15,0.971330353943361,7,0.22,0.22,0.22,0.22,0.12,0.282051282051282,NA,0.282051282051282,0.282051282051282,0.153846153846154,-0.588063097253912,4,1,1,"2) # of groups=4",2
"261321",0.623081351904549,4,-2.47127333851449,1,0.995663112274217,5,1.55880329149299,15,1.53978488611707,9,0.22,0.22,0.22,0.22,0.12,0.22,0.22,0.22,0.22,0.12,0.340154558108647,4,1,1,"2) # of groups=4",4
"261322",-0.172433926905753,2,NA,0,-0.284195072820157,2,NA,0,-0.170335359521675,5,0.22,0.22,0.22,0.22,0.12,0.392857142857143,NA,0.392857142857143,NA,0.214285714285714,-0.215890398361252,1,0,0,"",NA
"261323",0.0351827853520484,1,NA,0,1.48746021780751,2,NA,0,0.294442229593954,5,0.22,0.22,0.22,0.22,0.12,0.392857142857143,NA,0.392857142857143,NA,0.214285714285714,0.661275943297102,1,0,0,"",NA
"261324",0.523951838167327,3,0.120379074160989,1,-0.384559103560972,7,0.457603511507116,15,1.1841918383606,7,0.22,0.22,0.22,0.22,0.12,0.22,0.22,0.22,0.22,0.12,0.299925591063653,4,1,1,"2) # of groups=4",4
"261325",0.293608259568962,2,-1.20616714999941,1,0.733878083793726,4,2.19593331746323,10,0.851069557814453,6,0.22,0.22,0.22,0.22,0.12,0.22,0.22,0.22,0.22,0.12,0.545923899319566,3,0,0,"",NA
"261327",0.395787967180062,1,NA,0,-0.429929842177738,2,NA,0,0.696211296407366,4,0.22,0.22,0.22,0.22,0.12,0.392857142857143,NA,0.392857142857143,NA,0.214285714285714,0.135775255481063,1,0,0,"",NA
"261328",-0.977338344291779,2,NA,0,0.738088754180352,2,NA,0,-0.466980920830582,4,0.22,0.22,0.22,0.22,0.12,0.392857142857143,NA,0.392857142857143,NA,0.214285714285714,-0.1940582505789,1,0,0,"",NA
"261329",-0.454487576819107,3,-0.329250277607063,1,-1.7245693710043,4,1.75829070221799,10,0.774504946021634,6,0.22,0.22,0.22,0.22,0.12,0.22,0.22,0.22,0.22,0.12,-0.0720630415841495,4,1,1,"2) # of groups=4",3
"261330",-0.640844056936515,3,NA,0,0.87631722524927,7,NA,0,0.695023659409323,5,0.22,0.22,0.22,0.22,0.12,0.392857142857143,NA,0.392857142857143,NA,0.214285714285714,0.241440957424866,3,1,1,"1) # of groups=3",4
"261331",-0.100084889455884,3,NA,0,0.325322391015415,4,1.33607899313058,10,-0.965436939232644,7,0.22,0.22,0.22,0.22,0.12,0.282051282051282,NA,0.282051282051282,0.282051282051282,0.153846153846154,0.291842559133214,4,1,1,"2) # of groups=4",4
"261332",0.437754626409008,2,NA,0,-1.08108070827247,6,0.996739161850859,5,0.992687572668403,7,0.22,0.22,0.22,0.22,0.12,0.282051282051282,NA,0.282051282051282,0.282051282051282,0.153846153846154,0.252401777330046,3,0,0,"",NA
"261333",0.267567298467993,2,NA,0,-0.0930134769136469,3,NA,0,-0.0303016018117302,4,0.22,0.22,0.22,0.22,0.12,0.392857142857143,NA,0.392857142857143,NA,0.214285714285714,0.0620815152224081,2,0,0,"",NA
"261335",NA,0,NA,0,-0.163695976054951,2,NA,0,1.54035812249985,6,0.22,0.22,0.22,0.22,0.12,NA,NA,0.647058823529412,NA,0.352941176470588,0.437734882258508,1,0,0,"",NA
"261336",0.266054873497271,2,NA,0,-0.825316963828822,2,NA,0,-0.275194084663921,5,0.22,0.22,0.22,0.22,0.12,0.392857142857143,NA,0.392857142857143,NA,0.214285714285714,-0.278680267915378,1,0,0,"",NA
"261337",-0.840700996412918,3,1.15927422234555,1,-2.51647706886571,4,1.02025694660547,15,0.0381408755701255,8,0.22,0.22,0.22,0.22,0.12,0.22,0.22,0.22,0.22,0.12,-0.254505412123659,4,1,1,"2) # of groups=4",2
"261338",0.633162545460675,3,-1.06571139308684,2,0.441344580465394,5,1.46772542177068,10,0.992326265665362,6,0.22,0.22,0.22,0.22,0.12,0.22,0.22,0.22,0.22,0.12,0.443913805894023,4,1,1,"2) # of groups=4",4
"261340",NA,0,NA,0,NA,0,NA,0,1.08087593285864,3,0.22,0.22,0.22,0.22,0.12,NA,NA,NA,NA,1,1.08087593285864,1,0,0,"",NA
"270003",-0.732957810963563,7,-0.860993661545445,7,1.59388773255245,10,-0.120580672831971,15,-0.197892933100894,9,0.22,0.22,0.22,0.22,0.12,0.22,0.22,0.22,0.22,0.12,-0.0502889227855837,5,2,1,"3) # of groups=5",3
"270004",-0.467207394772339,8,0.551903712670472,8,0.653212246669819,11,-0.055554483808015,15,0.175655042860379,10,0.22,0.22,0.22,0.22,0.12,0.22,0.22,0.22,0.22,0.12,0.171196502910432,5,2,1,"3) # of groups=5",4
"270012",-2.7215244950856,8,0.204913313828833,6,1.61604682628391,11,-0.959081485995806,15,-0.856881026249321,10,0.22,0.22,0.22,0.22,0.12,0.22,0.22,0.22,0.22,0.12,-0.511947808163024,5,2,1,"3) # of groups=5",2
"270014",1.0044953787219,8,0.105575426892814,7,0.0646568464796506,11,0.872682985268138,15,0.624653309506865,9,0.22,0.22,0.22,0.22,0.12,0.22,0.22,0.22,0.22,0.12,0.525388737360574,5,2,1,"3) # of groups=5",5
"270017",0.191252306894767,5,-0.690236685045474,3,-0.973860756065585,9,0.0488952863981377,15,0.227401139058251,8,0.22,0.22,0.22,0.22,0.12,0.22,0.22,0.22,0.22,0.12,-0.285980829833004,5,2,1,"3) # of groups=5",2
"270023",0.437631610052795,7,-0.523315195671719,6,-0.0304270739754945,9,-0.23523796011515,15,0.189734866608081,9,0.22,0.22,0.22,0.22,0.12,0.22,0.22,0.22,0.22,0.12,-0.0545285123431353,5,2,1,"3) # of groups=5",3
"27003F",0.769580509055621,3,0.35229996690576,2,2.1329318963488,5,1.69755895305721,10,1.03924371940694,4,0.22,0.22,0.22,0.22,0.12,0.22,0.22,0.22,0.22,0.12,1.21423093790966,4,1,1,"2) # of groups=4",5
"270049",0.592982991219058,8,-0.279803696832914,8,1.1059311303555,11,0.0638480584606376,15,0.350885980371809,8,0.22,0.22,0.22,0.22,0.12,0.22,0.22,0.22,0.22,0.12,0.368357183949119,5,2,1,"3) # of groups=5",4
"270051",0.0315046792667564,8,-0.444737332157893,7,1.26844169792264,10,-0.278079338769061,15,-0.743992722524991,10,0.22,0.22,0.22,0.22,0.12,0.22,0.22,0.22,0.22,0.12,0.0376894086747384,5,2,1,"3) # of groups=5",3
"270057",1.15166837446365,7,-0.318209593582552,7,0.945726602667313,10,0.436924881323915,15,0.435110543770602,9,0.22,0.22,0.22,0.22,0.12,0.22,0.22,0.22,0.22,0.12,0.539757523524384,5,2,1,"3) # of groups=5",4
"270074",-0.573254078264098,1,NA,0,-0.0462318379796146,1,NA,0,-2.52035086269094,2,0.22,0.22,0.22,0.22,0.12,0.392857142857143,NA,0.392857142857143,NA,0.214285714285714,-0.783444651958088,0,0,0,"",NA
"270086",-1.53386458806017,6,-0.488071544828051,3,0.212543941817701,10,0.619558445082153,15,-0.504812743380264,8,0.22,0.22,0.22,0.22,0.12,0.22,0.22,0.22,0.22,0.12,-0.322340953323072,5,2,1,"3) # of groups=5",2
"271300",NA,0,NA,0,NA,0,NA,0,-0.789561193687483,1,0.22,0.22,0.22,0.22,0.12,NA,NA,NA,NA,1,-0.789561193687483,0,0,0,"",NA
"271301",-1.05777510098618,1,NA,0,-0.547858044891677,1,NA,0,1.60054920151957,4,0.22,0.22,0.22,0.22,0.12,0.392857142857143,NA,0.392857142857143,NA,0.214285714285714,-0.28780962126925,1,0,0,"",NA
"271302",NA,0,NA,0,0.957020575844511,1,NA,0,-3.80233417525939,1,0.22,0.22,0.22,0.22,0.12,NA,NA,0.647058823529412,NA,0.352941176470588,-0.722751689250984,0,0,0,"",NA
"271303",NA,0,NA,0,NA,0,NA,0,-4.30332033684695,1,0.22,0.22,0.22,0.22,0.12,NA,NA,NA,NA,1,-4.30332033684695,0,0,0,"",NA
"271304",NA,0,NA,0,NA,0,NA,0,0.68943639029918,2,0.22,0.22,0.22,0.22,0.12,NA,NA,NA,NA,1,0.68943639029918,0,0,0,"",NA
"271305",NA,0,NA,0,NA,0,NA,0,-0.476208934297417,3,0.22,0.22,0.22,0.22,0.12,NA,NA,NA,NA,1,-0.476208934297417,1,0,0,"",NA
"271306",NA,0,NA,0,NA,0,NA,0,0.121058359678862,3,0.22,0.22,0.22,0.22,0.12,NA,NA,NA,NA,1,0.121058359678862,1,0,0,"",NA
"271307",NA,0,NA,0,NA,0,NA,0,-0.437915562573399,2,0.22,0.22,0.22,0.22,0.12,NA,NA,NA,NA,1,-0.437915562573399,0,0,0,"",NA
"271308",NA,0,NA,0,NA,0,NA,0,0.301016844218159,2,0.22,0.22,0.22,0.22,0.12,NA,NA,NA,NA,1,0.301016844218159,0,0,0,"",NA
"271309",NA,0,NA,0,NA,0,NA,0,1.11454782419362,3,0.22,0.22,0.22,0.22,0.12,NA,NA,NA,NA,1,1.11454782419362,1,0,0,"",NA
"271310",NA,0,NA,0,NA,0,NA,0,1.31478437968609,2,0.22,0.22,0.22,0.22,0.12,NA,NA,NA,NA,1,1.31478437968609,0,0,0,"",NA
"271311",NA,0,NA,0,NA,0,NA,0,1.26475494646951,3,0.22,0.22,0.22,0.22,0.12,NA,NA,NA,NA,1,1.26475494646951,1,0,0,"",NA
"271312",-0.416206863237514,2,NA,0,-0.803352458080347,2,NA,0,-0.995406847415175,2,0.22,0.22,0.22,0.22,0.12,0.392857142857143,NA,0.392857142857143,NA,0.214285714285714,-0.692414057820983,0,0,0,"",NA
"271313",-0.330993566903058,1,NA,0,-0.547858044891677,1,NA,0,-2.80036185208427,1,0.22,0.22,0.22,0.22,0.12,0.392857142857143,NA,0.392857142857143,NA,0.214285714285714,-0.945340672937418,0,0,0,"",NA
"271314",-0.330993566903058,1,NA,0,0.985834010895449,2,NA,0,-1.04107329930025,6,0.22,0.22,0.22,0.22,0.12,0.392857142857143,NA,0.392857142857143,NA,0.214285714285714,0.0341716102898144,1,0,0,"",NA
"271316",-3.31090386320551,2,NA,0,0.165266728614611,6,0.938209332045173,5,-0.142115514270933,6,0.22,0.22,0.22,0.22,0.12,0.282051282051282,NA,0.282051282051282,0.282051282051282,0.153846153846154,-0.644471767016117,3,0,0,"",NA
"271317",-0.483596601502919,5,NA,0,-0.178599188241481,7,0.710276736931627,10,-0.13752287405357,5,0.22,0.22,0.22,0.22,0.12,0.282051282051282,NA,0.282051282051282,0.282051282051282,0.153846153846154,-0.00759607244261343,4,1,1,"2) # of groups=4",3
"271318",-1.20165753111008,3,0.0551257534481611,1,-0.185786870346833,4,-0.114756030387084,5,-0.199189403912062,8,0.22,0.22,0.22,0.22,0.12,0.22,0.22,0.22,0.22,0.12,-0.342259157716531,4,1,1,"2) # of groups=4",2
"271319",NA,0,NA,0,NA,0,NA,0,-0.0552814401851903,2,0.22,0.22,0.22,0.22,0.12,NA,NA,NA,NA,1,-0.0552814401851903,0,0,0,"",NA
"271320",-1.61727193718412,3,NA,0,-0.117257857778225,5,0.345579885853426,15,0.230755061686442,6,0.22,0.22,0.22,0.22,0.12,0.282051282051282,NA,0.282051282051282,0.282051282051282,0.153846153846154,-0.356254323848191,4,1,1,"2) # of groups=4",2
"271321",NA,0,NA,0,NA,0,NA,0,-0.89252803610791,3,0.22,0.22,0.22,0.22,0.12,NA,NA,NA,NA,1,-0.89252803610791,1,0,0,"",NA
"271322",0.395787967180062,1,NA,0,0.204581265476417,1,NA,0,0.279802932872455,4,0.22,0.22,0.22,0.22,0.12,0.392857142857143,NA,0.392857142857143,NA,0.214285714285714,0.295817112730571,1,0,0,"",NA
"271323",-0.815514589625137,1,NA,0,-0.0509131477122526,2,NA,0,-0.764028723481358,5,0.22,0.22,0.22,0.22,0.12,0.392857142857143,NA,0.392857142857143,NA,0.214285714285714,-0.504102766128551,1,0,0,"",NA
"271324",NA,0,NA,0,-1.03359942449838,1,NA,0,-0.271704827585935,3,0.22,0.22,0.22,0.22,0.12,NA,NA,0.647058823529412,NA,0.352941176470588,-0.764695449117517,1,0,0,"",NA
"271325",0.41322609027876,2,NA,0,-0.144839487103601,2,NA,0,0.0568942235999999,5,0.22,0.22,0.22,0.22,0.12,0.392857142857143,NA,0.392857142857143,NA,0.214285714285714,0.117629213447384,1,0,0,"",NA
"271326",NA,0,NA,0,-1.61704595759275,1,NA,0,0.424515193650988,4,0.22,0.22,0.22,0.22,0.12,NA,NA,0.647058823529412,NA,0.352941176470588,-0.896494963036137,1,0,0,"",NA
"271327",NA,0,NA,0,NA,0,NA,0,0.388933419547022,2,0.22,0.22,0.22,0.22,0.12,NA,NA,NA,NA,1,0.388933419547022,0,0,0,"",NA
"271328",-1.7845566350693,1,NA,0,0.455394368932441,1,NA,0,-1.11453511672639,3,0.22,0.22,0.22,0.22,0.12,0.392857142857143,NA,0.392857142857143,NA,0.214285714285714,-0.760999843852278,1,0,0,"",NA
"271329",-0.330993566903058,1,NA,0,-0.0462318379796146,1,NA,0,-0.782138394549607,4,0.22,0.22,0.22,0.22,0.12,0.392857142857143,NA,0.392857142857143,NA,0.214285714285714,-0.31579677932168,1,0,0,"",NA
"271330",-0.0887330555420189,1,NA,0,-0.547858044891677,1,NA,0,0.406644211277305,4,0.22,0.22,0.22,0.22,0.12,0.392857142857143,NA,0.392857142857143,NA,0.214285714285714,-0.162951315610958,1,0,0,"",NA
"271331",NA,0,NA,0,-0.0462318379796146,1,NA,0,1.14794690163279,3,0.22,0.22,0.22,0.22,0.12,NA,NA,0.647058823529412,NA,0.352941176470588,0.375243011295352,1,0,0,"",NA
"271332",-2.20047616496262,3,NA,0,-1.24509331231842,5,NA,0,-0.29272577710982,4,0.22,0.22,0.22,0.22,0.12,0.392857142857143,NA,0.392857142857143,NA,0.214285714285714,-1.41634353259823,3,1,1,"1) # of groups=3",1
"271333",NA,0,NA,0,NA,0,NA,0,-0.0499396474942677,2,0.22,0.22,0.22,0.22,0.12,NA,NA,NA,NA,1,-0.0499396474942677,0,0,0,"",NA
"271334",NA,0,NA,0,NA,0,NA,0,-1.81522823903749,2,0.22,0.22,0.22,0.22,0.12,NA,NA,NA,NA,1,-1.81522823903749,0,0,0,"",NA
"271335",0.500253782198702,4,NA,0,1.38244145337884,6,1.22711881226825,15,-0.293458804237376,7,0.22,0.22,0.22,0.22,0.12,0.282051282051282,NA,0.282051282051282,0.282051282051282,0.153846153846154,0.831979530791781,4,1,1,"2) # of groups=4",5
"271336",-3.0088563838128,4,1.16260436061262,2,0.228715954065522,5,1.08941896693277,15,0.287067065391235,7,0.22,0.22,0.22,0.22,0.12,0.22,0.22,0.22,0.22,0.12,-0.0817377146374671,4,1,1,"2) # of groups=4",3
"271337",NA,0,NA,0,NA,0,NA,0,-0.29756344584715,4,0.22,0.22,0.22,0.22,0.12,NA,NA,NA,NA,1,-0.29756344584715,1,0,0,"",NA
"271338",NA,0,NA,0,NA,0,NA,0,-1.78851393604998,4,0.22,0.22,0.22,0.22,0.12,NA,NA,NA,NA,1,-1.78851393604998,1,0,0,"",NA
"271339",-0.573254078264098,1,NA,0,0.957020575844511,1,NA,0,-2.39957292281422,1,0.22,0.22,0.22,0.22,0.12,0.392857142857143,NA,0.392857142857143,NA,0.214285714285714,-0.363428787982171,0,0,0,"",NA
"271340",-0.967222294486214,5,0.0551257534481611,1,1.54140681466118,6,0.866848713213855,15,-0.462928800482193,6,0.22,0.22,0.22,0.22,0.12,0.22,0.22,0.22,0.22,0.12,0.273603521046273,4,1,1,"2) # of groups=4",4
"271341",-1.05092395268252,2,NA,0,0.671189460342363,3,NA,0,-0.0244880605816245,1,0.22,0.22,0.22,0.22,0.12,0.392857142857143,NA,0.392857142857143,NA,0.214285714285714,-0.154428849258267,1,0,0,"",NA
"271342",NA,0,NA,0,NA,0,NA,0,1.07296164209535,3,0.22,0.22,0.22,0.22,0.12,NA,NA,NA,NA,1,1.07296164209535,1,0,0,"",NA
"271343",0.489113167303868,2,NA,0,0.525089211126191,2,-0.153895275017742,5,0.865330962654938,8,0.22,0.22,0.22,0.22,0.12,0.282051282051282,NA,0.282051282051282,0.282051282051282,0.153846153846154,0.375778561883721,2,0,0,"",NA
"271344",-1.25362550296907,4,-0.63434443286426,3,0.0912510112224286,7,0.730339077738386,15,-0.137570080252308,7,0.22,0.22,0.22,0.22,0.12,0.22,0.22,0.22,0.22,0.12,-0.25111197594223,5,2,1,"3) # of groups=5",3
"271345",1.04794317972377,2,NA,0,1.05851227341024,2,0.673038535554268,10,0.0489361277917083,5,0.22,0.22,0.22,0.22,0.12,0.282051282051282,NA,0.282051282051282,0.282051282051282,0.153846153846154,0.791488478008239,2,0,0,"",NA
"271346",NA,0,NA,0,NA,0,NA,0,-1.48980904950652,2,0.22,0.22,0.22,0.22,0.12,NA,NA,NA,NA,1,-1.48980904950652,0,0,0,"",NA
"271347",-0.132197521932958,3,1.15927422234555,1,1.15519032248707,5,0.791612359677607,15,0.693424365940849,7,0.22,0.22,0.22,0.22,0.12,0.22,0.22,0.22,0.22,0.12,0.737464388079901,4,1,1,"2) # of groups=4",5
"271348",NA,0,NA,0,0.1743410071893,4,NA,0,-0.202988000060474,5,0.22,0.22,0.22,0.22,0.12,NA,NA,0.647058823529412,NA,0.352941176470588,0.0411660634540857,2,0,0,"",NA
"271389",NA,0,NA,0,NA,0,NA,0,0.81816889062943,5,0.22,0.22,0.22,0.22,0.12,NA,NA,NA,NA,1,0.81816889062943,1,0,0,"",NA
"280003",-1.13088582009892,8,-0.38940943412191,8,0.327089702610886,11,0.176543463913518,15,0.0851974723735433,9,0.22,0.22,0.22,0.22,0.12,0.22,0.22,0.22,0.22,0.12,-0.213441962608389,5,2,1,"3) # of groups=5",3
"280009",0.248026712060653,8,0.493315085778117,6,-0.026793055190468,8,0.264433739264976,15,-0.21424754473817,9,0.22,0.22,0.22,0.22,0.12,0.22,0.22,0.22,0.22,0.12,0.189666440652341,5,2,1,"3) # of groups=5",4
"280013",1.08899565523267,8,0.411327848688975,8,0.531758846062392,11,0.0905187955810189,15,-1.56309196656636,9,0.22,0.22,0.22,0.22,0.12,0.22,0.22,0.22,0.22,0.12,0.279401216036349,5,2,1,"3) # of groups=5",4
"280020",0.680409501500027,6,0.060896673315945,7,-0.108415716919743,7,-0.501775172318983,15,0.595970140272776,7,0.22,0.22,0.22,0.22,0.12,0.22,0.22,0.22,0.22,0.12,0.100361779659727,5,2,1,"3) # of groups=5",4
"280023",0.272096561576014,6,0.27888659222126,5,0.308399258220563,6,-0.289043114725947,15,0.127948716455478,7,0.22,0.22,0.22,0.22,0.12,0.22,0.22,0.22,0.22,0.12,0.140828491378873,5,2,1,"3) # of groups=5",4
"280032",-2.25904091730678,6,-0.942014982953711,3,0.580372645724399,8,0.355428936096422,15,1.12498447921001,9,0.22,0.22,0.22,0.22,0.12,0.22,0.22,0.22,0.22,0.12,-0.363357812551526,5,2,1,"3) # of groups=5",2
"280040",0.578833690879559,8,0.0802088909204962,8,-0.0799646145604313,11,0.502542587239179,15,-0.556352143138634,9,0.22,0.22,0.22,0.22,0.12,0.22,0.22,0.22,0.22,0.12,0.171194264808701,5,2,1,"3) # of groups=5",4
"280059",NA,0,NA,0,NA,0,NA,0,2.35506010672716,2,0.22,0.22,0.22,0.22,0.12,NA,NA,NA,NA,1,2.35506010672716,0,0,0,"",NA
"280060",-0.206340953130515,8,0.499888439495657,6,0.563513152541972,10,-0.495715873088366,15,0.00872374165186842,8,0.22,0.22,0.22,0.22,0.12,0.22,0.22,0.22,0.22,0.12,0.0805426974783488,5,2,1,"3) # of groups=5",4
"280061",-0.251926218331405,7,0.198880588980737,5,-0.443746748095988,8,-1.85181114647185,15,-0.525797830408511,9,0.22,0.22,0.22,0.22,0.12,0.22,0.22,0.22,0.22,0.12,-0.579788514911093,5,2,1,"3) # of groups=5",2
"280065",-0.824629080243197,7,0.902536247681706,4,-0.132454316502724,10,-0.41449358373217,15,0.1511107812371,9,0.22,0.22,0.22,0.22,0.12,0.22,0.22,0.22,0.22,0.12,-0.0850556674667527,5,2,1,"3) # of groups=5",3
"28006F",1.00408569227072,5,-0.629242203923231,4,0.980865461955293,6,0.79789102938517,10,0.225196401022317,4,0.22,0.22,0.22,0.22,0.12,0.22,0.22,0.22,0.22,0.12,0.500815563654027,5,2,1,"3) # of groups=5",4
"280077",-0.900838628127816,6,-0.805370100251476,3,-0.0654332565368403,7,0.370379417324791,15,0.00453244895347255,8,0.22,0.22,0.22,0.22,0.12,0.22,0.22,0.22,0.22,0.12,-0.307733870995678,5,2,1,"3) # of groups=5",2
"280081",-0.268782091662538,6,0.511573517966621,6,-0.395284938912966,6,-0.0778149597146539,15,-0.124253339193125,8,0.22,0.22,0.22,0.22,0.12,0.22,0.22,0.22,0.22,0.12,-0.0655782646143531,5,2,1,"3) # of groups=5",3
"280105",0.613773619969349,3,0.678035673249115,2,0.092047855470299,5,0.951573556268654,15,-0.198842489640206,8,0.22,0.22,0.22,0.22,0.12,0.22,0.22,0.22,0.22,0.12,0.489933656333807,4,1,1,"2) # of groups=4",4
"280111",-0.517854546784137,6,0.272737763182315,2,0.420298222071106,6,0.458415664089513,15,-0.0350455393087811,9,0.22,0.22,0.22,0.22,0.12,0.22,0.22,0.22,0.22,0.12,0.135185897845882,4,1,1,"2) # of groups=4",3
"280125",-0.52818286006124,8,-0.273595987924476,3,0.517567299814019,8,0.209834587475319,15,0.463954896979982,8,0.22,0.22,0.22,0.22,0.12,0.22,0.22,0.22,0.22,0.12,0.0393116562843947,5,2,1,"3) # of groups=5",3
"280127",0.395787967180062,1,0.0436427105529374,2,1.59573992891777,3,0.819724335758382,5,-0.304319106312921,2,0.22,0.22,0.22,0.22,0.12,0.22,0.22,0.22,0.22,0.12,0.591558594572463,2,0,0,"",NA
"280128",-0.124704504412217,4,-0.891086410652025,2,1.57947558029343,5,0.976026355432648,15,0.849594013436017,3,0.22,0.22,0.22,0.22,0.12,0.22,0.22,0.22,0.22,0.12,0.440687706157926,4,1,1,"2) # of groups=4",4
"280129",0.638048478541098,1,0.258498195763056,1,1.94597993623135,2,1.95466273658592,15,0.870732184668861,6,0.22,0.22,0.22,0.22,0.12,0.22,0.22,0.22,0.22,0.12,1.15986951852698,2,0,0,"",NA
"280130",0.330576156403312,7,-0.0496119856261926,7,1.00541010460462,8,0.0934135569314754,15,0.405938478307683,9,0.22,0.22,0.22,0.22,0.12,0.22,0.22,0.22,0.22,0.12,0.352265940505829,5,2,1,"3) # of groups=5",4
"280131",0.395787967180062,1,0.732891174037055,2,-0.331770990662401,3,1.99070952401424,15,0.0100642396844083,3,0.22,0.22,0.22,0.22,0.12,0.22,0.22,0.22,0.22,0.12,0.614483597167299,3,0,0,"",NA
"280132",1.4818778125733,6,0.236079016858073,6,-0.417704150546378,8,0.163911186145002,15,-1.04838865979482,8,0.22,0.22,0.22,0.22,0.12,0.22,0.22,0.22,0.22,0.12,0.196309411131221,5,2,1,"3) # of groups=5",4
"280133",0.153527455819019,1,-0.790420021613414,1,2.19536276870331,2,2.01927256266668,15,-3.38983622097196,2,0.22,0.22,0.22,0.22,0.12,0.22,0.22,0.22,0.22,0.12,0.380323061909996,1,0,0,"",NA
"280134",0.418226108077435,8,-0.0248776298388834,5,-0.0132308059409444,9,0.339005584647127,15,0.144164559441937,8,0.22,0.22,0.22,0.22,0.12,0.22,0.22,0.22,0.22,0.12,0.175506863660874,5,2,1,"3) # of groups=5",4
"280139",-0.964169992789519,4,0.363775306399349,3,-1.1010729771303,6,-0.21378792106474,15,-0.100802388150676,7,0.22,0.22,0.22,0.22,0.12,0.22,0.22,0.22,0.22,0.12,-0.433452515186827,5,2,1,"3) # of groups=5",2
"281300",-0.330993566903058,1,NA,0,-0.652577482754815,2,NA,0,-1.18204103721143,5,0.22,0.22,0.22,0.22,0.12,0.392857142857143,NA,0.392857142857143,NA,0.214285714285714,-0.639697420339471,1,0,0,"",NA
"281301",-0.673733441786835,3,1.37222540540786,1,0.376314534379239,5,NA,0,-0.824212791058133,5,0.22,0.22,0.22,0.22,0.12,0.282051282051282,0.282051282051282,0.282051282051282,NA,0.153846153846154,0.176348582862926,3,1,1,"1) # of groups=3",4
"281302",NA,0,NA,0,-0.0611885360077681,1,NA,0,1.42213974239603,2,0.22,0.22,0.22,0.22,0.12,NA,NA,0.647058823529412,NA,0.352941176470588,0.462339091664161,0,0,0,"",NA
"281303",NA,0,NA,0,NA,0,NA,0,0.382438186251185,2,0.22,0.22,0.22,0.22,0.12,NA,NA,NA,NA,1,0.382438186251185,0,0,0,"",NA
"281304",-0.635451263439026,2,NA,0,-0.499676311242247,2,1.10255286051386,5,-0.372195919387632,5,0.22,0.22,0.22,0.22,0.12,0.282051282051282,NA,0.282051282051282,0.282051282051282,0.153846153846154,-0.0664486505683932,2,0,0,"",NA
"281305",-0.24904438523794,2,NA,0,0.910888067825836,3,NA,0,-0.409257746465496,3,0.22,0.22,0.22,0.22,0.12,0.392857142857143,NA,0.392857142857143,NA,0.214285714285714,0.17231192963121,2,0,0,"",NA
"281306",-1.05777510098618,1,NA,0,0.957020575844511,1,NA,0,-0.88528095983614,3,0.22,0.22,0.22,0.22,0.12,0.392857142857143,NA,0.392857142857143,NA,0.214285714285714,-0.229285197699114,1,0,0,"",NA
"281307",-1.29772173895573,2,NA,0,0.0998575797727225,3,NA,0,1.25283286181681,5,0.22,0.22,0.22,0.22,0.12,0.392857142857143,NA,0.392857142857143,NA,0.214285714285714,-0.202125306432579,2,0,0,"",NA
"281308",-0.0887330555420189,1,NA,0,0.48882618300952,2,NA,0,-0.847058737257606,4,0.22,0.22,0.22,0.22,0.12,0.392857142857143,NA,0.392857142857143,NA,0.214285714285714,-0.0243331436215401,1,0,0,"",NA
"281309",-1.05092395268252,2,NA,0,0.301059250754557,3,1.78868793369479,5,1.24812743934109,4,0.22,0.22,0.22,0.22,0.12,0.282051282051282,NA,0.282051282051282,0.282051282051282,0.153846153846154,0.485021030396965,3,0,0,"",NA
"281310",NA,0,NA,0,NA,0,NA,0,0.673523325999032,3,0.22,0.22,0.22,0.22,0.12,NA,NA,NA,NA,1,0.673523325999032,1,0,0,"",NA
"281311",NA,0,NA,0,NA,0,NA,0,0.438201718350354,3,0.22,0.22,0.22,0.22,0.12,NA,NA,NA,NA,1,0.438201718350354,1,0,0,"",NA
"281312",NA,0,NA,0,NA,0,NA,0,1.69114253487317,2,0.22,0.22,0.22,0.22,0.12,NA,NA,NA,NA,1,1.69114253487317,0,0,0,"",NA
"281313",-1.63960881980848,2,NA,0,1.06292631073064,3,NA,0,0.442603559874173,4,0.22,0.22,0.22,0.22,0.12,0.392857142857143,NA,0.392857142857143,NA,0.214285714285714,-0.131710222878972,2,0,0,"",NA
"281314",-3.48038021459657,1,NA,0,-0.41718514196554,2,NA,0,0.795685224910639,2,0.22,0.22,0.22,0.22,0.12,0.392857142857143,NA,0.392857142857143,NA,0.214285714285714,-1.36068241331141,0,0,0,"",NA
"281315",-0.939005670008757,3,0.87831303592297,1,0.0772455039472362,4,2.1460358584714,10,-0.167918060178309,5,0.22,0.22,0.22,0.22,0.12,0.22,0.22,0.22,0.22,0.12,0.45561935301183,4,1,1,"2) # of groups=4",4
"281316",NA,0,NA,0,NA,0,NA,0,1.77897038400165,2,0.22,0.22,0.22,0.22,0.12,NA,NA,NA,NA,1,1.77897038400165,0,0,0,"",NA
"281318",-2.26907765779137,1,NA,0,-0.0382894243269355,2,NA,0,-0.166543598270311,4,0.22,0.22,0.22,0.22,0.12,0.392857142857143,NA,0.392857142857143,NA,0.214285714285714,-0.942153553318687,1,0,0,"",NA
"281319",-1.00337930539275,2,NA,0,0.98481739076057,3,NA,0,0.897718183143528,6,0.22,0.22,0.22,0.22,0.12,0.392857142857143,NA,0.392857142857143,NA,0.214285714285714,0.185076001353828,2,0,0,"",NA
"281320",-0.206037012860328,2,NA,0,1.1817325827547,3,NA,0,-1.1322594560465,5,0.22,0.22,0.22,0.22,0.12,0.392857142857143,NA,0.392857142857143,NA,0.214285714285714,0.140681947591396,2,0,0,"",NA
"281322",-1.84652996577903,4,-0.603424072531687,1,-0.0689603109422208,3,1.34237120090521,10,0.226137270418224,7,0.22,0.22,0.22,0.22,0.12,0.22,0.22,0.22,0.22,0.12,-0.231703020186313,4,1,1,"2) # of groups=4",2
"281323",NA,0,NA,0,0.133293641690354,1,0.612339925671636,5,1.65817278384724,5,0.22,0.22,0.22,0.22,0.12,NA,NA,0.392857142857143,0.392857142857143,0.214285714285714,0.648250212288047,2,0,0,"",NA
"281324",-0.224515849107693,2,NA,0,-0.330348334900718,3,NA,0,0.19550216107387,6,0.22,0.22,0.22,0.22,0.12,0.392857142857143,NA,0.392857142857143,NA,0.214285714285714,-0.176089037773189,2,0,0,"",NA
"281325",-1.05777510098618,1,NA,0,0.836880375314617,2,NA,0,-0.0875823604155138,3,0.22,0.22,0.22,0.22,0.12,0.392857142857143,NA,0.392857142857143,NA,0.214285714285714,-0.10554771946001,1,0,0,"",NA
"281326",0.153527455819019,1,NA,0,-0.373598916419831,2,NA,0,0.893448994709843,3,0.22,0.22,0.22,0.22,0.12,0.392857142857143,NA,0.392857142857143,NA,0.214285714285714,0.104996710773219,1,0,0,"",NA
"281327",-0.607897877367335,2,NA,0,0.0295517851978829,3,NA,0,0.990365446522529,4,0.22,0.22,0.22,0.22,0.12,0.392857142857143,NA,0.392857142857143,NA,0.214285714285714,-0.0149862262403143,2,0,0,"",NA
"281328",0.0038031009181469,2,NA,0,1.28672520338993,3,NA,0,-2.05532140859021,4,0.22,0.22,0.22,0.22,0.12,0.392857142857143,NA,0.392857142857143,NA,0.214285714285714,0.066567246280271,2,0,0,"",NA
"281329",0.275427248844663,3,-0.571465153126396,2,0.672694435294911,7,1.08630702336798,10,0.505764994779227,5,0.22,0.22,0.22,0.22,0.12,0.22,0.22,0.22,0.22,0.12,0.382543781337362,4,1,1,"2) # of groups=4",4
"281331",NA,0,NA,0,0.266178542432446,2,0.897119268920814,5,0.490677123145351,4,0.22,0.22,0.22,0.22,0.12,NA,NA,0.392857142857143,0.392857142857143,0.214285714285714,0.56215495227707,2,0,0,"",NA
"281332",-0.446785099250645,2,NA,0,0.495859788532736,3,NA,0,0.43451412593784,4,0.22,0.22,0.22,0.22,0.12,0.392857142857143,NA,0.392857142857143,NA,0.214285714285714,0.112389512061787,2,0,0,"",NA
"281333",NA,0,NA,0,-0.263613127358571,2,NA,0,0.395162474241725,2,0.22,0.22,0.22,0.22,0.12,NA,NA,0.647058823529412,NA,0.352941176470588,-0.031104091499643,0,0,0,"",NA
"281334",0.112930326394242,4,NA,0,-0.485670539883586,6,1.86685019563365,10,-0.65109427018339,5,0.22,0.22,0.22,0.22,0.12,0.282051282051282,NA,0.282051282051282,0.282051282051282,0.153846153846154,0.321247286730437,4,1,1,"2) # of groups=4",4
"281335",0.312087095816325,2,NA,0,0.525611162945792,3,NA,0,0.666901423666306,5,0.22,0.22,0.22,0.22,0.12,0.392857142857143,NA,0.392857142857143,NA,0.214285714285714,0.472003192442183,2,0,0,"",NA
"281336",0.153739762725299,4,NA,0,0.092227151261833,8,1.40327469538401,10,-1.16182602628327,4,0.22,0.22,0.22,0.22,0.12,0.282051282051282,NA,0.282051282051282,0.282051282051282,0.153846153846154,0.286428244753409,4,1,1,"2) # of groups=4",4
"281338",0.395787967180062,1,NA,0,0.557901808979631,2,0.573571497751949,5,1.80511259140425,4,0.22,0.22,0.22,0.22,0.12,0.282051282051282,NA,0.282051282051282,0.282051282051282,0.153846153846154,0.708475629780861,2,0,0,"",NA
"281339",-0.316713316835437,3,NA,0,1.03464454921215,5,NA,0,-1.58383383336276,5,0.22,0.22,0.22,0.22,0.12,0.392857142857143,NA,0.392857142857143,NA,0.214285714285714,-0.0573485515725969,3,1,1,"1) # of groups=3",3
"281340",0.216997801236775,2,NA,0,-0.695611838869302,2,NA,0,0.525997440219452,3,0.22,0.22,0.22,0.22,0.12,0.392857142857143,NA,0.392857142857143,NA,0.214285714285714,-0.075313206165753,1,0,0,"",NA
"281341",-1.65227502660316,3,NA,0,0.695775450183378,3,NA,0,0.0383491522651417,5,0.22,0.22,0.22,0.22,0.12,0.392857142857143,NA,0.392857142857143,NA,0.214285714285714,-0.367550015250955,3,1,1,"1) # of groups=3",3
"281342",0.702608037929023,3,NA,0,1.17278656063062,4,0.351323335083313,5,-0.280405375633389,6,0.22,0.22,0.22,0.22,0.12,0.282051282051282,NA,0.282051282051282,0.282051282051282,0.153846153846154,0.584909359391594,4,1,1,"2) # of groups=4",4
"281343",-0.573254078264098,1,NA,0,1.08663127847138,3,NA,0,0.250633845955727,3,0.22,0.22,0.22,0.22,0.12,0.392857142857143,NA,0.392857142857143,NA,0.214285714285714,0.255391152786231,2,0,0,"",NA
"281344",0.655486601639799,2,-0.768061529026647,1,0.382669649277519,3,-0.747271665496811,5,0.150714977887317,4,0.22,0.22,0.22,0.22,0.12,0.22,0.22,0.22,0.22,0.12,-0.0868931302468728,3,0,0,"",NA
"281345",-2.65178539586088,3,NA,0,0.287613406091291,4,-0.247137230648402,5,0.703131459494415,5,0.22,0.22,0.22,0.22,0.12,0.282051282051282,NA,0.282051282051282,0.282051282051282,0.153846153846154,-0.62834904275978,4,1,1,"2) # of groups=4",2
"281346",NA,0,NA,0,0.455394368932441,1,NA,0,0.587456099482777,5,0.22,0.22,0.22,0.22,0.12,NA,NA,0.647058823529412,NA,0.352941176470588,0.502004391479618,1,0,0,"",NA
"281347",1.02341464359352,2,NA,0,0.0382401767306635,3,NA,0,-0.0178833073217031,4,0.22,0.22,0.22,0.22,0.12,0.392857142857143,NA,0.392857142857143,NA,0.214285714285714,0.41324654212985,2,0,0,"",NA
"281348",-0.348670954729652,2,NA,0,0.287825355822101,2,NA,0,0.0691930274971383,4,0.22,0.22,0.22,0.22,0.12,0.392857142857143,NA,0.392857142857143,NA,0.214285714285714,-0.00907655082143683,1,0,0,"",NA
"281349",-0.440735399367761,2,NA,0,-1.30341105307973,2,NA,0,0.833718946022374,5,0.22,0.22,0.22,0.22,0.12,0.392857142857143,NA,0.392857142857143,NA,0.214285714285714,-0.506546332171006,1,0,0,"",NA
"281350",0.0958675455562557,2,NA,0,-0.18667517185263,3,NA,0,0.533442467164365,5,0.22,0.22,0.22,0.22,0.12,0.392857142857143,NA,0.392857142857143,NA,0.214285714285714,0.0786346754902169,2,0,0,"",NA
"281351",0.244551187308466,2,NA,0,-1.30029735525977,1,NA,0,-0.344959151962205,4,0.22,0.22,0.22,0.22,0.12,0.392857142857143,NA,0.392857142857143,NA,0.214285714285714,-0.488677241401342,1,0,0,"",NA
"281352",-0.639921899070019,4,NA,0,1.20687184783388,5,1.99602741604278,10,-1.45404366612355,5,0.22,0.22,0.22,0.22,0.12,0.282051282051282,NA,0.282051282051282,0.282051282051282,0.153846153846154,0.49919202605466,4,1,1,"2) # of groups=4",4
"281353",-2.10111373137103,2,NA,0,0.206423313219657,3,NA,0,0.960018192428544,4,0.22,0.22,0.22,0.22,0.12,0.392857142857143,NA,0.392857142857143,NA,0.214285714285714,-0.538624480181923,2,0,0,"",NA
"281354",-0.0887330555420189,1,NA,0,0.455394368932441,1,NA,0,0.335497658077509,4,0.22,0.22,0.22,0.22,0.12,0.392857142857143,NA,0.392857142857143,NA,0.214285714285714,0.215937871277132,1,0,0,"",NA
"281355",-1.83583710885046,2,NA,0,-0.0092118417270261,3,NA,0,1.40001836384851,6,0.22,0.22,0.22,0.22,0.12,0.392857142857143,NA,0.392857142857143,NA,0.214285714285714,-0.424836724045046,2,0,0,"",NA
"281356",-0.782622480220515,2,NA,0,-0.969822305817643,2,NA,0,0.82627893685497,4,0.22,0.22,0.22,0.22,0.12,0.392857142857143,NA,0.392857142857143,NA,0.214285714285714,-0.51140067947464,1,0,0,"",NA
"281357",-1.51545371418652,2,NA,0,-1.51847934440146,4,1.20482233737211,10,0.678091931181421,5,0.22,0.22,0.22,0.22,0.12,0.282051282051282,NA,0.282051282051282,0.282051282051282,0.153846153846154,-0.411581188366309,3,0,0,"",NA
"281358",-0.172433926905753,2,NA,0,-0.175541513524322,3,NA,0,-0.874445769313999,4,0.22,0.22,0.22,0.22,0.12,0.392857142857143,NA,0.392857142857143,NA,0.214285714285714,-0.324085873593386,2,0,0,"",NA
"281359",-1.30003561234722,1,NA,0,-1.07825253906661,4,1.13912883347545,5,1.12847438574011,6,0.22,0.22,0.22,0.22,0.12,0.282051282051282,NA,0.282051282051282,0.282051282051282,0.153846153846154,-0.175895030330295,3,0,0,"",NA
"281360",-0.772537171056897,4,0.689518716144338,2,0.99900509230136,6,0.636148444983678,10,0.301211468242241,5,0.22,0.22,0.22,0.22,0.12,0.22,0.22,0.22,0.22,0.12,0.377615094311014,4,1,1,"2) # of groups=4",4
"281361",-1.61205543373679,2,NA,0,0.706208307939544,3,0.655622443754093,5,-0.745973115537247,4,0.22,0.22,0.22,0.22,0.12,0.282051282051282,NA,0.282051282051282,0.282051282051282,0.153846153846154,-0.185341287069184,3,0,0,"",NA
"281362",-1.48529575384736,3,1.16593449887969,1,1.06059953034985,6,1.82626904100653,10,0.336660308333344,5,0.22,0.22,0.22,0.22,0.12,0.22,0.22,0.22,0.22,0.12,0.605250846605518,4,1,1,"2) # of groups=4",4
"281363",-1.40354701756159,4,NA,0,0.157029265716243,7,NA,0,0.425945073400921,7,0.22,0.22,0.22,0.22,0.12,0.392857142857143,NA,0.392857142857143,NA,0.214285714285714,-0.398429458210475,3,1,1,"1) # of groups=3",3
"281364",-1.58398613094401,4,1.16260436061262,2,1.03588953865038,5,0.911713073774345,10,1.0875850897315,6,0.22,0.22,0.22,0.22,0.12,0.22,0.22,0.22,0.22,0.12,0.466278796028314,4,1,1,"2) # of groups=4",4
"281365",-0.182749447763744,3,NA,0,0.25727993011692,4,NA,0,0.962866005461521,4,0.22,0.22,0.22,0.22,0.12,0.392857142857143,NA,0.392857142857143,NA,0.214285714285714,0.235608262094788,3,1,1,"1) # of groups=3",4
"290001",-0.245857589984088,8,0.134269837317024,7,0.358863362576252,10,-0.160684330701072,15,-0.375299689374553,9,0.22,0.22,0.22,0.22,0.12,0.22,0.22,0.22,0.22,0.12,-0.0259858812991608,5,2,1,"3) # of groups=5",3
"290003",0.490302353795877,8,0.147314638683518,8,-0.472129422573211,8,-2.54324649580797,15,0.453290865229767,6,0.22,0.22,0.22,0.22,0.12,0.22,0.22,0.22,0.22,0.12,-0.468712059870821,5,2,1,"3) # of groups=5",2
"290005",0.780312518330819,4,0.916802365718636,5,-2.00283172857937,4,-1.05354210643747,15,1.10006793041033,6,0.22,0.22,0.22,0.22,0.12,0.22,0.22,0.22,0.22,0.12,-0.167028817563585,5,2,1,"3) # of groups=5",3
"290007",0.517653812134776,8,-0.0276282273122727,7,-1.6108082865788,8,-1.88340547940407,15,0.0992781490411727,7,0.22,0.22,0.22,0.22,0.12,0.22,0.22,0.22,0.22,0.12,-0.64900802197034,5,2,1,"3) # of groups=5",2
"290008",-0.36775907307447,6,-0.433295678335475,3,1.06346634677861,7,-1.16281397451685,15,0.357044424345926,9,0.22,0.22,0.22,0.22,0.12,0.22,0.22,0.22,0.22,0.12,-0.15524319249109,5,2,1,"3) # of groups=5",3
"290009",0.732201258458938,7,0.284672073275348,7,-0.138884378029482,10,-0.426555385000466,15,0.969489865897823,7,0.22,0.22,0.22,0.22,0.12,0.22,0.22,0.22,0.22,0.12,0.215654169022693,5,2,1,"3) # of groups=5",4
"290012",NA,0,NA,0,NA,0,NA,0,-1.6261643060138,5,0.22,0.22,0.22,0.22,0.12,NA,NA,NA,NA,1,-1.6261643060138,1,0,0,"",NA
"290019",-0.316595856993824,8,-0.770575098663621,7,-0.158509885875415,10,-0.21497806084547,15,0.0252713601884558,10,0.22,0.22,0.22,0.22,0.12,0.22,0.22,0.22,0.22,0.12,-0.318312395300618,5,2,1,"3) # of groups=5",2
"290021",0.113310484326972,8,0.459990796456034,8,-1.10883195127631,9,-1.49657297039333,15,0.391882142734643,7,0.22,0.22,0.22,0.22,0.12,0.22,0.22,0.22,0.22,0.12,-0.400036943866902,5,2,1,"3) # of groups=5",2
"29002F",1.41291154621725,4,1.3573049485108,3,1.39489920720109,6,0.494996029968203,10,1.41624565814119,4,0.22,0.22,0.22,0.22,0.12,0.22,0.22,0.22,0.22,0.12,1.19517405999436,5,2,1,"3) # of groups=5",5
"290032",-0.788224135162502,6,0.156515132618977,5,0.0154764260293805,8,-0.117674291221525,15,0.324224133023278,9,0.22,0.22,0.22,0.22,0.12,0.22,0.22,0.22,0.22,0.12,-0.122552614939054,5,2,1,"3) # of groups=5",3
"290039",1.14577010400325,8,0.715217681279054,8,-0.30353509422993,11,-0.667739619556551,15,-0.315968009357796,9,0.22,0.22,0.22,0.22,0.12,0.22,0.22,0.22,0.22,0.12,0.157820714606146,5,2,1,"3) # of groups=5",4
"290041",0.617622776738608,8,0.661469989757733,7,-0.756036702813755,8,-0.612281055409426,15,0.286905605688394,8,0.22,0.22,0.22,0.22,0.12,0.22,0.22,0.22,0.22,0.12,0.0147991745027025,5,2,1,"3) # of groups=5",3
"290045",0.0234069341552839,8,-0.156328845026759,7,0.559336141618622,9,-0.993533257369402,15,-0.2769901326228,8,0.22,0.22,0.22,0.22,0.12,0.22,0.22,0.22,0.22,0.12,-0.158005001771632,5,2,1,"3) # of groups=5",3
"290046",-0.240838754878933,8,0.260737585452087,7,-0.157527149953724,9,-1.29541571283826,15,0.442025828220381,7,0.22,0.22,0.22,0.22,0.12,0.22,0.22,0.22,0.22,0.12,-0.262226587701697,5,2,1,"3) # of groups=5",3
"290047",1.17567945921436,7,0.680410939183621,7,-0.521998253463917,8,-0.948608238855832,15,0.964983225232867,7,0.22,0.22,0.22,0.22,0.12,0.22,0.22,0.22,0.22,0.12,0.200604446365155,5,2,1,"3) # of groups=5",4
"290049",-0.26075248548347,6,-0.981034056391774,5,0.377650544478233,9,0.306654406747938,15,-0.189942247206675,7,0.22,0.22,0.22,0.22,0.12,0.22,0.22,0.22,0.22,0.12,-0.145439019607597,5,2,1,"3) # of groups=5",3
"29004F",1.2777859708148,5,0.678709749842686,4,1.05082816167701,5,0.674646341803564,10,1.30711705323028,3,0.22,0.22,0.22,0.22,0.12,0.22,0.22,0.22,0.22,0.12,0.966887495698007,5,2,1,"3) # of groups=5",5
"290053",-0.124694121856254,8,0.35771055826643,6,-0.105784859388992,8,0.241722094491518,15,0.343827773451725,6,0.22,0.22,0.22,0.22,0.12,0.22,0.22,0.22,0.22,0.12,0.122429140547001,5,2,1,"3) # of groups=5",4
"290054",-0.798899048053816,7,0.516153245287997,8,-0.200399514032732,8,-1.54006909208081,15,-0.243666287590848,7,0.22,0.22,0.22,0.22,0.12,0.22,0.22,0.22,0.22,0.12,-0.474347124464361,5,2,1,"3) # of groups=5",2
"290057",0.418483336270942,7,0.49671918019663,7,-2.25904603033957,8,-1.50358212432809,15,0.212377693098011,7,0.22,0.22,0.22,0.22,0.12,0.22,0.22,0.22,0.22,0.12,-0.600948317232258,5,2,1,"3) # of groups=5",2
"290058",0.755113171131514,2,NA,0,-3.46288361501097,2,NA,0,-0.190169265428983,7,0.22,0.22,0.22,0.22,0.12,0.392857142857143,NA,0.392857142857143,NA,0.214285714285714,-1.10451751697314,1,0,0,"",NA
"291300",-1.7845566350693,1,NA,0,0.455394368932441,1,NA,0,1.35771141452849,4,0.22,0.22,0.22,0.22,0.12,0.392857142857143,NA,0.392857142857143,NA,0.214285714285714,-0.231232730011947,1,0,0,"",NA
"291301",NA,0,NA,0,NA,0,NA,0,0.516841184120225,4,0.22,0.22,0.22,0.22,0.12,NA,NA,NA,NA,1,0.516841184120225,1,0,0,"",NA
"291302",0.325188798313275,2,NA,0,0.295703827891474,2,NA,0,-0.984196648358213,5,0.22,0.22,0.22,0.22,0.12,0.392857142857143,NA,0.392857142857143,NA,0.214285714285714,0.0330228213608201,1,0,0,"",NA
"291303",NA,0,NA,0,NA,0,NA,0,0.950717252203521,3,0.22,0.22,0.22,0.22,0.12,NA,NA,NA,NA,1,0.950717252203521,1,0,0,"",NA
"291304",NA,0,NA,0,NA,0,NA,0,0.815715987244719,3,0.22,0.22,0.22,0.22,0.12,NA,NA,NA,NA,1,0.815715987244719,1,0,0,"",NA
"291306",0.903827231260913,4,NA,0,0.385413924017607,7,1.0656427117491,15,0.394026735613944,6,0.22,0.22,0.22,0.22,0.12,0.282051282051282,NA,0.282051282051282,0.282051282051282,0.153846153846154,0.724817511563782,4,1,1,"2) # of groups=4",5
"291307",-0.943744634426484,4,-0.520014797401361,2,-0.0484065424770024,6,-1.29006293587097,15,0.207602246650393,8,0.22,0.22,0.22,0.22,0.12,0.22,0.22,0.22,0.22,0.12,-0.591578090640633,4,1,1,"2) # of groups=4",2
"291308",-1.23159897685446,4,NA,0,0.453714916470128,5,-0.479230586968975,10,-1.05842436982957,8,0.22,0.22,0.22,0.22,0.12,0.282051282051282,NA,0.282051282051282,0.282051282051282,0.153846153846154,-0.517405316406764,4,1,1,"2) # of groups=4",2
"291309",0.638048478541098,1,NA,0,-0.547858044891677,1,NA,0,0.59668264932531,5,0.22,0.22,0.22,0.22,0.12,0.392857142857143,NA,0.392857142857143,NA,0.214285714285714,0.163292523789125,1,0,0,"",NA
"291311",-0.377708653426895,4,1.15927422234555,1,-1.87839364079385,5,-1.72426204756746,10,0.702328416513611,5,0.22,0.22,0.22,0.22,0.12,0.22,0.22,0.22,0.22,0.12,-0.536360416295751,4,1,1,"2) # of groups=4",2
"291312",-2.63015455144144,2,NA,0,-0.297044941435646,1,NA,0,-0.0925590684151537,4,0.22,0.22,0.22,0.22,0.12,0.392857142857143,NA,0.392857142857143,NA,0.214285714285714,-1.16980531543353,1,0,0,"",NA
"291313",-1.22165852075715,4,-1.21733806557129,1,-0.601499704872486,5,0.856183842813629,10,0.986416409046576,6,0.22,0.22,0.22,0.22,0.12,0.22,0.22,0.22,0.22,0.12,-0.362178769559616,4,1,1,"2) # of groups=4",2
"291314",NA,0,NA,0,NA,0,NA,0,-0.620899606464712,4,0.22,0.22,0.22,0.22,0.12,NA,NA,NA,NA,1,-0.620899606464712,1,0,0,"",NA
"300001",-0.537604306405877,8,0.248519438843781,7,0.0487777186904009,11,-0.00167879084457931,15,-1.10164112496788,9,0.22,0.22,0.22,0.22,0.12,0.22,0.22,0.22,0.22,0.12,-0.185433841733726,5,2,1,"3) # of groups=5",3
"300003",0.51861807315191,8,-0.339389774075934,8,-0.455973974521213,11,0.268420681564893,15,-0.7028458407308,9,0.22,0.22,0.22,0.22,0.12,0.22,0.22,0.22,0.22,0.12,-0.0861729995413717,5,2,1,"3) # of groups=5",3
"300005",0.833714000092113,6,-0.797255673506203,4,-0.608181775095361,8,-0.210940895621645,15,-0.602963105381533,9,0.22,0.22,0.22,0.22,0.12,0.22,0.22,0.22,0.22,0.12,-0.244541728354625,5,2,1,"3) # of groups=5",3
"300011",-0.574750956624974,7,0.726776836641796,7,0.546760996274388,10,0.140854764776231,15,0.0640219145230423,8,0.22,0.22,0.22,0.22,0.12,0.22,0.22,0.22,0.22,0.12,0.192403790777602,5,2,1,"3) # of groups=5",4
"300012",-0.955527751283364,7,-0.398648787145083,8,0.0835381434692948,10,0.120658165258899,15,-1.51029081386575,9,0.22,0.22,0.22,0.22,0.12,0.22,0.22,0.22,0.22,0.12,-0.434230548197946,5,2,1,"3) # of groups=5",2
"300014",0.298913311304357,5,0.647185137443925,2,-0.861498681910997,6,0.707932253528881,15,0.018019939660684,8,0.22,0.22,0.22,0.22,0.12,0.22,0.22,0.22,0.22,0.12,0.176519437239839,4,1,1,"2) # of groups=4",3
"300017",1.30563487490309,6,0.363626220865576,3,0.16293259978276,9,-0.105176004782061,15,0.347820849250026,9,0.22,0.22,0.22,0.22,0.12,0.22,0.22,0.22,0.22,0.12,0.421682393879263,5,2,1,"3) # of groups=5",4
"300018",1.01092672458518,7,0.469580171903157,7,-0.4041806477671,10,0.940674811036737,15,-0.409024925549924,10,0.22,0.22,0.22,0.22,0.12,0.22,0.22,0.22,0.22,0.12,0.394657242080763,5,2,1,"3) # of groups=5",4
"300019",0.0465602925101862,6,0.513436415828924,5,0.17426969749614,8,-0.0990608705699493,15,-0.20497444956313,8,0.22,0.22,0.22,0.22,0.12,0.22,0.22,0.22,0.22,0.12,0.115148283810791,5,2,1,"3) # of groups=5",4
"300020",-0.493121291677079,7,-0.358722520725038,7,-1.1210643739677,10,-0.069414852686408,15,-0.84911955795122,8,0.22,0.22,0.22,0.22,0.12,0.22,0.22,0.22,0.22,0.12,-0.551205415546516,5,2,1,"3) # of groups=5",2
"300023",0.0456524703782343,6,-0.0280028422004037,7,0.578482812452778,10,0.612849404084871,15,0.00269640379260439,10,0.22,0.22,0.22,0.22,0.12,0.22,0.22,0.22,0.22,0.12,0.266299574292518,5,2,1,"3) # of groups=5",4
"300029",-0.183736720509167,8,0.316058057648475,7,-0.677831382402891,9,-0.545721601562042,15,0.354539553559968,8,0.22,0.22,0.22,0.22,0.12,0.22,0.22,0.22,0.22,0.12,-0.197526215874441,5,2,1,"3) # of groups=5",3
"300034",1.55549006548661,8,-0.49232943876002,7,0.113137907087988,11,0.144658393995196,15,-0.467975847441554,9,0.22,0.22,0.22,0.22,0.12,0.22,0.22,0.22,0.22,0.12,0.234453422425164,5,2,1,"3) # of groups=5",4
"301300",0.880308989902137,1,NA,0,0.957020575844511,1,1.70663698769265,5,-0.0368681700421359,5,0.22,0.22,0.22,0.22,0.12,0.282051282051282,NA,0.282051282051282,0.282051282051282,0.153846153846154,0.993908283784089,2,0,0,"",NA
"301301",-1.40122135893728,3,1.15927422234555,1,0.748783133205659,3,NA,0,0.128602337686022,6,0.22,0.22,0.22,0.22,0.12,0.282051282051282,0.282051282051282,0.282051282051282,NA,0.153846153846154,0.162738717663317,3,1,1,"1) # of groups=3",4
"301302",-1.09679201151054,5,-4.07988518086478,1,-0.363807455505054,7,1.32910039972986,15,0.357455240686581,8,0.22,0.22,0.22,0.22,0.12,0.22,0.22,0.22,0.22,0.12,-0.883609905710723,4,1,1,"2) # of groups=4",1
"301303",-0.494329746540421,2,NA,0,-0.575558267940804,4,1.36356945110218,5,1.16449647787151,4,0.22,0.22,0.22,0.22,0.12,0.282051282051282,NA,0.282051282051282,0.282051282051282,0.153846153846154,0.261986530001527,3,0,0,"",NA
"301304",0.142059080059226,4,-2.17140062440787,2,0.275421715902812,5,1.08318727060211,15,0.513548853830392,6,0.22,0.22,0.22,0.22,0.12,0.22,0.22,0.22,0.22,0.12,-0.0859353002659718,4,1,1,"2) # of groups=4",3
"301305",1.91138109205825,3,-0.898429562398696,2,0.460890029029491,5,1.32628017698888,15,0.226653842635761,5,0.22,0.22,0.22,0.22,0.12,0.22,0.22,0.22,0.22,0.12,0.643225242965435,4,1,1,"2) # of groups=4",4
"301306",0.851714890681784,2,1.15927422234555,1,-1.78965536825942,2,NA,0,0.387001024029401,7,0.22,0.22,0.22,0.22,0.12,0.282051282051282,0.282051282051282,0.282051282051282,NA,0.153846153846154,0.121966085554448,1,0,0,"",NA
"301307",0.299934110270484,5,1.15927422234555,1,-0.306884422255318,6,0.812965101059374,15,-0.102801323190439,7,0.22,0.22,0.22,0.22,0.12,0.22,0.22,0.22,0.22,0.12,0.420027423729567,4,1,1,"2) # of groups=4",4
"301308",-1.58822270569929,4,NA,0,0.483448774264286,4,NA,0,0.771306880285631,5,0.22,0.22,0.22,0.22,0.12,0.392857142857143,NA,0.392857142857143,NA,0.214285714285714,-0.268738284431116,3,1,1,"1) # of groups=3",3
"301309",-0.649859355465066,5,-3.13594281504117,1,0.0854907594430747,8,1.17262357737814,15,1.11837227711071,5,0.22,0.22,0.22,0.22,0.12,0.22,0.22,0.22,0.22,0.12,-0.42188665015742,4,1,1,"2) # of groups=4",2
"301310",-1.64999607565849,4,-0.367811072734536,2,-0.00503419645038259,4,0.361135792207897,15,0.295134785717524,6,0.22,0.22,0.22,0.22,0.12,0.22,0.22,0.22,0.22,0.12,-0.33015904729371,4,1,1,"2) # of groups=4",2
"301311",0.160387893027372,5,-1.68093106180419,1,-0.0890086431850428,4,0.745846961891591,10,1.69285436830307,7,0.22,0.22,0.22,0.22,0.12,0.22,0.22,0.22,0.22,0.12,0.013127457180909,4,1,1,"2) # of groups=4",3
"301312",-0.517995723379779,5,-0.0131345033274391,2,0.537504547659975,4,0.847309586081146,15,0.951864251068954,6,0.22,0.22,0.22,0.22,0.12,0.22,0.22,0.22,0.22,0.12,0.302034169675733,4,1,1,"2) # of groups=4",4
"310001",2.26521216131067,8,0.279277431142787,8,0.54906625010706,11,-0.201746675917574,15,-0.059002612181894,8,0.22,0.22,0.22,0.22,0.12,0.22,0.22,0.22,0.22,0.12,0.62911770319962,5,2,1,"3) # of groups=5",5
"310002",-0.272692947457566,8,0.0595564479297824,7,-1.38547735732505,10,-1.10082318120656,15,-0.253244892041974,8,0.22,0.22,0.22,0.22,0.12,0.22,0.22,0.22,0.22,0.12,-0.624265535418103,5,2,1,"3) # of groups=5",2
"310003",0.953238656935909,6,-0.711734658365339,5,-1.0457596028463,6,-0.777423882564855,15,0.543159251670017,9,0.22,0.22,0.22,0.22,0.12,0.22,0.22,0.22,0.22,0.12,-0.282790376904527,5,2,1,"3) # of groups=5",2
"310005",1.3662096686869,7,0.471713034065556,7,-0.0757278668041804,8,0.0489418896499744,15,0.113497407119965,7,0.22,0.22,0.22,0.22,0.12,0.22,0.22,0.22,0.22,0.12,0.412069768486011,5,2,1,"3) # of groups=5",4
"310006",0.44643208109033,6,0.498265578259164,5,-0.276131024626608,7,-0.862008946111549,15,0.0469133321417521,8,0.22,0.22,0.22,0.22,0.12,0.22,0.22,0.22,0.22,0.12,-0.0369277086484956,5,2,1,"3) # of groups=5",3
"310008",1.00923036571356,7,0.606118934396164,8,0.126831482857944,10,0.290890078387098,15,0.303148800123685,8,0.22,0.22,0.22,0.22,0.12,0.22,0.22,0.22,0.22,0.12,0.483653445512891,5,2,1,"3) # of groups=5",5
"310009",-0.341586169005836,7,0.74339967170685,6,-0.676610237555905,7,-0.922973914133702,15,1.01821612136863,8,0.22,0.22,0.22,0.22,0.12,0.22,0.22,0.22,0.22,0.12,-0.141323608213255,5,2,1,"3) # of groups=5",3
"310010",1.03721828959407,7,0.0893622353548076,7,-0.331074202647851,10,0.317293116733353,15,-0.44485208809529,9,0.22,0.22,0.22,0.22,0.12,0.22,0.22,0.22,0.22,0.12,0.191433626016129,5,2,1,"3) # of groups=5",4
"310011",0.420197786248466,6,-0.74880595366882,5,-0.159831806225485,6,0.373035555463013,5,-0.762899305695604,9,0.22,0.22,0.22,0.22,0.12,0.22,0.22,0.22,0.22,0.12,-0.116936888683694,5,2,1,"3) # of groups=5",3
"310012",0.00336038337753223,8,-0.0176525951105294,8,0.455385640561024,11,0.34607104625225,15,-0.175337174420607,8,0.22,0.22,0.22,0.22,0.12,0.22,0.22,0.22,0.22,0.12,0.152135723587188,5,2,1,"3) # of groups=5",4
"310014",0.353526327151597,8,-0.702502987639169,8,-1.24189484497182,11,-0.132291644450778,15,0.311061457676493,8,0.22,0.22,0.22,0.22,0.12,0.22,0.22,0.22,0.22,0.12,-0.341768518059058,5,2,1,"3) # of groups=5",2
"310015",2.1844857582755,8,0.464911783849819,8,1.74400421786813,11,0.300132536911105,15,0.0366143781832638,10,0.22,0.22,0.22,0.22,0.12,0.22,0.22,0.22,0.22,0.12,1.03697127070099,5,2,1,"3) # of groups=5",5
"310016",0.414079128848669,6,-0.761379769157983,5,-1.05929677245835,6,-1.86225029789605,10,0.49361652636039,7,0.22,0.22,0.22,0.22,0.12,0.22,0.22,0.22,0.22,0.12,-0.65991251318277,5,2,1,"3) # of groups=5",2
"310017",1.00472186255677,7,0.616109948870555,6,0.477930817233008,9,0.212621725565291,15,-0.354897272870652,9,0.22,0.22,0.22,0.22,0.12,0.22,0.22,0.22,0.22,0.12,0.465916885185159,5,2,1,"3) # of groups=5",5
"310019",0.158778380650958,8,0.700069147955265,7,-0.515052646328511,11,-1.34790476262961,15,-0.386420158819333,8,0.22,0.22,0.22,0.22,0.12,0.22,0.22,0.22,0.22,0.12,-0.267274592735738,5,2,1,"3) # of groups=5",3
"31001F",1.77458002462505,4,0.183681091712596,3,-2.85704650208701,4,-0.37270402589678,10,-1.25794569069947,4,0.22,0.22,0.22,0.22,0.12,0.22,0.22,0.22,0.22,0.12,-0.430681153446088,5,2,1,"3) # of groups=5",2
"310022",0.110889280995017,7,0.205261114255462,8,-0.837842818191648,8,-0.168627054806738,15,0.647540779146696,9,0.22,0.22,0.22,0.22,0.12,0.22,0.22,0.22,0.22,0.12,-0.074165391606936,5,2,1,"3) # of groups=5",3
"310024",0.274837888506306,7,0.508515248928104,4,-0.0367415266829069,6,-0.223540397187069,15,0.812276347037338,8,0.22,0.22,0.22,0.22,0.12,0.22,0.22,0.22,0.22,0.12,0.212548828628656,5,2,1,"3) # of groups=5",4
"310025",0.190462073653936,7,-0.399822674687747,4,-1.1940921473047,8,-2.28737289336066,10,0.459515536794321,8,0.22,0.22,0.22,0.22,0.12,0.22,0.22,0.22,0.22,0.12,-0.756839776758499,5,2,1,"3) # of groups=5",1
"310027",-0.455616857130081,5,0.802959630011507,5,0.0953842235791465,8,-1.52870959835885,15,0.931303089968668,8,0.22,0.22,0.22,0.22,0.12,0.22,0.22,0.22,0.22,0.12,-0.127159801621381,5,2,1,"3) # of groups=5",3
"310028",1.45926493539181,7,0.495080240050066,7,-0.0326453902817139,10,-0.093140909609395,15,-0.0664165918164324,9,0.22,0.22,0.22,0.22,0.12,0.22,0.22,0.22,0.22,0.12,0.394312961603197,5,2,1,"3) # of groups=5",4
"310029",-0.345295175559302,8,-0.190432433710573,6,-0.314326214753652,8,-0.824219012168955,15,0.50254275339558,9,0.22,0.22,0.22,0.22,0.12,0.22,0.22,0.22,0.22,0.12,-0.308034893554876,5,2,1,"3) # of groups=5",2
"310031",0.00748914002012964,7,-0.637848935699038,4,-0.825693998757802,7,0.421698754140361,15,0.024963925939132,3,0.22,0.22,0.22,0.22,0.12,0.22,0.22,0.22,0.22,0.12,-0.224562437752501,5,2,1,"3) # of groups=5",3
"310032",0.572200166114481,7,0.137135167607459,7,-1.00122639741441,7,-6.39029462887917e-05,15,-0.425854328000033,9,0.22,0.22,0.22,0.22,0.12,0.22,0.22,0.22,0.22,0.12,-0.115332612020531,5,2,1,"3) # of groups=5",3
"310034",0.209949296118603,7,0.428301200034015,7,-0.630110245095623,10,0.00280295652457547,15,-0.16009139735203,8,0.22,0.22,0.22,0.22,0.12,0.22,0.22,0.22,0.22,0.12,-0.0168034620142981,5,2,1,"3) # of groups=5",3
"310038",0.686739530343132,8,-0.56363592900617,8,-1.4997396242878,11,-0.268347694019542,15,0.42368491140347,8,0.22,0.22,0.22,0.22,0.12,0.22,0.22,0.22,0.22,0.12,-0.311054228365067,5,2,1,"3) # of groups=5",2
"310039",0.749989214201584,7,0.364884794520601,6,0.309452367279708,7,-0.702862689857146,15,-0.399663055211773,8,0.22,0.22,0.22,0.22,0.12,0.22,0.22,0.22,0.22,0.12,0.110762444326432,5,2,1,"3) # of groups=5",4
"310040",0.193656673146548,3,-0.437175592311344,4,-1.89266209137855,5,-1.07263882080389,10,-0.0748941907737715,7,0.22,0.22,0.22,0.22,0.12,0.22,0.22,0.22,0.22,0.12,-0.714927665789244,5,2,1,"3) # of groups=5",1
"310041",-1.1183776335865,7,0.717511756030742,8,-1.36880796428648,10,-1.18335356018607,15,-0.677526823132365,9,0.22,0.22,0.22,0.22,0.12,0.22,0.22,0.22,0.22,0.12,-0.730969247222112,5,2,1,"3) # of groups=5",1
"310044",-0.481681968771179,7,-0.310111623772383,8,-1.19092216279921,10,-0.408686518599347,15,0.507144071467836,8,0.22,0.22,0.22,0.22,0.12,0.22,0.22,0.22,0.22,0.12,-0.465251211691126,5,2,1,"3) # of groups=5",2
"310045",0.798652356230832,8,0.125123490673955,7,0.154442732805069,11,0.115158339112015,15,0.5630113611546,8,0.22,0.22,0.22,0.22,0.12,0.22,0.22,0.22,0.22,0.12,0.330104285479364,5,2,1,"3) # of groups=5",4
"310047",-0.190226443902709,7,0.431417754336718,7,-0.216066890480312,9,-0.189484342347001,15,0.21641974981917,8,0.22,0.22,0.22,0.22,0.12,0.22,0.22,0.22,0.22,0.12,-0.0101888129482265,5,2,1,"3) # of groups=5",3
"310048",-0.298746364807448,7,-0.0197268128737574,7,-0.934071123324024,10,0.020155678441107,15,0.0285022227558228,8,0.22,0.22,0.22,0.22,0.12,0.22,0.22,0.22,0.22,0.12,-0.267705230233408,5,2,1,"3) # of groups=5",3
"310050",-0.384513823618486,7,-0.105689910901161,7,-0.37747656232221,8,-1.27966909866906,15,0.752338868758533,6,0.22,0.22,0.22,0.22,0.12,0.22,0.22,0.22,0.22,0.12,-0.382136202761378,5,2,1,"3) # of groups=5",2
"310051",1.59630277152292,7,0.605965435702051,8,0.276560749524621,10,-0.205120784301449,15,-0.420752607255102,8,0.22,0.22,0.22,0.22,0.12,0.22,0.22,0.22,0.22,0.12,0.449725485067979,5,2,1,"3) # of groups=5",5
"310052",1.41243434203673,7,-0.00493169739215969,7,-0.00970134391481388,10,-0.28833465532241,15,0.484056251476921,8,0.22,0.22,0.22,0.22,0.12,0.22,0.22,0.22,0.22,0.12,0.302169412166847,5,2,1,"3) # of groups=5",4
"310054",0.915397394272698,7,0.0981233978546422,7,0.424022968271449,10,-0.659021893810626,15,-0.843089729855443,8,0.22,0.22,0.22,0.22,0.12,0.22,0.22,0.22,0.22,0.12,0.0701040430667427,5,2,1,"3) # of groups=5",4
"310057",-0.239060689008083,7,-0.034022056912583,7,0.0545492460333854,9,-0.99435738425854,15,0.171823530695384,8,0.22,0.22,0.22,0.22,0.12,0.22,0.22,0.22,0.22,0.12,-0.246217170828634,5,2,1,"3) # of groups=5",3
"310058",0.215485376266055,2,0.276978707781641,2,-0.390366869430551,3,-0.412819124435421,5,1.13440816682426,6,0.22,0.22,0.22,0.22,0.12,0.22,0.22,0.22,0.22,0.12,0.0677701598588905,3,0,0,"",NA
"310060",1.07286122901192,5,0.387440163230854,6,-0.20801175153993,9,0.19294324308142,15,1.3272502421748,8,0.22,0.22,0.22,0.22,0.12,0.22,0.22,0.22,0.22,0.12,0.477221263493514,5,2,1,"3) # of groups=5",5
"310061",-0.188036829213273,6,0.12569308013349,3,-0.395933593078243,6,-0.813145547343998,15,0.57158743548232,7,0.22,0.22,0.22,0.22,0.12,0.22,0.22,0.22,0.22,0.12,-0.211122543432567,5,2,1,"3) # of groups=5",3
"310064",0.976811948388106,8,0.485940701247764,8,0.19922324577652,11,-0.443262071954182,15,-0.0641287273227046,9,0.22,0.22,0.22,0.22,0.12,0.22,0.22,0.22,0.22,0.12,0.260421593882081,5,2,1,"3) # of groups=5",4
"310069",0.67082806258083,7,0.35281653779691,6,-0.776458372893954,9,0.262841226541309,15,-0.508684730903724,9,0.22,0.22,0.22,0.22,0.12,0.22,0.22,0.22,0.22,0.12,0.051163872177074,5,2,1,"3) # of groups=5",3
"310070",-0.0664698155657694,7,0.830326024927669,8,-0.0054759327149623,10,-0.646444128088561,10,-0.53616403106655,6,0.22,0.22,0.22,0.22,0.12,0.22,0.22,0.22,0.22,0.12,-0.0397137310451432,5,2,1,"3) # of groups=5",3
"310073",1.49708827223004,8,-0.0662686724859871,8,-0.0839947920968849,11,-0.263907051535448,15,-0.213294493085002,8,0.22,0.22,0.22,0.22,0.12,0.22,0.22,0.22,0.22,0.12,0.212646567174378,5,2,1,"3) # of groups=5",4
"310074",-0.427360916918904,8,0.379594900453344,7,-0.372021076462184,10,-0.368698466969885,15,0.769363237194277,8,0.22,0.22,0.22,0.22,0.12,0.22,0.22,0.22,0.22,0.12,-0.0811432347141652,5,2,1,"3) # of groups=5",3
"310075",-0.324272298636381,7,0.759458424376009,8,-0.58474064842296,10,0.146635416390549,15,0.0387803300104162,8,0.22,0.22,0.22,0.22,0.12,0.22,0.22,0.22,0.22,0.12,0.00401143621683766,5,2,1,"3) # of groups=5",3
"310076",-0.105394667244638,8,0.200728258933039,8,-1.03713893346122,11,-0.567089530431086,15,0.781814863137528,8,0.22,0.22,0.22,0.22,0.12,0.22,0.22,0.22,0.22,0.12,-0.238139088308356,5,2,1,"3) # of groups=5",3
"310083",0.451964712148837,3,-1.2588564621157,4,-6.4809159181296,3,-3.25868734235296,15,0.252310107457095,5,0.22,0.22,0.22,0.22,0.12,0.22,0.22,0.22,0.22,0.12,-2.28995168940402,5,2,1,"3) # of groups=5",1
"310084",-0.206144487271465,6,0.373114442890825,5,-1.182254219934,8,-0.35367050112679,15,0.296890315823284,8,0.22,0.22,0.22,0.22,0.12,0.22,0.22,0.22,0.22,0.12,-0.265543210498321,5,2,1,"3) # of groups=5",3
"310086",0.776722898018153,7,-0.309083534233904,7,-2.29618268445711,10,-0.425592724190511,15,-0.965090002686859,8,0.22,0.22,0.22,0.22,0.12,0.22,0.22,0.22,0.22,0.12,-0.611720730192365,5,2,1,"3) # of groups=5",2
"310092",-0.200097569692273,7,-0.214072688104286,6,-0.94081502108054,6,-1.7348342633528,15,0.543112285739905,8,0.22,0.22,0.22,0.22,0.12,0.22,0.22,0.22,0.22,0.12,-0.614586825001789,5,2,1,"3) # of groups=5",2
"310096",1.16957417246309,4,1.02898192894861,6,-1.05373665279045,6,-0.476753917428692,15,0.650895420137837,7,0.22,0.22,0.22,0.22,0.12,0.22,0.22,0.22,0.22,0.12,0.225081867278903,5,2,1,"3) # of groups=5",4
"310108",0.834873843583158,7,-0.0923412322356337,6,-0.168162280962748,9,-0.814947060430642,15,-0.493611715543471,8,0.22,0.22,0.22,0.22,0.12,0.22,0.22,0.22,0.22,0.12,-0.112160286475307,5,2,1,"3) # of groups=5",3
"310110",0.81634390253109,7,0.385315448938061,7,0.0942902811759371,10,-0.314294929815086,15,-0.0405474421036769,8,0.22,0.22,0.22,0.22,0.12,0.22,0.22,0.22,0.22,0.12,0.211098341570159,5,2,1,"3) # of groups=5",4
"310111",1.30518294711993,7,0.295409417306878,6,-0.5092810948475,7,-0.0563424313187068,15,-0.0388979505378272,8,0.22,0.22,0.22,0.22,0.12,0.22,0.22,0.22,0.22,0.12,0.223025390352793,5,2,1,"3) # of groups=5",4
"310112",1.06063248380936,7,0.860731837507118,6,0.0839109806254923,7,-0.684887646751206,15,-0.00172672126378444,9,0.22,0.22,0.22,0.22,0.12,0.22,0.22,0.22,0.22,0.12,0.290278077590314,5,2,1,"3) # of groups=5",4
"310113",0.808098239523354,7,0.465778155134172,6,-0.32559058454023,9,-0.332749930749675,15,0.030009052837926,9,0.22,0.22,0.22,0.22,0.12,0.22,0.22,0.22,0.22,0.12,0.139018979801428,5,2,1,"3) # of groups=5",4
"310115",0.151917565094236,7,0.118613422756157,5,0.328934590474823,8,-0.164715507900077,15,-0.0981936870774669,9,0.22,0.22,0.22,0.22,0.12,0.22,0.22,0.22,0.22,0.12,0.0838617730442346,5,2,1,"3) # of groups=5",4
"310118",-0.821609414288468,4,0.413508504726053,3,-1.22685662614156,7,-1.77989035695183,15,0.72763327064273,8,0.22,0.22,0.22,0.22,0.12,0.22,0.22,0.22,0.22,0.12,-0.66395054390715,5,2,1,"3) # of groups=5",2
"310119",-0.0592086856132623,6,0.346639897844749,6,-0.616915961800231,8,-1.78241518246341,15,-2.30229862663611,7,0.22,0.22,0.22,0.22,0.12,0.22,0.22,0.22,0.22,0.12,-0.740893820243407,5,2,1,"3) # of groups=5",1
"310130",0.51642149722817,6,0.680465792273973,4,0.774582779366098,7,-0.696623385449453,15,1.25137826351984,8,0.22,0.22,0.22,0.22,0.12,0.22,0.22,0.22,0.22,0.12,0.430631661974514,5,2,1,"3) # of groups=5",5
"320001",0.532753019944357,7,-0.952837890297944,7,0.385753759177423,9,-0.955393235360865,15,-1.13401003886487,8,0.22,0.22,0.22,0.22,0.12,0.22,0.22,0.22,0.22,0.12,-0.353820560901931,5,2,1,"3) # of groups=5",2
"320002",1.12224659630508,7,-0.355278038290273,6,0.604697517926095,9,-0.521994060497693,15,-0.130279274545392,9,0.22,0.22,0.22,0.22,0.12,0.22,0.22,0.22,0.22,0.12,0.171294330452059,5,2,1,"3) # of groups=5",4
"320004",-0.766844345901114,6,0.657789070604741,5,-0.0937578880846419,10,0.206494461050582,15,0.232851720953137,9,0.22,0.22,0.22,0.22,0.12,0.22,0.22,0.22,0.22,0.12,0.0287520920016812,5,2,1,"3) # of groups=5",3
"320005",-0.757634343265998,7,-0.355285762328833,6,0.112048460279265,7,-1.06627719812878,15,0.233970615062863,10,0.22,0.22,0.22,0.22,0.12,0.22,0.22,0.22,0.22,0.12,-0.426696271750213,5,2,1,"3) # of groups=5",2
"320006",-1.34576934270047,6,0.808871033651511,4,-0.353533029637712,7,-1.88366612845478,15,-0.740060139873976,8,0.22,0.22,0.22,0.22,0.12,0.22,0.22,0.22,0.22,0.12,-0.699108659555996,5,2,1,"3) # of groups=5",1
"320009",-0.157081944515142,8,-0.421276386063766,7,0.221926194306934,9,-1.16355941253673,15,-0.515506451043914,8,0.22,0.22,0.22,0.22,0.12,0.22,0.22,0.22,0.22,0.12,-0.396258914863185,5,2,1,"3) # of groups=5",2
"320011",0.633982915450993,2,-0.50176176604787,2,0.897024465259408,4,0.0924539595753468,15,-2.6529536201609,8,0.22,0.22,0.22,0.22,0.12,0.22,0.22,0.22,0.22,0.12,-0.0715805280869749,3,0,0,"",NA
"320017",0.758022569383749,3,0.484552947731506,5,0.97186225926756,5,-1.13317478172106,15,0.50692521897258,8,0.22,0.22,0.22,0.22,0.12,0.22,0.22,0.22,0.22,0.12,0.298708885102296,5,2,1,"3) # of groups=5",4
"320018",-0.763319482144733,8,0.535998143085873,6,-0.950797641139049,10,-1.42354699736759,15,-0.32432308232484,9,0.22,0.22,0.22,0.22,0.12,0.22,0.22,0.22,0.22,0.12,-0.611285284943391,5,2,1,"3) # of groups=5",2
"320021",0.688003393661228,8,-0.939350890897576,8,0.896373378745604,11,-0.668304640889203,15,-2.54026675417095,10,0.22,0.22,0.22,0.22,0.12,0.22,0.22,0.22,0.22,0.12,-0.309953337564102,5,2,1,"3) # of groups=5",2
"320022",-0.290004917828974,5,0.4134779774964,3,-0.169919649949837,9,-0.587013394467102,15,-2.77548776661721,8,0.22,0.22,0.22,0.22,0.12,0.22,0.22,0.22,0.22,0.12,-0.472419728638958,5,2,1,"3) # of groups=5",2
"320030",0.462283162539256,2,-0.789473654488121,2,-0.485683627283767,6,0.554193655007289,5,-0.384937405176061,8,0.22,0.22,0.22,0.22,0.12,0.22,0.22,0.22,0.22,0.12,-0.103102190750703,3,0,0,"",NA
"320033",-1.83281225890902,2,0.135096052542295,1,0.426987273628966,5,0.0423508806423163,15,0.26474190616968,8,0.22,0.22,0.22,0.22,0.12,0.22,0.22,0.22,0.22,0.12,-0.238474142720636,3,0,0,"",NA
"320059",-0.560275223159492,3,0.708886209054306,2,-0.311349825222615,3,-0.880742052408601,10,1.24292766954233,3,0.22,0.22,0.22,0.22,0.12,0.22,0.22,0.22,0.22,0.12,-0.0804144758369289,4,1,1,"2) # of groups=4",3
"32005F",1.80412905781965,5,-2.07848533583838,4,-0.290771476206048,6,0.584324954495262,10,-1.32189021610613,4,0.22,0.22,0.22,0.22,0.12,0.22,0.22,0.22,0.22,0.12,-0.154403441873229,5,2,1,"3) # of groups=5",3
"320060",-0.0887330555420189,1,NA,0,-0.297044941435646,1,NA,0,1.50811913756876,1,0.22,0.22,0.22,0.22,0.12,0.392857142857143,NA,0.392857142857143,NA,0.214285714285714,0.17161274495208,0,0,0,"",NA
"320061",0.537059108502451,3,-0.88701264800266,3,0.581294136661526,3,-2.61610772367831,10,-0.894765217928756,3,0.22,0.22,0.22,0.22,0.12,0.22,0.22,0.22,0.22,0.12,-0.632020593985189,5,2,1,"3) # of groups=5",2
"320062",NA,0,NA,0,NA,0,NA,0,-1.66867438799208,2,0.22,0.22,0.22,0.22,0.12,NA,NA,NA,NA,1,-1.66867438799208,0,0,0,"",NA
"320063",-0.67975502104446,5,-0.0362299941661324,3,-0.4477306711526,6,-2.27879181398264,15,-1.09050217482137,8,0.22,0.22,0.22,0.22,0.12,0.22,0.22,0.22,0.22,0.12,-0.888211911054647,5,2,1,"3) # of groups=5",1
"320065",-0.771246715347282,3,-0.401354043883505,2,0.913807625213526,4,NA,0,-1.20404332628711,8,0.22,0.22,0.22,0.22,0.12,0.282051282051282,0.282051282051282,0.282051282051282,NA,0.153846153846154,-0.258230370049039,3,1,1,"1) # of groups=3",3
"320074",0.736916047978855,3,0.801437816469876,2,0.195059884559313,5,-0.263693623164787,15,0.455198966757087,8,0.22,0.22,0.22,0.22,0.12,0.22,0.22,0.22,0.22,0.12,0.377962303696367,4,1,1,"2) # of groups=4",4
"320084",-0.10036074348573,2,0.0733949809319144,1,0.553967846070788,3,1.44562039710433,5,-2.03484611978017,7,0.22,0.22,0.22,0.22,0.12,0.22,0.22,0.22,0.22,0.12,0.189795411363066,3,0,0,"",NA
"320085",-0.899489574151333,8,0.602125706401861,6,-0.729875653069183,10,-1.09890590658484,15,-1.16969205618846,9,0.22,0.22,0.22,0.22,0.12,0.22,0.22,0.22,0.22,0.12,-0.608115040771384,5,2,1,"3) # of groups=5",2
"320086",-1.14070036516766,3,0.135096052542295,1,0.146256392833755,5,-0.359546032995996,15,0.161072479785283,7,0.22,0.22,0.22,0.22,0.12,0.22,0.22,0.22,0.22,0.12,-0.248827972039039,4,1,1,"2) # of groups=4",2
"320090",1.12938141466011,3,0.423499875453835,3,1.0173860309444,5,-0.0773168221714943,15,-0.679719452253405,8,0.22,0.22,0.22,0.22,0.12,0.22,0.22,0.22,0.22,0.12,0.466882775484699,5,2,1,"3) # of groups=5",5
"320091",-0.766150465350937,4,0.217889338279257,4,-0.546075499404379,6,0.663626812853922,15,0.0642560578321132,7,0.22,0.22,0.22,0.22,0.12,0.22,0.22,0.22,0.22,0.12,-0.0870454320570165,5,2,1,"3) # of groups=5",3
"321300",-0.330993566903058,1,NA,0,-0.547858044891677,1,NA,0,-1.96803776248535,4,0.22,0.22,0.22,0.22,0.12,0.392857142857143,NA,0.392857142857143,NA,0.214285714285714,-0.766985510880507,1,0,0,"",NA
"321301",-0.906777585842477,2,NA,0,1.11352460340806,2,-0.360908868393518,5,-2.25699615140732,6,0.22,0.22,0.22,0.22,0.12,0.282051282051282,NA,0.282051282051282,0.282051282051282,0.153846153846154,-0.390711724809005,2,0,0,"",NA
"321302",NA,0,NA,0,0.706207472388479,1,NA,0,0.714872381855293,4,0.22,0.22,0.22,0.22,0.12,NA,NA,0.647058823529412,NA,0.352941176470588,0.709265675729708,1,0,0,"",NA
"321304",-0.573254078264098,1,NA,0,-0.798671148347709,1,NA,0,1.03610100747305,1,0.22,0.22,0.22,0.22,0.12,0.392857142857143,NA,0.392857142857143,NA,0.214285714285714,-0.316948980281842,0,0,0,"",NA
"321305",0.632470490480273,2,-3.10522279721851,1,1.04669274419953,4,1.12170180922449,5,-1.63933901795263,5,0.22,0.22,0.22,0.22,0.12,0.22,0.22,0.22,0.22,0.12,-0.263679387883443,3,0,0,"",NA
"321306",-0.40600599001565,4,-0.753745069338391,1,-0.521467120872295,4,0.526118665150783,15,-0.159443627160257,7,0.22,0.22,0.22,0.22,0.12,0.22,0.22,0.22,0.22,0.12,-0.273255128575853,4,1,1,"2) # of groups=4",2
"321307",-0.934330971914167,2,NA,0,-1.32837602848472,2,NA,0,0.893587527551109,5,0.22,0.22,0.22,0.22,0.12,0.392857142857143,NA,0.392857142857143,NA,0.214285714285714,-0.697437565681468,1,0,0,"",NA
"321308",-0.0887330555420189,1,1.15927422234555,1,0.506292646288903,3,NA,0,-0.317870738263534,6,0.22,0.22,0.22,0.22,0.12,0.282051282051282,0.282051282051282,0.282051282051282,NA,0.153846153846154,0.395844808062451,2,0,0,"",NA
"321309",-0.270548071426746,2,-4.63863596812417,2,-1.74723952111746,3,-2.48465017665033,5,0.280917870161602,8,0.22,0.22,0.22,0.22,0.12,0.22,0.22,0.22,0.22,0.12,-1.97732607779072,3,0,0,"",NA
"321310",-1.03068305574122,4,-4.80599469303679,1,1.20181609745019,5,-0.234405945820367,15,1.49488229474703,9,0.22,0.22,0.22,0.22,0.12,0.22,0.22,0.22,0.22,0.12,-0.891852996002958,4,1,1,"2) # of groups=4",1
"321311",-0.875017795060036,3,-1.90273656283564,3,-0.240452683424151,8,0.669615584308518,10,-0.1288878023264,9,0.22,0.22,0.22,0.22,0.12,0.22,0.22,0.22,0.22,0.12,-0.532156656821656,5,2,1,"3) # of groups=5",2
"321312",NA,0,NA,0,NA,0,-0.531829602540494,5,-0.898618566687037,3,0.22,0.22,0.22,0.22,0.12,NA,NA,NA,0.647058823529412,0.352941176470588,-0.661284531062803,2,0,0,"",NA
"321313",NA,0,NA,0,NA,0,NA,0,-0.185487027130939,2,0.22,0.22,0.22,0.22,0.12,NA,NA,NA,NA,1,-0.185487027130939,0,0,0,"",NA
"330005",0.41488003035432,8,-0.162997471633444,8,0.209847351080218,11,-1.3235532850305,15,-0.523933408849166,8,0.22,0.22,0.22,0.22,0.12,0.22,0.22,0.22,0.22,0.12,-0.252473151612369,5,2,1,"3) # of groups=5",3
"330006",-0.485788314122073,3,-0.0663952995142068,4,-1.69203777482079,5,-2.04285100043908,15,0.110530019332358,7,0.22,0.22,0.22,0.22,0.12,0.22,0.22,0.22,0.22,0.12,-0.92989232323727,5,2,1,"3) # of groups=5",1
"330009",1.17845225391248,5,0.0510272110600818,7,-3.43891218584423,5,-1.75205952013531,15,0.01527334497061,7,0.22,0.22,0.22,0.22,0.12,0.22,0.22,0.22,0.22,0.12,-0.869695491625062,5,2,1,"3) # of groups=5",1
"330011",-0.399187608671607,7,-0.553281490239887,7,0.425979008239752,9,-0.0501321086358977,5,-1.12000414754906,8,0.22,0.22,0.22,0.22,0.12,0.22,0.22,0.22,0.22,0.12,-0.261257381553568,5,2,1,"3) # of groups=5",3
"330013",-0.721003043021518,8,-0.460492191694486,8,0.456648568924443,11,-1.86703700911346,15,-1.29721588047497,8,0.22,0.22,0.22,0.22,0.12,0.22,0.22,0.22,0.22,0.12,-0.725880314136101,5,2,1,"3) # of groups=5",1
"330014",-0.00825412601592019,7,-0.445603227772606,6,-1.86588289217223,7,-1.52604641122281,15,0.242080701826423,7,0.22,0.22,0.22,0.22,0.12,0.22,0.22,0.22,0.22,0.12,-0.817023380361214,5,2,1,"3) # of groups=5",1
"330019",-0.118965743047836,7,-0.22427218052014,4,-2.37590974346905,8,-3.77532817208305,15,1.31133457559587,4,0.22,0.22,0.22,0.22,0.12,0.22,0.22,0.22,0.22,0.12,-1.27142453553491,5,2,1,"3) # of groups=5",1
"330023",1.6090421319661,8,0.279479001631265,7,-1.20784352751874,10,-0.314490775066936,15,-1.58390519957223,9,0.22,0.22,0.22,0.22,0.12,0.22,0.22,0.22,0.22,0.12,-0.109507521126096,5,2,1,"3) # of groups=5",3
"330024",1.4557862420627,8,-0.0239130427197299,8,0.767517668823373,11,-0.669702873598445,15,-0.747103144348546,9,0.22,0.22,0.22,0.22,0.12,0.22,0.22,0.22,0.22,0.12,0.246878981483112,5,2,1,"3) # of groups=5",4
"330027",-0.65893868857921,7,-0.00838707522351623,5,-2.65713244012799,6,-2.59824061253873,15,-1.34228311305001,8,0.22,0.22,0.22,0.22,0.12,0.22,0.22,0.22,0.22,0.12,-1.46406771318928,5,2,1,"3) # of groups=5",1
"330028",0.60593921701026,7,-0.354132068516158,7,-0.657002645845249,10,-2.19584226575536,15,-2.05286961058282,7,0.22,0.22,0.22,0.22,0.12,0.22,0.22,0.22,0.22,0.12,-0.81857266115337,5,2,1,"3) # of groups=5",1
"330030",1.18848675268315,5,-1.15702062666543,4,-2.06604571175476,6,-0.298332887450883,15,-0.655009148247851,8,0.22,0.22,0.22,0.22,0.12,0.22,0.22,0.22,0.22,0.12,-0.591841841891085,5,2,1,"3) # of groups=5",2
"330033",-0.59196286608872,3,-1.07827791320362,2,-1.01792237779524,5,-0.16051890909967,15,1.20496353026449,7,0.22,0.22,0.22,0.22,0.12,0.22,0.22,0.22,0.22,0.12,-0.482114430929456,4,1,1,"2) # of groups=4",2
"330043",0.729510009953593,8,0.409686325381335,8,-0.566666273214121,11,-0.354828231215329,15,-0.489127314177791,8,0.22,0.22,0.22,0.22,0.12,0.22,0.22,0.22,0.22,0.12,-0.0108008749021298,5,2,1,"3) # of groups=5",3
"330044",-1.52179322796768,7,-0.946994268490166,6,-0.511376961441234,9,-1.67006342189691,10,-0.610557712803914,8,0.22,0.22,0.22,0.22,0.12,0.22,0.22,0.22,0.22,0.12,-1.09631705909159,5,2,1,"3) # of groups=5",1
"330045",1.79724313785843,7,0.875556247589779,7,0.165012769704996,8,0.176234648975632,15,-0.169835229567571,9,0.22,0.22,0.22,0.22,0.12,0.22,0.22,0.22,0.22,0.12,0.642710069360236,5,2,1,"3) # of groups=5",5
"330046",1.87977402142232,8,0.490011272171141,8,-0.0939224401969952,11,-1.37849921609408,15,-0.875530676969152,8,0.22,0.22,0.22,0.22,0.12,0.22,0.22,0.22,0.22,0.12,0.0923563189702265,5,2,1,"3) # of groups=5",4
"330047",0.698917088469419,5,0.889290822919107,4,-0.869756241778348,8,-0.525059426830375,15,-0.32169270981028,7,0.22,0.22,0.22,0.22,0.12,0.22,0.22,0.22,0.22,0.12,0.00394316823432308,5,2,1,"3) # of groups=5",3
"330049",1.43845438697683,6,0.160921166698377,6,-0.142953410416559,9,0.609695021245566,15,-0.653659446968113,8,0.22,0.22,0.22,0.22,0.12,0.22,0.22,0.22,0.22,0.12,0.376106642554754,5,2,1,"3) # of groups=5",4
"330055",1.94765104268245,7,0.808406954520369,7,0.947302389969462,10,-0.53734431529859,15,0.342651647926035,8,0.22,0.22,0.22,0.22,0.12,0.22,0.22,0.22,0.22,0.12,0.737641733563336,5,2,1,"3) # of groups=5",5
"330056",0.835497680589158,6,0.346265358328982,7,-1.66069755466955,10,-1.45129561367745,15,-0.0072639140809205,8,0.22,0.22,0.22,0.22,0.12,0.22,0.22,0.22,0.22,0.12,-0.42552229816406,5,2,1,"3) # of groups=5",2
"330057",0.470839229048918,8,-0.271034886438491,8,-0.179153459736348,11,-0.735455390603395,15,-2.89325519037818,8,0.22,0.22,0.22,0.22,0.12,0.22,0.22,0.22,0.22,0.12,-0.504447614545831,5,2,1,"3) # of groups=5",2
"330058",-0.55838762427623,5,-0.43096814183053,6,-1.06093171461351,7,-0.967049198737174,15,0.234351414157325,9,0.22,0.22,0.22,0.22,0.12,0.22,0.22,0.22,0.22,0.12,-0.635691899781759,5,2,1,"3) # of groups=5",2
"330059",1.8947085802214,8,-0.24723992548117,8,-0.254570502388062,11,-0.820892815743742,15,-0.655693003737187,8,0.22,0.22,0.22,0.22,0.12,0.22,0.22,0.22,0.22,0.12,0.0471580136053913,5,2,1,"3) # of groups=5",3
"330065",-1.07153642515973,5,-0.16975580949453,5,0.136958230020596,8,-1.82724184737646,15,-0.997632658648037,9,0.22,0.22,0.22,0.22,0.12,0.22,0.22,0.22,0.22,0.12,-0.764662606479992,5,2,1,"3) # of groups=5",1
"330073",-0.261981778681815,4,0.0120175501560643,4,-0.849911578379738,8,-0.11371298797779,15,-0.491310676712502,7,0.22,0.22,0.22,0.22,0.12,0.22,0.22,0.22,0.22,0.12,-0.325946816079822,5,2,1,"3) # of groups=5",2
"330074",0.00689494969927927,6,-0.46843107844201,6,-1.80802381173085,6,0.150223821058717,15,-0.469860214528225,8,0.22,0.22,0.22,0.22,0.12,0.22,0.22,0.22,0.22,0.12,-0.522637172014657,5,2,1,"3) # of groups=5",2
"330078",0.346205681542542,5,-0.330192325076222,7,-0.337289680623496,6,-0.433994991618969,15,-0.744547653507413,7,0.22,0.22,0.22,0.22,0.12,0.22,0.22,0.22,0.22,0.12,-0.255505407891641,5,2,1,"3) # of groups=5",3
"330079",-1.06777252349864,5,0.00189071767440041,3,0.743946334516174,9,1.10871240290074,15,0.514911650547839,8,0.22,0.22,0.22,0.22,0.12,0.22,0.22,0.22,0.22,0.12,0.234880323016129,5,2,1,"3) # of groups=5",4
"330080",0.527034860699055,4,-0.00817606129794389,6,-0.658294881728477,4,-2.01600605890155,15,-1.5627171387942,7,0.22,0.22,0.22,0.22,0.12,0.22,0.22,0.22,0.22,0.12,-0.661723327725665,5,2,1,"3) # of groups=5",2
"330085",0.151995514445577,5,0.770587280664686,2,-0.293130454731827,8,-0.0207547069828266,15,-0.25091311519258,7,0.22,0.22,0.22,0.22,0.12,0.22,0.22,0.22,0.22,0.12,0.103803905523924,4,1,1,"2) # of groups=4",3
"330086",0.75933568247648,3,0.39317732616625,2,1.01229922112869,2,-2.31527738782864,10,-0.879761641909758,6,0.22,0.22,0.22,0.22,0.12,0.22,0.22,0.22,0.22,0.12,-0.138673731801759,3,1,1,"1) # of groups=3",3
"330090",-0.80695991903517,7,-1.03288337359992,7,-0.406792317052422,10,-0.325817146931021,15,-0.217049961866499,8,0.22,0.22,0.22,0.22,0.12,0.22,0.22,0.22,0.22,0.12,-0.591985601880057,5,2,1,"3) # of groups=5",2
"330094",-0.896978165854991,5,-1.58761200377153,6,0.577054658538442,9,-1.30824601080145,15,-0.545690301112974,9,0.22,0.22,0.22,0.22,0.12,0.22,0.22,0.22,0.22,0.12,-0.772954770949253,5,2,1,"3) # of groups=5",1
"330096",0.542519292325873,4,-0.566555935877605,2,0.88622834311925,8,0.093201582462261,15,0.657169514192496,7,0.22,0.22,0.22,0.22,0.12,0.22,0.22,0.22,0.22,0.12,0.289046863749651,4,1,1,"2) # of groups=4",4
"33009F",1.24831071711519,4,-0.22700051670129,4,-2.76284710829126,5,0.00457695696805487,10,-1.21002878016389,3,0.22,0.22,0.22,0.22,0.12,0.22,0.22,0.22,0.22,0.12,-0.527334642819714,5,2,1,"3) # of groups=5",2
"330100",NA,0,NA,0,0.673807309556382,1,-1.61065045880425,5,2.60418883449659,2,0.22,0.22,0.22,0.22,0.12,NA,NA,0.392857142857143,0.392857142857143,0.214285714285714,0.189994941616178,1,0,0,"",NA
"330101",2.59913364055657,8,0.66386221348926,8,1.77861028942048,11,-0.0467060428859706,15,-0.463205475590268,9,0.22,0.22,0.22,0.22,0.12,0.22,0.22,0.22,0.22,0.12,1.04329336505684,5,2,1,"3) # of groups=5",5
"330102",-1.19964126981081,6,0.068952687025832,6,-0.00682537250624149,6,0.438620847574453,15,-0.911362478110583,7,0.22,0.22,0.22,0.22,0.12,0.22,0.22,0.22,0.22,0.12,-0.263119981070959,5,2,1,"3) # of groups=5",3
"330103",-1.27336718114009,7,-0.275710546341088,7,-0.428787680315103,10,-1.70114386391242,15,0.653675553535712,8,0.22,0.22,0.22,0.22,0.12,0.22,0.22,0.22,0.22,0.12,-0.730940973351629,5,2,1,"3) # of groups=5",1
"330104",0.617342573444807,7,0.348726781608926,7,-1.27790538933672,10,-1.2889605839191,15,-0.503620028397866,9,0.22,0.22,0.22,0.22,0.12,0.22,0.22,0.22,0.22,0.12,-0.412609659412203,5,2,1,"3) # of groups=5",2
"330106",1.94352071978422,8,0.44603435701332,7,0.190710399379329,11,-0.0909023434248252,15,-0.840364250600135,10,0.22,0.22,0.22,0.22,0.12,0.22,0.22,0.22,0.22,0.12,0.446816179133433,5,2,1,"3) # of groups=5",5
"330107",0.352405691593503,7,0.787425899542172,7,-2.48809936760953,8,-0.0310690306395071,15,0.135664979475019,9,0.22,0.22,0.22,0.22,0.12,0.22,0.22,0.22,0.22,0.12,-0.287174300027937,5,2,1,"3) # of groups=5",2
"330111",-0.775060355366909,2,0.0733949809319144,1,-0.766268085406682,3,-0.0477089564742856,15,-0.153632236457598,7,0.22,0.22,0.22,0.22,0.12,0.22,0.22,0.22,0.22,0.12,-0.351877199964423,3,0,0,"",NA
"330115",-1.32497567755492,4,-0.248533307226503,5,-0.808721415448776,8,0.741602853070396,15,-0.64830426195584,8,0.22,0.22,0.22,0.22,0.12,0.22,0.22,0.22,0.22,0.12,-0.438734571809857,5,2,1,"3) # of groups=5",2
"330119",1.98185846136951,8,0.617581805867126,8,0.699463477909122,11,-0.459853185455896,15,-0.73274885030083,8,0.22,0.22,0.22,0.22,0.12,0.22,0.22,0.22,0.22,0.12,0.53666126109567,5,2,1,"3) # of groups=5",5
"33011F",1.35972373638545,1,NA,0,1.72797380871901,2,NA,0,0.906935743663683,1,0.22,0.22,0.22,0.22,0.12,0.392857142857143,NA,0.392857142857143,NA,0.214285714285714,1.40736740921897,0,0,0,"",NA
"330125",1.04827366048127,8,-1.13270573054092,8,-1.27920138068293,11,-1.18786434564948,15,-0.268996920528215,8,0.22,0.22,0.22,0.22,0.12,0.22,0.22,0.22,0.22,0.12,-0.593609145669639,5,2,1,"3) # of groups=5",2
"330126",0.95434559404588,8,0.401810138192237,8,0.129927678309601,11,-0.598894511081051,15,-0.630402384429566,9,0.22,0.22,0.22,0.22,0.12,0.22,0.22,0.22,0.22,0.12,0.119533271751119,5,2,1,"3) # of groups=5",4
"330127",0.608695977446013,6,-0.322146923170426,6,-0.789737198951325,6,-1.75755390314723,15,-1.12393881014646,7,0.22,0.22,0.22,0.22,0.12,0.22,0.22,0.22,0.22,0.12,-0.632235907738628,5,2,1,"3) # of groups=5",2
"330128",0.673626000721062,6,-0.234366960522909,6,0.114157807664245,5,-1.98661118383859,15,-1.99212954868387,7,0.22,0.22,0.22,0.22,0.12,0.22,0.22,0.22,0.22,0.12,-0.554358299756827,5,2,1,"3) # of groups=5",2
"33012F",1.39727112049891,5,0.457501125089562,4,0.303230828269112,6,0.360759342495994,10,-0.0907627994740122,4,0.22,0.22,0.22,0.22,0.12,0.22,0.22,0.22,0.22,0.12,0.543236195660906,5,2,1,"3) # of groups=5",5
"330135",0.0501964178879999,5,0.287575700163532,2,-0.999340103348748,5,-0.354846677559041,15,-0.208194786234146,7,0.22,0.22,0.22,0.22,0.12,0.22,0.22,0.22,0.22,0.12,-0.248594600176474,4,1,1,"2) # of groups=4",2
"330136",-0.386959710410874,8,-0.674112068313981,7,-0.329512701242185,11,-0.516640603412316,15,-0.434713185984073,8,0.22,0.22,0.22,0.22,0.12,0.22,0.22,0.22,0.22,0.12,-0.471755100661547,5,2,1,"3) # of groups=5",2
"330140",0.46539465732514,8,-0.0256649334960375,7,-1.1349442526098,9,-0.69690383251702,15,-1.49864169993336,9,0.22,0.22,0.22,0.22,0.12,0.22,0.22,0.22,0.22,0.12,-0.486103043477501,5,2,1,"3) # of groups=5",2
"330141",1.35614798845691,7,0.224565419492456,7,0.464038074922933,8,-1.25363893349491,15,0.80234425480546,8,0.22,0.22,0.22,0.22,0.12,0.22,0.22,0.22,0.22,0.12,0.270326071439681,5,2,1,"3) # of groups=5",4
"330144",-1.30003561234722,1,NA,0,-0.179116738721707,2,1.01830945955362,5,0.729645262011284,6,0.22,0.22,0.22,0.22,0.12,0.282051282051282,NA,0.282051282051282,0.282051282051282,0.153846153846154,-0.0177282111436071,2,0,0,"",NA
"330151",0.498534497312834,4,0.196797124152676,1,-1.33031051199087,6,-0.0883172301214613,15,0.121550631843139,7,0.22,0.22,0.22,0.22,0.12,0.22,0.22,0.22,0.22,0.12,-0.144539070721124,4,1,1,"2) # of groups=4",3
"330153",0.284086182729046,8,-0.186061428906888,6,-0.127727567899515,10,-0.957997125462518,15,0.407407629766404,9,0.22,0.22,0.22,0.22,0.12,0.22,0.22,0.22,0.22,0.12,-0.168405071126804,5,2,1,"3) # of groups=5",3
"330157",-0.932744735464451,6,0.411575654251837,6,-0.179631438697866,8,-0.619605371246721,15,-1.03296883016606,8,0.22,0.22,0.22,0.22,0.12,0.22,0.22,0.22,0.22,0.12,-0.414445555674511,5,2,1,"3) # of groups=5",2
"330158",0.00609415337687485,8,0.955376476835862,7,-0.2085451326485,11,-0.885207430508948,15,-0.284771792074742,8,0.22,0.22,0.22,0.22,0.12,0.22,0.22,0.22,0.22,0.12,-0.0632746402968055,5,2,1,"3) # of groups=5",3
"33015F",1.13651113416722,3,NA,0,1.81267883273536,4,1.44868338044041,10,0.390353735637178,2,0.22,0.22,0.22,0.22,0.12,0.282051282051282,NA,0.282051282051282,0.282051282051282,0.153846153846154,1.30048023678451,3,1,1,"1) # of groups=3",5
"330160",0.758733808512772,8,0.276672049955713,8,-0.817036833723813,11,-0.980055965329663,15,-0.174032620768652,8,0.22,0.22,0.22,0.22,0.12,0.22,0.22,0.22,0.22,0.12,-0.188455041420936,5,2,1,"3) # of groups=5",3
"330162",1.8981213496283,7,0.496563977224233,8,0.354509931405269,10,0.361246547819911,15,0.446872734631343,8,0.22,0.22,0.22,0.22,0.12,0.22,0.22,0.22,0.22,0.12,0.737921925492858,5,2,1,"3) # of groups=5",5
"330164",0.929034468707429,6,0.0606396739416135,8,-0.346891720199844,9,-0.469319628768783,15,-1.36964511777513,8,0.22,0.22,0.22,0.22,0.12,0.22,0.22,0.22,0.22,0.12,-0.126195599523324,5,2,1,"3) # of groups=5",3
"330166",0.672924724738501,1,NA,0,0.771615408365613,3,NA,0,1.22390941709632,6,0.22,0.22,0.22,0.22,0.12,0.392857142857143,NA,0.392857142857143,NA,0.214285714285714,0.829764213097256,2,0,0,"",NA
"330169",1.40529256368939,7,0.658627425987516,6,-0.9063700341462,9,-1.857618187473,15,-0.470284681784582,9,0.22,0.22,0.22,0.22,0.12,0.22,0.22,0.22,0.22,0.12,-0.210449172841455,5,2,1,"3) # of groups=5",3
"33016F",1.54076104754484,4,-1.50735912279862,3,1.26973176323366,4,-0.341416550974093,10,1.20118960284171,4,0.22,0.22,0.22,0.22,0.12,0.22,0.22,0.22,0.22,0.12,0.355720522482278,5,2,1,"3) # of groups=5",4
"330175",0.844354544539552,5,0.383015085136495,4,-0.542885418457855,8,-1.02260367471436,15,0.191372514530422,8,0.22,0.22,0.22,0.22,0.12,0.22,0.22,0.22,0.22,0.12,-0.0514215802255063,5,2,1,"3) # of groups=5",3
"33017F",1.31040104947192,5,-0.449965862330107,2,-1.25570503355984,6,-0.0951666379621439,10,-0.291792061239177,5,0.22,0.22,0.22,0.22,0.12,0.22,0.22,0.22,0.22,0.12,-0.142911073912339,4,1,1,"2) # of groups=4",3
"330180",0.299203564591174,7,0.0343055342321257,6,0.679856948187475,9,-0.550835259929231,15,-2.26881863044664,8,0.22,0.22,0.22,0.22,0.12,0.22,0.22,0.22,0.22,0.12,-0.170501462495657,5,2,1,"3) # of groups=5",3
"330181",1.49328989752607,6,0.609889912767048,4,0.848216402276634,6,0.602811428444171,15,0.251317025584757,7,0.22,0.22,0.22,0.22,0.12,0.22,0.22,0.22,0.22,0.12,0.812083724093234,5,2,1,"3) # of groups=5",5
"330182",1.72688937474626,8,0.150422448909364,7,0.0659529280694487,11,0.793765551315628,15,-0.467512933697458,7,0.22,0.22,0.22,0.22,0.12,0.22,0.22,0.22,0.22,0.12,0.546045114625259,5,2,1,"3) # of groups=5",5
"330184",-0.412388600558297,6,-0.324191159743061,6,-1.38577902794442,7,-1.52232408340986,15,-0.631401172081277,7,0.22,0.22,0.22,0.22,0.12,0.22,0.22,0.22,0.22,0.12,-0.877598372413994,5,2,1,"3) # of groups=5",1
"330185",1.68883735507874,7,0.701226078738263,7,1.22911289800705,8,0.655001345269379,15,-0.639090654861965,7,0.22,0.22,0.22,0.22,0.12,0.22,0.22,0.22,0.22,0.12,0.863628210377119,5,2,1,"3) # of groups=5",5
"330188",0.0868117665892384,5,0.430748648238807,2,-1.5125623252421,6,-0.0539393988491419,15,-1.04403229091793,9,0.22,0.22,0.22,0.22,0.12,0.22,0.22,0.22,0.22,0.12,-0.356050962948055,4,1,1,"2) # of groups=4",2
"330191",-0.592943771939445,7,-0.466624821183902,6,0.721076009268537,9,-0.150491615689271,15,0.160811509402807,9,0.22,0.22,0.22,0.22,0.12,0.22,0.22,0.22,0.22,0.12,-0.088279142771361,5,2,1,"3) # of groups=5",3
"330193",-0.440341897602752,6,0.131787843134438,5,-0.731720546414944,6,-0.89982416598178,15,0.632392663390425,7,0.22,0.22,0.22,0.22,0.12,0.22,0.22,0.22,0.22,0.12,-0.350934609103457,5,2,1,"3) # of groups=5",2
"330194",1.62114456288318,8,-0.47790023537203,7,-1.36479649076046,11,-1.83497081111086,15,0.0963040979490747,8,0.22,0.22,0.22,0.22,0.12,0.22,0.22,0.22,0.22,0.12,-0.440878562605348,5,2,1,"3) # of groups=5",2
"330195",1.62134476024653,7,0.450975772498824,8,-0.256396203815611,10,-0.528160908027254,15,-0.491762842019111,9,0.22,0.22,0.22,0.22,0.12,0.22,0.22,0.22,0.22,0.12,0.224296411556254,5,2,1,"3) # of groups=5",4
"330196",0.867311724461134,7,0.54066255014257,6,-2.03658461955212,7,-0.877142616311573,15,-0.737386819681925,7,0.22,0.22,0.22,0.22,0.12,0.22,0.22,0.22,0.22,0.12,-0.419752069839028,5,2,1,"3) # of groups=5",2
"330197",-0.274707932652639,6,-1.06552420646487,4,-0.70021536952081,8,0.23757846358968,15,-1.0612622141294,9,0.22,0.22,0.22,0.22,0.12,0.22,0.22,0.22,0.22,0.12,-0.523982655606229,5,2,1,"3) # of groups=5",2
"330198",1.40488744664983,7,0.339369878157378,8,-0.884980416365671,10,-1.33351018080171,15,-0.475682300947849,9,0.22,0.22,0.22,0.22,0.12,0.22,0.22,0.22,0.22,0.12,-0.16141319603298,5,2,1,"3) # of groups=5",3
"330199",0.998886107463273,2,0.738208808240915,5,0.772111975353774,3,-1.26940720908161,15,-1.70923173677066,6,0.22,0.22,0.22,0.22,0.12,0.22,0.22,0.22,0.22,0.12,0.0676481216223182,4,1,1,"2) # of groups=4",3
"33019F",1.30840069892799,3,0.760759990743178,3,0.383707660848943,5,0.140032657138486,10,-0.0107355861851733,4,0.22,0.22,0.22,0.22,0.12,0.22,0.22,0.22,0.22,0.12,0.569149951342671,5,2,1,"3) # of groups=5",5
"330202",-0.122603504449717,6,-1.27893093365127,6,-0.401362269020071,4,-1.64765242225407,15,-1.5539856341646,7,0.22,0.22,0.22,0.22,0.12,0.22,0.22,0.22,0.22,0.12,-0.94559908456228,5,2,1,"3) # of groups=5",1
"330203",-0.0445474264196405,7,0.0737330141365164,8,-0.497137565813925,8,-0.709750258672293,15,-0.191394118906453,9,0.22,0.22,0.22,0.22,0.12,0.22,0.22,0.22,0.22,0.12,-0.28206178635803,5,2,1,"3) # of groups=5",2
"330204",0.431692904412253,6,-0.505969187466258,6,-0.138030184681248,7,-2.14102023224132,15,-0.363029563531608,7,0.22,0.22,0.22,0.22,0.12,0.22,0.22,0.22,0.22,0.12,-0.561295421618639,5,2,1,"3) # of groups=5",2
"330205",0.132136681309482,5,0.396272290651228,3,0.554392693436848,7,0.664485561329056,15,0.0657900230659672,7,0.22,0.22,0.22,0.22,0.12,0.22,0.22,0.22,0.22,0.12,0.392297992647771,5,2,1,"3) # of groups=5",4
"330208",0.315193476319308,6,-0.266843053984817,7,-0.225935892223495,9,-0.315245704229622,15,-0.870438271541769,7,0.22,0.22,0.22,0.22,0.12,0.22,0.22,0.22,0.22,0.12,-0.21287545089111,5,2,1,"3) # of groups=5",3
"33020F",1.76816266993533,4,-0.221516257679409,4,-0.117737499307605,5,NA,0,NA,0,0.22,0.22,0.22,0.22,0.12,0.333333333333333,0.333333333333333,0.333333333333333,NA,NA,0.476302970982772,3,2,1,"1) # of groups=3",4
"330211",-0.698497691809983,4,0.166600458006375,4,0.423573350965616,8,-0.859326305652526,15,0.0718719272754199,8,0.22,0.22,0.22,0.22,0.12,0.22,0.22,0.22,0.22,0.12,-0.204258410194864,5,2,1,"3) # of groups=5",3
"330214",4.1908257101337,8,0.518649242104077,8,2.2316759289971,11,0.170759064398572,15,0.762255092044272,10,0.22,0.22,0.22,0.22,0.12,0.22,0.22,0.22,0.22,0.12,1.65609079908467,5,2,1,"3) # of groups=5",5
"330215",-0.794551909333725,5,-0.255983669801146,4,-0.505908764881918,6,-1.15098187118847,15,-0.132531100255985,8,0.22,0.22,0.22,0.22,0.12,0.22,0.22,0.22,0.22,0.12,-0.611537499375875,5,2,1,"3) # of groups=5",2
"330218",-0.578840522119246,4,-0.478668497722497,3,0.243316837286989,6,0.311269934149592,15,-0.839548224495961,8,0.22,0.22,0.22,0.22,0.12,0.22,0.22,0.22,0.22,0.12,-0.211388681588651,5,2,1,"3) # of groups=5",3
"330219",-0.37509553313506,5,-0.71498950958459,7,0.0831774674260417,9,-1.18003011357804,15,-0.331571152660825,8,0.22,0.22,0.22,0.22,0.12,0.22,0.22,0.22,0.22,0.12,-0.520914829871062,5,2,1,"3) # of groups=5",2
"330221",0.711272563572006,6,-0.249185181561638,6,-0.47359498798665,5,-1.6255738784752,15,-0.0793864307005395,8,0.22,0.22,0.22,0.22,0.12,0.22,0.22,0.22,0.22,0.12,-0.369684298263391,5,2,1,"3) # of groups=5",2
"330222",-0.473995405814615,7,-0.222143782345531,7,-0.534540111879897,10,0.424650709928601,15,-0.613925291534392,9,0.22,0.22,0.22,0.22,0.12,0.22,0.22,0.22,0.22,0.12,-0.250997324808644,5,2,1,"3) # of groups=5",3
"330224",-0.303616733137538,7,-0.198528145635908,7,-0.329899539575902,10,-2.76461882898989,15,-0.625361440408206,9,0.22,0.22,0.22,0.22,0.12,0.22,0.22,0.22,0.22,0.12,-0.866309287263617,5,2,1,"3) # of groups=5",1
"330226",0.711001105688366,7,-0.26852476789628,7,-1.386753581693,10,-1.08520797446258,15,-0.787259715474246,8,0.22,0.22,0.22,0.22,0.12,0.22,0.22,0.22,0.22,0.12,-0.540957913896878,5,2,1,"3) # of groups=5",2
"330229",-1.06802572548507,4,-2.1733405264725,2,-0.165094411959658,8,-0.0412972185076368,15,-0.245121875090226,7,0.22,0.22,0.22,0.22,0.12,0.22,0.22,0.22,0.22,0.12,-0.787921359144297,4,1,1,"2) # of groups=4",1
"330231",0.921958757262261,5,0.21220246145685,6,-1.63323769082366,4,-0.770984370289348,15,-0.311118516611852,8,0.22,0.22,0.22,0.22,0.12,0.22,0.22,0.22,0.22,0.12,-0.31674760732008,5,2,1,"3) # of groups=5",2
"330233",-1.18426185445482,7,-0.319531830493442,6,-1.80757650325875,6,-2.55608071705381,15,-1.95844462273668,7,0.22,0.22,0.22,0.22,0.12,0.22,0.22,0.22,0.22,0.12,-1.52585255388578,5,2,1,"3) # of groups=5",1
"330234",0.257710699073943,8,-0.200138298161272,8,-0.0942469678877688,11,-1.48892073149746,15,-0.304470025514422,8,0.22,0.22,0.22,0.22,0.12,0.22,0.22,0.22,0.22,0.12,-0.372167368725693,5,2,1,"3) # of groups=5",2
"330235",-0.47136171883407,5,0.0151883578180686,5,-0.269992702649541,9,-1.23846654859642,15,-1.16440656446944,8,0.22,0.22,0.22,0.22,0.12,0.22,0.22,0.22,0.22,0.12,-0.571947962433965,5,2,1,"3) # of groups=5",2
"330238",-0.878906819176981,4,0.684492429425066,5,-0.290091557554799,6,-0.13291531072201,15,-0.613492558862907,8,0.22,0.22,0.22,0.22,0.12,0.22,0.22,0.22,0.22,0.12,-0.209451783829868,5,2,1,"3) # of groups=5",3
"330239",-0.509427836693965,6,-0.746827304147366,6,-0.244289489568042,9,-0.0632889602607881,15,-0.564150060242105,9,0.22,0.22,0.22,0.22,0.12,0.22,0.22,0.22,0.22,0.12,-0.411741397176488,5,2,1,"3) # of groups=5",2
"330240",1.31044141317071,5,0.171044769626639,6,-1.91362085979345,5,-2.21794464119268,15,-0.572472743801779,7,0.22,0.22,0.22,0.22,0.12,0.22,0.22,0.22,0.22,0.12,-0.651714179257745,5,2,1,"3) # of groups=5",2
"330241",0.385406447373479,8,-0.522900945983789,7,0.0467970311520459,11,-0.192465118620114,15,-0.913333709616717,8,0.22,0.22,0.22,0.22,0.12,0.22,0.22,0.22,0.22,0.12,-0.171895814091249,5,2,1,"3) # of groups=5",3
"330246",0.348969641116568,6,0.986759318299114,6,0.600170067585697,7,0.224224425902459,15,0.203479029969421,7,0.22,0.22,0.22,0.22,0.12,0.22,0.22,0.22,0.22,0.12,0.499644643235175,5,2,1,"3) # of groups=5",5
"33024F",-0.067510136777554,4,0.0329429862068874,4,-1.07002734470361,6,0.62796437733606,10,0.337676398852783,3,0.22,0.22,0.22,0.22,0.12,0.22,0.22,0.22,0.22,0.12,-0.0643374580840737,5,2,1,"3) # of groups=5",3
"330250",0.246105748368816,7,-1.85375543450967,7,-0.184282662924379,10,-0.210256958428604,15,-0.823277198668856,10,0.22,0.22,0.22,0.22,0.12,0.22,0.22,0.22,0.22,0.12,-0.539274911488907,5,2,1,"3) # of groups=5",2
"330259",0.760109926239653,7,0.956506186173414,7,0.490633262375772,9,0.110698331558503,15,0.253985737944168,7,0.22,0.22,0.22,0.22,0.12,0.22,0.22,0.22,0.22,0.12,0.540426783949715,5,2,1,"3) # of groups=5",5
"330261",0.678967725043787,6,0.754621422138924,7,0.43292908331329,9,-0.34499979024163,15,-0.0148955805244084,9,0.22,0.22,0.22,0.22,0.12,0.22,0.22,0.22,0.22,0.12,0.332946587193033,5,2,1,"3) # of groups=5",4
"330264",0.222271270925172,7,-0.946247285311653,7,-0.276841071511545,10,-0.801795062518126,15,0.565599621886551,8,0.22,0.22,0.22,0.22,0.12,0.22,0.22,0.22,0.22,0.12,-0.328702718025167,5,2,1,"3) # of groups=5",2
"330265",0.586421010541864,3,-0.42874674298454,2,-2.13052251240327,7,0.439124386802511,15,-0.611456007475119,7,0.22,0.22,0.22,0.22,0.12,0.22,0.22,0.22,0.22,0.12,-0.41079396966657,4,1,1,"2) # of groups=4",2
"330267",1.2339980213352,7,0.816750802769248,7,0.741931699651954,10,0.273462589352583,15,0.0184424237087604,8,0.22,0.22,0.22,0.22,0.12,0.22,0.22,0.22,0.22,0.12,0.676764575729028,5,2,1,"3) # of groups=5",5
"330270",1.59900379385635,2,1.20779860356848,3,4.94070019264645,3,1.02249617042117,15,0.725380682651082,3,0.22,0.22,0.22,0.22,0.12,0.22,0.22,0.22,0.22,0.12,2.01644540922647,4,1,1,"2) # of groups=4",5
"330273",0.927250859348491,5,0.0689990719780868,2,0.71428359463591,7,-0.381582811419712,15,-0.468640804768278,7,0.22,0.22,0.22,0.22,0.12,0.22,0.22,0.22,0.22,0.12,0.236132260627217,4,1,1,"2) # of groups=4",3
"330276",-1.58286765209236,4,-0.247480400906594,2,0.598867625230575,6,-0.160215629031747,15,-0.00703962265504161,7,0.22,0.22,0.22,0.22,0.12,0.22,0.22,0.22,0.22,0.12,-0.307017887214633,4,1,1,"2) # of groups=4",2
"330277",0.0740100756993875,5,-0.621208311915052,5,-0.0618476025578008,8,-0.247594286436412,15,0.135113564800125,9,0.22,0.22,0.22,0.22,0.12,0.22,0.22,0.22,0.22,0.12,-0.172247199770158,5,2,1,"3) # of groups=5",3
"330279",-1.09894362143372,8,0.361755798617961,6,-0.483659349749076,8,-0.803350531030794,15,-1.24453782409114,7,0.22,0.22,0.22,0.22,0.12,0.22,0.22,0.22,0.22,0.12,-0.594668033681975,5,2,1,"3) # of groups=5",2
"330285",0.33938448610012,8,-0.403113835694466,7,0.675858432759904,10,-0.00249933073608523,15,-1.55508494108635,9,0.22,0.22,0.22,0.22,0.12,0.22,0.22,0.22,0.22,0.12,-0.052491647395878,5,2,1,"3) # of groups=5",3
"330286",-0.859370149624128,8,0.0646239777561094,8,0.701458404411657,11,-0.768190251259547,15,0.332664091420807,8,0.22,0.22,0.22,0.22,0.12,0.22,0.22,0.22,0.22,0.12,-0.149605473147003,5,2,1,"3) # of groups=5",3
"330304",1.71448694141807,8,0.805598868659852,8,0.0854424346434377,11,0.296953823734644,15,1.03558564716763,9,0.22,0.22,0.22,0.22,0.12,0.22,0.22,0.22,0.22,0.12,0.762816332720436,5,2,1,"3) # of groups=5",5
"330307",-0.763951800917528,7,-0.716270945246204,7,0.977077303730069,10,-0.131652321525108,15,-0.44817705705269,9,0.22,0.22,0.22,0.22,0.12,0.22,0.22,0.22,0.22,0.12,-0.193436754917252,5,2,1,"3) # of groups=5",3
"330331",1.50013544694524,6,0.907369648773322,7,-0.174045928828356,8,-0.00663134630302134,15,-0.680772586986216,8,0.22,0.22,0.22,0.22,0.12,0.22,0.22,0.22,0.22,0.12,0.408209410090835,5,2,1,"3) # of groups=5",4
"330332",-0.195276186939292,7,-0.123958534615275,7,0.0920325128394545,8,-0.425097167456876,15,0.779634855855157,8,0.22,0.22,0.22,0.22,0.12,0.22,0.22,0.22,0.22,0.12,-0.0499496800552186,5,2,1,"3) # of groups=5",3
"330350",0.471136966174741,5,-0.420378238770265,7,-1.80955295718834,6,-1.40859115409255,15,-0.303681185687483,7,0.22,0.22,0.22,0.22,0.12,0.22,0.22,0.22,0.22,0.12,-0.733266526735309,5,2,1,"3) # of groups=5",1
"330386",0.902172916931005,5,-0.226155898160284,2,-1.06719107413572,6,-0.747116413456969,15,-0.772951037727085,8,0.22,0.22,0.22,0.22,0.12,0.22,0.22,0.22,0.22,0.12,-0.343178027668083,4,1,1,"2) # of groups=4",2
"330393",1.31793701984902,8,-0.050872916543683,8,1.20327596574971,11,-0.229127615119522,15,0.0760325606296088,9,0.22,0.22,0.22,0.22,0.12,0.22,0.22,0.22,0.22,0.12,0.502190647141369,5,2,1,"3) # of groups=5",5
"330394",-1.07346242362371,8,-0.671862395601709,7,0.14842661951717,11,-0.855179885664925,15,-0.434538002164792,8,0.22,0.22,0.22,0.22,0.12,0.22,0.22,0.22,0.22,0.12,-0.591601739041873,5,2,1,"3) # of groups=5",2
"330395",-1.79496296654984,7,-2.2685594613392,5,-4.90421386026516,5,-2.73803754905598,15,-0.606160679254465,7,0.22,0.22,0.22,0.22,0.12,0.22,0.22,0.22,0.22,0.12,-2.64800952569678,5,2,1,"3) # of groups=5",1
"330396",0.606818219347004,3,-0.624467681382076,6,-1.36903798361523,3,-0.949291122771483,15,-1.04894779766593,8,0.22,0.22,0.22,0.22,0.12,0.22,0.22,0.22,0.22,0.12,-0.639789020772704,5,2,1,"3) # of groups=5",2
"330399",0.0185984313725557,4,-0.105852562947613,6,-2.11014362021546,4,-2.35134159337561,15,-1.23390531493833,7,0.22,0.22,0.22,0.22,0.12,0.22,0.22,0.22,0.22,0.12,-1.14879129372915,5,2,1,"3) # of groups=5",1
"330401",1.07783538580953,7,0.298473212369561,7,0.860407819070672,7,-0.191474504135588,15,0.284481649765705,7,0.22,0.22,0.22,0.22,0.12,0.22,0.22,0.22,0.22,0.12,0.484091018857003,5,2,1,"3) # of groups=5",5
"330405",NA,0,NA,0,NA,0,NA,0,-0.295431044146463,1,0.22,0.22,0.22,0.22,0.12,NA,NA,NA,NA,1,-0.295431044146463,0,0,0,"",NA
"330406",2.09161154670733,1,NA,0,4.71921712768497,1,NA,0,-1.87797329441819,2,0.22,0.22,0.22,0.22,0.12,0.392857142857143,NA,0.392857142857143,NA,0.214285714285714,2.27325984470736,0,0,0,"",NA
"331301",NA,0,NA,0,NA,0,NA,0,1.19368578686087,3,0.22,0.22,0.22,0.22,0.12,NA,NA,NA,NA,1,1.19368578686087,1,0,0,"",NA
"331302",-0.436809019065234,4,1.15927422234555,1,-0.761663065446612,4,1.79860899018102,10,-0.53445445682869,6,0.22,0.22,0.22,0.22,0.12,0.22,0.22,0.22,0.22,0.12,0.322935913343797,4,1,1,"2) # of groups=4",4
"331303",NA,0,NA,0,NA,0,NA,0,1.23821768864406,5,0.22,0.22,0.22,0.22,0.12,NA,NA,NA,NA,1,1.23821768864406,1,0,0,"",NA
"331304",-0.330993566903058,1,NA,0,0.0716963647343243,2,NA,0,0.312827949834346,2,0.22,0.22,0.22,0.22,0.12,0.392857142857143,NA,0.392857142857143,NA,0.214285714285714,-0.0348321973160712,0,0,0,"",NA
"331305",-1.05777510098618,1,NA,0,0.225268379341295,2,NA,0,1.41806552931627,5,0.22,0.22,0.22,0.22,0.12,0.392857142857143,NA,0.392857142857143,NA,0.214285714285714,-0.0231850272212898,1,0,0,"",NA
"331309",NA,0,NA,0,0.197102916462337,2,NA,0,0.664660247536504,3,0.22,0.22,0.22,0.22,0.12,NA,NA,0.647058823529412,NA,0.352941176470588,0.362123150959102,1,0,0,"",NA
"331310",0.801145393450567,2,NA,0,-0.920342849611385,3,NA,0,-0.111818455047504,5,0.22,0.22,0.22,0.22,0.12,0.392857142857143,NA,0.392857142857143,NA,0.214285714285714,-0.0707886695733579,2,0,0,"",NA
"331311",-1.27401943188066,3,NA,0,-1.21876638273157,4,1.23401780979596,15,-0.287832843206674,7,0.22,0.22,0.22,0.22,0.12,0.282051282051282,NA,0.282051282051282,0.282051282051282,0.153846153846154,-0.399319105441513,4,1,1,"2) # of groups=4",2
"331312",0.368186358420382,3,-6.58775572675118,1,-1.83181912260674,3,1.68528241358857,10,0.855585756771829,5,0.22,0.22,0.22,0.22,0.12,0.22,0.22,0.22,0.22,0.12,-1.29787304620415,4,1,1,"2) # of groups=4",1
"331313",-1.24715224172451,2,NA,0,-2.39543743037776,3,NA,0,1.05608084326704,3,0.22,0.22,0.22,0.22,0.12,0.392857142857143,NA,0.392857142857143,NA,0.214285714285714,-1.2047143333401,2,0,0,"",NA
"331314",-0.587906616149251,2,NA,0,1.40605005466087,2,NA,0,-0.163219059325428,6,0.22,0.22,0.22,0.22,0.12,0.392857142857143,NA,0.392857142857143,NA,0.214285714285714,0.286437980988401,1,0,0,"",NA
"331315",0.827186354551537,2,1.15927422234555,1,0.204982334931619,2,NA,0,0.614928472592741,6,0.22,0.22,0.22,0.22,0.12,0.282051282051282,0.282051282051282,0.282051282051282,NA,0.153846153846154,0.712703663222364,1,0,0,"",NA
"331316",-0.425862222097251,4,1.70150031839778,1,0.663256726773137,7,1.09793639946752,10,-0.0367470098279529,6,0.22,0.22,0.22,0.22,0.12,0.22,0.22,0.22,0.22,0.12,0.663693227779707,4,1,1,"2) # of groups=4",4
"331317",NA,0,NA,0,-0.0422215625254772,2,0.573571497751949,5,0.983775671336602,2,0.22,0.22,0.22,0.22,0.12,NA,NA,0.392857142857143,0.392857142857143,0.214285714285714,0.419553689839671,1,0,0,"",NA
"331318",NA,0,NA,0,NA,0,NA,0,2.06184493450396,1,0.22,0.22,0.22,0.22,0.12,NA,NA,NA,NA,1,2.06184493450396,0,0,0,"",NA
"331319",NA,0,NA,0,-0.25567071370589,1,NA,0,-1.75858155319308,5,0.22,0.22,0.22,0.22,0.12,NA,NA,0.647058823529412,NA,0.352941176470588,-0.786109833524898,1,0,0,"",NA
"331320",-0.138093149079114,4,1.15927422234555,1,0.461057235573819,5,1.21740041315163,15,0.00751416234479743,7,0.22,0.22,0.22,0.22,0.12,0.22,0.22,0.22,0.22,0.12,0.59482221831959,4,1,1,"2) # of groups=4",4
"331321",0.642625433273233,4,-5.22211129808921,1,0.0369843979322211,8,0.0408975452125751,15,-0.0771954466081432,8,0.22,0.22,0.22,0.22,0.12,0.22,0.22,0.22,0.22,0.12,-0.999616316360637,4,1,1,"2) # of groups=4",1
"331322",NA,0,NA,0,NA,0,NA,0,-0.831426703433753,3,0.22,0.22,0.22,0.22,0.12,NA,NA,NA,NA,1,-0.831426703433753,1,0,0,"",NA
"331323",NA,0,NA,0,NA,0,NA,0,-1.75636124317023,2,0.22,0.22,0.22,0.22,0.12,NA,NA,NA,NA,1,-1.75636124317023,0,0,0,"",NA
"340001",0.779067064575013,8,0.111487087661802,7,0.472848809639874,11,0.00992680301958617,15,-0.487601305515001,10,0.22,0.22,0.22,0.22,0.12,0.22,0.22,0.22,0.22,0.12,0.24362039161538,5,2,1,"3) # of groups=5",4
"340002",0.604800077516368,8,0.360401991595833,8,1.0988850808279,11,-1.84645941937991,15,-0.447220592797805,8,0.22,0.22,0.22,0.22,0.12,0.22,0.22,0.22,0.22,0.12,-0.00578837041249455,5,2,1,"3) # of groups=5",3
"340003",-0.229898283362151,5,-0.13243305325269,5,0.941491230853775,8,0.748657103627528,15,0.356332520234422,9,0.22,0.22,0.22,0.22,0.12,0.22,0.22,0.22,0.22,0.12,0.334879641958752,5,2,1,"3) # of groups=5",4
"340004",0.00169014257237916,7,-0.0763630328519989,7,-0.345608395351012,9,-0.7652522209719,15,-0.497448949912786,8,0.22,0.22,0.22,0.22,0.12,0.22,0.22,0.22,0.22,0.12,-0.320511245442091,5,2,1,"3) # of groups=5",2
"340008",-0.507031372335645,6,0.286045962673476,6,0.327863938560015,9,-0.393195557457726,15,0.0364244937325304,7,0.22,0.22,0.22,0.22,0.12,0.22,0.22,0.22,0.22,0.12,-0.0586188070352699,5,2,1,"3) # of groups=5",3
"340010",0.152163854227705,7,-0.90148037862659,6,0.246807590814692,7,-0.177058953420786,15,0.588591289702156,9,0.22,0.22,0.22,0.22,0.12,0.22,0.22,0.22,0.22,0.12,-0.0788739803768367,5,2,1,"3) # of groups=5",3
"340013",-0.808661499943101,6,0.00516686329866967,5,-0.410342143900756,7,-1.14601889957621,15,0.18355221193453,8,0.22,0.22,0.22,0.22,0.12,0.22,0.22,0.22,0.22,0.12,-0.497141984194564,5,2,1,"3) # of groups=5",2
"340014",-0.0899669488032912,8,0.653556662624385,8,1.01069745718203,11,-0.281599091657439,15,0.0269400816043931,10,0.22,0.22,0.22,0.22,0.12,0.22,0.22,0.22,0.22,0.12,0.287624187248578,5,2,1,"3) # of groups=5",4
"340015",-1.1369939236625,7,0.669014650304746,7,1.08870348836658,10,-0.0248443350358897,15,-0.299107821801835,10,0.22,0.22,0.22,0.22,0.12,0.22,0.22,0.22,0.22,0.12,0.0952006349778258,5,2,1,"3) # of groups=5",4
"340016",0.428695943843079,5,0.280135484596959,6,0.616079368276888,9,-0.448908793672823,15,-1.35268324536966,9,0.22,0.22,0.22,0.22,0.12,0.22,0.22,0.22,0.22,0.12,0.0303984512253435,5,2,1,"3) # of groups=5",3
"340017",0.373156188231078,7,-0.0671739820229444,7,0.892997378738214,10,0.758114883304833,15,-0.000292111219707346,9,0.22,0.22,0.22,0.22,0.12,0.22,0.22,0.22,0.22,0.12,0.430525729668895,5,2,1,"3) # of groups=5",5
"340020",-0.456212214185717,5,0.329597151540599,2,-0.128411299293646,6,-0.462241536595671,15,-0.940693802506341,7,0.22,0.22,0.22,0.22,0.12,0.22,0.22,0.22,0.22,0.12,-0.270682193978337,4,1,1,"2) # of groups=4",2
"340021",-0.834984875004931,6,0.269837698409414,7,0.216489961664835,9,0.0140580703739695,15,-0.523090950100508,10,0.22,0.22,0.22,0.22,0.12,0.22,0.22,0.22,0.22,0.12,-0.136382725814538,5,2,1,"3) # of groups=5",3
"340023",1.25586999699781,5,0.23264682824716,4,0.684388095903386,8,1.06951182168702,15,-0.110215429820584,7,0.22,0.22,0.22,0.22,0.12,0.22,0.22,0.22,0.22,0.12,0.700105831845313,5,2,1,"3) # of groups=5",5
"340024",-0.238465657496546,5,-0.16462677435461,3,-0.857998353265413,6,-0.28258068072291,15,0.17333832860193,7,0.22,0.22,0.22,0.22,0.12,0.22,0.22,0.22,0.22,0.12,-0.318807123052454,5,2,1,"3) # of groups=5",2
"340027",0.26111196915119,6,0.240766403876707,5,0.0587498332843171,5,0.0144820547754512,15,0.438379906940369,8,0.22,0.22,0.22,0.22,0.12,0.22,0.22,0.22,0.22,0.12,0.179129846272131,5,2,1,"3) # of groups=5",4
"340028",-0.297183248391381,8,-0.665962382256133,8,-0.341323253285497,11,-0.429535868394442,15,0.131524829318419,9,0.22,0.22,0.22,0.22,0.12,0.22,0.22,0.22,0.22,0.12,-0.365698065993829,5,2,1,"3) # of groups=5",2
"340030",1.21648649553377,8,-0.253076481064277,8,0.707702448423342,11,0.791349176329718,15,-0.0862851421989319,10,0.22,0.22,0.22,0.22,0.12,0.22,0.22,0.22,0.22,0.12,0.53138734356509,5,2,1,"3) # of groups=5",5
"340032",0.657324550861326,8,0.548854239527241,7,-0.149071738657808,11,-0.370136606977932,15,0.339619396367987,9,0.22,0.22,0.22,0.22,0.12,0.22,0.22,0.22,0.22,0.12,0.19188782540978,5,2,1,"3) # of groups=5",4
"340039",-0.27305687753338,7,-0.379330120524049,7,0.165909165963408,7,0.0604410041629824,15,0.184165140363576,8,0.22,0.22,0.22,0.22,0.12,0.22,0.22,0.22,0.22,0.12,-0.0716282853011994,5,2,1,"3) # of groups=5",3
"340040",-0.487801134097846,8,-0.405003854587843,8,-1.53654517609392,11,-0.16411613422554,15,-0.582469345462722,10,0.22,0.22,0.22,0.22,0.12,0.22,0.22,0.22,0.22,0.12,-0.640458907236659,5,2,1,"3) # of groups=5",2
"340041",-0.74427754120772,6,-0.222094170414507,6,0.0863455460940813,7,-0.263133745350368,15,0.420806033010157,8,0.22,0.22,0.22,0.22,0.12,0.22,0.22,0.22,0.22,0.12,-0.200998456432054,5,2,1,"3) # of groups=5",3
"340042",-1.62424421496006,6,-0.197384592068242,6,-1.1703462990195,6,-0.537985906969648,15,-0.236025168753751,8,0.22,0.22,0.22,0.22,0.12,0.22,0.22,0.22,0.22,0.12,-0.804914443114289,5,2,1,"3) # of groups=5",1
"340047",0.241211238936355,8,-0.21967870605513,8,0.62044024058929,11,0.250694179551164,15,-0.921067904331023,9,0.22,0.22,0.22,0.22,0.12,0.22,0.22,0.22,0.22,0.12,0.0858585811450466,5,2,1,"3) # of groups=5",4
"340049",0.638048478541098,1,-0.57382370045363,2,-1.33660897686501,3,0.884412825350686,15,0.791914154652322,2,0.22,0.22,0.22,0.22,0.12,0.22,0.22,0.22,0.22,0.12,0.00967599640437029,2,0,0,"",NA
"340050",-1.05391343334282,6,0.665356476459941,5,-0.528121494296438,9,-0.360013848408966,15,-0.656464628918199,9,0.22,0.22,0.22,0.22,0.12,0.22,0.22,0.22,0.22,0.12,-0.359648061379606,5,2,1,"3) # of groups=5",2
"340051",0.0438348579709796,7,-0.376126590646707,6,-0.124107013557304,10,0.773215803726795,15,-0.129718485828853,9,0.22,0.22,0.22,0.22,0.12,0.22,0.22,0.22,0.22,0.12,0.0541335343491656,5,2,1,"3) # of groups=5",3
"340053",0.318908126351833,8,0.616262491534185,8,1.59665819506587,11,-0.316258072869879,15,0.746705566254669,8,0.22,0.22,0.22,0.22,0.12,0.22,0.22,0.22,0.22,0.12,0.577030230768602,5,2,1,"3) # of groups=5",5
"340060",0.614612436468133,5,0.32501650425356,2,-0.0238682044892381,5,0.572894192576278,15,-0.219307404595172,7,0.22,0.22,0.22,0.22,0.12,0.22,0.22,0.22,0.22,0.12,0.301187195786501,4,1,1,"2) # of groups=4",4
"340061",1.13945049265774,8,-0.168482772711487,8,0.991898644600962,11,0.620516492724516,15,-0.564860019204078,9,0.22,0.22,0.22,0.22,0.12,0.22,0.22,0.22,0.22,0.12,0.500561026295292,5,2,1,"3) # of groups=5",5
"340064",0.644330222277261,5,0.0518595841549798,5,-0.282345912404721,8,-0.278327703593758,15,-0.554822096733524,8,0.22,0.22,0.22,0.22,0.12,0.22,0.22,0.22,0.22,0.12,-0.0367650897125953,5,2,1,"3) # of groups=5",3
"340068",-0.909351260124346,5,-0.827004014409102,7,-0.662029030769881,9,-0.647040545887023,15,-0.634128358257197,8,0.22,0.22,0.22,0.22,0.12,0.22,0.22,0.22,0.22,0.12,-0.746088870252741,5,2,1,"3) # of groups=5",1
"340069",-0.291213421046453,8,0.104863244954117,8,0.466328064893008,11,0.149078922692347,15,0.565740333147718,9,0.22,0.22,0.22,0.22,0.12,0.22,0.22,0.22,0.22,0.12,0.16228133850619,5,2,1,"3) # of groups=5",4
"340070",-0.819024126092171,7,0.0222904974245244,7,0.462930387590938,8,-0.176987600278232,15,-0.199479567034278,9,0.22,0.22,0.22,0.22,0.12,0.22,0.22,0.22,0.22,0.12,-0.1363115331422,5,2,1,"3) # of groups=5",3
"340071",0.349896002951482,6,-0.666361105722795,4,0.211098030677327,6,-0.298151811178395,15,-1.13121912337956,7,0.22,0.22,0.22,0.22,0.12,0.22,0.22,0.22,0.22,0.12,-0.224520449125471,5,2,1,"3) # of groups=5",3
"340075",-0.382766470455222,7,0.690537265780864,6,0.299309544904449,8,-0.273457039548696,15,0.245747445690049,8,0.22,0.22,0.22,0.22,0.12,0.22,0.22,0.22,0.22,0.12,0.102886819632713,5,2,1,"3) # of groups=5",4
"340084",-0.83016712751029,2,NA,0,0.639080035601156,2,NA,0,-0.0626278818795223,7,0.22,0.22,0.22,0.22,0.12,0.392857142857143,NA,0.392857142857143,NA,0.214285714285714,-0.0884901893670574,1,0,0,"",NA
"340085",-0.740178623412126,5,-0.783455056666892,4,0.362155978508726,8,0.214697351665154,15,0.132093963804261,8,0.22,0.22,0.22,0.22,0.12,0.22,0.22,0.22,0.22,0.12,-0.192440401322619,5,2,1,"3) # of groups=5",3
"340087",-0.116721442063483,5,0.14780873753254,2,-0.270180628461296,6,-0.320388672255259,15,-0.266363397738051,8,0.22,0.22,0.22,0.22,0.12,0.22,0.22,0.22,0.22,0.12,-0.155049648883016,4,1,1,"2) # of groups=4",3
"340090",-0.202465736512037,7,0.106969735696497,7,-0.0354301393201825,10,0.600771305317223,15,0.0321955881192394,8,0.22,0.22,0.22,0.22,0.12,0.22,0.22,0.22,0.22,0.12,0.107229406914239,5,2,1,"3) # of groups=5",4
"340091",0.219185739824441,8,0.136957013215056,7,-0.266843547835363,11,0.140187659608339,15,-0.0535250248840184,9,0.22,0.22,0.22,0.22,0.12,0.22,0.22,0.22,0.22,0.12,0.0440641072726618,5,2,1,"3) # of groups=5",3
"340096",-0.609121226990565,5,-0.573736716269767,6,-0.187683438057255,7,0.0816801522277534,15,-0.383489163677393,8,0.22,0.22,0.22,0.22,0.12,0.22,0.22,0.22,0.22,0.12,-0.329568170041051,5,2,1,"3) # of groups=5",2
"340097",-1.30213336505744,5,-0.400762340297003,4,-0.706913994879414,7,0.62352577630892,15,1.11899609066204,7,0.22,0.22,0.22,0.22,0.12,0.22,0.22,0.22,0.22,0.12,-0.258702932384041,5,2,1,"3) # of groups=5",3
"340098",0.695433660526831,8,-0.130609416139685,7,-0.186407423627042,9,-0.237405415557105,15,0.0468017761356463,9,0.22,0.22,0.22,0.22,0.12,0.22,0.22,0.22,0.22,0.12,0.0366387222809373,5,2,1,"3) # of groups=5",3
"340099",-0.240542112570123,5,-0.95972617840052,5,-0.720454683173955,8,-0.380871322107964,15,0.285582952836686,8,0.22,0.22,0.22,0.22,0.12,0.22,0.22,0.22,0.22,0.12,-0.472080790835161,5,2,1,"3) # of groups=5",2
"340107",-0.932752372524465,5,-0.307815788475983,4,-0.554675187355499,8,0.71533653828541,15,-0.239966249483898,8,0.22,0.22,0.22,0.22,0.12,0.22,0.22,0.22,0.22,0.12,-0.266375448153586,5,2,1,"3) # of groups=5",3
"340109",-0.34025566536951,7,-0.565606491581586,6,-0.658173834773786,6,0.491913425618544,15,0.681527570588787,10,0.22,0.22,0.22,0.22,0.12,0.22,0.22,0.22,0.22,0.12,-0.15408365607274,5,2,1,"3) # of groups=5",3
"340113",1.27126789397317,8,0.316727182127979,8,0.135210267522372,11,-0.117137877472267,15,-0.258134344614093,8,0.22,0.22,0.22,0.22,0.12,0.22,0.22,0.22,0.22,0.12,0.322358721199585,5,2,1,"3) # of groups=5",4
"340114",1.53884135442917,8,0.0479913752574978,8,0.375862489384859,11,0.591936668002891,15,0.250253997918514,9,0.22,0.22,0.22,0.22,0.12,0.22,0.22,0.22,0.22,0.12,0.592049494906594,5,2,1,"3) # of groups=5",5
"340115",-0.00691516201376327,8,0.400065397856427,8,-0.0340261594882969,11,0.721479558411379,15,-0.0622149113647519,10,0.22,0.22,0.22,0.22,0.12,0.22,0.22,0.22,0.22,0.12,0.230267010284694,5,2,1,"3) # of groups=5",4
"340116",-0.893054880938947,8,-0.137525220308626,6,-0.00693880674844311,10,-0.921620005596099,15,-0.122602492954328,10,0.22,0.22,0.22,0.22,0.12,0.22,0.22,0.22,0.22,0.12,-0.445722860144785,5,2,1,"3) # of groups=5",2
"340119",-0.755668118140773,6,0.501791287204816,3,-0.574736214174955,6,0.330664824700541,15,-0.293675496701782,8,0.22,0.22,0.22,0.22,0.12,0.22,0.22,0.22,0.22,0.12,-0.144789668094495,5,2,1,"3) # of groups=5",3
"340120",0.17061025292339,5,-0.0716815165306037,2,-0.862144212228591,5,1.02874381440106,15,0.0608372436554514,8,0.22,0.22,0.22,0.22,0.12,0.22,0.22,0.22,0.22,0.12,0.0657167037230104,4,1,1,"2) # of groups=4",3
"340123",-0.0321950767364635,5,-0.188720805046182,3,0.945086875798301,6,0.135925618219743,15,-0.527254909517174,8,0.22,0.22,0.22,0.22,0.12,0.22,0.22,0.22,0.22,0.12,0.125950665549727,5,2,1,"3) # of groups=5",4
"340126",-0.78942862545071,6,-2.42502192206035,7,-0.661009266077828,7,-1.59560726649045,15,-0.451680164307022,8,0.22,0.22,0.22,0.22,0.12,0.22,0.22,0.22,0.22,0.12,-1.2578363773343,5,2,1,"3) # of groups=5",1
"340127",-1.82792091735093,4,-0.555985758958498,2,0.854816295226399,5,0.372893632786071,5,-0.34213714400956,8,0.22,0.22,0.22,0.22,0.12,0.22,0.22,0.22,0.22,0.12,-0.295419741906478,4,1,1,"2) # of groups=4",2
"340129",-1.28308376981142,6,0.0829366798504957,6,-0.638887079812098,7,-1.04994209061415,15,-0.566335272312092,9,0.22,0.22,0.22,0.22,0.12,0.22,0.22,0.22,0.22,0.12,-0.703535009962629,5,2,1,"3) # of groups=5",1
"34012F",1.3948885150753,5,-1.04594720763726,4,1.40344319347008,6,0.753749283707661,10,-0.427952998535535,5,0.22,0.22,0.22,0.22,0.12,0.22,0.22,0.22,0.22,0.12,0.499995072791208,5,2,1,"3) # of groups=5",4
"340130",0.571803349329893,7,-0.171057727988916,7,-0.23785324593637,8,0.330468787599979,15,0.0579093913258654,9,0.22,0.22,0.22,0.22,0.12,0.22,0.22,0.22,0.22,0.12,0.115488582820113,5,2,1,"3) # of groups=5",4
"340131",-0.153727447692258,8,-0.221011498630414,7,0.937873964548449,11,0.572032039305905,15,-0.548892244133925,9,0.22,0.22,0.22,0.22,0.12,0.22,0.22,0.22,0.22,0.12,0.183869683360899,5,2,1,"3) # of groups=5",4
"340132",-0.825287431080193,6,0.531505015334832,6,-1.22045997560506,8,-1.22879206730294,15,0.375614861873679,8,0.22,0.22,0.22,0.22,0.12,0.22,0.22,0.22,0.22,0.12,-0.558393797478898,5,2,1,"3) # of groups=5",2
"34013F",1.66199209927471,3,0.443601410594198,1,1.53897164473246,4,1.00987289210327,10,0.197065728785518,4,0.22,0.22,0.22,0.22,0.12,0.22,0.22,0.22,0.22,0.12,1.04762425772928,4,1,1,"2) # of groups=4",5
"340141",-1.04467856425254,8,0.234129618815529,8,0.286310103956083,11,-0.745712021792989,15,0.108085381234741,8,0.22,0.22,0.22,0.22,0.12,0.22,0.22,0.22,0.22,0.12,-0.266418944172093,5,2,1,"3) # of groups=5",3
"340142",-1.50689228805599,6,-0.018498023759665,4,-1.06963928458898,10,0.714000176527613,15,0.41544384577319,9,0.22,0.22,0.22,0.22,0.12,0.22,0.22,0.22,0.22,0.12,-0.363973210880162,5,2,1,"3) # of groups=5",2
"340143",-2.88706680108817,7,0.588863886478364,8,1.03105029077803,10,0.329237235214455,15,-0.603529416660075,9,0.22,0.22,0.22,0.22,0.12,0.22,0.22,0.22,0.22,0.12,-0.27876491549502,5,2,1,"3) # of groups=5",2
"340145",-0.861667286906857,5,0.418166171534186,6,0.022368905182918,6,0.602937291690976,15,-0.87661986399352,9,0.22,0.22,0.22,0.22,0.12,0.22,0.22,0.22,0.22,0.12,-0.0651972657489533,5,2,1,"3) # of groups=5",3
"340147",0.847963707135915,7,-0.251478174553746,7,0.173548279069307,10,0.176106878033456,15,0.08651869719208,10,0.22,0.22,0.22,0.22,0.12,0.22,0.22,0.22,0.22,0.12,0.218533195393735,5,2,1,"3) # of groups=5",4
"340148",0.638048478541098,1,1.01110420579662,3,0.812193615066499,4,1.85653991609088,15,-0.0272926438079141,2,0.22,0.22,0.22,0.22,0.12,0.22,0.22,0.22,0.22,0.12,0.946659850151972,3,1,1,"1) # of groups=3",5
"340151",0.0161315148319712,6,-0.0971597488601441,6,-0.365787096846382,9,-0.843832790588014,15,-0.321117675527316,8,0.22,0.22,0.22,0.22,0.12,0.22,0.22,0.22,0.22,0.12,-0.322476707785043,5,2,1,"3) # of groups=5",2
"340155",0.989784218190706,8,0.44131145791184,7,0.565386884318289,11,0.21509809186293,15,-0.187273867111964,7,0.22,0.22,0.22,0.22,0.12,0.22,0.22,0.22,0.22,0.12,0.464074879448993,5,2,1,"3) # of groups=5",5
"340156",-0.0887330555420189,1,-0.9073451584517,1,-1.30029735525977,1,NA,0,0.618053071728523,2,0.22,0.22,0.22,0.22,0.12,0.282051282051282,0.282051282051282,0.282051282051282,NA,0.153846153846154,-0.552610585420955,0,0,0,"",NA
"340158",-0.149770542219005,6,0.478221528041814,7,0.261113791387386,7,0.561259573806538,15,0.237767753212066,9,0.22,0.22,0.22,0.22,0.12,0.22,0.22,0.22,0.22,0.12,0.281713487609129,5,2,1,"3) # of groups=5",4
"340159",-0.0707098543359128,3,0.061024957145309,2,-0.885076269893346,4,0.793726919249941,5,-0.242413993804246,7,0.22,0.22,0.22,0.22,0.12,0.22,0.22,0.22,0.22,0.12,-0.0513172137799915,4,1,1,"2) # of groups=4",3
"340166",0.728956058345057,5,-0.210977876858951,6,-0.456365291329367,6,-0.604134264459193,15,-0.424420781188456,9,0.22,0.22,0.22,0.22,0.12,0.22,0.22,0.22,0.22,0.12,-0.170285196089155,5,2,1,"3) # of groups=5",3
"340168",1.12256950126318,1,NA,0,0.706207472388479,1,NA,0,-4.20312310452944,1,0.22,0.22,0.22,0.22,0.12,0.392857142857143,NA,0.392857142857143,NA,0.214285714285714,-0.182221139893157,0,0,0,"",NA
"340171",1.56203772715683,7,-0.0655738234299359,8,0.560322348876358,8,-0.196143454706727,15,0.748754052720544,9,0.22,0.22,0.22,0.22,0.12,0.22,0.22,0.22,0.22,0.12,0.499191901863701,5,2,1,"3) # of groups=5",5
"340173",0.442344321891919,7,0.268676815071463,7,0.539220128377065,8,0.505211561155614,15,0.436643731857267,9,0.22,0.22,0.22,0.22,0.12,0.22,0.22,0.22,0.22,0.12,0.438596869652005,5,2,1,"3) # of groups=5",5
"34017F",0.442632880105594,3,-2.33294681187293,1,3.3802208304118,4,1.01454218977111,10,0.53264316996241,5,0.22,0.22,0.22,0.22,0.12,0.22,0.22,0.22,0.22,0.12,0.614895979846916,4,1,1,"2) # of groups=4",4
"340183",0.302460338475794,7,0.0785801174890803,7,1.10580642550881,8,0.0834789174295639,15,-0.0813616888285031,9,0.22,0.22,0.22,0.22,0.12,0.22,0.22,0.22,0.22,0.12,0.335708273099294,5,2,1,"3) # of groups=5",4
"340184",-0.497957773437645,6,0.786814774871328,7,0.63654164611014,8,-0.540911936623758,15,-0.238139558632838,9,0.22,0.22,0.22,0.22,0.12,0.22,0.22,0.22,0.22,0.12,0.0560103293664737,5,2,1,"3) # of groups=5",3
"340188",1.07417896269186,4,0.312583496265895,3,-0.979254799302898,5,1.38949389337989,15,-0.0491648545813842,7,0.22,0.22,0.22,0.22,0.12,0.22,0.22,0.22,0.22,0.12,0.389440559117878,5,2,1,"3) # of groups=5",4
"340190",0.855263504222005,5,0.739736744859496,2,0.866313847937983,6,1.1963329938123,15,0.909251058936681,7,0.22,0.22,0.22,0.22,0.12,0.22,0.22,0.22,0.22,0.12,0.913792487055394,4,1,1,"2) # of groups=4",5
"340195",0.971332721391584,2,0.151606276924409,2,2.12255440568471,3,1.0239870087632,15,1.00734076246343,7,0.22,0.22,0.22,0.22,0.12,0.22,0.22,0.22,0.22,0.12,1.06016658230367,3,0,0,"",NA
"34036F",1.33932624243091,5,-0.497934156034636,3,2.27683032257684,6,2.26298015427852,10,0.336033337986687,4,0.22,0.22,0.22,0.22,0.12,0.22,0.22,0.22,0.22,0.12,1.22418856447376,5,2,1,"3) # of groups=5",4
"341303",0.701518823958854,2,NA,0,0.895404008353512,3,0.845350935555853,5,0.306812637518869,5,0.22,0.22,0.22,0.22,0.12,0.282051282051282,NA,0.282051282051282,0.282051282051282,0.153846153846154,0.736048391581119,3,0,0,"",NA
"341304",-1.14873244025086,4,NA,0,1.10738956272833,3,1.0612211609251,5,0.816095712144494,5,0.22,0.22,0.22,0.22,0.12,0.282051282051282,NA,0.282051282051282,0.282051282051282,0.153846153846154,0.413211163853724,4,1,1,"2) # of groups=4",4
"341305",NA,0,1.15927422234555,1,NA,0,NA,0,0.354704715900661,4,0.22,0.22,0.22,0.22,0.12,NA,0.647058823529412,NA,NA,0.352941176470588,0.87530851418853,1,0,0,"",NA
"341307",0.880308989902137,1,NA,0,0.225268379341295,2,0.715961169376538,5,-0.807267034616306,3,0.22,0.22,0.22,0.22,0.12,0.282051282051282,NA,0.282051282051282,0.282051282051282,0.153846153846154,0.389572351721073,2,0,0,"",NA
"341311",0.62144712178874,3,NA,0,1.04463566834163,3,1.35904530183551,15,-1.1779463863005,5,0.22,0.22,0.22,0.22,0.12,0.282051282051282,NA,0.282051282051282,0.282051282051282,0.153846153846154,0.672018735739017,4,1,1,"2) # of groups=4",4
"341314",-1.84977867018566,2,NA,0,-3.50787908407579,3,NA,0,NA,0,0.22,0.22,0.22,0.22,0.12,0.5,NA,0.5,NA,NA,-2.67882887713072,1,0,0,"",NA
"341315",-0.00829629884762178,2,-3.06612459271694,1,-0.449092643028689,3,1.24275007718035,5,-0.174818107962517,6,0.22,0.22,0.22,0.22,0.12,0.22,0.22,0.22,0.22,0.12,-0.52274613358634,3,0,0,"",NA
"341316",0.192469265106526,2,-0.480057637827403,1,0.126678763037313,3,0.942496125999582,15,0.721976592831203,7,0.22,0.22,0.22,0.22,0.12,0.22,0.22,0.22,0.22,0.12,0.258586224729268,3,0,0,"",NA
"341317",NA,0,NA,0,-0.297044941435646,1,NA,0,-1.19720613500407,1,0.22,0.22,0.22,0.22,0.12,NA,NA,0.647058823529412,NA,0.352941176470588,-0.614748892106854,0,0,0,"",NA
"341318",-0.809336377978867,5,-0.240264924206491,2,0.667709521489994,8,0.72404597821165,15,0.407104317389334,7,0.22,0.22,0.22,0.22,0.12,0.22,0.22,0.22,0.22,0.12,0.124126441540303,4,1,1,"2) # of groups=4",3
"341319",-0.247476662026709,4,-0.498372609802118,2,-1.97933881905078,6,-0.435323420849955,15,-0.103461976521469,6,0.22,0.22,0.22,0.22,0.12,0.22,0.22,0.22,0.22,0.12,-0.70772796976308,4,1,1,"2) # of groups=4",2
"341320",-1.31771300017381,2,NA,0,0.684922143735071,3,NA,0,1.10830388162444,3,0.22,0.22,0.22,0.22,0.12,0.392857142857143,NA,0.392857142857143,NA,0.214285714285714,-0.0111027189671247,2,0,0,"",NA
"341322",0.754994789909878,3,NA,0,0.631660756904419,7,1.01199998487321,15,-0.899273399805062,6,0.22,0.22,0.22,0.22,0.12,0.282051282051282,NA,0.282051282051282,0.282051282051282,0.153846153846154,0.538194114095698,4,1,1,"2) # of groups=4",4
"341323",0.802657818421288,2,NA,0,0.800423796782304,3,1.6267784966486,5,0.638056117453645,5,0.22,0.22,0.22,0.22,0.12,0.282051282051282,NA,0.282051282051282,0.282051282051282,0.153846153846154,1.00914866500246,3,0,0,"",NA
"341324",0.407743615911269,5,1.15927422234555,1,0.0697594698288405,8,0.899198340991679,15,0.0758218382197018,8,0.22,0.22,0.22,0.22,0.12,0.22,0.22,0.22,0.22,0.12,0.567013263383379,4,1,1,"2) # of groups=4",4
"341325",-0.333176315815165,4,NA,0,-0.134394597605858,8,NA,0,0.627436381440494,4,0.22,0.22,0.22,0.22,0.12,0.392857142857143,NA,0.392857142857143,NA,0.214285714285714,-0.0492379199638675,3,1,1,"1) # of groups=3",3
"341326",0.0262790145246868,5,-0.599659538436538,2,-1.45584081517677,7,0.194065727078107,15,-0.0433914612795554,10,0.22,0.22,0.22,0.22,0.12,0.22,0.22,0.22,0.22,0.12,-0.40894120999586,4,1,1,"2) # of groups=4",2
"341327",-0.18678551055143,3,-0.768061529026647,1,0.0279172710191891,6,1.3998027602066,10,0.600732200187456,5,0.22,0.22,0.22,0.22,0.12,0.22,0.22,0.22,0.22,0.12,0.176119922184991,4,1,1,"2) # of groups=4",3
"341328",-0.0671248636367228,5,0.355505710544504,2,1.55015506407407,6,1.20703528924018,10,-1.33616901326891,6,0.22,0.22,0.22,0.22,0.12,0.22,0.22,0.22,0.22,0.12,0.509685382456578,4,1,1,"2) # of groups=4",4
"341329",-0.34574004080717,4,0.15389182087662,1,0.731392037934736,5,-0.0261313102017279,15,-0.129741775395321,8,0.22,0.22,0.22,0.22,0.12,0.22,0.22,0.22,0.22,0.12,0.0973817386691023,4,1,1,"2) # of groups=4",3
"350002",-0.370277744857953,8,-0.152043180503995,7,1.19952475363387,11,-0.214339886304633,15,-0.10374488085855,7,0.22,0.22,0.22,0.22,0.12,0.22,0.22,0.22,0.22,0.12,0.0893806815297776,5,2,1,"3) # of groups=5",4
"350006",-0.137665904288921,8,0.0598065813223452,6,0.776085248246012,10,-0.88589053399623,15,-1.00454222153103,8,0.22,0.22,0.22,0.22,0.12,0.22,0.22,0.22,0.22,0.12,-0.161831280501418,5,2,1,"3) # of groups=5",3
"350011",0.952037899289859,8,0.192540699733026,7,0.720784394602745,11,-0.275596623998684,15,-0.183487507645597,10,0.22,0.22,0.22,0.22,0.12,0.22,0.22,0.22,0.22,0.12,0.327730100400456,5,2,1,"3) # of groups=5",4
"350015",1.34860688280318,8,0.33988178193729,6,0.770926593416021,10,-0.91874547023535,15,0.0184379892092108,9,0.22,0.22,0.22,0.22,0.12,0.22,0.22,0.22,0.22,0.12,0.341159912047756,5,2,1,"3) # of groups=5",4
"350019",0.363519922949705,8,-0.0252969397112109,7,0.594088459709118,10,-0.772016622301317,15,0.134720133077354,10,0.22,0.22,0.22,0.22,0.12,0.22,0.22,0.22,0.22,0.12,0.0514312765114674,5,2,1,"3) # of groups=5",3
"35002F",1.71976412981951,3,1.07224706789415,2,0.325511578619302,5,2.08645624393672,10,0.940542882815965,3,0.22,0.22,0.22,0.22,0.12,0.22,0.22,0.22,0.22,0.12,1.25774053039725,4,1,1,"2) # of groups=4",5
"350063",-0.675012215649472,3,NA,0,0.30089730587919,3,NA,0,-1.09181487191786,3,0.22,0.22,0.22,0.22,0.12,0.392857142857143,NA,0.392857142857143,NA,0.214285714285714,-0.380934044249295,3,1,1,"1) # of groups=3",3
"350070",0.244293694061953,8,0.197058837601555,7,-0.3521089005025,11,-0.184563438593953,15,0.634719924963504,8,0.22,0.22,0.22,0.22,0.12,0.22,0.22,0.22,0.22,0.12,0.0551960333603726,5,2,1,"3) # of groups=5",3
"351300",-1.30003561234722,1,NA,0,-1.04948425180374,1,NA,0,-0.521442945899376,5,0.22,0.22,0.22,0.22,0.12,0.392857142857143,NA,0.392857142857143,NA,0.214285714285714,-1.03476343503774,1,0,0,"",NA
"351301",NA,0,NA,0,NA,0,NA,0,0.655942546409278,4,0.22,0.22,0.22,0.22,0.12,NA,NA,NA,NA,1,0.655942546409278,1,0,0,"",NA
"351302",-0.330993566903058,1,-0.603424072531687,1,1.08394638586877,3,NA,0,-0.0597833371299129,5,0.22,0.22,0.22,0.22,0.12,0.282051282051282,0.282051282051282,0.282051282051282,NA,0.153846153846154,0.0329773381537127,2,0,0,"",NA
"351303",-1.14218694889986,1,NA,0,NA,0,NA,0,-0.335583619903473,5,0.22,0.22,0.22,0.22,0.12,0.647058823529412,NA,NA,NA,0.352941176470588,-0.857503421018782,1,0,0,"",NA
"351304",NA,0,NA,0,NA,0,NA,0,1.27335610673038,3,0.22,0.22,0.22,0.22,0.12,NA,NA,NA,NA,1,1.27335610673038,1,0,0,"",NA
"351305",NA,0,NA,0,NA,0,NA,0,-0.857391655927556,2,0.22,0.22,0.22,0.22,0.12,NA,NA,NA,NA,1,-0.857391655927556,0,0,0,"",NA
"351306",NA,0,NA,0,0.204581265476417,1,NA,0,1.02710445526678,3,0.22,0.22,0.22,0.22,0.12,NA,NA,0.647058823529412,NA,0.352941176470588,0.494883567755369,1,0,0,"",NA
"351307",-2.48298333465995,2,NA,0,-1.12927767363011,3,NA,0,1.04575064508059,5,0.22,0.22,0.22,0.22,0.12,0.392857142857143,NA,0.392857142857143,NA,0.214285714285714,-1.19501311502525,2,0,0,"",NA
"351308",NA,0,NA,0,NA,0,NA,0,-0.03712663330335,2,0.22,0.22,0.22,0.22,0.12,NA,NA,NA,NA,1,-0.03712663330335,0,0,0,"",NA
"351309",-1.05777510098618,1,NA,0,0.322509468190356,2,NA,0,1.60448546970371,5,0.22,0.22,0.22,0.22,0.12,0.392857142857143,NA,0.392857142857143,NA,0.214285714285714,0.0549639591952927,1,0,0,"",NA
"351310",-0.928281272031283,2,NA,0,-0.449164685729197,2,NA,0,-2.07640371161656,5,0.22,0.22,0.22,0.22,0.12,0.392857142857143,NA,0.392857142857143,NA,0.214285714285714,-0.986083135895166,1,0,0,"",NA
"351311",NA,0,NA,0,1.10570453018097,1,NA,0,1.75351960186868,3,0.22,0.22,0.22,0.22,0.12,NA,NA,0.647058823529412,NA,0.352941176470588,1.33434514371781,1,0,0,"",NA
"351312",-0.815514589625137,1,NA,0,-0.297044941435646,1,NA,0,1.56488687717819,4,0.22,0.22,0.22,0.22,0.12,0.392857142857143,NA,0.392857142857143,NA,0.214285714285714,-0.101744056378553,1,0,0,"",NA
"351313",NA,0,NA,0,-0.0462318379796146,1,NA,0,-0.600492068038316,2,0.22,0.22,0.22,0.22,0.12,NA,NA,0.647058823529412,NA,0.352941176470588,-0.241853095647392,0,0,0,"",NA
"351314",NA,0,NA,0,NA,0,NA,0,0.572034631308045,3,0.22,0.22,0.22,0.22,0.12,NA,NA,NA,NA,1,0.572034631308045,1,0,0,"",NA
"351315",0.138874917933867,2,NA,0,0.643813929669509,3,NA,0,1.43361881119317,4,0.22,0.22,0.22,0.22,0.12,0.392857142857143,NA,0.392857142857143,NA,0.214285714285714,0.614688935385577,2,0,0,"",NA
"351316",-1.39281103353528,2,NA,0,-2.21045308672791,2,NA,0,0.58777886918001,3,0.22,0.22,0.22,0.22,0.12,0.392857142857143,NA,0.392857142857143,NA,0.214285714285714,-1.28961543242197,1,0,0,"",NA
"351318",-0.785647330161957,2,NA,0,0.595800075891705,2,0.439468373030958,5,0.39168060381815,6,0.22,0.22,0.22,0.22,0.12,0.282051282051282,NA,0.282051282051282,0.282051282051282,0.153846153846154,0.130664511007094,2,0,0,"",NA
"351319",0.729072210030544,2,NA,0,0.417597857866043,2,NA,0,0.236013092924141,5,0.22,0.22,0.22,0.22,0.12,0.392857142857143,NA,0.392857142857143,NA,0.214285714285714,0.501051760871689,1,0,0,"",NA
"351320",-0.494329746540421,2,NA,0,2.23253310820317,2,NA,0,0.0415665156049796,5,0.22,0.22,0.22,0.22,0.12,0.392857142857143,NA,0.392857142857143,NA,0.214285714285714,0.69177271685429,1,0,0,"",NA
"351321",0.55888488208953,2,NA,0,1.03283086913333,2,NA,0,0.96304433162237,5,0.22,0.22,0.22,0.22,0.12,0.392857142857143,NA,0.392857142857143,NA,0.214285714285714,0.831683544756631,1,0,0,"",NA
"351322",NA,0,NA,0,NA,0,NA,0,0.17106824963724,3,0.22,0.22,0.22,0.22,0.12,NA,NA,NA,NA,1,0.17106824963724,1,0,0,"",NA
"351323",0.290583409627519,2,NA,0,0.453439809435451,3,NA,0,0.975687651365417,5,0.22,0.22,0.22,0.22,0.12,0.392857142857143,NA,0.392857142857143,NA,0.214285714285714,0.501370761353042,2,0,0,"",NA
"351324",0.230702280553481,3,NA,0,1.29437081107382,4,1.50595912272677,5,1.50720531493217,6,0.22,0.22,0.22,0.22,0.12,0.282051282051282,NA,0.282051282051282,0.282051282051282,0.153846153846154,1.0867842627561,4,1,1,"2) # of groups=4",5
"351325",NA,0,NA,0,0.455394368932441,1,NA,0,0.813956127241087,3,0.22,0.22,0.22,0.22,0.12,NA,NA,0.647058823529412,NA,0.352941176470588,0.581945577747257,1,0,0,"",NA
"351326",-0.393190752077986,2,NA,0,-0.319127786997682,3,NA,0,0.414667251900401,5,0.22,0.22,0.22,0.22,0.12,0.392857142857143,NA,0.392857142857143,NA,0.214285714285714,-0.190982157801069,2,0,0,"",NA
"351327",-0.525861701002878,3,NA,0,-2.27982717858455,4,NA,0,-0.809256690570554,5,0.22,0.22,0.22,0.22,0.12,0.392857142857143,NA,0.392857142857143,NA,0.214285714285714,-1.27564706496018,3,1,1,"1) # of groups=3",1
"351328",-0.0887330555420189,1,NA,0,0.455394368932441,1,NA,0,-1.34733444364183,5,0.22,0.22,0.22,0.22,0.12,0.392857142857143,NA,0.392857142857143,NA,0.214285714285714,-0.144669007662726,1,0,0,"",NA
"351329",NA,0,NA,0,-0.297044941435646,1,NA,0,1.68142096459848,4,0.22,0.22,0.22,0.22,0.12,NA,NA,0.647058823529412,NA,0.352941176470588,0.401237143046987,1,0,0,"",NA
"351330",-0.999292915898935,4,NA,0,1.08142547954327,4,NA,0,0.720102963466193,4,0.22,0.22,0.22,0.22,0.12,0.392857142857143,NA,0.392857142857143,NA,0.214285714285714,0.186574142174459,3,1,1,"1) # of groups=3",4
"351331",-1.16751693345088,2,NA,0,1.0379806254056,2,NA,0,-2.15247166461636,4,0.22,0.22,0.22,0.22,0.12,0.392857142857143,NA,0.392857142857143,NA,0.214285714285714,-0.512133192007008,1,0,0,"",NA
"351332",-0.871992945118594,3,NA,0,-1.08743578830803,3,NA,0,-0.680631216240956,6,0.22,0.22,0.22,0.22,0.12,0.392857142857143,NA,0.392857142857143,NA,0.214285714285714,-0.915625120183521,3,1,1,"1) # of groups=3",2
"351333",-0.361485836740589,4,NA,0,-0.367428785377518,5,-0.319960727946101,5,0.666895725871773,7,0.22,0.22,0.22,0.22,0.12,0.282051282051282,NA,0.282051282051282,0.282051282051282,0.153846153846154,-0.193237294755786,4,1,1,"2) # of groups=4",2
"351334",-0.510729460882894,4,1.15927422234555,1,-0.229647382823122,6,0.0952798807720689,15,-0.226758592763064,8,0.22,0.22,0.22,0.22,0.12,0.22,0.22,0.22,0.22,0.12,0.085907965938985,4,1,1,"2) # of groups=4",3
"351335",-0.93134717844747,4,0.384400666438084,1,0.772816977422011,8,0.982719455422351,10,0.996961907735591,8,0.22,0.22,0.22,0.22,0.12,0.22,0.22,0.22,0.22,0.12,0.385525211511966,4,1,1,"2) # of groups=4",4
"351336",-0.516875086090757,3,-2.54388428973169,1,2.00289695496829,5,-0.578614931120711,15,0.430126262249171,8,0.22,0.22,0.22,0.22,0.12,0.22,0.22,0.22,0.22,0.12,-0.30840986596457,4,1,1,"2) # of groups=4",2
"351364",NA,0,NA,0,NA,0,NA,0,1.09817662655173,3,0.22,0.22,0.22,0.22,0.12,NA,NA,NA,NA,1,1.09817662655173,1,0,0,"",NA
"360001",-0.024183786115302,8,0.281727343738024,7,-0.35274317811842,9,0.0284528144317615,15,0.951810582056039,9,0.22,0.22,0.22,0.22,0.12,0.22,0.22,0.22,0.22,0.12,0.0995329725126586,5,2,1,"3) # of groups=5",4
"360002",0.494759467152523,5,0.863138888080257,2,0.0222823436709191,8,0.680197662197478,15,0.72263438412075,9,0.22,0.22,0.22,0.22,0.12,0.22,0.22,0.22,0.22,0.12,0.539999365536749,4,1,1,"2) # of groups=4",4
"360003",0.322638482107498,8,0.0249397572995228,8,0.0290786055411659,11,-0.371047335527925,15,-0.353585325919336,8,0.22,0.22,0.22,0.22,0.12,0.22,0.22,0.22,0.22,0.12,-0.0411961470378627,5,2,1,"3) # of groups=5",3
"360006",0.803563222933573,8,-0.0875416777408707,8,0.668793091767969,11,0.304262090773441,15,-0.532845832026027,9,0.22,0.22,0.22,0.22,0.12,0.22,0.22,0.22,0.22,0.12,0.307655380258381,5,2,1,"3) # of groups=5",4
"360008",-0.991762814662417,8,0.482773730874458,8,1.13929290652926,11,0.630890025191633,15,-0.295008766189857,10,0.22,0.22,0.22,0.22,0.12,0.22,0.22,0.22,0.22,0.12,0.242061594602463,5,2,1,"3) # of groups=5",4
"360009",0.0449191944368444,8,0.258374212298661,6,-0.712487874801259,10,-0.0921007462897169,15,-0.0416539528408431,8,0.22,0.22,0.22,0.22,0.12,0.22,0.22,0.22,0.22,0.12,-0.115283421499105,5,2,1,"3) # of groups=5",3
"360010",-0.232327715535149,5,0.316089012989874,3,-0.0111668427259442,8,-0.342684735765104,15,-0.161568887733832,9,0.22,0.22,0.22,0.22,0.12,0.22,0.22,0.22,0.22,0.12,-0.0788081283560509,5,2,1,"3) # of groups=5",3
"360011",0.813912941946373,7,0.0472216366511752,6,-0.548568863105769,9,0.244431836461942,15,-0.137624262797745,9,0.22,0.22,0.22,0.22,0.12,0.22,0.22,0.22,0.22,0.12,0.106024549894089,5,2,1,"3) # of groups=5",4
"360012",-0.383392840797196,7,-0.11733700319712,8,0.255730028614434,8,-0.123961722020855,15,0.283689863134098,9,0.22,0.22,0.22,0.22,0.12,0.22,0.22,0.22,0.22,0.12,-0.0471287546520704,5,2,1,"3) # of groups=5",3
"360013",-0.798232002831056,6,-0.230606027464795,2,0.0281579112644728,6,0.110333653573078,15,0.0578015097529632,9,0.22,0.22,0.22,0.22,0.12,0.22,0.22,0.22,0.22,0.12,-0.18894004123047,4,1,1,"2) # of groups=4",2
"360014",0.817084136541569,5,0.266721418087463,2,-0.382232064775007,8,0.354316329742866,15,-0.231705886797213,8,0.22,0.22,0.22,0.22,0.12,0.22,0.22,0.22,0.22,0.12,0.20449105389565,4,1,1,"2) # of groups=4",3
"360016",0.910754692326962,8,0.18881161535196,7,-0.715833421167291,9,-0.0721716694563753,15,0.230393344106972,8,0.22,0.22,0.22,0.22,0.12,0.22,0.22,0.22,0.22,0.12,0.0961906690449929,5,2,1,"3) # of groups=5",4
"360017",-0.152872293803142,8,-0.407423236407557,8,-0.802953258192242,11,0.0917463499168018,15,-0.362612909699828,10,0.22,0.22,0.22,0.22,0.12,0.22,0.22,0.22,0.22,0.12,-0.32324408563093,5,2,1,"3) # of groups=5",2
"36001F",0.974755530629118,5,0.485779385907429,4,-0.75453002170009,6,0.341029442264057,10,-0.306813109804905,5,0.22,0.22,0.22,0.22,0.12,0.22,0.22,0.22,0.22,0.12,0.193529980985525,5,2,1,"3) # of groups=5",4
"360020",1.13359828113882,8,-0.463351572920763,8,-0.916017648162706,11,0.166312342320008,15,0.583514691206608,9,0.22,0.22,0.22,0.22,0.12,0.22,0.22,0.22,0.22,0.12,0.052540871467372,5,2,1,"3) # of groups=5",3
"360025",-0.363218963063171,6,0.579077438434052,6,0.318879518323989,9,0.20418862757741,15,0.557374756961214,9,0.22,0.22,0.22,0.22,0.12,0.22,0.22,0.22,0.22,0.12,0.229448827515247,5,2,1,"3) # of groups=5",4
"360026",1.21518512361348,3,NA,0,-0.778696304381104,3,1.82828618448344,10,1.39352256903351,7,0.22,0.22,0.22,0.22,0.12,0.282051282051282,NA,0.282051282051282,0.282051282051282,0.153846153846154,0.85317078089936,4,1,1,"2) # of groups=4",5
"360027",1.81457958823993,8,0.325587533730618,8,0.319487158618109,11,-0.468666101432959,15,0.122823140360397,10,0.22,0.22,0.22,0.22,0.12,0.22,0.22,0.22,0.22,0.12,0.452756176257501,5,2,1,"3) # of groups=5",5
"360029",-1.11050464627629,3,0.333251785669969,3,0.366126824336885,9,0.977698766720664,15,0.951572643612822,8,0.22,0.22,0.22,0.22,0.12,0.22,0.22,0.22,0.22,0.12,0.238834717932809,5,2,1,"3) # of groups=5",4
"360032",-0.0382042544341282,5,-0.101657759819423,2,1.31936336827321,6,0.569273133950018,15,0.613052464887384,9,0.22,0.22,0.22,0.22,0.12,0.22,0.22,0.22,0.22,0.12,0.458296683139815,4,1,1,"2) # of groups=4",4
"360035",-0.130197572609797,8,-1.27568306148996,7,-0.557722083045969,11,-0.519768910199796,15,-0.302284638033852,10,0.22,0.22,0.22,0.22,0.12,0.22,0.22,0.22,0.22,0.12,-0.582615914580077,5,2,1,"3) # of groups=5",2
"360036",-0.709534055048784,6,0.700249238056973,5,0.256533029269185,10,0.868873543361248,15,0.931264323080766,9,0.22,0.22,0.22,0.22,0.12,0.22,0.22,0.22,0.22,0.12,0.357298505010189,5,2,1,"3) # of groups=5",4
"360039",0.640415575677776,8,-0.0571974607013076,7,1.07362328308889,10,0.613834350328976,15,-0.0983586036797642,9,0.22,0.22,0.22,0.22,0.12,0.22,0.22,0.22,0.22,0.12,0.487745632205182,5,2,1,"3) # of groups=5",5
"36003F",1.98044308071854,4,0.0766529751055681,4,-0.34413362517795,6,NA,0,-0.663840681779402,4,0.22,0.22,0.22,0.22,0.12,0.282051282051282,0.282051282051282,0.282051282051282,NA,0.153846153846154,0.38101391401106,4,2,1,"2) # of groups=4",4
"360040",-0.317746169659037,5,-0.020160157236308,4,0.805026492718371,9,-0.611561809557246,15,0.319612268569949,9,0.22,0.22,0.22,0.22,0.12,0.22,0.22,0.22,0.22,0.12,0.00657631060686546,5,2,1,"3) # of groups=5",3
"360041",0.151676302503189,8,0.0633433443759359,6,-0.146931038186208,10,0.349224554448304,15,0.124563400170155,9,0.22,0.22,0.22,0.22,0.12,0.22,0.22,0.22,0.22,0.12,0.106756503911487,5,2,1,"3) # of groups=5",4
"360046",0.140741608962084,4,-1.04862896455817,3,-0.411395798331248,7,0.941839386316417,15,-0.733348455272509,7,0.22,0.22,0.22,0.22,0.12,0.22,0.22,0.22,0.22,0.12,-0.171039443507103,5,2,1,"3) # of groups=5",3
"360048",0.0810128572120749,8,-0.638522121878191,6,0.258559495525192,10,-0.289472986414865,15,0.252811518260845,8,0.22,0.22,0.22,0.22,0.12,0.22,0.22,0.22,0.22,0.12,-0.0991156240309722,5,2,1,"3) # of groups=5",3
"360051",1.07609588301738,8,0.489965435858185,8,-0.6365568156944,11,-1.1575098456845,15,-0.113290161782738,10,0.22,0.22,0.22,0.22,0.12,0.22,0.22,0.22,0.22,0.12,-0.0637559947646623,5,2,1,"3) # of groups=5",3
"360054",0.118588270221885,6,-0.502224630551662,5,-0.5562931373909,9,1.07734350742223,15,0.364395214070497,10,0.22,0.22,0.22,0.22,0.12,0.22,0.22,0.22,0.22,0.12,0.0739585078228013,5,2,1,"3) # of groups=5",4
"360055",0.053461691697192,7,0.827206305287838,5,-1.06619758239634,7,-2.26257742616625,15,-0.819990632655957,8,0.22,0.22,0.22,0.22,0.12,0.22,0.22,0.22,0.22,0.12,-0.636982418465778,5,2,1,"3) # of groups=5",2
"360056",0.186754788983838,8,0.0487488281186355,7,-0.337791424605827,9,-0.0824247836654011,15,0.429664537420817,9,0.22,0.22,0.22,0.22,0.12,0.22,0.22,0.22,0.22,0.12,0.010922974433372,5,2,1,"3) # of groups=5",3
"360058",-0.383398175745207,5,0.431401238151449,2,-0.105941103092722,6,0.786246384625927,15,0.205450844716208,9,0.22,0.22,0.22,0.22,0.12,0.22,0.22,0.22,0.22,0.12,0.184881937032623,4,1,1,"2) # of groups=4",3
"360059",0.396633237292269,7,-0.533470726702737,7,-0.643617692256622,9,-0.063331660984736,15,0.393538064092935,9,0.22,0.22,0.22,0.22,0.12,0.22,0.22,0.22,0.22,0.12,-0.138408537692249,5,2,1,"3) # of groups=5",3
"360064",0.989012009375696,8,-0.330564227169302,6,-0.108319122375687,10,-0.963040902701186,15,-0.133206567356891,8,0.22,0.22,0.22,0.22,0.12,0.22,0.22,0.22,0.22,0.12,-0.106825481514332,5,2,1,"3) # of groups=5",3
"360065",-0.250249085550044,6,0.878266530116123,4,-0.333547815048472,9,0.00728553444285538,15,1.24595227335663,9,0.22,0.22,0.22,0.22,0.12,0.22,0.22,0.22,0.22,0.12,0.215900408874097,5,2,1,"3) # of groups=5",4
"360066",0.431808782946291,8,0.0566003677224098,7,0.22426734863044,11,-0.210453480247039,15,-0.0729879462235523,9,0.22,0.22,0.22,0.22,0.12,0.22,0.22,0.22,0.22,0.12,0.101730510644636,5,2,1,"3) # of groups=5",4
"360068",0.918347824517737,8,-0.258580307695174,8,0.696751889790023,11,-0.0276264763475058,15,0.167350597725097,9,0.22,0.22,0.22,0.22,0.12,0.22,0.22,0.22,0.22,0.12,0.312438516385329,5,2,1,"3) # of groups=5",4
"360070",0.749409056517796,8,-0.508504277225751,7,-0.189255466251846,11,-0.91611003419484,15,-0.609084274808842,9,0.22,0.22,0.22,0.22,0.12,0.22,0.22,0.22,0.22,0.12,-0.263271471631082,5,2,1,"3) # of groups=5",3
"360071",0.118554245486439,3,0.662425433125945,3,0.887125331904464,6,0.85146117768297,15,-0.344702696220951,8,0.22,0.22,0.22,0.22,0.12,0.22,0.22,0.22,0.22,0.12,0.512940237857446,5,2,1,"3) # of groups=5",5
"360072",-0.622466525274806,8,-0.758718663398548,7,-1.26873675821648,11,0.445081800755245,15,0.504958690294602,10,0.22,0.22,0.22,0.22,0.12,0.22,0.22,0.22,0.22,0.12,-0.424469789314257,5,2,1,"3) # of groups=5",2
"360075",0.284698095199684,6,0.104166346495304,6,0.863011216683865,9,0.274897332566106,15,0.277898189339474,9,0.22,0.22,0.22,0.22,0.12,0.22,0.22,0.22,0.22,0.12,0.369237840728628,5,2,1,"3) # of groups=5",4
"360076",0.213727762458667,8,0.516048794757386,6,-0.0331790404883085,7,-0.437338619024277,15,0.189330464073169,9,0.22,0.22,0.22,0.22,0.12,0.22,0.22,0.22,0.22,0.12,0.0797566131835431,5,2,1,"3) # of groups=5",4
"360077",2.02261486336738,8,0.0833383573841582,7,0.408595604021993,11,-0.150207178438134,15,-0.563588033603769,9,0.22,0.22,0.22,0.22,0.12,0.22,0.22,0.22,0.22,0.12,0.452524598161335,5,2,1,"3) # of groups=5",5
"360078",0.323772695071747,6,-0.416588316231433,6,-0.353090128085626,9,0.108244180918508,15,0.391453139847822,9,0.22,0.22,0.22,0.22,0.12,0.22,0.22,0.22,0.22,0.12,-0.0273111682501582,5,2,1,"3) # of groups=5",3
"360079",0.395921454976777,8,0.224379153780638,7,-1.09488270116561,8,0.287067659244605,15,0.0353090164269051,8,0.22,0.22,0.22,0.22,0.12,0.22,0.22,0.22,0.22,0.12,-0.0370160933247612,5,2,1,"3) # of groups=5",3
"36007F",2.03296303824586,4,0.990080237947588,2,1.09865933823008,5,0.503271058850843,10,-0.276596170522747,4,0.22,0.22,0.22,0.22,0.12,0.22,0.22,0.22,0.22,0.12,0.984302667657632,4,1,1,"2) # of groups=4",5
"360080",-1.27274416690739,4,0.708886209054306,2,-0.851643260065726,5,-1.03140746409358,15,-1.32298267592962,7,0.22,0.22,0.22,0.22,0.12,0.22,0.22,0.22,0.22,0.12,-0.69707783115428,4,1,1,"2) # of groups=4",2
"360082",1.32307984478286,5,0.659213731767335,6,-0.327461995323083,7,-0.254991222644179,15,0.69807015593173,7,0.22,0.22,0.22,0.22,0.12,0.22,0.22,0.22,0.22,0.12,0.391733297600053,5,2,1,"3) # of groups=5",4
"360084",0.469146045104663,8,-0.482525959753717,7,1.58243657600154,10,-0.372981854399391,15,-0.0325439267748525,9,0.22,0.22,0.22,0.22,0.12,0.22,0.22,0.22,0.22,0.12,0.259231186316699,5,2,1,"3) # of groups=5",4
"360085",0.95992670816972,8,-0.572269855233852,8,-0.363867088042164,11,0.126472354992468,15,-1.52452064470875,8,0.22,0.22,0.22,0.22,0.12,0.22,0.22,0.22,0.22,0.12,-0.149884810990092,5,2,1,"3) # of groups=5",3
"360086",1.46776496658951,8,0.208857663308961,6,-0.0732884279254635,10,-1.19463175039382,15,0.754344665574579,9,0.22,0.22,0.22,0.22,0.12,0.22,0.22,0.22,0.22,0.12,0.180435899216371,5,2,1,"3) # of groups=5",4
"360087",0.485985469614327,3,0.512452627426375,6,-0.282809672819651,5,-0.858510542755573,15,-0.412054156051186,7,0.22,0.22,0.22,0.22,0.12,0.22,0.22,0.22,0.22,0.12,-0.0808805648037372,5,2,1,"3) # of groups=5",3
"360089",-0.194668721796331,4,0.537916490031866,2,-0.24484661909794,8,0.346327884461692,15,0.553888242031615,8,0.22,0.22,0.22,0.22,0.12,0.22,0.22,0.22,0.22,0.12,0.164306976435637,4,1,1,"2) # of groups=4",3
"36008F",NA,0,NA,0,NA,0,NA,0,0.103703884269583,2,0.22,0.22,0.22,0.22,0.12,NA,NA,NA,NA,1,0.103703884269583,0,0,0,"",NA
"360091",1.3826640848079,7,-0.127700898919994,7,0.762778533460992,7,0.00410252636314515,15,0.310644874414305,9,0.22,0.22,0.22,0.22,0.12,0.22,0.22,0.22,0.22,0.12,0.482083118986366,5,2,1,"3) # of groups=5",5
"360092",0.664924670928337,4,0.617001867783681,3,0.640355179512123,8,1.20604186615777,15,0.952984897378673,9,0.22,0.22,0.22,0.22,0.12,0.22,0.22,0.22,0.22,0.12,0.802589376249461,5,2,1,"3) # of groups=5",5
"360095",-1.40119728951907,8,-0.446258981985489,7,0.00765153016381762,11,0.489068552586784,15,0.225653618214264,10,0.22,0.22,0.22,0.22,0.12,0.22,0.22,0.22,0.22,0.12,-0.270083527340159,5,2,1,"3) # of groups=5",3
"360096",1.61200935393741,6,-0.149210148328661,3,-0.619414521566888,5,-0.648825067458897,15,-0.509377294326058,7,0.22,0.22,0.22,0.22,0.12,0.22,0.22,0.22,0.22,0.12,-0.0183221596708749,5,2,1,"3) # of groups=5",3
"360098",0.0384235756529233,8,0.20735901957491,8,-0.616521795419898,11,0.152784680910871,15,0.453128335173124,10,0.22,0.22,0.22,0.22,0.12,0.22,0.22,0.22,0.22,0.12,0.00642540597891225,5,2,1,"3) # of groups=5",3
"360107",-0.0190318267557245,4,0.708886209054306,2,0.615802979538737,6,0.828101864678711,15,0.433200145478579,7,0.22,0.22,0.22,0.22,0.12,0.22,0.22,0.22,0.22,0.12,0.521411047290956,4,1,1,"2) # of groups=4",4
"360109",0.515058604487811,3,0.178880975941459,2,0.722683085550795,4,-0.294079138503503,15,0.281016701665458,7,0.22,0.22,0.22,0.22,0.12,0.22,0.22,0.22,0.22,0.12,0.280681580244699,4,1,1,"2) # of groups=4",4
"360112",0.263531879237548,8,-0.422054732968828,8,-0.112730815905742,11,-0.223930309759144,15,-0.372344057093703,10,0.22,0.22,0.22,0.22,0.12,0.22,0.22,0.22,0.22,0.12,-0.153621762318401,5,2,1,"3) # of groups=5",3
"360118",0.785173281712454,8,-0.198411062467696,6,-0.360930773782342,10,-0.117003628054147,15,0.261006317851437,9,0.22,0.22,0.22,0.22,0.12,0.22,0.22,0.22,0.22,0.12,0.0552628779719916,5,2,1,"3) # of groups=5",3
"360121",-0.300889339393322,5,-0.569048295444189,2,0.156811036765058,9,0.843640363275231,15,0.298264021362329,8,0.22,0.22,0.22,0.22,0.12,0.22,0.22,0.22,0.22,0.12,0.0645047109080906,4,1,1,"2) # of groups=4",3
"360123",0.420292988733495,7,0.139053454807673,7,0.427827184507155,10,0.0471088843527098,15,0.429947856098248,9,0.22,0.22,0.22,0.22,0.12,0.22,0.22,0.22,0.22,0.12,0.279135895460017,5,2,1,"3) # of groups=5",4
"360125",-0.133309594589107,6,0.692806023801253,5,-1.68814217168939,9,0.000988439709781552,15,-0.0186304214861448,9,0.22,0.22,0.22,0.22,0.12,0.22,0.22,0.22,0.22,0.12,-0.250320257187179,5,2,1,"3) # of groups=5",3
"360131",0.271604284161893,4,0.53041259586933,2,0.95960518269825,6,0.0658926098268459,15,-0.344370141029093,7,0.22,0.22,0.22,0.22,0.12,0.22,0.22,0.22,0.22,0.12,0.360728811038899,4,1,1,"2) # of groups=4",4
"360132",0.063697575553558,7,-0.184713524506091,5,0.014025273194856,9,-0.118641008429668,15,0.394023741422645,9,0.22,0.22,0.22,0.22,0.12,0.22,0.22,0.22,0.22,0.12,-0.00235612155049851,5,2,1,"3) # of groups=5",3
"360133",0.883288334988622,8,0.10618941232772,8,-0.907126369289585,11,-0.15861318526781,15,0.747829706627949,10,0.22,0.22,0.22,0.22,0.12,0.22,0.22,0.22,0.22,0.12,0.0729619672023222,5,2,1,"3) # of groups=5",4
"360134",0.451215063006472,7,0.387104019615629,8,0.58942160290935,10,0.24380013202769,15,-0.0608124319426669,9,0.22,0.22,0.22,0.22,0.12,0.22,0.22,0.22,0.22,0.12,0.360441488029891,5,2,1,"3) # of groups=5",4
"360137",0.60526785051107,8,-0.1744614297389,8,-0.97271431936673,11,-0.361770519488399,15,-0.329220503553963,9,0.22,0.22,0.22,0.22,0.12,0.22,0.22,0.22,0.22,0.12,-0.238315712404727,5,2,1,"3) # of groups=5",3
"360143",1.45629360680833,5,0.588206859754207,7,0.269048979170812,7,-0.0651225820043033,15,0.212771464810154,8,0.22,0.22,0.22,0.22,0.12,0.22,0.22,0.22,0.22,0.12,0.520186485797609,5,2,1,"3) # of groups=5",5
"360144",2.05310965858018,5,0.3924661689941,6,0.137271255184928,8,-0.245153500525015,15,-0.128354585328617,7,0.22,0.22,0.22,0.22,0.12,0.22,0.22,0.22,0.22,0.12,0.498890037852088,5,2,1,"3) # of groups=5",5
"360145",0.825875177221945,8,0.0303144388912109,7,0.0400226344057316,9,0.0888903615323011,15,0.424985063532042,9,0.22,0.22,0.22,0.22,0.12,0.22,0.22,0.22,0.22,0.12,0.267720782275107,5,2,1,"3) # of groups=5",4
"360147",-0.138874933817849,8,-0.773138666993841,6,-0.449021882449478,9,0.442773964061314,15,-0.412213523900659,10,0.22,0.22,0.22,0.22,0.12,0.22,0.22,0.22,0.22,0.12,-0.251483157092047,5,2,1,"3) # of groups=5",3
"360148",-1.00048454900851,3,0.196797124152676,1,0.843159408181896,5,0.217377407754959,15,0.34953631294649,9,0.22,0.22,0.22,0.22,0.12,0.22,0.22,0.22,0.22,0.12,0.0984512235914034,4,1,1,"2) # of groups=4",3
"360150",-0.208777241361982,5,-0.454785031091542,4,-1.09067718180587,6,0.465090588718411,15,0.936803561121335,8,0.22,0.22,0.22,0.22,0.12,0.22,0.22,0.22,0.22,0.12,-0.171196323084456,5,2,1,"3) # of groups=5",3
"360152",0.468105856031511,7,0.243375210951996,6,0.47406416941208,9,-0.0428718747632379,15,-0.794641735141931,8,0.22,0.22,0.22,0.22,0.12,0.22,0.22,0.22,0.22,0.12,0.156031131342085,5,2,1,"3) # of groups=5",4
"360155",0.899855261333849,7,0.42703954091573,7,-0.196477079240004,10,0.110657576023755,15,-0.0805243409444819,10,0.22,0.22,0.22,0.22,0.12,0.22,0.22,0.22,0.22,0.12,0.263373644873995,5,2,1,"3) # of groups=5",4
"360156",-0.153361124569554,5,0.770587280664686,2,0.189291437367603,8,-0.0263904578251167,15,1.09099309617141,8,0.22,0.22,0.22,0.22,0.12,0.22,0.22,0.22,0.22,0.12,0.302547141380845,4,1,1,"2) # of groups=4",4
"360159",-0.0151809769192074,8,-0.753038238741559,8,-0.000741290027499334,11,-0.639099005516635,15,0.380244107206115,10,0.22,0.22,0.22,0.22,0.12,0.22,0.22,0.22,0.22,0.12,-0.264143799600344,5,2,1,"3) # of groups=5",3
"360161",0.493210058565793,6,0.0700235601560392,7,0.127982924399344,9,-0.519397855665022,15,-0.788428702004554,8,0.22,0.22,0.22,0.22,0.12,0.22,0.22,0.22,0.22,0.12,-0.0568113330001925,5,2,1,"3) # of groups=5",3
"360163",0.574869795128754,8,0.48140917166513,8,0.217913341183242,11,0.655968455370281,15,0.0191233661226685,9,0.22,0.22,0.22,0.22,0.12,0.22,0.22,0.22,0.22,0.12,0.42693017187115,5,2,1,"3) # of groups=5",5
"360170",-0.557687969697567,4,0.033595737189973,3,-0.446934078932961,8,0.680360020410406,15,0.00878412643969596,9,0.22,0.22,0.22,0.22,0.12,0.22,0.22,0.22,0.22,0.12,-0.0628924888538693,5,2,1,"3) # of groups=5",3
"360172",-0.127484796629844,7,-0.0618312945227035,6,-1.26595407047168,8,-0.505461413510061,15,0.816021752903115,8,0.22,0.22,0.22,0.22,0.12,0.22,0.22,0.22,0.22,0.12,-0.33343833618117,5,2,1,"3) # of groups=5",2
"360174",0.479082812736388,6,0.445035557917469,6,-0.563861293345444,7,0.119249449981884,15,0.290434061946637,9,0.22,0.22,0.22,0.22,0.12,0.22,0.22,0.22,0.22,0.12,0.140343523437462,5,2,1,"3) # of groups=5",4
"360175",-0.674072819024245,6,0.0673563477988497,3,-0.529722671337339,8,-0.518405100618649,15,-0.157261956439288,9,0.22,0.22,0.22,0.22,0.12,0.22,0.22,0.22,0.22,0.12,-0.382937168272619,5,2,1,"3) # of groups=5",2
"360179",-0.0962017433465568,8,0.297818648597406,8,-0.502771012896499,9,-0.0338330713604628,15,0.559990226409667,10,0.22,0.22,0.22,0.22,0.12,0.22,0.22,0.22,0.22,0.12,-0.00649835221218473,5,2,1,"3) # of groups=5",3
"360180",2.40021451057226,8,-0.470673335363976,8,0.461895967992898,11,0.258829039655272,15,0.0211891999221038,10,0.22,0.22,0.22,0.22,0.12,0.22,0.22,0.22,0.22,0.12,0.585601264219072,5,2,1,"3) # of groups=5",4
"360185",0.414189879693348,5,0.0289598626392537,4,0.245573792668291,8,-0.108142944802427,15,-0.987611280153863,8,0.22,0.22,0.22,0.22,0.12,0.22,0.22,0.22,0.22,0.12,0.0092143762251989,5,2,1,"3) # of groups=5",3
"360189",-0.352639269756917,3,-0.411520148956483,2,0.147008656275148,5,0.535089705519009,15,-0.0481915261698319,7,0.22,0.22,0.22,0.22,0.12,0.22,0.22,0.22,0.22,0.12,-0.0238364156626133,4,1,1,"2) # of groups=4",3
"360197",0.105077520371288,5,-0.913822164834175,1,0.919794574087491,6,1.06051854024227,15,0.933017820997253,9,0.22,0.22,0.22,0.22,0.12,0.22,0.22,0.22,0.22,0.12,0.369707201890383,4,1,1,"2) # of groups=4",4
"360203",0.00397339884867397,4,0.376298289843721,6,0.0637654298606346,8,-0.278354101624601,15,0.264635886978159,9,0.22,0.22,0.22,0.22,0.12,0.22,0.22,0.22,0.22,0.12,0.0682065701616334,5,2,1,"3) # of groups=5",4
"360210",-0.355795494221212,4,0.46977034435148,3,0.185726597216561,8,0.735031765310013,15,0.330529128084206,8,0.22,0.22,0.22,0.22,0.12,0.22,0.22,0.22,0.22,0.12,0.26730480215461,5,2,1,"3) # of groups=5",4
"360211",-0.110384316203054,8,-0.220855682487496,6,-0.842464233662723,11,-0.795009350567149,15,-0.457126495038328,9,0.22,0.22,0.22,0.22,0.12,0.22,0.22,0.22,0.22,0.12,-0.487972167647092,5,2,1,"3) # of groups=5",2
"360218",-0.0539136576208403,7,-1.89441349684345,7,-1.17700205037696,10,-0.0941417846317505,15,0.299153282301477,10,0.22,0.22,0.22,0.22,0.12,0.22,0.22,0.22,0.22,0.12,-0.672385223807883,5,2,1,"3) # of groups=5",2
"360230",1.95603202673147,8,0.739257914257855,7,-0.496777462414498,11,-0.309590001760985,15,0.331182748622421,10,0.22,0.22,0.22,0.22,0.12,0.22,0.22,0.22,0.22,0.12,0.455304874733736,5,2,1,"3) # of groups=5",5
"360234",0.831888888184979,7,0.194204783661076,7,0.297799488408155,8,0.0490600626744868,15,0.62965587155676,9,0.22,0.22,0.22,0.22,0.12,0.22,0.22,0.22,0.22,0.12,0.377608413631124,5,2,1,"3) # of groups=5",4
"360236",1.4578284874572,4,-0.546839322574069,6,0.683759189859176,6,-0.025732026870768,15,0.708531944543017,9,0.22,0.22,0.22,0.22,0.12,0.22,0.22,0.22,0.22,0.12,0.430207425476901,5,2,1,"3) # of groups=5",4
"360239",0.552969085685437,5,0.187578891872041,3,-0.238706194110311,6,0.625581796241874,15,0.618394738446746,8,0.22,0.22,0.22,0.22,0.12,0.22,0.22,0.22,0.22,0.12,0.322240556145199,5,2,1,"3) # of groups=5",4
"360245",0.880308989902137,1,1.15927422234555,1,2.21108609312467,1,NA,0,1.00713297598119,1,0.22,0.22,0.22,0.22,0.12,0.282051282051282,0.282051282051282,0.282051282051282,NA,0.153846153846154,1.35385026192264,0,0,0,"",NA
"360259",0.165777502125184,5,0.00581012330442317,3,-0.620618217729681,8,0.111048973036605,15,0.741791154754493,8,0.22,0.22,0.22,0.22,0.12,0.22,0.22,0.22,0.22,0.12,0.014658982332576,5,2,1,"3) # of groups=5",3
"360263",0.880308989902137,1,0.136346216269428,2,-1.0846888668271,3,1.38723787599782,15,2.17983467077901,2,0.22,0.22,0.22,0.22,0.12,0.22,0.22,0.22,0.22,0.12,0.551805087868784,2,0,0,"",NA
"360266",0.153527455819019,1,-0.193232493322335,2,2.59861489947235,3,1.06983697367164,15,-0.981673327084977,4,0.22,0.22,0.22,0.22,0.12,0.22,0.22,0.22,0.22,0.12,0.680523504590751,3,0,0,"",NA
"360270",0.715992128222034,4,0.0733949809319144,1,-0.12419691512908,8,1.18440607639253,15,0.538952833239634,8,0.22,0.22,0.22,0.22,0.12,0.22,0.22,0.22,0.22,0.12,0.471585519480584,4,1,1,"2) # of groups=4",4
"360276",0.661521302954544,7,-0.517547658851848,7,-1.30448435763819,8,-0.140132969254891,15,-1.13424817634581,8,0.22,0.22,0.22,0.22,0.12,0.22,0.22,0.22,0.22,0.12,-0.422251391375382,5,2,1,"3) # of groups=5",2
"360348",0.157114883039373,7,0.0717685254584065,6,0.0112071117954609,6,1.00168991713878,15,-0.224583380950339,8,0.22,0.22,0.22,0.22,0.12,0.22,0.22,0.22,0.22,0.12,0.246241690521004,5,2,1,"3) # of groups=5",4
"360351",1.60709052398526,1,1.72549381706294,3,0.254622578319482,3,1.85157367846416,15,0.840206400290807,3,0.22,0.22,0.22,0.22,0.12,0.22,0.22,0.22,0.22,0.12,1.2973564995579,4,1,1,"2) # of groups=4",5
"360352",0.395787967180062,1,-0.43005048955344,4,0.709636071737843,6,2.01803311414902,15,0.662993040270922,6,0.22,0.22,0.22,0.22,0.12,0.22,0.22,0.22,0.22,0.12,0.672108630805477,4,1,1,"2) # of groups=4",4
"360354",0.63014306275319,6,0.243482458038063,7,-0.425662995036895,10,-0.0850006142719184,15,-0.143942399588724,9,0.22,0.22,0.22,0.22,0.12,0.22,0.22,0.22,0.22,0.12,0.0625785325754898,5,2,1,"3) # of groups=5",3
"360355",0.395787967180062,1,-0.307465846616472,2,1.25509140994346,3,1.14341402960419,5,-0.648823694256233,5,0.22,0.22,0.22,0.22,0.12,0.22,0.22,0.22,0.22,0.12,0.469243219913725,3,0,0,"",NA
"360358",NA,0,NA,0,NA,0,NA,0,0.67915527853015,4,0.22,0.22,0.22,0.22,0.12,NA,NA,NA,NA,1,0.67915527853015,1,0,0,"",NA
"360359",0.665203355891822,8,0.447476173271312,7,-0.203635504967603,9,-0.631082757687301,15,-0.222941680642813,10,0.22,0.22,0.22,0.22,0.12,0.22,0.22,0.22,0.22,0.12,0.0343984769546731,5,2,1,"3) # of groups=5",3
"360360",0.982777319212184,7,-0.188702030825028,6,-1.20550145166228,7,0.656859609512536,15,0.561935422764942,9,0.22,0.22,0.22,0.22,0.12,0.22,0.22,0.22,0.22,0.12,0.121427608904024,5,2,1,"3) # of groups=5",4
"360361",NA,0,0.0733949809319144,1,0.695273742170553,2,0.776441817675925,5,0.184151811742526,7,0.22,0.22,0.22,0.22,0.12,NA,0.282051282051282,0.282051282051282,0.282051282051282,0.153846153846154,0.464131456897884,2,0,0,"",NA
"360364",1.85196736899373,6,-0.181857352337405,7,0.682053849668348,7,0.580993596611909,15,-0.110669783211923,9,0.22,0.22,0.22,0.22,0.12,0.22,0.22,0.22,0.22,0.12,0.632014267860617,5,2,1,"3) # of groups=5",5
"360365",0.210775730456555,6,0.0768551867268808,2,0.0678995162259995,6,0.63303497843329,15,1.0953374024662,9,0.22,0.22,0.22,0.22,0.12,0.22,0.22,0.22,0.22,0.12,0.348924878901344,4,1,1,"2) # of groups=4",4
"360367",0.395787967180062,1,0.196797124152676,1,0.0629746323323521,2,0.638195419503135,5,0.830431852565034,5,0.22,0.22,0.22,0.22,0.12,0.22,0.22,0.22,0.22,0.12,0.384277953804814,2,0,0,"",NA
"360368",1.05040762403981,5,0.708886209054306,2,0.210510370547772,6,1.3385675050193,15,1.01909655947441,8,0.22,0.22,0.22,0.22,0.12,0.22,0.22,0.22,0.22,0.12,0.850133363042391,4,1,1,"2) # of groups=4",5
"360374",0.395787967180062,1,0.575593883714979,1,-1.5511104587158,1,NA,0,0.632738754263542,5,0.22,0.22,0.22,0.22,0.12,0.282051282051282,0.282051282051282,0.282051282051282,NA,0.153846153846154,-0.0661687733447974,1,0,0,"",NA
"361300",-0.831679552481011,2,NA,0,-0.378800509910578,3,NA,0,0.19614806359012,4,0.22,0.22,0.22,0.22,0.12,0.392857142857143,NA,0.392857142857143,NA,0.214285714285714,-0.433514010884527,2,0,0,"",NA
"361302",NA,0,NA,0,-0.0462318379796146,1,NA,0,-0.588807502413836,4,0.22,0.22,0.22,0.22,0.12,NA,NA,0.647058823529412,NA,0.352941176470588,-0.23772913130934,1,0,0,"",NA
"361303",NA,0,1.15927422234555,1,0.522257997086598,1,0.0900651080305932,5,1.06736072923957,5,0.22,0.22,0.22,0.22,0.12,NA,0.282051282051282,0.282051282051282,0.282051282051282,0.153846153846154,0.663890640449425,2,0,0,"",NA
"361304",-0.406330864992417,1,NA,0,-0.547858044891677,1,1.04002167993332,5,0.958970636064755,7,0.22,0.22,0.22,0.22,0.12,0.282051282051282,NA,0.282051282051282,0.282051282051282,0.153846153846154,0.171743186844359,2,0,0,"",NA
"361306",0.663902694277172,4,1.15927422234555,1,0.174484943559335,4,1.48326618424524,15,0.0984707479889107,6,0.22,0.22,0.22,0.22,0.12,0.22,0.22,0.22,0.22,0.12,0.777620659532675,4,1,1,"2) # of groups=4",5
"361307",0.837441690786354,5,0.234880958772728,1,-0.214753884267021,6,1.15905054770434,15,0.776992091534653,8,0.22,0.22,0.22,0.22,0.12,0.22,0.22,0.22,0.22,0.12,0.536895299843367,4,1,1,"2) # of groups=4",4
"361308",0.300588408048168,4,NA,0,-0.634684850627549,5,1.29322531447065,10,1.10679033577026,7,0.22,0.22,0.22,0.22,0.12,0.282051282051282,NA,0.282051282051282,0.282051282051282,0.153846153846154,0.44079896424168,4,1,1,"2) # of groups=4",4
"361309",-1.34044146101971,4,NA,0,-0.408500070331375,5,NA,0,0.756255833109767,8,0.22,0.22,0.22,0.22,0.12,0.392857142857143,NA,0.392857142857143,NA,0.214285714285714,-0.525029351650119,3,1,1,"1) # of groups=3",2
"361310",-0.417719288208235,2,NA,0,0.818594944739392,4,0.714010350882837,5,0.697043261748689,8,0.22,0.22,0.22,0.22,0.12,0.282051282051282,NA,0.282051282051282,0.282051282051282,0.153846153846154,0.421692452616566,3,0,0,"",NA
"361311",0.638048478541098,1,NA,0,-0.765938683515075,2,NA,0,-0.0673132378572292,4,0.22,0.22,0.22,0.22,0.12,0.392857142857143,NA,0.392857142857143,NA,0.214285714285714,-0.0646668457806115,1,0,0,"",NA
"361312",0.355348649797244,4,1.15927422234555,1,0.218509557843432,4,0.183078169627224,5,0.907970872496989,6,0.22,0.22,0.22,0.22,0.12,0.22,0.22,0.22,0.22,0.12,0.530522836614598,4,1,1,"2) # of groups=4",4
"361313",-1.05777510098618,1,NA,0,-2.08851658248802,3,NA,0,0.670852231549534,2,0.22,0.22,0.22,0.22,0.12,0.392857142857143,NA,0.392857142857143,NA,0.214285714285714,-1.09228911174711,1,0,0,"",NA
"361314",-0.806292863342531,4,1.16593449887969,1,-1.72035365015599,8,0.783090216788078,15,1.17215491716263,5,0.22,0.22,0.22,0.22,0.12,0.22,0.22,0.22,0.22,0.12,0.01358179453675,4,1,1,"2) # of groups=4",3
"361315",0.387185129177792,2,NA,0,0.309887314340198,5,NA,0,0.132205287748387,6,0.22,0.22,0.22,0.22,0.12,0.392857142857143,NA,0.392857142857143,NA,0.214285714285714,0.302179593042436,2,0,0,"",NA
"361316",-1.51696613915724,2,1.15927422234555,1,-0.410365423912789,4,-0.214234000640187,5,0.428973874914611,6,0.22,0.22,0.22,0.22,0.12,0.22,0.22,0.22,0.22,0.12,-0.164627230110473,3,0,0,"",NA
"361318",0.55754091382674,4,-0.176509143566141,2,0.469024957932602,6,0.467542272748855,15,0.702214096229344,5,0.22,0.22,0.22,0.22,0.12,0.22,0.22,0.22,0.22,0.12,0.374137471754774,4,1,1,"2) # of groups=4",4
"361319",1.36483001262422,1,1.10111235738174,2,0.755878577169643,3,1.63196165111688,10,-1.31080936105962,5,0.22,0.22,0.22,0.22,0.12,0.22,0.22,0.22,0.22,0.12,0.910535048297192,3,0,0,"",NA
"361320",-0.0238617748199623,3,-1.39327998582835,1,0.268848558635468,3,1.6376251896645,10,0.04812784427522,7,0.22,0.22,0.22,0.22,0.12,0.22,0.22,0.22,0.22,0.12,0.113428378596391,4,1,1,"2) # of groups=4",3
"361321",-1.22716098050642,2,NA,0,0.330511269187585,3,NA,0,-0.31558182712493,5,0.22,0.22,0.22,0.22,0.12,0.392857142857143,NA,0.392857142857143,NA,0.214285714285714,-0.419879920973456,2,0,0,"",NA
"361322",NA,0,NA,0,0.522257997086598,1,NA,0,-0.0151630557475923,5,0.22,0.22,0.22,0.22,0.12,NA,NA,0.647058823529412,NA,0.352941176470588,0.332579978439237,1,0,0,"",NA
"361323",-1.05697365256541,2,1.15927422234555,1,-0.0569420383277315,5,0.497081427994999,15,1.0222801602235,8,0.22,0.22,0.22,0.22,0.12,0.22,0.22,0.22,0.22,0.12,0.24201041030525,3,0,0,"",NA
"361324",1.08769594397252,3,1.15927422234555,1,-1.16900415012686,5,NA,0,0.554174395886243,5,0.22,0.22,0.22,0.22,0.12,0.282051282051282,0.282051282051282,0.282051282051282,NA,0.153846153846154,0.389299296241558,3,1,1,"1) # of groups=3",4
"361325",-1.5992318792792,4,1.15927422234555,1,0.0994222390549575,6,0.393903020991974,15,0.521669679415645,6,0.22,0.22,0.22,0.22,0.12,0.22,0.22,0.22,0.22,0.12,0.0743412342147994,4,1,1,"2) # of groups=4",3
"361326",0.0483681316880166,4,1.15927422234555,1,0.43422616955274,5,-0.360908868393518,5,-2.86920052130887,6,0.22,0.22,0.22,0.22,0.12,0.22,0.22,0.22,0.22,0.12,-0.0624929384146509,4,1,1,"2) # of groups=4",3
"361327",NA,0,NA,0,NA,0,NA,0,1.09192524123814,3,0.22,0.22,0.22,0.22,0.12,NA,NA,NA,NA,1,1.09192524123814,1,0,0,"",NA
"361328",-0.275896409856922,4,1.15927422234555,1,0.460819469446854,8,1.38898977156109,15,1.07847614764338,7,0.22,0.22,0.22,0.22,0.12,0.22,0.22,0.22,0.22,0.12,0.730718289486451,4,1,1,"2) # of groups=4",5
"361329",0.501204948557641,4,0.713675579428008,1,0.62973961371401,8,1.13792319497783,10,0.503713051571042,5,0.22,0.22,0.22,0.22,0.12,0.22,0.22,0.22,0.22,0.12,0.716605100257573,4,1,1,"2) # of groups=4",5
"361330",1.19208954656382,2,NA,0,0.0154263984900486,3,1.01288114350179,15,-0.0535543678607106,3,0.22,0.22,0.22,0.22,0.12,0.282051282051282,NA,0.282051282051282,0.282051282051282,0.153846153846154,0.618026711973025,3,0,0,"",NA
"361331",0.53867119230924,3,-0.728610509301668,1,0.324907886512397,5,-0.468470711272008,15,0.681695215615467,7,0.22,0.22,0.22,0.22,0.12,0.22,0.22,0.22,0.22,0.12,0.00843295468840743,4,1,1,"2) # of groups=4",3
"361332",0.493112571594114,4,-2.06074219124801,1,-0.0856569980968462,6,1.07187709941308,10,-0.267211456446475,6,0.22,0.22,0.22,0.22,0.12,0.22,0.22,0.22,0.22,0.12,-0.159975468807863,4,1,1,"2) # of groups=4",3
"361333",-1.62739751425967,4,1.16260436061262,2,-0.0747305711440306,8,0.45654735255321,10,-0.163723358771868,9,0.22,0.22,0.22,0.22,0.12,0.22,0.22,0.22,0.22,0.12,-0.0379016049449557,4,1,1,"2) # of groups=4",3
"361334",0.164915879034837,2,1.15927422234555,1,-0.463640468105148,3,-0.805276013484215,5,-0.121655849337063,7,0.22,0.22,0.22,0.22,0.12,0.22,0.22,0.22,0.22,0.12,-0.00243850556642227,3,0,0,"",NA
"370001",-0.0834656255668763,8,0.346150174910016,8,0.253540226989571,11,-0.707724581158413,15,-0.51815215030044,9,0.22,0.22,0.22,0.22,0.12,0.22,0.22,0.22,0.22,0.12,-0.104308215097707,5,2,1,"3) # of groups=5",3
"370002",-0.173701770282714,4,0.127682812502647,3,-0.00384535211424183,7,-0.710613683742802,15,-0.422466080171044,7,0.22,0.22,0.22,0.22,0.12,0.22,0.22,0.22,0.22,0.12,-0.21800108822069,5,2,1,"3) # of groups=5",3
"370004",-1.47620158923134,4,0.678035673249115,2,0.510046501965461,6,1.39863636978491,15,0.40950015946398,7,0.22,0.22,0.22,0.22,0.12,0.22,0.22,0.22,0.22,0.12,0.29345374940467,4,1,1,"2) # of groups=4",4
"370006",-0.959883496335319,5,-0.0841433781925345,5,0.169824844862112,7,-0.465678723856528,15,0.131875128068019,9,0.22,0.22,0.22,0.22,0.12,0.22,0.22,0.22,0.22,0.12,-0.278948750406737,5,2,1,"3) # of groups=5",2
"370008",-1.61693860848576,8,0.16103843290897,8,0.124198680222946,11,-0.666415423594249,15,0.53747008952872,10,0.22,0.22,0.22,0.22,0.12,0.22,0.22,0.22,0.22,0.12,-0.375089311425134,5,2,1,"3) # of groups=5",2
"370013",0.208018716881311,6,0.401208969787948,8,0.68367459504834,9,0.312737315140364,15,0.160228031572273,9,0.22,0.22,0.22,0.22,0.12,0.22,0.22,0.22,0.22,0.12,0.372468075097425,5,2,1,"3) # of groups=5",4
"370014",-0.286958973748149,6,0.699383434720176,5,-2.76493281496056,8,-2.23454376848495,15,-1.1174927029994,7,0.22,0.22,0.22,0.22,0.12,0.22,0.22,0.22,0.22,0.12,-1.14325059130409,5,2,1,"3) # of groups=5",1
"370015",1.0887012977539,3,0.0733949809319144,1,0.0396163986051564,5,0.206599285823683,5,0.533656803384735,8,0.22,0.22,0.22,0.22,0.12,0.22,0.22,0.22,0.22,0.12,0.373867448291392,4,1,1,"2) # of groups=4",4
"370016",-1.11711256566461,6,0.130517952029141,3,0.17724217609039,9,0.119933107016653,15,-0.639951268948383,8,0.22,0.22,0.22,0.22,0.12,0.22,0.22,0.22,0.22,0.12,-0.22846640499006,5,2,1,"3) # of groups=5",3
"370018",-1.65936620153867,7,-0.343226197438248,3,0.523752382324702,8,0.404555879854612,10,0.653727190774282,8,0.22,0.22,0.22,0.22,0.12,0.22,0.22,0.22,0.22,0.12,-0.157895247202559,5,2,1,"3) # of groups=5",3
"370019",-0.435822611589686,3,-1.49320323617694,3,-0.823048819293655,6,0.0795662097008289,15,1.20647796695244,7,0.22,0.22,0.22,0.22,0.12,0.22,0.22,0.22,0.22,0.12,-0.443174504584787,5,2,1,"3) # of groups=5",2
"370020",1.07355707528349,5,0.073648030377311,6,-0.104513403315302,9,0.0770144199531638,15,0.753493490494581,8,0.22,0.22,0.22,0.22,0.12,0.22,0.22,0.22,0.22,0.12,0.336754565765056,5,2,1,"3) # of groups=5",4
"370022",-0.541705002959251,5,-0.714295821402784,4,-0.0696621242447243,7,0.304089537687787,15,0.152595996351478,7,0.22,0.22,0.22,0.22,0.12,0.22,0.22,0.22,0.22,0.12,-0.206434630839997,5,2,1,"3) # of groups=5",3
"370023",0.300438292368989,7,-0.768280089005913,5,-0.923378225894348,7,0.34426386193418,15,0.0891957627463772,10,0.22,0.22,0.22,0.22,0.12,0.22,0.22,0.22,0.22,0.12,-0.219626863801795,5,2,1,"3) # of groups=5",3
"370025",1.87255794248272,7,0.275598499452039,7,-1.23347082846228,10,-0.232613841460042,15,-0.936134622435189,10,0.22,0.22,0.22,0.22,0.12,0.22,0.22,0.22,0.22,0.12,0.0377196351505134,5,2,1,"3) # of groups=5",3
"370026",-1.26848010805672,7,-0.431776668251116,5,0.770670892917981,10,0.21916811569075,15,0.316852897739077,9,0.22,0.22,0.22,0.22,0.12,0.22,0.22,0.22,0.22,0.12,-0.118269561165114,5,2,1,"3) # of groups=5",3
"370028",-0.603555443291744,8,0.14208980561266,8,0.0221079766834671,11,-0.384754942023649,15,0.533691018751308,8,0.22,0.22,0.22,0.22,0.12,0.22,0.22,0.22,0.22,0.12,-0.117261850414082,5,2,1,"3) # of groups=5",3
"370034",0.425994489942421,6,-0.115358445205187,5,0.00463075667821168,7,-0.735631363493674,15,1.2663331729458,9,0.22,0.22,0.22,0.22,0.12,0.22,0.22,0.22,0.22,0.12,0.0594797770962858,5,2,1,"3) # of groups=5",3
"370037",0.457868867711763,8,-0.106438971788928,7,0.511041098657854,11,-0.0052227564865263,15,-0.00798340411310694,9,0.22,0.22,0.22,0.22,0.12,0.22,0.22,0.22,0.22,0.12,0.187636603887143,5,2,1,"3) # of groups=5",4
"370039",-0.107405119719547,4,0.801437816469876,2,0.694932395787179,6,-0.014931053023699,15,0.348772461115643,8,0.22,0.22,0.22,0.22,0.12,0.22,0.22,0.22,0.22,0.12,0.344140184026915,4,1,1,"2) # of groups=4",4
"370047",1.52037006077456,7,0.71642943657817,2,-0.494912151087207,8,0.115960226937392,15,0.407603443306785,10,0.22,0.22,0.22,0.22,0.12,0.22,0.22,0.22,0.22,0.12,0.457638879301456,4,1,1,"2) # of groups=4",4
"370049",-0.438349371600114,7,0.972145302702127,7,-0.544038331013161,10,0.577864069361641,15,0.200200514482551,10,0.22,0.22,0.22,0.22,0.12,0.22,0.22,0.22,0.22,0.12,0.148900829017015,5,2,1,"3) # of groups=5",4
"370054",-1.60164407974354,4,-0.693189449081392,3,0.388217497690192,7,0.0174643527765432,15,0.42125126758052,9,0.22,0.22,0.22,0.22,0.12,0.22,0.22,0.22,0.22,0.12,-0.365063217129141,5,2,1,"3) # of groups=5",2
"370056",0.00977309271926755,8,-0.552948632089628,7,-1.37013592935934,11,-0.96967579333078,15,-0.338080730770538,10,0.22,0.22,0.22,0.22,0.12,0.22,0.22,0.22,0.22,0.12,-0.67482688534577,5,2,1,"3) # of groups=5",2
"370057",0.313599520787048,2,NA,0,0.900075708827537,4,-0.074036783973696,5,-0.109193335971422,7,0.22,0.22,0.22,0.22,0.12,0.282051282051282,NA,0.282051282051282,0.282051282051282,0.153846153846154,0.304637509903109,3,0,0,"",NA
"370078",-0.594512778085259,8,0.301113882282937,6,-0.941078674592313,8,-0.960947562078163,15,0.345133789964333,8,0.22,0.22,0.22,0.22,0.12,0.22,0.22,0.22,0.22,0.12,-0.441577474348296,5,2,1,"3) # of groups=5",2
"370083",-0.431686881899655,4,NA,0,0.0973302930602613,4,NA,0,-1.16665357636648,5,0.22,0.22,0.22,0.22,0.12,0.392857142857143,NA,0.392857142857143,NA,0.214285714285714,-0.381351569122579,3,1,1,"1) # of groups=3",3
"370089",-0.337345778556876,7,-1.49583934410392,5,0.253068820186235,10,-0.256861726684316,15,-0.267868945968201,9,0.22,0.22,0.22,0.22,0.12,0.22,0.22,0.22,0.22,0.12,-0.436279439931137,5,2,1,"3) # of groups=5",2
"370091",0.937477364683326,8,0.25605981135724,8,0.80861458372632,11,0.200621373168739,15,-0.150249001657865,10,0.22,0.22,0.22,0.22,0.12,0.22,0.22,0.22,0.22,0.12,0.466580209046894,5,2,1,"3) # of groups=5",5
"370093",-0.688683207540888,7,-0.906203080648048,8,-0.100723545818215,10,-1.21378938631032,15,-0.16536021064003,8,0.22,0.22,0.22,0.22,0.12,0.22,0.22,0.22,0.22,0.12,-0.659911053746647,5,2,1,"3) # of groups=5",2
"370094",0.0155900469167501,7,-0.169653443611173,7,-1.13981175928023,10,-0.969215968460499,15,-0.465559548801617,8,0.22,0.22,0.22,0.22,0.12,0.22,0.22,0.22,0.22,0.12,-0.553747193231927,5,2,1,"3) # of groups=5",2
"370097",0.0837564526650598,5,-0.208003160355984,2,-0.259320436737069,6,-0.598086083746382,15,-0.655232721936112,8,0.22,0.22,0.22,0.22,0.12,0.22,0.22,0.22,0.22,0.12,-0.294591636830696,4,1,1,"2) # of groups=4",2
"370099",0.00977022936984872,3,NA,0,0.475926646687673,4,1.03782922497522,5,0.778490548611185,6,0.22,0.22,0.22,0.22,0.12,0.282051282051282,NA,0.282051282051282,0.282051282051282,0.153846153846154,0.549480266744289,4,1,1,"2) # of groups=4",4
"370100",-1.08466113263253,4,NA,0,-0.235269242937676,5,-4.611437870309,5,-3.85519706535576,6,0.22,0.22,0.22,0.22,0.12,0.282051282051282,NA,0.282051282051282,0.282051282051282,0.153846153846154,-2.26605725889246,4,1,1,"2) # of groups=4",1
"370106",-0.451199438474793,8,0.193904499330286,6,-0.480066506637459,10,-0.712156873587905,15,0.172803273865816,9,0.22,0.22,0.22,0.22,0.12,0.22,0.22,0.22,0.22,0.12,-0.298157637397474,5,2,1,"3) # of groups=5",2
"370112",0.861081406964318,3,NA,0,0.673362351752079,4,-0.684598562239326,5,-0.0312368489255231,7,0.22,0.22,0.22,0.22,0.12,0.282051282051282,NA,0.282051282051282,0.282051282051282,0.153846153846154,0.234894258146016,4,1,1,"2) # of groups=4",3
"370113",0.52331912577973,5,0.801437816469876,2,0.560383622587909,8,0.290696052213902,15,0.520167316585579,8,0.22,0.22,0.22,0.22,0.12,0.22,0.22,0.22,0.22,0.12,0.541104133741581,4,1,1,"2) # of groups=4",4
"370114",-0.444281309323836,8,-0.241461355113438,7,1.22053328789385,10,-1.23901234871175,10,0.397948101916972,8,0.22,0.22,0.22,0.22,0.12,0.22,0.22,0.22,0.22,0.12,-0.107175007326102,5,2,1,"3) # of groups=5",3
"37012F",1.07242237827306,3,-0.00943893177171751,4,2.61107304339872,5,1.03548275837821,10,-0.241608707353273,4,0.22,0.22,0.22,0.22,0.12,0.22,0.22,0.22,0.22,0.12,1.00710558973883,5,2,1,"3) # of groups=5",5
"370149",-1.32613010699092,6,-0.220724015665589,6,0.434541369760187,9,0.428909600256342,15,0.625589252490593,10,0.22,0.22,0.22,0.22,0.12,0.22,0.22,0.22,0.22,0.12,-0.0752779832819244,5,2,1,"3) # of groups=5",3
"37014F",0.799927028862864,5,-2.53404832741031,3,-0.0455320733388205,5,0.257357922480763,10,0.183413848579595,4,0.22,0.22,0.22,0.22,0.12,0.22,0.22,0.22,0.22,0.12,-0.312895337039659,5,2,1,"3) # of groups=5",2
"370158",0.0157973081523565,3,NA,0,0.195255247586705,4,-0.11484300174417,5,0.421646702344251,7,0.22,0.22,0.22,0.22,0.12,0.282051282051282,NA,0.282051282051282,0.282051282051282,0.153846153846154,0.0920047514874183,4,1,1,"2) # of groups=4",3
"370166",-0.0823226954334944,3,0.196797124152676,1,-0.0134357327974443,4,-0.682406107281228,5,-0.850015837628114,6,0.22,0.22,0.22,0.22,0.12,0.22,0.22,0.22,0.22,0.12,-0.229902731014462,4,1,1,"2) # of groups=4",2
"370170",0.395787967180062,1,0.0733949809319144,1,0.957020575844511,1,NA,0,1.60831636988627,1,0.22,0.22,0.22,0.22,0.12,0.282051282051282,0.282051282051282,0.282051282051282,NA,0.153846153846154,0.649695820072794,0,0,0,"",NA
"370171",-0.501412809002901,6,-1.21959424648671,3,0.352748276946996,4,0.13950114797293,15,2.28991858077697,3,0.22,0.22,0.22,0.22,0.12,0.22,0.22,0.22,0.22,0.12,0.00446355096790574,5,2,1,"3) # of groups=5",3
"370172",-0.0824689918784926,2,NA,0,2.57276968467471,3,1.44280040025491,15,1.54618160063532,2,0.22,0.22,0.22,0.22,0.12,0.282051282051282,NA,0.282051282051282,0.282051282051282,0.153846153846154,1.3472102981378,2,0,0,"",NA
"370173",0.395787967180062,1,NA,0,0.706207472388479,1,1.74682206355793,10,1.37066319297545,3,0.22,0.22,0.22,0.22,0.12,0.282051282051282,NA,0.282051282051282,0.282051282051282,0.153846153846154,1.01438388954472,2,0,0,"",NA
"370178",1.14077328765103,3,0.0733949809319144,1,0.559252772176582,3,NA,0,-0.0879248827612813,5,0.22,0.22,0.22,0.22,0.12,0.282051282051282,0.282051282051282,0.282051282051282,NA,0.153846153846154,0.486668773122746,3,1,1,"1) # of groups=3",4
"370180",0.408561645547674,3,0.563589498144315,3,1.47393571709521,4,1.48316836650994,15,2.59543556159362,2,0.22,0.22,0.22,0.22,0.12,0.22,0.22,0.22,0.22,0.12,1.1758884173966,4,2,1,"2) # of groups=4",5
"370183",0.700006398988132,2,0.0733949809319144,1,-0.160088868907274,3,1.00088243530266,5,1.22721062908527,7,0.22,0.22,0.22,0.22,0.12,0.22,0.22,0.22,0.22,0.12,0.502388163679627,3,0,0,"",NA
"370192",0.395787967180062,1,0.320199267373437,1,0.564124082249723,2,0.232454779655183,5,-0.996795290744418,2,0.22,0.22,0.22,0.22,0.12,0.22,0.22,0.22,0.22,0.12,0.213149106331519,1,0,0,"",NA
"370199",NA,0,-0.0603778864778489,1,0.906130196524814,2,1.22710832805526,15,2.16667716651423,4,0.22,0.22,0.22,0.22,0.12,NA,0.282051282051282,0.282051282051282,0.282051282051282,0.153846153846154,0.917987949184868,2,0,0,"",NA
"370201",0.395787967180062,1,0.35229996690576,2,0.757893962883112,3,0.697757325002646,15,-3.04276597262544,1,0.22,0.22,0.22,0.22,0.12,0.22,0.22,0.22,0.22,0.12,0.119690712118695,2,0,0,"",NA
"370202",0.168226989649611,7,0.227931211399409,8,0.764790092412866,8,-0.799155804319486,15,-0.51333498971751,9,0.22,0.22,0.22,0.22,0.12,0.22,0.22,0.22,0.22,0.12,0.0179941488452268,5,2,1,"3) # of groups=5",3
"370203",0.153527455819019,1,0.406968448076719,4,0.873370991933982,4,0.455042577548113,15,-0.208271703780655,7,0.22,0.22,0.22,0.22,0.12,0.22,0.22,0.22,0.22,0.12,0.390567479689445,4,1,1,"2) # of groups=4",4
"370206",2.57613256942941,1,1.54185067579444,2,3.19909193952212,2,1.20458002783158,15,-0.313531856807542,4,0.22,0.22,0.22,0.22,0.12,0.22,0.22,0.22,0.22,0.12,1.83714032395016,2,0,0,"",NA
"370210",1.36483001262422,1,1.32346877602541,5,1.28742282784542,6,0.989525271393075,15,-0.301201366586892,8,0.22,0.22,0.22,0.22,0.12,0.22,0.22,0.22,0.22,0.12,1.05621015134496,4,1,1,"2) # of groups=4",5
"370211",-0.0673371668780048,6,-0.0716389803583723,5,0.614851840372972,6,0.177002426234173,15,0.650182008311562,8,0.22,0.22,0.22,0.22,0.12,0.22,0.22,0.22,0.22,0.12,0.221655027258956,5,2,1,"3) # of groups=5",4
"370212",0.395787967180062,1,-0.172462938384315,2,-0.677292287372991,4,0.71610309205348,5,-1.65869856532139,6,0.22,0.22,0.22,0.22,0.12,0.22,0.22,0.22,0.22,0.12,-0.141373944473795,3,0,0,"",NA
"370214",NA,0,-2.52154245858793,1,NA,0,NA,0,-1.62451206636072,2,0.22,0.22,0.22,0.22,0.12,NA,0.647058823529412,NA,NA,0.352941176470588,-2.20494349662539,0,0,0,"",NA
"370215",-0.415273945985929,7,0.403200431623385,4,-0.780185006574711,7,1.70300703928061,15,0.963253212594921,7,0.22,0.22,0.22,0.22,0.12,0.22,0.22,0.22,0.22,0.12,0.315955059546929,5,2,1,"3) # of groups=5",4
"370216",0.153527455819019,1,0.835675660620716,2,-1.1070325110104,4,1.82464059954559,15,-0.890133255084091,6,0.22,0.22,0.22,0.22,0.12,0.22,0.22,0.22,0.22,0.12,0.268682474484393,3,0,0,"",NA
"370218",1.37243430118762,6,0.390306046418432,5,-0.079034290651289,7,0.505505789336428,15,-0.388489548987544,9,0.22,0.22,0.22,0.22,0.12,0.22,0.22,0.22,0.22,0.12,0.435007860305557,5,2,1,"3) # of groups=5",5
"370220",0.395787967180062,1,-0.409034345657747,2,-0.413303985098348,3,0.374986373956714,5,-1.18155547942087,2,0.22,0.22,0.22,0.22,0.12,0.22,0.22,0.22,0.22,0.12,-0.153130735246755,2,0,0,"",NA
"370222",0.880308989902137,1,0.228897823684999,2,0.00311419359744589,3,1.48851333068545,15,1.1244740023271,5,0.22,0.22,0.22,0.22,0.12,0.22,0.22,0.22,0.22,0.12,0.707120434610659,3,0,0,"",NA
"370225",0.153527455819019,1,0.135096052542295,1,0.690007390972431,2,-0.192521780260487,5,1.153409998852,3,0.22,0.22,0.22,0.22,0.12,0.22,0.22,0.22,0.22,0.12,0.311353206058357,2,0,0,"",NA
"370227",0.423899860589166,3,NA,0,1.07632103519609,5,0.800678619598333,10,0.839512657958722,7,0.22,0.22,0.22,0.22,0.12,0.282051282051282,NA,0.282051282051282,0.282051282051282,0.153846153846154,0.778127451717226,4,1,1,"2) # of groups=4",5
"370228",0.837058477257192,3,0.182258168065794,3,0.399429871163672,6,1.01162112443329,15,1.0923470191172,8,0.22,0.22,0.22,0.22,0.12,0.22,0.22,0.22,0.22,0.12,0.665762523296453,5,2,1,"3) # of groups=5",5
"370234",0.859426663316199,6,0.554633530028354,2,1.37934555709255,6,1.77454336431953,15,1.07304310969559,9,0.22,0.22,0.22,0.22,0.12,0.22,0.22,0.22,0.22,0.12,1.13371397840993,4,1,1,"2) # of groups=4",5
"370235",0.968586649218272,3,0.918146287169117,2,0.181235546806539,6,0.331367983575662,10,-0.569279008751496,8,0.22,0.22,0.22,0.22,0.12,0.22,0.22,0.22,0.22,0.12,0.45954054163913,4,1,1,"2) # of groups=4",4
"370236",-0.624823197450368,6,0.961392864021188,4,1.05221071859928,7,0.357874516192103,15,-8.13335575807647,9,0.22,0.22,0.22,0.22,0.12,0.22,0.22,0.22,0.22,0.12,-0.591738612669492,5,2,1,"3) # of groups=5",2
"370237",0.0825227804581781,3,-0.924101531809516,1,-0.239186489780904,4,1.40291978892449,10,0.910340477000056,7,0.22,0.22,0.22,0.22,0.12,0.22,0.22,0.22,0.22,0.12,0.180114857754301,4,1,1,"2) # of groups=4",3
"370240",-1.16751693345088,2,NA,0,0.8040496485102,2,NA,0,0.698856567282004,7,0.22,0.22,0.22,0.22,0.12,0.392857142857143,NA,0.392857142857143,NA,0.214285714285714,0.00696425961944797,1,0,0,"",NA
"370243",0.638048478541098,1,0.0733949809319144,1,-0.0462318379796146,1,NA,0,0.723209730419594,2,0.22,0.22,0.22,0.22,0.12,0.282051282051282,0.282051282051282,0.282051282051282,NA,0.153846153846154,0.298886826126793,0,0,0,"",NA
"370244",0.638048478541098,1,NA,0,0.204581265476417,1,0.940543709680214,5,-1.49303676414345,3,0.22,0.22,0.22,0.22,0.12,0.282051282051282,NA,0.282051282051282,0.282051282051282,0.153846153846154,0.27324839502088,2,0,0,"",NA
"370245",NA,0,NA,0,-1.30029735525977,1,NA,0,-1.33876110572666,2,0.22,0.22,0.22,0.22,0.12,NA,NA,0.647058823529412,NA,0.352941176470588,-1.31387279660103,0,0,0,"",NA
"370246",NA,0,NA,0,NA,0,NA,0,0.706541279028658,1,0.22,0.22,0.22,0.22,0.12,NA,NA,NA,NA,1,0.706541279028658,0,0,0,"",NA
"371300",-0.472756847824978,3,NA,0,2.13270943099952,3,NA,0,-0.142892279007128,4,0.22,0.22,0.22,0.22,0.12,0.392857142857143,NA,0.392857142857143,NA,0.214285714285714,0.621504455031328,3,1,1,"1) # of groups=3",4
"371301",NA,0,NA,0,NA,0,NA,0,1.00814651991934,4,0.22,0.22,0.22,0.22,0.12,NA,NA,NA,NA,1,1.00814651991934,1,0,0,"",NA
"371302",NA,0,NA,0,NA,0,NA,0,1.33743703341373,5,0.22,0.22,0.22,0.22,0.12,NA,NA,NA,NA,1,1.33743703341373,1,0,0,"",NA
"371303",0.995861257521831,2,NA,0,2.11449297644759,2,NA,0,0.0223045035758821,3,0.22,0.22,0.22,0.22,0.12,0.392857142857143,NA,0.392857142857143,NA,0.214285714285714,1.22670441411139,1,0,0,"",NA
"371304",NA,0,NA,0,NA,0,NA,0,0.198548201449322,5,0.22,0.22,0.22,0.22,0.12,NA,NA,NA,NA,1,0.198548201449322,1,0,0,"",NA
"371305",-0.330993566903058,1,NA,0,-0.798671148347709,1,NA,0,1.84932752785538,3,0.22,0.22,0.22,0.22,0.12,0.392857142857143,NA,0.392857142857143,NA,0.214285714285714,-0.0475123821652199,1,0,0,"",NA
"371306",NA,0,NA,0,0.455394368932441,1,NA,0,1.39204112137248,4,0.22,0.22,0.22,0.22,0.12,NA,NA,0.647058823529412,NA,0.352941176470588,0.785975575675984,1,0,0,"",NA
"371307",0.880308989902137,1,NA,0,0.455394368932441,1,NA,0,1.74958483828352,1,0.22,0.22,0.22,0.22,0.12,0.392857142857143,NA,0.392857142857143,NA,0.214285714285714,0.899651642031481,0,0,0,"",NA
"371309",-1.54229612370826,1,NA,0,-0.297044941435646,1,NA,0,1.4333918920685,3,0.22,0.22,0.22,0.22,0.12,0.392857142857143,NA,0.392857142857143,NA,0.214285714285714,-0.415442870148999,1,0,0,"",NA
"371310",NA,0,NA,0,0.455394368932441,1,NA,0,1.22448519965008,5,0.22,0.22,0.22,0.22,0.12,NA,NA,0.647058823529412,NA,0.352941176470588,0.726838191538667,1,0,0,"",NA
"371311",NA,0,NA,0,NA,0,NA,0,2.04551013856035,3,0.22,0.22,0.22,0.22,0.12,NA,NA,NA,NA,1,2.04551013856035,1,0,0,"",NA
"371312",1.19208954656382,2,NA,0,0.370019324925084,2,NA,0,0.536441017573134,5,0.22,0.22,0.22,0.22,0.12,0.392857142857143,NA,0.392857142857143,NA,0.214285714285714,0.728637274707741,1,0,0,"",NA
"371313",0.828698779522259,2,-4.62274036851737,2,1.964188826399,2,NA,0,0.942356936388906,5,0.22,0.22,0.22,0.22,0.12,0.282051282051282,0.282051282051282,0.282051282051282,NA,0.153846153846154,-0.371134327441636,1,0,0,"",NA
"371314",0.638048478541098,1,NA,0,0.455394368932441,1,NA,0,1.39718491740932,4,0.22,0.22,0.22,0.22,0.12,0.392857142857143,NA,0.392857142857143,NA,0.214285714285714,0.728963600952316,1,0,0,"",NA
"371316",NA,0,NA,0,NA,0,NA,0,1.25387924468298,3,0.22,0.22,0.22,0.22,0.12,NA,NA,NA,NA,1,1.25387924468298,1,0,0,"",NA
"371317",0.880308989902137,1,1.15927422234555,1,-1.04948425180374,1,NA,0,1.55083247350026,5,0.22,0.22,0.22,0.22,0.12,0.282051282051282,0.282051282051282,0.282051282051282,NA,0.153846153846154,0.517848292458589,1,0,0,"",NA
"371318",NA,0,NA,0,NA,0,NA,0,-0.452885023015159,2,0.22,0.22,0.22,0.22,0.12,NA,NA,NA,NA,1,-0.452885023015159,0,0,0,"",NA
"371319",0.158328661653185,3,NA,0,0.223209814725724,3,NA,0,0.271011252654368,4,0.22,0.22,0.22,0.22,0.12,0.392857142857143,NA,0.392857142857143,NA,0.214285714285714,0.207963955574793,3,1,1,"1) # of groups=3",4
"371320",NA,0,NA,0,NA,0,NA,0,0.54471518179595,4,0.22,0.22,0.22,0.22,0.12,NA,NA,NA,NA,1,0.54471518179595,1,0,0,"",NA
"371321",0.511340234799752,2,NA,0,2.36264512891493,3,NA,0,-0.0242981061566778,5,0.22,0.22,0.22,0.22,0.12,0.392857142857143,NA,0.392857142857143,NA,0.214285714285714,1.12385894156862,2,0,0,"",NA
"371322",NA,0,NA,0,0.455394368932441,1,NA,0,0.630113324325019,3,0.22,0.22,0.22,0.22,0.12,NA,NA,0.647058823529412,NA,0.352941176470588,0.51705988260041,1,0,0,"",NA
"371323",-3.80449943575191,2,NA,0,-0.575438424150862,5,NA,0,0.284756705495618,5,0.22,0.22,0.22,0.22,0.12,0.392857142857143,NA,0.392857142857143,NA,0.214285714285714,-1.65967057949846,2,0,0,"",NA
"371325",-0.0973358935442875,2,NA,0,-0.547858044891677,1,NA,0,-0.60530999824857,5,0.22,0.22,0.22,0.22,0.12,0.392857142857143,NA,0.392857142857143,NA,0.214285714285714,-0.38317833258168,1,0,0,"",NA
"371326",-1.63275767150483,1,NA,0,-0.525537021645212,2,NA,0,0.46143969523572,5,0.22,0.22,0.22,0.22,0.12,0.392857142857143,NA,0.392857142857143,NA,0.214285714285714,-0.749021551901291,1,0,0,"",NA
"371327",NA,0,NA,0,-1.29235494160709,2,NA,0,1.59863372309341,4,0.22,0.22,0.22,0.22,0.12,NA,NA,0.647058823529412,NA,0.352941176470588,-0.272006001124561,1,0,0,"",NA
"371328",-1.07917202470669,3,NA,0,1.4875071843527,3,NA,0,0.963922339660596,3,0.22,0.22,0.22,0.22,0.12,0.392857142857143,NA,0.392857142857143,NA,0.214285714285714,0.366972171216774,3,1,1,"1) # of groups=3",4
"371329",-1.5845020476651,2,NA,0,1.27627755261693,2,NA,0,-0.693122159505141,5,0.22,0.22,0.22,0.22,0.12,0.392857142857143,NA,0.392857142857143,NA,0.214285714285714,-0.269614371520025,1,0,0,"",NA
"371330",0.969820296420862,2,NA,0,2.15548889537245,2,NA,0,0.976739660506887,3,0.22,0.22,0.22,0.22,0.12,0.392857142857143,NA,0.392857142857143,NA,0.214285714285714,1.43710139545599,1,0,0,"",NA
"371331",0.638048478541098,1,NA,0,-1.73972541744944,2,NA,0,-0.550570904280316,2,0.22,0.22,0.22,0.22,0.12,0.392857142857143,NA,0.392857142857143,NA,0.214285714285714,-0.550781134059773,0,0,0,"",NA
"371332",-0.391678327107266,2,NA,0,0.435980219254931,2,NA,0,0.980874916108393,4,0.22,0.22,0.22,0.22,0.12,0.392857142857143,NA,0.392857142857143,NA,0.214285714285714,0.227591796795524,1,0,0,"",NA
"371333",0.825673929580816,2,NA,0,2.41145175510075,2,0.595283718131648,5,2.06457970831775,4,0.22,0.22,0.22,0.22,0.12,0.282051282051282,NA,0.282051282051282,0.282051282051282,0.153846153846154,1.39856363284236,2,0,0,"",NA
"371334",-0.104898018397893,2,NA,0,-0.358306193078783,2,NA,0,1.35319067052274,4,0.22,0.22,0.22,0.22,0.12,0.392857142857143,NA,0.392857142857143,NA,0.214285714285714,0.107996346317607,1,0,0,"",NA
"371335",0.0842398576125461,1,NA,0,1.20001714574255,2,NA,0,0.0560200648041522,3,0.22,0.22,0.22,0.22,0.12,0.392857142857143,NA,0.392857142857143,NA,0.214285714285714,0.516533836633249,1,0,0,"",NA
"371336",0.485299273698785,2,NA,0,1.0918987516555,3,NA,0,-3.35034306127413,5,0.22,0.22,0.22,0.22,0.12,0.392857142857143,NA,0.392857142857143,NA,0.214285714285714,-0.0983171460267014,2,0,0,"",NA
"371337",0.535039612342395,3,NA,0,0.349589175898033,3,NA,0,0.429970517003168,5,0.22,0.22,0.22,0.22,0.12,0.392857142857143,NA,0.392857142857143,NA,0.214285714285714,0.439669277595133,3,1,1,"1) # of groups=3",4
"371338",-0.25915964821093,1,NA,0,-0.384636649143184,2,NA,0,1.51978521059473,3,0.22,0.22,0.22,0.22,0.12,0.392857142857143,NA,0.392857142857143,NA,0.214285714285714,0.0727482854526116,1,0,0,"",NA
"371340",-2.64376637617793,2,NA,0,-3.18727033623037,3,NA,0,-0.301018180019132,3,0.22,0.22,0.22,0.22,0.12,0.392857142857143,NA,0.392857142857143,NA,0.214285714285714,-2.35526831845022,2,0,0,"",NA
"371341",-0.735077832930739,2,NA,0,-0.609976578373942,3,NA,0,-0.982082085440381,4,0.22,0.22,0.22,0.22,0.12,0.392857142857143,NA,0.392857142857143,NA,0.214285714285714,-0.738860394178349,2,0,0,"",NA
"371342",-0.703390850714646,4,1.15927422234555,1,0.990527887824445,4,NA,0,0.0528602815493856,5,0.22,0.22,0.22,0.22,0.12,0.282051282051282,0.282051282051282,0.282051282051282,NA,0.153846153846154,0.416094501110389,3,1,1,"1) # of groups=3",4
"380001",-0.715634863009909,5,0.986541031301018,2,1.41589474669363,8,-0.0470696978185362,15,-0.200850095649524,8,0.22,0.22,0.22,0.22,0.12,0.22,0.22,0.22,0.22,0.12,0.336638856298622,4,1,1,"2) # of groups=4",4
"380002",0.552198617729533,6,-0.468641448870286,6,0.694145671510837,8,-0.359982999774475,15,-0.488351063784746,10,0.22,0.22,0.22,0.22,0.12,0.22,0.22,0.22,0.22,0.12,0.0332962372768645,5,2,1,"3) # of groups=5",3
"380004",1.00509472530246,8,0.28369062936289,8,-0.125923178397859,9,0.246792325328955,15,-0.533420260273128,9,0.22,0.22,0.22,0.22,0.12,0.22,0.22,0.22,0.22,0.12,0.246113559118443,5,2,1,"3) # of groups=5",4
"380005",0.243038762337745,2,-0.587814289799804,2,0.413777511021602,5,-0.323920673681755,15,-0.165319032771529,8,0.22,0.22,0.22,0.22,0.12,0.22,0.22,0.22,0.22,0.12,-0.0759203957594701,3,0,0,"",NA
"380007",-0.398311259912666,8,-0.17747212129856,6,-0.0253572610046846,8,-0.0859932521220478,15,-0.336769132797759,8,0.22,0.22,0.22,0.22,0.12,0.22,0.22,0.22,0.22,0.12,-0.191581752690082,5,2,1,"3) # of groups=5",3
"380009",0.442057837438819,7,-0.480957738103597,8,0.689932570751783,10,0.180170052389875,15,-1.69186307901033,9,0.22,0.22,0.22,0.22,0.12,0.22,0.22,0.22,0.22,0.12,-0.020158970536326,5,2,1,"3) # of groups=5",3
"380014",-0.614073015200673,8,-0.205443967778873,7,0.234258589164464,11,-0.108106434230609,15,-0.406832678856112,9,0.22,0.22,0.22,0.22,0.12,0.22,0.22,0.22,0.22,0.12,-0.201360183632785,5,2,1,"3) # of groups=5",3
"380017",0.123735962725402,7,-0.132889828665041,8,1.01251662986968,10,0.455973532683314,15,-1.11207119347516,8,0.22,0.22,0.22,0.22,0.12,0.22,0.22,0.22,0.22,0.12,0.187605442037919,5,2,1,"3) # of groups=5",4
"380018",0.465478945713549,8,-0.0925341967287309,6,0.872468223955682,10,-0.46965039226343,15,-0.509433470197261,10,0.22,0.22,0.22,0.22,0.12,0.22,0.22,0.22,0.22,0.12,0.109535751325284,5,2,1,"3) # of groups=5",4
"380020",-0.989645514015834,8,0.343747118876505,7,0.402513656981532,9,0.403206137110981,15,0.301614879248317,7,0.22,0.22,0.22,0.22,0.12,0.22,0.22,0.22,0.22,0.12,0.0713544932794985,5,2,1,"3) # of groups=5",4
"380021",-0.0311700663904975,6,-0.716576435169279,7,0.887607389418371,8,-0.435283538806603,15,-0.147773584950862,8,0.22,0.22,0.22,0.22,0.12,0.22,0.22,0.22,0.22,0.12,-0.0827258134026653,5,2,1,"3) # of groups=5",3
"380022",0.080698580071071,5,-0.29801434588939,4,1.12852498738588,9,1.10420530926936,15,-1.48744707703261,8,0.22,0.22,0.22,0.22,0.12,0.22,0.22,0.22,0.22,0.12,0.264897547540209,5,2,1,"3) # of groups=5",4
"380025",0.315365004175264,6,-0.317512692896148,5,0.685734858970746,6,-0.0446001320897193,15,-1.20723465788891,9,0.22,0.22,0.22,0.22,0.12,0.22,0.22,0.22,0.22,0.12,-0.0042910105514378,5,2,1,"3) # of groups=5",3
"380027",-2.14264071776742,6,0.709292184725893,6,1.95381399174999,7,-0.641661310326924,15,0.781347182226569,10,0.22,0.22,0.22,0.22,0.12,0.22,0.22,0.22,0.22,0.12,0.0670985745111268,5,2,1,"3) # of groups=5",4
"380029",0.923788074101808,2,-0.300333065167826,2,-0.595113698909028,4,0.777921212499495,15,-0.693764791522856,8,0.22,0.22,0.22,0.22,0.12,0.22,0.22,0.22,0.22,0.12,0.0941259799726361,3,0,0,"",NA
"380037",-0.181248776252679,5,0.863138888080257,2,0.860963831396014,5,0.648175029407018,15,-0.06867715881659,9,0.22,0.22,0.22,0.22,0.12,0.22,0.22,0.22,0.22,0.12,0.473785114920743,4,1,1,"2) # of groups=4",4
"380038",0.787287585434586,5,-0.650583537688365,4,0.790339402458375,8,0.00618864829969907,15,-0.748007899773419,8,0.22,0.22,0.22,0.22,0.12,0.22,0.22,0.22,0.22,0.12,0.115550113698135,5,2,1,"3) # of groups=5",4
"38003F",1.63477339735864,5,0.0438460461555243,4,1.63432182561152,6,0.776682911376933,10,-0.201322833726822,5,0.22,0.22,0.22,0.22,0.12,0.22,0.22,0.22,0.22,0.12,0.875558579663357,5,2,1,"3) # of groups=5",5
"380047",-0.117088212992423,8,0.1931195749884,8,1.41424464323825,11,0.418964693170559,15,-1.42989527289025,9,0.22,0.22,0.22,0.22,0.12,0.22,0.22,0.22,0.22,0.12,0.248445520902223,5,2,1,"3) # of groups=5",4
"38004F",NA,0,NA,0,NA,0,NA,0,-0.210829658267895,2,0.22,0.22,0.22,0.22,0.12,NA,NA,NA,NA,1,-0.210829658267895,0,0,0,"",NA
"380050",-1.31786596516112,6,0.43887003916259,6,0.664154472284424,10,-0.158634863189037,15,-2.20955829272214,10,0.22,0.22,0.22,0.22,0.12,0.22,0.22,0.22,0.22,0.12,-0.347311784845348,5,2,1,"3) # of groups=5",2
"380051",-0.61323294272023,8,-0.575385545740204,8,0.696385332834941,9,0.0920248492465633,15,-0.0781847309095537,9,0.22,0.22,0.22,0.22,0.12,0.22,0.22,0.22,0.22,0.12,-0.097427995112511,5,2,1,"3) # of groups=5",3
"380052",0.71658833151611,4,-2.31411229960239,2,-0.0879303108535499,8,0.326073404658584,15,0.790801217495866,8,0.22,0.22,0.22,0.22,0.12,0.22,0.22,0.22,0.22,0.12,-0.20416764624237,4,1,1,"2) # of groups=4",2
"380056",-1.05546122759469,2,0.678035673249115,2,1.00170167320523,4,0.981782564001269,15,0.190592773818754,7,0.22,0.22,0.22,0.22,0.12,0.22,0.22,0.22,0.22,0.12,0.376204043087654,3,0,0,"",NA
"380060",0.0240016188876217,8,0.44822852201867,6,1.11840089587294,8,-0.281522740059499,15,-0.0126577588279172,9,0.22,0.22,0.22,0.22,0.12,0.22,0.22,0.22,0.22,0.12,0.286484894218991,5,2,1,"3) # of groups=5",4
"380061",0.368032871049994,7,0.00186735040313932,8,0.386552239364586,10,0.374295736376687,15,-1.00663157321114,10,0.22,0.22,0.22,0.22,0.12,0.22,0.22,0.22,0.22,0.12,0.127968814597433,5,2,1,"3) # of groups=5",4
"380071",-0.62429541525939,6,0.332650916398625,2,-0.227076664979759,6,-0.452354834247595,15,-0.260035979782887,8,0.22,0.22,0.22,0.22,0.12,0.22,0.22,0.22,0.22,0.12,-0.244841037153333,4,1,1,"2) # of groups=4",2
"380075",-0.317627484126302,7,-0.500935987038375,7,-0.488611986711351,10,0.0893649443060236,15,-1.54104360197327,8,0.22,0.22,0.22,0.22,0.12,0.22,0.22,0.22,0.22,0.12,-0.452843545222193,5,2,1,"3) # of groups=5",2
"380082",-0.308067751495159,5,0.0243809222719436,3,0.313013325768882,5,-0.0883482387543094,15,-0.363329770179215,7,0.22,0.22,0.22,0.22,0.12,0.22,0.22,0.22,0.22,0.12,-0.0565843557074072,5,2,1,"3) # of groups=5",3
"380089",-0.419691610615557,7,-0.504617991651133,6,-0.370887567810863,8,0.206618056969214,15,-0.853099139654203,9,0.22,0.22,0.22,0.22,0.12,0.22,0.22,0.22,0.22,0.12,-0.341859301642339,5,2,1,"3) # of groups=5",2
"380090",-0.762855250858038,7,-0.0393782874431633,7,-1.02338152456465,10,-0.442381973478667,15,-0.365179419207088,9,0.22,0.22,0.22,0.22,0.12,0.22,0.22,0.22,0.22,0.12,-0.542780878300645,5,2,1,"3) # of groups=5",2
"380091",0.731887327220105,5,-0.395960757929596,6,1.54392617923606,4,-0.0506695031989485,15,0.786916022745871,4,0.22,0.22,0.22,0.22,0.12,0.22,0.22,0.22,0.22,0.12,0.496850236701581,5,2,1,"3) # of groups=5",4
"380102",0.0836261497283907,8,0.621711410555507,8,1.6847617316043,9,-0.0754546173380275,15,-0.801367083938725,9,0.22,0.22,0.22,0.22,0.12,0.22,0.22,0.22,0.22,0.12,0.41305777832839,5,2,1,"3) # of groups=5",4
"380103",0.13218072367922,3,-0.303016400157021,5,-0.189911241253742,3,0.46470485090367,15,0.978513339849577,4,0.22,0.22,0.22,0.22,0.12,0.22,0.22,0.22,0.22,0.12,0.140292346079817,5,2,1,"3) # of groups=5",4
"381301",NA,0,NA,0,0.204581265476417,1,NA,0,0.294563838335072,5,0.22,0.22,0.22,0.22,0.12,NA,NA,0.647058823529412,NA,0.352941176470588,0.236339820603001,1,0,0,"",NA
"381302",-0.205069977196157,5,NA,0,0.038788572147179,7,1.17936182760454,15,-0.389276648544675,9,0.22,0.22,0.22,0.22,0.12,0.282051282051282,NA,0.282051282051282,0.282051282051282,0.153846153846154,0.225851916842132,4,1,1,"2) # of groups=4",3
"381303",0.184246758510135,4,1.15927422234555,1,-0.157150295293528,6,0.0950693636974661,15,-0.3688859582942,8,0.22,0.22,0.22,0.22,0.12,0.22,0.22,0.22,0.22,0.12,0.237650495841813,4,1,1,"2) # of groups=4",3
"381304",-1.62915486810307,3,NA,0,0.401568125034145,3,NA,0,-0.917396129652446,5,0.22,0.22,0.22,0.22,0.12,0.392857142857143,NA,0.392857142857143,NA,0.214285714285714,-0.678851105416888,3,1,1,"1) # of groups=3",2
"381305",-1.30003561234722,1,NA,0,0.455394368932441,1,NA,0,-0.0920551336389952,4,0.22,0.22,0.22,0.22,0.12,0.392857142857143,NA,0.392857142857143,NA,0.214285714285714,-0.351549445692734,1,0,0,"",NA
"381306",-0.211517752858312,3,NA,0,-0.714571109571294,6,NA,0,-0.158847294150623,6,0.22,0.22,0.22,0.22,0.12,0.392857142857143,NA,0.392857142857143,NA,0.214285714285714,-0.397859330415336,3,1,1,"1) # of groups=3",3
"381307",-1.12602198604399,2,NA,0,-0.437806635388718,3,-0.220711651727027,5,-1.34068554408546,6,0.22,0.22,0.22,0.22,0.12,0.282051282051282,NA,0.282051282051282,0.282051282051282,0.153846153846154,-0.709591186391534,3,0,0,"",NA
"381308",NA,0,0.017048105121126,1,-1.61704595759275,1,NA,0,-0.674126244793889,3,0.22,0.22,0.22,0.22,0.12,NA,0.392857142857143,0.392857142857143,NA,0.214285714285714,-0.773026208783971,1,0,0,"",NA
"381309",-1.28713476416068,2,NA,0,0.382468124085367,2,NA,0,-1.13987683828942,6,0.22,0.22,0.22,0.22,0.12,0.392857142857143,NA,0.392857142857143,NA,0.214285714285714,-0.599664073948749,1,0,0,"",NA
"381310",NA,0,NA,0,NA,0,NA,0,-1.38166352188281,3,0.22,0.22,0.22,0.22,0.12,NA,NA,NA,NA,1,-1.38166352188281,1,0,0,"",NA
"381311",-0.0887330555420189,1,NA,0,-0.547858044891677,1,NA,0,-0.694517643867765,4,0.22,0.22,0.22,0.22,0.12,0.392857142857143,NA,0.392857142857143,NA,0.214285714285714,-0.398914570284902,1,0,0,"",NA
"381312",-0.85772051358198,2,-0.603424072531687,1,-0.553515305767239,4,-0.45587274848385,5,-0.837427332342019,4,0.22,0.22,0.22,0.22,0.12,0.22,0.22,0.22,0.22,0.12,-0.644008460761289,3,0,0,"",NA
"381313",-0.290961073085024,3,NA,0,-0.26415840390935,4,NA,0,-0.23688191316423,8,0.22,0.22,0.22,0.22,0.12,0.392857142857143,NA,0.392857142857143,NA,0.214285714285714,-0.268843061640125,3,1,1,"1) # of groups=3",3
"381314",-1.780700977192,5,-1.71444380851982,1,-0.489359808166934,7,0.87464171620323,15,-0.641449130003756,10,0.22,0.22,0.22,0.22,0.12,0.22,0.22,0.22,0.22,0.12,-0.761143728689066,4,1,1,"2) # of groups=4",1
"381315",-2.33383289426716,5,NA,0,1.67671973201464,5,-2.20364329014198,5,-0.153239553633419,5,0.22,0.22,0.22,0.22,0.12,0.282051282051282,NA,0.282051282051282,0.282051282051282,0.153846153846154,-0.830455340977949,4,1,1,"2) # of groups=4",1
"381316",0.689359646491641,4,1.15927422234555,1,1.22425805403089,3,1.13129471039315,15,-0.408971369434915,10,0.22,0.22,0.22,0.22,0.12,0.22,0.22,0.22,0.22,0.12,0.875844494985281,4,1,1,"2) # of groups=4",5
"381317",-0.298493890076331,4,0.713675579428008,1,0.384552043531642,6,0.662324008112715,10,0.878631006978783,5,0.22,0.22,0.22,0.22,0.12,0.22,0.22,0.22,0.22,0.12,0.427088423856581,4,1,1,"2) # of groups=4",4
"381318",0.0643185605713989,5,1.15927422234555,1,-0.504582752047615,6,1.03309505073382,15,-0.447424835104694,10,0.22,0.22,0.22,0.22,0.12,0.22,0.22,0.22,0.22,0.12,0.331772137740131,4,1,1,"2) # of groups=4",4
"381319",-0.878990269845472,5,0.488112874540023,2,0.10826693092016,8,0.39203804097751,15,-0.233177160158219,9,0.22,0.22,0.22,0.22,0.12,0.22,0.22,0.22,0.22,0.12,-0.00390719236869767,4,1,1,"2) # of groups=4",3
"381320",NA,0,NA,0,-0.657463449694268,2,0.722082087011381,10,-0.16979841013002,8,0.22,0.22,0.22,0.22,0.12,NA,NA,0.392857142857143,0.392857142857143,0.214285714285714,-0.010999480367567,2,0,0,"",NA
"381321",-1.57979382420564,5,0.903203129221108,3,1.58342746209092,7,1.33416839420061,10,0.109809031685331,8,0.22,0.22,0.22,0.22,0.12,0.22,0.22,0.22,0.22,0.12,0.506198219289779,5,2,1,"3) # of groups=5",5
"381322",-1.51694195630129,4,NA,0,-0.992001915895554,4,NA,0,0.207395120456567,10,0.22,0.22,0.22,0.22,0.12,0.392857142857143,NA,0.392857142857143,NA,0.214285714285714,-0.941214709693782,3,1,1,"1) # of groups=3",2
"381323",-0.250683847946706,4,-0.801221460518868,1,0.296050464512366,8,0.951738866728499,15,-0.763097200600792,8,0.22,0.22,0.22,0.22,0.12,0.22,0.22,0.22,0.22,0.12,-0.0484771790615311,4,1,1,"2) # of groups=4",3
"381324",-0.498104343580807,2,NA,0,-1.52406033306781,4,NA,0,-0.597598843693766,8,0.22,0.22,0.22,0.22,0.12,0.392857142857143,NA,0.392857142857143,NA,0.214285714285714,-0.922478732332049,2,0,0,"",NA
"381325",-2.74614308402867,5,-1.35698812345254,2,-0.529241386875689,7,0.214610720397829,15,0.04288150746104,8,0.22,0.22,0.22,0.22,0.12,0.22,0.22,0.22,0.22,0.12,-0.966761831375671,4,1,1,"2) # of groups=4",1
"390001",0.178134984585129,8,-0.604123400487241,7,-0.226384526977524,11,-0.787811147705207,15,-0.447353837227705,10,0.22,0.22,0.22,0.22,0.12,0.22,0.22,0.22,0.22,0.12,-0.37052296039599,5,2,1,"3) # of groups=5",2
"390002",0.202271441983944,4,-0.403403236240005,4,0.828077146366357,7,-0.577369827675351,15,-0.712253421578418,7,0.22,0.22,0.22,0.22,0.12,0.22,0.22,0.22,0.22,0.12,-0.0745637952137223,5,2,1,"3) # of groups=5",3
"390003",0.767988993115379,5,0.708886209054306,2,0.408695261750135,6,0.847975264397864,15,0.500214092775251,7,0.22,0.22,0.22,0.22,0.12,0.22,0.22,0.22,0.22,0.12,0.661405751362921,4,1,1,"2) # of groups=4",4
"390004",0.132141751587378,8,0.332601123666271,7,-0.11798728154176,9,-0.917299544594952,15,-0.746995019605083,9,0.22,0.22,0.22,0.22,0.12,0.22,0.22,0.22,0.22,0.12,-0.215159071546884,5,2,1,"3) # of groups=5",3
"390006",0.86512209488079,8,-0.250087187898118,8,0.23323418604589,11,0.143270359183899,15,0.564867016261425,9,0.22,0.22,0.22,0.22,0.12,0.22,0.22,0.22,0.22,0.12,0.285922721438112,5,2,1,"3) # of groups=5",4
"390009",0.635756479126952,8,0.238649513640433,8,-0.427036481472778,11,0.195740316292848,15,-0.510109463212888,9,0.22,0.22,0.22,0.22,0.12,0.22,0.22,0.22,0.22,0.12,0.0802710264836935,5,2,1,"3) # of groups=5",4
"390012",0.704137711198449,6,0.440275232512185,5,-0.341149553495609,6,-1.03243518187907,15,-0.811201410844658,7,0.22,0.22,0.22,0.22,0.12,0.22,0.22,0.22,0.22,0.12,-0.147761963467449,5,2,1,"3) # of groups=5",3
"390013",0.92798414718167,6,-1.03053489949753,5,1.21564933718927,10,0.859067646413921,15,-0.564833136090716,9,0.22,0.22,0.22,0.22,0.12,0.22,0.22,0.22,0.22,0.12,0.366096594552327,5,2,1,"3) # of groups=5",4
"390016",0.0646976398222904,5,-0.366778996112082,7,0.619231892992473,9,-0.178913365315838,15,-0.962952858508704,9,0.22,0.22,0.22,0.22,0.12,0.22,0.22,0.22,0.22,0.12,-0.0851421653159389,5,2,1,"3) # of groups=5",3
"39001F",-0.0458949109234489,3,NA,0,2.17202859375535,4,2.31955999412575,10,0.552267788767565,2,0.22,0.22,0.22,0.22,0.12,0.282051282051282,NA,0.282051282051282,0.282051282051282,0.153846153846154,1.33887787638819,3,1,1,"1) # of groups=3",5
"390025",NA,0,NA,0,NA,0,NA,0,2.51009146074388,1,0.22,0.22,0.22,0.22,0.12,NA,NA,NA,NA,1,2.51009146074388,0,0,0,"",NA
"390026",0.832297744486754,6,-0.497399940273992,7,-1.09950314429241,7,-1.46999674413604,15,-0.0526553706890997,7,0.22,0.22,0.22,0.22,0.12,0.22,0.22,0.22,0.22,0.12,-0.497931103010143,5,2,1,"3) # of groups=5",2
"390027",1.04218791611142,8,-0.0705423934652009,8,0.405480165723082,11,-0.532139000907359,15,-0.871521945693339,9,0.22,0.22,0.22,0.22,0.12,0.22,0.22,0.22,0.22,0.12,0.0813144377584266,5,2,1,"3) # of groups=5",4
"390028",0.0772105493419317,7,0.175991406928115,6,0.496212622331112,8,0.463519825615338,15,-0.406432756251221,8,0.22,0.22,0.22,0.22,0.12,0.22,0.22,0.22,0.22,0.12,0.218073638177483,5,2,1,"3) # of groups=5",4
"390030",0.0150550565329413,5,0.686406914015205,6,-0.0395413330744736,9,0.397838770040542,15,-0.451256772972834,7,0.22,0.22,0.22,0.22,0.12,0.22,0.22,0.22,0.22,0.12,0.178996256896387,5,2,1,"3) # of groups=5",4
"390032",0.714781088047743,5,0.591619893962479,3,-0.239537313144543,8,0.193201444488538,15,-0.365200196169875,9,0.22,0.22,0.22,0.22,0.12,0.22,0.22,0.22,0.22,0.12,0.233390301397543,5,2,1,"3) # of groups=5",4
"390035",1.26794143585885,5,0.890237507757642,6,-1.01202169564249,9,1.15758341157872,15,0.218148572798776,8,0.22,0.22,0.22,0.22,0.12,0.22,0.22,0.22,0.22,0.12,0.533000773837452,5,2,1,"3) # of groups=5",5
"390036",0.00841010099114197,7,-0.609309290021753,7,0.00782707117550856,11,-0.265059301378914,15,0.359497173482468,9,0.22,0.22,0.22,0.22,0.12,0.22,0.22,0.22,0.22,0.12,-0.145649251413587,5,2,1,"3) # of groups=5",3
"390037",0.281130068700822,5,-0.235670016367557,5,0.65731675466536,9,0.162966919210471,15,0.649980926759817,8,0.22,0.22,0.22,0.22,0.12,0.22,0.22,0.22,0.22,0.12,0.268461330977179,5,2,1,"3) # of groups=5",4
"390039",-0.734492799466256,5,0.213988112891025,3,0.847069838939228,7,0.359810783760417,15,0.0824454846516019,9,0.22,0.22,0.22,0.22,0.12,0.22,0.22,0.22,0.22,0.12,0.160896164105563,5,2,1,"3) # of groups=5",4
"390041",-0.493216536064306,6,-0.91821350869926,6,0.436731830871574,9,-0.435625717013018,15,0.0898606848158219,9,0.22,0.22,0.22,0.22,0.12,0.22,0.22,0.22,0.22,0.12,-0.299487982621204,5,2,1,"3) # of groups=5",2
"390042",-0.228586914588574,7,0.392014204784338,7,0.210678641720941,9,0.67745474135207,15,-0.285425582166143,9,0.22,0.22,0.22,0.22,0.12,0.22,0.22,0.22,0.22,0.12,0.197092278259193,5,2,1,"3) # of groups=5",4
"390044",1.36055947058098,8,-0.286517767863495,8,0.0679662454134869,11,-0.37189140055026,15,-0.566027492677928,9,0.22,0.22,0.22,0.22,0.12,0.22,0.22,0.22,0.22,0.12,0.101502341346405,5,2,1,"3) # of groups=5",4
"390045",-0.805460027789931,8,-0.273264169096754,7,0.264532896580157,11,0.48929648256565,15,0.177572277756556,10,0.22,0.22,0.22,0.22,0.12,0.22,0.22,0.22,0.22,0.12,-0.0501681865722064,5,2,1,"3) # of groups=5",3
"390046",0.874765821013267,8,-0.125487067792611,7,0.58898697530463,10,-0.455634539975451,15,0.379714657734244,9,0.22,0.22,0.22,0.22,0.12,0.22,0.22,0.22,0.22,0.12,0.239744620409073,5,2,1,"3) # of groups=5",4
"390048",0.672847220136158,6,-0.000697420917997008,5,0.739609212495123,8,0.477679415425279,15,0.711730593282863,8,0.22,0.22,0.22,0.22,0.12,0.22,0.22,0.22,0.22,0.12,0.501084125164427,5,2,1,"3) # of groups=5",5
"390049",1.69443283114796,8,0.806606265116569,8,-0.494098225222749,11,0.680726879451745,15,0.871450972471601,8,0.22,0.22,0.22,0.22,0.12,0.22,0.22,0.22,0.22,0.12,0.695861021805168,5,2,1,"3) # of groups=5",5
"39004F",NA,0,NA,0,NA,0,NA,0,0.00516065280607345,1,0.22,0.22,0.22,0.22,0.12,NA,NA,NA,NA,1,0.00516065280607345,0,0,0,"",NA
"390050",0.364855821668805,8,-0.28267048749316,7,-0.276890221953555,11,-0.0519872766312694,15,-0.779844067618861,8,0.22,0.22,0.22,0.22,0.12,0.22,0.22,0.22,0.22,0.12,-0.147853564284283,5,2,1,"3) # of groups=5",3
"390056",0.14497708970226,5,-0.617529497123566,2,0.103647687533462,6,-0.104753316260197,15,0.808192719316393,8,0.22,0.22,0.22,0.22,0.12,0.22,0.22,0.22,0.22,0.12,-0.00722164163460184,4,1,1,"2) # of groups=4",3
"390057",0.950267768028906,7,-0.251659896659737,7,0.652148864269645,8,0.40918382963365,15,-0.462540152814508,9,0.22,0.22,0.22,0.22,0.12,0.22,0.22,0.22,0.22,0.12,0.331682106022201,5,2,1,"3) # of groups=5",4
"390058",0.217228363368552,6,-0.137789637216817,6,0.907039393805629,9,0.154758106025045,15,0.565379344353277,8,0.22,0.22,0.22,0.22,0.12,0.22,0.22,0.22,0.22,0.12,0.318917491038523,5,2,1,"3) # of groups=5",4
"39005F",NA,0,NA,0,1.20783367930054,1,NA,0,0.454394197380876,2,0.22,0.22,0.22,0.22,0.12,NA,NA,0.647058823529412,NA,0.352941176470588,0.941913862152423,0,0,0,"",NA
"390062",0.473025236397837,4,1.06444757457723,3,1.96157567452828,6,0.710711510519613,15,-0.492065777168676,7,0.22,0.22,0.22,0.22,0.12,0.22,0.22,0.22,0.22,0.12,0.86709930586481,5,2,1,"3) # of groups=5",5
"390063",-0.682961300505348,8,-0.0636956361154282,8,0.534862529182294,11,0.000345419335710182,15,-0.0410575619933599,9,0.22,0.22,0.22,0.22,0.12,0.22,0.22,0.22,0.22,0.12,-0.051445684821813,5,2,1,"3) # of groups=5",3
"390065",-0.0545483362306458,7,-0.09392730283117,5,1.28081642608516,9,0.15395756739769,15,0.134299726341888,9,0.22,0.22,0.22,0.22,0.12,0.22,0.22,0.22,0.22,0.12,0.299101605133654,5,2,1,"3) # of groups=5",4
"390066",1.2533294779108,8,0.382490186995619,6,1.26087118721781,10,0.066137619857104,15,-0.00800773363660843,9,0.22,0.22,0.22,0.22,0.12,0.22,0.22,0.22,0.22,0.12,0.6508613357995,5,2,1,"3) # of groups=5",5
"390067",0.641183813335033,8,0.0171582194627768,8,-0.25185896411326,11,0.592620927285371,15,-0.139891310712218,9,0.22,0.22,0.22,0.22,0.12,0.22,0.22,0.22,0.22,0.12,0.203015921827916,5,2,1,"3) # of groups=5",4
"390068",0.399770937800888,5,0.648170473907888,5,0.114943410595852,9,0.230171366849637,15,0.732542155444375,7,0.22,0.22,0.22,0.22,0.12,0.22,0.22,0.22,0.22,0.12,0.394377420267263,5,2,1,"3) # of groups=5",4
"39006F",2.13952039078741,3,0.0845742272252984,2,1.79015759411582,5,1.99994096294361,10,1.32017373511725,4,0.22,0.22,0.22,0.22,0.12,0.22,0.22,0.22,0.22,0.12,1.48154334672994,4,1,1,"2) # of groups=4",5
"390070",0.669058511856886,4,0.554411827424625,2,-0.520479559946985,4,-1.60481842229624,15,0.578066229902864,6,0.22,0.22,0.22,0.22,0.12,0.22,0.22,0.22,0.22,0.12,-0.129034133863233,4,1,1,"2) # of groups=4",3
"390073",-0.418013058834159,8,0.175336448839392,7,0.928998341713961,11,-0.909379908019939,15,-0.821370474480478,9,0.22,0.22,0.22,0.22,0.12,0.22,0.22,0.22,0.22,0.12,-0.147637255723821,5,2,1,"3) # of groups=5",3
"390079",-0.958390602247955,8,-0.0854857410256231,7,-1.13251977746019,11,-0.0852013385873842,15,-0.0582979948743899,9,0.22,0.22,0.22,0.22,0.12,0.22,0.22,0.22,0.22,0.12,-0.50454720043558,5,2,1,"3) # of groups=5",2
"390086",-1.47352275458889,8,-0.353735826703894,7,1.05467320460238,11,-1.2522964643319,15,0.0418614878988032,9,0.22,0.22,0.22,0.22,0.12,0.22,0.22,0.22,0.22,0.12,-0.44045062647705,5,2,1,"3) # of groups=5",2
"390090",0.410075627592775,5,-0.223108740947549,7,-0.974105883280014,7,0.51424695118496,15,-0.335970014399421,8,0.22,0.22,0.22,0.22,0.12,0.22,0.22,0.22,0.22,0.12,-0.100352651726893,5,2,1,"3) # of groups=5",3
"390091",0.398733370230639,6,0.544200234213022,5,0.386124096151212,9,-0.00715217733011963,15,0.347566920012567,9,0.22,0.22,0.22,0.22,0.12,0.22,0.22,0.22,0.22,0.12,0.332527245519754,5,2,1,"3) # of groups=5",4
"390093",-1.40510340641081,5,0.708886209054306,2,-0.652228444956415,8,0.767338503639236,15,-0.493070328197297,8,0.22,0.22,0.22,0.22,0.12,0.22,0.22,0.22,0.22,0.12,-0.187012009891886,4,1,1,"2) # of groups=4",2
"390096",0.160263465697377,7,-0.024231072977605,6,0.0206344490900484,10,0.0342782116116794,15,-1.00006438140002,10,0.22,0.22,0.22,0.22,0.12,0.22,0.22,0.22,0.22,0.12,-0.0779998140152725,5,2,1,"3) # of groups=5",3
"390097",0.189957789228688,6,0.6025865382174,7,-0.0676135814961681,10,-0.941681498401692,15,-0.370955496910038,8,0.22,0.22,0.22,0.22,0.12,0.22,0.22,0.22,0.22,0.12,-0.0921998251685944,5,2,1,"3) # of groups=5",3
"39009F",1.91216226310259,5,0.489216982470147,4,0.521115309861005,6,0.133256214505138,10,1.21848760430812,3,0.22,0.22,0.22,0.22,0.12,0.22,0.22,0.22,0.22,0.12,0.818483681903528,5,2,1,"3) # of groups=5",5
"390100",1.8221869103155,8,0.429062933094407,8,1.32820941565954,11,0.546756852473059,15,0.611907802819311,9,0.22,0.22,0.22,0.22,0.12,0.22,0.22,0.22,0.22,0.12,0.981196480877669,5,2,1,"3) # of groups=5",5
"390101",0.367672735529023,7,-0.683371634445516,8,0.953389724549974,8,0.373399532089225,15,-0.40812533335518,9,0.22,0.22,0.22,0.22,0.12,0.22,0.22,0.22,0.22,0.12,0.173464838696374,5,2,1,"3) # of groups=5",4
"390102",0.263588751440071,5,-0.134087209887157,7,-0.388994836994315,9,0.454936376998088,15,-1.0049503312181,9,0.22,0.22,0.22,0.22,0.12,0.22,0.22,0.22,0.22,0.12,-0.0775965618037009,5,2,1,"3) # of groups=5",3
"390107",0.371397268572122,8,0.232063421395988,7,0.537838258214937,11,0.696578564589775,15,-0.256805274832278,9,0.22,0.22,0.22,0.22,0.12,0.22,0.22,0.22,0.22,0.12,0.373516419830147,5,2,1,"3) # of groups=5",4
"390110",0.328162909302097,8,-0.409324407665082,6,-0.120306884900379,10,-1.58679656151337,15,0.282519899771085,9,0.22,0.22,0.22,0.22,0.12,0.22,0.22,0.22,0.22,0.12,-0.359515899878351,5,2,1,"3) # of groups=5",2
"390111",1.86883598193088,8,-0.156609867757693,7,0.602950003578906,10,1.15923246866401,15,-0.220533515776206,10,0.22,0.22,0.22,0.22,0.12,0.22,0.22,0.22,0.22,0.12,0.737905867118398,5,2,1,"3) # of groups=5",5
"390112",-1.72070930622527,3,0.327571235341822,3,-1.30055003830672,5,0.409230906986251,15,-0.41752493249238,7,0.22,0.22,0.22,0.22,0.12,0.22,0.22,0.22,0.22,0.12,-0.552683576383947,5,2,1,"3) # of groups=5",2
"390113",-0.0599456978666341,7,0.403476943083253,6,1.12999452937215,10,-0.0098880562327856,15,-0.240492599757803,9,0.22,0.22,0.22,0.22,0.12,0.22,0.22,0.22,0.22,0.12,0.29314118606738,5,2,1,"3) # of groups=5",4
"390114",0.453695917502233,4,-0.639521333357682,8,0.0853700033827861,8,0.612745070963063,15,0.359475391141883,7,0.22,0.22,0.22,0.22,0.12,0.22,0.22,0.22,0.22,0.12,0.155840771804914,5,2,1,"3) # of groups=5",4
"390115",0.826070037926746,8,0.154388629308547,7,-1.44064226655649,11,-0.711470266363691,15,-1.59639031908972,9,0.22,0.22,0.22,0.22,0.12,0.22,0.22,0.22,0.22,0.12,-0.449330688741442,5,2,1,"3) # of groups=5",2
"390116",1.03197658273887,3,0.893989423885447,2,0.459121714580031,4,-0.496670357417636,10,-0.374054778086695,6,0.22,0.22,0.22,0.22,0.12,0.22,0.22,0.22,0.22,0.12,0.370565246662673,4,1,1,"2) # of groups=4",4
"390117",0.880168432209155,3,-0.0555628460960749,1,1.40878966853895,8,0.332870117632955,15,-0.53233247436886,8,0.22,0.22,0.22,0.22,0.12,0.22,0.22,0.22,0.22,0.12,0.500698484978434,4,1,1,"2) # of groups=4",4
"390123",0.699564790285138,6,-0.863301093285672,7,-0.697816864404157,9,-0.991002521423944,15,-0.794458013825716,8,0.22,0.22,0.22,0.22,0.12,0.22,0.22,0.22,0.22,0.12,-0.502897213201386,5,2,1,"3) # of groups=5",2
"390125",-1.35892098501574,6,-0.883057472896478,4,0.161624167440239,8,-0.000591020122843227,15,-0.828413933927473,9,0.22,0.22,0.22,0.22,0.12,0.22,0.22,0.22,0.22,0.12,-0.557217640402158,5,2,1,"3) # of groups=5",2
"390127",0.306285582357367,7,-0.852058987219865,6,-0.428970858892521,9,0.428131412892525,15,-1.28014616654603,9,0.22,0.22,0.22,0.22,0.12,0.22,0.22,0.22,0.22,0.12,-0.273872367175272,5,2,1,"3) # of groups=5",3
"39012F",1.21737157092962,5,-0.147200522462834,4,-1.18516428302207,6,0.697157517693928,10,0.657330376156751,5,0.22,0.22,0.22,0.22,0.12,0.22,0.22,0.22,0.22,0.12,0.206955787429312,5,2,1,"3) # of groups=5",4
"390133",1.48799614725389,8,0.241111707971213,8,-0.607001809485197,11,0.0914831471837199,15,-0.528203678487888,9,0.22,0.22,0.22,0.22,0.12,0.22,0.22,0.22,0.22,0.12,0.203605181024651,5,2,1,"3) # of groups=5",4
"390137",-2.15052210682707,8,0.376709363625373,7,0.923571957645447,11,-1.29612705327578,15,-0.96133141379003,9,0.22,0.22,0.22,0.22,0.12,0.22,0.22,0.22,0.22,0.12,-0.58756069419785,5,2,1,"3) # of groups=5",2
"390138",0.329626921715527,6,-0.314518412236401,2,-0.252880703987147,6,1.06125004012422,15,1.28370104517235,8,0.22,0.22,0.22,0.22,0.12,0.22,0.22,0.22,0.22,0.12,0.335209251456246,4,1,1,"2) # of groups=4",4
"390139",0.85541397208449,7,0.653175526909258,7,0.237111170388892,10,0.604985688834884,15,0.0874376608537292,8,0.22,0.22,0.22,0.22,0.12,0.22,0.22,0.22,0.22,0.12,0.527643518110303,5,2,1,"3) # of groups=5",5
"39013F",0.670691180201655,3,1.47398643782012,3,0.747902649824213,5,1.47387564545493,10,-0.278487627379838,4,0.22,0.22,0.22,0.22,0.12,0.22,0.22,0.22,0.22,0.12,0.927201785640621,5,2,1,"3) # of groups=5",5
"390142",0.732431219672975,8,-0.200400193716794,7,-0.486146661459342,11,-0.699433258093798,15,-0.340172435257205,8,0.22,0.22,0.22,0.22,0.12,0.22,0.22,0.22,0.22,0.12,-0.184601448822196,5,2,1,"3) # of groups=5",3
"390145",1.30083226811693,8,0.0724863763702692,7,-0.19050084357531,9,-0.942716741113371,15,0.000591750415247621,10,0.22,0.22,0.22,0.22,0.12,0.22,0.22,0.22,0.22,0.12,0.0528932432055037,5,2,1,"3) # of groups=5",3
"390146",0.374918330432015,5,-0.266836878365014,3,-0.300162067261039,9,-0.227939299738476,15,-0.749919564591906,9,0.22,0.22,0.22,0.22,0.12,0.22,0.22,0.22,0.22,0.12,-0.182394729036182,5,2,1,"3) # of groups=5",3
"390147",-0.423485703880235,6,-0.494942515869565,7,-0.412378099229753,6,-1.6277019893582,15,-0.871647270140147,8,0.22,0.22,0.22,0.22,0.12,0.22,0.22,0.22,0.22,0.12,-0.755469500251123,5,2,1,"3) # of groups=5",1
"390150",0.395787967180062,1,NA,0,0.245261824984564,2,NA,0,0.296605826491324,6,0.22,0.22,0.22,0.22,0.12,0.392857142857143,NA,0.392857142857143,NA,0.214285714285714,0.315399381169958,1,0,0,"",NA
"390151",0.169746426896674,7,0.308204802814682,6,0.0834611654316454,7,-0.198807920290204,15,0.635269118882499,9,0.22,0.22,0.22,0.22,0.12,0.22,0.22,0.22,0.22,0.12,0.156005278733515,5,2,1,"3) # of groups=5",4
"390153",1.59195349188407,7,-0.114389759452934,8,0.96789830240321,10,0.326010433853308,15,0.137222780102368,8,0.22,0.22,0.22,0.22,0.12,0.22,0.22,0.22,0.22,0.12,0.626190676723568,5,2,1,"3) # of groups=5",5
"390156",0.630051912949404,7,-1.00261681837624,6,-0.742634578490391,8,-1.22107974088582,15,-0.773090569543381,9,0.22,0.22,0.22,0.22,0.12,0.22,0.22,0.22,0.22,0.12,-0.606752297801876,5,2,1,"3) # of groups=5",2
"390160",0.0894869696778126,3,-0.688340793760686,3,-0.938587940468714,5,0.870293595140689,15,-0.275020576232547,8,0.22,0.22,0.22,0.22,0.12,0.22,0.22,0.22,0.22,0.12,-0.179775066418303,5,2,1,"3) # of groups=5",3
"390162",0.499113332486513,4,0.678035673249115,2,-0.178999940937676,6,0.899756187719866,15,1.26165061116069,8,0.22,0.22,0.22,0.22,0.12,0.22,0.22,0.22,0.22,0.12,0.568937228893203,4,1,1,"2) # of groups=4",4
"390163",-0.789117503884117,4,0.305925994502674,3,-0.073250937544155,8,-0.0859323830558234,15,-0.629156521516337,8,0.22,0.22,0.22,0.22,0.12,0.22,0.22,0.22,0.22,0.12,-0.216821245177873,5,2,1,"3) # of groups=5",3
"390164",1.312558423979,8,-0.566426974612091,7,0.667780942097975,11,0.473923179502472,15,-0.565242919242978,9,0.22,0.22,0.22,0.22,0.12,0.22,0.22,0.22,0.22,0.12,0.347494675303661,5,2,1,"3) # of groups=5",4
"390168",-1.19200894464567,8,-0.730051166988517,7,-0.499948676342303,10,-0.133133109302742,15,-0.561566350744544,9,0.22,0.22,0.22,0.22,0.12,0.22,0.22,0.22,0.22,0.12,-0.629519179490776,5,2,1,"3) # of groups=5",2
"390173",-1.27745309802184,6,-0.607728609188062,7,-0.357948322198147,10,-0.473086472194922,15,0.164121736884457,8,0.22,0.22,0.22,0.22,0.12,0.22,0.22,0.22,0.22,0.12,-0.577873021926519,5,2,1,"3) # of groups=5",2
"390174",1.83331569360132,8,-0.434097432917058,8,-1.5774400115652,11,-0.385817125576709,15,-0.864412311148554,8,0.22,0.22,0.22,0.22,0.12,0.22,0.22,0.22,0.22,0.12,-0.227818030158509,5,2,1,"3) # of groups=5",3
"390178",-0.0496820964611795,5,0.0195014400304631,4,0.0979858183123578,9,0.410687143544288,15,-0.20308610138731,9,0.22,0.22,0.22,0.22,0.12,0.22,0.22,0.22,0.22,0.12,0.0808979750272273,5,2,1,"3) # of groups=5",4
"390179",1.14633051016271,8,0.0325091405789016,8,0.611941939273432,11,0.742255785565529,15,0.095701212287151,10,0.22,0.22,0.22,0.22,0.12,0.22,0.22,0.22,0.22,0.12,0.568752368102184,5,2,1,"3) # of groups=5",5
"390180",-0.72195571463187,7,-1.62870915452646,6,-0.0118018520201175,9,-1.21467587826994,15,-0.461133916716379,8,0.22,0.22,0.22,0.22,0.12,0.22,0.22,0.22,0.22,0.12,-0.842307441884611,5,2,1,"3) # of groups=5",1
"390183",0.82402598696447,5,0.467967749725106,2,-0.645664729841544,8,1.27407648202483,15,1.17207414481877,7,0.22,0.22,0.22,0.22,0.12,0.22,0.22,0.22,0.22,0.12,0.563138104930282,4,1,1,"2) # of groups=4",4
"390184",NA,0,NA,0,-0.931556049089801,2,0.673049468005051,5,1.18985911877141,6,0.22,0.22,0.22,0.22,0.12,NA,NA,0.392857142857143,0.392857142857143,0.214285714285714,0.153413654310579,2,0,0,"",NA
"390185",0.120779088559667,7,-0.061152226195104,6,-0.770109711542996,9,-1.00159543953404,15,-0.247156700745477,9,0.22,0.22,0.22,0.22,0.12,0.22,0.22,0.22,0.22,0.12,-0.406316027606201,5,2,1,"3) # of groups=5",2
"390195",1.2744248272844,8,0.328119820263655,8,-0.601540198677911,11,0.33453366603073,15,-0.174303115048071,10,0.22,0.22,0.22,0.22,0.12,0.22,0.22,0.22,0.22,0.12,0.272902011472424,5,2,1,"3) # of groups=5",4
"390198",-1.2517346048141,3,-0.222809118633587,3,-0.786788816775185,5,-2.76528624644771,5,-0.713141737753919,7,0.22,0.22,0.22,0.22,0.12,0.22,0.22,0.22,0.22,0.12,-1.191433141598,5,2,1,"3) # of groups=5",1
"390199",-0.36465073461048,3,-1.75888132183162,2,-0.179242037454052,7,0.698983419748519,15,0.691714144499624,7,0.22,0.22,0.22,0.22,0.12,0.22,0.22,0.22,0.22,0.12,-0.269828250972524,4,1,1,"2) # of groups=4",2
"390201",0.671603529205367,8,0.0487788399916779,7,-0.736186277509293,11,-0.0785804376814213,15,-0.918732126472556,10,0.22,0.22,0.22,0.22,0.12,0.22,0.22,0.22,0.22,0.12,-0.131012411295314,5,2,1,"3) # of groups=5",3
"390203",0.745264355611588,8,0.155493737588701,7,-0.300390431727548,11,0.43801264736328,15,-0.963598545923405,8,0.22,0.22,0.22,0.22,0.12,0.22,0.22,0.22,0.22,0.12,0.112811842433116,5,2,1,"3) # of groups=5",4
"390204",-0.224724167380584,6,-0.664100439859152,5,0.245989995966825,7,-1.07710853125784,15,-1.22441066007322,8,0.22,0.22,0.22,0.22,0.12,0.22,0.22,0.22,0.22,0.12,-0.525316770565552,5,2,1,"3) # of groups=5",2
"390211",0.0409360827284957,6,-0.058981683363067,6,0.140054936851043,8,-0.553101125796754,15,-0.464387111894936,9,0.22,0.22,0.22,0.22,0.12,0.22,0.22,0.22,0.22,0.12,-0.150566647135054,5,2,1,"3) # of groups=5",3
"390217",0.028035446227728,4,0.708886209054306,2,-0.059194373143378,7,-0.0564362476089999,15,0.0924701838514476,9,0.22,0.22,0.22,0.22,0.12,0.22,0.22,0.22,0.22,0.12,0.147780449658698,4,1,1,"2) # of groups=4",3
"390219",0.523058735166708,6,-0.277538392301179,7,0.593827209128045,7,0.180813281093532,15,0.539642586565749,9,0.22,0.22,0.22,0.22,0.12,0.22,0.22,0.22,0.22,0.12,0.289192493667053,5,2,1,"3) # of groups=5",4
"390222",0.96189048395781,7,0.380694083828059,7,-0.910512552120489,8,0.638367033414857,15,-0.0948429149660244,10,0.22,0.22,0.22,0.22,0.12,0.22,0.22,0.22,0.22,0.12,0.224115441001729,5,2,1,"3) # of groups=5",4
"390223",1.8731316326752,8,0.15489583404272,7,-0.0700571784980436,11,0.268220030601377,15,-1.17494320076629,8,0.22,0.22,0.22,0.22,0.12,0.22,0.22,0.22,0.22,0.12,0.348768686048721,5,2,1,"3) # of groups=5",4
"390225",0.775529305393983,7,0.533106709633656,6,1.25315859100505,9,0.123213734560362,15,0.391001115707148,8,0.22,0.22,0.22,0.22,0.12,0.22,0.22,0.22,0.22,0.12,0.637621968815329,5,2,1,"3) # of groups=5",5
"390226",1.73341324930734,7,0.189618391096392,8,-0.381720666984927,9,0.066802031250783,15,-1.12022901300925,8,0.22,0.22,0.22,0.22,0.12,0.22,0.22,0.22,0.22,0.12,0.219357379466199,5,2,1,"3) # of groups=5",4
"390228",0.205133024626461,7,0.587209915344417,7,-0.141264563073571,10,0.587549500152718,15,-0.415640871924903,9,0.22,0.22,0.22,0.22,0.12,0.22,0.22,0.22,0.22,0.12,0.222621228320017,5,2,1,"3) # of groups=5",4
"390231",0.994990038151489,8,0.25772049850815,8,-0.36758124762132,11,-1.04646740245216,15,-1.18848761640089,8,0.22,0.22,0.22,0.22,0.12,0.22,0.22,0.22,0.22,0.12,-0.178112898919152,5,2,1,"3) # of groups=5",3
"390233",0.214980282861516,6,-0.408588855672059,7,0.2863502572215,10,0.300397643114701,15,0.10285758010579,9,0.22,0.22,0.22,0.22,0.12,0.22,0.22,0.22,0.22,0.12,0.0988335616683396,5,2,1,"3) # of groups=5",4
"390237",-0.268248552598229,8,0.0476555844886367,7,-0.102685346891713,10,-0.818505935230643,15,-0.894254270860868,8,0.22,0.22,0.22,0.22,0.12,0.22,0.22,0.22,0.22,0.12,-0.358503047554333,5,2,1,"3) # of groups=5",2
"390256",1.06636376324449,8,0.171368850577612,8,0.131697554702589,11,0.351659093391678,15,-0.841670662626562,9,0.22,0.22,0.22,0.22,0.12,0.22,0.22,0.22,0.22,0.12,0.277639158106414,5,2,1,"3) # of groups=5",4
"390258",-0.0692675170836665,8,0.547853981862986,7,-0.970942604871604,11,-0.622522880660189,15,-0.591196883707397,9,0.22,0.22,0.22,0.22,0.12,0.22,0.22,0.22,0.22,0.12,-0.316217010610432,5,2,1,"3) # of groups=5",2
"390265",-0.0260089413446087,8,0.37688131698528,7,-0.67502911776131,11,0.63478328876886,15,0.154903787413157,9,0.22,0.22,0.22,0.22,0.12,0.22,0.22,0.22,0.22,0.12,0.0869262947521875,5,2,1,"3) # of groups=5",4
"390266",-0.0947445021727557,3,0.678035673249115,2,0.0433881703349163,7,0.564616086810578,15,0.385276290624876,8,0.22,0.22,0.22,0.22,0.12,0.22,0.22,0.22,0.22,0.12,0.308318149083793,4,1,1,"2) # of groups=4",4
"390267",0.825258743090674,8,-0.315272611986621,7,-0.0966412646930146,11,-0.17695149792292,15,-0.518392387635353,9,0.22,0.22,0.22,0.22,0.12,0.22,0.22,0.22,0.22,0.12,-0.0102005454488563,5,2,1,"3) # of groups=5",3
"390268",0.232777369109632,7,-0.104397456442807,7,1.2537524219823,8,0.465065807638314,15,0.423158714553895,9,0.22,0.22,0.22,0.22,0.12,0.22,0.22,0.22,0.22,0.12,0.457162637049704,5,2,1,"3) # of groups=5",5
"390270",1.22694204779716,8,-0.342514721286707,7,0.75929059737951,11,-0.485812899578187,15,-0.2763567543698,9,0.22,0.22,0.22,0.22,0.12,0.22,0.22,0.22,0.22,0.12,0.221576294824215,5,2,1,"3) # of groups=5",4
"390272",NA,0,NA,0,NA,0,NA,0,-7.00864560941978,1,0.22,0.22,0.22,0.22,0.12,NA,NA,NA,NA,1,-7.00864560941978,0,0,0,"",NA
"390278",NA,0,1.28298665056407,2,NA,0,NA,0,NA,0,0.22,0.22,0.22,0.22,0.12,NA,1,NA,NA,NA,1.28298665056407,0,0,0,"",NA
"390304",0.616909841082432,3,-0.107595438191619,2,-0.454009248214058,4,-1.62800935183301,10,0.648500826727674,6,0.22,0.22,0.22,0.22,0.12,0.22,0.22,0.22,0.22,0.12,-0.268174824167055,4,1,1,"2) # of groups=4",2
"390307",NA,0,0.753660728975076,2,1.66300791480488,2,NA,0,-3.00075631671929,1,0.22,0.22,0.22,0.22,0.12,NA,0.392857142857143,0.392857142857143,NA,0.214285714285714,0.306386327902278,0,0,0,"",NA
"390316",0.638048478541098,1,0.609489030816293,2,-1.60196400781512,4,1.92539034451262,15,-2.24425724080889,3,0.22,0.22,0.22,0.22,0.12,0.22,0.22,0.22,0.22,0.12,0.0763011772350092,3,0,0,"",NA
"390322",0.638048478541098,1,1.10340140030118,2,2.68295968341483,3,1.3528487874818,15,3.57665962869679,2,0.22,0.22,0.22,0.22,0.12,0.22,0.22,0.22,0.22,0.12,1.70019599238617,2,0,0,"",NA
"390323",0.638048478541098,1,1.4532939699282,2,-5.18999287358143,3,2.64029151109889,15,-1.59519048104783,2,0.22,0.22,0.22,0.22,0.12,0.22,0.22,0.22,0.22,0.12,-0.292261818808653,2,0,0,"",NA
"390324",0.395787967180062,1,1.56646323398087,2,1.42730497615237,3,2.075802618477,15,0.621021218992219,2,0.22,0.22,0.22,0.22,0.12,0.22,0.22,0.22,0.22,0.12,1.27690148135293,2,0,0,"",NA
"390325",0.153527455819019,1,1.50461026406957,2,3.10103389257365,3,2.16386935195325,15,0.48835431043609,2,0.22,0.22,0.22,0.22,0.12,0.22,0.22,0.22,0.22,0.12,1.58167152942374,2,0,0,"",NA
"390326",1.29058064225291,7,0.649574023149152,7,-0.00193655524046053,9,0.544669412846801,15,0.799274519712023,9,0.22,0.22,0.22,0.22,0.12,0.22,0.22,0.22,0.22,0.12,0.642148197427291,5,2,1,"3) # of groups=5",5
"390327",0.395787967180062,1,0.258498195763056,1,0.440624558500474,2,1.50610104540371,5,-2.06352702273474,2,0.22,0.22,0.22,0.22,0.12,0.22,0.22,0.22,0.22,0.12,0.324599345978238,1,0,0,"",NA
"390328",1.04925715204636,6,-0.24378457635494,7,0.587166695408277,10,0.179296507727931,15,-0.0655896187407889,9,0.22,0.22,0.22,0.22,0.12,0.22,0.22,0.22,0.22,0.12,0.337955117093183,5,2,1,"3) # of groups=5",4
"390329",1.14119171328361,8,-0.212490973777373,7,-0.177946304397782,10,-0.155814863237885,15,-0.270952033464177,10,0.22,0.22,0.22,0.22,0.12,0.22,0.22,0.22,0.22,0.12,0.0983724617958242,5,2,1,"3) # of groups=5",4
"390330",1.66109195207333,6,0.438809457557523,7,-1.03482560144969,10,0.528611083721445,15,1.01542615323734,7,0.22,0.22,0.22,0.22,0.12,0.22,0.22,0.22,0.22,0.12,0.472462254607055,5,2,1,"3) # of groups=5",5
"390331",NA,0,NA,0,0.98960941996114,3,NA,0,1.00713297598119,1,0.22,0.22,0.22,0.22,0.12,NA,NA,0.647058823529412,NA,0.352941176470588,0.995794204438805,1,0,0,"",NA
"390332",1.20600088187576,5,0.415297454706275,2,0.489686037788059,6,1.54081873083238,15,1.31824328643693,8,0.22,0.22,0.22,0.22,0.12,0.22,0.22,0.22,0.22,0.12,0.961585877516976,4,1,1,"2) # of groups=4",5
"390333",0.704543673900296,2,NA,0,-0.415333055523512,2,NA,0,0.941590700107572,7,0.22,0.22,0.22,0.22,0.12,0.392857142857143,NA,0.392857142857143,NA,0.214285714285714,0.315387892956788,1,0,0,"",NA
"390334",1.44209418460152,5,-0.102713325544603,6,0.44753108431952,7,1.34312735973764,15,0.398850104141459,9,0.22,0.22,0.22,0.22,0.12,0.22,0.22,0.22,0.22,0.12,0.736470659182072,5,2,1,"3) # of groups=5",5
"390335",1.28037525700091,5,0.901421580609426,5,-1.78296489993935,7,1.53144062016459,15,0.180378464799038,8,0.22,0.22,0.22,0.22,0.12,0.22,0.22,0.22,0.22,0.12,0.446305378499711,5,2,1,"3) # of groups=5",5
"390336",1.04340184987903,5,0.659795979095422,4,-0.15294970863924,6,0.548439915970022,15,-0.525123879807156,6,0.22,0.22,0.22,0.22,0.12,0.22,0.22,0.22,0.22,0.12,0.398696502410293,5,2,1,"3) # of groups=5",4
"390337",0.150954130547853,3,-0.123477519033063,2,-0.243513674234769,7,1.71231458973509,15,1.61245265476544,5,0.22,0.22,0.22,0.22,0.12,0.22,0.22,0.22,0.22,0.12,0.522675374515177,4,1,1,"2) # of groups=4",4
"390338",-0.165397595627053,3,-0.725338246362737,3,-0.36153969504962,6,1.25874708634977,15,-1.47242416565322,8,0.22,0.22,0.22,0.22,0.12,0.22,0.22,0.22,0.22,0.12,-0.175267159030107,5,2,1,"3) # of groups=5",3
"390339",0.752286012103403,5,-0.0836217873965359,6,-0.394005860034483,6,0.385916784971286,15,-0.893482997081947,8,0.22,0.22,0.22,0.22,0.12,0.22,0.22,0.22,0.22,0.12,0.0381085732717738,5,2,1,"3) # of groups=5",3
"391300",0.301336302086353,4,-1.56363644829948,1,-0.38798850540642,5,1.24329920029497,15,1.2623625934361,7,0.22,0.22,0.22,0.22,0.12,0.22,0.22,0.22,0.22,0.12,0.0619458319209251,4,1,1,"2) # of groups=4",3
"391301",-0.610337649201372,3,-0.88446591793385,2,1.61230954210568,5,1.61758137694323,15,0.128041444830886,6,0.22,0.22,0.22,0.22,0.12,0.22,0.22,0.22,0.22,0.12,0.397084190800718,4,1,1,"2) # of groups=4",4
"391302",NA,0,NA,0,0.911222352482846,1,-0.257145702011674,5,1.34127244894346,6,0.22,0.22,0.22,0.22,0.12,NA,NA,0.392857142857143,0.392857142857143,0.214285714285714,0.544374208887273,2,0,0,"",NA
"391303",-0.595259669092299,4,NA,0,-0.00509837847473012,5,NA,0,1.40677159818985,5,0.22,0.22,0.22,0.22,0.12,0.392857142857143,NA,0.392857142857143,NA,0.214285714285714,0.0655961094964921,3,1,1,"1) # of groups=3",3
"391304",NA,0,NA,0,NA,0,NA,0,0.405949582076122,1,0.22,0.22,0.22,0.22,0.12,NA,NA,NA,NA,1,0.405949582076122,0,0,0,"",NA
"391305",-0.319437963833673,4,1.15927422234555,1,-0.143834436969191,5,1.48288029962598,15,0.374694771708301,7,0.22,0.22,0.22,0.22,0.12,0.22,0.22,0.22,0.22,0.12,0.524317439262103,4,1,1,"2) # of groups=4",4
"391306",-2.25282915559329,4,NA,0,-0.696401306944663,6,NA,0,-0.668123092131342,3,0.22,0.22,0.22,0.22,0.12,0.392857142857143,NA,0.392857142857143,NA,0.214285714285714,-1.30179548716805,3,1,1,"1) # of groups=3",1
"391307",0.153527455819019,1,NA,0,0.569899209770701,3,1.078790107853,5,-0.96127243435553,7,0.22,0.22,0.22,0.22,0.12,0.282051282051282,NA,0.282051282051282,0.282051282051282,0.153846153846154,0.360429484659916,3,0,0,"",NA
"391308",-1.841841026672,3,NA,0,-0.863447167266011,2,NA,0,-0.887218426791728,7,0.22,0.22,0.22,0.22,0.12,0.392857142857143,NA,0.392857142857143,NA,0.214285714285714,-1.25291002478816,2,1,0,"",NA
"391309",-3.43459112095656,3,NA,0,-1.48683711930522,2,NA,0,0.738278513901969,4,0.22,0.22,0.22,0.22,0.12,0.392857142857143,NA,0.392857142857143,NA,0.214285714285714,-1.77521569855242,2,1,0,"",NA
"391312",-0.783161456691352,3,1.15927422234555,1,2.39234529882864,3,0.249881803906141,5,-0.542441805885569,7,0.22,0.22,0.22,0.22,0.12,0.22,0.22,0.22,0.22,0.12,0.598941754339307,4,1,1,"2) # of groups=4",4
"391313",-1.77533444397726,4,0.428216637099293,3,0.815879927452187,7,0.275701533415631,15,1.10525535695547,6,0.22,0.22,0.22,0.22,0.12,0.22,0.22,0.22,0.22,0.12,0.0764126467124236,5,2,1,"3) # of groups=5",4
"391314",-1.20206494346335,3,-1.51841537663787,2,0.63547464178427,3,0.764664268970697,10,-0.510992548608478,7,0.22,0.22,0.22,0.22,0.12,0.22,0.22,0.22,0.22,0.12,-0.351794215889193,4,1,1,"2) # of groups=4",2
"391315",-0.215204139183923,5,1.16593449887969,1,0.456233287585741,6,0.735035051129365,15,-0.322421621051188,9,0.22,0.22,0.22,0.22,0.12,0.22,0.22,0.22,0.22,0.12,0.43254911912425,4,1,1,"2) # of groups=4",4
"391316",-0.548689635774034,5,0.215884072405599,2,-0.169277397100729,9,1.15721216722765,15,-0.0213272440389762,7,0.22,0.22,0.22,0.22,0.12,0.22,0.22,0.22,0.22,0.12,0.14156915620219,4,1,1,"2) # of groups=4",3
"391317",0.638048478541098,1,NA,0,-0.429929842177738,2,1.42218476409084,15,0.171785812489335,6,0.22,0.22,0.22,0.22,0.12,0.282051282051282,NA,0.282051282051282,0.282051282051282,0.153846153846154,0.486257750767493,2,0,0,"",NA
"400001",-1.40037315838888,2,-0.109511703046801,1,-0.294918386581055,3,NA,0,2.17686652351532,2,0.22,0.22,0.22,0.22,0.12,0.282051282051282,0.282051282051282,0.282051282051282,NA,0.153846153846154,-0.174144527874158,1,0,0,"",NA
"400003",-2.26907765779137,1,NA,0,-0.0462318379796146,1,NA,0,-0.325733032464053,2,0.22,0.22,0.22,0.22,0.12,0.392857142857143,NA,0.392857142857143,NA,0.214285714285714,-0.979385808866613,0,0,0,"",NA
"400004",-1.00791658030491,2,1.16593449887969,1,0.957020575844511,1,NA,0,NA,0,0.22,0.22,0.22,0.22,0.12,0.333333333333333,0.333333333333333,0.333333333333333,NA,NA,0.371679498139764,0,0,0,"",NA
"400005",NA,0,NA,0,NA,0,NA,0,-0.495825508781488,1,0.22,0.22,0.22,0.22,0.12,NA,NA,NA,NA,1,-0.495825508781488,0,0,0,"",NA
"400006",-1.27621805276692,2,1.16260436061262,2,-2.22740259037297,2,-1.61370205114948,10,4.49590009543713,1,0.22,0.22,0.22,0.22,0.12,0.22,0.22,0.22,0.22,0.12,-0.33053002195643,1,0,0,"",NA
"400007",-5.17620379412384,1,0.357182122262993,3,-0.547858044891677,1,NA,0,-1.49779783195661,1,0.22,0.22,0.22,0.22,0.12,0.282051282051282,0.282051282051282,0.282051282051282,NA,0.153846153846154,-1.7441657404107,1,1,0,"",NA
"400010",NA,0,NA,0,NA,0,NA,0,0.506146814393635,1,0.22,0.22,0.22,0.22,0.12,NA,NA,NA,NA,1,0.506146814393635,0,0,0,"",NA
"400011",-0.0887330555420189,1,NA,0,-1.30029735525977,1,NA,0,3.35269992961424,2,0.22,0.22,0.22,0.22,0.12,0.392857142857143,NA,0.392857142857143,NA,0.214285714285714,0.172745180673777,0,0,0,"",NA
"400012",NA,0,NA,0,NA,0,NA,0,2.51009146074388,1,0.22,0.22,0.22,0.22,0.12,NA,NA,NA,NA,1,2.51009146074388,0,0,0,"",NA
"400013",-2.99585919187449,1,0.943423097319766,2,-2.55436287253993,1,NA,0,-0.0870292871126332,3,0.22,0.22,0.22,0.22,0.12,0.282051282051282,0.282051282051282,0.282051282051282,NA,0.153846153846154,-1.31274267591582,1,0,0,"",NA
"400014",-0.330993566903058,1,-0.934866566339819,4,0.54975805328146,2,NA,0,-3.7593397171111,2,0.22,0.22,0.22,0.22,0.12,0.282051282051282,0.282051282051282,0.282051282051282,NA,0.153846153846154,-0.780337466211338,1,1,0,"",NA
"400015",-2.02681714643033,1,-16.2469105144272,2,-0.547858044891677,1,NA,0,NA,0,0.22,0.22,0.22,0.22,0.12,0.333333333333333,0.333333333333333,0.333333333333333,NA,NA,-6.2738619019164,0,0,0,"",NA
"400016",-0.700254444101817,6,0.755379043848981,5,0.300870511156189,5,NA,0,NA,0,0.22,0.22,0.22,0.22,0.12,0.333333333333333,0.333333333333333,0.333333333333333,NA,NA,0.118665036967784,3,2,1,"1) # of groups=3",4
"400018",-2.02681714643033,1,NA,0,-4.56086770018818,1,NA,0,3.02557485095047,2,0.22,0.22,0.22,0.22,0.12,0.392857142857143,NA,0.392857142857143,NA,0.214285714285714,-1.93968157882503,0,0,0,"",NA
"400019",-1.30893388022291,4,-3.60472737043745,2,-0.891018704950461,5,NA,0,-4.53662124266616,3,0.22,0.22,0.22,0.22,0.12,0.282051282051282,0.282051282051282,0.282051282051282,NA,0.153846153846154,-2.33515915301836,3,1,1,"1) # of groups=3",1
"400021",-2.51133816915241,1,0.107102585562459,5,-1.95900142206413,2,NA,0,-1.08183238594999,3,0.22,0.22,0.22,0.22,0.12,0.282051282051282,0.282051282051282,0.282051282051282,NA,0.153846153846154,-1.39709234302294,2,1,0,"",NA
"400022",-2.02681714643033,1,-1.82984982995978,4,-0.818894197573984,2,-1.10128725720339,10,-2.30900935772619,2,0.22,0.22,0.22,0.22,0.12,0.22,0.22,0.22,0.22,0.12,-1.54798777778399,2,1,0,"",NA
"400032",-2.75359868051345,1,-6.59726590043756,2,-0.438174817585019,2,-2.72372636854713,10,-2.57433605556066,4,0.22,0.22,0.22,0.22,0.12,0.22,0.22,0.22,0.22,0.12,-3.06172879542557,2,0,0,"",NA
"40003F",1.54094486759228,5,-1.15169961043875,4,-3.48231628999244,6,0.454992477476693,10,-0.468518717965396,4,0.22,0.22,0.22,0.22,0.12,0.22,0.22,0.22,0.22,0.12,-0.636599528335535,5,2,1,"3) # of groups=5",2
"400044",-1.81827823983927,3,-12.4718758665755,1,-0.297044941435646,1,NA,0,-3.20115078135432,1,0.22,0.22,0.22,0.22,0.12,0.282051282051282,0.282051282051282,0.282051282051282,NA,0.153846153846154,-4.60682292857642,1,1,0,"",NA
"400048",-3.96490123731865,1,NA,0,-3.55761528636405,1,NA,0,-2.25127745887038,3,0.22,0.22,0.22,0.22,0.12,0.392857142857143,NA,0.392857142857143,NA,0.214285714285714,-3.437690946919,1,0,0,"",NA
"400061",-1.30003561234722,1,-11.4044675838919,2,-0.798671148347709,1,NA,0,-5.5056871246571,1,0.22,0.22,0.22,0.22,0.12,0.282051282051282,0.282051282051282,0.282051282051282,NA,0.153846153846154,-4.65561642406148,0,0,0,"",NA
"400079",-4.93394328276281,1,NA,0,-1.80192356217183,1,NA,0,3.45273359789434,1,0.22,0.22,0.22,0.22,0.12,0.392857142857143,NA,0.392857142857143,NA,0.214285714285714,-1.90636191810411,0,0,0,"",NA
"400087",-3.23811970323553,1,-6.54896276699829,2,-2.05273666562787,1,NA,0,-0.986137516201418,2,0.22,0.22,0.22,0.22,0.12,0.282051282051282,0.282051282051282,0.282051282051282,NA,0.153846153846154,-3.49114963055608,0,0,0,"",NA
"400098",-3.23811970323553,1,NA,0,-2.05273666562787,1,NA,0,NA,0,0.22,0.22,0.22,0.22,0.12,0.5,NA,0.5,NA,NA,-2.6454281844317,0,0,0,"",NA
"400102",-0.815514589625137,1,-1.10554989010873,3,-4.05924149327612,1,-2.88751636417967,10,-3.05940350709908,2,0.22,0.22,0.22,0.22,0.12,0.22,0.22,0.22,0.22,0.12,-2.31804933503361,2,1,0,"",NA
"400103",-2.06662952612742,3,NA,0,-3.70945038210841,2,-2.60096777441641,10,-0.377448689271469,3,0.22,0.22,0.22,0.22,0.12,0.282051282051282,NA,0.282051282051282,0.282051282051282,0.153846153846154,-2.42082606781547,3,1,1,"1) # of groups=3",1
"400104",-3.40982918663204,2,1.0447841928933,2,-2.08417230849767,2,NA,0,3.00200961650295,2,0.22,0.22,0.22,0.22,0.12,0.282051282051282,0.282051282051282,0.282051282051282,NA,0.153846153846154,-0.79305981091238,0,0,0,"",NA
"400105",-2.02681714643033,1,1.16593449887969,1,-0.547858044891677,1,NA,0,NA,0,0.22,0.22,0.22,0.22,0.12,0.333333333333333,0.333333333333333,0.333333333333333,NA,NA,-0.469580230814106,0,0,0,"",NA
"400106",-2.26907765779137,1,NA,0,-1.30029735525977,1,NA,0,-7.40376654453057,1,0.22,0.22,0.22,0.22,0.12,0.392857142857143,NA,0.392857142857143,NA,0.214285714285714,-2.98877587181236,0,0,0,"",NA
"400109",-1.04346176822376,5,0.137153843495175,2,-3.0057952988199,4,NA,0,NA,0,0.22,0.22,0.22,0.22,0.12,0.333333333333333,0.333333333333333,0.333333333333333,NA,NA,-1.30403440784949,2,1,0,"",NA
"400110",-4.69168277140177,1,NA,0,-0.547858044891677,1,NA,0,0.30575234975861,1,0.22,0.22,0.22,0.22,0.12,0.392857142857143,NA,0.392857142857143,NA,0.214285714285714,-1.99287267430987,0,0,0,"",NA
"400111",-2.26907765779137,1,0.860344549642927,2,-1.80192356217183,1,NA,0,2.49805530765169,2,0.22,0.22,0.22,0.22,0.12,0.282051282051282,0.282051282051282,0.282051282051282,NA,0.153846153846154,-0.52125362891315,0,0,0,"",NA
"400112",-2.99585919187449,1,NA,0,-3.05598907945199,1,NA,0,0.641104538340327,2,0.22,0.22,0.22,0.22,0.12,0.392857142857143,NA,0.392857142857143,NA,0.214285714285714,-2.24013227694819,0,0,0,"",NA
"400113",-3.48038021459657,1,NA,0,-1.04948425180374,1,NA,0,3.52656101253804,2,0.22,0.22,0.22,0.22,0.12,0.392857142857143,NA,0.392857142857143,NA,0.214285714285714,-1.02389796625626,0,0,0,"",NA
"400114",-5.66072481684592,1,1.11875730154613,4,-2.3035497690839,1,-1.67529018755044,10,0.393465270164398,7,0.22,0.22,0.22,0.22,0.12,0.22,0.22,0.22,0.22,0.12,-1.82736181140578,3,1,1,"1) # of groups=3",1
"400115",-2.02681714643033,1,-6.05732627945514,2,-0.547858044891677,1,NA,0,1.00713297598119,1,0.22,0.22,0.22,0.22,0.12,0.282051282051282,0.282051282051282,0.282051282051282,NA,0.153846153846154,-2.27972354673491,0,0,0,"",NA
"400117",-8.56785095317839,1,1.1262807794458,2,-3.80842838982009,1,NA,0,0.0576305070581366,3,0.22,0.22,0.22,0.22,0.12,0.282051282051282,0.282051282051282,0.282051282051282,NA,0.153846153846154,-3.16421028607002,1,0,0,"",NA
"400118",-2.75359868051345,1,0.768653593269261,4,-3.30680218290802,1,-0.893524082384943,10,-0.072454926219549,3,0.22,0.22,0.22,0.22,0.12,0.22,0.22,0.22,0.22,0.12,-1.36945428870452,3,1,1,"1) # of groups=3",1
"400120",-1.7916643778779,2,NA,0,-5.31330701055627,1,NA,0,NA,0,0.22,0.22,0.22,0.22,0.12,0.5,NA,0.5,NA,NA,-3.55248569421708,0,0,0,"",NA
"400122",NA,0,NA,0,NA,0,NA,0,2.42311945479308,1,0.22,0.22,0.22,0.22,0.12,NA,NA,NA,NA,1,2.42311945479308,0,0,0,"",NA
"400123",-1.54229612370826,1,-3.94911980446816,2,-0.297044941435646,1,NA,0,5.19134442713233,1,0.22,0.22,0.22,0.22,0.12,0.282051282051282,0.282051282051282,0.282051282051282,NA,0.153846153846154,-0.833974435972789,0,0,0,"",NA
"400124",0.0595445708522959,3,NA,0,-2.55370135114484,3,NA,0,NA,0,0.22,0.22,0.22,0.22,0.12,0.5,NA,0.5,NA,NA,-1.24707839014627,2,1,0,"",NA
"400126",-0.573254078264098,1,NA,0,0.455394368932441,1,NA,0,NA,0,0.22,0.22,0.22,0.22,0.12,0.5,NA,0.5,NA,NA,-0.0589298546658285,0,0,0,"",NA
"400127",NA,0,-5.00886848086319,4,NA,0,NA,0,NA,0,0.22,0.22,0.22,0.22,0.12,NA,1,NA,NA,NA,-5.00886848086319,1,1,0,"",NA
"400128",-0.0887330555420189,1,NA,0,-0.798671148347709,1,NA,0,NA,0,0.22,0.22,0.22,0.22,0.12,0.5,NA,0.5,NA,NA,-0.443702101944864,0,0,0,"",NA
"400132",-2.02681714643033,1,NA,0,-2.05273666562787,1,-2.22031643071466,10,-2.45857501799552,2,0.22,0.22,0.22,0.22,0.12,0.282051282051282,NA,0.282051282051282,0.282051282051282,0.153846153846154,-2.15512878919166,1,0,0,"",NA
"400135",NA,0,0.227230508992817,2,-1.30029735525977,1,NA,0,1.17633574773833,1,0.22,0.22,0.22,0.22,0.12,NA,0.392857142857143,0.392857142857143,NA,0.214285714285714,-0.169490029375232,0,0,0,"",NA
"400137",-2.02681714643033,1,0.586219192814819,4,-0.798671148347709,1,-0.308842662048485,10,-2.37941224117279,4,0.22,0.22,0.22,0.22,0.12,0.22,0.22,0.22,0.22,0.12,-0.84611405702331,3,1,1,"1) # of groups=3",2
"400138",NA,0,NA,0,NA,0,NA,0,-1.78871494865187,2,0.22,0.22,0.22,0.22,0.12,NA,NA,NA,NA,1,-1.78871494865187,0,0,0,"",NA
"410004",-0.0489610905538805,4,0.884138188725361,6,0.164553027437114,8,-0.463730255463001,15,-0.598012914219023,7,0.22,0.22,0.22,0.22,0.12,0.22,0.22,0.22,0.22,0.12,0.0461584217257478,5,2,1,"3) # of groups=5",3
"410005",-0.186835806970942,5,0.446708274265617,5,-1.2193045610879,7,0.237746082840868,15,-0.483375808424985,7,0.22,0.22,0.22,0.22,0.12,0.22,0.22,0.22,0.22,0.12,-0.216776019420517,5,2,1,"3) # of groups=5",3
"410006",0.715878062131867,5,0.282263516507153,5,-0.0671008646603442,7,0.281235557320153,15,-0.249330798782102,9,0.22,0.22,0.22,0.22,0.12,0.22,0.22,0.22,0.22,0.12,0.23678108383189,5,2,1,"3) # of groups=5",4
"410007",0.0438646950649254,8,0.320238714516231,6,1.16338431858237,10,-0.469761639798879,15,-0.779217775272433,9,0.22,0.22,0.22,0.22,0.12,0.22,0.22,0.22,0.22,0.12,0.13919360640753,5,2,1,"3) # of groups=5",4
"410008",0.0313496073008425,6,-0.653599362926431,4,0.316012548182975,9,0.758786947462557,15,-0.071347724791927,8,0.22,0.22,0.22,0.22,0.12,0.22,0.22,0.22,0.22,0.12,0.0909992158293563,5,2,1,"3) # of groups=5",4
"410009",0.923683237832161,6,-0.388181612267924,7,-0.37948015804307,10,-0.293787186790103,15,-0.788069184605363,8,0.22,0.22,0.22,0.22,0.12,0.22,0.22,0.22,0.22,0.12,-0.124876760391809,5,2,1,"3) # of groups=5",3
"410010",0.153527455819019,1,0.511610522363518,5,0.794302716771934,5,0.483070226154351,15,0.84800652913311,7,0.22,0.22,0.22,0.22,0.12,0.22,0.22,0.22,0.22,0.12,0.529113186139914,4,1,1,"2) # of groups=4",4
"410011",0.309333493923999,6,0.0726293411928451,5,-1.49963270430461,9,-1.16150163407434,15,0.0298713099907642,7,0.22,0.22,0.22,0.22,0.12,0.22,0.22,0.22,0.22,0.12,-0.497833173518772,5,2,1,"3) # of groups=5",2
"410012",1.43284985693517,7,0.62928877368279,7,0.490630966753226,10,0.0207376042340743,15,-1.36179149536867,9,0.22,0.22,0.22,0.22,0.12,0.22,0.22,0.22,0.22,0.12,0.402756604908917,5,2,1,"3) # of groups=5",4
"410013",-0.377519383595416,5,0.242191031693264,5,0.209224176630253,8,0.800569744654027,15,-0.303264760321932,8,0.22,0.22,0.22,0.22,0.12,0.22,0.22,0.22,0.22,0.12,0.155990654025436,5,2,1,"3) # of groups=5",4
"41005F",0.792587623464754,4,0.605945968570262,4,-1.07502620233165,5,0.91370932108823,10,1.17846309014222,3,0.22,0.22,0.22,0.22,0.12,0.22,0.22,0.22,0.22,0.12,0.413603247191217,5,2,1,"3) # of groups=5",4
"420002",-0.592228066396131,8,-0.060052041503179,7,0.601353379606859,9,-2.21337793485754,15,-0.284319674770107,7,0.22,0.22,0.22,0.22,0.12,0.22,0.22,0.22,0.22,0.12,-0.532265386865411,5,2,1,"3) # of groups=5",2
"420004",0.604496720266283,8,-0.929879639726016,8,-0.733337729305071,11,-0.23185768222891,15,-0.802605914837043,10,0.22,0.22,0.22,0.22,0.12,0.22,0.22,0.22,0.22,0.12,-0.380239942599062,5,2,1,"3) # of groups=5",2
"420005",0.222104789882198,5,0.585484065833544,2,-0.518739317253186,6,0.156661832558598,15,-1.05064023200232,7,0.22,0.22,0.22,0.22,0.12,0.22,0.22,0.22,0.22,0.12,-0.0280643262156245,4,1,1,"2) # of groups=4",3
"420007",-1.87985672475237,8,-0.135431915650519,8,0.209107339035756,11,0.134989660058167,15,-0.12255128637454,10,0.22,0.22,0.22,0.22,0.12,0.22,0.22,0.22,0.22,0.12,-0.382368315452917,5,2,1,"3) # of groups=5",2
"420009",0.729286640366365,7,-0.0612753684213321,7,-0.663637055492316,7,0.21958708882689,15,0.390794258462778,8,0.22,0.22,0.22,0.22,0.12,0.22,0.22,0.22,0.22,0.12,0.0961667981770469,5,2,1,"3) # of groups=5",4
"420010",-0.783060123248857,6,0.213630739359175,3,-1.32985788426223,6,0.174849522035387,15,0.711281854498889,9,0.22,0.22,0.22,0.22,0.12,0.22,0.22,0.22,0.22,0.12,-0.294022481605769,5,2,1,"3) # of groups=5",2
"420011",0.0973799705269768,2,0.0733949809319144,1,0.21285004386812,3,0.655622443754093,5,0.378120744462452,7,0.22,0.22,0.22,0.22,0.12,0.22,0.22,0.22,0.22,0.12,0.274008925933337,3,0,0,"",NA
"420015",0.356905163929603,6,-0.39822272724019,6,1.01512592832873,6,-0.033482091306448,15,-0.276139322757745,8,0.22,0.22,0.22,0.22,0.12,0.22,0.22,0.22,0.22,0.12,0.173735061485643,5,2,1,"3) # of groups=5",4
"420018",0.253721236202511,8,-0.0642747888214732,7,0.0533418609376593,8,-0.645057935383768,15,-0.0980988085418434,8,0.22,0.22,0.22,0.22,0.12,0.22,0.22,0.22,0.22,0.12,-0.100271174979337,5,2,1,"3) # of groups=5",3
"420019",0.11585880677434,2,0.739736744859496,2,-0.062489100355367,4,-0.661064703612498,5,1.15466896109589,8,0.22,0.22,0.22,0.22,0.12,0.22,0.22,0.22,0.22,0.12,0.16760945981802,3,0,0,"",NA
"420020",-0.304058633932162,6,-0.503092956057266,3,0.0266731410592582,9,-1.14186825378901,15,-0.919286836149567,8,0.22,0.22,0.22,0.22,0.12,0.22,0.22,0.22,0.22,0.12,-0.533230694936168,5,2,1,"3) # of groups=5",2
"420023",0.416947754668982,8,0.0655205771296515,8,0.861481692678788,11,0.264348072788036,15,-0.967659193628766,10,0.22,0.22,0.22,0.22,0.12,0.22,0.22,0.22,0.22,0.12,0.237706478162949,5,2,1,"3) # of groups=5",4
"420026",-0.05800748639244,8,-0.359594876018373,7,0.903544290612522,9,-0.676735544340498,15,0.324453539473931,8,0.22,0.22,0.22,0.22,0.12,0.22,0.22,0.22,0.22,0.12,-0.00304017081366185,5,2,1,"3) # of groups=5",3
"420027",-0.392705311150145,8,0.192500465363719,7,0.963188491028588,10,0.337853542373781,15,-1.15862593010783,10,0.22,0.22,0.22,0.22,0.12,0.22,0.22,0.22,0.22,0.12,0.103149069662568,5,2,1,"3) # of groups=5",4
"420030",-0.489188488628321,5,-0.191262081013708,4,-0.707355324335143,7,0.121855561345667,15,0.190988756483452,9,0.22,0.22,0.22,0.22,0.12,0.22,0.22,0.22,0.22,0.12,-0.255590422400917,5,2,1,"3) # of groups=5",3
"420033",0.195293913986547,5,0.726999484979879,6,1.60523605966288,6,0.745279641103963,15,-0.811099363302635,8,0.22,0.22,0.22,0.22,0.12,0.22,0.22,0.22,0.22,0.12,0.622686078345003,5,2,1,"3) # of groups=5",5
"420036",-0.182598407614168,7,1.18790257110126,5,0.284231812152031,6,-0.914627318805827,15,0.25857019284884,7,0.22,0.22,0.22,0.22,0.12,0.22,0.22,0.22,0.22,0.12,0.113508327645186,5,2,1,"3) # of groups=5",4
"420037",0.77818515614234,5,-1.09527167690965,3,0.548052603119739,6,0.460315643254461,15,-0.185784703519984,8,0.22,0.22,0.22,0.22,0.12,0.22,0.22,0.22,0.22,0.12,0.129787815211118,5,2,1,"3) # of groups=5",4
"420038",0.299672905457067,5,0.517845315850968,2,0.603990502605575,5,0.0616848454381214,15,-0.0134246406132145,7,0.22,0.22,0.22,0.22,0.12,0.22,0.22,0.22,0.22,0.12,0.324691628383795,4,1,1,"2) # of groups=4",4
"420043",-1.31199361569041,4,-0.190372494481797,2,-1.11293523041531,5,0.647557436529587,15,-0.860500240054407,8,0.22,0.22,0.22,0.22,0.12,0.22,0.22,0.22,0.22,0.12,-0.536163687699273,4,1,1,"2) # of groups=4",2
"420048",-0.884755879514309,5,0.142062940680104,5,1.09518306602356,7,-0.435944798130103,15,-0.189283763479932,9,0.22,0.22,0.22,0.22,0.12,0.22,0.22,0.22,0.22,0.12,-0.0410740792245564,5,2,1,"3) # of groups=5",3
"420049",-1.44015540260475,6,0.312671991590283,7,-0.286627290882531,9,0.11657920859321,15,0.0665329869796421,10,0.22,0.22,0.22,0.22,0.12,0.22,0.22,0.22,0.22,0.12,-0.277472970089276,5,2,1,"3) # of groups=5",2
"420051",-0.18385573424865,8,-0.0677805946909846,7,-0.572062486000713,11,-0.0311644193994557,15,-0.701078009573639,10,0.22,0.22,0.22,0.22,0.12,0.22,0.22,0.22,0.22,0.12,-0.272199272703593,5,2,1,"3) # of groups=5",3
"420053",-2.25225618691807,3,1.38949825016157,3,-0.490412292863596,8,0.820800439382233,15,1.16119254646437,7,0.22,0.22,0.22,0.22,0.12,0.22,0.22,0.22,0.22,0.12,0.0222217517233946,5,2,1,"3) # of groups=5",3
"420055",-0.558292260905846,5,NA,0,-0.317265489602891,5,0.399281258741623,15,0.549534082664066,8,0.22,0.22,0.22,0.22,0.12,0.282051282051282,NA,0.282051282051282,0.282051282051282,0.153846153846154,-0.0497906900885605,4,1,1,"2) # of groups=4",3
"420065",0.341576437084212,6,-0.847738364997372,7,-0.241885641163396,8,0.627778729127576,15,0.194959644726887,10,0.22,0.22,0.22,0.22,0.12,0.22,0.22,0.22,0.22,0.12,-0.00306398742154915,5,2,1,"3) # of groups=5",3
"420067",-0.0752856010943597,7,-0.157213433178119,7,1.07396429092943,10,-0.811558902040645,15,0.484069305493031,10,0.22,0.22,0.22,0.22,0.12,0.22,0.22,0.22,0.22,0.12,0.0646677146747511,5,2,1,"3) # of groups=5",4
"420070",-1.00901212536325,6,0.97535136721641,6,0.653761797916509,6,-0.390813014836088,15,-0.711804531469533,9,0.22,0.22,0.22,0.22,0.12,0.22,0.22,0.22,0.22,0.12,-0.0349731782909561,5,2,1,"3) # of groups=5",3
"420071",-0.282428945697474,8,0.573227397042547,7,0.387487824778877,11,0.498438778357241,15,0.16489618194935,9,0.22,0.22,0.22,0.22,0.12,0.22,0.22,0.22,0.22,0.12,0.278667053819784,5,2,1,"3) # of groups=5",4
"420072",-0.101873168456451,2,0.135096052542295,1,-0.321296474122318,4,0.187592259789995,5,-1.62563688867693,8,0.22,0.22,0.22,0.22,0.12,0.22,0.22,0.22,0.22,0.12,-0.217182319295457,3,0,0,"",NA
"420073",-0.569460630599321,8,0.579943589733552,8,-0.0671545909446874,11,0.630353192980137,15,-0.996887599730625,9,0.22,0.22,0.22,0.22,0.12,0.22,0.22,0.22,0.22,0.12,0.00658343148965475,5,2,1,"3) # of groups=5",3
"420078",0.817009280536921,8,0.152661314602211,7,0.152753793577653,10,-0.118163492348493,15,-0.495558958161014,9,0.22,0.22,0.22,0.22,0.12,0.22,0.22,0.22,0.22,0.12,0.161470322221703,5,2,1,"3) # of groups=5",4
"420079",0.148598254696528,8,-0.18733804218287,8,-0.127686868988767,11,-0.399085980932889,15,-0.292406923827959,9,0.22,0.22,0.22,0.22,0.12,0.22,0.22,0.22,0.22,0.12,-0.159501611089115,5,2,1,"3) # of groups=5",3
"420080",-0.156147772915619,8,0.222145607126638,5,0.0899931318513865,11,-1.81888408424899,15,0.00907873983377242,9,0.22,0.22,0.22,0.22,0.12,0.22,0.22,0.22,0.22,0.12,-0.364747037220996,5,2,1,"3) # of groups=5",2
"420082",-1.33430896672023,7,0.0237395249290354,8,0.64894109619552,7,-1.32301870219568,15,-0.84042189659859,8,0.22,0.22,0.22,0.22,0.12,0.22,0.22,0.22,0.22,0.12,-0.537472978105929,5,2,1,"3) # of groups=5",2
"420085",0.0097250702105494,8,-0.192959740957213,7,-1.03757075744767,9,-0.724318086163794,15,-0.0239557839546552,10,0.22,0.22,0.22,0.22,0.12,0.22,0.22,0.22,0.22,0.12,-0.430801867233347,5,2,1,"3) # of groups=5",2
"420086",0.561697933739443,6,0.280989238039139,8,0.539393080758423,7,0.075723049064046,15,-0.177555446642487,7,0.22,0.22,0.22,0.22,0.12,0.22,0.22,0.22,0.22,0.12,0.299410072755133,5,2,1,"3) # of groups=5",4
"420087",0.608602242458167,8,-0.111879763118423,8,0.114924208470459,9,0.781741408059158,15,0.740905640572795,9,0.22,0.22,0.22,0.22,0.12,0.22,0.22,0.22,0.22,0.12,0.395454057959995,5,2,1,"3) # of groups=5",4
"420089",0.452330399539951,4,-0.768279496609241,3,1.00414374044715,6,0.391774844994073,15,1.08289121189795,8,0.22,0.22,0.22,0.22,0.12,0.22,0.22,0.22,0.22,0.12,0.367540232869579,5,2,1,"3) # of groups=5",4
"420091",0.283478054327694,7,-0.446516785215611,6,0.660328873470239,9,-0.00201488494169057,15,-0.567086535001467,8,0.22,0.22,0.22,0.22,0.12,0.22,0.22,0.22,0.22,0.12,0.0409101724807629,5,2,1,"3) # of groups=5",3
"420098",-0.29271588953205,7,0.130512346858821,5,0.980601072464874,7,-0.0287289583491994,15,0.0567289602308349,10,0.22,0.22,0.22,0.22,0.12,0.22,0.22,0.22,0.22,0.12,0.180534560945038,5,2,1,"3) # of groups=5",4
"420101",-0.59392380199291,5,0.389911535084949,3,1.80872587698307,8,-1.04288045930144,15,1.06470900801606,8,0.22,0.22,0.22,0.22,0.12,0.22,0.22,0.22,0.22,0.12,0.251368374132134,5,2,1,"3) # of groups=5",4
"420102",0.638048478541098,1,0.77218373745592,3,1.79885557837193,4,0.628876458415228,15,-0.33642828998477,4,0.22,0.22,0.22,0.22,0.12,0.22,0.22,0.22,0.22,0.12,0.803980740814346,4,1,1,"2) # of groups=4",5
"420103",0.693940726863095,5,0.121677990107654,4,0.670475177669271,6,1.30423013938656,15,-0.947523216423867,8,0.22,0.22,0.22,0.22,0.12,0.22,0.22,0.22,0.22,0.12,0.500168501514984,5,2,1,"3) # of groups=5",5
"420104",1.20464757679196,5,0.446353612921113,4,0.102357442449923,7,1.20518993053564,15,0.202769637127402,9,0.22,0.22,0.22,0.22,0.12,0.22,0.22,0.22,0.22,0.12,0.675213040248988,5,2,1,"3) # of groups=5",5
"420105",-0.242538369165059,7,0.270912469570039,7,0.0503892420714009,8,0.832584309741828,15,-1.01507202282771,9,0.22,0.22,0.22,0.22,0.12,0.22,0.22,0.22,0.22,0.12,0.0786878407486808,5,2,1,"3) # of groups=5",4
"420106",0.467460242018617,4,-0.445361277184114,4,1.22987126897958,5,0.455704246942283,15,-0.00885762515220337,7,0.22,0.22,0.22,0.22,0.12,0.22,0.22,0.22,0.22,0.12,0.374625470748136,5,2,1,"3) # of groups=5",4
"420107",0.148001292627696,4,-0.460910932172438,3,-0.962333770357002,6,0.502489567637172,15,-0.603047929791602,8,0.22,0.22,0.22,0.22,0.12,0.22,0.22,0.22,0.22,0.12,-0.242371596873198,5,2,1,"3) # of groups=5",3
"420108",-1.56451078644701,2,NA,0,0.56575272129887,2,NA,0,0.00786431077554179,6,0.22,0.22,0.22,0.22,0.12,0.392857142857143,NA,0.392857142857143,NA,0.214285714285714,-0.390684030427725,1,0,0,"",NA
"420109",-0.815878766043611,5,0.351677946719297,2,0.481566650376168,6,0.441109627125265,15,-1.48059712447527,8,0.22,0.22,0.22,0.22,0.12,0.22,0.22,0.22,0.22,0.12,-0.0768070541380662,4,1,1,"2) # of groups=4",3
"420110",0.295402452886083,5,0.209724022677345,3,0.418980745325013,7,0.939508429268893,15,0.660689390147037,9,0.22,0.22,0.22,0.22,0.12,0.22,0.22,0.22,0.22,0.12,0.489278169852258,5,2,1,"3) # of groups=5",5
"42011F",0.983691770791255,3,1.07608726824047,3,0.90113456756928,5,1.58206829214447,10,0.44070868831389,4,0.22,0.22,0.22,0.22,0.12,0.22,0.22,0.22,0.22,0.12,1.05234106032167,5,2,1,"3) # of groups=5",5
"42029F",1.7227561325012,5,0.706135832747241,4,0.410208810196296,6,0.989836493949945,10,0.539305165012212,5,0.22,0.22,0.22,0.22,0.12,0.22,0.22,0.22,0.22,0.12,0.907082819068296,5,2,1,"3) # of groups=5",5
"421300",NA,0,NA,0,0.455394368932441,1,NA,0,NA,0,0.22,0.22,0.22,0.22,0.12,NA,NA,1,NA,NA,0.455394368932441,0,0,0,"",NA
"421301",-0.396215602019429,2,NA,0,-0.997042709277931,3,NA,0,0.185401866378556,6,0.22,0.22,0.22,0.22,0.12,0.392857142857143,NA,0.392857142857143,NA,0.214285714285714,-0.507622508071415,2,0,0,"",NA
"421304",NA,0,NA,0,-0.0611885360077681,1,NA,0,0.290050116023323,4,0.22,0.22,0.22,0.22,0.12,NA,NA,0.647058823529412,NA,0.352941176470588,0.0627780470620287,1,0,0,"",NA
"430005",-0.879758944720207,6,-0.688296476139787,4,0.160462678722453,9,0.0190516306829949,15,0.282617996001626,8,0.22,0.22,0.22,0.22,0.12,0.22,0.22,0.22,0.22,0.12,-0.271564884999805,5,2,1,"3) # of groups=5",3
"430008",-0.14462910164747,4,-0.618143917616953,3,1.04836343030369,8,1.3874729211055,15,0.680108374052589,8,0.22,0.22,0.22,0.22,0.12,0.22,0.22,0.22,0.22,0.12,0.449686937958159,5,2,1,"3) # of groups=5",4
"430012",-0.295474671214911,4,-1.08581090237231,4,-0.426386803191955,6,0.863073397899555,15,0.637911113992043,8,0.22,0.22,0.22,0.22,0.12,0.22,0.22,0.22,0.22,0.12,-0.131262441674471,5,2,1,"3) # of groups=5",3
"430014",0.312084351555797,7,0.00808018236953667,5,-0.123803478176802,9,0.132897038553221,15,0.244816136273598,8,0.22,0.22,0.22,0.22,0.12,0.22,0.22,0.22,0.22,0.12,0.101814717099217,5,2,1,"3) # of groups=5",4
"430015",-0.868497843714067,5,-0.793314811250482,3,0.318171744788804,9,-0.33644800026077,15,0.0903338472469381,9,0.22,0.22,0.22,0.22,0.12,0.22,0.22,0.22,0.22,0.12,-0.358779498626401,5,2,1,"3) # of groups=5",2
"430016",0.583727105824362,7,-0.0666166108254013,8,0.117193502217811,9,0.48094598151324,15,0.408726700495887,8,0.22,0.22,0.22,0.22,0.12,0.22,0.22,0.22,0.22,0.12,0.294402199380109,5,2,1,"3) # of groups=5",4
"430027",0.99355140435394,8,0.37174667832446,8,0.865416278841011,11,0.0866259520980392,15,-0.106994907977526,9,0.22,0.22,0.22,0.22,0.12,0.22,0.22,0.22,0.22,0.12,0.496975480038536,5,2,1,"3) # of groups=5",5
"43002F",1.13876958837298,3,0.258498195763056,1,0.723841137754611,4,1.93652753736337,10,0.643596985913145,3,0.22,0.22,0.22,0.22,0.12,0.22,0.22,0.22,0.22,0.12,0.969911659345461,4,1,1,"2) # of groups=4",5
"430048",-0.223834047490792,3,0.320199267373437,1,0.88477322375142,5,0.539308524186245,15,0.65657380693712,9,0.22,0.22,0.22,0.22,0.12,0.22,0.22,0.22,0.22,0.12,0.413287189752923,4,1,1,"2) # of groups=4",4
"43005F",0.671756072082427,3,0.856597113859656,2,2.37008374977703,5,1.93585795058648,10,0.589822411875853,4,0.22,0.22,0.22,0.22,0.12,0.22,0.22,0.22,0.22,0.12,1.35432356441233,4,1,1,"2) # of groups=4",5
"430077",0.16431138709448,8,0.0723227244556394,7,-0.328257025211694,11,-0.181538317101846,15,-0.338456456942555,8,0.22,0.22,0.22,0.22,0.12,0.22,0.22,0.22,0.22,0.12,-0.100710245601059,5,2,1,"3) # of groups=5",3
"430084",0.395787967180062,1,NA,0,0.204581265476417,1,NA,0,-0.498777276420553,2,0.22,0.22,0.22,0.22,0.12,0.392857142857143,NA,0.392857142857143,NA,0.214285714285714,0.128978496453498,0,0,0,"",NA
"430089",-0.573254078264098,1,-1.22214064726539,2,-0.387181994896644,4,1.27502354045913,15,-0.341195197637641,3,0.22,0.22,0.22,0.22,0.12,0.22,0.22,0.22,0.22,0.12,-0.240605123309257,3,0,0,"",NA
"430090",0.638048478541098,1,0.794592245647435,2,-0.630282003816432,4,1.37038224784798,15,0.751985121263684,3,0.22,0.22,0.22,0.22,0.12,0.22,0.22,0.22,0.22,0.12,0.56824122756006,3,0,0,"",NA
"430091",0.880308989902137,1,1.6999463580688,2,3.68557642124603,3,2.174250481789,15,0.689862359068337,4,0.22,0.22,0.22,0.22,0.12,0.22,0.22,0.22,0.22,0.12,1.93960157830951,3,0,0,"",NA
"430093",NA,0,NA,0,0.59803265332149,2,1.60752983415052,5,1.26824133888082,2,0.22,0.22,0.22,0.22,0.12,NA,NA,0.392857142857143,0.392857142857143,0.214285714285714,1.13823697840989,1,0,0,"",NA
"430095",-0.0268740122879265,5,0.801437816469876,2,1.36465258357978,5,1.18025438800601,15,0.961840196943785,5,0.22,0.22,0.22,0.22,0.12,0.22,0.22,0.22,0.22,0.12,0.845704394302157,4,1,1,"2) # of groups=4",5
"430097",0.0506808583504089,4,0.739736744859496,2,0.660451018332761,8,0.140802081682969,15,0.594842660185273,8,0.22,0.22,0.22,0.22,0.12,0.22,0.22,0.22,0.22,0.12,0.421548673931872,4,1,1,"2) # of groups=4",4
"430098",0.611137689946418,2,NA,0,1.07087328494687,3,-9.72314178928524,5,-1.28258082937022,3,0.22,0.22,0.22,0.22,0.12,0.282051282051282,NA,0.282051282051282,0.282051282051282,0.153846153846154,-2.46533138293674,3,0,0,"",NA
"431300",-0.0933229474408146,3,NA,0,1.88857747131212,2,NA,0,1.53865261851805,5,0.22,0.22,0.22,0.22,0.12,0.392857142857143,NA,0.392857142857143,NA,0.214285714285714,1.03498983834617,2,1,0,"",NA
"431301",0.339640481888015,2,NA,0,2.03959805023263,2,NA,0,1.69514515485044,3,0.22,0.22,0.22,0.22,0.12,0.392857142857143,NA,0.392857142857143,NA,0.214285714285714,1.29794624222963,1,0,0,"",NA
"431302",-0.876199349829345,2,NA,0,-0.319324806600833,2,NA,0,1.13148338438799,3,0.22,0.22,0.22,0.22,0.12,0.392857142857143,NA,0.392857142857143,NA,0.214285714285714,-0.227209479085858,1,0,0,"",NA
"431305",-0.330993566903058,1,NA,0,-0.297044941435646,1,NA,0,0.826650839831501,3,0.22,0.22,0.22,0.22,0.12,0.392857142857143,NA,0.392857142857143,NA,0.214285714285714,-0.0695899483120264,1,0,0,"",NA
"431306",0.630958065509551,2,NA,0,0.749507350876885,3,NA,0,0.167373136311681,4,0.22,0.22,0.22,0.22,0.12,0.392857142857143,NA,0.392857142857143,NA,0.214285714285714,0.57819137136146,2,0,0,"",NA
"431307",NA,0,NA,0,NA,0,NA,0,1.84523397552583,3,0.22,0.22,0.22,0.22,0.12,NA,NA,NA,NA,1,1.84523397552583,1,0,0,"",NA
"431308",NA,0,NA,0,0.614232734737539,2,NA,0,1.17333632681362,3,0.22,0.22,0.22,0.22,0.12,NA,NA,0.647058823529412,NA,0.352941176470588,0.811563414293803,1,0,0,"",NA
"431309",-0.330993566903058,1,NA,0,-1.5511104587158,1,NA,0,0.821311253292474,2,0.22,0.22,0.22,0.22,0.12,0.392857142857143,NA,0.392857142857143,NA,0.214285714285714,-0.563402741501878,0,0,0,"",NA
"431310",-0.22149099916625,2,NA,0,-0.793643616079535,3,NA,0,1.03131630919683,3,0.22,0.22,0.22,0.22,0.12,0.392857142857143,NA,0.392857142857143,NA,0.214285714285714,-0.177806532590095,2,0,0,"",NA
"431311",-1.19124402116036,1,NA,0,0.0307862016431708,2,NA,0,0.538803654558723,4,0.22,0.22,0.22,0.22,0.12,0.392857142857143,NA,0.392857142857143,NA,0.214285714285714,-0.340436217404884,1,0,0,"",NA
"431312",0.153527455819019,1,NA,0,0.516991645888478,2,NA,0,1.4709557313331,5,0.22,0.22,0.22,0.22,0.12,0.392857142857143,NA,0.392857142857143,NA,0.214285714285714,0.578623018099324,1,0,0,"",NA
"431313",0.395787967180062,1,NA,0,0.706207472388479,1,NA,0,0.897145550493197,4,0.22,0.22,0.22,0.22,0.12,0.392857142857143,NA,0.392857142857143,NA,0.214285714285714,0.625172254936183,1,0,0,"",NA
"431314",NA,0,NA,0,NA,0,NA,0,1.41068253771133,2,0.22,0.22,0.22,0.22,0.12,NA,NA,NA,NA,1,1.41068253771133,0,0,0,"",NA
"431315",0.395787967180062,1,NA,0,-1.30029735525977,1,NA,0,0.0637362985317659,4,0.22,0.22,0.22,0.22,0.12,0.392857142857143,NA,0.392857142857143,NA,0.214285714285714,-0.34168519563165,1,0,0,"",NA
"431316",-0.558552490233498,4,NA,0,0.278929520341366,4,NA,0,1.13231315732638,5,0.22,0.22,0.22,0.22,0.12,0.392857142857143,NA,0.392857142857143,NA,0.214285714285714,0.132786652683744,3,1,1,"1) # of groups=3",4
"431317",NA,0,NA,0,NA,0,NA,0,1.74100234167902,3,0.22,0.22,0.22,0.22,0.12,NA,NA,NA,NA,1,1.74100234167902,1,0,0,"",NA
"431318",NA,0,NA,0,NA,0,NA,0,1.74461114962648,2,0.22,0.22,0.22,0.22,0.12,NA,NA,NA,NA,1,1.74461114962648,0,0,0,"",NA
"431319",0.391722404089954,2,NA,0,0.336836746506895,2,NA,0,0.770793157552589,5,0.22,0.22,0.22,0.22,0.12,0.392857142857143,NA,0.392857142857143,NA,0.214285714285714,0.451389628638603,1,0,0,"",NA
"431320",0.153527455819019,1,NA,0,1.20783367930054,1,NA,0,-0.979563168625628,5,0.22,0.22,0.22,0.22,0.12,0.392857142857143,NA,0.392857142857143,NA,0.214285714285714,0.324914052662906,1,0,0,"",NA
"431321",0.606429529379303,2,-2.85946265463722,1,1.1211693117506,4,0.340361219488827,5,0.217700604236465,5,0.22,0.22,0.22,0.22,0.12,0.22,0.22,0.22,0.22,0.12,-0.148006498175692,3,0,0,"",NA
"431322",-0.0497912462545122,2,NA,0,0.911857644805663,2,NA,0,1.70486857650024,4,0.22,0.22,0.22,0.22,0.12,0.392857142857143,NA,0.392857142857143,NA,0.214285714285714,0.703997922966575,1,0,0,"",NA
"431323",1.34077318831603,2,NA,0,-1.11139455523437,2,NA,0,0.914216178429919,6,0.22,0.22,0.22,0.22,0.12,0.392857142857143,NA,0.392857142857143,NA,0.214285714285714,0.286016501231349,1,0,0,"",NA
"431324",NA,0,NA,0,0.455394368932441,1,NA,0,1.29453367798115,3,0.22,0.22,0.22,0.22,0.12,NA,NA,0.647058823529412,NA,0.352941176470588,0.751561183890809,1,0,0,"",NA
"431325",-0.22300342413697,2,NA,0,0.276092985533735,2,NA,0,2.1518026248696,5,0.22,0.22,0.22,0.22,0.12,0.392857142857143,NA,0.392857142857143,NA,0.214285714285714,0.481957175877929,1,0,0,"",NA
"431326",-0.0887330555420189,1,NA,0,0.00262073876421277,2,NA,0,-0.608289660563734,5,0.22,0.22,0.22,0.22,0.12,0.392857142857143,NA,0.392857142857143,NA,0.214285714285714,-0.164177623140653,1,0,0,"",NA
"431327",-0.573254078264098,1,NA,0,0.363419631281507,2,NA,0,-0.0464787623628009,4,0.22,0.22,0.22,0.22,0.12,0.392857142857143,NA,0.392857142857143,NA,0.214285714285714,-0.0923946961066181,1,0,0,"",NA
"431328",NA,0,NA,0,NA,0,NA,0,1.58417433025671,4,0.22,0.22,0.22,0.22,0.12,NA,NA,NA,NA,1,1.58417433025671,1,0,0,"",NA
"431329",-1.34677881121622,2,NA,0,-0.202852286757935,2,NA,0,1.77129110805592,5,0.22,0.22,0.22,0.22,0.12,0.392857142857143,NA,0.392857142857143,NA,0.214285714285714,-0.229221265335007,1,0,0,"",NA
"431330",-0.722087060512433,3,NA,0,1.42124718363816,3,1.87073887969694,5,0.387193962851013,6,0.22,0.22,0.22,0.22,0.12,0.282051282051282,NA,0.282051282051282,0.282051282051282,0.153846153846154,0.784411610465523,4,1,1,"2) # of groups=4",5
"431331",0.153527455819019,1,NA,0,0.112606527825476,2,NA,0,1.44871605098609,3,0.22,0.22,0.22,0.22,0.12,0.392857142857143,NA,0.392857142857143,NA,0.214285714285714,0.414991790214499,1,0,0,"",NA
"431332",NA,0,NA,0,NA,0,NA,0,1.78276597617805,3,0.22,0.22,0.22,0.22,0.12,NA,NA,NA,NA,1,1.78276597617805,1,0,0,"",NA
"431333",0.0351827853520484,1,NA,0,1.96667180538554,1,NA,0,-0.0272249887758911,5,0.22,0.22,0.22,0.22,0.12,0.392857142857143,NA,0.392857142857143,NA,0.214285714285714,0.780608948766362,1,0,0,"",NA
"431334",-0.0743197823847604,2,NA,0,0.0694054047875262,3,NA,0,0.395249554924646,5,0.22,0.22,0.22,0.22,0.12,0.392857142857143,NA,0.392857142857143,NA,0.214285714285714,0.0827656848563678,2,0,0,"",NA
"431335",-2.45282788447106,3,NA,0,0.299535088854468,5,-0.165622712319952,10,1.33405187517316,7,0.22,0.22,0.22,0.22,0.12,0.282051282051282,NA,0.282051282051282,0.282051282051282,0.153846153846154,-0.448814341955462,4,1,1,"2) # of groups=4",2
"431336",-1.10451829985518,2,NA,0,0.728505670507739,2,NA,0,1.26620513502993,5,0.22,0.22,0.22,0.22,0.12,0.392857142857143,NA,0.392857142857143,NA,0.214285714285714,0.12361042454849,1,0,0,"",NA
"431337",-1.8097961477495,2,NA,0,0.731927799544366,3,NA,0,0.273755060223707,4,0.22,0.22,0.22,0.22,0.12,0.392857142857143,NA,0.392857142857143,NA,0.214285714285714,-0.364786481032651,2,0,0,"",NA
"431338",0.753600746160792,2,NA,0,1.4483481057631,3,NA,0,0.171585849646565,5,0.22,0.22,0.22,0.22,0.12,0.392857142857143,NA,0.392857142857143,NA,0.214285714285714,0.901819731037221,2,0,0,"",NA
"431339",-0.892384294858875,3,NA,0,0.858272120625211,3,NA,0,1.48276421419503,5,0.22,0.22,0.22,0.22,0.12,0.392857142857143,NA,0.392857142857143,NA,0.214285714285714,0.304333977449995,3,1,1,"1) # of groups=3",4
"431340",-0.589546954349854,5,1.37222540540786,1,1.44120193344825,9,-0.137006683506775,15,1.41331668022758,7,0.22,0.22,0.22,0.22,0.12,0.22,0.22,0.22,0.22,0.12,0.628710215847195,4,1,1,"2) # of groups=4",4
"431383",NA,0,NA,0,NA,0,NA,0,-1.55466249353336,3,0.22,0.22,0.22,0.22,0.12,NA,NA,NA,NA,1,-1.55466249353336,1,0,0,"",NA
"440002",-0.781688401581179,8,-0.153955968670496,6,0.139402238234984,10,-0.249460081586718,15,-0.18679639012682,10,0.22,0.22,0.22,0.22,0.12,0.22,0.22,0.22,0.22,0.12,-0.252470053807968,5,2,1,"3) # of groups=5",3
"440003",0.438146558629505,7,0.102861931512693,6,-0.140900799638141,6,-0.933627286781571,15,-0.259658416640703,9,0.22,0.22,0.22,0.22,0.12,0.22,0.22,0.22,0.22,0.12,-0.148533321177937,5,2,1,"3) # of groups=5",3
"440006",-0.586013434437597,7,-0.0463387162063049,7,-0.117709440916081,7,-1.16516216452206,15,-0.445277078934472,8,0.22,0.22,0.22,0.22,0.12,0.22,0.22,0.22,0.22,0.12,-0.474782475810186,5,2,1,"3) # of groups=5",2
"440007",-1.59682861003823,3,0.258498195763056,1,-0.449142726136851,4,2.47082687181353,15,-1.44251055598966,7,0.22,0.22,0.22,0.22,0.12,0.22,0.22,0.22,0.22,0.12,-0.0227634458104281,4,1,1,"2) # of groups=4",3
"440008",-6.62976686229008,1,NA,0,0.335254168402554,2,0.9425564507378,15,-1.50755631023851,5,0.22,0.22,0.22,0.22,0.12,0.282051282051282,NA,0.282051282051282,0.282051282051282,0.153846153846154,-1.74145785989944,2,0,0,"",NA
"440009",-0.0197790952573207,6,0.465389132824871,6,0.980575269615191,8,0.00164225432613201,15,-0.761764210390619,10,0.22,0.22,0.22,0.22,0.12,0.22,0.22,0.22,0.22,0.12,0.222710358285078,5,2,1,"3) # of groups=5",4
"440011",-1.20274579270753,7,-0.903635378298642,6,0.587001802480864,10,0.150427549679196,15,-0.655921679777292,10,0.22,0.22,0.22,0.22,0.12,0.22,0.22,0.22,0.22,0.12,-0.37988000171942,5,2,1,"3) # of groups=5",2
"440012",-1.4659058095704,8,0.15945190019619,7,-0.283870056978458,11,-0.97366658091802,15,-0.542533438339025,10,0.22,0.22,0.22,0.22,0.12,0.22,0.22,0.22,0.22,0.12,-0.629181933000234,5,2,1,"3) # of groups=5",2
"440015",-0.180187380119408,8,-0.142503301066844,8,0.986600404388279,11,0.136835269892686,15,-0.206545358395121,10,0.22,0.22,0.22,0.22,0.12,0.22,0.22,0.22,0.22,0.12,0.151378455473422,5,2,1,"3) # of groups=5",4
"440016",-0.547862205017517,3,0.770587280664686,2,-0.278187189614762,5,1.06477287030725,15,0.731134915224903,8,0.22,0.22,0.22,0.22,0.12,0.22,0.22,0.22,0.22,0.12,0.309784556221713,4,1,1,"2) # of groups=4",4
"440017",-0.725415536404419,8,-0.541628344325923,7,0.549048305778585,9,-0.97331137536186,15,0.352079545203375,8,0.22,0.22,0.22,0.22,0.12,0.22,0.22,0.22,0.22,0.12,-0.329837983644591,5,2,1,"3) # of groups=5",2
"440018",-1.00347231874346,4,-0.409672869468858,3,-0.644997183135673,7,-0.119162501574658,15,0.307355631225959,8,0.22,0.22,0.22,0.22,0.12,0.22,0.22,0.22,0.22,0.12,-0.442124396295868,5,2,1,"3) # of groups=5",2
"440020",-0.0552852023190781,4,0.0441294343105086,3,0.828098840570058,6,-1.56968957592647,5,0.357754850155034,7,0.22,0.22,0.22,0.22,0.12,0.22,0.22,0.22,0.22,0.12,-0.122673648721692,5,2,1,"3) # of groups=5",3
"440029",-0.49379079552365,7,0.488116819386229,8,1.35390850389108,8,0.407412967996409,15,0.579535666594391,10,0.22,0.22,0.22,0.22,0.12,0.22,0.22,0.22,0.22,0.12,0.455786729056342,5,2,1,"3) # of groups=5",5
"440030",-1.31694274638768,6,0.23785507028479,6,-0.821314062213084,8,-0.340295319385871,15,-0.171331651763779,8,0.22,0.22,0.22,0.22,0.12,0.22,0.22,0.22,0.22,0.12,-0.513513150906059,5,2,1,"3) # of groups=5",2
"440031",0.0574560547137235,5,0.826383144948602,3,0.127179948664756,6,0.731804984264064,15,0.127503462034457,9,0.22,0.22,0.22,0.22,0.12,0.22,0.22,0.22,0.22,0.12,0.398721724614187,5,2,1,"3) # of groups=5",4
"440032",-0.023750285153543,2,NA,0,0.991396628976419,3,NA,0,1.53386430466643,6,0.22,0.22,0.22,0.22,0.12,0.392857142857143,NA,0.392857142857143,NA,0.214285714285714,0.708831986073222,2,0,0,"",NA
"440033",-0.85772051358198,2,0.000318254307281071,3,0.966893450765044,4,0.360493072918162,15,-0.811972568273237,7,0.22,0.22,0.22,0.22,0.12,0.22,0.22,0.22,0.22,0.12,0.00595982997708309,4,1,1,"2) # of groups=4",3
"440034",0.131120082018474,8,0.359601613137521,7,0.632066793759589,9,-0.00304569840028891,15,0.632731540565271,8,0.22,0.22,0.22,0.22,0.12,0.22,0.22,0.22,0.22,0.12,0.322271198781197,5,2,1,"3) # of groups=5",4
"440035",-2.47630161127297,7,0.117944752011722,6,-0.909604375730371,7,-1.4104187910274,15,-0.199141716165786,9,0.22,0.22,0.22,0.22,0.12,0.22,0.22,0.22,0.22,0.12,-1.05314061166408,5,2,1,"3) # of groups=5",1
"440039",0.810258218577088,8,-0.113353402449278,8,1.36422037184476,11,0.426355300379941,15,-0.430333012566849,8,0.22,0.22,0.22,0.22,0.12,0.22,0.22,0.22,0.22,0.12,0.495605745929531,5,2,1,"3) # of groups=5",5
"440046",0.573675010641268,7,0.461575243218391,6,-0.704416880511331,8,0.163340461390532,15,-0.416839416995774,8,0.22,0.22,0.22,0.22,0.12,0.22,0.22,0.22,0.22,0.12,0.0586975136030563,5,2,1,"3) # of groups=5",3
"440048",0.661342915136919,8,-0.920056527735092,8,-0.572464371610859,11,-0.189861101280775,15,0.467942913844172,9,0.22,0.22,0.22,0.22,0.12,0.22,0.22,0.22,0.22,0.12,-0.168475449146457,5,2,1,"3) # of groups=5",3
"440049",-0.251878767078256,8,0.169268593793733,8,0.321637664202379,11,-0.943534784351232,15,-0.181408803330149,10,0.22,0.22,0.22,0.22,0.12,0.22,0.22,0.22,0.22,0.12,-0.176760660954961,5,2,1,"3) # of groups=5",3
"440050",-0.0272242378344729,7,-0.36219095981361,6,-0.969416732059068,6,-0.948071031054113,15,-0.550170693846408,9,0.22,0.22,0.22,0.22,0.12,0.22,0.22,0.22,0.22,0.12,-0.573539134629047,5,2,1,"3) # of groups=5",2
"440053",0.285568411866941,8,-0.142030840322025,7,0.718791916578784,9,-0.871896030273317,10,-0.0988820472563243,8,0.22,0.22,0.22,0.22,0.12,0.22,0.22,0.22,0.22,0.12,-0.0139704849436747,5,2,1,"3) # of groups=5",3
"440056",-0.590913551231505,5,-0.0623771860754523,2,-0.0410222457336587,6,-0.205532323328008,15,-0.646662134159233,9,0.22,0.22,0.22,0.22,0.12,0.22,0.22,0.22,0.22,0.12,-0.275565423500205,4,1,1,"2) # of groups=4",2
"440057",-2.10111373137103,2,0.678035673249115,2,-2.98278176750888,4,0.898745158639543,15,-0.083593752697563,7,0.22,0.22,0.22,0.22,0.12,0.22,0.22,0.22,0.22,0.12,-0.781596477061783,3,0,0,"",NA
"440058",-0.614532174206973,6,-0.241408144522246,4,0.0939334260603807,8,-0.0449378309960892,15,-0.241177764499499,9,0.22,0.22,0.22,0.22,0.12,0.22,0.22,0.22,0.22,0.12,-0.206469170946224,5,2,1,"3) # of groups=5",3
"440059",-0.253623265305974,8,-0.196754405235454,7,-0.712576973804525,11,-0.0921325268538881,15,-0.734351782785509,10,0.22,0.22,0.22,0.22,0.12,0.22,0.22,0.22,0.22,0.12,-0.364241391598226,5,2,1,"3) # of groups=5",2
"440060",0.411713665308041,2,0.135096052542295,1,1.53799692199388,3,-0.214234000640187,5,-0.648153323791391,7,0.22,0.22,0.22,0.22,0.12,0.22,0.22,0.22,0.22,0.12,0.33374758176992,3,0,0,"",NA
"440061",-2.40956144102944,4,-0.531346455389104,2,-0.253951754865959,5,0.290842686783926,5,-0.567884506863735,8,0.22,0.22,0.22,0.22,0.12,0.22,0.22,0.22,0.22,0.12,-0.707029873013775,4,1,1,"2) # of groups=4",2
"440063",-1.70227850284264,8,-0.286648732474959,7,-0.172122236489201,11,-1.84601175852493,15,-0.0935332302538395,7,0.22,0.22,0.22,0.22,0.12,0.22,0.22,0.22,0.22,0.12,-0.892777458303441,5,2,1,"3) # of groups=5",1
"440065",-0.293261862460367,6,0.538660264565709,2,0.034929919138136,6,0.328793637144086,15,0.347632324683492,9,0.22,0.22,0.22,0.22,0.12,0.22,0.22,0.22,0.22,0.12,0.175722709807283,4,1,1,"2) # of groups=4",3
"440068",-1.19299204229036,5,0.557930250309461,4,0.647281564754812,8,-0.0758975873523471,15,-0.809732498890404,9,0.22,0.22,0.22,0.22,0.12,0.22,0.22,0.22,0.22,0.12,-0.111177019074104,5,2,1,"3) # of groups=5",3
"440072",-0.428253626721521,4,0.132159373954417,3,0.492047576507959,6,0.43477693522283,15,0.34189864885683,9,0.22,0.22,0.22,0.22,0.12,0.22,0.22,0.22,0.22,0.12,0.17978849483483,5,2,1,"3) # of groups=5",4
"440073",-1.17322093302417,7,0.0409511456635978,7,-0.524774828420787,10,0.518691528127801,15,0.470713012904412,10,0.22,0.22,0.22,0.22,0.12,0.22,0.22,0.22,0.22,0.12,-0.193952117735253,5,2,1,"3) # of groups=5",3
"440081",0.425281246978327,5,0.781364034767992,3,0.868917898096711,8,0.69438707223208,15,0.200285969605597,8,0.22,0.22,0.22,0.22,0.12,0.22,0.22,0.22,0.22,0.12,0.633423371809196,5,2,1,"3) # of groups=5",5
"440082",0.0447102525755326,8,0.23611445891436,8,0.0846540489533291,11,-0.664033427043997,10,-0.517287041454857,8,0.22,0.22,0.22,0.22,0.12,0.22,0.22,0.22,0.22,0.12,-0.127756471626753,5,2,1,"3) # of groups=5",3
"440084",-0.900101045111381,5,-0.936338856965822,3,-1.95720347055407,6,-0.83078963322985,15,-0.926197453787916,8,0.22,0.22,0.22,0.22,0.12,0.22,0.22,0.22,0.22,0.12,-1.128518955744,5,2,1,"3) # of groups=5",1
"440091",0.271174498036432,8,0.55755794102077,8,1.34059207287522,11,0.473684549389318,15,-0.739572619395242,9,0.22,0.22,0.22,0.22,0.12,0.22,0.22,0.22,0.22,0.12,0.492713279163354,5,2,1,"3) # of groups=5",5
"440102",-1.15229562907066,3,0.257729974857241,2,-0.33439471260153,4,0.822940592902402,10,0.141293688487244,8,0.22,0.22,0.22,0.22,0.12,0.22,0.22,0.22,0.22,0.12,-0.0723691076422911,4,1,1,"2) # of groups=4",3
"440104",0.0371694795795299,8,0.0812073922928734,8,1.33083294298141,11,-0.830652648801443,15,-0.131542071747872,9,0.22,0.22,0.22,0.22,0.12,0.22,0.22,0.22,0.22,0.12,0.120297527921777,5,2,1,"3) # of groups=5",4
"440109",-2.67155462493354,3,-0.575899599694084,2,-0.147669508206816,6,0.0585017535978661,15,0.0639595137766376,8,0.22,0.22,0.22,0.22,0.12,0.22,0.22,0.22,0.22,0.12,-0.72638169377885,4,1,1,"2) # of groups=4",2
"440110",0.520090032654453,5,0.0734765488860508,3,0.649266659809632,6,0.143922334390207,15,-0.0195022691885727,8,0.22,0.22,0.22,0.22,0.12,0.22,0.22,0.22,0.22,0.12,0.302745954360247,5,2,1,"3) # of groups=5",4
"440111",-0.0887330555420189,1,0.899911383616214,3,0.706207472388479,1,0.0143498904383465,5,-1.24481398187257,5,0.22,0.22,0.22,0.22,0.12,0.22,0.22,0.22,0.22,0.12,0.187604174173516,3,1,1,"1) # of groups=3",4
"440120",0.0911735496398035,8,0.886024676482449,7,-0.622795557892169,9,-0.514791176933477,15,-1.16835856783782,9,0.22,0.22,0.22,0.22,0.12,0.22,0.22,0.22,0.22,0.12,-0.175488500055285,5,2,1,"3) # of groups=5",3
"440125",-0.910257148103765,8,0.639822828928288,8,-0.90883063972756,11,-0.113506760787192,15,0.185787272153154,8,0.22,0.22,0.22,0.22,0.12,0.22,0.22,0.22,0.22,0.12,-0.262115305673472,5,2,1,"3) # of groups=5",3
"440130",-0.0505302900709136,5,-0.079537631279398,2,0.930937156634939,6,0.63020025762649,15,0.563093112831071,8,0.22,0.22,0.22,0.22,0.12,0.22,0.22,0.22,0.22,0.12,0.382406461980174,4,1,1,"2) # of groups=4",4
"440131",0.42841928593184,4,1.15927422234555,1,-1.56622118001294,7,0.487189064530756,15,0.701053057389979,7,0.22,0.22,0.22,0.22,0.12,0.22,0.22,0.22,0.22,0.12,0.196031873301743,4,1,1,"2) # of groups=4",3
"440132",-0.215082174117799,4,-1.55152887687142,3,1.30189919676143,6,0.563240639275033,15,0.0962525229148052,10,0.22,0.22,0.22,0.22,0.12,0.22,0.22,0.22,0.22,0.12,0.0332266354601703,5,2,1,"3) # of groups=5",3
"440137",0.24559770337499,4,-0.360598438970394,2,0.947743375389277,6,0.3739683035124,15,0.934129445353503,8,0.22,0.22,0.22,0.22,0.12,0.22,0.22,0.22,0.22,0.12,0.3775719409698,4,1,1,"2) # of groups=4",4
"44013F",1.70897321898717,5,-1.81647251282253,3,-0.279168641354978,5,-0.330621277763987,10,-0.380335074002391,5,0.22,0.22,0.22,0.22,0.12,0.22,0.22,0.22,0.22,0.12,-0.203443835730238,5,2,1,"3) # of groups=5",3
"440144",-0.238059473968304,6,0.261280268633438,4,-0.3261164135562,7,-0.22959056146431,15,-0.402571194093947,8,0.22,0.22,0.22,0.22,0.12,0.22,0.22,0.22,0.22,0.12,-0.165455502969456,5,2,1,"3) # of groups=5",3
"440148",0.827186354551537,2,NA,0,-0.00296321609075708,3,NA,0,0.631969263987644,5,0.22,0.22,0.22,0.22,0.12,0.392857142857143,NA,0.392857142857143,NA,0.214285714285714,0.459223932392659,2,0,0,"",NA
"440150",0.518800147406469,7,0.536227316960596,7,-0.170692680607429,8,-0.612168362921161,15,0.38936383217956,8,0.22,0.22,0.22,0.22,0.12,0.22,0.22,0.22,0.22,0.12,0.106600272446012,5,2,1,"3) # of groups=5",4
"440151",-0.0519998352447108,4,0.320199267373437,1,0.339977675409828,6,-0.0765050688708428,10,-0.493143877446595,8,0.22,0.22,0.22,0.22,0.12,0.22,0.22,0.22,0.22,0.12,0.0577905832133051,4,1,1,"2) # of groups=4",3
"440152",-1.96666359788331,2,-0.567183441263387,6,-0.552074556778349,4,-1.60762270897343,15,-0.568074775325126,7,0.22,0.22,0.22,0.22,0.12,0.22,0.22,0.22,0.22,0.12,-1.10074872011668,4,1,1,"2) # of groups=4",1
"440153",-0.376363228749985,3,0.532163257074069,3,0.841980198012315,5,0.00438457241251186,15,-0.57789474200735,8,0.22,0.22,0.22,0.22,0.12,0.22,0.22,0.22,0.22,0.12,0.151128886683878,5,2,1,"3) # of groups=5",4
"440156",0.392637341431179,8,0.638234681632156,8,-0.291614604983402,9,-0.249388730692069,15,0.272818159853513,9,0.22,0.22,0.22,0.22,0.12,0.22,0.22,0.22,0.22,0.12,0.140509290407752,5,2,1,"3) # of groups=5",4
"440161",-0.110396150810237,8,0.593459768939016,8,-0.0209916994519938,11,0.0688697190814108,15,0.263872257643236,8,0.22,0.22,0.22,0.22,0.12,0.22,0.22,0.22,0.22,0.12,0.148471831223991,5,2,1,"3) # of groups=5",4
"44016F",1.49340323903903,5,0.114425092005544,4,1.1333478118442,6,1.61998513992748,10,-0.800401531222669,4,0.22,0.22,0.22,0.22,0.12,0.22,0.22,0.22,0.22,0.12,0.863407298472855,5,2,1,"3) # of groups=5",5
"440173",-0.140578036978602,8,0.216273308089782,7,0.19828411405898,9,0.0532435035360606,15,-0.39526233508763,8,0.22,0.22,0.22,0.22,0.12,0.22,0.22,0.22,0.22,0.12,0.0245575553048529,5,2,1,"3) # of groups=5",3
"440175",-1.25834261480912,5,0.770587280664686,2,0.825010242744001,6,0.177593220866858,15,-0.966740772325187,7,0.22,0.22,0.22,0.22,0.12,0.22,0.22,0.22,0.22,0.12,-0.00274230419640892,4,1,1,"2) # of groups=4",3
"440176",0.873218576870591,2,0.739736744859496,2,-0.64254740092013,5,0.145847215928999,15,0.73855781040654,6,0.22,0.22,0.22,0.22,0.12,0.22,0.22,0.22,0.22,0.12,0.334203067331355,3,0,0,"",NA
"44017F",2.29663405382025,3,0.381900338983818,1,1.7989730548321,4,NA,0,NA,0,0.22,0.22,0.22,0.22,0.12,0.333333333333333,0.333333333333333,0.333333333333333,NA,NA,1.49250248254539,2,1,0,"",NA
"440183",-0.625974673181438,8,-0.229422367479391,8,-0.693880909504099,10,-2.65136471402759,15,0.0647172007725267,8,0.22,0.22,0.22,0.22,0.12,0.22,0.22,0.22,0.22,0.12,-0.916375322029651,5,2,1,"3) # of groups=5",1
"440184",-0.768656024175905,4,0.040611950570168,5,0.952358990385408,5,0.127906651109965,15,-0.382177215443581,8,0.22,0.22,0.22,0.22,0.12,0.22,0.22,0.22,0.22,0.12,0.0316274790824902,5,2,1,"3) # of groups=5",3
"440185",-0.669603970905281,7,-0.592618252120278,7,0.369757013530368,8,-1.23060425907106,15,-0.300354910512015,8,0.22,0.22,0.22,0.22,0.12,0.22,0.22,0.22,0.22,0.12,-0.503117872346017,5,2,1,"3) # of groups=5",2
"440187",-1.11041584337035,4,-0.989207609277987,3,-0.317552530346288,5,-0.0112454912184466,15,-0.671387683184069,8,0.22,0.22,0.22,0.22,0.12,0.22,0.22,0.22,0.22,0.12,-0.614819246308964,5,2,1,"3) # of groups=5",2
"44018F",1.53563652460991,5,-0.0571862188118803,4,-0.319436982758914,6,0.596695090335694,10,0.238916339850004,5,0.22,0.22,0.22,0.22,0.12,0.22,0.22,0.22,0.22,0.12,0.414925811724459,5,2,1,"3) # of groups=5",4
"440192",0.339640481888015,2,0.0733949809319144,1,-0.567114726453502,5,NA,0,0.295111032112882,7,0.22,0.22,0.22,0.22,0.12,0.282051282051282,0.282051282051282,0.282051282051282,NA,0.153846153846154,0.00194344340276906,2,0,0,"",NA
"440193",1.30739454012002,6,0.18596674593628,5,0.397631205098376,10,0.102414358583112,15,-0.0457925854913758,8,0.22,0.22,0.22,0.22,0.12,0.22,0.22,0.22,0.22,0.12,0.433054396683348,5,2,1,"3) # of groups=5",5
"440194",0.823236698654262,7,0.38594395543497,7,0.284656948743868,8,-0.341775015815718,15,-0.126510313880795,9,0.22,0.22,0.22,0.22,0.12,0.22,0.22,0.22,0.22,0.12,0.238272531478129,5,2,1,"3) # of groups=5",4
"440197",-0.051483253064657,5,0.1896143909146,6,0.736027134833896,5,-0.614350888088055,15,0.0741292969692773,8,0.22,0.22,0.22,0.22,0.12,0.22,0.22,0.22,0.22,0.12,0.0660531402473857,5,2,1,"3) # of groups=5",4
"440200",-0.357273792731921,1,NA,0,2.40076950605508,1,NA,0,0.923982022620827,3,0.22,0.22,0.22,0.22,0.12,0.392857142857143,NA,0.392857142857143,NA,0.214285714285714,1.00079803508142,1,0,0,"",NA
"440227",-0.224015753976775,7,0.75222212874858,6,-0.277815886454954,7,0.235167065857551,15,0.00944982465390229,9,0.22,0.22,0.22,0.22,0.12,0.22,0.22,0.22,0.22,0.12,0.107956640876837,5,2,1,"3) # of groups=5",4
"440228",-1.34190632151816,7,0.317434845214573,6,0.14553560336537,7,-2.46901382637826,15,0.0491756698691776,7,0.22,0.22,0.22,0.22,0.12,0.22,0.22,0.22,0.22,0.12,-0.730647853465324,5,2,1,"3) # of groups=5",1
"440238",-0.330993566903058,1,NA,0,-1.04948425180374,1,NA,0,0.352334190541772,4,0.22,0.22,0.22,0.22,0.12,0.392857142857143,NA,0.392857142857143,NA,0.214285714285714,-0.466830387947291,1,0,0,"",NA
"441300",NA,0,NA,0,0.522257997086598,1,NA,0,0.0377048446104542,4,0.22,0.22,0.22,0.22,0.12,NA,NA,0.647058823529412,NA,0.352941176470588,0.351239237389135,1,0,0,"",NA
"441301",NA,0,NA,0,0.455394368932441,1,NA,0,0.356991137262956,5,0.22,0.22,0.22,0.22,0.12,NA,NA,0.647058823529412,NA,0.352941176470588,0.420663816578505,1,0,0,"",NA
"441303",-3.07923032663951,2,NA,0,-0.939058522352894,2,NA,0,0.299383443149052,4,0.22,0.22,0.22,0.22,0.12,0.392857142857143,NA,0.392857142857143,NA,0.214285714285714,-1.51445988142936,1,0,0,"",NA
"441304",NA,0,NA,0,NA,0,NA,0,1.16366389547015,4,0.22,0.22,0.22,0.22,0.12,NA,NA,NA,NA,1,1.16366389547015,1,0,0,"",NA
"441305",-0.156221872045789,4,NA,0,-0.45915802960183,5,NA,0,0.301425257634427,5,0.22,0.22,0.22,0.22,0.12,0.392857142857143,NA,0.392857142857143,NA,0.214285714285714,-0.177165263297045,3,1,1,"1) # of groups=3",3
"441306",1.21661808269406,2,NA,0,2.00153522387986,2,NA,0,-0.0552229245991447,5,0.22,0.22,0.22,0.22,0.12,0.392857142857143,NA,0.392857142857143,NA,0.214285714285714,1.25244102945422,1,0,0,"",NA
"441307",-1.21007041080234,4,1.15927422234555,1,-0.765869645426346,5,1.45694934244276,15,0.998605227359921,7,0.22,0.22,0.22,0.22,0.12,0.22,0.22,0.22,0.22,0.12,0.260694999166308,4,1,1,"2) # of groups=4",4
"441309",0.367193867959706,2,NA,0,0.356223850936179,3,0.556144473500991,5,0.365531671782019,7,0.22,0.22,0.22,0.22,0.12,0.282051282051282,NA,0.282051282051282,0.282051282051282,0.153846153846154,0.417137798642506,3,0,0,"",NA
"441310",-1.45418308942197,3,NA,0,0.0860768209687566,4,0.119572685416092,10,0.905062682265013,5,0.22,0.22,0.22,0.22,0.12,0.282051282051282,NA,0.282051282051282,0.282051282051282,0.153846153846154,-0.212910085123545,4,1,1,"2) # of groups=4",2
"441313",NA,0,NA,0,NA,0,NA,0,0.286250465662176,5,0.22,0.22,0.22,0.22,0.12,NA,NA,NA,NA,1,0.286250465662176,1,0,0,"",NA
"441314",-0.573254078264098,1,NA,0,-0.547858044891677,1,NA,0,0.235050453921844,4,0.22,0.22,0.22,0.22,0.12,0.392857142857143,NA,0.392857142857143,NA,0.214285714285714,-0.390068951113659,1,0,0,"",NA
"441316",0.329525218915027,1,NA,0,0.111839801496613,2,NA,0,-0.174148071134613,5,0.22,0.22,0.22,0.22,0.12,0.392857142857143,NA,0.392857142857143,NA,0.214285714285714,0.136075957061441,1,0,0,"",NA
"441320",NA,0,NA,0,NA,0,NA,0,0.480954032640737,4,0.22,0.22,0.22,0.22,0.12,NA,NA,NA,NA,1,0.480954032640737,1,0,0,"",NA
"441322",-1.05777510098618,1,NA,0,0.455394368932441,1,NA,0,0.117809538489247,3,0.22,0.22,0.22,0.22,0.12,0.392857142857143,NA,0.392857142857143,NA,0.214285714285714,-0.211404672201987,1,0,0,"",NA
"441323",NA,0,NA,0,NA,0,NA,0,0.66611856676182,3,0.22,0.22,0.22,0.22,0.12,NA,NA,NA,NA,1,0.66611856676182,1,0,0,"",NA
"450002",-0.15647090828177,4,0.61326187143671,7,-0.516423500109176,7,-2.27472064144759,15,-0.15689486075583,7,0.22,0.22,0.22,0.22,0.12,0.22,0.22,0.22,0.22,0.12,-0.532385082539101,5,2,1,"3) # of groups=5",2
"450007",-0.343397075113639,6,-0.169583791774063,5,0.302694673144495,7,0.805443298010769,15,0.359159738424334,10,0.22,0.22,0.22,0.22,0.12,0.22,0.22,0.22,0.22,0.12,0.174033731549784,5,2,1,"3) # of groups=5",4
"450010",-0.98409036526177,8,-0.388412724357965,7,0.173054935011686,11,0.502415405118518,15,-0.0353155035413215,8,0.22,0.22,0.22,0.22,0.12,0.22,0.22,0.22,0.22,0.12,-0.157585065312655,5,2,1,"3) # of groups=5",3
"450011",-0.725433708975376,8,-0.733077267378947,7,-0.0559163734515032,9,-0.767614703318644,15,-0.428189123180445,9,0.22,0.22,0.22,0.22,0.12,0.22,0.22,0.22,0.22,0.12,-0.553431946469037,5,2,1,"3) # of groups=5",2
"450015",0.584639613837812,7,-0.577391052745078,7,-0.704458066021116,8,-0.10324488512195,15,-0.423324724742853,7,0.22,0.22,0.22,0.22,0.12,0.22,0.22,0.22,0.22,0.12,-0.226898932780215,5,2,1,"3) # of groups=5",3
"450018",0.730815140422844,8,-0.669438971265439,7,-1.06071854818989,10,0.453621703921264,15,-0.559073842410187,10,0.22,0.22,0.22,0.22,0.12,0.22,0.22,0.22,0.22,0.12,-0.187147409613691,5,2,1,"3) # of groups=5",3
"450021",0.981132834685178,8,-0.211280573391507,8,0.704694604992784,11,0.033450916554018,15,-0.118087131800262,7,0.22,0.22,0.22,0.22,0.12,0.22,0.22,0.22,0.22,0.12,0.317589056408873,5,2,1,"3) # of groups=5",4
"450023",-0.56497551190767,8,0.880019759436861,6,0.307217125919153,10,0.0380712831450501,15,-0.945779620683954,9,0.22,0.22,0.22,0.22,0.12,0.22,0.22,0.22,0.22,0.12,0.0317796299684722,5,2,1,"3) # of groups=5",3
"450024",-0.620058265052697,7,-0.361952562399014,6,-0.490868274503021,8,0.261233785451106,15,0.307588670710269,7,0.22,0.22,0.22,0.22,0.12,0.22,0.22,0.22,0.22,0.12,-0.229651329145565,5,2,1,"3) # of groups=5",3
"450028",0.292086156499806,6,0.743227856079536,7,0.675657623778344,7,-1.57396755622225,15,0.104576086536004,7,0.22,0.22,0.22,0.22,0.12,0.22,0.22,0.22,0.22,0.12,0.0426900280141165,5,2,1,"3) # of groups=5",3
"450029",0.353073212019735,7,0.852975012745865,6,0.225065418105299,9,-0.935529858178794,15,-0.022107451825955,8,0.22,0.22,0.22,0.22,0.12,0.22,0.22,0.22,0.22,0.12,0.106375538413148,5,2,1,"3) # of groups=5",4
"450032",0.285208432814297,8,0.823482077489059,3,-0.50445469256602,8,0.0203307715761063,15,0.93019435043963,9,0.22,0.22,0.22,0.22,0.12,0.22,0.22,0.22,0.22,0.12,0.249027971701713,5,2,1,"3) # of groups=5",4
"450033",-0.140037920727249,8,-0.103799719019733,8,0.303377616228763,10,-1.4198668563926,15,-0.72114688500927,7,0.22,0.22,0.22,0.22,0.12,0.22,0.22,0.22,0.22,0.12,-0.385809539781493,5,2,1,"3) # of groups=5",2
"450034",-0.153849555198442,8,0.449648766466771,7,0.182486618487991,8,-0.0655889478549766,15,0.0115125102186346,9,0.22,0.22,0.22,0.22,0.12,0.22,0.22,0.22,0.22,0.12,0.0921748152445317,5,2,1,"3) # of groups=5",4
"450035",0.0508263489316619,3,0.699441532130043,5,0.519127078790839,4,-1.20304294345254,15,-0.280251814750244,7,0.22,0.22,0.22,0.22,0.12,0.22,0.22,0.22,0.22,0.12,-0.0190327741620284,5,2,1,"3) # of groups=5",3
"450039",1.14300783141916,6,-0.285644533819006,7,0.352481412409847,8,-0.350551865471167,15,0.922322159740959,8,0.22,0.22,0.22,0.22,0.12,0.22,0.22,0.22,0.22,0.12,0.299723084967459,5,2,1,"3) # of groups=5",4
"450040",-0.722550979249531,8,0.202905085186032,6,0.889059407895079,8,-0.378252167461863,15,-1.60720143596026,9,0.22,0.22,0.22,0.22,0.12,0.22,0.22,0.22,0.22,0.12,-0.194808676113893,5,2,1,"3) # of groups=5",3
"450042",-0.769456501873498,8,0.0938577995343365,6,-0.0422684849746915,9,0.0346217355487818,10,-1.74988458269476,6,0.22,0.22,0.22,0.22,0.12,0.22,0.22,0.22,0.22,0.12,-0.360300149311687,5,2,1,"3) # of groups=5",2
"450044",2.10486979384863,8,0.00785705293260097,8,-1.49756400745656,11,0.968080591826654,15,-1.67693465187574,9,0.22,0.22,0.22,0.22,0.12,0.22,0.22,0.22,0.22,0.12,0.147081396628203,5,2,1,"3) # of groups=5",4
"450046",-0.0613459396487271,8,0.476655583819777,7,0.310736328926588,11,-0.641328279623414,15,0.350752837807881,8,0.22,0.22,0.22,0.22,0.12,0.22,0.22,0.22,0.22,0.12,0.060728233101275,5,2,1,"3) # of groups=5",3
"450051",0.122822758143748,7,0.27032620105575,7,-0.509318987808247,6,0.194557618756249,15,-0.26266285067251,8,0.22,0.22,0.22,0.22,0.12,0.22,0.22,0.22,0.22,0.12,-0.0142742722482512,5,2,1,"3) # of groups=5",3
"450054",1.59217581722073,8,0.0535757572773924,8,0.579256253947261,11,0.261908047686305,15,-0.159376291548817,9,0.22,0.22,0.22,0.22,0.12,0.22,0.22,0.22,0.22,0.12,0.527996337763113,5,2,1,"3) # of groups=5",5
"450055",-0.827142277568848,2,0.647185137443925,2,-0.00120969568870527,5,0.71610309205348,5,1.20049961569045,7,0.22,0.22,0.22,0.22,0.12,0.22,0.22,0.22,0.22,0.12,0.261745930255621,3,0,0,"",NA
"450056",0.325213453960122,8,0.0842947745521249,7,0.239330698141977,11,-0.7317442204275,10,-0.680657239826903,7,0.22,0.22,0.22,0.22,0.12,0.22,0.22,0.22,0.22,0.12,-0.0999180334093491,5,2,1,"3) # of groups=5",3
"450058",-0.237394650955568,8,0.477657995820354,8,0.707425150664157,11,-0.922771193643044,15,-0.830711503145525,8,0.22,0.22,0.22,0.22,0.12,0.22,0.22,0.22,0.22,0.12,-0.0942035739625652,5,2,1,"3) # of groups=5",3
"450064",-0.0539452469243295,6,0.439103964216592,6,-0.257615389988151,6,0.290865130646544,15,0.797376979108862,9,0.22,0.22,0.22,0.22,0.12,0.22,0.22,0.22,0.22,0.12,0.187735098242208,5,2,1,"3) # of groups=5",4
"450068",0.794732857983445,8,0.190600061680911,7,0.51510788016063,10,-0.134618735825886,15,-1.11467204304007,10,0.22,0.22,0.22,0.22,0.12,0.22,0.22,0.22,0.22,0.12,0.166720208914994,5,2,1,"3) # of groups=5",4
"450072",0.725383484768913,6,0.752440602297943,4,-0.380218274171562,8,0.411955659003674,15,-0.0142747571298404,8,0.22,0.22,0.22,0.22,0.12,0.22,0.22,0.22,0.22,0.12,0.330390552962192,5,2,1,"3) # of groups=5",4
"450079",1.51179881946207,7,0.335870502315553,6,0.395743439150063,7,0.18555825931191,15,0.600697842849986,9,0.22,0.22,0.22,0.22,0.12,0.22,0.22,0.22,0.22,0.12,0.606457365594709,5,2,1,"3) # of groups=5",5
"450080",0.627821286630379,6,-0.497833708673473,2,0.370750817261025,7,-0.300159272601875,15,-0.0156401428109739,8,0.22,0.22,0.22,0.22,0.12,0.22,0.22,0.22,0.22,0.12,0.0422505898382154,4,1,1,"2) # of groups=4",3
"450082",0.24503807134602,3,0.647185137443925,2,-0.0707680388781737,4,-1.09751881817663,15,-1.19882856204365,7,0.22,0.22,0.22,0.22,0.12,0.22,0.22,0.22,0.22,0.12,-0.204593430063507,4,1,1,"2) # of groups=4",2
"450083",-1.54158407961449,8,0.127929156621295,7,-0.612620429575149,11,-0.745885851639554,15,-0.636811380921241,9,0.22,0.22,0.22,0.22,0.12,0.22,0.22,0.22,0.22,0.12,-0.686292830636286,5,2,1,"3) # of groups=5",2
"450087",0.129748811671885,8,-0.653180182330041,5,-0.531827288574756,8,-0.349423438115687,15,0.164985752544705,7,0.22,0.22,0.22,0.22,0.12,0.22,0.22,0.22,0.22,0.12,-0.289231771111327,5,2,1,"3) # of groups=5",2
"450090",0.221082916048273,5,-0.745773477469264,3,0.885694466037039,7,0.407505219219397,15,0.782448367181408,8,0.22,0.22,0.22,0.22,0.12,0.22,0.22,0.22,0.22,0.12,0.262965811305567,5,2,1,"3) # of groups=5",4
"450092",-0.480427420111939,3,1.00520480608699,3,-0.565075385041179,4,-0.718323354904535,15,0.0956424687112176,8,0.22,0.22,0.22,0.22,0.12,0.22,0.22,0.22,0.22,0.12,-0.1554196016282,5,2,1,"3) # of groups=5",3
"450097",-0.20563387554851,7,0.586925322278995,8,-0.800519187025258,7,-1.16986383912476,15,0.754151082619358,8,0.22,0.22,0.22,0.22,0.12,0.22,0.22,0.22,0.22,0.12,-0.259102017557974,5,2,1,"3) # of groups=5",3
"450101",-0.174615379296038,7,0.400644273840065,8,0.68008606984521,10,0.953947090200398,15,-0.0021788448145319,10,0.22,0.22,0.22,0.22,0.12,0.22,0.22,0.22,0.22,0.12,0.408952190631976,5,2,1,"3) # of groups=5",4
"450102",-0.323202969068203,8,0.138117870667455,8,1.68883057804266,11,-0.0540838678215195,15,-0.0221266371058276,10,0.22,0.22,0.22,0.22,0.12,0.22,0.22,0.22,0.22,0.12,0.316270358147787,5,2,1,"3) # of groups=5",4
"450104",-0.97669471678285,6,-0.49239560668763,5,-2.13104001705009,7,0.942490978885249,15,-0.269541787969309,8,0.22,0.22,0.22,0.22,0.12,0.22,0.22,0.22,0.22,0.12,-0.617025674116088,5,2,1,"3) # of groups=5",2
"450107",-0.0880690660825453,8,0.546969729996782,8,-1.03299931854746,11,-1.12297363666677,15,0.340940630754585,9,0.22,0.22,0.22,0.22,0.12,0.22,0.22,0.22,0.22,0.12,-0.332443028395448,5,2,1,"3) # of groups=5",2
"450108",-1.62076619461906,3,0.135096052542295,1,0.431886097516264,5,0.914688215848715,5,1.47805213040718,8,0.22,0.22,0.22,0.22,0.12,0.22,0.22,0.22,0.22,0.12,0.146765173332269,4,1,1,"2) # of groups=4",3
"450119",1.10829020019309,8,-0.147597349144585,6,-0.237351923952697,8,-0.767016766304898,15,0.912637531368716,7,0.22,0.22,0.22,0.22,0.12,0.22,0.22,0.22,0.22,0.12,0.0999078191382461,5,2,1,"3) # of groups=5",4
"450124",0.7081647054725,4,0.161460003066327,7,-0.401714606976961,4,0.333242199642876,10,-0.461136683009376,7,0.22,0.22,0.22,0.22,0.12,0.22,0.22,0.22,0.22,0.12,0.120917104303918,5,2,1,"3) # of groups=5",4
"450128",1.29160359389875,3,0.867324447847353,6,1.40087112707316,4,-0.905892422076722,15,0.71280716554799,8,0.22,0.22,0.22,0.22,0.12,0.22,0.22,0.22,0.22,0.12,0.669396344149118,5,2,1,"3) # of groups=5",5
"450132",-0.429035628356172,8,-0.376738687754478,6,0.258905020025919,8,-0.736506361823213,15,0.1571316506445,10,0.22,0.22,0.22,0.22,0.12,0.22,0.22,0.22,0.22,0.12,-0.263486846662408,5,2,1,"3) # of groups=5",3
"450133",-2.27070466282184,8,-0.454701821642039,6,-0.705108208095555,8,-0.327739451255699,15,-0.321101999518874,10,0.22,0.22,0.22,0.22,0.12,0.22,0.22,0.22,0.22,0.12,-0.865348151581594,5,2,1,"3) # of groups=5",1
"450135",0.408954457575639,8,0.620173207341456,7,0.463377269799445,8,0.351558652357459,15,-0.0845730449731507,8,0.22,0.22,0.22,0.22,0.12,0.22,0.22,0.22,0.22,0.12,0.395545223759502,5,2,1,"3) # of groups=5",4
"450137",0.872284105869921,8,0.178712575871009,7,-1.08429624112647,10,0.343783148985167,15,0.361899284114967,8,0.22,0.22,0.22,0.22,0.12,0.22,0.22,0.22,0.22,0.12,0.111734303805714,5,2,1,"3) # of groups=5",4
"450143",NA,0,NA,0,-1.2280816021965,1,NA,0,0.437728718107784,5,0.22,0.22,0.22,0.22,0.12,NA,NA,0.647058823529412,NA,0.352941176470588,-0.640148547971459,1,0,0,"",NA
"450144",-0.569427779901886,2,0.0116939093215337,1,-0.227992905785659,3,1.11308692660089,15,0.748835682553292,7,0.22,0.22,0.22,0.22,0.12,0.22,0.22,0.22,0.22,0.12,0.161879514958068,3,0,0,"",NA
"450147",-0.365831562458844,7,-1.03197740491854,6,-0.157929577770945,9,-0.65062292297257,15,0.130622020210324,8,0.22,0.22,0.22,0.22,0.12,0.22,0.22,0.22,0.22,0.12,-0.469724880561359,5,2,1,"3) # of groups=5",2
"450148",0.795199930798679,4,0.836113679019683,3,0.109450190431521,6,0.955188491655105,15,1.07234632869197,7,0.22,0.22,0.22,0.22,0.12,0.22,0.22,0.22,0.22,0.12,0.721791063662134,5,2,1,"3) # of groups=5",5
"450152",-0.641694318091123,6,0.476710835113448,5,-0.972683155857547,7,0.517581658953941,15,-0.618086188107176,9,0.22,0.22,0.22,0.22,0.12,0.22,0.22,0.22,0.22,0.12,-0.210589038146743,5,2,1,"3) # of groups=5",3
"450154",-0.741618225877336,4,0.739736744859496,2,0.53099436960457,5,-0.159903064431208,15,-1.19020519260028,8,0.22,0.22,0.22,0.22,0.12,0.22,0.22,0.22,0.22,0.12,-0.0615984617978187,4,1,1,"2) # of groups=4",3
"450155",-2.43997596228234,2,NA,0,0.30255819576698,2,1.0809825628111,5,1.65823026067265,6,0.22,0.22,0.22,0.22,0.12,0.282051282051282,NA,0.282051282051282,0.282051282051282,0.153846153846154,-0.0428565558131015,2,0,0,"",NA
"450162",0.395787967180062,1,-0.527443396168934,2,1.72221905997247,3,1.42405009940157,5,-5.00521255053938,6,0.22,0.22,0.22,0.22,0.12,0.22,0.22,0.22,0.22,0.12,0.0625895146200114,3,0,0,"",NA
"450163",-0.384857565293142,4,0.462081922612783,2,0.260572814509656,4,-1.09947215000174,15,-0.057653878490532,7,0.22,0.22,0.22,0.22,0.12,0.22,0.22,0.22,0.22,0.12,-0.174486960616801,4,1,1,"2) # of groups=4",2
"450165",-0.103013015887833,3,0.678035673249115,2,0.691846855593063,4,-0.277045057154059,15,-0.719682874416354,8,0.22,0.22,0.22,0.22,0.12,0.22,0.22,0.22,0.22,0.12,0.1313994353461,4,1,1,"2) # of groups=4",3
"450176",1.40847045033478,6,0.0726102733494294,6,-0.787701231097202,6,-0.228781078110216,15,0.427192113524795,7,0.22,0.22,0.22,0.22,0.12,0.22,0.22,0.22,0.22,0.12,0.15347470480787,5,2,1,"3) # of groups=5",4
"450184",0.49120485698386,8,0.024881806413395,8,-0.636634804359268,9,-0.17893304746225,15,-0.583818833511536,10,0.22,0.22,0.22,0.22,0.12,0.22,0.22,0.22,0.22,0.12,-0.135944121474722,5,2,1,"3) # of groups=5",3
"450193",1.3327462876962,8,0.0263071771227151,7,1.18523649243384,10,-0.801438249035263,15,-1.21399414047138,8,0.22,0.22,0.22,0.22,0.12,0.22,0.22,0.22,0.22,0.12,0.237748078951283,5,2,1,"3) # of groups=5",4
"450194",-0.390165902136544,2,0.739736744859496,2,-0.677978451874738,5,0.761007055293608,15,0.540023479863278,8,0.22,0.22,0.22,0.22,0.12,0.22,0.22,0.22,0.22,0.12,0.159974695734794,3,0,0,"",NA
"450196",-0.804747530893469,7,-0.0232948416845527,7,-1.2678612608745,8,-1.1000941389854,15,-0.444165209559406,8,0.22,0.22,0.22,0.22,0.12,0.22,0.22,0.22,0.22,0.12,-0.756419335083471,5,2,1,"3) # of groups=5",1
"450200",NA,0,NA,0,0.614406929977629,2,0.431181826127359,5,-1.90720887769918,6,0.22,0.22,0.22,0.22,0.12,NA,NA,0.392857142857143,0.392857142857143,0.214285714285714,0.00207939467713536,2,0,0,"",NA
"450203",-0.127137661138504,7,0.353901331912102,6,-1.16728328200258,8,-0.297804882696297,15,-0.640989770611957,8,0.22,0.22,0.22,0.22,0.12,0.22,0.22,0.22,0.22,0.12,-0.349350161136996,5,2,1,"3) # of groups=5",2
"450209",-0.328545765656878,8,-0.148642880761027,7,0.463461827861855,8,-0.820968611838991,15,-0.370575142508283,8,0.22,0.22,0.22,0.22,0.12,0.22,0.22,0.22,0.22,0.12,-0.228102011787903,5,2,1,"3) # of groups=5",3
"450210",0.584398584849378,3,NA,0,1.29626873596752,4,NA,0,0.590921404959428,7,0.22,0.22,0.22,0.22,0.12,0.392857142857143,NA,0.392857142857143,NA,0.214285714285714,0.865459605669373,3,1,1,"1) # of groups=3",5
"450211",-0.443904079146865,8,0.0139798988311792,6,-0.665499807981121,7,-0.145530529081725,15,-0.0945876040593509,9,0.22,0.22,0.22,0.22,0.12,0.22,0.22,0.22,0.22,0.12,-0.284360506310399,5,2,1,"3) # of groups=5",2
"450213",0.368158966270289,8,0.455759451198491,7,-0.198648840897984,10,-0.193157378327058,15,-2.06263833966819,8,0.22,0.22,0.22,0.22,0.12,0.22,0.22,0.22,0.22,0.12,-0.15245191714656,5,2,1,"3) # of groups=5",3
"450222",0.302828622371488,8,-0.349962608295484,6,-1.14483582711686,8,-0.945686502135502,15,-0.0876142141827266,7,0.22,0.22,0.22,0.22,0.12,0.22,0.22,0.22,0.22,0.12,-0.480798095040726,5,2,1,"3) # of groups=5",2
"450229",-0.562128660857998,8,0.237345368789723,8,0.104663111166826,11,0.0758337758458805,15,0.169756197848265,10,0.22,0.22,0.22,0.22,0.12,0.22,0.22,0.22,0.22,0.12,-0.0113722653704333,5,2,1,"3) # of groups=5",3
"450231",-1.34649923586149,8,0.143800669670221,8,-0.75459488057724,11,0.092869177314984,15,-0.34318405715931,8,0.22,0.22,0.22,0.22,0.12,0.22,0.22,0.22,0.22,0.12,-0.451355426138893,5,2,1,"3) # of groups=5",2
"450235",-0.270548071426746,2,0.135096052542295,1,0.237129802013139,4,0.329611114703613,5,0.440203720464682,7,0.22,0.22,0.22,0.22,0.12,0.22,0.22,0.22,0.22,0.12,0.147708003978868,3,0,0,"",NA
"450236",-0.499880696566464,6,0.902369686736353,3,0.423932607741014,9,0.359689658373547,15,0.825731521672516,9,0.22,0.22,0.22,0.22,0.12,0.22,0.22,0.22,0.22,0.12,0.360032258983281,5,2,1,"3) # of groups=5",4
"450237",-0.728983372357234,8,-0.434947123308611,8,0.642848213187544,11,-0.192797862453144,15,-0.790457830575195,9,0.22,0.22,0.22,0.22,0.12,0.22,0.22,0.22,0.22,0.12,-0.251908571553941,5,2,1,"3) # of groups=5",3
"450241",-0.882249049712228,2,-0.235110377119989,1,0.900125274517297,2,0.0451156168083192,5,-1.4255969039049,6,0.22,0.22,0.22,0.22,0.12,0.22,0.22,0.22,0.22,0.12,-0.20893770628004,2,0,0,"",NA
"450253",NA,0,NA,0,-0.0426048070208064,3,0.394605853165771,5,0.56648406229527,5,0.22,0.22,0.22,0.22,0.12,NA,NA,0.392857142857143,0.392857142857143,0.214285714285714,0.259675567191651,3,0,0,"",NA
"450272",0.280436869504198,6,1.18784971779799,3,-0.0577075402035572,6,-0.470844895369625,15,0.315150252373058,7,0.22,0.22,0.22,0.22,0.12,0.22,0.22,0.22,0.22,0.12,0.244559543665148,5,2,1,"3) # of groups=5",4
"450289",0.608738954751926,4,-0.457110739211786,7,-0.779196848851308,5,0.19868297558025,15,-0.547302750613546,8,0.22,0.22,0.22,0.22,0.12,0.22,0.22,0.22,0.22,0.12,-0.160031174774427,5,2,1,"3) # of groups=5",3
"450292",-0.825629852598127,2,0.647185137443925,2,0.461783640141019,4,0.729043182346072,15,0.19965558528503,8,0.22,0.22,0.22,0.22,0.12,0.22,0.22,0.22,0.22,0.12,0.246682733847439,3,0,0,"",NA
"450324",1.43441199887913,8,0.216391975786172,7,-0.476820820988178,9,-0.281368782831802,15,-0.565927417143431,10,0.22,0.22,0.22,0.22,0.12,0.22,0.22,0.22,0.22,0.12,0.128463871528759,5,2,1,"3) # of groups=5",4
"450330",-0.239856909144132,4,0.609078136198148,4,0.234720744809228,6,-0.475344503441267,15,0.117576079947939,7,0.22,0.22,0.22,0.22,0.12,0.22,0.22,0.22,0.22,0.12,0.0424005726465876,5,2,1,"3) # of groups=5",3
"450346",-0.90540742355703,8,0.394547075595193,6,-0.539035256717253,10,-0.159093301576706,15,0.509502229075705,9,0.22,0.22,0.22,0.22,0.12,0.22,0.22,0.22,0.22,0.12,-0.204837291887191,5,2,1,"3) # of groups=5",3
"450347",0.0230991634123839,5,-0.248744847809432,4,-0.498966314195442,6,-0.722918061619785,15,-0.582500681013617,8,0.22,0.22,0.22,0.22,0.12,0.22,0.22,0.22,0.22,0.12,-0.388356694968335,5,2,1,"3) # of groups=5",2
"450351",-1.21306812500309,3,0.492932458417973,2,0.429971117416569,5,1.0052699894076,15,1.11695544985137,8,0.22,0.22,0.22,0.22,0.12,0.22,0.22,0.22,0.22,0.12,0.291357850834756,4,1,1,"2) # of groups=4",4
"450352",0.321270421601793,7,-0.882871591216121,7,-0.193794145994868,10,-0.386680217080289,15,-0.822297434769026,10,0.22,0.22,0.22,0.22,0.12,0.22,0.22,0.22,0.22,0.12,-0.34993230936397,5,2,1,"3) # of groups=5",2
"450358",2.74754208713017,8,0.711736819407437,8,0.244858199818441,11,0.640634642411958,15,-0.827433585101068,9,0.22,0.22,0.22,0.22,0.12,0.22,0.22,0.22,0.22,0.12,0.856557754516833,5,2,1,"3) # of groups=5",5
"450369",-0.14185569089262,2,0.0951109029952281,2,1.17385421874751,5,1.14341402960419,5,0.502165185558755,8,0.22,0.22,0.22,0.22,0.12,0.22,0.22,0.22,0.22,0.12,0.559774983566998,3,0,0,"",NA
"450370",-1.336817283038,3,0.196797124152676,1,0.13117415232872,5,0.584684775247821,15,-2.0449294583456,7,0.22,0.22,0.22,0.22,0.12,0.22,0.22,0.22,0.22,0.12,-0.338707005889404,4,1,1,"2) # of groups=4",2
"450372",1.46344468124435,7,-0.587033675972965,4,0.0803473754748948,8,0.669548311863621,15,0.459248879140996,8,0.22,0.22,0.22,0.22,0.12,0.22,0.22,0.22,0.22,0.12,0.412897337871098,5,2,1,"3) # of groups=5",4
"450379",0.945161660939261,3,-0.0504750138682772,2,0.209140769327363,3,-1.51565205213774,15,0.57077024759164,5,0.22,0.22,0.22,0.22,0.12,0.22,0.22,0.22,0.22,0.12,-0.0221089901516697,4,1,1,"2) # of groups=4",3
"450388",1.28679137384223,8,0.185955959658673,8,-0.572331961435078,11,-0.458270566958895,15,-0.221290762232495,9,0.22,0.22,0.22,0.22,0.12,0.22,0.22,0.22,0.22,0.12,0.0707169656556252,5,2,1,"3) # of groups=5",4
"450389",-0.47281193519862,6,-0.738721417359646,5,-1.24747749171407,6,0.163272804692191,15,0.332974642521096,10,0.22,0.22,0.22,0.22,0.12,0.22,0.22,0.22,0.22,0.12,-0.4651054116051,5,2,1,"3) # of groups=5",2
"450395",0.0524384327384498,3,0.739736744859496,2,-0.00221593690837404,6,0.312197466905313,15,0.561902188557363,9,0.22,0.22,0.22,0.22,0.12,0.22,0.22,0.22,0.22,0.12,0.309902738297758,4,1,1,"2) # of groups=4",4
"450399",-0.0543285211666749,2,NA,0,-0.78790318926355,2,NA,0,-0.117309077685986,6,0.22,0.22,0.22,0.22,0.12,0.392857142857143,NA,0.392857142857143,NA,0.214285714285714,-0.356014402887443,1,0,0,"",NA
"450400",0.897747113000839,2,0.258498195763056,1,-0.245997492298546,2,-0.0138399810281936,5,1.24255590259457,6,0.22,0.22,0.22,0.22,0.12,0.22,0.22,0.22,0.22,0.12,0.346316432107523,2,0,0,"",NA
"450403",0.540203587705388,7,0.42611346248136,7,-1.13730470538242,8,-0.290954952015417,15,0.513936558228631,9,0.22,0.22,0.22,0.22,0.12,0.22,0.22,0.22,0.22,0.12,-0.0399549865990038,5,2,1,"3) # of groups=5",3
"450411",0.540406045842165,2,NA,0,0.0964579097642348,2,NA,0,-1.29087846312399,6,0.22,0.22,0.22,0.22,0.12,0.392857142857143,NA,0.392857142857143,NA,0.214285714285714,-0.0264202595383408,1,0,0,"",NA
"450419",0.985260858941694,4,0.256464128393285,2,1.61447435271103,5,0.118441861872246,15,-0.00206126780565073,8,0.22,0.22,0.22,0.22,0.12,0.22,0.22,0.22,0.22,0.12,0.654173712285338,4,1,1,"2) # of groups=4",4
"450422",0.395787967180062,1,0.30083177446347,2,0.0885840721409162,3,0.290984609460868,5,-1.54867955302294,4,0.22,0.22,0.22,0.22,0.12,0.22,0.22,0.22,0.22,0.12,0.0509199067512168,3,0,0,"",NA
"450424",1.45898438410413,8,0.547826542080275,6,0.967238685669772,10,0.930474504129234,15,-0.25198072211162,10,0.22,0.22,0.22,0.22,0.12,0.22,0.22,0.22,0.22,0.12,0.828757618862956,5,2,1,"3) # of groups=5",5
"450431",1.50629382553588,8,0.193879494190112,7,-0.306028226147483,9,0.0907875152980037,15,-0.430974773049034,9,0.22,0.22,0.22,0.22,0.12,0.22,0.22,0.22,0.22,0.12,0.274968201186949,5,2,1,"3) # of groups=5",4
"450447",0.0927089168269312,5,0.393605485327616,4,-0.579823211439633,7,-1.3064482430397,15,-0.888916379586608,8,0.22,0.22,0.22,0.22,0.12,0.22,0.22,0.22,0.22,0.12,-0.414660517061846,5,2,1,"3) # of groups=5",2
"450451",-0.25055681020866,2,NA,0,-0.737070504897401,3,1.50610104540371,5,0.0480968137855064,7,0.22,0.22,0.22,0.22,0.12,0.282051282051282,NA,0.282051282051282,0.282051282051282,0.153846153846154,0.153635690153517,3,0,0,"",NA
"450460",-0.266010796514582,2,NA,0,1.16482003487745,2,NA,0,0.206891264059403,5,0.22,0.22,0.22,0.22,0.12,0.392857142857143,NA,0.392857142857143,NA,0.214285714285714,0.397437471655285,1,0,0,"",NA
"450462",0.0513458184399562,8,0.586610370868451,8,1.28845836931585,9,-0.436959148247552,15,0.170677557961791,8,0.22,0.22,0.22,0.22,0.12,0.22,0.22,0.22,0.22,0.12,0.34816149723829,5,2,1,"3) # of groups=5",4
"450465",0.473612223505013,4,0.770587280664686,2,1.96250158006618,5,-0.0401167881277636,15,1.0184805386226,7,0.22,0.22,0.22,0.22,0.12,0.22,0.22,0.22,0.22,0.12,0.818866209778497,4,1,1,"2) # of groups=4",5
"450469",0.397993796834577,6,-0.459779648032131,2,0.364587111771853,5,-1.30088318246337,15,-0.110251361918361,6,0.22,0.22,0.22,0.22,0.12,0.22,0.22,0.22,0.22,0.12,-0.232808186245799,4,1,1,"2) # of groups=4",2
"450475",0.410584071240161,3,0.647185137443925,2,1.6620702542768,4,0.560749646783278,15,0.670410632914917,9,0.22,0.22,0.22,0.22,0.12,0.22,0.22,0.22,0.22,0.12,0.802178880093506,4,1,1,"2) # of groups=4",5
"450484",-0.0927255075939371,8,0.280213589178908,7,-0.115284306592791,9,-0.452140502090055,15,-1.09466773379921,8,0.22,0.22,0.22,0.22,0.12,0.22,0.22,0.22,0.22,0.12,-0.214946208017438,5,2,1,"3) # of groups=5",3
"450489",-0.489792471628258,2,NA,0,0.957020575844511,1,NA,0,-1.80758880443639,4,0.22,0.22,0.22,0.22,0.12,0.392857142857143,NA,0.392857142857143,NA,0.214285714285714,-0.203786560008555,1,0,0,"",NA
"450498",0.623867652478005,1,NA,0,0.684509281926367,2,NA,0,-0.259322262822103,4,0.22,0.22,0.22,0.22,0.12,0.392857142857143,NA,0.392857142857143,NA,0.214285714285714,0.458436167911267,1,0,0,"",NA
"450508",-0.357778801760251,5,0.282480298791064,4,-0.490644241357527,5,0.0376597067962971,15,-2.14471597280456,5,0.22,0.22,0.22,0.22,0.12,0.22,0.22,0.22,0.22,0.12,-0.373588184993239,5,2,1,"3) # of groups=5",2
"450518",0.55486943944969,7,0.277529078124638,3,-0.291143068355343,8,-0.793985403078202,15,-0.948085757864615,8,0.22,0.22,0.22,0.22,0.12,0.22,0.22,0.22,0.22,0.12,-0.169370880792782,5,2,1,"3) # of groups=5",3
"450537",-0.496982969467111,8,0.106517365683877,6,0.328774119994227,10,0.524145210808809,15,-0.287253804751019,8,0.22,0.22,0.22,0.22,0.12,0.22,0.22,0.22,0.22,0.12,0.0672693633742342,5,2,1,"3) # of groups=5",4
"450539",0.466297573408944,3,0.801437816469876,2,0.298919183417164,5,0.562587096826063,15,-1.01832497949267,8,0.22,0.22,0.22,0.22,0.12,0.22,0.22,0.22,0.22,0.12,0.34623416988773,4,1,1,"2) # of groups=4",4
"450563",1.30170657567419,7,-0.27031692810795,8,-0.20743651608377,8,0.388641503035776,15,0.479348085150907,7,0.22,0.22,0.22,0.22,0.12,0.22,0.22,0.22,0.22,0.12,0.324292589812123,5,2,1,"3) # of groups=5",4
"450565",-0.121817563471907,4,-1.05610044370851,3,0.31155262467416,6,0.624791332085448,15,0.892024195749122,9,0.22,0.22,0.22,0.22,0.12,0.22,0.22,0.22,0.22,0.12,0.0538966123973167,5,2,1,"3) # of groups=5",3
"450571",-0.187128929115556,8,0.0109627462496505,8,-0.0157258313304152,11,0.0232147473049538,15,0.210467396069347,10,0.22,0.22,0.22,0.22,0.12,0.22,0.22,0.22,0.22,0.12,-0.0118529111877791,5,2,1,"3) # of groups=5",3
"450573",-0.833168714890738,4,NA,0,0.410706562391564,5,2.19014337741401,5,-0.265961661392377,7,0.22,0.22,0.22,0.22,0.12,0.282051282051282,NA,0.282051282051282,0.282051282051282,0.153846153846154,0.45765957706946,4,1,1,"2) # of groups=4",4
"450584",-1.15206294714496,2,0.196797124152676,1,0.599540644136247,3,-1.23039449607683,5,-0.232321043267255,7,0.22,0.22,0.22,0.22,0.12,0.22,0.22,0.22,0.22,0.12,-0.376824853677301,3,0,0,"",NA
"450587",-1.04443778574097,6,-0.324561116030322,4,-1.48246699610546,10,-0.822756434875844,15,-0.481574259804359,9,0.22,0.22,0.22,0.22,0.12,0.22,0.22,0.22,0.22,0.12,-0.866117824382094,5,2,1,"3) # of groups=5",1
"450596",0.210459309395338,6,0.263008794223096,3,-0.315344841877151,6,-0.284297588606032,15,-0.201899678987828,9,0.22,0.22,0.22,0.22,0.12,0.22,0.22,0.22,0.22,0.12,-0.0519863133887841,5,2,1,"3) # of groups=5",3
"450597",-0.373329590211255,3,0.196797124152676,1,1.84209407100435,5,0.495663825201604,5,-0.663407004205737,8,0.22,0.22,0.22,0.22,0.12,0.22,0.22,0.22,0.22,0.12,0.395860754127734,4,1,1,"2) # of groups=4",4
"450604",-1.06497706173167,5,0.910393877534348,4,0.808651522684256,7,0.587024368580237,15,-0.0403160116342165,10,0.22,0.22,0.22,0.22,0.12,0.22,0.22,0.22,0.22,0.12,0.268202474158672,5,2,1,"3) # of groups=5",4
"45060F",0.891974117680445,3,-0.419267224825838,2,1.00218206362753,5,1.2003627171425,10,0.970735030965711,4,0.22,0.22,0.22,0.22,0.12,0.22,0.22,0.22,0.22,0.12,0.705043571913305,4,1,1,"2) # of groups=4",5
"450610",0.575708909668702,8,0.433318438141529,7,1.10213276311844,8,-0.270940616947795,15,-0.490885979217699,10,0.22,0.22,0.22,0.22,0.12,0.22,0.22,0.22,0.22,0.12,0.345941971169669,5,2,1,"3) # of groups=5",4
"450617",0.8895492329074,8,0.300890349001403,8,0.287730179293619,9,-0.853804190021988,15,-0.000516587673533452,8,0.22,0.22,0.22,0.22,0.12,0.22,0.22,0.22,0.22,0.12,0.137298435138871,5,2,1,"3) # of groups=5",4
"450634",0.29639976000334,8,0.911889263989341,7,-0.782795295842108,9,-0.0088932650733563,15,1.02880580752719,8,0.22,0.22,0.22,0.22,0.12,0.22,0.22,0.22,0.22,0.12,0.21510879878025,5,2,1,"3) # of groups=5",4
"450638",0.867074927783385,6,0.314004274979796,6,-1.52457364829867,5,-0.968900198095053,15,0.0776529765927587,7,0.22,0.22,0.22,0.22,0.12,0.22,0.22,0.22,0.22,0.12,-0.279408464407588,5,2,1,"3) # of groups=5",2
"450639",-0.135439171433256,8,0.585424475106384,7,-0.67559197027047,8,0.221595742126132,15,0.715563599087436,8,0.22,0.22,0.22,0.22,0.12,0.22,0.22,0.22,0.22,0.12,0.0849852285068261,5,2,1,"3) # of groups=5",4
"450641",-1.29776389760073,3,NA,0,-1.44888163791886,4,NA,0,-2.35058962944148,7,0.22,0.22,0.22,0.22,0.12,0.392857142857143,NA,0.392857142857143,NA,0.214285714285714,-1.58273709526301,3,1,1,"1) # of groups=3",1
"450643",1.00022424175666,6,0.542765335020637,6,-0.0473323719904177,6,-0.554951667368746,15,0.236911116170294,8,0.22,0.22,0.22,0.22,0.12,0.22,0.22,0.22,0.22,0.12,0.235384552172425,5,2,1,"3) # of groups=5",4
"450644",0.968495049908646,6,-0.519846335491438,6,-1.98177513010231,5,-1.59882783864105,15,-0.347428627222841,7,0.22,0.22,0.22,0.22,0.12,0.22,0.22,0.22,0.22,0.12,-0.730721371218494,5,2,1,"3) # of groups=5",1
"450647",0.287377956291012,8,-0.0509524133950236,8,-0.612303079168256,11,-0.664922815788246,15,-0.194265212217375,8,0.22,0.22,0.22,0.22,0.12,0.22,0.22,0.22,0.22,0.12,-0.252287902919398,5,2,1,"3) # of groups=5",3
"450651",0.958079147973941,8,0.408700340084115,8,-0.968450073592647,9,-0.480177477277889,15,-0.76393819552244,8,0.22,0.22,0.22,0.22,0.12,0.22,0.22,0.22,0.22,0.12,-0.109679157281438,5,2,1,"3) # of groups=5",3
"450653",-1.85129109515639,2,0.616334601638735,2,0.0944909953328076,4,0.534661147155319,5,-0.684535425208047,7,0.22,0.22,0.22,0.22,0.12,0.22,0.22,0.22,0.22,0.12,-0.215421208251462,3,0,0,"",NA
"450654",0.38543972359415,3,NA,0,0.0839610272724521,4,-2.337975308897,5,-1.06693471373439,7,0.22,0.22,0.22,0.22,0.12,0.282051282051282,NA,0.282051282051282,0.282051282051282,0.153846153846154,-0.691177651813865,4,1,1,"2) # of groups=4",2
"450656",0.0104106191174606,7,0.143993300667991,6,-0.381866206108284,9,-0.342682305957409,15,0.210736637655397,8,0.22,0.22,0.22,0.22,0.12,0.22,0.22,0.22,0.22,0.12,-0.100143413783005,5,2,1,"3) # of groups=5",3
"450658",-0.104898018397893,2,NA,0,1.40728480975382,3,0.206599285823683,5,-0.0389273425670043,6,0.22,0.22,0.22,0.22,0.12,0.282051282051282,NA,0.282051282051282,0.282051282051282,0.153846153846154,0.419622635732659,3,0,0,"",NA
"450659",2.02574734794083,4,-0.00497380961134645,7,-0.371741092835627,5,-0.676968179951801,15,-1.05188928083605,7,0.22,0.22,0.22,0.22,0.12,0.22,0.22,0.22,0.22,0.12,0.0876274247189262,5,2,1,"3) # of groups=5",4
"450661",-0.652981783526555,6,-0.231403432515802,4,1.26093532743342,7,-1.2728891615571,15,-0.143527801648562,7,0.22,0.22,0.22,0.22,0.12,0.22,0.22,0.22,0.22,0.12,-0.214417927234356,5,2,1,"3) # of groups=5",3
"450662",0.203282397809025,7,0.00215467783512199,7,-0.484410951586524,7,-0.686060929165585,15,-1.33932504958285,8,0.22,0.22,0.22,0.22,0.12,0.22,0.22,0.22,0.22,0.12,-0.373026663073694,5,2,1,"3) # of groups=5",2
"450668",-0.100168929087615,7,-0.0277517369819199,7,-0.473468518037195,8,-1.1619808706345,15,-0.679892619888738,7,0.22,0.22,0.22,0.22,0.12,0.22,0.22,0.22,0.22,0.12,-0.469528526429719,5,2,1,"3) # of groups=5",2
"450669",0.00902040393553877,6,-0.578697158291286,5,-0.258538253866031,7,-0.160940580032396,15,1.02366518329675,8,0.22,0.22,0.22,0.22,0.12,0.22,0.22,0.22,0.22,0.12,-0.0947744074203083,5,2,1,"3) # of groups=5",3
"45066F",2.69596962761613,5,0.482700002931631,3,-2.14711232561593,5,-0.586572397517081,10,-0.760122665643269,6,0.22,0.22,0.22,0.22,0.12,0.22,0.22,0.22,0.22,0.12,0.00668195975405271,5,2,1,"3) # of groups=5",3
"450670",0.58042965557491,8,0.624651564668407,7,-1.02353953124876,9,-1.02521634375459,15,0.116914166277892,8,0.22,0.22,0.22,0.22,0.12,0.22,0.22,0.22,0.22,0.12,-0.17157872409386,5,2,1,"3) # of groups=5",3
"450672",0.801745794619622,8,-0.0936952363265512,7,-2.21169880558215,9,-1.01108495658487,15,0.0433809662282735,8,0.22,0.22,0.22,0.22,0.12,0.22,0.22,0.22,0.22,0.12,-0.548035588904876,5,2,1,"3) # of groups=5",2
"450674",0.395787967180062,1,0.461813682891404,6,0.690007390972431,2,-0.856080675583841,15,0.710303056270169,5,0.22,0.22,0.22,0.22,0.12,0.22,0.22,0.22,0.22,0.12,0.237372607153633,3,1,1,"1) # of groups=3",4
"450675",0.460432813881081,8,-0.116020545308567,7,-1.29893831169731,7,-1.27571454000567,15,0.487337031474381,6,0.22,0.22,0.22,0.22,0.12,0.22,0.22,0.22,0.22,0.12,-0.432172484511777,5,2,1,"3) # of groups=5",2
"450677",0.685049552491583,7,0.125841179455284,6,-0.855576883854129,7,-0.0846261717520978,15,0.0759187168894882,8,0.22,0.22,0.22,0.22,0.12,0.22,0.22,0.22,0.22,0.12,-0.0193384651783206,5,2,1,"3) # of groups=5",3
"450678",-0.246929337509588,5,0.18442710036607,2,-2.11586566138703,4,NA,0,0.562844054850668,5,0.22,0.22,0.22,0.22,0.12,0.282051282051282,0.282051282051282,0.282051282051282,NA,0.153846153846154,-0.527820065505949,3,1,1,"1) # of groups=3",2
"450684",0.497781301502058,7,-0.220587383455004,7,-0.2710681749923,7,-0.229414483139475,15,-0.171062189763532,8,0.22,0.22,0.22,0.22,0.12,0.22,0.22,0.22,0.22,0.12,-0.0696509855902624,5,2,1,"3) # of groups=5",3
"450686",-1.25341880676931,8,0.00588509659983147,7,-0.764209774376504,10,0.341407016344727,15,-1.10649337481393,8,0.22,0.22,0.22,0.22,0.12,0.22,0.22,0.22,0.22,0.12,-0.500253227981948,5,2,1,"3) # of groups=5",2
"450688",-0.493588260246146,6,0.444531913526499,5,0.195498082462328,5,-1.42236411605171,15,0.304850047878648,7,0.22,0.22,0.22,0.22,0.12,0.22,0.22,0.22,0.22,0.12,-0.244120917922549,5,2,1,"3) # of groups=5",3
"450690",-0.163141407690882,4,NA,0,0.428447438786881,7,0.740803823906517,15,0.910863208839446,7,0.22,0.22,0.22,0.22,0.12,0.282051282051282,NA,0.282051282051282,0.282051282051282,0.153846153846154,0.423907375847804,4,1,1,"2) # of groups=4",4
"450694",0.433592858568613,3,0.0733949809319144,1,0.574311295616308,4,-0.514985467702517,15,-0.373380996562404,7,0.22,0.22,0.22,0.22,0.12,0.22,0.22,0.22,0.22,0.12,0.0797832872436616,4,1,1,"2) # of groups=4",3
"450698",NA,0,NA,0,NA,0,NA,0,-0.958027080465187,4,0.22,0.22,0.22,0.22,0.12,NA,NA,NA,NA,1,-0.958027080465187,1,0,0,"",NA
"450702",-0.0571996059243324,8,0.487842457615676,8,-0.0475336733703682,9,-0.277438753631031,15,-0.356717887996155,10,0.22,0.22,0.22,0.22,0.12,0.22,0.22,0.22,0.22,0.12,-0.0195586531277508,5,2,1,"3) # of groups=5",3
"450709",1.68466768117143,7,0.955340651804212,6,0.292239848771675,9,0.87995449973623,15,-0.670943451128814,9,0.22,0.22,0.22,0.22,0.12,0.22,0.22,0.22,0.22,0.12,0.758171375790923,5,2,1,"3) # of groups=5",5
"450711",0.957679681880039,5,-0.347476646586084,6,0.442776158824546,5,-1.03781350037461,15,0.79967961085794,8,0.22,0.22,0.22,0.22,0.12,0.22,0.22,0.22,0.22,0.12,0.0992980059266088,5,2,1,"3) # of groups=5",4
"450713",0.522102979616033,8,0.0524351483275124,7,-0.388281185671437,11,-0.382376232936024,15,0.108253486031076,8,0.22,0.22,0.22,0.22,0.12,0.22,0.22,0.22,0.22,0.12,-0.0301558256223323,5,2,1,"3) # of groups=5",3
"450718",-0.229527415658129,8,0.199772797146495,6,0.0638924722808985,8,-0.444888290300467,15,-0.17814435040593,9,0.22,0.22,0.22,0.22,0.12,0.22,0.22,0.22,0.22,0.12,-0.111742418085576,5,2,1,"3) # of groups=5",3
"450723",-0.26422458091237,8,-0.0723651388609662,7,-0.433639184013545,8,-0.0756777100832729,15,0.382391021689416,8,0.22,0.22,0.22,0.22,0.12,0.22,0.22,0.22,0.22,0.12,-0.140212532448704,5,2,1,"3) # of groups=5",3
"450730",-0.330786564307789,4,0.346149915326703,4,-1.36571870415004,5,-1.08969986922386,15,-0.232823870105333,8,0.22,0.22,0.22,0.22,0.12,0.22,0.22,0.22,0.22,0.12,-0.564751013330737,5,2,1,"3) # of groups=5",2
"450742",-0.0292559580545093,7,0.652208475487613,8,-0.24071240960449,8,-0.245388115026232,15,0.775868825507596,9,0.22,0.22,0.22,0.22,0.12,0.22,0.22,0.22,0.22,0.12,0.123211697477435,5,2,1,"3) # of groups=5",4
"450743",0.677692513221512,8,0.944635033910348,6,0.923978547299011,8,0.673477387917454,15,0.481922489981741,9,0.22,0.22,0.22,0.22,0.12,0.22,0.22,0.22,0.22,0.12,0.76618306491444,5,2,1,"3) # of groups=5",5
"450747",-2.43705237268384,5,0.749159478770321,4,-1.30900119873366,6,-0.238775515995361,15,-0.720078544318517,9,0.22,0.22,0.22,0.22,0.12,0.22,0.22,0.22,0.22,0.12,-0.798256739219581,5,2,1,"3) # of groups=5",1
"45074F",2.05068109801763,5,0.404056856266481,4,-0.391411864356874,6,-0.154855607754503,10,0.0428804881770702,5,0.22,0.22,0.22,0.22,0.12,0.22,0.22,0.22,0.22,0.12,0.42500916465925,5,2,1,"3) # of groups=5",5
"450755",-0.000734173994015886,2,NA,0,1.90767626157293,2,NA,0,0.263061256626773,6,0.22,0.22,0.22,0.22,0.12,0.392857142857143,NA,0.392857142857143,NA,0.214285714285714,0.805526089397453,1,0,0,"",NA
"450771",0.0909362349891028,8,0.371532791433493,8,0.285766232037944,9,-0.199310417880586,15,0.322864461831473,9,0.22,0.22,0.22,0.22,0.12,0.22,0.22,0.22,0.22,0.12,0.159507200347367,5,2,1,"3) # of groups=5",4
"450774",0.395787967180062,1,0.681574879895685,2,-0.117467339932087,4,1.37300674172516,15,-0.361032473221365,3,0.22,0.22,0.22,0.22,0.12,0.22,0.22,0.22,0.22,0.12,0.469914597964577,3,0,0,"",NA
"450775",1.38840211982585,8,0.308063188380786,7,0.0300023530524492,9,-1.65691126178811,15,-0.418872152641962,9,0.22,0.22,0.22,0.22,0.12,0.22,0.22,0.22,0.22,0.12,-0.034962250433421,5,2,1,"3) # of groups=5",3
"450779",0.839792784571972,7,0.538804423586699,8,0.860315015120864,8,0.563610722383099,15,0.929231205526875,7,0.22,0.22,0.22,0.22,0.12,0.22,0.22,0.22,0.22,0.12,0.728062792709005,5,2,1,"3) # of groups=5",5
"450788",1.13199800093307,8,0.285013671788524,7,0.215393282328203,8,-0.624255739048054,15,-0.159766187941334,8,0.22,0.22,0.22,0.22,0.12,0.22,0.22,0.22,0.22,0.12,0.202620884967423,5,2,1,"3) # of groups=5",4
"450801",-1.14970424828908,8,0.335396112036612,8,0.0938632783182876,11,0.012403404862727,15,0.302004267774055,10,0.22,0.22,0.22,0.22,0.12,0.22,0.22,0.22,0.22,0.12,-0.119528607542833,5,2,1,"3) # of groups=5",3
"450804",1.36483001262422,1,2.21432448588987,2,3.0171080691547,3,1.44929067582382,15,-0.639691368307568,5,0.22,0.22,0.22,0.22,0.12,0.22,0.22,0.22,0.22,0.12,1.69325874937147,3,0,0,"",NA
"450808",0.395787967180062,1,0.443601410594198,1,0.225713919702013,3,-0.210090727188387,5,-1.66273715157186,3,0.22,0.22,0.22,0.22,0.12,0.22,0.22,0.22,0.22,0.12,-0.0114256927252883,3,0,0,"",NA
"450809",0.324810016844101,7,0.688727755120647,8,0.0518172244907659,8,-0.55270545218019,15,-0.481926406954819,8,0.22,0.22,0.22,0.22,0.12,0.22,0.22,0.22,0.22,0.12,0.054951730905993,5,2,1,"3) # of groups=5",3
"450820",2.2037792887022,8,-0.15554909058861,8,-0.0840728797154917,11,0.905616235242114,15,-0.148351040972733,10,0.22,0.22,0.22,0.22,0.12,0.22,0.22,0.22,0.22,0.12,0.613548056884119,5,2,1,"3) # of groups=5",5
"450822",0.0577025996342946,5,0.151846732845154,4,0.10395945724477,6,-0.195393861939751,15,1.13919135717759,8,0.22,0.22,0.22,0.22,0.12,0.22,0.22,0.22,0.22,0.12,0.162688246973894,5,2,1,"3) # of groups=5",4
"450825",NA,0,0.0733949809319144,1,0.171227588654936,1,-0.412819124435421,5,-2.92511822175073,4,0.22,0.22,0.22,0.22,0.12,NA,0.282051282051282,0.282051282051282,0.282051282051282,0.153846153846154,-0.497458241893299,2,0,0,"",NA
"450827",0.779641707261763,2,-0.193232493322335,2,1.70206584699989,3,0.205736151440709,15,-0.931477631881879,6,0.22,0.22,0.22,0.22,0.12,0.22,0.22,0.22,0.22,0.12,0.436949150897781,3,0,0,"",NA
"450828",0.108881960214269,4,0.498838892804513,3,0.978569452187528,4,-1.03312856847124,15,-0.493504661538431,7,0.22,0.22,0.22,0.22,0.12,0.22,0.22,0.22,0.22,0.12,0.0624750226971037,5,2,1,"3) # of groups=5",3
"450831",NA,0,NA,0,NA,0,NA,0,-2.7914858076304,2,0.22,0.22,0.22,0.22,0.12,NA,NA,NA,NA,1,-2.7914858076304,0,0,0,"",NA
"450833",-0.466776360468731,2,0.0733949809319144,1,-0.410825059329149,4,0.003358149188736,5,-0.105030938852111,7,0.22,0.22,0.22,0.22,0.12,0.22,0.22,0.22,0.22,0.12,-0.188790336391244,3,0,0,"",NA
"450834",0.880308989902137,1,1.07255086449599,2,-5.1045302302456,3,1.78806524378579,15,-4.23573327100689,4,0.22,0.22,0.22,0.22,0.12,0.22,0.22,0.22,0.22,0.12,-0.808281121574397,3,0,0,"",NA
"450840",-0.298458756900966,6,0.53952378374806,4,0.633086085754842,8,0.467101817281155,15,0.976666828212584,7,0.22,0.22,0.22,0.22,0.12,0.22,0.22,0.22,0.22,0.12,0.41227566395979,5,2,1,"3) # of groups=5",4
"450844",1.85268130072401,8,0.558972155057518,7,0.379525352806222,10,0.606276891495388,15,0.229669504619635,10,0.22,0.22,0.22,0.22,0.12,0.22,0.22,0.22,0.22,0.12,0.775000594572647,5,2,1,"3) # of groups=5",5
"450847",-0.499868057458345,7,0.46105526997776,7,0.299939901868304,7,-0.144804052694282,15,-0.917383890656486,10,0.22,0.22,0.22,0.22,0.12,0.22,0.22,0.22,0.22,0.12,-0.0844949933062222,5,2,1,"3) # of groups=5",3
"450848",0.786488290000948,7,0.53016529326046,6,-0.305064566760378,7,-0.164096895703375,15,-0.0864488746783426,10,0.22,0.22,0.22,0.22,0.12,0.22,0.22,0.22,0.22,0.12,0.176074401614083,5,2,1,"3) # of groups=5",4
"450851",1.57441215793152,3,0.533244658123627,2,-0.91506202869496,4,1.58108113658093,15,0.779749315960051,3,0.22,0.22,0.22,0.22,0.12,0.22,0.22,0.22,0.22,0.12,0.703778621182252,4,1,1,"2) # of groups=4",5
"450853",-0.0887330555420189,1,-0.163425776636262,4,-2.02078165097736,4,0.728468739901831,15,1.6458037012479,7,0.22,0.22,0.22,0.22,0.12,0.22,0.22,0.22,0.22,0.12,-0.14228733936609,4,1,1,"2) # of groups=4",3
"450855",0.757264803865693,7,0.522644523700272,6,0.144735324738774,8,-0.500627683481727,15,-0.842503093307532,7,0.22,0.22,0.22,0.22,0.12,0.22,0.22,0.22,0.22,0.12,0.102183361944159,5,2,1,"3) # of groups=5",4
"450856",0.153527455819019,1,0.207976370446059,2,-0.0803781988827095,3,1.98888057852472,15,-0.0781617335113798,3,0.22,0.22,0.22,0.22,0.12,0.22,0.22,0.22,0.22,0.12,0.490021957278194,3,0,0,"",NA
"450860",NA,0,-0.285480304136066,2,0.140669848013242,3,0.798154038055625,5,0.997890368714452,4,0.22,0.22,0.22,0.22,0.12,NA,0.282051282051282,0.282051282051282,0.282051282051282,0.153846153846154,0.337797990090962,3,0,0,"",NA
"450862",0.598386981739738,8,-0.433850894996247,7,-0.0880953542075576,10,0.331730032983289,15,-0.290914705427266,9,0.22,0.22,0.22,0.22,0.12,0.22,0.22,0.22,0.22,0.12,0.054887803762957,5,2,1,"3) # of groups=5",3
"450864",1.36483001262422,1,0.986895987780626,3,0.504269069920548,3,1.49165654676132,15,-0.20999314566385,5,0.22,0.22,0.22,0.22,0.12,0.22,0.22,0.22,0.22,0.12,0.931284178279415,4,1,1,"2) # of groups=4",5
"450865",0.656999026610522,2,0.0733949809319144,1,0.0539940571427736,4,NA,0,0.732746475181657,5,0.22,0.22,0.22,0.22,0.12,0.282051282051282,0.282051282051282,0.282051282051282,NA,0.153846153846154,0.333967886221212,2,0,0,"",NA
"450867",0.632212817904389,4,0.456552663356783,3,-0.0490157988636255,7,-0.318224892744667,10,0.424355808682131,6,0.22,0.22,0.22,0.22,0.12,0.22,0.22,0.22,0.22,0.12,0.209658150765489,5,2,1,"3) # of groups=5",4
"450869",-0.333527066403315,8,0.415279064203534,8,-0.397385332680078,11,-0.725347285853376,15,0.563147105473457,8,0.22,0.22,0.22,0.22,0.12,0.22,0.22,0.22,0.22,0.12,-0.161438083904497,5,2,1,"3) # of groups=5",3
"45086F",1.27438901498437,4,-0.392747570914789,3,1.50517452623182,6,0.952055334710708,10,0.080649499911271,5,0.22,0.22,0.22,0.22,0.12,0.22,0.22,0.22,0.22,0.12,0.744229627092017,5,2,1,"3) # of groups=5",4
"450872",0.153527455819019,1,0.770229964251544,2,-0.238358336704776,3,0.155239775506733,15,-0.560613179981953,5,0.22,0.22,0.22,0.22,0.12,0.22,0.22,0.22,0.22,0.12,0.11766696735412,3,0,0,"",NA
"450874",0.395787967180062,1,0.496319766763622,2,-1.6687419768914,3,0.8900926850196,15,0.544469262722601,4,0.22,0.22,0.22,0.22,0.12,0.22,0.22,0.22,0.22,0.12,0.0902971687825266,3,0,0,"",NA
"450875",-0.0887330555420189,1,0.26982934035736,2,0.507297574896484,3,1.82225008740026,15,-1.20798642289772,4,0.22,0.22,0.22,0.22,0.12,0.22,0.22,0.22,0.22,0.12,0.407383297616932,3,0,0,"",NA
"450876",-1.36824443824619,7,0.114953990585731,3,0.00842120689772838,8,0.627063636631963,15,-1.67658606371737,8,0.22,0.22,0.22,0.22,0.12,0.22,0.22,0.22,0.22,0.12,-0.337107560554853,5,2,1,"3) # of groups=5",2
"450880",0.638048478541098,1,-2.14811241632386,2,-0.0788901314274613,3,0.869848262921788,15,-0.209130703245008,4,0.22,0.22,0.22,0.22,0.12,0.22,0.22,0.22,0.22,0.12,-0.183298961772857,3,0,0,"",NA
"450883",0.395787967180062,1,0.465469230958432,2,-0.414900410288295,3,0.811734218345009,15,-1.86525769102767,4,0.22,0.22,0.22,0.22,0.12,0.22,0.22,0.22,0.22,0.12,0.0529490984396254,3,0,0,"",NA
"450885",1.02688300441489,6,0.785609745222064,3,0.305404934412025,6,0.496296232707316,15,0.15853099576886,8,0.22,0.22,0.22,0.22,0.12,0.22,0.22,0.22,0.22,0.12,0.594146381178648,5,2,1,"3) # of groups=5",5
"450888",0.395787967180062,1,0.187662510410799,2,-0.0777199019686709,3,1.50123808857495,15,0.706626425971664,4,0.22,0.22,0.22,0.22,0.12,0.22,0.22,0.22,0.22,0.12,0.52632827723997,3,0,0,"",NA
"450889",0.638048478541098,1,0.414001038516141,2,0.59068522724576,3,1.79411633479082,15,2.33375311526194,3,0.22,0.22,0.22,0.22,0.12,0.22,0.22,0.22,0.22,0.12,1.03615761123207,3,0,0,"",NA
"450890",0.588359128183338,7,0.447779660437209,7,-0.519995195031649,7,0.794894585753378,15,0.148104911722773,7,0.22,0.22,0.22,0.22,0.12,0.22,0.22,0.22,0.22,0.12,0.306200988862034,5,2,1,"3) # of groups=5",4
"450891",0.395787967180062,1,0.39309714970775,2,0.123968252623626,3,1.42405009940157,5,-1.814902954505,5,0.22,0.22,0.22,0.22,0.12,0.22,0.22,0.22,0.22,0.12,0.296330408620262,3,0,0,"",NA
"450893",1.18186914098145,4,0.505302482204579,1,0.311889292127094,5,1.36309513556789,15,0.783017685959085,6,0.22,0.22,0.22,0.22,0.12,0.22,0.22,0.22,0.22,0.12,0.833636453508913,4,1,1,"2) # of groups=4",5
"45090F",1.30215174166209,5,0.599099884234898,4,0.0200038434296433,6,0.634869587384695,10,-0.860348119480739,5,0.22,0.22,0.22,0.22,0.12,0.22,0.22,0.22,0.22,0.12,0.459105738138803,5,2,1,"3) # of groups=5",5
"451300",-0.700673298555396,1,NA,0,NA,0,NA,0,0.167103350975926,3,0.22,0.22,0.22,0.22,0.12,0.647058823529412,NA,NA,NA,0.352941176470588,-0.394399186956106,1,0,0,"",NA
"451301",NA,0,NA,0,NA,0,NA,0,-0.596022741099,1,0.22,0.22,0.22,0.22,0.12,NA,NA,NA,NA,1,-0.596022741099,0,0,0,"",NA
"451303",-1.54229612370826,1,NA,0,0.391585094160459,2,NA,0,0.735401692965536,4,0.22,0.22,0.22,0.22,0.12,0.392857142857143,NA,0.392857142857143,NA,0.214285714285714,-0.294478970258307,1,0,0,"",NA
"451304",NA,0,NA,0,NA,0,NA,0,1.65376820670495,2,0.22,0.22,0.22,0.22,0.12,NA,NA,NA,NA,1,1.65376820670495,0,0,0,"",NA
"451305",NA,0,NA,0,NA,0,NA,0,1.70164892226157,4,0.22,0.22,0.22,0.22,0.12,NA,NA,NA,NA,1,1.70164892226157,1,0,0,"",NA
"451306",-0.0887330555420189,1,NA,0,-0.547858044891677,1,NA,0,0.894796381901821,3,0.22,0.22,0.22,0.22,0.12,0.392857142857143,NA,0.392857142857143,NA,0.214285714285714,-0.0583472790485618,1,0,0,"",NA
"451307",NA,0,NA,0,NA,0,NA,0,-0.738418533325557,2,0.22,0.22,0.22,0.22,0.12,NA,NA,NA,NA,1,-0.738418533325557,0,0,0,"",NA
"451308",NA,0,NA,0,0.204581265476417,1,NA,0,0.724006654911391,2,0.22,0.22,0.22,0.22,0.12,NA,NA,0.647058823529412,NA,0.352941176470588,0.38790787351229,0,0,0,"",NA
"451310",0.153527455819019,1,NA,0,-1.04948425180374,1,NA,0,-1.83436923606503,2,0.22,0.22,0.22,0.22,0.12,0.392857142857143,NA,0.392857142857143,NA,0.214285714285714,-0.745062149007932,0,0,0,"",NA
"451311",-0.573254078264098,1,NA,0,0.957020575844511,1,NA,0,-0.501411993228231,4,0.22,0.22,0.22,0.22,0.12,0.392857142857143,NA,0.392857142857143,NA,0.214285714285714,0.0433199826433985,1,0,0,"",NA
"451312",NA,0,NA,0,-0.25567071370589,1,NA,0,2.0499990828353,1,0.22,0.22,0.22,0.22,0.12,NA,NA,0.647058823529412,NA,0.352941176470588,0.55809509683806,0,0,0,"",NA
"451313",NA,0,NA,0,NA,0,NA,0,1.26612420124941,3,0.22,0.22,0.22,0.22,0.12,NA,NA,NA,NA,1,1.26612420124941,1,0,0,"",NA
"451314",NA,0,NA,0,NA,0,NA,0,0.0628931466134062,2,0.22,0.22,0.22,0.22,0.12,NA,NA,NA,NA,1,0.0628931466134062,0,0,0,"",NA
"451315",1.04643075475305,2,NA,0,1.28064350293285,2,NA,0,-1.1428255843813,3,0.22,0.22,0.22,0.22,0.12,0.392857142857143,NA,0.392857142857143,NA,0.214285714285714,0.669316547437754,1,0,0,"",NA
"451316",NA,0,NA,0,NA,0,NA,0,1.31767536024894,4,0.22,0.22,0.22,0.22,0.12,NA,NA,NA,NA,1,1.31767536024894,1,0,0,"",NA
"451317",NA,0,NA,0,NA,0,NA,0,1.24146127859953,2,0.22,0.22,0.22,0.22,0.12,NA,NA,NA,NA,1,1.24146127859953,0,0,0,"",NA
"451318",NA,0,NA,0,NA,0,NA,0,2.15768073588518,2,0.22,0.22,0.22,0.22,0.12,NA,NA,NA,NA,1,2.15768073588518,0,0,0,"",NA
"451319",0.753600746160792,2,-0.00250099712965886,1,0.575562823558238,4,NA,0,-0.277440368343985,8,0.22,0.22,0.22,0.22,0.12,0.282051282051282,0.282051282051282,0.282051282051282,NA,0.153846153846154,0.331503745856902,2,0,0,"",NA
"451320",NA,0,NA,0,NA,0,NA,0,-0.375603103627603,4,0.22,0.22,0.22,0.22,0.12,NA,NA,NA,NA,1,-0.375603103627603,1,0,0,"",NA
"451322",NA,0,NA,0,NA,0,NA,0,1.46279534966046,4,0.22,0.22,0.22,0.22,0.12,NA,NA,NA,NA,1,1.46279534966046,1,0,0,"",NA
"451323",0.424911073435409,3,NA,0,0.569733084306842,4,1.40233787902187,5,-1.23885844559126,6,0.22,0.22,0.22,0.22,0.12,0.282051282051282,NA,0.282051282051282,0.282051282051282,0.153846153846154,0.485478249509174,4,1,1,"2) # of groups=4",4
"451324",NA,0,NA,0,NA,0,NA,0,0.671932391933609,2,0.22,0.22,0.22,0.22,0.12,NA,NA,NA,NA,1,0.671932391933609,0,0,0,"",NA
"451325",NA,0,NA,0,NA,0,NA,0,2.2002062051112,1,0.22,0.22,0.22,0.22,0.12,NA,NA,NA,NA,1,2.2002062051112,0,0,0,"",NA
"451328",NA,0,NA,0,NA,0,NA,0,1.48376739224647,2,0.22,0.22,0.22,0.22,0.12,NA,NA,NA,NA,1,1.48376739224647,0,0,0,"",NA
"451329",NA,0,NA,0,NA,0,NA,0,1.93734374112839,1,0.22,0.22,0.22,0.22,0.12,NA,NA,NA,NA,1,1.93734374112839,0,0,0,"",NA
"451330",-0.489792471628258,2,-4.40663446134219,1,0.376164331493706,2,NA,0,0.834732331187026,5,0.22,0.22,0.22,0.22,0.12,0.282051282051282,0.282051282051282,0.282051282051282,NA,0.153846153846154,-1.14652550331082,1,0,0,"",NA
"451331",NA,0,NA,0,-0.0462318379796146,1,NA,0,0.0578770528649993,3,0.22,0.22,0.22,0.22,0.12,NA,NA,0.647058823529412,NA,0.352941176470588,-0.00948752356386852,1,0,0,"",NA
"451332",NA,0,NA,0,NA,0,NA,0,0.233595399785276,3,0.22,0.22,0.22,0.22,0.12,NA,NA,NA,NA,1,0.233595399785276,1,0,0,"",NA
"451333",0.880308989902137,1,NA,0,-0.0462318379796146,1,1.40686471161501,5,0.192263373970765,6,0.22,0.22,0.22,0.22,0.12,0.282051282051282,NA,0.282051282051282,0.282051282051282,0.153846153846154,0.661639506224037,2,0,0,"",NA
"451334",NA,0,NA,0,-0.0462318379796146,1,NA,0,-1.59799506427412,1,0.22,0.22,0.22,0.22,0.12,NA,NA,0.647058823529412,NA,0.352941176470588,-0.593912976671793,0,0,0,"",NA
"451337",0.364169018018264,2,NA,0,-1.71343725979614,3,NA,0,0.464789075988559,2,0.22,0.22,0.22,0.22,0.12,0.392857142857143,NA,0.392857142857143,NA,0.214285714285714,-0.430472007272332,1,0,0,"",NA
"451338",NA,0,NA,0,NA,0,NA,0,0.860049917270672,3,0.22,0.22,0.22,0.22,0.12,NA,NA,NA,NA,1,0.860049917270672,1,0,0,"",NA
"451340",NA,0,NA,0,NA,0,NA,0,0.20704866659535,2,0.22,0.22,0.22,0.22,0.12,NA,NA,NA,NA,1,0.20704866659535,0,0,0,"",NA
"451341",NA,0,NA,0,0.706207472388479,1,NA,0,-0.505041253005022,3,0.22,0.22,0.22,0.22,0.12,NA,NA,0.647058823529412,NA,0.352941176470588,0.278707922249596,1,0,0,"",NA
"451342",NA,0,NA,0,0.455394368932441,1,NA,0,1.01099427712985,3,0.22,0.22,0.22,0.22,0.12,NA,NA,0.647058823529412,NA,0.352941176470588,0.651488454178585,1,0,0,"",NA
"451343",0.462283162539256,2,NA,0,0.641229322216912,2,NA,0,0.381096658075319,5,0.22,0.22,0.22,0.22,0.12,0.392857142857143,NA,0.392857142857143,NA,0.214285714285714,0.515186331456063,1,0,0,"",NA
"451344",-1.38747231020234,1,NA,0,-2.71866190765608,2,NA,0,1.53561850604736,2,0.22,0.22,0.22,0.22,0.12,0.392857142857143,NA,0.392857142857143,NA,0.214285714285714,-1.28406304857709,0,0,0,"",NA
"451346",-0.437922747691509,4,NA,0,0.707799803038472,5,NA,0,-0.478855567893537,5,0.22,0.22,0.22,0.22,0.12,0.392857142857143,NA,0.392857142857143,NA,0.214285714285714,0.00341122148054894,3,1,1,"1) # of groups=3",3
"451347",-1.71319442819922,2,NA,0,-0.437581029374948,4,NA,0,0.609384540029085,3,0.22,0.22,0.22,0.22,0.12,0.392857142857143,NA,0.392857142857143,NA,0.214285714285714,-0.714365099755048,2,0,0,"",NA
"451349",NA,0,NA,0,NA,0,NA,0,1.26141169088688,1,0.22,0.22,0.22,0.22,0.12,NA,NA,NA,NA,1,1.26141169088688,0,0,0,"",NA
"451350",NA,0,NA,0,NA,0,NA,0,0.150898448142647,2,0.22,0.22,0.22,0.22,0.12,NA,NA,NA,NA,1,0.150898448142647,0,0,0,"",NA
"451351",NA,0,NA,0,-0.798671148347709,1,NA,0,0.238903749671887,2,0.22,0.22,0.22,0.22,0.12,NA,NA,0.647058823529412,NA,0.352941176470588,-0.432468243164322,0,0,0,"",NA
"451352",NA,0,NA,0,NA,0,NA,0,1.31433739174727,3,0.22,0.22,0.22,0.22,0.12,NA,NA,NA,NA,1,1.31433739174727,1,0,0,"",NA
"451353",NA,0,NA,0,NA,0,NA,0,1.40977035920701,2,0.22,0.22,0.22,0.22,0.12,NA,NA,NA,NA,1,1.40977035920701,0,0,0,"",NA
"451354",-1.14903809720352,2,NA,0,-1.17442235699213,2,NA,0,-0.0211185868267266,5,0.22,0.22,0.22,0.22,0.12,0.392857142857143,NA,0.392857142857143,NA,0.214285714285714,-0.917313447039732,1,0,0,"",NA
"451355",NA,0,NA,0,-0.547858044891677,1,NA,0,-0.229543227232052,3,0.22,0.22,0.22,0.22,0.12,NA,NA,0.647058823529412,NA,0.352941176470588,-0.435511638658868,1,0,0,"",NA
"451356",-0.21616640473626,3,NA,0,0.85704355865196,4,NA,0,0.835104091989094,3,0.22,0.22,0.22,0.22,0.12,0.392857142857143,NA,0.392857142857143,NA,0.214285714285714,0.430724044464545,3,1,1,"1) # of groups=3",4
"451359",-0.24904438523794,2,NA,0,1.7595213981401,2,NA,0,1.79832250320402,6,0.22,0.22,0.22,0.22,0.12,0.392857142857143,NA,0.392857142857143,NA,0.214285714285714,0.978756505755281,1,0,0,"",NA
"451361",-0.810175866292205,2,NA,0,1.77053733955655,2,NA,0,-1.39808904163096,3,0.22,0.22,0.22,0.22,0.12,0.392857142857143,NA,0.392857142857143,NA,0.214285714285714,0.077694355575787,1,0,0,"",NA
"451362",-0.029799985036426,2,NA,0,1.1472214794449,2,NA,0,-4.40351756916446,1,0.22,0.22,0.22,0.22,0.12,0.392857142857143,NA,0.392857142857143,NA,0.214285714285714,-0.504623892017627,0,0,0,"",NA
"451363",NA,0,NA,0,-0.5271709310268,2,NA,0,-0.252812364551556,3,0.22,0.22,0.22,0.22,0.12,NA,NA,0.647058823529412,NA,0.352941176470588,-0.430338495800243,1,0,0,"",NA
"451364",NA,0,NA,0,NA,0,NA,0,0.30065053596394,2,0.22,0.22,0.22,0.22,0.12,NA,NA,NA,NA,1,0.30065053596394,0,0,0,"",NA
"451365",1.40909201624892,3,0.87831303592297,1,0.619551388393865,6,NA,0,0.789225949082153,6,0.22,0.22,0.22,0.22,0.12,0.282051282051282,0.282051282051282,0.282051282051282,NA,0.153846153846154,0.941330167710672,3,1,1,"1) # of groups=3",5
"451367",-1.33822662166218,4,-1.56363644829948,1,0.492785632562329,5,2.15684968806125,15,0.942799874477898,9,0.22,0.22,0.22,0.22,0.12,0.22,0.22,0.22,0.22,0.12,0.0576458800829699,4,1,1,"2) # of groups=4",3
"451369",0.638048478541098,1,NA,0,-0.798671148347709,1,NA,0,-4.50371480148197,1,0.22,0.22,0.22,0.22,0.12,0.392857142857143,NA,0.392857142857143,NA,0.214285714285714,-1.02818350631302,0,0,0,"",NA
"451370",-0.785647330161957,2,-10.5757725859113,1,-1.73981263391682,3,NA,0,-0.41973893432708,4,0.22,0.22,0.22,0.22,0.12,0.282051282051282,0.282051282051282,0.282051282051282,NA,0.153846153846154,-3.75979465784239,2,0,0,"",NA
"451371",0.292095834598241,2,NA,0,1.24377059274462,3,NA,0,1.25358979783598,5,0.22,0.22,0.22,0.22,0.12,0.392857142857143,NA,0.392857142857143,NA,0.214285714285714,0.872002481706691,2,0,0,"",NA
"451372",NA,0,NA,0,NA,0,NA,0,1.52427415486969,1,0.22,0.22,0.22,0.22,0.12,NA,NA,NA,NA,1,1.52427415486969,0,0,0,"",NA
"451373",-0.219978574195528,2,NA,0,-1.85118293518892,2,NA,0,0.651755650820723,6,0.22,0.22,0.22,0.22,0.12,0.392857142857143,NA,0.392857142857143,NA,0.214285714285714,-0.674008667796593,1,0,0,"",NA
"451374",0.848690040740342,2,NA,0,0.902907228465702,3,0.99868998034456,5,1.20097453862965,5,0.22,0.22,0.22,0.22,0.12,0.282051282051282,NA,0.282051282051282,0.282051282051282,0.153846153846154,0.960487358380373,3,0,0,"",NA
"451375",NA,0,NA,0,0.455394368932441,1,NA,0,-0.608221580289037,4,0.22,0.22,0.22,0.22,0.12,NA,NA,0.647058823529412,NA,0.352941176470588,0.0800005045013311,1,0,0,"",NA
"451376",1.07598637936544,3,NA,0,1.0703902568414,3,NA,0,-1.43657569281727,4,0.22,0.22,0.22,0.22,0.12,0.392857142857143,NA,0.392857142857143,NA,0.214285714285714,0.535381744334701,3,1,1,"1) # of groups=3",4
"451377",-0.898633312413895,3,NA,0,-1.03636680640636,3,NA,0,0.90588667611702,3,0.22,0.22,0.22,0.22,0.12,0.392857142857143,NA,0.392857142857143,NA,0.214285714285714,-0.56606004465431,3,1,1,"1) # of groups=3",2
"451378",-0.22300342413697,2,NA,0,0.270155212221945,3,-1.1486146529982,5,0.803191740989097,6,0.22,0.22,0.22,0.22,0.12,0.282051282051282,NA,0.282051282051282,0.282051282051282,0.153846153846154,-0.187101053028484,3,0,0,"",NA
"451379",-1.34224153630406,2,0.514505741667974,2,0.120528232038322,3,1.66142340340462,10,-0.195438251300652,7,0.22,0.22,0.22,0.22,0.12,0.22,0.22,0.22,0.22,0.12,0.18647489482143,3,0,0,"",NA
"451380",0.46904163605897,4,-0.263083739248188,2,0.528356283928189,6,1.15674179023147,15,-0.392693041731225,9,0.22,0.22,0.22,0.22,0.12,0.22,0.22,0.22,0.22,0.12,0.36890914860575,4,1,1,"2) # of groups=4",4
"451381",NA,0,NA,0,0.133293641690354,1,NA,0,-2.0357034172008,3,0.22,0.22,0.22,0.22,0.12,NA,NA,0.647058823529412,NA,0.352941176470588,-0.632234732035936,1,0,0,"",NA
"451382",-0.288633396140969,5,NA,0,0.241338017737082,5,NA,0,-1.80393481143878,7,0.22,0.22,0.22,0.22,0.12,0.392857142857143,NA,0.392857142857143,NA,0.214285714285714,-0.405137786824123,3,1,1,"1) # of groups=3",3
"451384",-1.2256485555357,2,NA,0,-0.0554138521970223,2,NA,0,-1.05711213720919,5,0.22,0.22,0.22,0.22,0.12,0.392857142857143,NA,0.392857142857143,NA,0.214285714285714,-0.729798546725539,1,0,0,"",NA
"451385",-0.636963688409747,2,NA,0,1.17655240516582,2,NA,0,0.404648778388192,6,0.22,0.22,0.22,0.22,0.12,0.392857142857143,NA,0.392857142857143,NA,0.214285714285714,0.298691734094498,1,0,0,"",NA
"451386",-0.330993566903058,1,NA,0,-0.00524559154000075,5,0.595141795454706,5,1.51392262893242,6,0.22,0.22,0.22,0.22,0.12,0.282051282051282,NA,0.282051282051282,0.282051282051282,0.153846153846154,0.305934994377504,3,0,0,"",NA
"451387",-0.181625914458577,4,-0.177757153312843,2,-1.15265278244635,7,0.752167845742028,15,1.25875639763668,6,0.22,0.22,0.22,0.22,0.12,0.22,0.22,0.22,0.22,0.12,-0.0161201932682616,4,1,1,"2) # of groups=4",3
"451389",NA,0,NA,0,NA,0,NA,0,0.118541049891401,3,0.22,0.22,0.22,0.22,0.12,NA,NA,NA,NA,1,0.118541049891401,1,0,0,"",NA
"451390",NA,0,NA,0,NA,0,NA,0,0.13368375181484,2,0.22,0.22,0.22,0.22,0.12,NA,NA,NA,NA,1,0.13368375181484,0,0,0,"",NA
"451391",0.395787967180062,1,NA,0,-0.297044941435646,1,NA,0,0.802943499923536,6,0.22,0.22,0.22,0.22,0.12,0.392857142857143,NA,0.392857142857143,NA,0.214285714285714,0.210851224383207,1,0,0,"",NA
"451392",-1.02942026649372,2,-0.748159611552452,1,-0.0290392342314136,3,1.70882944265075,5,0.482548203236712,6,0.22,0.22,0.22,0.22,0.12,0.22,0.22,0.22,0.22,0.12,0.0363920570705016,3,0,0,"",NA
"451393",NA,0,NA,0,0.522257997086598,1,NA,0,0.510413651238581,3,0.22,0.22,0.22,0.22,0.12,NA,NA,0.647058823529412,NA,0.352941176470588,0.518077639728474,1,0,0,"",NA
"451394",NA,0,NA,0,NA,0,NA,0,1.86224017999044,1,0.22,0.22,0.22,0.22,0.12,NA,NA,NA,NA,1,1.86224017999044,0,0,0,"",NA
"451395",-2.09706897819896,4,-2.08587675128473,1,0.372354998608899,5,0.675478424468212,10,-0.89497947283937,3,0.22,0.22,0.22,0.22,0.12,0.22,0.22,0.22,0.22,0.12,-0.797122244150172,4,1,1,"2) # of groups=4",1
"451396",NA,0,NA,0,NA,0,NA,0,1.41724991779168,3,0.22,0.22,0.22,0.22,0.12,NA,NA,NA,NA,1,1.41724991779168,1,0,0,"",NA
"451397",0.338802534703121,3,-0.609382121976377,2,0.62862483757077,3,0.951298134830526,15,1.25587527448143,5,0.22,0.22,0.22,0.22,0.12,0.22,0.22,0.22,0.22,0.12,0.43876057766594,4,1,1,"2) # of groups=4",4
"451398",NA,0,NA,0,0.460358158375969,2,NA,0,-0.682931492082227,4,0.22,0.22,0.22,0.22,0.12,NA,NA,0.647058823529412,NA,0.352941176470588,0.0568441640966057,1,0,0,"",NA
"451399",-1.12450956107327,2,NA,0,-0.0685117031448015,2,NA,0,1.49867665993438,6,0.22,0.22,0.22,0.22,0.12,0.392857142857143,NA,0.392857142857143,NA,0.214285714285714,-0.147541926671161,1,0,0,"",NA
"460001",0.166552864472132,7,0.845801749292144,7,0.842609804515377,10,0.237198662971229,15,-0.142153854967913,9,0.22,0.22,0.22,0.22,0.12,0.22,0.22,0.22,0.22,0.12,0.443217415279045,5,2,1,"3) # of groups=5",5
"460003",0.43926705137973,2,-0.303623979411457,5,0.264042729243977,5,-0.624371046764205,15,0.807498010464873,6,0.22,0.22,0.22,0.22,0.12,0.22,0.22,0.22,0.22,0.12,0.0474690072343547,4,1,1,"2) # of groups=4",3
"460004",0.13064887124727,8,0.417900506541009,7,1.50951544132754,11,0.127784625674822,15,-0.28323831169328,10,0.22,0.22,0.22,0.22,0.12,0.22,0.22,0.22,0.22,0.12,0.446898280450747,5,2,1,"3) # of groups=5",5
"460005",-0.803707709424002,7,0.531381206954421,7,0.647358507875189,7,-0.674919089687103,15,0.802389857615021,7,0.22,0.22,0.22,0.22,0.12,0.22,0.22,0.22,0.22,0.12,0.0303116243718736,5,2,1,"3) # of groups=5",3
"460006",-0.213267307326406,4,0.434842687786179,8,1.49895079123649,9,0.359274478058332,15,0.965198851572362,8,0.22,0.22,0.22,0.22,0.12,0.22,0.22,0.22,0.22,0.12,0.573380005134694,5,2,1,"3) # of groups=5",5
"460007",-1.3021018606349,3,0.801437816469876,2,0.521789975635545,7,0.793761658112541,15,0.408964573181355,10,0.22,0.22,0.22,0.22,0.12,0.22,0.22,0.22,0.22,0.12,0.228351018490036,4,1,1,"2) # of groups=4",3
"460009",0.90502709661307,8,0.133892685477543,8,1.30223255511802,11,0.70989033918097,15,-0.508659325957414,9,0.22,0.22,0.22,0.22,0.12,0.22,0.22,0.22,0.22,0.12,0.610190269690823,5,2,1,"3) # of groups=5",5
"460010",1.05984114886349,8,0.624663256933852,7,1.74569860676812,10,0.0896679315308726,15,-0.379720204049645,9,0.22,0.22,0.22,0.22,0.12,0.22,0.22,0.22,0.22,0.12,0.728805183215236,5,2,1,"3) # of groups=5",5
"460011",-0.602250935324575,4,-0.659644419709484,3,0.476677427980349,7,-0.510921223276792,15,-0.348281494889596,9,0.22,0.22,0.22,0.22,0.12,0.22,0.22,0.22,0.22,0.12,-0.326944392459462,5,2,1,"3) # of groups=5",2
"460013",0.698862157258106,3,0.909330985101415,3,0.649969268973803,6,0.394507475142849,15,0.90529496838122,7,0.22,0.22,0.22,0.22,0.12,0.22,0.22,0.22,0.22,0.12,0.692222771230504,5,2,1,"3) # of groups=5",5
"460014",0.504659223441037,3,0.455236351790342,2,0.935836053635714,6,0.185732363001341,15,-0.273580157248379,8,0.22,0.22,0.22,0.22,0.12,0.22,0.22,0.22,0.22,0.12,0.42509245934125,4,1,1,"2) # of groups=4",4
"460015",-0.147900145165655,4,0.0507006115188137,6,1.25700236746648,9,0.560836595329456,15,0.408196176948935,10,0.22,0.22,0.22,0.22,0.12,0.22,0.22,0.22,0.22,0.12,0.427524215646673,5,2,1,"3) # of groups=5",5
"460017",0.531331496017837,2,0.320199267373437,1,0.713672099398785,4,-0.146617779611983,15,0.446713666318054,8,0.22,0.22,0.22,0.22,0.12,0.22,0.22,0.22,0.22,0.12,0.365694358257343,3,0,0,"",NA
"460019",-0.696529863393481,4,0.230315400785388,3,-0.297699926246131,6,-0.602366380058055,15,-0.0738130268664549,9,0.22,0.22,0.22,0.22,0.12,0.22,0.22,0.22,0.22,0.12,-0.309439332384676,5,2,1,"3) # of groups=5",2
"460021",0.468713796951991,8,0.387366808772278,7,0.85795091794811,11,0.423690994289829,15,0.162485630309748,10,0.22,0.22,0.22,0.22,0.12,0.22,0.22,0.22,0.22,0.12,0.489797229588856,5,2,1,"3) # of groups=5",5
"460023",0.438534622095761,3,0.202702187195573,4,0.68496168796677,7,0.0566426208483531,15,0.204463782736813,9,0.22,0.22,0.22,0.22,0.12,0.22,0.22,0.22,0.22,0.12,0.328760699911838,5,2,1,"3) # of groups=5",4
"460026",0.241702532560801,3,0.258498195763056,1,1.24000218263725,7,0.793850043599094,15,0.332658895897132,8,0.22,0.22,0.22,0.22,0.12,0.22,0.22,0.22,0.22,0.12,0.5974107175109,4,1,1,"2) # of groups=4",4
"46002F",1.46261281562736,5,-0.495564754703584,4,1.4325029126117,6,1.26182837929583,10,0.696253965479796,4,0.22,0.22,0.22,0.22,0.12,0.22,0.22,0.22,0.22,0.12,0.889053933480463,5,2,1,"3) # of groups=5",4
"460030",0.110772302027838,3,0.647185137443925,2,1.57442514594558,5,0.11493603551728,15,0.915455387315171,7,0.22,0.22,0.22,0.22,0.12,0.22,0.22,0.22,0.22,0.12,0.648264743083438,4,1,1,"2) # of groups=4",4
"460039",0.638048478541098,1,NA,0,0.294344005311398,2,0.318420105075098,5,0.868955095228453,7,0.22,0.22,0.22,0.22,0.12,0.282051282051282,NA,0.282051282051282,0.282051282051282,0.153846153846154,0.486478693578827,2,0,0,"",NA
"460041",0.484253949320593,5,0.758638282250222,6,1.64454671635,7,-0.833517179339065,15,1.08527612586881,8,0.22,0.22,0.22,0.22,0.12,0.22,0.22,0.22,0.22,0.12,0.582095924192242,5,2,1,"3) # of groups=5",5
"460042",0.741096211339875,4,0.986541031301018,2,1.16274800204366,5,0.183781844386337,15,1.24948872804008,7,0.22,0.22,0.22,0.22,0.12,0.22,0.22,0.22,0.22,0.12,0.826255406960405,4,1,1,"2) # of groups=4",5
"460043",NA,0,NA,0,2.18154647226072,1,-0.572777742987911,5,1.71822488851067,5,0.22,0.22,0.22,0.22,0.12,NA,NA,0.392857142857143,0.392857142857143,0.214285714285714,1.00020733403803,2,0,0,"",NA
"460044",1.40838270364917,3,-0.368846107666773,2,2.14870552739456,5,0.682845457765672,15,-0.239530727336899,9,0.22,0.22,0.22,0.22,0.12,0.22,0.22,0.22,0.22,0.12,0.822895580570951,4,1,1,"2) # of groups=4",5
"460047",0.945154931894098,8,0.471353693586359,8,0.947368246311599,8,-0.662948704286789,15,-0.28757386234748,9,0.22,0.22,0.22,0.22,0.12,0.22,0.22,0.22,0.22,0.12,0.339695333369461,5,2,1,"3) # of groups=5",4
"460051",0.120168492328898,6,-0.129530347782692,6,0.943007375982162,8,-1.00279080832022,15,1.10451038143933,9,0.22,0.22,0.22,0.22,0.12,0.22,0.22,0.22,0.22,0.12,0.117329282458512,5,2,1,"3) # of groups=5",4
"460052",-0.746324188024439,4,0.75305057194484,4,0.600854776133423,6,-0.606471024391453,15,0.757323692918372,7,0.22,0.22,0.22,0.22,0.12,0.22,0.22,0.22,0.22,0.12,0.0911230729959263,5,2,1,"3) # of groups=5",4
"460054",0.395787967180062,1,0.258498195763056,1,-0.942661566465231,2,0.541800870156224,15,0.542817626749355,6,0.22,0.22,0.22,0.22,0.12,0.22,0.22,0.22,0.22,0.12,0.120891717869427,2,0,0,"",NA
"460057",0.339822536146653,3,0.916254170080756,3,0.591020986589961,6,0.880008676514612,15,0.525879347197667,8,0.22,0.22,0.22,0.22,0.12,0.22,0.22,0.22,0.22,0.12,0.663068922916756,5,2,1,"3) # of groups=5",5
"460058",0.747623188336974,3,0.424374316736563,4,1.17701848571146,8,0.403184105650149,15,-0.0882245804391358,9,0.22,0.22,0.22,0.22,0.12,0.22,0.22,0.22,0.22,0.12,0.594897071563036,5,2,1,"3) # of groups=5",5
"460060",1.29997761972061,3,0.523782994223164,2,0.751276833593481,5,0.345587383846185,15,1.02473374590233,7,0.22,0.22,0.22,0.22,0.12,0.22,0.22,0.22,0.22,0.12,0.765505512412636,4,1,1,"2) # of groups=4",5
"460061",0.929820516365338,3,0.739736744859496,2,1.42564642581231,7,0.468563805315325,15,0.682087265246214,8,0.22,0.22,0.22,0.22,0.12,0.22,0.22,0.22,0.22,0.12,0.865879320147089,4,1,1,"2) # of groups=4",5
"460062",1.19511439650526,2,-0.246749144271296,2,0.689963797932537,4,0.597813809279698,15,1.1931196129605,8,0.22,0.22,0.22,0.22,0.12,0.22,0.22,0.22,0.22,0.12,0.635125782633424,3,0,0,"",NA
"461300",0.880308989902137,1,NA,0,1.18493456761971,2,-0.270429452810832,5,1.25417357088701,7,0.22,0.22,0.22,0.22,0.12,0.282051282051282,NA,0.282051282051282,0.282051282051282,0.153846153846154,0.699179399413929,2,0,0,"",NA
"461301",0.755113171131514,2,NA,0,0.604986380588291,3,1.11036887691903,5,0.833863791532164,7,0.22,0.22,0.22,0.22,0.12,0.282051282051282,NA,0.282051282051282,0.282051282051282,0.153846153846154,0.825085524723594,3,0,0,"",NA
"461302",-0.126401704586699,2,NA,0,-0.547858044891677,1,0.815439139629641,5,-10.3024337632143,1,0.22,0.22,0.22,0.22,0.12,0.282051282051282,NA,0.282051282051282,0.282051282051282,0.153846153846154,-1.54516998173389,1,0,0,"",NA
"461303",0.395787967180062,1,NA,0,0.319156503814767,4,0.499949021330345,5,1.43327066174173,7,0.22,0.22,0.22,0.22,0.12,0.282051282051282,NA,0.282051282051282,0.282051282051282,0.153846153846154,0.563165445795572,3,0,0,"",NA
"461304",0.437754626409008,2,1.70150031839778,1,-0.172633138911897,5,1.24415880975646,15,1.51511149982475,5,0.22,0.22,0.22,0.22,0.12,0.22,0.22,0.22,0.22,0.12,0.888185115422267,3,0,0,"",NA
"461305",NA,0,1.16593449887969,1,NA,0,NA,0,2.11711386152316,2,0.22,0.22,0.22,0.22,0.12,NA,0.647058823529412,NA,NA,0.352941176470588,1.50164486216562,0,0,0,"",NA
"461306",-1.14462798631613,3,-1.26197389851153,1,0.240693686315235,4,NA,0,1.98509263476676,4,0.22,0.22,0.22,0.22,0.12,0.282051282051282,0.282051282051282,0.282051282051282,NA,0.153846153846154,-0.305498317308618,3,1,1,"1) # of groups=3",3
"461307",1.0219022186228,2,NA,0,0.569988380700379,5,1.53129952318059,15,1.08612443229297,7,0.22,0.22,0.22,0.22,0.12,0.282051282051282,NA,0.282051282051282,0.282051282051282,0.153846153846154,1.0479958446487,3,0,0,"",NA
"461308",-0.0887330555420189,1,NA,0,0.204581265476417,1,NA,0,0.0933389092020807,5,0.22,0.22,0.22,0.22,0.12,0.392857142857143,NA,0.392857142857143,NA,0.214285714285714,0.0655129915889594,1,0,0,"",NA
"461309",0.880308989902137,1,NA,0,-1.43050619354731,2,NA,0,0.235167200535591,3,0.22,0.22,0.22,0.22,0.12,0.392857142857143,NA,0.392857142857143,NA,0.214285714285714,-0.165755929888691,1,0,0,"",NA
"461310",-0.635451263439026,2,NA,0,1.24544639206775,2,0.440704054522121,10,-0.0265294238023357,3,0.22,0.22,0.22,0.22,0.12,0.282051282051282,NA,0.282051282051282,0.282051282051282,0.153846153846154,0.292269601842187,2,0,0,"",NA
"461333",0.120396081686504,2,NA,0,1.46327904835886,2,NA,0,0.640655990684012,7,0.22,0.22,0.22,0.22,0.12,0.392857142857143,NA,0.392857142857143,NA,0.214285714285714,0.759441513378681,1,0,0,"",NA
"461335",1.89935153125091,1,NA,0,-0.152948926931422,3,NA,0,1.80495571456175,4,0.22,0.22,0.22,0.22,0.12,0.392857142857143,NA,0.392857142857143,NA,0.214285714285714,1.07286296196017,2,0,0,"",NA
"470001",0.501170056339605,6,-1.40056427438853,5,-0.179472619776575,9,0.123980065986211,15,0.584463779802677,9,0.22,0.22,0.22,0.22,0.12,0.22,0.22,0.22,0.22,0.12,-0.139939436228322,5,2,1,"3) # of groups=5",3
"470003",0.950037533258756,8,-0.538794705466884,8,0.243311914292804,11,0.40007797411635,15,-1.0600945291587,10,0.22,0.22,0.22,0.22,0.12,0.22,0.22,0.22,0.22,0.12,0.104807854065182,5,2,1,"3) # of groups=5",4
"470005",-0.735681663583693,6,-0.512471025746456,7,-0.327775260168234,9,0.205229138374753,15,0.226205755138315,10,0.22,0.22,0.22,0.22,0.12,0.22,0.22,0.22,0.22,0.12,-0.274409047830601,5,2,1,"3) # of groups=5",3
"470011",-1.45292169218211,5,0.511533081055718,3,0.595806418813058,9,0.230475048203841,15,-0.101738002731332,9,0.22,0.22,0.22,0.22,0.12,0.22,0.22,0.22,0.22,0.12,-0.0375321320318483,5,2,1,"3) # of groups=5",3
"470012",-0.43826762024986,6,-0.479890127356258,4,0.359614871732192,9,0.606984602778126,15,0.0485738271499273,8,0.22,0.22,0.22,0.22,0.12,0.22,0.22,0.22,0.22,0.12,0.0164860391769153,5,2,1,"3) # of groups=5",3
"47001F",1.4057728322671,3,0.887143853063006,2,0.937947721651052,5,1.25407940774989,10,0.979410868512226,4,0.22,0.22,0.22,0.22,0.12,0.22,0.22,0.22,0.22,0.12,1.1042169434623,4,1,1,"2) # of groups=4",5
"470024",-1.09891496500832,6,0.37136330469732,3,1.65654995734912,6,-0.298196462502738,15,0.2819306163299,8,0.22,0.22,0.22,0.22,0.12,0.22,0.22,0.22,0.22,0.12,0.172608077557372,5,2,1,"3) # of groups=5",4
"471300",-0.0943110436028458,2,-1.55525826162057,1,-2.12096007473692,2,NA,0,1.46712706460553,4,0.22,0.22,0.22,0.22,0.12,0.282051282051282,0.282051282051282,0.282051282051282,NA,0.153846153846154,-0.83777078953668,1,0,0,"",NA
"471301",0.247356538220135,3,1.15927422234555,1,1.56434237120389,3,0.906114032406753,15,1.39979543054337,4,0.22,0.22,0.22,0.22,0.12,0.22,0.22,0.22,0.22,0.12,1.020934627784,4,1,1,"2) # of groups=4",5
"471302",0.342665331829459,2,-2.41821148954807,1,0.14491431154964,3,1.04972529587346,15,-0.525313786264583,2,0.22,0.22,0.22,0.22,0.12,0.22,0.22,0.22,0.22,0.12,-0.256837095416762,2,0,0,"",NA
"471303",-0.800272004278218,6,1.16260436061262,2,-0.525203779532181,4,0.99553375732699,15,0.415185921011918,3,0.22,0.22,0.22,0.22,0.12,0.22,0.22,0.22,0.22,0.12,0.233008024029857,4,1,1,"2) # of groups=4",3
"471304",-2.58969592029129,6,-2.60532432537701,1,-0.240172217459494,6,0.466378487049237,10,0.747381882813278,4,0.22,0.22,0.22,0.22,0.12,0.22,0.22,0.22,0.22,0.12,-1.00345324879969,4,1,1,"2) # of groups=4",1
"471305",-1.87467957930008,5,-0.867694738066475,2,-0.696916497841315,9,1.73782935944249,10,0.0410916744917086,4,0.22,0.22,0.22,0.22,0.12,0.22,0.22,0.22,0.22,0.12,-0.369390519329379,4,1,1,"2) # of groups=4",2
"471306",-2.09630379877893,5,1.15927422234555,1,-0.611239992657348,4,NA,0,-0.878969118506768,2,0.22,0.22,0.22,0.22,0.12,0.282051282051282,0.282051282051282,0.282051282051282,NA,0.153846153846154,-0.571917435154836,2,1,0,"",NA
"471307",0.576139143430086,4,-1.06373797645798,1,0.093827032000729,6,-0.0107247304628177,15,0.0115435478385606,5,0.22,0.22,0.22,0.22,0.12,0.22,0.22,0.22,0.22,0.12,-0.0876040111871689,4,1,1,"2) # of groups=4",3
"480001",-1.5219912941281,4,-0.316161401273663,2,-1.96304419992522,5,NA,0,-0.835304520863248,4,0.22,0.22,0.22,0.22,0.12,0.282051282051282,0.282051282051282,0.282051282051282,NA,0.153846153846154,-1.20064084548144,3,1,1,"1) # of groups=3",2
"480002",-2.39382508194413,4,NA,0,-3.19827046553056,3,-0.813221868300813,10,-6.50765944783222,1,0.22,0.22,0.22,0.22,0.12,0.282051282051282,NA,0.282051282051282,0.282051282051282,0.153846153846154,-2.80780636565446,3,1,1,"1) # of groups=3",1
"490002",0.327222099072206,4,1.15927422234555,1,-1.34723287081272,4,0.686164603216156,10,0.985326836841435,6,0.22,0.22,0.22,0.22,0.12,0.22,0.22,0.22,0.22,0.12,0.299833392261634,4,1,1,"2) # of groups=4",4
"490004",1.0829594834953,8,0.456537112165241,7,0.513314757308149,11,0.191680831861681,15,-0.4617815911059,10,0.22,0.22,0.22,0.22,0.12,0.22,0.22,0.22,0.22,0.12,0.438374489729974,5,2,1,"3) # of groups=5",5
"490005",0.208156471426485,8,0.566559990187357,7,-0.569463679653502,9,0.406023870429099,15,-0.45471021653103,9,0.22,0.22,0.22,0.22,0.12,0.22,0.22,0.22,0.22,0.12,0.079915637541953,5,2,1,"3) # of groups=5",4
"490007",0.641862415219928,8,-0.129203817138165,6,0.167931596405998,10,0.0340782079074259,15,0.329587374602546,8,0.22,0.22,0.22,0.22,0.12,0.22,0.22,0.22,0.22,0.12,0.196777533479247,5,2,1,"3) # of groups=5",4
"490009",1.03223978481416,8,-0.542570138686957,8,1.0245856587481,11,0.640394287689215,15,-0.531254518242238,8,0.22,0.22,0.22,0.22,0.12,0.22,0.22,0.22,0.22,0.12,0.410272368175125,5,2,1,"3) # of groups=5",4
"490013",-0.539313198514088,5,0.863138888080257,2,-0.156676717958202,8,0.228828666267466,15,-0.137126104870367,8,0.22,0.22,0.22,0.22,0.12,0.22,0.22,0.22,0.22,0.12,0.0706599477481512,4,1,1,"2) # of groups=4",3
"490017",-0.0435010060954817,8,0.0797667145792127,7,-0.193581942781725,10,-0.667547900292498,15,0.808798282384744,10,0.22,0.22,0.22,0.22,0.12,0.22,0.22,0.22,0.22,0.12,-0.084414315723739,5,2,1,"3) # of groups=5",3
"490018",-1.04718095858114,7,0.500367392484103,8,1.25650542432943,10,0.0854262090289304,15,-0.0912889672945634,10,0.22,0.22,0.22,0.22,0.12,0.22,0.22,0.22,0.22,0.12,0.163971298722144,5,2,1,"3) # of groups=5",4
"490019",-0.614879708898401,6,-0.112124917735363,3,-0.831997314649986,8,-0.678904110731717,15,0.29791122466664,9,0.22,0.22,0.22,0.22,0.12,0.22,0.22,0.22,0.22,0.12,-0.456589984483406,5,2,1,"3) # of groups=5",2
"490020",0.416606305602895,6,0.0376063088762569,6,-0.15429241803659,6,-0.0238476585628159,15,-0.412115196311752,8,0.22,0.22,0.22,0.22,0.12,0.22,0.22,0.22,0.22,0.12,0.0112821347761339,5,2,1,"3) # of groups=5",3
"490021",0.529170195303916,8,-0.42622502089244,7,0.337477476946363,11,-0.344011459526661,15,-0.649397602750572,9,0.22,0.22,0.22,0.22,0.12,0.22,0.22,0.22,0.22,0.12,-0.0567172501272095,5,2,1,"3) # of groups=5",3
"490022",0.154794312402239,8,0.0821944766687647,7,-0.0716740961002464,11,-0.635333274169776,15,0.379041345698069,9,0.22,0.22,0.22,0.22,0.12,0.22,0.22,0.22,0.22,0.12,-0.0579191263800159,5,2,1,"3) # of groups=5",3
"490023",-0.42026959197371,6,-0.325095509241984,3,0.215554759657505,7,-0.448799307272194,15,0.660846098716749,9,0.22,0.22,0.22,0.22,0.12,0.22,0.22,0.22,0.22,0.12,-0.135992590896674,5,2,1,"3) # of groups=5",3
"490024",-0.524431136419688,8,-0.186382213034195,8,1.28590938538601,11,-0.183505545858225,15,-0.389364626607641,9,0.22,0.22,0.22,0.22,0.12,0.22,0.22,0.22,0.22,0.12,0.0394261526233415,5,2,1,"3) # of groups=5",3
"490032",0.696364914066127,8,-0.114983840417863,8,-0.11233323027133,11,0.295572935544529,15,-0.0750367454581515,9,0.22,0.22,0.22,0.22,0.12,0.22,0.22,0.22,0.22,0.12,0.159212161907744,5,2,1,"3) # of groups=5",4
"490033",-0.330462541592893,6,-0.541160339875825,2,0.197844934836852,6,0.442594085761352,15,-1.02503444549958,9,0.22,0.22,0.22,0.22,0.12,0.22,0.22,0.22,0.22,0.12,-0.173864582851463,4,1,1,"2) # of groups=4",2
"490037",-0.901222702139221,6,0.770587280664686,2,-0.762353645253437,8,0.980738853732632,15,0.711912627241039,9,0.22,0.22,0.22,0.22,0.12,0.22,0.22,0.22,0.22,0.12,0.10473446840995,4,1,1,"2) # of groups=4",3
"490038",-0.719102624634022,4,0.196797124152676,1,0.0777938111720948,6,0.253842921778598,15,0.913177397131852,8,0.22,0.22,0.22,0.22,0.12,0.22,0.22,0.22,0.22,0.12,0.0676341587990785,4,1,1,"2) # of groups=4",3
"490040",2.24676537505543,7,0.269690714637871,7,1.80296886620336,8,-0.277573630351072,15,0.590770276433317,10,0.22,0.22,0.22,0.22,0.12,0.22,0.22,0.22,0.22,0.12,0.960099724792028,5,2,1,"3) # of groups=5",5
"490041",-0.220466071844002,6,0.885894797413537,4,0.441166295213884,8,-0.327739019379973,15,0.606255023514584,7,0.22,0.22,0.22,0.22,0.12,0.22,0.22,0.22,0.22,0.12,0.244098923130508,5,2,1,"3) # of groups=5",4
"490042",0.188382225259484,7,-0.417537761088754,6,1.32881742204967,9,0.0351962700101552,15,-0.281022872435731,9,0.22,0.22,0.22,0.22,0.12,0.22,0.22,0.22,0.22,0.12,0.215946049678434,5,2,1,"3) # of groups=5",4
"490043",1.83981935930126,7,0.91587640062453,7,0.420992421233686,10,0.265740143461603,15,-0.115084165701345,9,0.22,0.22,0.22,0.22,0.12,0.22,0.22,0.22,0.22,0.12,0.743524131532476,5,2,1,"3) # of groups=5",5
"490044",0.780136094003603,7,0.392282209328272,8,0.230043461909278,8,0.0782982443670565,15,0.612768581377774,10,0.22,0.22,0.22,0.22,0.12,0.22,0.22,0.22,0.22,0.12,0.399299431879139,5,2,1,"3) # of groups=5",4
"490045",-1.48765644624637,7,0.572090386324291,5,0.386085308115463,7,-0.559117417116997,15,-0.0552237755472615,9,0.22,0.22,0.22,0.22,0.12,0.22,0.22,0.22,0.22,0.12,-0.246118450228866,5,2,1,"3) # of groups=5",3
"490046",0.363905692679977,7,0.333999919860812,7,-1.12367792538964,8,0.336069331739875,15,0.280520168272863,10,0.22,0.22,0.22,0.22,0.12,0.22,0.22,0.22,0.22,0.12,0.0139277643487688,5,2,1,"3) # of groups=5",3
"490048",0.290859139880313,8,0.256612069158152,7,-0.683140172262583,11,-1.71455874480234,15,0.0857168063122317,9,0.22,0.22,0.22,0.22,0.12,0.22,0.22,0.22,0.22,0.12,-0.396764079008353,5,2,1,"3) # of groups=5",2
"490050",0.956762339743882,8,-0.231203643336386,7,0.517700297639686,11,0.469904763160996,15,-0.12839583899696,9,0.22,0.22,0.22,0.22,0.12,0.22,0.22,0.22,0.22,0.12,0.361488525906164,5,2,1,"3) # of groups=5",4
"490052",-1.08821593538937,8,0.599118751987305,7,0.316074403227596,10,0.372177406048843,15,-0.188914158649402,10,0.22,0.22,0.22,0.22,0.12,0.22,0.22,0.22,0.22,0.12,0.021144318654434,5,2,1,"3) # of groups=5",3
"490053",-1.03011293818413,7,-0.110095715006957,6,-0.149410683559069,9,-0.0209830667478056,15,0.581063488646304,9,0.22,0.22,0.22,0.22,0.12,0.22,0.22,0.22,0.22,0.12,-0.218604910131995,5,2,1,"3) # of groups=5",3
"490057",0.497623893763982,8,0.0595983492416848,7,-0.307008797065551,9,-0.104790548344376,15,0.601671273772951,10,0.22,0.22,0.22,0.22,0.12,0.22,0.22,0.22,0.22,0.12,0.104193590323817,5,2,1,"3) # of groups=5",4
"490059",0.987085554912313,8,0.182830305836119,8,1.24529562000631,11,-0.456314984917657,15,0.52919104157448,9,0.22,0.22,0.22,0.22,0.12,0.22,0.22,0.22,0.22,0.12,0.494460154073096,5,2,1,"3) # of groups=5",5
"490060",-0.287851333364125,6,0.732480279418909,4,-0.728206386562311,9,0.324997229261644,15,-0.672614299665212,8,0.22,0.22,0.22,0.22,0.12,0.22,0.22,0.22,0.22,0.12,-0.0716013624339197,5,2,1,"3) # of groups=5",3
"490063",1.40650210390449,8,0.182983813618902,8,0.924659702332413,11,0.524406493469226,15,0.752727210386039,8,0.22,0.22,0.22,0.22,0.12,0.22,0.22,0.22,0.22,0.12,0.758808730177831,5,2,1,"3) # of groups=5",5
"490066",1.25173266332684,7,0.26417709862692,7,0.486077620715869,8,0.555132475132696,15,-0.282722680832912,9,0.22,0.22,0.22,0.22,0.12,0.22,0.22,0.22,0.22,0.12,0.528639647016562,5,2,1,"3) # of groups=5",5
"490067",-0.586480260748717,7,0.148275596306401,6,-1.30770883327595,7,-0.674488348787351,15,0.662979120329686,8,0.22,0.22,0.22,0.22,0.12,0.22,0.22,0.22,0.22,0.12,-0.452930911791673,5,2,1,"3) # of groups=5",2
"490069",0.734030787860051,8,-0.0111710549018045,7,0.88482918377256,11,-0.29484148836709,15,0.210175923993056,10,0.22,0.22,0.22,0.22,0.12,0.22,0.22,0.22,0.22,0.12,0.314047545119184,5,2,1,"3) # of groups=5",4
"49006F",1.88480489953601,3,0.897528630532017,2,-1.59720978809443,5,0.588472562249683,10,-0.770611409317836,4,0.22,0.22,0.22,0.22,0.12,0.22,0.22,0.22,0.22,0.12,0.297717817810981,4,1,1,"2) # of groups=4",4
"490075",-0.631289672462313,7,-0.257857742147559,7,0.469299536383832,10,-1.06274808811039,15,-0.0330201175423345,9,0.22,0.22,0.22,0.22,0.12,0.22,0.22,0.22,0.22,0.12,-0.330133526699095,5,2,1,"3) # of groups=5",2
"490077",0.41418590399094,7,-0.670360723123312,7,0.950956426508574,10,0.728584747744094,15,-0.0512914281676564,10,0.22,0.22,0.22,0.22,0.12,0.22,0.22,0.22,0.22,0.12,0.306985626746346,5,2,1,"3) # of groups=5",4
"490084",0.868315761960123,5,0.219153842285785,2,0.120609994502039,8,0.388600568147477,15,-0.243235806989277,8,0.22,0.22,0.22,0.22,0.12,0.22,0.22,0.22,0.22,0.12,0.32208133987828,4,1,1,"2) # of groups=4",4
"490088",0.691947331629842,5,0.770587280664686,2,0.765800334656042,5,1.2806257844034,15,-0.419083692328919,8,0.22,0.22,0.22,0.22,0.12,0.22,0.22,0.22,0.22,0.12,0.721681317818403,4,1,1,"2) # of groups=4",5
"490089",0.355749095826128,5,0.0164199615804567,2,1.29635864647234,6,0.682831573098967,15,0.390478347792941,8,0.22,0.22,0.22,0.22,0.12,0.22,0.22,0.22,0.22,0.12,0.564156442670289,4,1,1,"2) # of groups=4",4
"490090",0.233764906292876,5,0.17082061934078,3,0.691978940154777,8,0.403117291332056,15,0.0830665418477635,9,0.22,0.22,0.22,0.22,0.12,0.22,0.22,0.22,0.22,0.12,0.339897971588239,5,2,1,"3) # of groups=5",4
"490092",-1.14349144472813,4,0.801437816469876,2,-0.806801161368204,5,0.375351826315867,15,0.628569082469244,8,0.22,0.22,0.22,0.22,0.12,0.22,0.22,0.22,0.22,0.12,-0.0947423620320207,4,1,1,"2) # of groups=4",3
"490093",0.704932448693321,7,0.706023989124555,6,-0.585983818760259,7,0.468513456402815,15,0.415417463775755,9,0.22,0.22,0.22,0.22,0.12,0.22,0.22,0.22,0.22,0.12,0.334417032254386,5,2,1,"3) # of groups=5",4
"490094",NA,0,0.30469918109696,1,-0.307615252018936,4,-0.993511474860331,5,0.735708302665307,7,0.22,0.22,0.22,0.22,0.12,NA,0.282051282051282,0.282051282051282,0.282051282051282,0.153846153846154,-0.167857774041373,3,0,0,"",NA
"490097",-1.04086862473309,3,1.15927422234555,1,1.10306725578468,4,0.431039903450417,5,0.94636154045124,8,0.22,0.22,0.22,0.22,0.12,0.22,0.22,0.22,0.22,0.12,0.477116191360611,4,1,1,"2) # of groups=4",4
"490098",-0.043486464184816,5,0.460733741246522,4,0.426070606451314,8,0.887272414286493,15,0.165442130028767,9,0.22,0.22,0.22,0.22,0.12,0.22,0.22,0.22,0.22,0.12,0.400582921119345,5,2,1,"3) # of groups=5",4
"490101",0.981700113778538,7,0.342067252463681,7,0.736613626463255,7,0.622976493859865,15,0.448071262031837,9,0.22,0.22,0.22,0.22,0.12,0.22,0.22,0.22,0.22,0.12,0.644107198488195,5,2,1,"3) # of groups=5",5
"490104",NA,0,NA,0,NA,0,NA,0,-0.896614438051536,1,0.22,0.22,0.22,0.22,0.12,NA,NA,NA,NA,1,-0.896614438051536,0,0,0,"",NA
"490107",0.478603534264447,7,0.830699177305793,7,-0.319387778124014,8,-0.497163280227798,15,-0.440946309774051,8,0.22,0.22,0.22,0.22,0.12,0.22,0.22,0.22,0.22,0.12,0.0554918065351681,5,2,1,"3) # of groups=5",3
"49010F",1.37818073856646,5,0.277775344725278,4,2.22480389809556,6,0.248591821383686,10,0.224477364440156,5,0.22,0.22,0.22,0.22,0.12,0.22,0.22,0.22,0.22,0.12,0.935394680342435,5,2,1,"3) # of groups=5",5
"490110",-0.143973675863309,7,-0.192404208586223,7,-0.28854693674836,8,0.451445053957546,15,-0.0416463251987023,8,0.22,0.22,0.22,0.22,0.12,0.22,0.22,0.22,0.22,0.12,-0.0431631078167204,5,2,1,"3) # of groups=5",3
"490111",-0.817557783553469,5,0.708886209054306,2,0.492673835792991,6,0.214761793280274,15,-0.361472736779568,9,0.22,0.22,0.22,0.22,0.12,0.22,0.22,0.22,0.22,0.12,0.0883513635927543,4,1,1,"2) # of groups=4",3
"490112",0.827953778399541,8,0.286987679264293,8,0.0585267718758925,9,-0.698858811737515,15,0.715087992264633,9,0.22,0.22,0.22,0.22,0.12,0.22,0.22,0.22,0.22,0.12,0.190224630988242,5,2,1,"3) # of groups=5",4
"490113",0.38007842371388,7,-0.0635941960395497,6,-0.236010636030891,7,-0.30249479767459,15,-0.243771130191483,8,0.22,0.22,0.22,0.22,0.12,0.22,0.22,0.22,0.22,0.12,-0.0780972009498311,5,2,1,"3) # of groups=5",3
"490114",-0.14239649686438,5,0.573297304814323,3,-0.528968599144884,7,0.737673389756238,5,0.66508827442845,9,0.22,0.22,0.22,0.22,0.12,0.22,0.22,0.22,0.22,0.12,0.220523824614899,5,2,1,"3) # of groups=5",4
"490115",-0.815652240774274,5,-0.265554471988239,2,0.00578316786383779,6,-0.65384740013552,15,-0.272894573370148,8,0.22,0.22,0.22,0.22,0.12,0.22,0.22,0.22,0.22,0.12,-0.413186956711941,4,1,1,"2) # of groups=4",2
"490116",-0.0529495576054043,5,0.708886209054306,2,-0.00203160949490071,6,1.10342907559081,15,0.98229722059988,8,0.22,0.22,0.22,0.22,0.12,0.22,0.22,0.22,0.22,0.12,0.504489172331844,4,1,1,"2) # of groups=4",4
"490117",-0.51885828267067,2,NA,0,-1.98476110340703,3,NA,0,0.329598769436739,6,0.22,0.22,0.22,0.22,0.12,0.392857142857143,NA,0.392857142857143,NA,0.214285714285714,-0.912936451079795,2,0,0,"",NA
"490118",-0.0935296189875987,8,0.926523666944903,8,0.220003958625022,11,-0.233165180784881,15,-0.0382232652186479,10,0.22,0.22,0.22,0.22,0.12,0.22,0.22,0.22,0.22,0.12,0.1757764298492,5,2,1,"3) # of groups=5",4
"490119",1.06807831870615,7,0.508670358087415,7,-0.193825083007808,8,0.452577866529621,15,0.478821565855562,10,0.22,0.22,0.22,0.22,0.12,0.22,0.22,0.22,0.22,0.12,0.461268909172051,5,2,1,"3) # of groups=5",5
"49011F",1.41897052543821,5,-0.700106297239511,3,1.92376850537344,6,1.5827511890013,10,0.809034789501627,4,0.22,0.22,0.22,0.22,0.12,0.22,0.22,0.22,0.22,0.12,1.02666863770635,5,2,1,"3) # of groups=5",4
"490120",0.905125427164181,7,-0.232701429870748,8,-0.351941957905906,8,-0.625152379843337,15,-0.420800291037472,8,0.22,0.22,0.22,0.22,0.12,0.22,0.22,0.22,0.22,0.12,-0.117523509824775,5,2,1,"3) # of groups=5",3
"490122",1.10323508198776,7,0.00696482346080988,7,-0.156617425630242,7,-0.12987302100385,15,-0.188096390705457,10,0.22,0.22,0.22,0.22,0.12,0.22,0.22,0.22,0.22,0.12,0.15864451405453,5,2,1,"3) # of groups=5",4
"490126",0.0435848980461484,5,0.832288352275067,2,0.809138306222601,6,0.676464506848993,15,0.275223192894403,9,0.22,0.22,0.22,0.22,0.12,0.22,0.22,0.22,0.22,0.12,0.552551517093746,4,1,1,"2) # of groups=4",4
"490127",0.66449979819162,3,-0.0817171036210529,2,0.812035667845061,4,1.37458930428705,15,-1.01414498188862,7,0.22,0.22,0.22,0.22,0.12,0.22,0.22,0.22,0.22,0.12,0.487572288847955,4,1,1,"2) # of groups=4",4
"490130",0.0767824731888976,6,-0.434947038111199,3,1.00956140102755,7,1.06528887964802,15,0.549166773848604,8,0.22,0.22,0.22,0.22,0.12,0.22,0.22,0.22,0.22,0.12,0.443570870327552,5,2,1,"3) # of groups=5",4
"490136",0.3790457242055,7,-0.36458583843875,7,-0.620174434437133,8,-0.236864001106362,15,0.799201708947242,10,0.22,0.22,0.22,0.22,0.12,0.22,0.22,0.22,0.22,0.12,-0.0894630758772149,5,2,1,"3) # of groups=5",3
"490140",0.823625765763546,6,0.872332142639931,3,-0.807656828035469,6,0.0526711584913724,15,0.312147731831664,8,0.22,0.22,0.22,0.22,0.12,0.22,0.22,0.22,0.22,0.12,0.244471620368863,5,2,1,"3) # of groups=5",4
"490141",0.07638881125226,6,0.0380710050255436,6,-0.205753985302008,8,-1.15698186364623,15,0.272638614194334,8,0.22,0.22,0.22,0.22,0.12,0.22,0.22,0.22,0.22,0.12,-0.241904093484175,5,2,1,"3) # of groups=5",3
"490143",0.786378102291236,6,0.600825627049512,3,0.903032250495019,7,0.665996014409624,15,1.02958647747473,7,0.22,0.22,0.22,0.22,0.12,0.22,0.22,0.22,0.22,0.12,0.773921416030954,5,2,1,"3) # of groups=5",5
"490144",-1.66848380525718,5,0.688920969683428,4,0.829973882517,7,0.77852279317378,15,-0.198522355378053,8,0.22,0.22,0.22,0.22,0.12,0.22,0.22,0.22,0.22,0.12,0.11454276218038,5,2,1,"3) # of groups=5",4
"490145",0.168736552133444,4,0.664853356236351,4,-0.635155637474184,6,0.249912393573299,15,0.978846389320022,8,0.22,0.22,0.22,0.22,0.12,0.22,0.22,0.22,0.22,0.12,0.216097832901563,5,2,1,"3) # of groups=5",4
"491300",-0.43922297439704,2,NA,0,-0.247430350042381,2,1.60972228910862,5,0.621795137640696,2,0.22,0.22,0.22,0.22,0.12,0.282051282051282,NA,0.282051282051282,0.282051282051282,0.153846153846154,0.356013575312958,1,0,0,"",NA
"491302",0.179851534118493,4,1.15927422234555,1,-1.29354416719245,5,1.17384744715033,15,0.681480692260872,6,0.22,0.22,0.22,0.22,0.12,0.22,0.22,0.22,0.22,0.12,0.350052071084128,4,1,1,"2) # of groups=4",4
"491303",NA,0,NA,0,NA,0,NA,0,1.54219782436161,4,0.22,0.22,0.22,0.22,0.12,NA,NA,NA,NA,1,1.54219782436161,1,0,0,"",NA
"491304",0.0489709612477893,5,-0.466093993362557,1,-0.0245806232068398,6,0.213270453500312,15,0.580508821069015,6,0.22,0.22,0.22,0.22,0.12,0.22,0.22,0.22,0.22,0.12,0.0194057541275968,4,1,1,"2) # of groups=4",3
"491305",-0.274990353190732,4,0.0896590563383268,1,0.565027880818369,6,0.912447761001381,15,-1.6232553551473,8,0.22,0.22,0.22,0.22,0.12,0.22,0.22,0.22,0.22,0.12,0.0894811132751399,4,1,1,"2) # of groups=4",3
"491307",1.15715315457058,3,1.15927422234555,1,-0.0443882415159526,4,1.31614575694654,10,-0.221990531040672,6,0.22,0.22,0.22,0.22,0.12,0.22,0.22,0.22,0.22,0.12,0.762761812591397,4,1,1,"2) # of groups=4",5
"491308",0.892792393085915,5,-0.952028820739208,1,0.970110226280283,8,1.36356945110218,5,1.0002365824488,9,0.22,0.22,0.22,0.22,0.12,0.22,0.22,0.22,0.22,0.12,0.620405904834273,4,1,1,"2) # of groups=4",4
"491309",1.12256950126318,1,NA,0,-0.547858044891677,1,NA,0,1.17882747148939,7,0.22,0.22,0.22,0.22,0.12,0.392857142857143,NA,0.392857142857143,NA,0.214285714285714,0.478385387465103,1,0,0,"",NA
"500002",-0.771733141261593,7,0.324566602657808,7,0.371107712470333,10,-0.0400743124368239,15,-0.863116247293979,10,0.22,0.22,0.22,0.22,0.12,0.22,0.22,0.22,0.22,0.12,-0.129123240160738,5,2,1,"3) # of groups=5",3
"500003",-0.64155521373919,7,-0.69331668620476,6,0.223800523451343,10,0.00131787462957327,15,-0.197289046313103,10,0.22,0.22,0.22,0.22,0.12,0.22,0.22,0.22,0.22,0.12,-0.26782045596744,5,2,1,"3) # of groups=5",3
"500005",0.934604081616084,8,0.987059778408141,8,0.584482884168865,11,0.278055154053446,15,-0.420516887264091,9,0.22,0.22,0.22,0.22,0.12,0.22,0.22,0.22,0.22,0.12,0.562062391142547,5,2,1,"3) # of groups=5",5
"500007",-0.626609238329359,5,-0.0956305081202923,4,0.619890397481245,8,1.02214999746591,15,0.128961221388697,10,0.22,0.22,0.22,0.22,0.12,0.22,0.22,0.22,0.22,0.12,0.217831489236094,5,2,1,"3) # of groups=5",4
"500008",0.275787966500012,8,-0.365386544452384,8,0.557285913949882,11,0.533819432592754,15,-0.406292965950245,10,0.22,0.22,0.22,0.22,0.12,0.22,0.22,0.22,0.22,0.12,0.171576333175829,5,2,1,"3) # of groups=5",4
"500011",0.728613044270493,6,0.3311302771524,6,0.452432703637977,8,-0.904062714353284,15,0.29746483030548,8,0.22,0.22,0.22,0.22,0.12,0.22,0.22,0.22,0.22,0.12,0.169480707992327,5,2,1,"3) # of groups=5",4
"500014",-0.400316503702966,8,0.508929629048054,8,0.893865864321171,9,-0.366770149984848,15,0.0394200001612647,9,0.22,0.22,0.22,0.22,0.12,0.22,0.22,0.22,0.22,0.12,0.144586344749262,5,2,1,"3) # of groups=5",4
"500015",-0.707066571132871,6,0.521352046696307,6,-0.395933927550473,8,-1.3193969475129,15,-0.0856194411931111,7,0.22,0.22,0.22,0.22,0.12,0.22,0.22,0.22,0.22,0.12,-0.428504320833159,5,2,1,"3) # of groups=5",2
"500016",-0.398119137077409,8,0.0117635787147419,7,-0.126098973549523,11,0.455409436827211,15,0.622958311073293,9,0.22,0.22,0.22,0.22,0.12,0.22,0.22,0.22,0.22,0.12,0.0622050764100998,5,2,1,"3) # of groups=5",3
"500019",0.259655154684374,6,-0.374017910566416,7,0.0717706067745812,9,-0.367059461919851,15,-0.622755713069103,9,0.22,0.22,0.22,0.22,0.12,0.22,0.22,0.22,0.22,0.12,-0.164854039994301,5,2,1,"3) # of groups=5",3
"500021",0.683230746815782,5,0.179782114653877,6,1.29273749227435,7,-0.538258202075266,15,0.372509658557353,8,0.22,0.22,0.22,0.22,0.12,0.22,0.22,0.22,0.22,0.12,0.400549432394006,5,2,1,"3) # of groups=5",4
"500024",-0.462041563731701,8,0.0363707092059052,8,-0.291787396255005,9,0.314080681728113,15,0.0189545040633509,9,0.22,0.22,0.22,0.22,0.12,0.22,0.22,0.22,0.22,0.12,-0.0864685247039892,5,2,1,"3) # of groups=5",3
"500025",1.02196906545227,7,-0.231707733729639,5,1.00154282132055,6,0.294431506763077,15,-0.793737085394835,7,0.22,0.22,0.22,0.22,0.12,0.22,0.22,0.22,0.22,0.12,0.363723394909997,5,2,1,"3) # of groups=5",4
"500026",0.0310972565118962,6,-0.179915918882337,6,-0.00561290133744414,7,-0.825038492860526,15,0.186892626984686,9,0.22,0.22,0.22,0.22,0.12,0.22,0.22,0.22,0.22,0.12,-0.193056297206888,5,2,1,"3) # of groups=5",3
"500027",1.17656515227927,7,-0.278022659997001,8,0.577147850628889,9,-0.328311074120236,15,0.216055270237626,8,0.22,0.22,0.22,0.22,0.12,0.22,0.22,0.22,0.22,0.12,0.278350071562518,5,2,1,"3) # of groups=5",4
"500030",0.558589017373057,8,0.472103866527257,7,0.351607379005874,11,-0.819772660462614,15,-0.0292716798327244,9,0.22,0.22,0.22,0.22,0.12,0.22,0.22,0.22,0.22,0.12,0.120243470957659,5,2,1,"3) # of groups=5",4
"500031",-0.719025431881591,7,0.3262335555528,4,0.268064844962949,8,-1.12715092418672,15,0.714556851162046,10,0.22,0.22,0.22,0.22,0.12,0.22,0.22,0.22,0.22,0.12,-0.189666328082118,5,2,1,"3) # of groups=5",3
"500033",-2.23740393891932,5,0.12272602875569,2,1.15324850170831,6,-0.437212794619293,15,0.276114825974457,8,0.22,0.22,0.22,0.22,0.12,0.22,0.22,0.22,0.22,0.12,-0.27456750555948,4,1,1,"2) # of groups=4",2
"500036",-1.41010315475527,7,-0.0195201863333221,6,0.0623153794774545,10,-1.70451981144206,15,-0.551327463240064,10,0.22,0.22,0.22,0.22,0.12,0.22,0.22,0.22,0.22,0.12,-0.741961405660511,5,2,1,"3) # of groups=5",1
"500037",-0.347158529758933,2,0.0733949809319144,1,-0.839806182014143,4,NA,0,0.165987356084092,7,0.22,0.22,0.22,0.22,0.12,0.282051282051282,0.282051282051282,0.282051282051282,NA,0.153846153846154,-0.288547253916621,2,0,0,"",NA
"500039",0.906126872667122,8,0.343456061853493,7,0.434145500216554,11,0.105003657825242,15,0.0533684632264798,10,0.22,0.22,0.22,0.22,0.12,0.22,0.22,0.22,0.22,0.12,0.399925275950908,5,2,1,"3) # of groups=5",4
"500041",0.140185319960708,7,0.588673651390873,7,1.14549290033068,10,-0.145455007046482,15,0.175241532275614,9,0.22,0.22,0.22,0.22,0.12,0.22,0.22,0.22,0.22,0.12,0.401386294092945,5,2,1,"3) # of groups=5",4
"500044",-0.382019465182414,8,-0.152254443227323,7,0.77654875452542,11,-0.30564593090367,15,0.0859365589513573,9,0.22,0.22,0.22,0.22,0.12,0.22,0.22,0.22,0.22,0.12,-0.00362925157919424,5,2,1,"3) # of groups=5",3
"500050",0.112572229822776,8,0.252190671064877,7,0.557371008062933,11,-0.791473797512754,15,-0.800530056921076,9,0.22,0.22,0.22,0.22,0.12,0.22,0.22,0.22,0.22,0.12,-0.0673183823142061,5,2,1,"3) # of groups=5",3
"500051",-1.10331823326619,8,-0.509057630608364,8,0.227918780613909,11,0.0226266299609578,15,-0.732849362827589,9,0.22,0.22,0.22,0.22,0.12,0.22,0.22,0.22,0.22,0.12,-0.387544623265242,5,2,1,"3) # of groups=5",2
"500052",NA,0,0.0733949809319144,1,NA,0,-0.377000556264642,15,1.30772467293373,1,0.22,0.22,0.22,0.22,0.12,NA,0.392857142857143,NA,0.392857142857143,0.214285714285714,0.160953096747942,1,0,0,"",NA
"500053",-1.35792989768231,6,0.336540417059593,5,0.0085056179030325,10,-0.586357406920654,15,-0.540124107455768,9,0.22,0.22,0.22,0.22,0.12,0.22,0.22,0.22,0.22,0.12,-0.416647972215567,5,2,1,"3) # of groups=5",2
"500054",-0.629853973236395,8,-0.699984871666723,8,0.834907899839756,11,-0.091806629415635,15,-0.613669754517894,9,0.22,0.22,0.22,0.22,0.12,0.22,0.22,0.22,0.22,0.12,-0.202722636927527,5,2,1,"3) # of groups=5",3
"500058",0.199044282749044,8,-0.093785996366595,8,1.05039427773708,11,-0.0844600467927573,15,-0.206314700974816,10,0.22,0.22,0.22,0.22,0.12,0.22,0.22,0.22,0.22,0.12,0.210904589694912,5,2,1,"3) # of groups=5",4
"500060",0.221311182820522,3,0.178118972106542,3,0.764343709662962,5,-0.408643598271102,15,-0.575811973813443,8,0.22,0.22,0.22,0.22,0.12,0.22,0.22,0.22,0.22,0.12,0.0970312217325501,5,2,1,"3) # of groups=5",4
"500064",-0.124855965484167,7,-0.922054982427633,6,0.719029164019041,6,-1.13185955000696,15,-1.24141354636094,8,0.22,0.22,0.22,0.22,0.12,0.22,0.22,0.22,0.22,0.12,-0.470112719021251,5,2,1,"3) # of groups=5",2
"500072",-1.98906757060567,6,0.686567469655054,4,1.37286854316856,8,-0.249040469242128,15,-0.393370220663251,10,0.22,0.22,0.22,0.22,0.12,0.22,0.22,0.22,0.22,0.12,-0.0865122724249105,5,2,1,"3) # of groups=5",3
"500077",-0.242805874495157,7,-0.686331004917543,6,1.43943853892347,8,-0.429513276871437,15,-1.18192128570194,9,0.22,0.22,0.22,0.22,0.12,0.22,0.22,0.22,0.22,0.12,-0.12405711010358,5,2,1,"3) # of groups=5",3
"500079",-0.871091535918209,7,-0.0686383109080342,7,-0.563850553010202,8,-0.962291640430104,15,0.18309513567904,8,0.22,0.22,0.22,0.22,0.12,0.22,0.22,0.22,0.22,0.12,-0.520520432577156,5,2,1,"3) # of groups=5",2
"500084",-0.355066178270242,3,0.258498195763056,1,0.409659719251958,5,-0.356059105657495,15,-0.113194202641084,7,0.22,0.22,0.22,0.22,0.12,0.22,0.22,0.22,0.22,0.12,-0.0230361254777291,4,1,1,"2) # of groups=4",3
"500088",-0.820898373656784,7,-1.20105006199276,6,0.445030595461553,9,0.2160131441291,15,-0.641813312977936,10,0.22,0.22,0.22,0.22,0.12,0.22,0.22,0.22,0.22,0.12,-0.376416630690308,5,2,1,"3) # of groups=5",2
"500108",-0.180455791273904,8,0.812087794536505,7,-0.00502127624507263,10,-0.550754817151774,15,-0.195354858286911,9,0.22,0.22,0.22,0.22,0.12,0.22,0.22,0.22,0.22,0.12,-0.00675428282396337,5,2,1,"3) # of groups=5",3
"500119",-0.0163080358106674,7,0.350117391116009,7,1.96843396984778,7,0.164772481144814,15,0.126917696778185,9,0.22,0.22,0.22,0.22,0.12,0.22,0.22,0.22,0.22,0.12,0.557973600998928,5,2,1,"3) # of groups=5",5
"50011F",0.219065401394755,3,NA,0,0.786765414675332,4,1.75446240862168,10,-0.759178096002682,3,0.22,0.22,0.22,0.22,0.12,0.282051282051282,NA,0.282051282051282,0.282051282051282,0.153846153846154,0.661747612707522,4,1,1,"2) # of groups=4",4
"500124",1.17155050132557,7,0.240458806085086,7,0.505708238286573,10,0.356793385340489,15,0.265196632833398,8,0.22,0.22,0.22,0.22,0.12,0.22,0.22,0.22,0.22,0.12,0.532216000768306,5,2,1,"3) # of groups=5",5
"500129",-0.695236910661232,8,-0.348072611553349,8,-0.852078147875502,11,-0.520339906738451,15,-0.184052476969009,8,0.22,0.22,0.22,0.22,0.12,0.22,0.22,0.22,0.22,0.12,-0.553546364138559,5,2,1,"3) # of groups=5",2
"500139",-0.657473859942114,7,-0.00551242514164893,7,-0.319996517668069,8,-0.0900288263341844,15,0.212811943258099,7,0.22,0.22,0.22,0.22,0.12,0.22,0.22,0.22,0.22,0.12,-0.210525125207952,5,2,1,"3) # of groups=5",3
"500141",0.355285010701794,7,0.411689868942393,6,0.209185220793415,7,-0.444861773333508,15,-0.0571222364217927,8,0.22,0.22,0.22,0.22,0.12,0.22,0.22,0.22,0.22,0.12,0.110030963592286,5,2,1,"3) # of groups=5",4
"500150",0.497673047198678,7,-0.290698051486581,7,0.653334613071978,10,0.660421672975054,15,-1.13811615913246,9,0.22,0.22,0.22,0.22,0.12,0.22,0.22,0.22,0.22,0.12,0.197986942891113,5,2,1,"3) # of groups=5",4
"500151",0.872227288879869,6,0.763365817583054,5,0.376202199199384,8,0.384497439836282,15,0.284702547142667,9,0.22,0.22,0.22,0.22,0.12,0.22,0.22,0.22,0.22,0.12,0.56134870966681,5,2,1,"3) # of groups=5",5
"500152",0.60581596940594,7,-0.226833816703413,6,0.584019708659063,7,0.260089400726248,15,0.438534255656869,9,0.22,0.22,0.22,0.22,0.12,0.22,0.22,0.22,0.22,0.12,0.321704188338149,5,2,1,"3) # of groups=5",4
"500154",1.12618561541093,5,-0.656758219607664,2,-0.0603306179023379,6,-0.366128556531353,15,0.266074900567956,7,0.22,0.22,0.22,0.22,0.12,0.22,0.22,0.22,0.22,0.12,0.0413819967694612,4,1,1,"2) # of groups=4",3
"50030F",1.05180674777223,5,-0.643805800430919,3,0.23682038000497,5,0.193189506419875,10,0.369468794830859,4,0.22,0.22,0.22,0.22,0.12,0.22,0.22,0.22,0.22,0.12,0.228698638808257,5,2,1,"3) # of groups=5",4
"501302",-0.573254078264098,1,NA,0,0.204581265476417,1,NA,0,-0.0983729472867256,4,0.22,0.22,0.22,0.22,0.12,0.392857142857143,NA,0.392857142857143,NA,0.214285714285714,-0.165915665156602,1,0,0,"",NA
"501303",-2.3663903538916,2,NA,0,0.358219577552296,2,0.0684398590079797,5,-0.12158415359636,5,0.22,0.22,0.22,0.22,0.12,0.282051282051282,NA,0.282051282051282,0.282051282051282,0.153846153846154,-0.565808846467249,2,0,0,"",NA
"501304",-0.870427651910575,4,NA,0,-0.8302255152625,4,NA,0,0.468620746067727,5,0.22,0.22,0.22,0.22,0.12,0.392857142857143,NA,0.392857142857143,NA,0.214285714285714,-0.567695012946338,3,1,1,"1) # of groups=3",2
"501305",-0.244507110325776,2,1.15927422234555,1,0.699891173658742,2,NA,0,-0.0950365795114388,1,0.22,0.22,0.22,0.22,0.12,0.282051282051282,0.282051282051282,0.282051282051282,NA,0.153846153846154,0.440795427317822,0,0,0,"",NA
"501307",NA,0,NA,0,NA,0,NA,0,1.12137059304274,2,0.22,0.22,0.22,0.22,0.12,NA,NA,NA,NA,1,1.12137059304274,0,0,0,"",NA
"501308",-2.00148716187932,2,1.16260436061262,2,-0.0462318379796146,1,0.280363684922229,5,-0.789772461388039,7,0.22,0.22,0.22,0.22,0.12,0.22,0.22,0.22,0.22,0.12,-0.227817905317864,2,0,0,"",NA
"501309",0.172478003888443,2,NA,0,-0.0223660279476771,2,NA,0,-0.474174523637612,5,0.22,0.22,0.22,0.22,0.12,0.392857142857143,NA,0.392857142857143,NA,0.214285714285714,-0.0426362645170445,1,0,0,"",NA
"501310",-1.30489503322503,3,NA,0,2.02070139122508,2,NA,0,-0.786737395611262,3,0.22,0.22,0.22,0.22,0.12,0.392857142857143,NA,0.392857142857143,NA,0.214285714285714,0.112623055869035,2,1,0,"",NA
"501311",NA,0,NA,0,NA,0,NA,0,-0.696219973416511,1,0.22,0.22,0.22,0.22,0.12,NA,NA,NA,NA,1,-0.696219973416511,0,0,0,"",NA
"501312",0.168450278102494,4,-2.18021054366692,2,0.305435575890044,4,0.969082971307794,10,1.14063158139254,7,0.22,0.22,0.22,0.22,0.12,0.22,0.22,0.22,0.22,0.12,-0.0253173882735446,4,1,1,"2) # of groups=4",3
"501313",NA,0,NA,0,0.204581265476417,1,NA,0,-2.09493590398191,2,0.22,0.22,0.22,0.22,0.12,NA,NA,0.647058823529412,NA,0.352941176470588,-0.607013029626522,0,0,0,"",NA
"501314",-1.66748722281087,3,NA,0,0.382627102074508,3,NA,0,0.0149198751074349,6,0.22,0.22,0.22,0.22,0.12,0.392857142857143,NA,0.392857142857143,NA,0.214285714285714,-0.50156935990912,3,1,1,"1) # of groups=3",2
"501315",0.880308989902137,1,NA,0,0.614232734737539,2,NA,0,-0.141896087588713,3,0.22,0.22,0.22,0.22,0.12,0.392857142857143,NA,0.392857142857143,NA,0.214285714285714,0.556735087339434,1,0,0,"",NA
"501316",-0.815514589625137,1,NA,0,0.204581265476417,1,1.80830741290385,5,-2.88108896331849,4,0.22,0.22,0.22,0.22,0.12,0.282051282051282,NA,0.282051282051282,0.282051282051282,0.153846153846154,-0.105523559066782,2,0,0,"",NA
"501317",0.580388568278334,2,NA,0,1.45864678275657,1,NA,0,-2.79379535201111,5,0.22,0.22,0.22,0.22,0.12,0.392857142857143,NA,0.392857142857143,NA,0.214285714285714,0.202379169618475,1,0,0,"",NA
"501318",NA,0,NA,0,NA,0,NA,0,2.4743967183966,3,0.22,0.22,0.22,0.22,0.12,NA,NA,NA,NA,1,2.4743967183966,1,0,0,"",NA
"501319",NA,0,NA,0,-0.297044941435646,1,NA,0,-0.849625424979505,6,0.22,0.22,0.22,0.22,0.12,NA,NA,0.647058823529412,NA,0.352941176470588,-0.492073347392302,1,0,0,"",NA
"501320",NA,0,NA,0,NA,0,NA,0,-0.352687790697647,2,0.22,0.22,0.22,0.22,0.12,NA,NA,NA,NA,1,-0.352687790697647,0,0,0,"",NA
"501321",0.075876284338171,2,NA,0,-0.0149322308908194,2,NA,0,0.256924904114102,5,0.22,0.22,0.22,0.22,0.12,0.392857142857143,NA,0.392857142857143,NA,0.214285714285714,0.0789976433073385,1,0,0,"",NA
"501322",-0.330993566903058,1,NA,0,0.455394368932441,1,NA,0,-1.02673129879691,2,0.22,0.22,0.22,0.22,0.12,0.392857142857143,NA,0.392857142857143,NA,0.214285714285714,-0.171142106087794,0,0,0,"",NA
"501323",-0.808402079914343,5,0.607199987896858,2,-0.201659550448579,7,1.15722552319652,15,0.415893568710094,8,0.22,0.22,0.22,0.22,0.12,0.22,0.22,0.22,0.22,0.12,0.215867282005912,4,1,1,"2) # of groups=4",3
"501324",0.153527455819019,1,NA,0,-0.297044941435646,1,NA,0,-1.1795608154593,2,0.22,0.22,0.22,0.22,0.12,0.392857142857143,NA,0.392857142857143,NA,0.214285714285714,-0.309144901233525,0,0,0,"",NA
"501325",-1.05777510098618,1,NA,0,0.431817905805178,3,NA,0,-0.965351112517177,6,0.22,0.22,0.22,0.22,0.12,0.392857142857143,NA,0.392857142857143,NA,0.214285714285714,-0.452772707931931,2,0,0,"",NA
"501326",-1.75529781733118,4,1.15927422234555,1,0.478353524374502,4,1.16069913117821,5,-0.97236059054185,9,0.22,0.22,0.22,0.22,0.12,0.22,0.22,0.22,0.22,0.12,0.112783122459736,4,1,1,"2) # of groups=4",3
"501327",-0.645073578331477,3,NA,0,1.58679226952536,3,1.87073887969694,5,0.364750712829727,5,0.22,0.22,0.22,0.22,0.12,0.282051282051282,NA,0.282051282051282,0.282051282051282,0.153846153846154,0.849372757866088,4,1,1,"2) # of groups=4",5
"501328",-1.4158271446948,2,1.16593449887969,1,-0.665497107192048,2,NA,0,-1.90494684729095,8,0.22,0.22,0.22,0.22,0.12,0.282051282051282,0.282051282051282,0.282051282051282,NA,0.153846153846154,-0.551255599149345,1,0,0,"",NA
"501329",0.446608754371766,4,-1.33480370041737,2,0.35490137830771,8,0.678811783155877,15,0.248296936936366,9,0.22,0.22,0.22,0.22,0.12,0.22,0.22,0.22,0.22,0.12,0.0618096398243201,4,1,1,"2) # of groups=4",3
"501330",-0.659816667295242,3,-0.445461942511569,2,-0.210400573899949,4,-0.0166911799976014,10,0.703019854656052,7,0.22,0.22,0.22,0.22,0.12,0.22,0.22,0.22,0.22,0.12,-0.208759097456233,4,1,1,"2) # of groups=4",2
"501331",-0.236398774102678,4,-3.08288096607476,1,0.789546043551497,8,1.47279218265459,10,0.465769111423712,6,0.22,0.22,0.22,0.22,0.12,0.22,0.22,0.22,0.22,0.12,-0.176634839702852,4,1,1,"2) # of groups=4",2
"501332",-0.398120456539868,5,NA,0,1.28009765050798,8,1.59486064604207,10,-0.448132704971561,6,0.22,0.22,0.22,0.22,0.12,0.282051282051282,NA,0.282051282051282,0.282051282051282,0.153846153846154,0.629651795135452,4,1,1,"2) # of groups=4",4
"501333",-1.61652223943737,4,-1.75020903564761,1,0.0937310439078021,6,-0.245099277127279,15,1.31662006800308,8,0.22,0.22,0.22,0.22,0.12,0.22,0.22,0.22,0.22,0.12,-0.615987483666611,4,1,1,"2) # of groups=4",2
"501334",0.395787967180062,1,NA,0,0.432495257251615,2,NA,0,-0.680272329841445,6,0.22,0.22,0.22,0.22,0.12,0.392857142857143,NA,0.392857142857143,NA,0.214285714285714,0.179624338917849,1,0,0,"",NA
"501335",0.658187899416757,3,1.15927422234555,1,1.31493487164342,5,0.571158616630106,15,0.300785277252223,7,0.22,0.22,0.22,0.22,0.12,0.22,0.22,0.22,0.22,0.12,0.85087646747815,4,1,1,"2) # of groups=4",5
"501336",-2.10620535489656,6,-0.359970295429725,1,-0.825729057015213,4,0.516778285958478,15,0.142919784054415,6,0.22,0.22,0.22,0.22,0.12,0.22,0.22,0.22,0.22,0.12,-0.593377438617735,4,1,1,"2) # of groups=4",2
"501337",0.626797006817501,5,-0.668876793904759,2,0.885789089448489,7,-1.00506660343164,15,-0.0283348719191071,6,0.22,0.22,0.22,0.22,0.12,0.22,0.22,0.22,0.22,0.12,-0.0388987908657828,4,1,1,"2) # of groups=4",3
"501338",NA,0,-0.675548660335251,1,NA,0,NA,0,1.1276566624234,5,0.22,0.22,0.22,0.22,0.12,NA,0.647058823529412,NA,NA,0.352941176470588,-0.039123252302786,1,0,0,"",NA
"501339",-1.29192455586701,5,-2.24506229818398,1,1.09567765027148,8,0.392024885120329,10,0.78987640152507,3,0.22,0.22,0.22,0.22,0.12,0.22,0.22,0.22,0.22,0.12,-0.356057381922011,4,1,1,"2) # of groups=4",2
"501340",NA,0,NA,0,0.647988359834928,4,0.170165235539037,5,1.013605597004,5,0.22,0.22,0.22,0.22,0.12,NA,NA,0.392857142857143,0.392857142857143,0.214285714285714,0.538618683254915,3,0,0,"",NA
"510001",-0.0839034011443607,8,-0.84928003742887,8,0.705715426621379,11,0.314032353848181,15,-0.0918117617687302,9,0.22,0.22,0.22,0.22,0.12,0.22,0.22,0.22,0.22,0.12,0.00802674380494479,5,2,1,"3) # of groups=5",3
"510002",0.787834957330765,5,-0.5767849271589,3,-0.223817407513676,8,-1.41786421611871,15,-0.509721403168745,8,0.22,0.22,0.22,0.22,0.12,0.22,0.22,0.22,0.22,0.12,-0.375905518941564,5,2,1,"3) # of groups=5",2
"510006",0.91094906353527,7,0.145383994965512,7,-0.235773040592544,10,-0.250346333359575,15,0.164850732221714,10,0.22,0.22,0.22,0.22,0.12,0.22,0.22,0.22,0.22,0.12,0.145229098467312,5,2,1,"3) # of groups=5",4
"510007",-0.479112928199308,8,-0.668550202421572,7,0.642568181298971,11,-0.179330310203351,15,-0.305899019663374,10,0.22,0.22,0.22,0.22,0.12,0.22,0.22,0.22,0.22,0.12,-0.187281439455162,5,2,1,"3) # of groups=5",3
"510008",0.229530165222242,7,0.411540601470419,7,0.442069076821041,10,-0.686367685576834,15,-1.62824386021842,9,0.22,0.22,0.22,0.22,0.12,0.22,0.22,0.22,0.22,0.12,-0.108099388480099,5,2,1,"3) # of groups=5",3
"510012",-0.719650908791371,4,-1.05358675837436,2,-1.60256134179262,6,-1.04711919908784,15,0.426292489374195,7,0.22,0.22,0.22,0.22,0.12,0.22,0.22,0.22,0.22,0.12,-0.921886907045259,4,1,1,"2) # of groups=4",1
"510013",-0.782600192031336,6,0.531808960315814,2,-0.85349978538729,8,-0.243072044875976,15,0.26366060257213,9,0.22,0.22,0.22,0.22,0.12,0.22,0.22,0.22,0.22,0.12,-0.264780601326678,4,1,1,"2) # of groups=4",2
"510022",-0.122175101482004,8,-1.13073326744982,8,-0.578318033259527,11,-0.55422767000863,15,-0.509803817100315,10,0.22,0.22,0.22,0.22,0.12,0.22,0.22,0.22,0.22,0.12,-0.585976353936034,5,2,1,"3) # of groups=5",2
"510023",-0.0749063278544062,7,-0.739116504448106,6,-0.255142325345602,9,-1.32866882689855,15,-2.47313992013717,9,0.22,0.22,0.22,0.22,0.12,0.22,0.22,0.22,0.22,0.12,-0.824300267016727,5,2,1,"3) # of groups=5",1
"510024",-0.32054249680088,8,0.913913999150062,7,0.157711950671267,11,0.396108935093401,15,0.87060285582323,8,0.22,0.22,0.22,0.22,0.12,0.22,0.22,0.22,0.22,0.12,0.356854668083835,5,2,1,"3) # of groups=5",4
"510029",-0.172698031199031,7,-1.39035539168489,7,-0.924184803967826,10,-0.471877420900866,15,-0.905414198570379,9,0.22,0.22,0.22,0.22,0.12,0.22,0.22,0.22,0.22,0.12,-0.75965514633402,5,2,1,"3) # of groups=5",1
"51002F",1.28979622093589,3,0.320199267373437,1,1.72478298701873,4,1.94793479683022,10,-0.451734692400212,3,0.22,0.22,0.22,0.22,0.12,0.22,0.22,0.22,0.22,0.12,1.1079887567868,4,1,1,"2) # of groups=4",5
"510030",-1.46682830304697,6,-0.506169710004684,3,-0.187063971519453,8,-1.29985924430002,15,0.808195585516313,8,0.22,0.22,0.22,0.22,0.12,0.22,0.22,0.22,0.22,0.12,-0.66419920008969,5,2,1,"3) # of groups=5",2
"510038",-1.87987639896943,4,-0.257645056561282,3,-1.70135735586718,6,-0.279998339485698,15,1.26703031128278,7,0.22,0.22,0.22,0.22,0.12,0.22,0.22,0.22,0.22,0.12,-0.754109335840456,5,2,1,"3) # of groups=5",1
"51003F",1.40726318826469,3,0.65772234032465,3,0.509795799013834,5,1.32441620015579,10,-0.309719643816939,4,0.22,0.22,0.22,0.22,0.12,0.22,0.22,0.22,0.22,0.12,0.820657098848939,5,2,1,"3) # of groups=5",5
"510046",-0.888535832904884,7,-0.999138767363506,7,-0.398954910510125,10,-0.714798119890498,15,0.330923592324516,9,0.22,0.22,0.22,0.22,0.12,0.22,0.22,0.22,0.22,0.12,-0.620603247668241,5,2,1,"3) # of groups=5",2
"510048",1.10178558249388,4,-1.76302504061637,5,-0.514165717464179,6,-0.578234062670216,15,0.209997879550139,9,0.22,0.22,0.22,0.22,0.12,0.22,0.22,0.22,0.22,0.12,-0.360600886870498,5,2,1,"3) # of groups=5",2
"51004F",1.9087821915423,4,1.13410003780545,2,0.716534783673278,5,1.30096447656787,10,-1.51669313354986,4,0.22,0.22,0.22,0.22,0.12,0.22,0.22,0.22,0.22,0.12,0.931280751683574,4,1,1,"2) # of groups=4",5
"510050",-0.4776576967448,8,-0.345420790693577,7,-0.503593482728139,11,-0.85160699390917,15,0.622109284639181,9,0.22,0.22,0.22,0.22,0.12,0.22,0.22,0.22,0.22,0.12,-0.404568257939949,5,2,1,"3) # of groups=5",2
"510055",-1.00754364392346,7,-0.03255471825073,8,0.387374612799606,9,-0.42550902178684,15,0.147967529803967,8,0.22,0.22,0.22,0.22,0.12,0.22,0.22,0.22,0.22,0.12,-0.219455106079037,5,2,1,"3) # of groups=5",3
"510058",0.0965041594429816,8,-0.0456399016086819,7,-0.869710214484838,11,-0.125008279150711,15,-0.648071941125023,9,0.22,0.22,0.22,0.22,0.12,0.22,0.22,0.22,0.22,0.12,-0.285416564811278,5,2,1,"3) # of groups=5",2
"51005F",0.922430613275153,4,0.733043072337976,2,-0.166287926854898,5,0.909716834366025,10,-0.167173041255727,4,0.22,0.22,0.22,0.22,0.12,0.22,0.22,0.22,0.22,0.12,0.507697805536649,4,1,1,"2) # of groups=4",4
"510062",0.513747568389495,7,-0.0242041679555612,4,-0.721040182614838,7,-0.699164521179374,15,-0.179016834542003,8,0.22,0.22,0.22,0.22,0.12,0.22,0.22,0.22,0.22,0.12,-0.226227506884302,5,2,1,"3) # of groups=5",3
"510070",0.600099231246121,7,0.214760451034602,5,-0.495781658543576,7,-1.36066028195601,15,-0.887840499599502,9,0.22,0.22,0.22,0.22,0.12,0.22,0.22,0.22,0.22,0.12,-0.33568895676009,5,2,1,"3) # of groups=5",2
"510072",-0.0485583564701965,4,NA,0,-1.09559378822382,5,1.16479701889013,15,0.997474217116821,7,0.22,0.22,0.22,0.22,0.12,0.282051282051282,NA,0.282051282051282,0.282051282051282,0.153846153846154,0.159280485098928,4,1,1,"2) # of groups=4",3
"510086",0.462283162539256,2,1.15927422234555,1,-0.0462318379796146,1,1.96156576867055,10,-0.315679718161004,3,0.22,0.22,0.22,0.22,0.12,0.22,0.22,0.22,0.22,0.12,0.740234523247343,2,0,0,"",NA
"510091",NA,0,0.228897823684999,2,1.21256379614927,3,NA,0,0.519085737430304,2,0.22,0.22,0.22,0.22,0.12,NA,0.392857142857143,0.392857142857143,NA,0.214285714285714,0.677521151527099,1,0,0,"",NA
"510093",0.638048478541098,1,NA,0,-0.297044941435646,1,NA,0,2.14614998412497,6,0.22,0.22,0.22,0.22,0.12,0.392857142857143,NA,0.392857142857143,NA,0.214285714285714,0.593854957603921,1,0,0,"",NA
"511300",NA,0,NA,0,NA,0,NA,0,1.62618032504882,5,0.22,0.22,0.22,0.22,0.12,NA,NA,NA,NA,1,1.62618032504882,1,0,0,"",NA
"511301",NA,0,NA,0,NA,0,NA,0,2.74312474800667,2,0.22,0.22,0.22,0.22,0.12,NA,NA,NA,NA,1,2.74312474800667,0,0,0,"",NA
"511303",NA,0,NA,0,NA,0,NA,0,2.00326947419348,4,0.22,0.22,0.22,0.22,0.12,NA,NA,NA,NA,1,2.00326947419348,1,0,0,"",NA
"511304",NA,0,NA,0,NA,0,NA,0,0.238860783351358,4,0.22,0.22,0.22,0.22,0.12,NA,NA,NA,NA,1,0.238860783351358,1,0,0,"",NA
"511306",-0.330993566903058,1,NA,0,-0.297044941435646,1,NA,0,-0.0713303909917701,5,0.22,0.22,0.22,0.22,0.12,0.392857142857143,NA,0.392857142857143,NA,0.214285714285714,-0.262014497774156,1,0,0,"",NA
"511307",-1.19124402116036,1,NA,0,1.84033172734068,2,NA,0,0.914868437486849,6,0.22,0.22,0.22,0.22,0.12,0.392857142857143,NA,0.392857142857143,NA,0.214285714285714,0.451041978318022,1,0,0,"",NA
"511308",0.0928426956148142,2,NA,0,-0.415400432607934,2,-0.354814776448017,5,0.38186943800071,4,0.22,0.22,0.22,0.22,0.12,0.282051282051282,NA,0.282051282051282,0.282051282051282,0.153846153846154,-0.13230464153457,2,0,0,"",NA
"511309",0.666192738225566,4,1.15927422234555,1,0.299625963646464,3,1.94051203436551,15,0.142183682462032,7,0.22,0.22,0.22,0.22,0.12,0.22,0.22,0.22,0.22,0.12,0.911495132783724,4,1,1,"2) # of groups=4",5
"511310",NA,0,-3.78385591821004,1,-0.0462318379796146,1,NA,0,-0.0581777517939741,5,0.22,0.22,0.22,0.22,0.12,NA,0.392857142857143,0.392857142857143,NA,0.214285714285714,-1.5171439938875,1,0,0,"",NA
"511311",0.590551378740945,4,NA,0,1.39778994617892,4,1.54864446023116,15,0.582679824790662,6,0.22,0.22,0.22,0.22,0.12,0.282051282051282,NA,0.282051282051282,0.282051282051282,0.153846153846154,1.0872544252668,4,1,1,"2) # of groups=4",5
"511312",-1.49395002799771,2,NA,0,-1.64436622031426,2,1.39257403833391,15,1.87422843786772,6,0.22,0.22,0.22,0.22,0.12,0.282051282051282,NA,0.282051282051282,0.282051282051282,0.153846153846154,-0.204045991860316,2,0,0,"",NA
"511313",0.0185527618598495,3,1.16593449887969,1,0.375104732623929,3,1.76629399172925,15,-0.716937255159193,8,0.22,0.22,0.22,0.22,0.12,0.22,0.22,0.22,0.22,0.12,0.645662446101295,4,1,1,"2) # of groups=4",4
"511314",-2.06175118610979,2,NA,0,0.339239466377124,2,NA,0,1.94381087530173,4,0.22,0.22,0.22,0.22,0.12,0.392857142857143,NA,0.392857142857143,NA,0.214285714285714,-0.260170130901748,1,0,0,"",NA
"511315",0.0497463532656357,5,-4.89815474650478,1,-0.0766338497750463,6,0.7930859481715,15,0.646844593185758,9,0.22,0.22,0.22,0.22,0.12,0.22,0.22,0.22,0.22,0.12,-0.831409033683101,4,1,1,"2) # of groups=4",1
"511316",-0.171821764352106,4,-0.370603801627505,2,-0.283294737293837,4,1.52418689938335,10,-0.164492452322756,6,0.22,0.22,0.22,0.22,0.12,0.22,0.22,0.22,0.22,0.12,0.133923556865448,4,1,1,"2) # of groups=4",3
"511317",-0.0497912462545122,2,-0.504306111504909,2,-1.70877839205232,5,1.38016523981051,10,-0.531041899477263,7,0.22,0.22,0.22,0.22,0.12,0.22,0.22,0.22,0.22,0.12,-0.257921340137542,3,0,0,"",NA
"511318",-0.659979799569275,2,NA,0,0.706207472388479,1,NA,0,0.765886173390875,3,0.22,0.22,0.22,0.22,0.12,0.392857142857143,NA,0.392857142857143,NA,0.214285714285714,0.182279337191303,1,0,0,"",NA
"511319",-0.689913125495786,4,-2.64442252987858,1,-0.423606177281595,6,0.860734250355769,15,-1.26186961314635,8,0.22,0.22,0.22,0.22,0.12,0.22,0.22,0.22,0.22,0.12,-0.788810021683604,4,1,1,"2) # of groups=4",1
"511320",-1.16237362199093,4,0.465594080887361,2,0.324415050695989,4,1.14842277155358,10,0.538487947389345,6,0.22,0.22,0.22,0.22,0.12,0.22,0.22,0.22,0.22,0.12,0.235351375538841,4,1,1,"2) # of groups=4",3
"511321",-1.28472071317392,3,0.148306363090681,1,-0.742822839588518,6,1.52384378133114,15,-0.0194236988397302,7,0.22,0.22,0.22,0.22,0.12,0.22,0.22,0.22,0.22,0.12,-0.0805173936957033,4,1,1,"2) # of groups=4",3
"511322",-1.38057152160469,4,1.16260436061262,2,-2.14499020614637,4,0.477684236943293,15,1.07900946250938,7,0.22,0.22,0.22,0.22,0.12,0.22,0.22,0.22,0.22,0.12,-0.285278953141807,4,1,1,"2) # of groups=4",2
"520002",0.103901684373731,5,-0.0352701800684982,3,0.262252983900257,8,0.169394043042605,15,0.234462586689956,9,0.22,0.22,0.22,0.22,0.12,0.22,0.22,0.22,0.22,0.12,0.138196787277376,5,2,1,"3) # of groups=5",4
"520004",0.465780412536612,6,0.573817046208222,6,0.824353739203724,9,1.11963303481107,15,-0.00390275864115296,9,0.22,0.22,0.22,0.22,0.12,0.22,0.22,0.22,0.22,0.12,0.65592020017018,5,2,1,"3) # of groups=5",5
"520008",0.00592263454832653,8,0.351124054076586,7,0.0658415323016213,10,0.612174663204636,15,0.296338523767969,10,0.22,0.22,0.22,0.22,0.12,0.22,0.22,0.22,0.22,0.12,0.263274457361014,5,2,1,"3) # of groups=5",4
"520009",-0.390688881836187,7,-0.618904691412672,3,0.582473530347228,11,0.553237858455853,10,0.45186197960006,7,0.22,0.22,0.22,0.22,0.12,0.22,0.22,0.22,0.22,0.12,0.0819693569739361,5,2,1,"3) # of groups=5",4
"520011",0.196417953236541,4,-0.688300678686824,2,-1.55025051245443,7,0.117509970641858,15,0.679748454114492,9,0.22,0.22,0.22,0.22,0.12,0.22,0.22,0.22,0.22,0.12,-0.341847304304089,4,1,1,"2) # of groups=4",2
"520019",-0.369704377964609,6,-0.673031854396694,2,-0.0891297933828309,8,0.293949749276785,15,0.690175842571684,9,0.22,0.22,0.22,0.22,0.12,0.22,0.22,0.22,0.22,0.12,-0.101520479714215,4,1,1,"2) # of groups=4",3
"520021",-0.873095265372338,7,-0.716076067847115,6,-0.343752663409242,10,0.0914428067016813,15,0.232075790772909,8,0.22,0.22,0.22,0.22,0.12,0.22,0.22,0.22,0.22,0.12,-0.377276766891194,5,2,1,"3) # of groups=5",2
"520028",0.711247579254036,6,0.084935374942826,3,0.37501216650824,9,0.646488658548944,15,0.284424736827553,10,0.22,0.22,0.22,0.22,0.12,0.22,0.22,0.22,0.22,0.12,0.434021399855196,5,2,1,"3) # of groups=5",5
"52002F",-0.945958659857877,1,NA,0,1.91204221188885,2,NA,0,0.405949582076122,1,0.22,0.22,0.22,0.22,0.12,0.392857142857143,NA,0.392857142857143,NA,0.214285714285714,0.466522020171337,0,0,0,"",NA
"520030",-0.00558475445577544,8,0.0875222843811893,7,0.829593604467902,11,0.460807796167089,15,0.640766050963742,9,0.22,0.22,0.22,0.22,0.12,0.22,0.22,0.22,0.22,0.12,0.378806490838938,5,2,1,"3) # of groups=5",4
"520033",-0.637289569043314,5,-0.092449267482752,3,-0.202361169037644,8,0.336379868447373,15,-0.00450046010442432,9,0.22,0.22,0.22,0.22,0.12,0.22,0.22,0.22,0.22,0.12,-0.131598485378125,5,2,1,"3) # of groups=5",3
"520034",0.55687645456548,4,0.235649179678544,2,0.965056452849534,6,0.739958050511333,15,1.28346912203566,8,0.22,0.22,0.22,0.22,0.12,0.22,0.22,0.22,0.22,0.12,0.703475124917355,4,1,1,"2) # of groups=4",5
"520035",0.998026128274467,6,0.593129903594058,6,0.695160865922178,8,0.838895465427513,15,0.693723746238159,7,0.22,0.22,0.22,0.22,0.12,0.22,0.22,0.22,0.22,0.12,0.770793569456587,5,2,1,"3) # of groups=5",5
"520037",-0.349976242532746,8,-1.00563015455598,7,-1.72871886842978,11,-0.620483611586687,15,0.575367579619467,8,0.22,0.22,0.22,0.22,0.12,0.22,0.22,0.22,0.22,0.12,-0.746013843408806,5,2,1,"3) # of groups=5",1
"520038",-0.029441324680288,4,0.739736744859496,2,0.360804536716133,6,1.36388132247424,15,0.540931517778976,9,0.22,0.22,0.22,0.22,0.12,0.22,0.22,0.22,0.22,0.12,0.600607663594785,4,1,1,"2) # of groups=4",4
"52003F",0.929234889196192,5,-0.470208867253851,4,-2.27181158944697,6,0.938025025738864,10,0.260786144001709,5,0.22,0.22,0.22,0.22,0.12,0.22,0.22,0.22,0.22,0.12,-0.161152981908263,5,2,1,"3) # of groups=5",3
"520041",-0.383890811700082,5,0.708886209054306,2,-0.177349069881993,6,0.403487626670469,15,0.892122512660628,9,0.22,0.22,0.22,0.22,0.12,0.22,0.22,0.22,0.22,0.12,0.228304171430669,4,1,1,"2) # of groups=4",3
"520044",-0.608390722403397,4,0.0599682953865368,2,-0.569305992683458,5,0.624798899178394,15,0.188558324756152,8,0.22,0.22,0.22,0.22,0.12,0.22,0.22,0.22,0.22,0.12,-0.0858174955440851,4,1,1,"2) # of groups=4",3
"520045",-0.400884150398579,6,0.470622227771565,6,1.35573638945349,7,0.290175793499039,15,-0.125352510586611,7,0.22,0.22,0.22,0.22,0.12,0.22,0.22,0.22,0.22,0.12,0.36240075600122,5,2,1,"3) # of groups=5",4
"520049",-0.0458137243404349,8,-0.628128260479371,6,1.03042129049409,10,0.484358963491931,15,0.141348388463927,9,0.22,0.22,0.22,0.22,0.12,0.22,0.22,0.22,0.22,0.12,0.201946225832239,5,2,1,"3) # of groups=5",4
"52004F",1.69591475152737,4,0.593253336130508,4,-0.830790740154384,6,2.19717926769619,10,-0.00177645292690639,4,0.22,0.22,0.22,0.22,0.12,0.22,0.22,0.22,0.22,0.12,0.804009280992702,5,2,1,"3) # of groups=5",5
"520051",0.490426115777672,8,0.60544582035316,6,-0.193361123556053,10,-0.717381380496957,10,0.122111710430583,7,0.22,0.22,0.22,0.22,0.12,0.22,0.22,0.22,0.22,0.12,0.0553818803087908,5,2,1,"3) # of groups=5",3
"520057",0.243132885040892,4,-0.316306330630471,2,0.899883401377898,7,0.726455457654579,15,0.94800303244699,9,0.22,0.22,0.22,0.22,0.12,0.22,0.22,0.22,0.22,0.12,0.455456754851076,4,1,1,"2) # of groups=4",4
"520059",0.334864757619645,5,-0.81392284486145,4,0.859206572898875,6,0.384320686033628,15,0.216619445714438,9,0.22,0.22,0.22,0.22,0.12,0.22,0.22,0.22,0.22,0.12,0.194177551257686,5,2,1,"3) # of groups=5",4
"520062",0.27568987767062,6,1.11483741309465,3,1.16348746647029,9,0.675978269830055,15,1.0407761258644,7,0.22,0.22,0.22,0.22,0.12,0.22,0.22,0.22,0.22,0.12,0.835491601058163,5,2,1,"3) # of groups=5",5
"520063",0.3695735690936,5,-0.126751529935769,4,0.331006867714457,9,0.328668513989568,15,0.448746176869458,9,0.22,0.22,0.22,0.22,0.12,0.22,0.22,0.22,0.22,0.12,0.252398973813943,5,2,1,"3) # of groups=5",4
"520066",-0.18944586070389,7,0.122738355392565,7,-0.387133291432458,11,0.000664291543957416,15,0.16982819621505,9,0.22,0.22,0.22,0.22,0.12,0.22,0.22,0.22,0.22,0.12,-0.0793194475981556,5,2,1,"3) # of groups=5",3
"520070",1.13048193045207,8,0.296069288791618,7,0.219586901851002,11,0.89196589278662,15,0.0215726392999691,9,0.22,0.22,0.22,0.22,0.12,0.22,0.22,0.22,0.22,0.12,0.560971599769884,5,2,1,"3) # of groups=5",5
"520071",-0.395250317623511,4,0.678035673249115,2,0.899099226931924,6,0.233648477302681,15,1.25323020198802,9,0.22,0.22,0.22,0.22,0.12,0.22,0.22,0.22,0.22,0.12,0.461804897407808,4,1,1,"2) # of groups=4",4
"520075",-0.260177812746548,8,0.309677624225812,6,1.35383552150347,10,-0.0811183467886745,15,0.870590380525849,9,0.22,0.22,0.22,0.22,0.12,0.22,0.22,0.22,0.22,0.12,0.395358582625795,5,2,1,"3) # of groups=5",4
"520076",-1.60120164887052,4,0.133714575085166,2,-0.299880648018323,7,-0.56462423487895,15,0.685412631661981,8,0.22,0.22,0.22,0.22,0.12,0.22,0.22,0.22,0.22,0.12,-0.43078871467074,4,1,1,"2) # of groups=4",2
"520078",0.160147443558525,4,0.258498195763056,1,0.0630536065828698,8,-0.667080357095861,10,1.12266005546641,6,0.22,0.22,0.22,0.22,0.12,0.22,0.22,0.22,0.22,0.12,0.0939353621938589,4,1,1,"2) # of groups=4",3
"520083",0.426985849816437,8,0.185081676277031,8,0.552887612782498,11,0.048472373682405,15,0.588595220629071,9,0.22,0.22,0.22,0.22,0.12,0.22,0.22,0.22,0.22,0.12,0.33758547923833,5,2,1,"3) # of groups=5",4
"520087",-0.102740145175231,8,-0.378659918090889,7,-0.12390023388505,10,0.750644348981379,15,0.488053927083417,9,0.22,0.22,0.22,0.22,0.12,0.22,0.22,0.22,0.22,0.12,0.090542162652656,5,2,1,"3) # of groups=5",4
"520088",-0.256285194630438,7,0.90965147220522,6,0.55322802724358,10,0.306634932080204,15,0.65874758807131,9,0.22,0.22,0.22,0.22,0.12,0.22,0.22,0.22,0.22,0.12,0.411960142686242,5,2,1,"3) # of groups=5",4
"520089",1.57470269797782,7,-0.114158789074033,7,-0.200647861114208,9,0.841981067575479,15,0.880366846779423,8,0.22,0.22,0.22,0.22,0.12,0.22,0.22,0.22,0.22,0.12,0.568056986993844,5,2,1,"3) # of groups=5",5
"520091",-0.470306814854716,4,-1.06373797645798,1,0.933510811984917,5,1.58749781279528,15,0.672478189551129,7,0.22,0.22,0.22,0.22,0.12,0.22,0.22,0.22,0.22,0.12,0.297829426108986,4,1,1,"2) # of groups=4",4
"520095",0.636820008363277,4,0.825746578054466,2,1.24711760319,6,1.82263420336017,15,1.26341926496193,8,0.22,0.22,0.22,0.22,0.12,0.22,0.22,0.22,0.22,0.12,1.14872035824837,4,1,1,"2) # of groups=4",5
"520096",-0.514927727504425,6,-0.779658448166258,5,-0.0369088016824789,10,-0.902953727784477,10,0.518755814071053,7,0.22,0.22,0.22,0.22,0.12,0.22,0.22,0.22,0.22,0.12,-0.429328017441754,5,2,1,"3) # of groups=5",2
"520097",-0.251515373807426,6,-0.581976210476632,4,0.373235971839526,7,-0.35368442030266,15,0.925480487702439,8,0.22,0.22,0.22,0.22,0.12,0.22,0.22,0.22,0.22,0.12,-0.0680091486800895,5,2,1,"3) # of groups=5",3
"520098",1.22175323838915,8,-0.147133831380082,8,0.580370549371517,11,0.695834363534389,15,0.174583883005858,10,0.22,0.22,0.22,0.22,0.12,0.22,0.22,0.22,0.22,0.12,0.538131416341997,5,2,1,"3) # of groups=5",5
"520100",-0.68771283545394,6,0.536752436758762,6,0.428273989118668,9,-0.737927076628558,15,0.846539772969041,9,0.22,0.22,0.22,0.22,0.12,0.22,0.22,0.22,0.22,0.12,0.000249805791169969,5,2,1,"3) # of groups=5",3
"520102",0.747481761850728,5,0.10286788541639,4,0.967589122698189,6,0.369351361364951,15,1.05689386620808,9,0.22,0.22,0.22,0.22,0.12,0.22,0.22,0.22,0.22,0.12,0.608031092837626,5,2,1,"3) # of groups=5",5
"520103",0.495653313740598,6,0.23867358229472,7,-0.171713883825423,8,0.350895042118026,15,0.695675075892348,9,0.22,0.22,0.22,0.22,0.12,0.22,0.22,0.22,0.22,0.12,0.284452781059224,5,2,1,"3) # of groups=5",4
"520107",-0.0597096023285925,3,0.770587280664686,2,-0.254224501941378,7,0.715058197330831,15,-0.855039759123957,8,0.22,0.22,0.22,0.22,0.12,0.22,0.22,0.22,0.22,0.12,0.155171731124745,4,1,1,"2) # of groups=4",3
"520109",-0.0713048662315985,3,0.196797124152676,1,0.700817708765446,7,0.55405040316121,15,0.411764053983271,8,0.22,0.22,0.22,0.22,0.12,0.22,0.22,0.22,0.22,0.12,0.353090967844494,4,1,1,"2) # of groups=4",4
"520113",0.48221799288535,5,0.359181840881833,2,-0.692329563340272,8,0.67048930679655,15,1.08388184124897,9,0.22,0.22,0.22,0.22,0.12,0.22,0.22,0.22,0.22,0.12,0.310368927939038,4,1,1,"2) # of groups=4",4
"520116",-1.62458168672151,6,0.813317785196174,3,0.490116222297475,8,-0.144148752072208,15,0.859631712827398,8,0.22,0.22,0.22,0.22,0.12,0.22,0.22,0.22,0.22,0.12,0.000790590653272596,5,2,1,"3) # of groups=5",3
"520136",0.616770106913153,6,0.587817290418092,6,0.604356782529282,10,0.0201512540541447,10,0.616499896643841,7,0.22,0.22,0.22,0.22,0.12,0.22,0.22,0.22,0.22,0.12,0.476380983058489,5,2,1,"3) # of groups=5",5
"520138",1.82242015285844,8,-0.176913170779724,8,-1.00637661333117,11,-0.09790205071302,15,0.170634981884984,9,0.22,0.22,0.22,0.22,0.12,0.22,0.22,0.22,0.22,0.12,0.139546427793794,5,2,1,"3) # of groups=5",4
"520139",1.44273586875694,5,-0.568953694066631,7,-0.49694325971233,7,-0.11683148449632,15,0.606445958412713,8,0.22,0.22,0.22,0.22,0.12,0.22,0.22,0.22,0.22,0.12,0.129975149715491,5,2,1,"3) # of groups=5",4
"520160",-0.703627935474852,8,0.0732897010434972,7,1.90042319302717,11,0.335588476571691,15,0.411467078226893,9,0.22,0.22,0.22,0.22,0.12,0.22,0.22,0.22,0.22,0.12,0.402624205124079,5,2,1,"3) # of groups=5",4
"520177",1.13369262838271,8,-0.0491172337573695,7,-0.808841978197127,10,0.160719048233207,15,-0.527957062139772,9,0.22,0.22,0.22,0.22,0.12,0.22,0.22,0.22,0.22,0.12,0.0326646947687399,5,2,1,"3) # of groups=5",3
"520189",0.592896190938344,7,-0.600377745527292,6,0.299364219748938,6,0.606152598647478,15,0.0675436647215246,9,0.22,0.22,0.22,0.22,0.12,0.22,0.22,0.22,0.22,0.12,0.205672997804226,5,2,1,"3) # of groups=5",4
"520193",0.357775036214119,8,-0.127469623254656,8,0.130772333845556,11,0.933447587930792,15,1.10889176649646,8,0.22,0.22,0.22,0.22,0.12,0.22,0.22,0.22,0.22,0.12,0.417862585621454,5,2,1,"3) # of groups=5",4
"520194",0.880308989902137,1,1.25765407932713,2,2.51405701766429,3,2.29229166051751,15,-0.985102645351672,2,0.22,0.22,0.22,0.22,0.12,0.22,0.22,0.22,0.22,0.12,1.40953626698823,2,0,0,"",NA
"520196",0.395787967180062,1,-0.162230059216224,2,1.0897641150522,4,2.20853782829136,15,0.970283342483816,3,0.22,0.22,0.22,0.22,0.12,0.22,0.22,0.22,0.22,0.12,0.893443168385685,3,0,0,"",NA
"520198",0.418915033641214,6,-0.452145215275476,5,0.259956431392123,8,0.735044819557444,15,0.985730945371597,9,0.22,0.22,0.22,0.22,0.12,0.22,0.22,0.22,0.22,0.12,0.329877348693959,5,2,1,"3) # of groups=5",4
"520202",-0.200051605369918,6,-0.516377747913661,5,-0.826430240199371,9,0.651723368526168,15,1.13680946454993,7,0.22,0.22,0.22,0.22,0.12,0.22,0.22,0.22,0.22,0.12,-0.0596328337445005,5,2,1,"3) # of groups=5",3
"520205",0.395787967180062,1,-0.357718051516377,2,-1.24876073975381,3,1.96581693487164,10,1.70851360220378,1,0.22,0.22,0.22,0.22,0.12,0.22,0.22,0.22,0.22,0.12,0.371149376636387,2,0,0,"",NA
"520206",0.54878129638456,7,-0.109563975504716,6,0.614061354410105,7,0.966829821074458,15,0.478807737839694,9,0.22,0.22,0.22,0.22,0.12,0.22,0.22,0.22,0.22,0.12,0.501880797740933,5,2,1,"3) # of groups=5",5
"520207",1.37461548446642,8,0.121615650585889,7,-0.242077529414578,9,1.0088669019135,15,0.672507479665188,9,0.22,0.22,0.22,0.22,0.12,0.22,0.22,0.22,0.22,0.12,0.578565409221093,5,2,1,"3) # of groups=5",5
"520208",0.0493193453837926,5,0.472548397012145,2,0.957780401688197,8,0.15489071735576,15,1.09503416394797,7,0.22,0.22,0.22,0.22,0.12,0.22,0.22,0.22,0.22,0.12,0.491002649190533,4,1,1,"2) # of groups=4",4
"520210",0.0359179457222997,6,-1.30242267244864,3,0.295860656426842,9,0.0297695471207209,15,0.344384975311471,9,0.22,0.22,0.22,0.22,0.12,0.22,0.22,0.22,0.22,0.12,-0.165666198061955,5,2,1,"3) # of groups=5",3
"520212",0.136939033041939,4,0.493043085126224,3,0.557780264854451,7,1.3843841496344,15,0.291209615510942,9,0.22,0.22,0.22,0.22,0.12,0.22,0.22,0.22,0.22,0.12,0.600817391045856,5,2,1,"3) # of groups=5",5
"520213",1.85133517213908,2,NA,0,2.15842198794454,2,1.39943843184135,10,-0.443013135187062,7,0.22,0.22,0.22,0.22,0.12,0.282051282051282,NA,0.282051282051282,0.282051282051282,0.153846153846154,1.45751468461673,2,0,0,"",NA
"520214",NA,0,NA,0,-1.04948425180374,1,NA,0,1.55439043665059,4,0.22,0.22,0.22,0.22,0.12,NA,NA,0.647058823529412,NA,0.352941176470588,-0.130469655878682,1,0,0,"",NA
"520215",NA,0,NA,0,-0.754325946384557,4,NA,0,0.395707108441249,4,0.22,0.22,0.22,0.22,0.12,NA,NA,0.647058823529412,NA,0.352941176470588,-0.348431927034273,2,0,0,"",NA
"521300",0.483356313896437,3,NA,0,-2.28474675850162,3,NA,0,0.322309459701894,6,0.22,0.22,0.22,0.22,0.12,0.392857142857143,NA,0.392857142857143,NA,0.214285714285714,-0.638622790444487,3,1,1,"1) # of groups=3",2
"521302",0.341152906858737,2,1.15927422234555,1,1.57533421666879,3,1.47548151868259,10,1.05841561881141,5,0.22,0.22,0.22,0.22,0.12,0.22,0.22,0.22,0.22,0.12,1.12828330445962,3,0,0,"",NA
"521303",NA,0,NA,0,NA,0,NA,0,0.392156746813139,5,0.22,0.22,0.22,0.22,0.12,NA,NA,NA,NA,1,0.392156746813139,1,0,0,"",NA
"521304",-0.330993566903058,1,NA,0,0.455394368932441,1,NA,0,0.783453150506643,5,0.22,0.22,0.22,0.22,0.12,0.392857142857143,NA,0.392857142857143,NA,0.214285714285714,0.21675456162011,1,0,0,"",NA
"521305",NA,0,-1.53570915936978,1,0.204581265476417,1,NA,0,0.130624785874941,5,0.22,0.22,0.22,0.22,0.12,NA,0.392857142857143,0.392857142857143,NA,0.214285714285714,-0.494952075627762,1,0,0,"",NA
"521307",NA,0,NA,0,0.522257997086598,1,0.435325099579159,5,0.972786565446008,5,0.22,0.22,0.22,0.22,0.12,NA,NA,0.392857142857143,0.392857142857143,0.214285714285714,0.584647623428549,2,0,0,"",NA
"521308",-0.510697633644879,4,-2.54109156083872,1,0.592406912118979,6,1.11573916014541,15,-0.465412985062996,7,0.22,0.22,0.22,0.22,0.12,0.22,0.22,0.22,0.22,0.12,-0.351451045095786,4,1,1,"2) # of groups=4",2
"521309",0.153527455819019,1,NA,0,0.204581265476417,1,NA,0,1.39710339281463,4,0.22,0.22,0.22,0.22,0.12,0.392857142857143,NA,0.392857142857143,NA,0.214285714285714,0.440064867540628,1,0,0,"",NA
"521310",NA,0,NA,0,0.133293641690354,1,0.880063061380827,5,0.379001387161331,6,0.22,0.22,0.22,0.22,0.12,NA,NA,0.392857142857143,0.392857142857143,0.214285714285714,0.479319002026821,2,0,0,"",NA
"521311",0.153527455819019,1,NA,0,0.197102916462337,2,0.0254411862794067,5,0.00370030398653139,7,0.22,0.22,0.22,0.22,0.12,0.282051282051282,NA,0.282051282051282,0.282051282051282,0.153846153846154,0.106640742771476,2,0,0,"",NA
"521312",0.153527455819019,1,1.20758794891289,1,0.800649711835651,2,NA,0,1.76151967121257,6,0.22,0.22,0.22,0.22,0.12,0.282051282051282,0.282051282051282,0.282051282051282,NA,0.153846153846154,0.880731648962015,1,0,0,"",NA
"521313",-2.37092762880376,2,NA,0,2.21108609312467,1,NA,0,0.0667935128382881,7,0.22,0.22,0.22,0.22,0.12,0.392857142857143,NA,0.392857142857143,NA,0.214285714285714,-0.0484819934085808,1,0,0,"",NA
"521314",0.48901031955577,3,-0.161686544028907,1,2.27675731579715,3,0.692183706919832,10,-0.690074161945075,5,0.22,0.22,0.22,0.22,0.12,0.22,0.22,0.22,0.22,0.12,0.642369356180237,4,1,1,"2) # of groups=4",4
"521315",0.909543018644518,4,1.15927422234555,1,-0.22029743434541,6,1.19923894879952,10,0.135952996667909,5,0.22,0.22,0.22,0.22,0.12,0.22,0.22,0.22,0.22,0.12,0.686821285797868,4,1,1,"2) # of groups=4",4
"521316",-0.573254078264098,1,-1.41282908807914,1,0.739639286465554,2,NA,0,0.461670634254504,4,0.22,0.22,0.22,0.22,0.12,0.282051282051282,0.282051282051282,0.282051282051282,NA,0.153846153846154,-0.280534842900705,1,0,0,"",NA
"521317",NA,0,NA,0,NA,0,NA,0,1.32411585191993,4,0.22,0.22,0.22,0.22,0.12,NA,NA,NA,NA,1,1.32411585191993,1,0,0,"",NA
"521318",-0.0887330555420189,1,NA,0,0.455394368932441,1,NA,0,-0.830601744070852,2,0.22,0.22,0.22,0.22,0.12,0.392857142857143,NA,0.392857142857143,NA,0.214285714285714,-0.0339405720403738,0,0,0,"",NA
"521319",0.395787967180062,1,NA,0,0.455394368932441,1,0.655622443754093,5,1.67026172126751,3,0.22,0.22,0.22,0.22,0.12,0.282051282051282,NA,0.282051282051282,0.282051282051282,0.153846153846154,0.681959561695836,2,0,0,"",NA
"521320",0.0821360859419464,4,0.21586926589604,2,0.368376320430887,8,2.06076593454203,10,1.29149982371345,7,0.22,0.22,0.22,0.22,0.12,0.22,0.22,0.22,0.22,0.12,0.754952452344013,4,1,1,"2) # of groups=4",5
"521321",0.395787967180062,1,NA,0,0.281599305099202,2,-0.192663702937429,5,-0.0346285080160602,7,0.22,0.22,0.22,0.22,0.12,0.282051282051282,NA,0.282051282051282,0.282051282051282,0.153846153846154,0.131389441401636,2,0,0,"",NA
"521322",0.313599520787048,2,NA,0,-0.128465025702494,3,1.96866465415774,10,0.657580156954084,5,0.22,0.22,0.22,0.22,0.12,0.282051282051282,NA,0.282051282051282,0.282051282051282,0.153846153846154,0.708647989317686,3,0,0,"",NA
"521323",-0.0887330555420189,1,NA,0,-0.547858044891677,1,0.349130880125215,5,1.01853182356868,4,0.22,0.22,0.22,0.22,0.12,0.282051282051282,NA,0.282051282051282,0.282051282051282,0.153846153846154,0.0756186799491997,2,0,0,"",NA
"521324",-0.706295735721608,2,1.15927422234555,1,0.956828835719083,3,0.779042193599347,15,0.694372962318785,9,0.22,0.22,0.22,0.22,0.12,0.22,0.22,0.22,0.22,0.12,0.564871648985576,3,0,0,"",NA
"521325",-0.0488925132719311,3,NA,0,-1.15204147212039,4,1.19435143250588,15,1.19369464330488,6,0.22,0.22,0.22,0.22,0.12,0.282051282051282,NA,0.282051282051282,0.282051282051282,0.153846153846154,0.181788712258421,4,1,1,"2) # of groups=4",3
"521326",-0.330993566903058,1,-1.18661804774863,1,-0.386790097089492,3,0.643773793744111,10,1.19531848939734,5,0.22,0.22,0.22,0.22,0.12,0.22,0.22,0.22,0.22,0.12,-0.133899923231674,3,0,0,"",NA
"521327",-0.0296252546088647,3,1.46706494757117,1,0.677813805081469,5,1.00713272795089,15,0.314644633424564,6,0.22,0.22,0.22,0.22,0.12,0.22,0.22,0.22,0.22,0.12,0.724682325729774,4,1,1,"2) # of groups=4",5
"521328",-1.54229612370826,1,NA,0,-0.547858044891677,1,0.0900651080305932,5,1.43560216893819,5,0.22,0.22,0.22,0.22,0.12,0.282051282051282,NA,0.282051282051282,0.282051282051282,0.153846153846154,-0.343265811605991,2,0,0,"",NA
"521329",0.880308989902137,1,1.15927422234555,1,0.455394368932441,1,0.619513443105976,15,0.0965951935058898,6,0.22,0.22,0.22,0.22,0.12,0.22,0.22,0.22,0.22,0.12,0.69677944856365,2,0,0,"",NA
"521330",-0.899348484078509,3,NA,0,-1.44356313169388,4,1.42057116112682,10,0.663973768276144,6,0.22,0.22,0.22,0.22,0.12,0.282051282051282,NA,0.282051282051282,0.282051282051282,0.153846153846154,-0.157997497216523,4,1,1,"2) # of groups=4",3
"521331",0.395787967180062,1,NA,0,-0.798671148347709,1,NA,0,-1.08194864853834,3,0.22,0.22,0.22,0.22,0.12,0.392857142857143,NA,0.392857142857143,NA,0.214285714285714,-0.39012167443122,1,0,0,"",NA
"521332",0.143893217818725,3,NA,0,0.352460067508423,3,1.78868793369479,5,1.34766350579157,3,0.22,0.22,0.22,0.22,0.12,0.282051282051282,NA,0.282051282051282,0.282051282051282,0.153846153846154,0.851831652410019,4,1,1,"2) # of groups=4",5
"521333",-1.7845566350693,1,-2.68352073438015,1,0.232582035391329,4,1.73187820670206,10,1.20200983606862,5,0.22,0.22,0.22,0.22,0.12,0.22,0.22,0.22,0.22,0.12,-0.406554587690099,3,0,0,"",NA
"521334",-0.276525629250564,3,-0.79284327383996,1,1.19541109990795,6,0.287021764801579,10,0.17802081723771,5,0.22,0.22,0.22,0.22,0.12,0.22,0.22,0.22,0.22,0.12,0.112236569624706,4,1,1,"2) # of groups=4",3
"521335",0.628106481229458,3,1.15927422234555,1,0.916084902003171,7,0.871640338475795,15,0.443506405571669,7,0.22,0.22,0.22,0.22,0.12,0.22,0.22,0.22,0.22,0.12,0.839744076360475,4,1,1,"2) # of groups=4",5
"521336",0.0254903061318048,3,-0.404653957717233,1,0.757210940328514,6,1.38368265725887,15,-0.261044321699334,9,0.22,0.22,0.22,0.22,0.12,0.22,0.22,0.22,0.22,0.12,0.35625526951651,4,1,1,"2) # of groups=4",4
"521337",-0.251692850776117,4,-0.512951394564267,2,0.565992385669356,7,0.680757609773906,15,0.8833784069141,6,0.22,0.22,0.22,0.22,0.12,0.22,0.22,0.22,0.22,0.12,0.212068673852325,4,1,1,"2) # of groups=4",3
"521338",-1.36246401468163,3,1.04295049241793,1,0.0913174254690003,6,1.55169504960189,15,0.982100257058987,4,0.22,0.22,0.22,0.22,0.12,0.22,0.22,0.22,0.22,0.12,0.40902180046466,4,1,1,"2) # of groups=4",4
"521339",-1.24707716433887,3,-3.56881579345141,1,1.50066373044136,3,NA,0,0.420310532067556,6,0.22,0.22,0.22,0.22,0.12,0.282051282051282,0.282051282051282,0.282051282051282,NA,0.153846153846154,-0.87040149508802,3,1,1,"1) # of groups=3",2
"521340",0.0219259211665506,4,-1.32066903461115,1,-0.0684163361440671,6,0.997904047900916,10,0.514573614800537,6,0.22,0.22,0.22,0.22,0.12,0.22,0.22,0.22,0.22,0.12,-0.0194873545952407,4,1,1,"2) # of groups=4",3
"521341",-0.40700046727432,5,-13.7650689816822,1,-0.684015380768233,4,0.968442902682406,10,0.843857455583318,6,0.22,0.22,0.22,0.22,0.12,0.22,0.22,0.22,0.22,0.12,-2.95401832927932,4,1,1,"2) # of groups=4",1
"521342",-1.54229612370826,1,NA,0,-2.55436287253993,1,NA,0,1.00239747044074,2,0.22,0.22,0.22,0.22,0.12,0.392857142857143,NA,0.392857142857143,NA,0.214285714285714,-1.39460229057449,0,0,0,"",NA
"521343",-0.659708339838073,3,NA,0,-1.56955751479069,4,1.69405610066454,15,0.635564178206095,6,0.22,0.22,0.22,0.22,0.12,0.282051282051282,NA,0.282051282051282,0.282051282051282,0.153846153846154,-0.0531774929325611,4,1,1,"2) # of groups=4",3
"521344",-0.573254078264098,1,NA,0,0.204581265476417,1,NA,0,-0.331618844568967,4,0.22,0.22,0.22,0.22,0.12,0.392857142857143,NA,0.392857142857143,NA,0.214285714285714,-0.215896928859939,1,0,0,"",NA
"521345",-0.655361588206612,3,1.15927422234555,1,-0.367105873731121,6,1.95259227057959,15,0.383714068744202,7,0.22,0.22,0.22,0.22,0.12,0.22,0.22,0.22,0.22,0.12,0.505713475066534,4,1,1,"2) # of groups=4",4
"521346",0.431872333122614,3,1.15927422234555,1,0.49694906695436,5,0.134125983182941,10,0.887638471660549,5,0.22,0.22,0.22,0.22,0.12,0.22,0.22,0.22,0.22,0.12,0.595405369832468,4,1,1,"2) # of groups=4",4
"521347",0.338128056917296,2,NA,0,1.14158276338287,4,0.908465168431952,10,1.25518668470632,5,0.22,0.22,0.22,0.22,0.12,0.282051282051282,NA,0.282051282051282,0.282051282051282,0.153846153846154,0.866693743186954,3,0,0,"",NA
"521348",0.216997801236775,2,0.936474900886781,2,0.296279398153205,6,1.99831827187328,15,0.540593591588779,6,0.22,0.22,0.22,0.22,0.12,0.22,0.22,0.22,0.22,0.12,0.823446712863663,3,0,0,"",NA
"521349",0.0805032842981218,3,1.16260436061262,2,1.06721836732336,4,1.73055973862801,15,1.06926115462871,7,0.22,0.22,0.22,0.22,0.12,0.22,0.22,0.22,0.22,0.12,1.01730620374511,4,1,1,"2) # of groups=4",5
"521350",-1.13059116623765,3,1.15927422234555,1,0.112431261974977,6,0.421730475501689,15,0.572596805342396,8,0.22,0.22,0.22,0.22,0.12,0.22,0.22,0.22,0.22,0.12,0.192537471229692,4,1,1,"2) # of groups=4",3
"521351",0.130405474405796,4,1.15927422234555,1,0.794320897037348,4,1.05055737260144,10,0.341705332110283,5,0.22,0.22,0.22,0.22,0.12,0.22,0.22,0.22,0.22,0.12,0.730607392459063,4,1,1,"2) # of groups=4",5
"521352",-0.988065671801683,3,-0.582851197493169,2,1.04010993363416,4,1.60843733899366,15,1.04949408197968,7,0.22,0.22,0.22,0.22,0.12,0.22,0.22,0.22,0.22,0.12,0.363017978570814,4,1,1,"2) # of groups=4",4
"521353",-0.815514589625137,1,NA,0,-0.547858044891677,1,1.44562039710433,5,-0.952546628805459,6,0.22,0.22,0.22,0.22,0.12,0.282051282051282,NA,0.282051282051282,0.282051282051282,0.153846153846154,-0.123347548317181,2,0,0,"",NA
"521354",-1.05777510098618,1,2.85396251386251,1,3.43520851440006,2,1.67678926090618,15,0.777169893632748,7,0.22,0.22,0.22,0.22,0.12,0.22,0.22,0.22,0.22,0.12,1.6130611286361,2,0,0,"",NA
"521355",-0.651428107993279,3,NA,0,-0.536712556449124,5,0.886869681439194,10,0.654582807714265,5,0.22,0.22,0.22,0.22,0.12,0.282051282051282,NA,0.282051282051282,0.282051282051282,0.153846153846154,0.0157311803397511,4,1,1,"2) # of groups=4",3
"521356",NA,0,NA,0,0.171227588654936,1,0.858492763678069,5,0.627461442634904,6,0.22,0.22,0.22,0.22,0.12,NA,NA,0.392857142857143,0.392857142857143,0.214285714285714,0.53898901898116,2,0,0,"",NA
"521357",-0.664571569587361,4,0.277925074906934,2,-0.219389569160679,6,0.822005618481726,15,0.965705197380784,9,0.22,0.22,0.22,0.22,0.12,0.22,0.22,0.22,0.22,0.12,0.16339792570663,4,1,1,"2) # of groups=4",3
"521358",-0.692656584182141,4,-0.494021282292249,1,0.00599458928364861,4,2.34583028087524,10,-0.0178731596493512,6,0.22,0.22,0.22,0.22,0.12,0.22,0.22,0.22,0.22,0.12,0.254187561652668,4,1,1,"2) # of groups=4",4
"521359",-0.828744909498324,5,1.15927422234555,1,-1.20220632609033,7,1.37155243415743,15,-0.534921284470141,9,0.22,0.22,0.22,0.22,0.12,0.22,0.22,0.22,0.22,0.12,0.0457820384647348,4,1,1,"2) # of groups=4",3
"530002",-0.426465917274509,5,0.570839001694184,3,0.342162783939487,8,-0.231347029046693,15,-0.510843315434043,9,0.22,0.22,0.22,0.22,0.12,0.22,0.22,0.22,0.22,0.12,-0.00515965320334195,5,2,1,"3) # of groups=5",3
"530006",-0.26553661383106,6,0.319607946779182,3,-0.14612840833385,10,0.211789327446789,15,-0.132506361383801,9,0.22,0.22,0.22,0.22,0.12,0.22,0.22,0.22,0.22,0.12,0.0104403320873773,5,2,1,"3) # of groups=5",3
"530008",-0.637619967932199,5,0.356737006069433,3,-1.01343133938817,7,-1.02137371755688,15,0.414672876224809,10,0.22,0.22,0.22,0.22,0.12,0.22,0.22,0.22,0.22,0.12,-0.459690618990742,5,2,1,"3) # of groups=5",2
"530012",-0.927991322074187,8,-0.00944392926700175,7,-0.221905480175953,9,-1.57179825445098,15,0.031564693565304,6,0.22,0.22,0.22,0.22,0.12,0.22,0.22,0.22,0.22,0.12,-0.59706281368515,5,2,1,"3) # of groups=5",2
"530014",0.580548933373307,8,0.0519820137119481,7,-1.07956974403242,11,0.36780698321914,15,0.413519767966868,8,0.22,0.22,0.22,0.22,0.12,0.22,0.22,0.22,0.22,0.12,0.0321913731358587,5,2,1,"3) # of groups=5",3
"530015",1.75697615724747,4,-0.236345349139291,3,1.06560975700964,9,1.19640962461403,15,1.03861133977162,8,0.22,0.22,0.22,0.22,0.12,0.22,0.22,0.22,0.22,0.12,0.956816402513601,5,2,1,"3) # of groups=5",5
"530025",-0.314740779289028,4,-0.302825424734411,2,0.584919320519323,8,1.01935943678591,15,0.172325824290456,9,0.22,0.22,0.22,0.22,0.12,0.22,0.22,0.22,0.22,0.12,0.237755860636849,4,1,1,"2) # of groups=4",3
"530034",0.395787967180062,1,-0.61490711542691,2,0.148382008952806,4,1.02259465568236,5,0.205555117441098,1,0.22,0.22,0.22,0.22,0.12,0.22,0.22,0.22,0.22,0.12,0.234075267698362,2,0,0,"",NA
"53004F",1.28776037548477,3,0.196797124152676,1,1.36991327804886,4,1.3127136659699,10,0.030430841872558,4,0.22,0.22,0.22,0.22,0.12,0.22,0.22,0.22,0.22,0.12,0.920432278629072,4,1,1,"2) # of groups=4",5
"53005F",NA,0,NA,0,0.158052853778156,2,NA,0,-0.395628276463976,1,0.22,0.22,0.22,0.22,0.12,NA,NA,0.647058823529412,NA,0.352941176470588,-0.0373640157190671,0,0,0,"",NA
"531301",NA,0,NA,0,-0.0462318379796146,1,NA,0,1.89901758574963,4,0.22,0.22,0.22,0.22,0.12,NA,NA,0.647058823529412,NA,0.352941176470588,0.640326782160119,1,0,0,"",NA
"531302",-0.724007572769125,3,0.87831303592297,1,1.08609884161484,6,0.516646594533885,10,-0.485054348113672,7,0.22,0.22,0.22,0.22,0.12,0.22,0.22,0.22,0.22,0.12,0.328344676072925,4,1,1,"2) # of groups=4",4
"531303",-0.0728073574140393,2,NA,0,0.622846960828024,2,NA,0,0.930762325447046,2,0.22,0.22,0.22,0.22,0.12,0.392857142857143,NA,0.392857142857143,NA,0.214285714285714,0.415536056794147,0,0,0,"",NA
"531304",-1.06761450413518,3,NA,0,-0.0722172114568733,4,NA,0,0.261535310233318,6,0.22,0.22,0.22,0.22,0.12,0.392857142857143,NA,0.392857142857143,NA,0.214285714285714,-0.391747750361167,3,1,1,"1) # of groups=3",3
"531305",0.209000747252899,3,NA,0,0.806886912330774,4,NA,0,-0.614855587502413,6,0.22,0.22,0.22,0.22,0.12,0.392857142857143,NA,0.392857142857143,NA,0.214285714285714,0.267343954657354,3,1,1,"1) # of groups=3",4
"531306",-0.0245721199100764,3,NA,0,0.500890685693011,5,NA,0,0.282653202364996,6,0.22,0.22,0.22,0.22,0.12,0.392857142857143,NA,0.392857142857143,NA,0.214285714285714,0.247693694207223,3,1,1,"1) # of groups=3",4
"531307",-1.77601246650835,3,NA,0,-0.718408588713453,5,NA,0,1.15897189368983,6,0.22,0.22,0.22,0.22,0.12,0.392857142857143,NA,0.392857142857143,NA,0.214285714285714,-0.731600008760745,3,1,1,"1) # of groups=3",2
"531308",-3.68790645498355,2,NA,0,-1.54620868477583,2,NA,0,1.23389725829004,2,0.22,0.22,0.22,0.22,0.12,0.392857142857143,NA,0.392857142857143,NA,0.214285714285714,-1.79185296384332,0,0,0,"",NA
"531309",-0.663638890518977,3,NA,0,1.96685230142113,3,NA,0,0.621501572016109,5,0.22,0.22,0.22,0.22,0.12,0.392857142857143,NA,0.392857142857143,NA,0.214285714285714,0.645155605429298,3,1,1,"1) # of groups=3",4
"531310",-0.245541439856232,3,0.87831303592297,1,0.00356508933107756,7,0.910813768531846,10,0.450723760244517,6,0.22,0.22,0.22,0.22,0.12,0.22,0.22,0.22,0.22,0.12,0.394459951093868,4,1,1,"2) # of groups=4",4
"531311",-3.48038021459657,1,NA,0,0.957020575844511,1,NA,0,0.761187882502466,3,0.22,0.22,0.22,0.22,0.12,0.392857142857143,NA,0.392857142857143,NA,0.214285714285714,-0.828208168973495,1,0,0,"",NA
"531312",-1.25519865325608,5,0.112538296856178,2,-0.306248317792462,8,0.778385766096156,15,-0.0888861781541734,7,0.22,0.22,0.22,0.22,0.12,0.22,0.22,0.22,0.22,0.12,-0.158181381159667,4,1,1,"2) # of groups=4",3
"531313",0.877755851782755,2,0.713675579428008,1,0.823717239096985,3,1.15664952235465,10,0.409110067765246,4,0.22,0.22,0.22,0.22,0.12,0.22,0.22,0.22,0.22,0.12,0.834888810517557,3,0,0,"",NA
"531314",0.395787967180062,1,NA,0,-0.297044941435646,1,NA,0,1.43922321641765,1,0.22,0.22,0.22,0.22,0.12,0.392857142857143,NA,0.392857142857143,NA,0.214285714285714,0.34719687791766,0,0,0,"",NA
"531315",NA,0,NA,0,-0.547858044891677,1,NA,0,2.51009146074388,1,0.22,0.22,0.22,0.22,0.12,NA,NA,0.647058823529412,NA,0.352941176470588,0.53141825121499,0,0,0,"",NA
"531316",-1.00640415533419,2,NA,0,0.0716963647343243,2,NA,0,-0.519221683735994,6,0.22,0.22,0.22,0.22,0.12,0.392857142857143,NA,0.392857142857143,NA,0.214285714285714,-0.478468421393375,1,0,0,"",NA
"531318",NA,0,NA,0,NA,0,NA,0,0.642771826220631,3,0.22,0.22,0.22,0.22,0.12,NA,NA,NA,NA,1,0.642771826220631,1,0,0,"",NA
"650001",-0.391048632233333,6,NA,0,-1.40851974713991,6,NA,0,-0.882792969416851,4,0.22,0.22,0.22,0.22,0.12,0.392857142857143,NA,0.392857142857143,NA,0.214285714285714,-0.896143213914528,3,1,1,"1) # of groups=3",2
"660001",-3.59387902616812,5,NA,0,-3.1113741368767,5,NA,0,NA,0,0.22,0.22,0.22,0.22,0.12,0.5,NA,0.5,NA,NA,-3.35262658152241,2,1,0,"",NA
"670005",0.395787967180062,1,-0.203313474189506,2,-1.95961815615052,4,0.841065739427111,5,0.528380301153598,2,0.22,0.22,0.22,0.22,0.12,0.22,0.22,0.22,0.22,0.12,-0.140331507082796,2,0,0,"",NA
"670006",-0.0887330555420189,1,-0.0696784518006533,2,-0.0665132595389457,4,-0.110612756935285,5,0.398791451683694,2,0.22,0.22,0.22,0.22,0.12,0.22,0.22,0.22,0.22,0.12,-0.0259632810376754,2,0,0,"",NA
"670008",-0.573254078264098,1,1.08278374366408,2,0.75411857829943,4,1.81028519135326,15,-2.70383732753159,5,0.22,0.22,0.22,0.22,0.12,0.22,0.22,0.22,0.22,0.12,0.351804876407797,3,0,0,"",NA
"670023",-0.450212431731547,8,0.610774748116264,8,-0.260892617397156,9,0.929280689413522,15,-0.165168405270535,7,0.22,0.22,0.22,0.22,0.12,0.22,0.22,0.22,0.22,0.12,0.162548876815774,5,2,1,"3) # of groups=5",4
"670025",1.74746381627989,6,-0.834660996492385,3,1.67226103973462,6,1.29431275747416,15,-0.293723566612867,7,0.22,0.22,0.22,0.22,0.12,0.22,0.22,0.22,0.22,0.12,0.818216027745639,5,2,1,"3) # of groups=5",4
"670031",0.384630821205547,4,0.297434042400697,5,-0.679490384806173,6,-0.475932090293675,15,0.248984703068327,7,0.22,0.22,0.22,0.22,0.12,0.22,0.22,0.22,0.22,0.12,-0.0742605101603936,5,2,1,"3) # of groups=5",3
"670034",0.785317008531468,8,0.11979788957842,7,0.458329142980595,11,0.312130650767446,15,0.252676818180412,10,0.22,0.22,0.22,0.22,0.12,0.22,0.22,0.22,0.22,0.12,0.398947650390394,5,2,1,"3) # of groups=5",4
"670041",0.472818035657711,8,0.425004034804256,4,1.17115623150785,8,-0.522350881183141,10,-0.0889348265856128,7,0.22,0.22,0.22,0.22,0.12,0.22,0.22,0.22,0.22,0.12,0.329585853382795,5,2,1,"3) # of groups=5",4
"670043",0.334053575119255,7,0.931301797708496,6,-1.31260089294333,8,-0.994169433229136,15,-0.27018943044579,9,0.22,0.22,0.22,0.22,0.12,0.22,0.22,0.22,0.22,0.12,-0.261534021389332,5,2,1,"3) # of groups=5",3
"670044",0.349440105689383,4,1.04845922188032,5,0.394641534032212,6,0.83920568479998,15,-0.0407437083580481,8,0.22,0.22,0.22,0.22,0.12,0.22,0.22,0.22,0.22,0.12,0.574094995205451,5,2,1,"3) # of groups=5",5
"670047",-0.778563959957221,7,0.00606202503507882,6,-0.33937446226747,6,-1.53782261979944,15,0.291558504429504,7,0.22,0.22,0.22,0.22,0.12,0.22,0.22,0.22,0.22,0.12,-0.547946763206051,5,2,1,"3) # of groups=5",2
"670049",1.12256950126318,1,1.10324950200026,2,1.12991715189937,4,0.94375143890907,15,0.347837493332556,6,0.22,0.22,0.22,0.22,0.12,0.22,0.22,0.22,0.22,0.12,0.98762776989572,3,0,0,"",NA
"670053",1.20085226235338,3,-0.0438956854463838,6,-1.14937173520052,5,-0.410565885843697,15,-0.931104290039886,7,0.22,0.22,0.22,0.22,0.12,0.22,0.22,0.22,0.22,0.12,-0.200388344514975,5,2,1,"3) # of groups=5",3
"670054",-0.0887330555420189,1,0.28021411782637,2,-1.33597330087208,3,0.697576091336983,15,0.822389166929375,2,0.22,0.22,0.22,0.22,0.12,0.22,0.22,0.22,0.22,0.12,0.000365147636360891,2,0,0,"",NA
"670055",0.806234812429141,8,0.372730582015184,8,-0.0219470996051353,9,-0.484149399125723,15,-0.598664285949364,8,0.22,0.22,0.22,0.22,0.12,0.22,0.22,0.22,0.22,0.12,0.076191442743039,5,2,1,"3) # of groups=5",4
"670056",0.187333348898756,8,0.13866485583599,4,0.472345611460418,8,-0.953241204189728,10,0.515232378435821,7,0.22,0.22,0.22,0.22,0.12,0.22,0.22,0.22,0.22,0.12,0.0277504600534945,5,2,1,"3) # of groups=5",3
"670059",0.153527455819019,1,0.690405697035721,1,1.06622704615647,2,1.04636278482988,15,0.0272063258436465,5,0.22,0.22,0.22,0.22,0.12,0.22,0.22,0.22,0.22,0.12,0.653699815546277,2,0,0,"",NA
"670060",0.0184268760601152,6,0.0409117425917341,6,0.54081896248842,6,-1.93239818064447,15,-0.538568007304534,8,0.22,0.22,0.22,0.22,0.12,0.22,0.22,0.22,0.22,0.12,-0.357721092767468,5,2,1,"3) # of groups=5",2
"670062",1.5569927385761,2,NA,0,-0.60240192834987,2,NA,0,0.0897738702276822,7,0.22,0.22,0.22,0.22,0.12,0.392857142857143,NA,0.392857142857143,NA,0.214285714285714,0.394255076209094,1,0,0,"",NA
"670067",1.36483001262422,1,0.701888739930944,2,-4.51876871965282,3,0.948339834436053,15,1.25130204534417,5,0.22,0.22,0.22,0.22,0.12,0.22,0.22,0.22,0.22,0.12,-0.180659983744252,3,0,0,"",NA
"670068",0.586645994534485,6,0.510217041486181,7,1.4211736784345,6,0.791308526792508,15,0.401236080444491,9,0.22,0.22,0.22,0.22,0.12,0.22,0.22,0.22,0.22,0.12,0.776204282727827,5,2,1,"3) # of groups=5",5
"670069",-0.330993566903058,1,-0.717843500311491,2,-3.34331966717119,3,1.24219398666298,15,-0.236142067418422,4,0.22,0.22,0.22,0.22,0.12,0.22,0.22,0.22,0.22,0.12,-0.721328852589218,3,0,0,"",NA
"670071",0.32544690667302,4,-0.684344511504459,3,0.587282893508953,4,1.21211274745964,15,0.594487837280993,2,0.22,0.22,0.22,0.22,0.12,0.22,0.22,0.22,0.22,0.12,0.388248108423893,4,2,1,"2) # of groups=4",4
"670073",-0.0887330555420189,1,-0.277342073124232,3,0.507136847096343,3,1.37507848237943,15,-0.297545318338755,4,0.22,0.22,0.22,0.22,0.12,0.22,0.22,0.22,0.22,0.12,0.297845405977444,4,1,1,"2) # of groups=4",4
"670075",0.0889690783506616,6,0.539865976193719,5,0.124690139663278,6,0.611250723256333,15,-0.910253737722135,7,0.22,0.22,0.22,0.22,0.12,0.22,0.22,0.22,0.22,0.12,0.191020253315422,5,2,1,"3) # of groups=5",4
"670076",0.395787967180062,1,-0.0719100453650577,3,-0.871771751868248,4,1.16498432730695,5,-1.27924188349083,7,0.22,0.22,0.22,0.22,0.12,0.22,0.22,0.22,0.22,0.12,-0.0177491166230842,4,1,1,"2) # of groups=4",3
"670077",0.950386125702997,8,0.35259443865897,8,0.428148814826513,11,0.910001950450943,15,-0.600564958914771,10,0.22,0.22,0.22,0.22,0.12,0.22,0.22,0.22,0.22,0.12,0.5089810974509,5,2,1,"3) # of groups=5",5
"670078",1.42902746368414,3,1.15927422234555,1,0.611059461673901,3,NA,0,0.763519197349348,6,0.22,0.22,0.22,0.22,0.12,0.282051282051282,0.282051282051282,0.282051282051282,NA,0.153846153846154,1.01984840535476,3,1,1,"1) # of groups=3",5
"670080",0.629353167866928,6,1.12620149949088,5,-1.2000772281615,7,0.68589371919142,15,0.0803424791410468,8,0.22,0.22,0.22,0.22,0.12,0.22,0.22,0.22,0.22,0.12,0.282742752342226,5,2,1,"3) # of groups=5",4
"670082",1.75846864303666,7,0.102396017280767,7,-0.94861812386685,7,0.412246087353292,15,0.680734800888981,8,0.22,0.22,0.22,0.22,0.12,0.22,0.22,0.22,0.22,0.12,0.373076553343529,5,2,1,"3) # of groups=5",4
"670085",-0.52596218541525,6,1.10319772318941,7,1.5248398757349,7,0.0641016638620578,15,0.123394351710329,8,0.22,0.22,0.22,0.22,0.12,0.22,0.22,0.22,0.22,0.12,0.491366279226885,5,2,1,"3) # of groups=5",5
"670088",0.688765894379523,8,-0.223818436128686,8,-0.149760840423899,11,0.910156608156682,15,0.219683127137741,10,0.22,0.22,0.22,0.22,0.12,0.22,0.22,0.22,0.22,0.12,0.295937484972925,5,2,1,"3) # of groups=5",4
"670090",0.153527455819019,1,-0.270216357076998,3,0.204581265476417,1,-2.74798840244333,5,-0.0864428900727739,6,0.22,0.22,0.22,0.22,0.12,0.22,0.22,0.22,0.22,0.12,-0.595594275218209,3,1,1,"1) # of groups=3",2
"670093",NA,0,NA,0,NA,0,NA,0,-5.04922112471376,3,0.22,0.22,0.22,0.22,0.12,NA,NA,NA,NA,1,-5.04922112471376,1,0,0,"",NA
"670098",0.367937506861813,6,0.868701751321297,4,-0.550493991611804,8,-0.0469930750244143,15,-0.207875049192191,8,0.22,0.22,0.22,0.22,0.12,0.22,0.22,0.22,0.22,0.12,0.115668476237253,5,2,1,"3) # of groups=5",4
"670102",0.395787967180062,1,0.431231386807592,2,-0.721653108724923,2,-0.963042177078607,5,-2.42168438465287,4,0.22,0.22,0.22,0.22,0.12,0.22,0.22,0.22,0.22,0.12,-0.479290831157837,2,0,0,"",NA
"670103",0.531131260186569,7,0.533947164696902,6,-1.06098827695876,6,-0.169949089957931,15,0.739091688879734,8,0.22,0.22,0.22,0.22,0.12,0.22,0.22,0.22,0.22,0.12,0.0522020354182597,5,2,1,"3) # of groups=5",3
"670106",0.736779139156362,4,0.578767595255383,5,-0.474194177905261,5,-1.05136751822642,15,-0.0291192692925537,7,0.22,0.22,0.22,0.22,0.12,0.22,0.22,0.22,0.22,0.12,-0.0496976038934924,5,2,1,"3) # of groups=5",3
"670107",NA,0,NA,0,NA,0,NA,0,1.4787669962148,5,0.22,0.22,0.22,0.22,0.12,NA,NA,NA,NA,1,1.4787669962148,1,0,0,"",NA
"670108",0.161382137129277,5,0.00546426961223567,3,0.389178980991894,9,0.839647695111462,15,0.435481038567948,9,0.22,0.22,0.22,0.22,0.12,0.22,0.22,0.22,0.22,0.12,0.359305802854025,5,2,1,"3) # of groups=5",4
"670109",NA,0,0.0116939093215337,1,-0.25567071370589,1,NA,0,-0.64757557699996,2,0.22,0.22,0.22,0.22,0.12,NA,0.392857142857143,0.392857142857143,NA,0.214285714285714,-0.234614225365274,0,0,0,"",NA
"670112",0.395787967180062,1,1.25765407932713,2,1.67854427533956,3,0.51725188460604,15,-1.76014712218054,2,0.22,0.22,0.22,0.22,0.12,0.22,0.22,0.22,0.22,0.12,0.635614750757949,2,0,0,"",NA
"670115",NA,0,NA,0,NA,0,NA,0,1.11120456861099,1,0.22,0.22,0.22,0.22,0.12,NA,NA,NA,NA,1,1.11120456861099,0,0,0,"",NA
"670120",-0.0688218922822648,5,0.331382054099761,6,-1.16845631576413,5,-1.11122149541254,15,-0.355445464302922,7,0.22,0.22,0.22,0.22,0.12,0.22,0.22,0.22,0.22,0.12,-0.486419338575369,5,2,1,"3) # of groups=5",2
"670122",1.56138376568769,8,0.671597772384442,8,0.131216482507981,11,0.950096675861166,15,0.00489912060139169,9,0.22,0.22,0.22,0.22,0.12,0.22,0.22,0.22,0.22,0.12,0.729732727689248,5,2,1,"3) # of groups=5",5
"670124",0.160378604122673,2,NA,0,0.832664145359193,2,NA,0,1.80843869343882,6,0.22,0.22,0.22,0.22,0.12,0.392857142857143,NA,0.392857142857143,NA,0.214285714285714,0.777646514461909,1,0,0,"",NA
"670128",0.86238866099219,3,0.678035673249115,2,-1.31466454650768,5,1.19162177658341,15,0.620339453074681,7,0.22,0.22,0.22,0.22,0.12,0.22,0.22,0.22,0.22,0.12,0.386264678518709,4,1,1,"2) # of groups=4",4
"670131",-0.815514589625137,1,-0.050007162288847,1,0.455394368932441,1,1.34199915339942,5,1.32738597615924,7,0.22,0.22,0.22,0.22,0.12,0.22,0.22,0.22,0.22,0.12,0.364298106631042,2,0,0,"",NA
"670132",0.153527455819019,1,0.678035673249115,2,-0.0629086763903551,2,0.776441817675925,5,0.664207740158385,5,0.22,0.22,0.22,0.22,0.12,0.22,0.22,0.22,0.22,0.12,0.419626108296821,2,0,0,"",NA
"670134",0.625021414811146,2,NA,0,0.15372982064956,2,NA,0,0.438984981375912,3,0.22,0.22,0.22,0.22,0.12,0.392857142857143,NA,0.392857142857143,NA,0.214285714285714,0.400006195654401,1,0,0,"",NA
"670135",NA,0,NA,0,NA,0,NA,0,-1.19720613500407,1,0.22,0.22,0.22,0.22,0.12,NA,NA,NA,NA,1,-1.19720613500407,0,0,0,"",NA
"670136",0.118883656715783,2,-0.050007162288847,1,-0.510015808539204,4,1.14341402960419,5,0.279785296445959,8,0.22,0.22,0.22,0.22,0.12,0.22,0.22,0.22,0.22,0.12,0.188074672981738,3,0,0,"",NA
"670260",0.254569719200487,6,1.02556036956822,4,-0.757021304232209,6,0.716529496124374,15,0.490118249128714,8,0.22,0.22,0.22,0.22,0.12,0.22,0.22,0.22,0.22,0.12,0.331534611640838,5,2,1,"3) # of groups=5",4
"670265",-0.330993566903058,1,0.320199267373437,1,-2.07275080300145,2,-0.45756564290778,15,-5.02695422678233,3,0.22,0.22,0.22,0.22,0.12,0.22,0.22,0.22,0.22,0.12,-1.16227887121043,2,0,0,"",NA
"670266",NA,0,0.135096052542295,1,0.59803265332149,2,NA,0,-0.744739910145201,3,0.22,0.22,0.22,0.22,0.12,NA,0.392857142857143,0.392857142857143,NA,0.214285714285714,0.128427725129658,1,0,0,"",NA
"670267",0.395787967180062,1,0.0733949809319144,1,-0.0462318379796146,1,-1.63417157500071,5,0.405069738817916,4,0.22,0.22,0.22,0.22,0.12,0.22,0.22,0.22,0.22,0.12,-0.217860133612887,2,0,0,"",NA
"670285",NA,0,NA,0,NA,0,NA,0,0.230538116329019,4,0.22,0.22,0.22,0.22,0.12,NA,NA,NA,NA,1,0.230538116329019,1,0,0,"",NA
"670300",0.376439180523986,4,0.245906469372722,2,0.669504165969279,5,1.37463907324153,15,0.690225198099982,7,0.22,0.22,0.22,0.22,0.12,0.22,0.22,0.22,0.22,0.12,0.669454579375652,4,1,1,"2) # of groups=4",4
"670309",0.831413260195146,3,0.739736744859496,2,0.427942571970696,5,1.15538933927013,15,1.18330635258703,6,0.22,0.22,0.22,0.22,0.12,0.22,0.22,0.22,0.22,0.12,0.835982783895446,4,1,1,"2) # of groups=4",5
"670314",NA,0,NA,0,NA,0,NA,0,0.96808312663943,4,0.22,0.22,0.22,0.22,0.12,NA,NA,NA,NA,1,0.96808312663943,1,0,0,"",NA
"670320",NA,0,NA,0,NA,0,NA,0,-2.25280181424165,3,0.22,0.22,0.22,0.22,0.12,NA,NA,NA,NA,1,-2.25280181424165,1,0,0,"",NA
"670321",NA,0,NA,0,NA,0,NA,0,1.43922321641765,1,0.22,0.22,0.22,0.22,0.12,NA,NA,NA,NA,1,1.43922321641765,0,0,0,"",NA
"670322",NA,0,NA,0,NA,0,-0.436482163308822,5,-2.33804023409567,3,0.22,0.22,0.22,0.22,0.12,NA,NA,NA,0.647058823529412,0.352941176470588,-1.10762030593947,2,0,0,"",NA
"670326",NA,0,NA,0,NA,0,NA,0,1.67448127714558,1,0.22,0.22,0.22,0.22,0.12,NA,NA,NA,NA,1,1.67448127714558,0,0,0,"",NA
"670333",NA,0,1.15927422234555,1,NA,0,NA,0,1.00713297598119,1,0.22,0.22,0.22,0.22,0.12,NA,0.647058823529412,NA,NA,0.352941176470588,1.10557731186401,0,0,0,"",NA
"670335",NA,0,NA,0,NA,0,NA,0,1.20752744061622,1,0.22,0.22,0.22,0.22,0.12,NA,NA,NA,NA,1,1.20752744061622,0,0,0,"",NA
"671300",-0.129426554528142,2,1.04295049241793,1,0.488225545634468,5,NA,0,-0.556453434292355,8,0.22,0.22,0.22,0.22,0.12,0.282051282051282,0.282051282051282,0.282051282051282,NA,0.153846153846154,0.309757018282377,2,0,0,"",NA
"671301",NA,0,NA,0,NA,0,NA,0,1.04513835218896,4,0.22,0.22,0.22,0.22,0.12,NA,NA,NA,NA,1,1.04513835218896,1,0,0,"",NA
