"Contract Number","Organization Type","Plan Type","Organization Name","Organization Marketing Name","Parent Organization","Contract Effective Date","Offers Part D","MAOnly","PartD","Enrollment"
"90091","HCPP - 1833 Cost","HCPP - 1833 Cost","UNITED MINE WORKERS OF AMERICA HLTH & RETIREMENT","United Mine Workers of America Health & Retirement","UMWA Health and Retirement Funds","02/01/1974","No","39574","*","39574"
"E3014","Employer/Union Only Direct Contract PDP","Employer/Union Only Direct Contract PDP","PSERS HOP PROGRAM","Pennsylvania Public School Employees Retirement Sy","Commonwealth of PA Pub Schools Retirement System","01/01/2007","Yes","*","95528","95528"
"H0016","National PACE","National PACE","LIFE COORDINATED COMMONWEALTH PACE INC","LIFE COORDINATED COMMONWEALTH PACE INC","LIFE COORDINATED COMMONWEALTH PACE, Inc","04/01/2024","Yes","*","22","22"
"H0022","Demo","Medicare-Medicaid Plan HMO/HMOPOS","BUCKEYE COMMUNITY HEALTH PLAN, INC.","Buckeye Health Plan - MyCare Ohio","Centene Corporation","05/01/2014","Yes","*","8549","8549"
"H0028","Local CCP","HMO/HMOPOS","CHA HMO, INC.","Humana","Humana Inc.","01/01/2013","Yes","*","370055","370055"
"H0029","Local CCP","HMO/HMOPOS","COORDINATED CARE OF WASHINGTON, INC.","Wellcare","Centene Corporation","01/01/2018","Yes","*","18030","18030"
"H0034","Local CCP","HMO/HMOPOS","HAMASPIK, INC.","Hamaspik, Inc.","Hamaspik of Rockland County, Inc.","01/01/2020","Yes","*","1609","1609"
"H0062","Local CCP","HMO/HMOPOS","SUPERIOR HEALTHPLAN, INC.","Wellcare","Centene Corporation","01/01/2017","Yes","*","*","*"
"H0074","Local CCP","Local PPO","WELLCARE OF MISSISSIPPI, INC.","Wellcare","Centene Corporation","01/01/2021","Yes","*","1759","1759"
"H0104","Local CCP","Local PPO","BLUE CROSS AND BLUE SHIELD OF ALABAMA","Blue Cross and Blue Shield of Alabama","BlueCross BlueShield of Alabama","07/01/2005","Yes","*","112784","112784"
"H0105","National PACE","National PACE","Orangeburg Senior Helping Center, LLC","Orangeburg Senior Helping Center: A PACE Healthcare Program","Orangeburg Senior Helping Center, LLC","03/01/2008","Yes","*","106","106"
"H0107","Local CCP","Local PPO","HEALTH CARE SERVICE CORPORATION","Blue Cross and Blue Shield of Montana","Health Care Service Corporation","01/01/2014","Yes","48411","48322","96733"
"H0111","Local CCP","Local PPO","WELLCARE OF GEORGIA, INC.","Wellcare","Centene Corporation","01/01/2018","Yes","711","6868","7579"
"H0112","National PACE","National PACE","MORSE LIFE HOME CARE, INC.","Palm Beach PACE","Morse Life Home Care, Inc.","11/01/2013","Yes","*","975","975"
"H0137","Demo","Medicare-Medicaid Plan HMO/HMOPOS","COMMONWEALTH CARE ALLIANCE, INC.","Commonwealth Care Alliance","CareSource","10/01/2013","Yes","*","27783","27783"
"H0154","Local CCP","HMO/HMOPOS","VIVA HEALTH, INC.","VIVA Medicare","Triton Health Systems, L.L.C.","05/01/1998","Yes","1448","50920","52368"
"H0169","Local CCP","HMO/HMOPOS","UNITEDHEALTHCARE OF WISCONSIN, INC.","UnitedHealthcare","UnitedHealth Group, Inc.","01/01/2018","Yes","*","106628","106628"
"H0174","Local CCP","HMO/HMOPOS","WELLCARE OF TEXAS, INC.","Wellcare","Centene Corporation","01/01/2016","Yes","*","70410","70410"
"H0192","Demo","Medicare-Medicaid Plan HMO/HMOPOS","AMERIHEALTH MICHIGAN, INC.","AmeriHealth Caritas VIP Care Plus","Independence Health Group, Inc.","05/01/2015","Yes","*","2439","2439"
"H0216","National PACE","National PACE","PACE IOWA","Immanuel Pathways Iowa","Immanuel","01/01/2012","Yes","*","466","466"
"H0235","National PACE","National PACE","PACE OF NORTHEAST INDIANA, LLC","PACE of Northeast Indiana, LLC","Aging & In-Home Services of Northeast Indiana, Inc","05/01/2021","Yes","*","140","140"
"H0251","Local CCP","HMO/HMOPOS","UNITEDHEALTHCARE PLAN OF THE RIVER VALLEY, INC.","UnitedHealthcare","UnitedHealth Group, Inc.","01/01/2007","Yes","*","78852","78852"
"H0270","Local CCP","Local PPO","WELLCARE HEALTH INSURANCE COMPANY OF AMERICA","Wellcare","Centene Corporation","01/01/2019","Yes","*","438","438"
"H0292","Local CCP","HMO/HMOPOS","HUMANA HEALTH PLAN OF OHIO, INC.","Humana","Humana Inc.","01/01/2019","Yes","*","8801","8801"
"H0294","Local CCP","Local PPO","UNITEDHEALTHCARE INSURANCE COMPANY","UnitedHealthcare","UnitedHealth Group, Inc.","01/01/2012","Yes","3844","133354","137198"
"H0302","Local CCP","HMO/HMOPOS","MEDISUN, INC.","Blue Cross Blue Shield of Arizona (AZ Blue)","Blue Cross Blue Shield of Arizona","08/01/1999","Yes","*","32670","32670"
"H0321","Local CCP","HMO/HMOPOS","ARIZONA PHYSICIANS IPA, INC.","UnitedHealthcare","UnitedHealth Group, Inc.","09/01/2005","Yes","*","71220","71220"
"H0332","Local CCP","HMO/HMOPOS","KS PLAN ADMINISTRATORS, LLC","KelseyCare Advantage","UnitedHealth Group, Inc.","01/01/2008","Yes","1164","48050","49214"
"H0336","Demo","Medicare-Medicaid Plan HMO/HMOPOS","HUMANA HEALTH PLAN, INC.","Humana","Humana Inc.","02/01/2014","Yes","*","12974","12974"
"H0342","Local CCP","Local PPO","CAREPARTNERS OF CONNECTICUT, INC.","CarePartners of Connecticut","Point32Health, Inc.","01/01/2021","Yes","*","11750","11750"
"H0351","Local CCP","HMO/HMOPOS","HEALTH NET OF ARIZONA, INC.","Wellcare","Centene Corporation","03/01/1992","Yes","*","21109","21109"
"H0354","Local CCP","HMO/HMOPOS","BRAVO HEALTH PENNSYLVANIA, INC.","HealthSpring","Health Care Service Corporation","12/01/1992","Yes","*","75099","75099"
"H0363","Local CCP","HMO/HMOPOS","LONGEVITY HEALTH PLAN OF COLORADO, INC.","Longevity Health Plan","Longevity Health Founders, LLC","01/01/2021","Yes","*","402","402"
"H0390","National PACE","National PACE","PACE OF SOUTHWEST MICHIGAN, INC.","PACE of Southwest Michigan","PACE of Southwest Michigan, Inc.","08/01/2012","Yes","*","239","239"
"H0421","Local CCP","Local PPO","CARE IMPROVEMENT PLUS SOUTH CENTRAL INSURANCE CO.","UnitedHealthcare","UnitedHealth Group, Inc.","01/01/2025","Yes","*","6881","6881"
"H0423","Local CCP","HMO/HMOPOS","METROPLUS HEALTH PLAN, INC.","MetroPlus Health Plan","New York City Health and Hospitals Corporation","01/01/2008","Yes","*","12645","12645"
"H0424","National PACE","National PACE","INNOVAGE FLORIDA PACE II, LLC","InnovAge Florida PACE - Orlando","Total Community Options, Inc.","04/01/2024","Yes","*","101","101"
"H0432","Local CCP","HMO/HMOPOS","UNITEDHEALTHCARE OF THE MIDLANDS, INC.","UnitedHealthcare","UnitedHealth Group, Inc.","01/01/2018","Yes","5592","67815","73407"
"H0439","Local CCP","HMO/HMOPOS","HEALTHSPRING LIFE & HEALTH INSURANCE COMPANY, INC.","HealthSpring","Health Care Service Corporation","01/01/2014","Yes","*","25233","25233"
"H0440","National PACE","National PACE","EMPATH LIFE, INC.","Empath LIFE","Empath Health, Inc.","07/01/2023","Yes","*","33","33"
"H0473","Local CCP","Local PPO","HUMANA INSURANCE COMPANY OF KENTUCKY","Humana","Humana Inc.","01/01/2019","Yes","*","16927","16927"
"H0477","National PACE","National PACE","SERENITY CARE, INC.","Serenity Care PACE","Serenity Care, Inc.","05/01/2014","Yes","*","576","576"
"H0480","Demo","Medicare-Medicaid Plan HMO/HMOPOS","MERIDIAN HEALTH PLAN OF MICHIGAN, INC.","MeridianComplete (Medicare-Medicaid Plan)","Centene Corporation","03/01/2015","Yes","*","4311","4311"
"H0504","Local CCP","HMO/HMOPOS","CALIFORNIA PHYSICIANS' SERVICE","Blue Shield of California","California Physicians' Service","05/01/1996","Yes","*","63315","63315"
"H0523","Local CCP","HMO/HMOPOS","AETNA HEALTH OF CALIFORNIA INC.","Aetna Medicare","CVS Health Corporation","05/01/1986","Yes","1493","12692","14185"
"H0524","Local CCP","HMO/HMOPOS","KAISER FOUNDATION HP, INC.","Kaiser Permanente","Kaiser Foundation Health Plan, Inc.","08/01/1987","Yes","12174","1343158","1355332"
"H0542","National PACE","National PACE","ALTAMED HEALTH SERVICES CORPORATION","AltaMed Health Services Corporation","Altamed Health Services Corporation","11/01/2002","Yes","*","3461","3461"
"H0543","Local CCP","HMO/HMOPOS","UHC OF CALIFORNIA","UnitedHealthcare","UnitedHealth Group, Inc.","06/01/1985","Yes","1473","309956","311429"
"H0544","Local CCP","HMO/HMOPOS","BLUE CROSS OF CALIFORNIA","Anthem Blue Cross","Elevance Health, Inc.","02/01/2003","Yes","*","65805","65805"
"H0562","Local CCP","HMO/HMOPOS","HEALTH NET OF CALIFORNIA, INC.","Wellcare","Centene Corporation","10/01/1992","Yes","447","34241","34688"
"H0571","Local CCP","HMO/HMOPOS","CHINESE COMMUNITY HEALTH PLAN","CCHP (Chinese Community Health Plan)","Chinese Hospital Association","08/01/1994","Yes","*","5894","5894"
"H0609","Local CCP","HMO/HMOPOS","UnitedHealthcare Benefits of Texas, Inc.","UnitedHealthcare","UnitedHealth Group, Inc.","07/01/1986","Yes","8478","743141","751619"
"H0613","National PACE","National PACE","TOTAL LONGTERM CARE, INC.","InnovAge Colorado PACE","Total Community Options, Inc.","04/01/2003","Yes","*","2960","2960"
"H0624","Local CCP","HMO/HMOPOS","UnitedHealthcare Benefits of Texas, Inc.","UnitedHealthcare","UnitedHealth Group, Inc.","07/01/2005","Yes","*","32395","32395"
"H0628","Local CCP","HMO/HMOPOS","AETNA HEALTH OF OHIO INC.","Aetna Medicare","CVS Health Corporation","01/01/2020","Yes","*","93745","93745"
"H0630","Local CCP","HMO/HMOPOS","KAISER FOUNDATION HP OF CO","Kaiser Permanente","Kaiser Foundation Health Plan, Inc.","01/01/1986","Yes","*","112551","112551"
"H0672","Local CCP","HMO/HMOPOS","CIGNA HEALTHCARE OF COLORADO, INC.","HealthSpring","Health Care Service Corporation","01/01/2020","Yes","*","19409","19409"
"H0710","Local CCP","Local PPO","CARE IMPROVEMENT PLUS SOUTH CENTRAL INSURANCE CO.","UnitedHealthcare","UnitedHealth Group, Inc.","07/01/2004","Yes","*","47361","47361"
"H0712","Local CCP","HMO/HMOPOS","WELLCARE OF CONNECTICUT, INC.","Wellcare","Centene Corporation","05/01/2005","Yes","*","7030","7030"
"H0724","Local CCP","HMO/HMOPOS","BUCKEYE HEALTH PLAN COMMUNITY SOLUTIONS, Inc.","Wellcare","Centene Corporation","01/01/2018","Yes","*","*","*"
"H0738","Local CCP","HMO/HMOPOS","AmeriHealth Caritas VIP Next, Inc.","AmeriHealth Caritas VIP Care (HMO-D-SNP)","Independence Health Group, Inc.","01/01/2023","Yes","*","508","508"
"H0755","Local CCP","HMO/HMOPOS","CARE IMPROVEMENT PLUS SOUTH CENTRAL INSURANCE CO.","UnitedHealthcare","UnitedHealth Group, Inc.","12/01/1996","Yes","1418","59624","61042"
"H0764","Local CCP","Local PPO","UNITEDHEALTHCARE OF NEW ENGLAND, INC.","UnitedHealthcare","UnitedHealth Group, Inc.","01/01/2023","Yes","*","1121","1121"
"H0783","Local CCP","HMO/HMOPOS","HUMANA BENEFIT PLAN OF TEXAS, INC.","Humana","Humana Inc.","01/01/2021","Yes","*","1146","1146"
"H0809","National PACE","National PACE","MERCY LIFE, INC.","Mercy LIFE","Trinity Health Corporation","03/01/2014","Yes","*","209","209"
"H0819","National PACE","National PACE","SENIOR LIFE YORK, INC.","Senior LIFE York","Senior LIFE York, Inc.","05/01/2011","Yes","*","363","363"
"H0839","National PACE","National PACE","VOANS SENIOR COMMUNITY CARE OF NORTH CAROLINA, INC","Senior CommUnity Care of North Carolina","Volunteers of America National Services","07/01/2013","Yes","*","163","163"
"H0870","National PACE","National PACE","BLUE RIDGE INDEPENDENCE AT HOME, INC.","Blue Ridge Independence at Home","Blue Ridge Hospice, Inc.","08/01/2024","Yes","*","64","64"
"H0885","Local CCP","Local PPO","HEALTHIER NEW JERSEY INSURANCE COMPANY","Braven Health","Horizon Mutual Holdings, Inc","01/01/2021","Yes","2091","56344","58435"
"H0907","Local CCP","HMO/HMOPOS","WELLPOINT IOWA, INC.","Wellpoint","Elevance Health, Inc.","01/01/2021","Yes","*","5821","5821"
"H0908","Local CCP","HMO/HMOPOS","BUCKEYE COMMUNITY HEALTH PLAN, INC.","Wellcare","Centene Corporation","01/01/2008","Yes","*","11636","11636"
"H0913","Local CCP","HMO/HMOPOS","WELLCARE HEALTH PLANS OF NEW JERSEY, INC.","Wellcare","Centene Corporation","01/01/2008","Yes","103","13918","14021"
"H0927","Demo","Medicare-Medicaid Plan HMO/HMOPOS","HEALTH CARE SERVICE CORPORATION","Blue Cross Community MMAI","Health Care Service Corporation","02/01/2014","Yes","*","17031","17031"
"H0934","National PACE","National PACE","PACIFIC PACE, LLC","WelbeHealth","WelbeHealth LLC.","07/01/2019","Yes","*","783","783"
"H0976","Local CCP","HMO/HMOPOS","SCAN HEALTH PLAN","SCAN Health Plan","SCAN Group","01/01/2024","Yes","*","21287","21287"
"H0978","Local CCP","HMO/HMOPOS","SCAN HEALTH PLAN NEVADA, INC.","SCAN Health Plan","SCAN Group","01/01/2022","Yes","*","2405","2405"
"H0982","Local CCP","HMO/HMOPOS","SOLIS HEALTH PLANS, INC.","Solis Health Plans","Athena Healthcare Holdings, LLC","01/01/2019","Yes","*","14833","14833"
"H1016","Local CCP","HMO/HMOPOS","AVMED, INC.","AvMed Medicare","Sentara Health Care (SHC)","09/01/1987","Yes","*","12266","12266"
"H1019","Local CCP","HMO/HMOPOS","CAREPLUS HEALTH PLANS, INC.","CarePlus Health Plans, Inc.","Humana Inc.","02/01/1998","Yes","449","159055","159504"
"H1032","Local CCP","HMO/HMOPOS","Sunshine State Health Plan, Inc.","Wellcare","Centene Corporation","01/01/2000","Yes","1206","57985","59191"
"H1035","Local CCP","HMO/HMOPOS","FLORIDA BLUE MEDICARE, INC.","Florida Blue HMO","Guidewell Mutual Holding Corporation","11/01/1985","Yes","*","63344","63344"
"H1036","Local CCP","HMO/HMOPOS","HUMANA MEDICAL PLAN, INC.","Humana","Humana Inc.","02/01/1986","Yes","5025","643051","648076"
"H1043","National PACE","National PACE","FLORIDA PACE CENTERS, INC.","Florida Pace Centers, Inc.","Miami Jewish Health Systems, Inc.","01/01/2003","Yes","*","1119","1119"
"H1045","Local CCP","HMO/HMOPOS","PREFERRED CARE PARTNERS, INC.","UnitedHealthcare","UnitedHealth Group, Inc.","08/01/2002","Yes","*","389621","389621"
"H1099","Local CCP","HMO/HMOPOS","HEALTH FIRST HEALTH PLANS","Health First Health Plans, Inc.","Health First Shared Services, Inc.","04/01/1997","Yes","421","33060","33481"
"H1109","Local CCP","HMO/HMOPOS","AETNA HEALTH INC.(GA)","Aetna Medicare","CVS Health Corporation","07/01/2005","Yes","96","927","1023"
"H1112","Local CCP","HMO/HMOPOS","WELLCARE OF GEORGIA, INC.","Wellcare","Centene Corporation","07/01/2005","Yes","1069","28704","29773"
"H1119","Local CCP","HMO/HMOPOS","TSG GUARD, INC.","Valor Health Plan","The Schroer Group, Inc.","01/01/2019","Yes","*","2197","2197"
"H1170","Local CCP","HMO/HMOPOS","KAISER FOUNDATION HP OF GA, INC.","Kaiser Permanente","Kaiser Foundation Health Plan, Inc.","01/01/1997","Yes","110","40444","40554"
"H1181","MSA","MSA","NETWORK HEALTH INSURANCE CORPORATION","Network Health Medicare Advantage Plans","Network Health, Inc.","01/01/2015","No","967","*","967"
"H1188","National PACE","National PACE","ONE SENIOR CARE OHIO, LLC","Buckeye PACE","One Senior Care, Inc.","08/01/2025","Yes","*","22","22"
"H1189","Local CCP","HMO/HMOPOS","CHRISTUS HEALTH PLAN","CHRISTUS Health Advantage","CHRISTUS Health","01/01/2015","Yes","291","6937","7228"
"H1206","Local CCP","HMO/HMOPOS","COVENTRY HEALTH CARE OF ILLINOIS, INC.","Aetna Medicare","CVS Health Corporation","01/01/2024","Yes","*","3109","3109"
"H1215","Local CCP","HMO/HMOPOS","NEBRASKA TOTAL CARE, INC.","Wellcare","Centene Corporation","01/01/2022","Yes","*","1676","1676"
"H1219","National PACE","National PACE","WELBEHEALTH SAN BERNARDINO PACE, LLC","WELBEHEALTH","WelbeHealth LLC.","07/01/2025","Yes","*","47","47"
"H1224","Local CCP","HMO/HMOPOS","LOCAL INITIATIVE HEALTH AUTHORITY FOR LA COUNTY","L.A. Care Health Plan","Local Initiative Health Authority for LA County","01/01/2023","Yes","*","30975","30975"
"H1225","Local CCP","HMO/HMOPOS","HOPKINS HEALTH ADVANTAGE, INC.","Johns Hopkins Advantage MD","Johns Hopkins Healthcare LLC","01/01/2018","Yes","44","7012","7056"
"H1228","National PACE","National PACE","GOLDEN VALLEY HEALTH CENTERS","Central Valley PACE","Golden Valley Health Centers","07/01/2020","Yes","*","367","367"
"H1230","Local CCP","HMO/HMOPOS","KAISER FOUNDATION HP, INC.","Kaiser Permanente","Kaiser Foundation Health Plan, Inc.","05/01/1986","Yes","*","36877","36878"
"H1234","National PACE","National PACE","CAPITAL HEALTH LIFE","Capital Health LIFE","Capital Healthcare, INC.","04/01/2009","Yes","*","201","201"
"H1239","National PACE","National PACE","INNOVAGE VIRGINIA PACE-ROANOKE VALLEY, LLC","InnovAge Virginia PACE- Roanoke Valley","Total Community Options, Inc.","11/01/2013","Yes","*","274","274"
"H1248","Local CCP","Local PPO","LOUISIANA HEALTH SERVICE & INDEMNITY COMPANY","Blue Cross and Blue Shield of Louisiana","Louisiana Health Service & Indemnity Company","01/01/2019","Yes","*","12843","12843"
"H1277","Local CCP","HMO/HMOPOS","ALIGN SENIOR CARE, INC.","Align Senior Care","Curana Health Holdings, LLC","01/01/2020","Yes","*","48","48"
"H1278","Local CCP","Local PPO","CARE IMPROVEMENT PLUS SOUTH CENTRAL INSURANCE CO.","UnitedHealthcare","UnitedHealth Group, Inc.","01/01/2019","Yes","16928","174971","191899"
"H1280","Local CCP","HMO/HMOPOS","ETERNALHEALTH, INC.","eternalHealth","Eternal Health of Delaware, Inc.","01/01/2022","Yes","*","420","420"
"H1285","Local CCP","HMO/HMOPOS","UNITEDHEALTHCARE COMMUNITY PLAN OF OHIO, INC.","UnitedHealthcare Community Plan","UnitedHealth Group, Inc.","01/01/2025","Yes","*","38479","38479"
"H1290","Local CCP","HMO/HMOPOS","DEVOTED HEALTH PLAN OF FLORIDA, INC.","Devoted Health","Devoted Health, Inc.","01/01/2019","Yes","*","30266","30266"
"H1302","Local CCP","Local PPO","BLUE CROSS OF IDAHO HEALTH SERVICE, INC.","Blue Cross of Idaho","Gemstone Holdings, Inc.","07/01/2005","Yes","1697","*","1697"
"H1304","Local CCP","Local PPO","REGENCE BLUESHIELD OF IDAHO, INC.","Regence BlueShield of Idaho","Cambia Health Solutions, Inc.","07/01/2005","Yes","365","6410","6775"
"H1310","National PACE","National PACE","COMPREHENSIVE SENIOR CARE CORPORATION","Senior Care Partners P.A.C.E.","Comprehensive Senior Care Corporation","04/01/2009","Yes","*","676","676"
"H1312","National PACE","National PACE","TRINITY HEALTH PACE OF ALEXANDRIA","Trinity Health PACE of Alexandria","Trinity Health Corporation","05/01/2024","Yes","*","84","84"
"H1339","Local CCP","HMO/HMOPOS","JOHNS HOPKINS HEALTH PLAN OF VIRGINIA, INC.","Johns Hopkins Advantage MD","Johns Hopkins Healthcare LLC","01/01/2024","Yes","*","*","*"
"H1347","Local CCP","Local PPO","PATRIUS HEALTH, INC.","Patrius Health","BlueCross BlueShield of Alabama","01/01/2023","Yes","*","5080","5080"
"H1350","Local CCP","HMO/HMOPOS","BLUE CROSS OF IDAHO HEALTH SERVICE, INC.","Blue Cross of Idaho","Gemstone Holdings, Inc.","09/01/1997","Yes","1984","73486","75470"
"H1357","National PACE","National PACE","CAROLINA SENIORCARE","Carolina SeniorCare","EveryAge","10/01/2012","Yes","*","139","139"
"H1360","Local CCP","HMO/HMOPOS","UnitedHealthcare Benefits of Texas, Inc.","UnitedHealthcare","UnitedHealth Group, Inc.","01/01/2021","Yes","*","3424","3424"
"H1365","Local CCP","Local PPO","MARTIN'S POINT GENERATIONS ADVANTAGE, INC.","Martin's Point Generations Advantage","Martin's Point Health Care, Inc.","01/01/2010","Yes","*","5362","5362"
"H1372","Local CCP","HMO/HMOPOS","MARQUIS ADVANTAGE, INC.","AgeRight Advantage","Marquis Companies I, Inc.","01/01/2017","Yes","*","846","846"
"H1395","Local CCP","Local PPO","NEBRASKA TOTAL CARE, INC.","Wellcare","Centene Corporation","01/01/2022","Yes","257","3053","3310"
"H1416","Local CCP","HMO/HMOPOS","HARMONY HEALTH PLAN,  INC.","Wellcare","Centene Corporation","05/01/2005","Yes","802","54522","55324"
"H1423","Local CCP","HMO/HMOPOS","WELLPOINT HEALTH PLANS, INC.","Wellpoint","Elevance Health, Inc.","01/01/2021","Yes","*","4249","4249"
"H1463","Local CCP","HMO/HMOPOS","HEALTH ALLIANCE CONNECT, INC.","Health Alliance Medicare","The Carle Foundation","10/01/1997","Yes","301","25367","25668"
"H1468","Local CCP","HMO/HMOPOS","HUMANA BENEFIT PLAN OF ILLINOIS, INC.","Humana","Humana Inc.","02/01/1999","Yes","*","130288","130288"
"H1500","National PACE","National PACE","LIFE ST. JOSEPH OF THE PINES, INC.","LIFE St. Joseph of the Pines","Trinity Health Corporation","04/01/2011","Yes","*","161","161"
"H1518","National PACE","National PACE","CATHOLIC HEALTH SYSTEM BUFFALO PACE","Catholic Health LIFE","Catholic Health System, Inc.","09/01/2009","Yes","*","244","244"
"H1526","Local CCP","HMO/HMOPOS","GOLD KIDNEY OF FLORIDA INC","Gold Kidney Health Plan","Gold Kidney Health Plan","01/01/2024","Yes","30","1610","1640"
"H1533","National PACE","National PACE","STAYWELL SENIOR CARE, INC.","StayWell Senior Care","American Healthcare Systems, LLC","12/01/2014","Yes","*","81","81"
"H1537","Local CCP","Local PPO","UNITEDHEALTHCARE INSURANCE COMPANY","UnitedHealthcare","UnitedHealth Group, Inc.","01/01/2012","Yes","1886","18367","20253"
"H1544","National PACE","National PACE","LA COAST PACE, LLC","WelbeHealth","WelbeHealth LLC.","01/01/2020","Yes","*","569","569"
"H1587","Local CCP","HMO/HMOPOS","ARKANSAS SUPERIOR SELECT, INC.","Arkansas Superior Select Health Plans","Select Founders, LLC","01/01/2015","Yes","*","2621","2621"
"H1607","Local CCP","Local PPO","ANTHEM INSURANCE COMPANIES, INC.","Anthem Blue Cross and Blue Shield","Elevance Health, Inc.","08/01/2005","Yes","*","12256","12256"
"H1608","Local CCP","Local PPO","COVENTRY HEALTH AND LIFE INSURANCE COMPANY","Aetna Medicare","CVS Health Corporation","07/01/2005","Yes","1047","146925","147972"
"H1609","Local CCP","HMO/HMOPOS","AETNA HEALTH INC. (FL)","Aetna Medicare","CVS Health Corporation","07/01/2005","Yes","877","129353","130230"
"H1610","Local CCP","HMO/HMOPOS","COVENTRY HEALTH CARE OF VIRGINIA, INC.","Aetna Better Health of Virginia","CVS Health Corporation","01/01/2018","Yes","*","16764","16764"
"H1619","Local CCP","Local PPO","PARTNERS INSURANCE COMPANY INC","Jefferson Health Plans","Thomas Jefferson University","01/01/2024","Yes","*","1847","1847"
"H1622","National PACE","National PACE","NORTH EAST MEDICAL SERVICES","North East Medical Services - Program of All-Inclusive Care for the Elderly (PACE)","North East Medical Services","01/01/2021","Yes","*","193","193"
"H1644","Local CCP","HMO/HMOPOS","LONGEVITY HEALTH PLAN OF FLORIDA, INC.","Longevity Health Plan","Longevity Health Founders, LLC","01/01/2020","Yes","*","910","910"
"H1651","1876 Cost","1876 Cost","MEDICAL ASSOCIATES HEALTH PLAN, INC.","Medical Associates Health Plan, Inc.","Medical Associates Clinic, P.C.","02/01/1996","No","14780","*","14780"
"H1659","Local CCP","Local PPO","CARE IMPROVEMENT PLUS SOUTH CENTRAL INSURANCE CO.","UnitedHealthcare","UnitedHealth Group, Inc.","01/01/2011","Yes","*","1246","1246"
"H1664","Local CCP","HMO/HMOPOS","HOME STATE HEALTH PLAN, INC.","Wellcare","Centene Corporation","01/01/2018","Yes","*","4056","4056"
"H1666","Local CCP","Local PPO","HCSC INSURANCE SERVICES COMPANY","Blue Cross and Blue Shield of NM, TX","Health Care Service Corporation","01/01/2013","Yes","*","18871","18871"
"H1692","Local CCP","HMO/HMOPOS","COVENTRY HEALTH CARE OF WEST VIRGINIA, INC.","Aetna Medicare","CVS Health Corporation","01/01/2014","Yes","1264","19620","20884"
"H1693","National PACE","National PACE","FAMILY HEALTH CENTERS OF SAN DIEGO, INC","Family Health-Center for Older Adults","Family Health Centers of San Diego","07/01/2019","Yes","*","317","317"
"H1714","National PACE","National PACE","VIA CHRISTI HEALTHCARE OUTREACH FOR ELDERS, INC.","Ascension Living HOPE","Ascension Health Alliance","09/01/2002","Yes","*","260","260"
"H1722","Local CCP","HMO/HMOPOS","HEALTHFIRST HEALTH PLAN, INC.","Healthfirst Medicare Plan","Healthfirst, Inc.","01/01/2019","Yes","*","2321","2321"
"H1723","Demo","Medicare-Medicaid Plan HMO/HMOPOS","ABSOLUTE TOTAL CARE, INC.","Wellcare Prime by Absolute Total Care","Centene Corporation","02/01/2015","Yes","*","1908","1908"
"H1737","Local CCP","HMO/HMOPOS","HEALTH ALLIANCE - MIDWEST, INC.","Health Alliance Medicare","The Carle Foundation","01/01/2014","Yes","*","483","483"
"H1742","National PACE","National PACE","ASCENSION LIVING ST. VINCENT PACE, INC.","Ascension Living St. Vincent PACE","Ascension Health Alliance","07/01/2023","Yes","*","75","75"
"H1774","Local CCP","Local PPO","CENTENE VENTURE COMPANY INDIANA, INC.","Wellcare by Allwell","Centene Corporation","01/01/2021","Yes","*","615","615"
"H1787","Local CCP","HMO/HMOPOS","SANFORD HEALTH PLAN","Great Plains Medicare Advantage","Sanford Health","01/01/2018","Yes","*","334","334"
"H1799","Local CCP","HMO/HMOPOS","MOLINA HEALTHCARE OF KENTUCKY, INC.","Passport Advantage","Molina Healthcare, Inc.","01/01/2022","Yes","*","1231","1231"
"H1822","Local CCP","HMO/HMOPOS","SCAN DESERT HEALTH PLAN, INC.","SCAN Health Plan","SCAN Group","01/01/2022","Yes","*","3890","3890"
"H1846","Local CCP","Local PPO","MOUNT CARMEL HEALTH INSURANCE COMPANY","MediGold","Trinity Health Corporation","01/01/2009","Yes","*","2698","2698"
"H1862","Local CCP","HMO/HMOPOS","WELLCARE HEALTH PLANS OF VERMONT, INC.","Wellcare","Centene Corporation","01/01/2021","Yes","*","4260","4260"
"H1889","Local CCP","Local PPO","CARE IMPROVEMENT PLUS SOUTH CENTRAL INSURANCE CO.","UnitedHealthcare","UnitedHealth Group, Inc.","01/01/2020","Yes","4897","364260","369157"
"H1894","Local CCP","HMO/HMOPOS","WELLPOINT WASHINGTON, INC.","Wellpoint","Elevance Health, Inc.","01/01/2014","Yes","*","2136","2136"
"H1904","National PACE","National PACE","PACE GREATER NEW ORLEANS","Pace Greater New Orleans","Catholic Charities Archdiocese of New Orleans","09/01/2007","Yes","*","157","157"
"H1914","Local CCP","Local PPO","WELLCARE HEALTH INSURANCE OF CONNECTICUT, INC.","Wellcare","Centene Corporation","01/01/2020","Yes","898","7934","8832"
"H1917","National PACE","National PACE","WELBEHEALTH INLAND EMPIRE PACE, LLC","WELBEHEALTH","WelbeHealth LLC.","07/01/2024","Yes","*","460","460"
"H1947","Local CCP","HMO/HMOPOS","COMMUNITY CARE HEALTH PLAN OF LOUISIANA, INC.","Healthy Blue","Elevance Health, Inc.","01/01/2020","Yes","*","2052","2052"
"H1951","Local CCP","HMO/HMOPOS","HUMANA HEALTH BENEFIT PLAN OF LOUISIANA, INC.","Humana","Humana Inc.","06/01/1994","Yes","*","159972","159972"
"H1961","Local CCP","HMO/HMOPOS","PEOPLES HEALTH, INC.","Peoples Health","UnitedHealth Group, Inc.","07/01/1997","Yes","874","151025","151899"
"H1969","Local CCP","HMO/HMOPOS","REGENCE BLUESHIELD OF IDAHO, INC.","Regence BlueShield of Idaho","Cambia Health Solutions, Inc.","01/01/2015","Yes","*","691","691"
"H1977","Demo","Medicare-Medicaid Plan HMO/HMOPOS","UPPER PENINSULA HEALTH PLAN, LLC","Upper Peninsula Health Plan (UPHP) MI Health Link","DLP Marquette General Hospital, LLC","03/01/2015","Yes","*","3823","3823"
"H1980","National PACE","National PACE","HOSPICE OF THE BLUEGRASS, INC","Bluegrass PACE Care","Hospice of the Bluegrass, Inc.","08/01/2022","Yes","*","68","68"
"H1993","Local CCP","HMO/HMOPOS","ASTIVA HEALTH, INC.","Astiva Health","Astiva Health Holdings Incorporated","01/01/2021","Yes","*","39471","39471"
"H1994","Local CCP","HMO/HMOPOS","SELECTHEALTH, INC.","Select Health","Intermountain Health Care, Inc.","01/01/2013","Yes","660","66196","66856"
"H1997","Local CCP","HMO/HMOPOS","REGENCE BLUESHIELD","Regence BlueShield","Cambia Health Solutions, Inc.","01/01/2014","Yes","*","550","550"
"H2001","Local CCP","Local PPO","SIERRA HEALTH AND LIFE INSURANCE COMPANY, INC.","UnitedHealthcare","UnitedHealth Group, Inc.","08/01/2005","Yes","628529","2005247","2633776"
"H2029","Local CCP","Local PPO","HUMANA INSURANCE OF PUERTO RICO, INC.","Humana","Humana Inc.","01/01/2008","Yes","*","517","517"
"H2032","Local CCP","Local PPO","Baylor Scott & White Insurance Company","Baylor Scott & White Health Plan","Baylor Scott & White Health","01/01/2018","Yes","*","5557","5557"
"H2034","Local CCP","HMO/HMOPOS","COMMUNITY CARE HEALTH PLAN, INC.","Community Care","Community Care, Inc.","01/01/2008","Yes","*","490","490"
"H2041","Local CCP","HMO/HMOPOS","DEVOTED HEALTH PLAN OF MISSOURI INC","Devoted Health","Devoted Health, Inc.","01/01/2025","Yes","*","4828","4828"
"H2056","Local CCP","HMO/HMOPOS","AETNA BETTER HEALTH OF MICHIGAN INC.","Aetna Medicare","CVS Health Corporation","01/01/2020","Yes","13","7899","7912"
"H2064","National PACE","National PACE","GEISINGER COMMUNITY HEALTH SERVICES","LIFE Geisinger","Risant Health, Inc.","06/01/2008","Yes","*","387","387"
"H2085","National PACE","National PACE","COLLABRIA CARE","Providence PACE","St. Joseph Home Care Network","01/01/2023","Yes","*","80","80"
"H2096","Local CCP","Local PPO","SHARED HEALTH INSURANCE COMPANY","Shared Health Dual Freedom","BlueCross BlueShield of Tennessee","01/01/2025","Yes","*","*","*"
"H2108","Local CCP","HMO/HMOPOS","BRAVO HEALTH MID-ATLANTIC, INC.","HealthSpring","Health Care Service Corporation","01/01/2001","Yes","*","12484","12484"
"H2109","National PACE","National PACE","THE JOHNS HOPKINS HEALTH SYSTEM CORPORATION","Hopkins ElderPlus","The Johns Hopkins Health System Corporation","11/01/2002","Yes","*","140","140"
"H2117","Local CCP","Local PPO","MERIDIAN HEALTH PLAN OF MICHIGAN, INC.","Wellcare","Centene Corporation","01/01/2022","Yes","1174","6738","7912"
"H2128","Local CCP","Local PPO","CELTIC INSURANCE COMPANY","Wellcare by Allwell","Centene Corporation","01/01/2022","Yes","*","2433","2433"
"H2162","Local CCP","HMO/HMOPOS","WELLCARE OF NEW HAMPSHIRE, INC.","Wellcare","Centene Corporation","01/01/2020","Yes","*","*","*"
"H2168","Local CCP","HMO/HMOPOS","VILLAGE SENIOR SERVICES CORPORATION","VillageCareMAX","Village Care of New York, Inc.","01/01/2017","Yes","*","7598","7598"
"H2172","Local CCP","HMO/HMOPOS","KAISER FDTN HLTH PLAN OF THE MID-ATLANTIC STATES","Kaiser Permanente","Kaiser Foundation Health Plan, Inc.","01/01/2018","Yes","965","110576","111541"
"H2174","Local CCP","HMO/HMOPOS","TRILLIUM COMMUNITY HEALTH PLAN, INC.","Wellcare","Centene Corporation","01/01/2007","Yes","*","2458","2458"
"H2185","Local CCP","HMO/HMOPOS","LIFEWORKS ADVANTAGE, LLC","Lifeworks Advantage","Curana Health Holdings, LLC","01/01/2017","Yes","*","242","242"
"H2218","National PACE","National PACE","HARBOR HEALTH SERVICES, INC.","Elder Service Plan of Harbor Health Services, Inc","Harbor Health Services, Inc.","11/01/2002","Yes","*","530","530"
"H2219","National PACE","National PACE","FALLON COMMUNITY HEALTH PLAN","Fallon Health","Fallon Community Health Plan, Inc.","11/01/2002","Yes","*","1415","1415"
"H2220","National PACE","National PACE","UPHAMS CORNER HEALTH COMMITTEE, INC.","Upham's PACE","Uphams Corner Health Committee, Inc.","11/01/2002","Yes","*","298","298"
"H2221","National PACE","National PACE","CAMBRIDGE PUBLIC HEALTH COMMISSION","CHA PACE","Cambridge Health Alliance","11/01/2002","Yes","*","682","682"
"H2222","National PACE","National PACE","ELEMENT CARE, INC.","Element Care, Inc","Element Care, Inc.","11/01/2003","Yes","*","1127","1127"
"H2223","National PACE","National PACE","NEIGHBORHEALTH CORPORATION","Neighborhood PACE","NEIGHBORHEALTH CORPORATION","11/01/2003","Yes","*","847","847"
"H2224","Local CCP","HMO/HMOPOS","SENIOR WHOLE HEALTH, LLC","Molina Healthcare","Molina Healthcare, Inc.","08/01/2004","Yes","*","10494","10494"
"H2225","Local CCP","HMO/HMOPOS","COMMONWEALTH CARE ALLIANCE, INC.","Commonwealth Care Alliance Massachusetts","CareSource","06/01/2004","Yes","*","17308","17308"
"H2226","Local CCP","HMO/HMOPOS","UNITEDHEALTHCARE INSURANCE COMPANY","UnitedHealthcare","UnitedHealth Group, Inc.","03/01/2004","Yes","*","24380","24380"
"H2230","Local CCP","Local PPO","BCBS  OF MASSACHUSETTS HMO BLUE, INC.","Blue Cross Blue Shield of Massachusetts","Blue Cross and Blue Shield of Massachusetts, Inc.","09/01/2005","Yes","*","84433","84433"
"H2235","Local CCP","HMO/HMOPOS","BAYCARE SELECT HEALTH PLANS, INC.","BayCare Health Plans","BayCare Health System, Inc.","01/01/2019","Yes","*","15296","15296"
"H2237","Local CCP","HMO/HMOPOS","INDEPENDENT CARE HEALTH PLAN","iCare","Humana Inc.","01/01/2007","Yes","*","3225","3225"
"H2246","Local CCP","Local PPO","SELECTHEALTH, INC.","Select Health","Intermountain Health Care, Inc.","01/01/2023","Yes","*","3047","3047"
"H2247","Local CCP","HMO/HMOPOS","UNITEDHEALTHCARE COMMUNITY PLAN, INC.","UnitedHealthcare","UnitedHealth Group, Inc.","01/01/2018","Yes","*","41610","41610"
"H2256","Local CCP","HMO/HMOPOS","TUFTS ASSOCIATED HEALTH MAINTENANCE ORGANIZATION","Tufts Health Plan","Point32Health, Inc.","07/01/1994","Yes","5355","87518","92873"
"H2261","Local CCP","HMO/HMOPOS","BCBS  OF MASSACHUSETTS HMO BLUE, INC.","Blue Cross Blue Shield of Massachusetts","Blue Cross and Blue Shield of Massachusetts, Inc.","01/01/1996","Yes","*","14745","14745"
"H2272","Local CCP","HMO/HMOPOS","UNITEDHEALTHCARE OF NEW ENGLAND, INC.","UnitedHealthcare","UnitedHealth Group, Inc.","01/01/2023","Yes","*","9377","9377"
"H2292","Local CCP","Local PPO","CARE IMPROVEMENT PLUS SOUTH CENTRAL INSURANCE CO.","UnitedHealthcare","UnitedHealth Group, Inc.","01/01/2019","Yes","*","8998","8998"
"H2293","Local CCP","Local PPO","SILVERSCRIPT INSURANCE COMPANY","Aetna Medicare","CVS Health Corporation","01/01/2023","Yes","1176","136387","137563"
"H2318","National PACE","National PACE","PACE SOUTHEAST MICHIGAN","PACE Southeast Michigan","Henry Ford Health System","11/01/2003","Yes","*","2221","2221"
"H2320","Local CCP","HMO/HMOPOS","PRIORITY HEALTH","Priority Health Medicare","Corewell Health","07/01/2005","Yes","*","148391","148391"
"H2322","Local CCP","Local PPO","ALLIANCE HEALTH AND LIFE INSURANCE COMPANY","HAP Senior Plus (PPO)","Henry Ford Health System","08/01/2005","Yes","*","17529","17529"
"H2354","Local CCP","HMO/HMOPOS","HEALTH ALLIANCE PLAN OF MICHIGAN","HAP Senior Plus","Henry Ford Health System","04/01/1997","Yes","23392","46211","69603"
"H2368","National PACE","National PACE","INNOVAGE CALIFORNIA PACE-SACRAMENTO, LLC","InnovAge California PACE - Sacramento","Total Community Options, Inc.","07/01/2020","Yes","*","596","596"
"H2384","National PACE","National PACE","SEQUOIA PACE, LLC","WelbeHealth","WelbeHealth LLC.","07/01/2020","Yes","*","779","779"
"H2386","National PACE","National PACE","APPALACHIAN AGENCY FOR SENIOR CITIZENS, INC.","Appalachian Agency for Senior Citizens, Inc,","Appalachian Agency for Senior Citizens, Inc.","05/01/2008","Yes","*","164","164"
"H2392","Local CCP","HMO/HMOPOS","KANSAS SUPERIOR SELECT, INC.","Kansas Health Advantage","Kansas Superior Select","01/01/2018","Yes","*","851","851"
"H2397","National PACE","National PACE","PACE AT HUDSON HEADWATERS, INC.","PACE at Hudson Headwaters, Inc.","PACE AT HUDSON HEADWATERS, INC.","12/01/2024","Yes","*","38","38"
"H2400","Local CCP","HMO/HMOPOS","SIGNATURE ADVANTAGE, LLC","Signature Advantage (HMO SNP)","BrightSpring Health Services, Inc.","01/01/2016","Yes","*","952","952"
"H2406","Local CCP","Local PPO","CARE IMPROVEMENT PLUS SOUTH CENTRAL INSURANCE CO.","UnitedHealthcare","UnitedHealth Group, Inc.","06/01/2001","Yes","24644","691703","716347"
"H2416","Local CCP","HMO/HMOPOS","PRIMEWEST RURAL MN HEALTH CARE ACCESS INITIATIVE","PrimeWest Health","PrimeWest Rural MN Health Care Access Initiative","07/01/2005","Yes","*","2046","2046"
"H2417","Local CCP","HMO/HMOPOS","ITASCA MEDICAL CARE","Itasca Medical Care/IMCare Classic","Itasca County","06/01/2005","Yes","*","326","326"
"H2419","Local CCP","HMO/HMOPOS","SOUTH COUNTRY HEALTH ALLIANCE","South Country Health Alliance","South Country Health Alliance","08/01/2005","Yes","*","966","966"
"H2422","Local CCP","HMO/HMOPOS","HEALTHPARTNERS, INC.","HealthPartners","HealthPartners, Inc.","05/01/2005","Yes","*","5626","5626"
"H2425","Local CCP","HMO/HMOPOS","HMO Minnesota","Blue Plus","Aware Integrated, Inc.","09/01/2005","Yes","*","11074","11074"
"H2441","Local CCP","Local PPO","ANTHEM INSURANCE COMPANIES, INC.","Anthem Blue Cross and Blue Shield","Elevance Health, Inc.","01/01/2025","Yes","*","1039","1039"
"H2445","Local CCP","HMO/HMOPOS","UNITEDHEALTHCARE OF THE MID-ATLANTIC, INC.","UnitedHealthcare","UnitedHealth Group, Inc.","01/01/2025","Yes","*","39693","39693"
"H2450","1876 Cost","1876 Cost","MEDICA INSURANCE COMPANY","Medica","Medica Holding Company","01/01/1990","Yes","62065","16111","78176"
"H2456","Local CCP","HMO/HMOPOS","UCARE MINNESOTA","UCare's MSHO","UCare Minnesota","01/01/1997","Yes","*","17618","17618"
"H2458","Local CCP","HMO/HMOPOS","MEDICA HEALTH PLANS","Medica","Medica Holding Company","07/01/1997","Yes","*","10187","10187"
"H2459","Local CCP","HMO/HMOPOS","UCARE MINNESOTA","UCare","UCare Minnesota","05/01/1998","Yes","5622","89377","94999"
"H2461","1876 Cost","1876 Cost","BCBSM, Inc.","Blue Cross and Blue Shield of Minnesota","Aware Integrated, Inc.","01/01/1999","Yes","33537","15044","48581"
"H2462","1876 Cost","1876 Cost","HEALTHPARTNERS, INC.","HealthPartners","HealthPartners, Inc.","01/01/1999","Yes","4775","*","4775"
"H2463","Local CCP","HMO/HMOPOS","HUMANA HEALTH PLAN OF TEXAS, INC.","Humana","Humana Inc.","01/01/2019","Yes","*","1728","1728"
"H2478","Local CCP","HMO/HMOPOS","MOLINA HEALTHCARE OF NEVADA INC","Molina Healthcare of Nevada","Molina Healthcare, Inc.","01/01/2023","Yes","*","27","27"
"H2486","Local CCP","HMO/HMOPOS","HUMANA MEDICAL PLAN OF UTAH, INC.","Humana","Humana Inc.","01/01/2008","Yes","*","6407","6407"
"H2491","Local CCP","HMO/HMOPOS","WELLCARE HEALTH INSURANCE OF ARIZONA, INC.","Wellcare","Centene Corporation","01/01/2009","Yes","*","13661","13661"
"H2506","Demo","Medicare-Medicaid Plan HMO/HMOPOS","AETNA BETTER HEALTH PREMIER PLAN MMAI INC.","Aetna Better Health Premier Plan","CVS Health Corporation","02/01/2014","Yes","*","13350","13350"
"H2509","Local CCP","HMO/HMOPOS","UNITEDHEALTHCARE OF FLORIDA, INC.","UnitedHealthcare","UnitedHealth Group, Inc.","01/01/2023","Yes","*","56626","56626"
"H2526","Local CCP","Local PPO","DEVOTED HEALTH PLAN OF OHIO INC","Devoted Health","Devoted Health, Inc.","01/01/2023","Yes","833","5346","6179"
"H2531","Demo","Medicare-Medicaid Plan HMO/HMOPOS","UNITEDHEALTHCARE COMMUNITY PLAN OF OHIO, INC.","UnitedHealthcare Community Plan","UnitedHealth Group, Inc.","05/01/2014","Yes","*","6411","6411"
"H2533","Demo","Medicare-Medicaid Plan HMO/HMOPOS","MOLINA HEALTHCARE OF SOUTH CAROLINA, INC.","Molina Healthcare of South Carolina","Molina Healthcare, Inc.","02/01/2015","Yes","*","2415","2415"
"H2541","National PACE","National PACE","AGEWELL PACE","AgeWell PACE","AgeWell PACE","07/01/2023","Yes","*","128","128"
"H2563","Local CCP","HMO/HMOPOS","SENTARA HEALTH PLANS","Sentara Medicare","Sentara Health Care (SHC)","01/01/2014","Yes","723","28433","29156"
"H2582","Local CCP","HMO/HMOPOS","ROCKY MOUNTAIN HEALTH MAINTENANCE ORGANIZATION INC","UnitedHealthcare","UnitedHealth Group, Inc.","01/01/2020","Yes","*","9554","9554"
"H2591","Local CCP","Local PPO","HEALTH ALLIANCE - MIDWEST, INC.","Health Alliance Medicare","The Carle Foundation","01/01/2015","Yes","*","510","510"
"H2593","Local CCP","HMO/HMOPOS","WELLPOINT TEXAS, INC.","Wellpoint","Elevance Health, Inc.","01/01/2010","Yes","*","9463","9463"
"H2610","Local CCP","HMO/HMOPOS","ESSENCE HEALTHCARE, INC.","Essence Healthcare","Lumeris Group Holdings Corporation","06/01/2004","Yes","*","41419","41419"
"H2624","Local CCP","HMO/HMOPOS","CARE N' CARE INSURANCE COMPANY OF NORTH CAROLINA","HealthTeam Advantage","Risant Health, Inc.","01/01/2020","Yes","*","7780","7780"
"H2663","Local CCP","HMO/HMOPOS","COVENTRY HEALTH CARE OF MISSOURI, INC.","Aetna Medicare","CVS Health Corporation","11/01/1995","Yes","3666","125020","128686"
"H2686","Local CCP","Local PPO","DEVOTED HEALTH INSURANCE COMPANY OF HAWAII INC","Devoted Health","Devoted Health, Inc.","01/01/2023","Yes","288","7648","7936"
"H2694","Local CCP","Local PPO","ETERNALHEALTH, INC.","eternalHealth","Eternal Health of Delaware, Inc.","01/01/2022","Yes","*","1598","1598"
"H2697","Local CCP","HMO/HMOPOS","DEVOTED HEALTH PLAN OF OHIO, INC.","Devoted Health","Devoted Health, Inc.","01/01/2021","Yes","*","29471","29471"
"H2715","Local CCP","HMO/HMOPOS","MOLINA HEALTHCARE OF ILLINOIS INC","Molina Healthcare of Illinois","Molina Healthcare, Inc.","01/01/2023","Yes","*","723","723"
"H2722","Local CCP","HMO/HMOPOS","Primewell Health Services of Arkansas, Inc.","Primewell Health Services","Louisiana Health Service & Indemnity Company","01/01/2020","Yes","*","348","348"
"H2737","Local CCP","Local PPO","HEALTH NEW ENGLAND, INC.","Health New England Medicare Advantage Plans","Baystate Health, Inc.","01/01/2022","Yes","*","4119","4119"
"H2752","Local CCP","HMO/HMOPOS","BRAVO HEALTH PENNSYLVANIA, INC.","HealthSpring","Health Care Service Corporation","01/01/2022","Yes","*","468","468"
"H2775","Local CCP","Local PPO","AMERICAN PROGRESSIVE LIFE & HLTH INS COMPANY OF NY","Wellcare","Centene Corporation","01/01/2009","Yes","37","84529","84566"
"H2802","Local CCP","HMO/HMOPOS","UNITEDHEALTHCARE OF THE MIDLANDS, INC.","UnitedHealthcare","UnitedHealth Group, Inc.","10/01/1985","Yes","13443","347339","360782"
"H2815","National PACE","National PACE","VOANS SENIOR COMMUNITY CARE OF COLORADO, INC","Senior CommUnity Care of Colorado","Volunteers of America National Services","08/01/2008","Yes","*","300","300"
"H2816","PFFS","PFFS","AMERICAN PROGRESSIVE LIFE & HLTH INS COMPANY OF NY","Wellcare","Centene Corporation","01/01/2011","Yes","1390","465","1855"
"H2819","Local CCP","HMO/HMOPOS","CALIFORNIA PHYSICIANS' SERVICE","Blue Shield of California","California Physicians' Service","01/01/2024","Yes","*","16071","16071"
"H2835","National PACE","National PACE","THE CASCADE PACE, INC.","Thome PACE","United Methodist Retirement Communities, Inc.","02/01/2016","Yes","*","241","241"
"H2836","Local CCP","Local PPO","ANTHEM HEALTH PLANS, INC.","Anthem Blue Cross and Blue Shield","Elevance Health, Inc.","01/01/2012","Yes","*","7336","7336"
"H2853","Local CCP","HMO/HMOPOS","CENTENE VENTURE COMPANY TENNESSEE","Ascension Complete","Centene Corporation","01/01/2021","Yes","*","*","*"
"H2875","Local CCP","HMO/HMOPOS","HUMANA WI HEALTH ORGANIZATION INSURANCE CORP","Humana","Humana Inc.","01/01/2025","Yes","*","1070","1070"
"H2882","National PACE","National PACE","PACE CENTRAL MICHIGAN, INC.","PACE Central Michigan","PACE Central Michigan, Inc.","11/01/2018","Yes","*","255","255"
"H2915","Local CCP","HMO/HMOPOS","PENNSYLVANIA HEALTH & WELLNESS, INC.","Wellcare","Centene Corporation","01/01/2018","Yes","182","14605","14787"
"H2918","National PACE","National PACE","Advocates for a Healthy Community, Inc. dba Jordan","Jordan Valley Senior Care","Advocates for a Healthy Community, Inc.","07/01/2024","Yes","*","54","54"
"H2923","Local CCP","HMO/HMOPOS","DEVOTED HEALTH PLAN OF OREGON INC","Devoted Health","Devoted Health, Inc.","01/01/2023","Yes","*","3072","3072"
"H2926","Local CCP","HMO/HMOPOS","PRIMEWEST RURAL MN HEALTH CARE ACCESS INITIATIVE","PrimeWest Health","PrimeWest Rural MN Health Care Access Initiative","01/01/2008","Yes","*","611","611"
"H2936","National PACE","National PACE","LIFECIRCLES","LIFECIRCLES","LifeCircles","02/01/2009","Yes","*","463","463"
"H2937","National PACE","National PACE","SENIOR LIFE GREENSBURG, INC.","Senior LIFE Greensburg","Senior LIFE Greensburg, Inc.","02/01/2013","Yes","*","178","178"
"H2941","National PACE","National PACE","SENTARA LIFE CARE CORPORATION, INC","Sentara PACE","Sentara Health Care (SHC)","11/01/2007","Yes","*","231","231"
"H2942","Local CCP","HMO/HMOPOS","COX HEALTH SYSTEMS HMO INC","Cox HealthPlans","CoxHealth","01/01/2023","Yes","*","3804","3804"
"H2960","Local CCP","HMO/HMOPOS","HOMETOWN HEALTH PLAN, INC.","Senior Care Plus","Renown Health","10/01/1995","Yes","507","19480","19987"
"H2962","Local CCP","HMO/HMOPOS","ULTIMATE HEALTH PLANS, INC.","Ultimate Health Plans","Ultimate Healthcare Holdings, LLC","01/01/2013","Yes","*","7598","7598"
"H2992","National PACE","National PACE","SENIORLIFE WASHINGTON, INC.","Senior LIFE Washington / Uniontown / Greene","SeniorLife Washington, Inc.","05/01/2011","Yes","*","566","566"
"H3015","Local CCP","HMO/HMOPOS","SHARED HEALTH MISSISSIPPI, INC.","Shared Health Dual Plus - DE H3015-001 (HMO D-SNP)","BlueCross BlueShield of Tennessee","01/01/2021","Yes","*","4010","4010"
"H3038","Local CCP","HMO/HMOPOS","MOLINA HEALTHCARE OF CALIFORNIA","Molina Healthcare of California","Molina Healthcare, Inc.","01/01/2024","Yes","*","24498","24498"
"H3041","Local CCP","HMO/HMOPOS","DEVOTED HEALTH PLAN OF SOUTH CAROLINA INC","Devoted Health","Devoted Health, Inc.","01/01/2023","Yes","*","1401","1401"
"H3047","Local CCP","Local PPO","WELLCARE HEALTH INSURANCE COMPANY OF LOUISIANA","Wellcare","Centene Corporation","01/01/2021","Yes","*","1441","1441"
"H3048","Local CCP","HMO/HMOPOS","SECUR INC","SECUR Health Plan","Chapters CareNu Inc","01/01/2025","Yes","*","239","239"
"H3060","National PACE","National PACE","VIECARE BUTLER, LLC","LIFE Butler County","Lutheran SeniorLife","09/01/2013","Yes","*","153","153"
"H3071","Local CCP","HMO/HMOPOS","CLEAR SPRING HEALTH COMMUNITY CARE, INC.","Clear Spring Health","Group 1001","01/01/2014","Yes","*","2190","2190"
"H3080","Local CCP","HMO/HMOPOS","DEVOTED HEALTH PLAN OF ALABAMA INC","Devoted Health","Devoted Health, Inc.","01/01/2023","Yes","*","9031","9031"
"H3084","National PACE","National PACE","INTERNATIONAL COMMUNITY HEALTH SERVICES","International Community Health Services","International Community Health Services","07/01/2019","Yes","*","114","114"
"H3113","Local CCP","HMO/HMOPOS","OXFORD HEALTH PLANS (NJ), INC.","UnitedHealthcare","UnitedHealth Group, Inc.","07/01/2005","Yes","*","89776","89776"
"H3124","Local CCP","Local PPO","PARTNERS INSURANCE COMPANY OF NEW JERSEY INC","Jefferson Health Plans","Thomas Jefferson University","01/01/2025","Yes","*","902","902"
"H3138","Local CCP","Local PPO","KAISER PERMANENTE INSURANCE COMPANY","Kaiser Permanente","Kaiser Foundation Health Plan, Inc.","01/01/2024","Yes","*","1028","1028"
"H3146","Local CCP","HMO/HMOPOS","AETNA BETTER HEALTH INC. (GA)","Aetna Medicare","CVS Health Corporation","01/01/2020","Yes","*","61664","61664"
"H3152","Local CCP","HMO/HMOPOS","AETNA HEALTH INC. (NJ)","Aetna Medicare","CVS Health Corporation","09/01/1993","Yes","11219","15460","26679"
"H3170","Local CCP","HMO/HMOPOS","SAPPHIRE EDGE, INC.","Blue Cross and Blue Shield of Nebraska","Blue Cross Blue Shield of Nebraska","01/01/2017","Yes","*","3436","3436"
"H3186","Local CCP","Local PPO","SANFORD HEALTH PLAN OF MINNESOTA","Align powered by Sanford Health Plan","Sanford Health","01/01/2022","Yes","*","1703","1703"
"H3189","Local CCP","HMO/HMOPOS","ESSENCE HEALTHCARE OF OHIO, INC.","Essence Healthcare","Lumeris Group Holdings Corporation","01/01/2023","Yes","*","47","47"
"H3192","Local CCP","HMO/HMOPOS","AETNA HEALTH OF MICHIGAN INC.","Aetna Medicare","CVS Health Corporation","01/01/2020","Yes","*","39466","39466"
"H3204","Local CCP","HMO/HMOPOS","PRESBYTERIAN HEALTH PLAN","Presbyterian Health Plan","Presbyterian Healthcare Services","04/01/1986","Yes","1481","55004","56485"
"H3219","Local CCP","Local PPO","ALLINA HEALTH AND AETNA INSURANCE COMPANY","Allina Health Aetna Medicare","Allina Health and Aetna Insurance Holding Company","01/01/2019","Yes","1279","28893","30172"
"H3239","Local CCP","HMO/HMOPOS","AETNA BETTER HEALTH, INC. (LA)","Aetna Medicare","CVS Health Corporation","01/01/2019","Yes","*","38138","38138"
"H3240","Local CCP","HMO/HMOPOS","WELLPOINT NEW JERSEY, INC.","Wellpoint","Elevance Health, Inc.","01/01/2008","Yes","*","17657","17657"
"H3251","Local CCP","HMO/HMOPOS","HEALTH CARE SERVICE CORPORATION","Blue Cross and Blue Shield of New Mexico","Health Care Service Corporation","11/01/1993","Yes","*","20680","20680"
"H3256","Local CCP","Local PPO","CARE IMPROVEMENT PLUS SOUTH CENTRAL INSURANCE CO.","UnitedHealthcare","UnitedHealth Group, Inc.","01/01/2021","Yes","*","69768","69768"
"H3259","Local CCP","HMO/HMOPOS","VOLUNTEER STATE HEALTH PLAN","BlueCare Plus Tennessee","BlueCross BlueShield of Tennessee","01/01/2014","Yes","*","28397","28397"
"H3274","Local CCP","HMO/HMOPOS","ALIGN SENIOR CARE CALIFORNIA INC.","Align Senior Care","Curana Health Holdings, LLC","01/01/2022","Yes","*","510","510"
"H3276","Local CCP","HMO/HMOPOS","CONNECTICARE INSURANCE COMPANY, INC.","ConnectiCare","Molina Healthcare, Inc.","01/01/2019","Yes","*","495","495"
"H3284","National PACE","National PACE","PNW PACE PARTNERS, LLC","Pacific Northwest PACE Partners","MultiCare Health Systems","01/01/2022","Yes","*","239","239"
"H3288","Local CCP","Local PPO","AETNA HEALTH AND LIFE INSURANCE COMPANY","Aetna Medicare","CVS Health Corporation","01/01/2020","Yes","3503","62962","66465"
"H3291","Local CCP","HMO/HMOPOS","PRUITTHEALTH PREMIER, INC.","PruittHealth Premier","UNICO Services, Inc.","01/01/2016","Yes","*","2322","2322"
"H3305","Local CCP","HMO/HMOPOS","MVP HEALTH PLAN, INC.","MVP HEALTH CARE","MVP Health Care, Inc.","11/01/1985","Yes","807","29287","30094"
"H3307","Local CCP","HMO/HMOPOS","OXFORD HEALTH PLANS (NY), INC.","UnitedHealthcare","UnitedHealth Group, Inc.","10/01/1991","Yes","*","116","116"
"H3312","Local CCP","HMO/HMOPOS","AETNA HEALTH INC. (NY)","Aetna Medicare","CVS Health Corporation","10/01/1986","Yes","39","82313","82352"
"H3321","National PACE","National PACE","LORETTO INDEPENDENT LIVING SERVICES, INC.","Independent Living Srvcs Of Central Ny","Loretto Rest Realty Corporation","11/01/2002","Yes","*","592","592"
"H3322","National PACE","National PACE","SENIOR CARE CONNECTION, INC.","Eddy SeniorCare","Trinity Health Corporation","11/01/2002","Yes","*","434","434"
"H3329","National PACE","National PACE","CENTERLIGHT HEALTHCARE, INC.","CenterLight Healthcare PACE","CenterLight Health System, Inc.","11/01/2003","Yes","*","2504","2504"
"H3330","Local CCP","HMO/HMOPOS","HEALTH INSURANCE PLAN OF GREATER NEW YORK","EmblemHealth","EmblemHealth, Inc.","07/01/1987","Yes","16158","20994","37152"
"H3331","National PACE","National PACE","INDEPENDENT LIVING FOR SENIORS, INC.","ElderONE an Affiliate of Rochester Regional Health","Rochester Regional Health","11/01/2003","Yes","*","784","784"
"H3335","Local CCP","Local PPO","EXCELLUS HEALTH PLAN, INC.","Excellus Health Plan, Inc","Lifetime Healthcare, Inc.","07/01/2004","Yes","2129","95479","97608"
"H3342","Local CCP","Local PPO","ANTHEM HEALTHCHOICE ASSURANCE, INC.","Anthem Blue Cross and Blue Shield","Elevance Health, Inc.","09/01/2005","Yes","*","443","443"
"H3344","Local CCP","Local PPO","INDEPENDENT HEALTH BENEFITS CORPORATION","Independent Health","Independent Health Association, Inc.","09/01/2005","Yes","1399","4555","5954"
"H3347","Local CCP","HMO/HMOPOS","ELDERPLAN, INC.","Elderplan","Elderplan, Inc.","01/01/2006","Yes","*","24173","24173"
"H3351","Local CCP","HMO/HMOPOS","EXCELLUS HEALTH PLAN, INC.","Excellus Health Plan, Inc","Lifetime Healthcare, Inc.","01/01/1990","Yes","478","107649","108127"
"H3359","Local CCP","HMO/HMOPOS","HEALTHFIRST HEALTH PLAN, INC.","Healthfirst Medicare Plan","Healthfirst, Inc.","06/01/1994","Yes","*","320080","320080"
"H3362","Local CCP","HMO/HMOPOS","INDEPENDENT HEALTH ASSOCIATION, INC.","Independent Health","Independent Health Association, Inc.","01/01/1996","Yes","8170","56195","64365"
"H3379","Local CCP","HMO/HMOPOS","UNITEDHEALTHCARE OF NEW YORK, INC.","UnitedHealthcare","UnitedHealth Group, Inc.","03/01/1997","Yes","*","115572","115572"
"H3384","Local CCP","HMO/HMOPOS","Highmark Western and Northeastern New York Inc.","Highmark Blue Cross Blue Shield or Highmark Blue Shield","Highmark Health","02/01/1998","Yes","426","45021","45447"
"H3387","Local CCP","HMO/HMOPOS","UNITEDHEALTHCARE OF NEW YORK, INC.","UnitedHealthcare","UnitedHealth Group, Inc.","01/01/1999","Yes","*","170604","170604"
"H3388","Local CCP","HMO/HMOPOS","CAPITAL DISTRICT PHYSICIANS' HEALTH PLAN, INC.","CDPHP Medicare Advantage","Lifetime Healthcare, Inc.","08/01/1999","Yes","424","59868","60292"
"H3404","Local CCP","Local PPO","BLUE CROSS AND BLUE SHIELD OF NORTH CAROLINA","Blue Cross and Blue Shield of North Carolina","CuraCor Solutions Corp.","07/01/2005","Yes","1058","33205","34263"
"H3407","Local CCP","HMO/HMOPOS","EL PASO FIRST HEALTH PLANS, INC.","El Paso Health Medicare Advantage","El Paso County Hospital District","01/01/2020","Yes","*","991","991"
"H3418","Local CCP","Local PPO","CARE IMPROVEMENT PLUS SOUTH CENTRAL INSURANCE CO.","UnitedHealthcare","UnitedHealth Group, Inc.","01/01/2020","Yes","*","65510","65510"
"H3419","Local CCP","HMO/HMOPOS","PERENNIAL ADVANTAGE OF COLORADO, INC.","Perennial Advantage","Perennial Consortium, LLC","01/01/2021","Yes","*","170","170"
"H3430","National PACE","National PACE","SUNCOAST PACE, INC.","Suncoast PACE, Inc.","Empath Health, Inc.","09/01/2009","Yes","*","288","288"
"H3443","Local CCP","HMO/HMOPOS","ALIGNMENT HEALTH PLAN OF ARIZONA, INC.","Alignment Health Plan","Alignment Healthcare USA, LLC","01/01/2022","Yes","*","6305","6305"
"H3447","Local CCP","HMO/HMOPOS","HEALTHKEEPERS, INC.","Anthem HealthKeepers","Elevance Health, Inc.","01/01/2013","Yes","*","267586","267586"
"H3449","Local CCP","HMO/HMOPOS","BLUE CROSS AND BLUE SHIELD OF NORTH CAROLINA","Blue Cross and Blue Shield of North Carolina","CuraCor Solutions Corp.","07/01/1995","Yes","6501","122426","128927"
"H3467","Local CCP","HMO/HMOPOS","PROCARE ADVANTAGE, LLC","ProCare Advantage","First Sacramento Capital Funding LLC","01/01/2020","Yes","*","1119","1119"
"H3473","National PACE","National PACE","INNOVAGE VIRGINIA PACE-CHARLOTTESVILLE, LLC","InnovAge Virginia PACE - Blue Ridge","Total Community Options, Inc.","03/01/2014","Yes","*","265","265"
"H3493","National PACE","National PACE","LIFE AT LOURDES, INC.","Trinity Health LIFE New Jersey","Trinity Health Corporation","05/01/2009","Yes","*","170","170"
"H3499","Local CCP","HMO/HMOPOS","COORDINATED CARE CORPORATION","Wellcare","Centene Corporation","01/01/2018","Yes","*","1872","1872"
"H3517","National PACE","National PACE","HUMBOLDT SENIOR RESOURCE CENTER, INC.","Redwood Coast PACE","Humboldt Senior Resource Center, Inc.","09/01/2014","Yes","*","360","360"
"H3522","National PACE","National PACE","REID HOSPITAL & HEALTH CARE SERVICES, INC.","Reid Health PACE Center","Reid Hospital & Health Care Services, Inc.","10/01/2020","Yes","*","111","111"
"H3528","Local CCP","HMO/HMOPOS","CONNECTICARE, INC.","ConnectiCare","Molina Healthcare, Inc.","01/01/2008","Yes","1010","46431","47441"
"H3533","Local CCP","HMO/HMOPOS","HUMANA HEALTH COMPANY OF NEW YORK, INC.","Humana","Humana Inc.","01/01/2009","Yes","*","24735","24735"
"H3536","Local CCP","HMO/HMOPOS","MATTHEW THORNTON HEALTH PLAN, INC.","Anthem Blue Cross and Blue Shield","Elevance Health, Inc.","01/01/2014","Yes","*","9092","9092"
"H3551","Local CCP","HMO/HMOPOS","ETERNALHEALTH OF ARIZONA INC","eternalHealth","Eternal Health of Delaware, Inc.","01/01/2024","Yes","87","916","1003"
"H3554","Local CCP","Local PPO","USABLE PPO INSURANCE COMPANY","Arkansas Blue Medicare","USAble Mutual Insurance Company","01/01/2021","Yes","344","8200","8544"
"H3557","Local CCP","Local PPO","BLUE CROSS & BLUE SHIELD OF RHODE ISLAND","Blue Cross & Blue Shield of Rhode Island","Blue Cross & Blue Shield of Rhode Island","01/01/2020","Yes","*","2489","2489"
"H3561","Local CCP","HMO/HMOPOS","HEALTH NET COMMUNITY SOLUTIONS, INC.","Wellcare","Centene Corporation","01/01/2016","Yes","*","53346","53346"
"H3563","National PACE","National PACE","GARY AND MARY WEST SENIOR SERVICES, INC.","Gary and Mary West PACE","Gary and Mary West Senior Services, Inc.","07/01/2019","Yes","*","410","410"
"H3597","Local CCP","HMO/HMOPOS","AETNA HEALTH INC. (ME)","Aetna Medicare","CVS Health Corporation","01/01/2008","Yes","19","22796","22815"
"H3613","National PACE","National PACE","MCGREGOR PACE","McGregor PACE","McGregor at Overlook","11/01/2002","Yes","*","608","608"
"H3653","Local CCP","HMO/HMOPOS","PARAMOUNT CARE, INC.","Paramount Elite Medicare Plans","MEDICAL MUTUAL OF OHIO","02/01/1995","Yes","94","17073","17167"
"H3655","Local CCP","HMO/HMOPOS","COMMUNITY INSURANCE COMPANY","Anthem Blue Cross and Blue Shield","Elevance Health, Inc.","10/01/1994","Yes","11","278994","279005"
"H3660","Local CCP","HMO/HMOPOS","SUMMACARE INC.","SummaCare Medicare Advantage Plans","Summa Health","06/01/1996","Yes","200","26603","26803"
"H3664","Local CCP","HMO/HMOPOS","AULTCARE HEALTH INSURING CORPORATION","PrimeTime Health Plan","Aultman Health Foundation","01/01/1997","Yes","406","13851","14257"
"H3668","Local CCP","HMO/HMOPOS","MOUNT CARMEL HEALTH PLAN, INC.","MediGold","Trinity Health Corporation","03/01/1997","Yes","695","41907","42602"
"H3672","Local CCP","HMO/HMOPOS","THE HEALTH PLAN OF WEST VIRGINIA, INC.","The Health Plan","The Health Plan of West Virginia, Inc.","03/01/1997","Yes","325","7418","7743"
"H3706","Local CCP","HMO/HMOPOS","GLOBALHEALTH, INC.","GlobalHealth","MHH Healthcare, L.P.","01/01/2004","Yes","238","16834","17072"
"H3708","Local CCP","HMO/HMOPOS","OKLAHOMA SUPERIOR SELECT, INC.","American Health Advantage of Oklahoma","Mitchell Family Office","08/01/2005","Yes","*","389","389"
"H3727","Local CCP","HMO/HMOPOS","OH CHS SNP INC.","Communicare Advantage","SNP Holdings, LLC","01/01/2021","Yes","*","2411","2411"
"H3740","National PACE","National PACE","WEST BALTIMORE PACE COMMUNITY COALITION","PACE of West Baltimore","West Baltimore PACE Community Coalition LLC","10/01/2024","Yes","*","31","31"
"H3748","Local CCP","HMO/HMOPOS","AETNA BETTER HEALTH OF WASHINGTON, INC.","Aetna Medicare","CVS Health Corporation","01/01/2020","Yes","*","7796","7796"
"H3755","Local CCP","HMO/HMOPOS","COMMUNITYCARE GOVERNMENT PROGRAMS, INC.","CommunityCare Senior Health Plan (HMO)","St Francis Health System & St John Health System","05/01/1996","Yes","1895","33207","35102"
"H3777","Local CCP","HMO/HMOPOS","BLUE CROSS AND BLUE SHIELD OF NORTH CAROLINA","Experience Health","CuraCor Solutions Corp.","01/01/2020","Yes","*","3064","3064"
"H3794","Local CCP","HMO/HMOPOS","UNITEDHEALTHCARE OF WISCONSIN, INC.","UnitedHealthcare","UnitedHealth Group, Inc.","01/01/2014","Yes","*","47642","47642"
"H3800","Local CCP","HMO/HMOPOS","PROVIDER PARTNERS HEALTH PLAN OF ILLINOIS","Provider Partners Health Plans","Rifkin Managed Care Holding, LLC","01/01/2020","Yes","*","1229","1229"
"H3805","Local CCP","HMO/HMOPOS","UnitedHealthcare Benefits of Texas, Inc.","UnitedHealthcare","UnitedHealth Group, Inc.","01/01/1986","Yes","2028","218376","220404"
"H3809","National PACE","National PACE","PROVIDENCE HEALTH & SERVICES - OREGON","Providence PACE - Oregon","Providence Health & Services","11/01/2003","Yes","*","1893","1893"
"H3810","Local CCP","HMO/HMOPOS","ALLCARE HEALTH PLAN, INC.","AllCare Advantage","AllCare Health, Inc.","05/01/2005","Yes","*","2594","2594"
"H3811","Local CCP","HMO/HMOPOS","SAMARITAN HEALTH PLANS, INC.","Samaritan Advantage Health Plans","Samaritan Health Services, Inc.","06/01/2005","Yes","260","13451","13711"
"H3814","Local CCP","HMO/HMOPOS","ATRIO HEALTH PLANS","ATRIO Health Plans","ATRIO Health Plans","07/01/2005","Yes","*","2188","2188"
"H3815","Local CCP","HMO/HMOPOS","ALIGNMENT HEALTH PLAN","Alignment Health Plan","Alignment Healthcare USA, LLC","07/01/2005","Yes","*","189979","189979"
"H3817","Local CCP","Local PPO","REGENCE BLUECROSS BLUESHIELD OF OREGON","Regence BlueCross BlueShield of Oregon","Cambia Health Solutions, Inc.","07/01/2005","Yes","4302","50027","54329"
"H3822","Local CCP","HMO/HMOPOS","HEALTH CARE SERVICE CORPORATION","Blue Cross and Blue Shield of IL, NM","Health Care Service Corporation","01/01/2013","Yes","*","20201","20201"
"H3828","Local CCP","Local PPO","MOUNT CARMEL HEALTH PLAN OF IDAHO, INC.","Saint Alphonsus Health Plan","Trinity Health Corporation","01/01/2023","Yes","*","299","299"
"H3832","Local CCP","Local PPO","HAWAII MEDICAL SERVICE ASSOCIATION","HMSA Akamai Advantage","Hawaii Medical Service Association","01/01/2011","Yes","1520","37799","39319"
"H3864","Local CCP","HMO/HMOPOS","PACIFICSOURCE COMMUNITY HEALTH PLANS","PacificSource Medicare","PacificSource","01/01/1999","Yes","3044","45556","48600"
"H3890","Local CCP","Local PPO","HOPKINS HEALTH ADVANTAGE, INC.","Johns Hopkins Advantage MD","Johns Hopkins Healthcare LLC","01/01/2016","Yes","*","5754","5754"
"H3907","Local CCP","HMO/HMOPOS","UPMC HEALTH PLAN, INC.","UPMC for Life","UPMC Health System","01/01/2001","Yes","7271","117298","124569"
"H3908","National PACE","National PACE","TRINITY HEALTH LIFE PENNSYLVANIA, INC.","Mercy LIFE - West Philadelphia","Trinity Health Corporation","01/01/2002","Yes","*","249","249"
"H3909","Local CCP","Local PPO","QCC INSURANCE COMPANY","Independence Blue Cross","Independence Health Group, Inc.","01/01/2002","Yes","711","44623","45334"
"H3916","Local CCP","Local PPO","HIGHMARK SENIOR HEALTH COMPANY","Highmark Blue Cross Blue Shield or Highmark Blue Shield","Highmark Health","05/01/2003","Yes","21170","256610","277780"
"H3917","National PACE","National PACE","PITTSBURGH CARE PARTNERSHIP, INC.","Community LIFE","UPMC Health System","03/01/2004","Yes","*","821","821"
"H3918","National PACE","National PACE","LIVING INDEPENDENCE FOR THE ELDERLY PITTSBURGH INC","LIFE Pittsburgh","Living Independence for the Elderly Pittsburgh Inc","05/01/2005","Yes","*","540","540"
"H3919","National PACE","National PACE","Mercy LIFE","Mercy LIFE","Trinity Health Corporation","10/01/2005","Yes","*","784","784"
"H3923","Local CCP","Local PPO","CAPITAL ADVANTAGE INSURANCE COMPANY","Capital Blue Cross","CAPITAL BLUE CROSS","09/01/2005","Yes","*","28335","28335"
"H3924","Local CCP","Local PPO","GEISINGER INDEMNITY INSURANCE COMPANY","Geisinger Gold","Risant Health, Inc.","09/01/2005","Yes","*","36351","36351"
"H3925","National PACE","National PACE","PENNSYLVANIA PACE, INC.","Senior LIFE Johnstown","Pennsylvania PACE, Inc.","11/01/2007","Yes","*","222","222"
"H3928","Local CCP","HMO/HMOPOS","AETNA HEALTH INC. (LA)","Aetna Medicare","CVS Health Corporation","01/01/2014","Yes","*","3718","3720"
"H3931","Local CCP","HMO/HMOPOS","AETNA HEALTH INC. (PA)","Aetna Medicare","CVS Health Corporation","11/01/1985","Yes","1503","108164","109667"
"H3933","National PACE","National PACE","OSF HEALTHCARE SYSTEM","OSF Healthcare PACE","OSF Healthcare System","05/01/2024","Yes","*","30","30"
"H3942","National PACE","National PACE","ELDERHAUS INC.","Elderhaus PACE","EveryAge","02/01/2008","Yes","*","116","116"
"H3949","Local CCP","HMO/HMOPOS","BRAVO HEALTH PENNSYLVANIA, INC.","HealthSpring","Health Care Service Corporation","02/01/1992","Yes","281","39129","39410"
"H3952","Local CCP","HMO/HMOPOS","KEYSTONE HEALTH PLAN EAST, INC.","Independence Blue Cross","Independence Health Group, Inc.","01/01/1993","Yes","2588","70416","73004"
"H3954","Local CCP","HMO/HMOPOS","GEISINGER HEALTH PLAN","Geisinger Gold","Risant Health, Inc.","03/01/1994","Yes","1717","57284","59001"
"H3957","Local CCP","HMO/HMOPOS","HIGHMARK CHOICE COMPANY","Highmark Blue Cross Blue Shield or Highmark Blue Shield","Highmark Health","03/01/1995","Yes","807","57253","58060"
"H3959","Local CCP","HMO/HMOPOS","AETNA HEALTH INC. (PA)","Aetna Medicare","CVS Health Corporation","01/01/1996","Yes","10848","199833","210681"
"H3962","Local CCP","HMO/HMOPOS","KEYSTONE HEALTH PLAN CENTRAL, INC.","Capital Blue Cross","CAPITAL BLUE CROSS","05/01/1996","Yes","*","7024","7024"
"H3975","Local CCP","Local PPO","WELLCARE HEALTH INSURANCE COMPANY OF KENTUCKY, INC","Wellcare","Centene Corporation","01/01/2021","Yes","287","3529","3816"
"H3979","Local CCP","HMO/HMOPOS","GHS HEALTH MAINTENANCE ORGANIZATION, INC.","Blue Cross and Blue Shield of Oklahoma","Health Care Service Corporation","01/01/2014","Yes","*","3922","3922"
"H3991","National PACE","National PACE","CONCERTOHEALTH OF NORTHERN VIRGINIA, LLC","Cherry Blossom PACE","Valir PACE Virginia, LLC","12/01/2021","Yes","*","44","44"
"H4003","Local CCP","HMO/HMOPOS","MMM HEALTHCARE, LLC","Medicare y Mucho Mas (MMM)","Elevance Health, Inc.","09/01/2001","Yes","*","100240","100240"
"H4004","Local CCP","HMO/HMOPOS","MMM HEALTHCARE, LLC","Medicare y Mucho Mas (MMM)","Elevance Health, Inc.","08/01/2004","Yes","*","114134","114134"
"H4005","Local CCP","Local PPO","TRIPLE S ADVANTAGE, INC.","Triple-S Advantage","Guidewell Mutual Holding Corporation","01/01/2005","Yes","*","6521","6521"
"H4007","Local CCP","HMO/HMOPOS","HUMANA HEALTH PLANS OF PUERTO RICO, INC.","Humana","Humana Inc.","06/01/2005","Yes","*","15149","15149"
"H4036","Local CCP","Local PPO","ANTHEM INSURANCE COMPANIES, INC.","Anthem Blue Cross and Blue Shield","Elevance Health, Inc.","01/01/2008","Yes","101407","300451","401858"
"H4045","Local CCP","HMO/HMOPOS","SANTA CLARA COUNTY HEALTH AUTHORITY","Santa Clara Family Health Plan","SANTA CLARA COUNTY HEALTH AUTHORITY","01/01/2023","Yes","*","11689","11689"
"H4053","National PACE","National PACE","PRISMA HEALTH-UPSTATE","Prisma Health SeniorCare PACE-Upstate","Prisma Health","04/01/2016","Yes","*","180","180"
"H4054","Local CCP","HMO/HMOPOS","PROVIDER PARTNERS HEALTH PLAN OF TEXAS, INC.","Provider Partners Health Plans","Rifkin Managed Care Holding, LLC","01/01/2022","Yes","*","3101","3101"
"H4073","Local CCP","HMO/HMOPOS","WELLCARE HEALTH INSURANCE OF NORTH CAROLINA, INC.","Wellcare","Centene Corporation","01/01/2022","Yes","*","5130","5130"
"H4074","National PACE","National PACE","MERCY LIFE OF ALABAMA","Mercy LIFE of Alabama","Trinity Health Corporation","12/01/2011","Yes","*","162","162"
"H4091","Local CCP","Local PPO","SIMPRA ADVANTAGE, INC.","Simpra Advantage","Associated Care Ventures, Inc.","01/01/2018","Yes","*","3010","3010"
"H4093","Local CCP","HMO/HMOPOS","PROVIDER PARTNERS HEALTH PLAN OF PENNSYLVANIA, INC","Provider Partners Health Plans","Rifkin Managed Care Holding, LLC","01/01/2017","Yes","*","805","805"
"H4105","National PACE","National PACE","PACE ORGANIZATION OF RHODE ISLAND","PACE Organization Of Rhode Island","PACE Organization of Rhode Island","12/01/2005","Yes","*","446","446"
"H4118","National PACE","National PACE","THE WASHTENAW PACE","Huron Valley PACE","Utd Methodist Retirement Communities of SE MI","02/01/2014","Yes","*","290","290"
"H4140","Local CCP","HMO/HMOPOS","DOCTORS HEALTHCARE PLANS, INC.","Doctors HealthCare Plans, Inc.","DOCTORS HEALTHCARE PLANS, INC.","01/01/2019","Yes","*","19972","19972"
"H4141","Local CCP","HMO/HMOPOS","HUMANA EMPLOYERS HEALTH PLAN OF GEORGIA, INC.","Humana","Humana Inc.","01/01/2010","Yes","*","87872","87872"
"H4142","National PACE","National PACE","CHEROKEE NATION COMPREHENSIVE CARE AGENCY","Cherokee Elder Care","Cherokee Nation Comprehensive Care Agency","08/01/2008","Yes","*","183","183"
"H4152","Local CCP","HMO/HMOPOS","BLUE CROSS & BLUE SHIELD OF RHODE ISLAND","Blue Cross & Blue Shield of Rhode Island","Blue Cross & Blue Shield of Rhode Island","01/01/1997","Yes","581","76468","77049"
"H4161","Local CCP","HMO/HMOPOS","BLUE CROSS OF CALIFORNIA PARTNERSHIP PLAN, INC.","Anthem Blue Cross Partnership Plan","Elevance Health, Inc.","01/01/2023","Yes","*","54220","54220"
"H4172","Local CCP","HMO/HMOPOS","NHC ADVANTAGE, LLC","NHC Advantage","Missouri Healthcare Advisors, LLC","01/01/2017","Yes","*","1326","1326"
"H4185","National PACE","National PACE","NEIGHBORHOOD HEALTHCARE","Neighborhood Healthcare PACE","Neighborhood HealthCare","07/01/2021","Yes","*","318","318"
"H4203","National PACE","National PACE","PRISMA HEALTH-MIDLANDS","Prisma Health SeniorCare PACE-Midlands","Prisma Health","11/01/2003","Yes","*","264","264"
"H4213","PFFS","PFFS","USABLE MUTUAL INSURANCE COMPANY","Arkansas Blue Medicare","USAble Mutual Insurance Company","01/01/2010","Yes","518","1252","1770"
"H4227","Local CCP","HMO/HMOPOS","VISTA HEALTH PLAN, INC.","VISTA Health Plan Inc.","Independence Health Group, Inc.","01/01/2013","Yes","*","25472","25472"
"H4232","Local CCP","HMO/HMOPOS","AMERICAN HEALTH PLAN OF UT, INC.","American Health Advantage of Utah","Mitchell Family Office","01/01/2021","Yes","*","200","200"
"H4235","National PACE","National PACE","SENIOR TOTAL LIFE CARE, INC.","Senior Total Life Care","CaroMont Health, Inc.","01/01/2014","Yes","*","351","351"
"H4256","National PACE","National PACE","PACE NORTH, INC.","PACE North","PACE North","09/01/2019","Yes","*","240","240"
"H4279","Local CCP","HMO/HMOPOS","UPMC FOR YOU, INC","UPMC for Life Complete Care","UPMC Health System","01/01/2012","Yes","*","38048","38048"
"H4286","Local CCP","HMO/HMOPOS","LEON HEALTH, INC.","Leon Health, Inc.","LMC Family Holdings, LLC","01/01/2022","Yes","*","39480","39480"
"H4305","National PACE","National PACE","TOTAL LIFE HEALTHCARE","Total Life Healthcare","St. Bernard's Healthcare","06/01/2008","Yes","*","342","342"
"H4326","National PACE","National PACE","PACE @ HOME, INC.","Senior TLC","PACE @ Home","12/01/2011","Yes","*","199","199"
"H4346","Local CCP","HMO/HMOPOS","HMO COLORADO, INC.","Anthem Blue Cross and Blue Shield","Elevance Health, Inc.","01/01/2010","Yes","*","7674","7674"
"H4393","National PACE","National PACE","CATHOLIC MANAGED LONG TERM CARE, INC.","ArchCare Senior Life","Catholic Health Care System","09/01/2009","Yes","*","778","778"
"H4402","National PACE","National PACE","ALEXIAN BROTHERS COMMUNITY SERVICES","Ascension Living Alexian PACE","Ascension Health Alliance","11/01/2002","Yes","*","255","255"
"H4407","Local CCP","HMO/HMOPOS","HEALTHSPRING LIFE & HEALTH INSURANCE COMPANY, INC.","HealthSpring","Health Care Service Corporation","07/01/2005","Yes","230","12673","12903"
"H4439","Local CCP","HMO/HMOPOS","PROVIDER PARTNERS HEALTH PLAN OF NORTH CAROLINA","Provider Partners Health Plans","Rifkin Managed Care Holding, LLC","01/01/2024","Yes","*","117","117"
"H4444","Local CCP","HMO/HMOPOS","PROVIDER PARTNERS HEALTH PLAN OF INDIANA","Provider Partners Health Plans","Rifkin Managed Care Holding, LLC","01/01/2025","Yes","*","2800","2800"
"H4461","Local CCP","HMO/HMOPOS","CARITEN HEALTH PLAN INC.","Humana","Humana Inc.","01/01/1998","Yes","9790","144559","154349"
"H4471","Local CCP","HMO/HMOPOS","BLUE CROSS OF CALIFORNIA PARTNERSHIP PLAN, INC.","Anthem Blue Cross","Elevance Health, Inc.","01/01/2024","Yes","*","105819","105819"
"H4490","Local CCP","HMO/HMOPOS","AMERICAN HEALTH PLAN OF MISSOURI, INC.","American Health Advantage of Missouri","Mitchell Family Office","01/01/2016","Yes","*","599","599"
"H4497","Local CCP","Local PPO","MEDICAL MUTUAL OF OHIO","Medical Mutual of Ohio","MEDICAL MUTUAL OF OHIO","01/01/2016","Yes","2516","12602","15118"
"H4499","Local CCP","HMO/HMOPOS","SENTARA HEALTH PLANS","Sentara Medicare","Sentara Health Care (SHC)","01/01/2025","Yes","*","9012","9012"
"H4506","Local CCP","HMO/HMOPOS","SELECTCARE OF TEXAS, INC.","Wellcare","Centene Corporation","03/01/2001","Yes","599","26047","26646"
"H4513","Local CCP","HMO/HMOPOS","HEALTHSPRING LIFE & HEALTH INSURANCE COMPANY, INC.","HealthSpring","Health Care Service Corporation","03/01/2001","Yes","6260","360273","366533"
"H4514","Local CCP","HMO/HMOPOS","UNITEDHEALTHCARE COMMUNITY PLAN OF TEXAS, L.L.C.","UnitedHealthcare","UnitedHealth Group, Inc.","08/01/2002","Yes","*","153369","153369"
"H4517","National PACE","National PACE","AMARILLO MULTISVC CTR FR THE AGING INC","The Basics at Jan Werner","Amarillo Multisvc Ctr Fr the Aging Inc","03/01/2004","Yes","*","123","123"
"H4518","National PACE","National PACE","BIENVIVIR SENIOR HEALTH SERVICES","Bienvivir Senior Health Services","Bienvivir Senior Health Services","11/01/2003","Yes","*","813","813"
"H4523","Local CCP","HMO/HMOPOS","AETNA HEALTH INC. (TX)","Aetna Medicare","CVS Health Corporation","08/01/2005","Yes","59","32516","32575"
"H4527","Local CCP","HMO/HMOPOS","PHYSICIANS HEALTH CHOICE OF TEXAS, LLC","UnitedHealthcare","UnitedHealth Group, Inc.","08/01/2005","Yes","1088","184979","186067"
"H4537","Local CCP","Local PPO","WELLCARE HEALTH INSURANCE COMPANY OF OKLAHOMA, INC.","Wellcare","Centene Corporation","01/01/2022","Yes","591","1717","2308"
"H4538","National PACE","National PACE","SEEN HEALTH SAN GABRIEL VALLEY, LLC","Seen Health San Gabriel Valley, LLC","Seen Health San Gabriel Valley, LLC","01/01/2025","Yes","*","72","72"
"H4544","Local CCP","Local PPO","PEOPLES HEALTH, INC.","Peoples Health","UnitedHealth Group, Inc.","01/01/2021","Yes","2239","5067","7306"
"H4545","National PACE","National PACE","K-DAY, INC.","K-Day PACE","K-DAY INC","07/01/2025","Yes","*","57","57"
"H4556","HCPP - 1833 Cost","HCPP - 1833 Cost","CONSOLIDATED ASSOC OF RAILROAD EMPLOYEES HC","Consolidated Assoc Of Railroad Employees Hc","Consolidated Assoc of Railroad Employees HC","01/01/1992","No","848","*","848"
"H4604","Local CCP","HMO/HMOPOS","UNITEDHEALTHCARE OF THE ROCKIES, INC.","UnitedHealthcare","UnitedHealth Group, Inc.","01/01/2005","Yes","9846","134622","144468"
"H4605","Local CCP","Local PPO","REGENCE BLUECROSS BLUESHIELD OF UTAH","Regence BlueCross BlueShield of Utah","Cambia Health Solutions, Inc.","07/01/2005","Yes","386","6846","7232"
"H4620","Local CCP","Local PPO","ESSENCE HEALTHCARE OF OHIO, INC.","Essence Healthcare","Lumeris Group Holdings Corporation","01/01/2023","Yes","*","92","92"
"H4623","Local CCP","HMO/HMOPOS","HUMANA REGIONAL HEALTH PLAN, INC.","Humana","Humana Inc.","01/01/2019","Yes","*","13707","13707"
"H4624","Local CCP","HMO/HMOPOS","ZING HEALTH OF MICHIGAN, INC.","Zing Health","Zing Health Consolidator, Inc","01/01/2021","Yes","*","29073","29073"
"H4626","National PACE","National PACE","myPlace Greater LA PACE Inc.","myPlace PACE","SCAN Group","01/01/2024","Yes","*","92","92"
"H4647","Local CCP","HMO/HMOPOS","NEW CENTURY HEALTH PLAN, INC.","UCLA Health Medicare Advantage Plan","The Regents of the University of California","01/01/2025","Yes","*","7337","7337"
"H4661","Local CCP","HMO/HMOPOS","CELTIC INSURANCE COMPANY","Wellcare","Centene Corporation","01/01/2024","Yes","*","1704","1704"
"H4676","Local CCP","HMO/HMOPOS","TROY HEALTH, INC.","Troy Medicare","Troy Holdings, Inc.","01/01/2020","Yes","*","1446","1446"
"H4694","Local CCP","HMO/HMOPOS","HEALTHKEEPERS, INC.","Anthem HealthKeepers","Elevance Health, Inc.","01/01/2025","Yes","*","35217","35217"
"H4704","Local CCP","Local PPO","ANTHEM BLUE CROSS LIFE AND HEALTH INS COMPANY","Anthem Blue Cross Life and Health Insurance Company","Elevance Health, Inc.","01/01/2024","Yes","*","9763","9763"
"H4711","Local CCP","HMO/HMOPOS","COVENTRY HEALTH CARE OF NEBRASKA, INC.","Aetna Medicare","CVS Health Corporation","01/01/2020","Yes","314","9072","9386"
"H4714","National PACE","National PACE","PACE OF THE SOUTHERN PIEDMONT, INC.","PACE of the Southern Piedmont","PACE of the Southern Piedmont, Inc.","05/01/2013","Yes","*","266","266"
"H4733","Local CCP","HMO/HMOPOS","COMMUNITY HEALTH GROUP","Community Health Group","Community Health Group","01/01/2023","Yes","*","9348","9348"
"H4739","Local CCP","HMO/HMOPOS","SELECT HEALTH OF SOUTH CAROLINA, INC.","First Choice VIP Care (HMO D-SNP)","Independence Health Group, Inc.","01/01/2022","Yes","*","260","260"
"H4754","Local CCP","Local PPO","PACIFICSOURCE COMMUNITY HEALTH PLANS","PacificSource Medicare","PacificSource","01/01/2010","Yes","1360","1822","3182"
"H4801","Local CCP","Local PPO","GHS INSURANCE COMPANY","Blue Cross and Blue Shield of OK, TX","Health Care Service Corporation","01/01/2022","Yes","331","21597","21928"
"H4808","Local CCP","Local PPO","DEVOTED HEALTH INSURANCE COMPANY OF COLORADO INC","Devoted Health","Devoted Health, Inc.","01/01/2023","Yes","616","7899","8515"
"H4835","Local CCP","HMO/HMOPOS","AETNA BETTER HEALTH OF OKLAHOMA INC.","Aetna Medicare","CVS Health Corporation","01/01/2020","Yes","*","2596","2596"
"H4847","Local CCP","HMO/HMOPOS","WELLCARE OF SOUTH CAROLINA, INC.","Wellcare","Centene Corporation","01/01/2019","Yes","642","6117","6759"
"H4868","Local CCP","HMO/HMOPOS","NEW YORK QUALITY HEALTHCARE CORPORATION","Wellcare","Centene Corporation","01/01/2018","Yes","267","36498","36765"
"H4869","Local CCP","HMO/HMOPOS","GOLD KIDNEY OF ARIZONA","Gold Kidney Health Plan","Gold Kidney Health Plan","01/01/2023","Yes","13","2854","2867"
"H4875","Local CCP","Local PPO","PRIORITY HEALTH","Priority Health Medicare","Corewell Health","01/01/2010","Yes","*","98881","98881"
"H4882","Local CCP","Local PPO","HEALTHPARTNERS, INC.","HealthPartners","HealthPartners, Inc.","01/01/2018","Yes","44","46573","46617"
"H4906","HCPP - 1833 Cost","HCPP - 1833 Cost","C AND O EMPLOYEES' HOSPITAL ASSOCIATION","C and O Employees' Hospital Association","C & O Employees' Hospital Association","05/01/1999","No","1379","*","1379"
"H4909","Local CCP","Local PPO","ANTHEM INSURANCE COMPANIES, INC.","Anthem Blue Cross and Blue Shield","Elevance Health, Inc.","07/01/2005","Yes","3856","9131","12987"
"H4919","National PACE","National PACE","INNOVAGE FLORIDA PACE, LLC","InnovAge Florida  PACE - Tampa","Total Community Options, Inc.","01/01/2024","Yes","*","111","111"
"H4931","Local CCP","HMO/HMOPOS","BANNER - UNIVERSITY CARE ADVANTAGE","Banner Medicare Advantage","Banner Health","01/01/2015","Yes","*","11407","11407"
"H4937","Local CCP","Local PPO","CALIFORNIA PHYSICIANS' SERVICE","Blue Shield of California","California Physicians' Service","01/01/2020","Yes","*","47621","47621"
"H4943","Local CCP","HMO/HMOPOS","Scott & White Care Plans","Baylor Scott & White Health Plan","Baylor Scott & White Health","01/01/2023","Yes","*","171","176"
"H4961","Local CCP","Local PPO","ALIGNMENT HEALTH PLAN","Alignment Health Plan","Alignment Healthcare USA, LLC","01/01/2020","Yes","*","5012","5012"
"H4982","Local CCP","HMO/HMOPOS","AETNA BETTER HEALTH OF CALIFORNIA INC.","Aetna Medicare","CVS Health Corporation","01/01/2020","Yes","*","18732","18732"
"H4999","National PACE","National PACE","LIFE Northwestern Pennsylvania, LLC","LIFE Northwestern Pennsylvania","One Senior Care, Inc.","11/01/2013","Yes","*","721","721"
"H5007","National PACE","National PACE","PROVIDENCE HEALTH & SERVICES – WASHINGTON","Providence ElderPlace","Providence Health & Services","11/01/2002","Yes","*","1314","1314"
"H5008","Local CCP","HMO/HMOPOS","CARE IMPROVEMENT PLUS SOUTH CENTRAL INSURANCE CO.","UnitedHealthcare","UnitedHealth Group, Inc.","07/01/2005","Yes","*","92181","92181"
"H5009","Local CCP","Local PPO","REGENCE BLUESHIELD","Regence BlueShield","Cambia Health Solutions, Inc.","07/01/2005","Yes","*","12269","12269"
"H5010","Local CCP","Local PPO","ASURIS NORTHWEST HEALTH","Asuris Northwest Health","Cambia Health Solutions, Inc.","07/01/2005","Yes","30","394","424"
"H5015","Local CCP","HMO/HMOPOS","TEXAS INDEPENDENCE HEALTH PLAN, INC.","Texas Independence Health Plan","Regency ISNP Holdings LLC","01/01/2020","Yes","*","2699","2699"
"H5037","National PACE","National PACE","MOUNTAIN EMPIRE OLDER CITIZENS, INC.","Mountain Empire PACE","Mountain Empire Older Citizens, Inc","03/01/2008","Yes","*","97","97"
"H5042","Local CCP","Local PPO","CDPHP UNIVERSAL BENEFITS, INC.","CDPHP Medicare Advantage","Lifetime Healthcare, Inc.","01/01/2008","Yes","877","15659","16536"
"H5050","Local CCP","HMO/HMOPOS","KAISER FOUNDATION HEALTH PLAN OF WASHINGTON","Kaiser Permanente","Kaiser Foundation Health Plan, Inc.","01/01/1989","Yes","7957","92938","100895"
"H5080","National PACE","National PACE","BOLDAGE PACE INDIANA, LLC","BoldAge PACE","Beacon Care Ventures LLC DBA BoldAge PACE","02/01/2024","Yes","*","57","57"
"H5085","National PACE","National PACE","COMMUNITY PACE AT HOME, INC","Community PACE at Home, Inc,","Community PACE at Home, Inc","07/01/2017","Yes","*","106","106"
"H5087","Local CCP","HMO/HMOPOS","WELLCARE OF CALIFORNIA, INC.","Wellcare","Centene Corporation","01/01/2008","Yes","*","21405","21405"
"H5106","Local CCP","Local PPO","HIGHMARK SENIOR SOLUTIONS COMPANY","Highmark Blue Cross Blue Shield","Highmark Health","07/01/2005","Yes","440","23748","24188"
"H5117","Local CCP","HMO/HMOPOS","LOUISIANA HEALTHCARE CONNECTIONS, INC.","Wellcare","Centene Corporation","01/01/2018","Yes","*","*","*"
"H5124","National PACE","National PACE","FRANCISCAN ACO, INC.","Franciscan  Senior Health & Wellness","Franciscan Alliance, Inc.","01/01/2015","Yes","*","358","358"
"H5141","Local CCP","Local PPO","CLOVER INSURANCE COMPANY","Clover Health","Clover Health Holdings, Inc.","01/01/2013","Yes","1330","108719","110049"
"H5163","Local CCP","HMO/HMOPOS","VERDA HEALTH PLAN OF TEXAS INC","Verda Health Plan of Texas","Verda Healthcare, Inc.","01/01/2024","Yes","*","3344","3344"
"H5167","National PACE","National PACE","ROCKY MOUNTAIN HEALTH CARE SERVICES","Rocky Mountain PACE","Rocky Mountain Health Care Services","12/01/2008","Yes","*","1035","1035"
"H5178","Local CCP","HMO/HMOPOS","HUMANA HEALTH PLAN, INC.","Humana","Humana Inc.","01/01/2020","Yes","*","319","319"
"H5190","Local CCP","HMO/HMOPOS","SUNSHINE STATE HEALTH PLAN, INC.","Wellcare","Centene Corporation","01/01/2013","Yes","*","*","*"
"H5209","Local CCP","HMO/HMOPOS","Molina Healthcare of Wisconsin, Inc.","My Choice Wisconsin","Molina Healthcare, Inc.","01/01/1999","Yes","*","2326","2326"
"H5211","Local CCP","HMO/HMOPOS","SECURITY HEALTH PLAN OF WISCONSIN, INC.","Security Health Plan of Wisconsin, Inc.","Marshfield Clinic Health System, Inc.","08/01/2002","Yes","20195","51656","71851"
"H5212","National PACE","National PACE","COMMUNITY CARE, INC.","Community Care","Community Care, Inc.","11/01/2003","Yes","*","509","509"
"H5213","National PACE","National PACE","TOTAL COMMUNITY CARE, L.L.C.","InnovAge New Mexico PACE","Total Community Options, Inc.","06/01/2004","Yes","*","409","409"
"H5215","Local CCP","Local PPO","NETWORK HEALTH INSURANCE CORPORATION","Network Health Medicare Advantage Plans","Network Health, Inc.","01/01/2005","Yes","2403","88848","91251"
"H5216","Local CCP","Local PPO","HUMANA INSURANCE COMPANY","Humana","Humana Inc.","07/01/2005","Yes","315591","2468502","2784093"
"H5232","Local CCP","Local PPO","PARAMOUNT INSURANCE COMPANY","Paramount Elite Medicare Plans","MEDICAL MUTUAL OF OHIO","01/01/2020","Yes","39","2208","2247"
"H5244","Local CCP","HMO/HMOPOS","SCAN HEALTH PLAN (NM)","SCAN Health Plan","SCAN Group","01/01/2024","Yes","*","338","338"
"H5253","Local CCP","HMO/HMOPOS","UNITEDHEALTHCARE OF WISCONSIN, INC.","UnitedHealthcare","UnitedHealth Group, Inc.","08/01/1995","Yes","37602","1123399","1161001"
"H5256","1876 Cost","1876 Cost","MEDICAL ASSOCIATES CLINIC HEALTH PLAN","Medical Associates Clinic Health Plan of Wisconsin","Medical Associates Clinic, P.C.","02/01/1996","No","4554","*","4554"
"H5262","Local CCP","HMO/HMOPOS","QUARTZ HEALTH PLAN CORPORATION","Quartz Medicare Advantage (HMO)","University of Wisconsin Hospitals and Clincs Autho","08/01/1999","Yes","2943","29696","32639"
"H5264","1876 Cost","1876 Cost","DEAN HEALTH PLAN, INC.","Dean Health Plan, Inc.","Medica Holding Company","01/01/1999","No","10975","*","10975"
"H5273","Local CCP","HMO/HMOPOS","CAREPARTNERS OF CONNECTICUT, INC.","CarePartners of Connecticut","Point32Health, Inc.","01/01/2019","Yes","*","9825","9825"
"H5280","Demo","Medicare-Medicaid Plan HMO/HMOPOS","MOLINA HEALTHCARE OF OHIO, INC.","Molina Healthcare of Ohio","Molina Healthcare, Inc.","05/01/2014","Yes","*","10491","10491"
"H5294","Local CCP","HMO/HMOPOS","SUPERIOR HEALTHPLAN, INC.","Wellcare","Centene Corporation","01/01/2008","Yes","487","24752","25239"
"H5296","Local CCP","HMO/HMOPOS","ALIGNMENT HEALTH PLAN OF NORTH CAROLINA, INC.","Alignment Health Plan","Alignment Healthcare USA, LLC","01/01/2021","Yes","*","22638","22638"
"H5299","Local CCP","HMO/HMOPOS","DEVOTED HEALTH PLAN OF NORTH CAROLINA INC","Devoted Health","Devoted Health, Inc.","01/01/2023","Yes","*","3886","3886"
"H5302","Local CCP","HMO/HMOPOS","AETNA HEALTH INC. (GA)","Aetna Medicare","CVS Health Corporation","01/01/2007","Yes","*","25365","25365"
"H5309","Local CCP","Local PPO","AETNA HEALTH OF CALIFORNIA INC.","Aetna Medicare","CVS Health Corporation","01/01/2024","Yes","438","5865","6303"
"H5322","Local CCP","HMO/HMOPOS","CARE IMPROVEMENT PLUS SOUTH CENTRAL INSURANCE CO.","UnitedHealthcare","UnitedHealth Group, Inc.","01/01/2014","Yes","3226","193661","196887"
"H5325","Local CCP","HMO/HMOPOS","COVENTRY HEALTH CARE OF KANSAS, INC.","Aetna Medicare","CVS Health Corporation","01/01/2019","Yes","*","20997","20997"
"H5361","Local CCP","Local PPO","AMERIHEALTH INSURANCE COMPANY OF NEW JERSEY","AmeriHealth","Independence Health Group, Inc.","01/01/2024","Yes","*","9843","9843"
"H5374","Local CCP","HMO/HMOPOS","LONGEVITY HEALTH PLAN OF NORTH CAROLINA, INC.","Longevity Health Plan","Longevity Health Founders, LLC","01/01/2021","Yes","*","1155","1155"
"H5377","Local CCP","HMO/HMOPOS","HUMANA MEDICAL PLAN OF PENNSYLVANIA, INC.","Humana","Humana Inc.","01/01/2019","Yes","*","815","815"
"H5386","Local CCP","HMO/HMOPOS","SHARP HEALTH PLAN","Sharp Health Plan","Sharp Healthcare","01/01/2015","Yes","*","17660","17660"
"H5398","Local CCP","HMO/HMOPOS","CENTENE VENTURE COMPANY KANSAS","Wellcare by Allwell","Centene Corporation","01/01/2020","Yes","*","285","285"
"H5403","National PACE","National PACE","ON LOK SENIOR HEALTH SERVICES","On Lok PACE","On Lok, Inc.","11/01/2003","Yes","*","1707","1707"
"H5405","National PACE","National PACE","CENTER FOR ELDERS INDEPENDENCE","Center For Elders' Independence","Center For Elders Independence","11/01/2003","Yes","*","1242","1242"
"H5406","National PACE","National PACE","SUTTER VALLEY HOSPITALS","Sutter SeniorCare PACE","Sutter Valley Hospitals","11/01/2003","Yes","*","466","466"
"H5410","Local CCP","HMO/HMOPOS","HEALTHSPRING OF FLORIDA, INC.","HealthSpring","Health Care Service Corporation","05/01/2005","Yes","883","32594","33477"
"H5420","Local CCP","HMO/HMOPOS","Preferred Care Network, Inc.","UnitedHealthcare","UnitedHealth Group, Inc.","06/01/2005","Yes","*","51956","51956"
"H5422","Local CCP","HMO/HMOPOS","BLUE CROSS BLUE SHIELD HEALTHCARE PLAN OF GEORGIA","Anthem Blue Cross and Blue Shield","Elevance Health, Inc.","01/01/2006","Yes","405","15102","15507"
"H5425","Local CCP","HMO/HMOPOS","SCAN HEALTH PLAN","SCAN Health Plan","SCAN Group","05/01/2005","Yes","*","286322","286322"
"H5427","Local CCP","HMO/HMOPOS","FREEDOM HEALTH, INC.","Freedom Health, Inc.","Elevance Health, Inc.","09/01/2005","Yes","317","81367","81684"
"H5431","Local CCP","HMO/HMOPOS","HEALTHSUN HEALTH PLANS, INC.","HealthSun Health Plans, Inc.","Elevance Health, Inc.","08/01/2005","Yes","*","64133","64133"
"H5433","Local CCP","HMO/HMOPOS","ORANGE COUNTY HEALTH AUTHORITY","CalOptima Health OneCare","Orange County Health Authority","08/01/2005","Yes","*","18462","18462"
"H5434","Local CCP","Local PPO","BLUE CROSS AND BLUE SHIELD OF FLORIDA, INC.","Florida Blue","Guidewell Mutual Holding Corporation","08/01/2005","Yes","1837","77040","78877"
"H5435","PFFS","PFFS","CARE IMPROVEMENT PLUS SOUTH CENTRAL INSURANCE CO.","UnitedHealthcare","UnitedHealth Group, Inc.","09/01/2005","Yes","432","1201","1633"
"H5439","Local CCP","Local PPO","HEALTH NET LIFE INSURANCE COMPANY","Wellcare","Centene Corporation","09/01/2005","Yes","801","22416","23217"
"H5447","Local CCP","HMO/HMOPOS","COMMUNITY FIRST HEALTH PLANS, INC.","Community First","Bexar County Hospital District","01/01/2021","Yes","*","504","504"
"H5453","Local CCP","Local PPO","DEVOTED HEALTH INSURANCE COMPANY OF GEORGIA INC","Devoted Health","Devoted Health, Inc.","01/01/2025","Yes","756","6948","7704"
"H5454","Local CCP","HMO/HMOPOS","CLEAR SPRING HEALTH OF ILLINOIS, INC.","Clear Spring Health","Group 1001","01/01/2019","Yes","*","868","868"
"H5471","Local CCP","HMO/HMOPOS","SIMPLY HEALTHCARE PLANS, INC.","Simply Healthcare Plans, Inc.","Elevance Health, Inc.","01/01/2012","Yes","*","48727","48727"
"H5472","Local CCP","HMO/HMOPOS","ALIGNMENT HEALTH INSURANCE COMPANY OF ARIZONA INC","Alignment Health Plan","Alignment Healthcare USA, LLC","01/01/2023","Yes","*","6935","6935"
"H5475","Local CCP","HMO/HMOPOS","MERIDIAN HEALTH PLAN OF MICHIGAN, INC.","Wellcare","Centene Corporation","01/01/2011","Yes","*","19601","19601"
"H5493","National PACE","National PACE","LIFE AT ST. FRANCIS HEALTHCARE, INC.","Saint Francis LIFE","Trinity Health Corporation","02/01/2013","Yes","*","310","310"
"H5496","Local CCP","HMO/HMOPOS","IMPERIAL HEALTH PLAN OF CALIFORNIA, INC.","Imperial Health Plan of California, Inc.","Imperial Health Plan of California","01/01/2018","Yes","181","26655","26836"
"H5521","Local CCP","Local PPO","AETNA LIFE INSURANCE COMPANY","Aetna Medicare","CVS Health Corporation","01/01/2006","Yes","42841","1067593","1110434"
"H5522","Local CCP","Local PPO","AETNA LIFE INSURANCE COMPANY","Aetna Medicare","CVS Health Corporation","01/01/2006","Yes","666520","759269","1425789"
"H5525","Local CCP","Local PPO","HUMANA BENEFIT PLAN OF ILLINOIS, INC.","Humana","Humana Inc.","01/01/2006","Yes","21977","166879","188856"
"H5526","Local CCP","Local PPO","Highmark Western and Northeastern New York Inc.","Highmark Blue Cross Blue Shield or Highmark Blue Shield","Highmark Health","01/01/2006","Yes","1513","22280","23793"
"H5528","Local CCP","Local PPO","EMBLEMHEALTH PLAN, INC.","EmblemHealth","EmblemHealth, Inc.","01/01/2006","Yes","*","35","35"
"H5533","Local CCP","Local PPO","UPMC HEALTH NETWORK, INC.","UPMC for Life","UPMC Health System","01/01/2006","Yes","1486","63416","64902"
"H5538","National PACE","National PACE","TRINITY HEALTH PACE OF PENSACOLA","Trinity Health PACE of Pensacola","Trinity Health Corporation","03/01/2024","Yes","*","39","39"
"H5549","Local CCP","HMO/HMOPOS","VNS CHOICE","VNS Health Medicare","Visiting Nurse Service of New York","01/01/2007","Yes","*","43226","43226"
"H5577","Local CCP","HMO/HMOPOS","MCS ADVANTAGE, INC.","MCS Classicare","MHH Healthcare, L.P.","01/01/2007","Yes","3824","333773","337597"
"H5580","Local CCP","HMO/HMOPOS","MERCY CARE","Mercy Care Advantage","Mercy Care","01/01/2006","Yes","*","10841","10841"
"H5587","Local CCP","HMO/HMOPOS","HEALTH CHOICE ARIZONA, INC.","Blue Cross Blue Shield of Arizona Health Choice","Blue Cross Blue Shield of Arizona","01/01/2006","Yes","*","9148","9148"
"H5590","Local CCP","HMO/HMOPOS","Bridgeway Health Solutions of Arizona, Inc.","Wellcare","Centene Corporation","01/01/2008","Yes","*","25002","25002"
"H5591","Local CCP","HMO/HMOPOS","MARTIN'S POINT GENERATIONS ADVANTAGE, INC.","Martin's Point Generations Advantage","Martin's Point Health Care, Inc.","01/01/2007","Yes","8745","71161","79906"
"H5593","Local CCP","HMO/HMOPOS","AETNA HEALTH OF IOWA INC.","Aetna Medicare","CVS Health Corporation","01/01/2020","Yes","*","3086","3086"
"H5594","Local CCP","HMO/HMOPOS","OPTIMUM HEALTHCARE, INC.","Optimum HealthCare, Inc.","Elevance Health, Inc.","01/01/2007","Yes","*","80609","80609"
"H5599","Local CCP","HMO/HMOPOS","NEW YORK QUALITY HEALTHCARE CORPORATION","Wellcare","Centene Corporation","01/01/2021","Yes","*","61649","61649"
"H5608","Local CCP","HMO/HMOPOS","DENVER HEALTH MEDICAL PLAN, INC.","Elevate Medicare Advantage","Denver Health and Hospital Authority","01/01/2006","Yes","*","5080","5080"
"H5610","National PACE","National PACE","CARE RESOURCES","Care Resources","Care Resources","09/01/2006","Yes","*","394","394"
"H5619","Local CCP","HMO/HMOPOS","ARCADIAN HEALTH PLAN, INC.","Humana","Humana Inc.","01/01/2007","Yes","2717","496021","498738"
"H5622","National PACE","National PACE","CARE GUIDE PARTNERS, INC.","Care Guide Partners","Hosparus Health Inc","04/01/2024","Yes","*","48","48"
"H5628","Local CCP","HMO/HMOPOS","MOLINA HEALTHCARE OF UTAH, INC.","Molina Healthcare of Utah & Idaho","Molina Healthcare, Inc.","01/01/2006","Yes","*","18347","18347"
"H5629","National PACE","National PACE","COMMUNITY ELDERCARE OF SAN DIEGO","St. Paul's PACE","St. Paul’s Episcopal Home","02/01/2008","Yes","*","1214","1214"
"H5644","Local CCP","HMO/HMOPOS","NETWORK HEALTH INSURANCE CORPORATION","Network Health Medicare Advantage Plans","Network Health, Inc.","01/01/2019","Yes","*","*","*"
"H5649","Local CCP","HMO/HMOPOS","CENTRAL HEALTH PLAN OF CALIFORNIA, INC.","Central Health Medicare Plan","Molina Healthcare, Inc.","01/01/2006","Yes","574","79494","80068"
"H5652","Local CCP","HMO/HMOPOS","SIERRA HEALTH AND LIFE INSURANCE COMPANY, INC.","UnitedHealthcare","UnitedHealth Group, Inc.","09/01/2005","Yes","528","6402","6930"
"H5703","Local CCP","HMO/HMOPOS","SOUTH COUNTRY HEALTH ALLIANCE","South Country Health Alliance","South Country Health Alliance","01/01/2006","Yes","*","486","486"
"H5718","Local CCP","Local PPO","DEVOTED HEALTH INSURANCE COMPANY OF KENTUCKY INC","Devoted Health","Devoted Health, Inc.","01/01/2025","Yes","*","2408","2408"
"H5774","Local CCP","HMO/HMOPOS","TRIPLE S ADVANTAGE, INC.","Triple S Advantage","Guidewell Mutual Holding Corporation","01/01/2006","Yes","*","99499","99499"
"H5779","Local CCP","HMO/HMOPOS","MERIDIAN HEALTH PLAN OF ILLINOIS, INC.","Wellcare","Centene Corporation","01/01/2013","Yes","*","7611","7611"
"H5793","Local CCP","HMO/HMOPOS","AETNA HEALTH INC. (CT)","Aetna Medicare","CVS Health Corporation","01/01/2007","Yes","20","33601","33621"
"H5810","Local CCP","HMO/HMOPOS","MOLINA HEALTHCARE OF CALIFORNIA","Molina Healthcare of California","Molina Healthcare, Inc.","01/01/2006","Yes","*","1143","1143"
"H5822","National PACE","National PACE","MIDLAND CARE CONNECTION","Midland Care PACE","Midland Care Connection, Inc.","01/01/2007","Yes","*","582","582"
"H5823","Local CCP","HMO/HMOPOS","MOLINA HEALTHCARE OF WASHINGTON, INC.","Molina Healthcare of Washington, Inc.","Molina Healthcare, Inc.","01/01/2006","Yes","*","14189","14189"
"H5826","Local CCP","HMO/HMOPOS","COMMUNITY HEALTH PLAN OF WASHINGTON","Community Health Plan of WA Medicare Advantage","Community Health Plan of Washington","01/01/2007","Yes","93","14074","14167"
"H5828","Local CCP","HMO/HMOPOS","WELLPOINT TENNESSEE, INC.","Wellpoint","Elevance Health, Inc.","01/01/2021","Yes","*","29762","29762"
"H5843","Local CCP","HMO/HMOPOS","BANNER HEALTH PLAN, INC.","Banner Medicare Advantage","Banner Health","01/01/2021","Yes","*","13482","13482"
"H5852","Local CCP","HMO/HMOPOS","AIDS HEALTHCARE FOUNDATION","AHF","AIDS Healthcare Foundation","01/01/2006","Yes","*","608","608"
"H5854","Local CCP","HMO/HMOPOS","ANTHEM HEALTH PLANS, INC.","Anthem Blue Cross and Blue Shield","Elevance Health, Inc.","01/01/2007","Yes","114","33982","34096"
"H5859","Local CCP","HMO/HMOPOS","HEALTH PLAN OF CAREOREGON, INC.","CareOregon Advantage","CareOregon, Inc.","01/01/2006","Yes","*","15702","15702"
"H5883","Local CCP","HMO/HMOPOS","BLUE CARE NETWORK OF MICHIGAN","Blue Care Network","Blue Cross Blue Shield of Michigan Mutual Ins. Co.","01/01/2006","Yes","29982","85681","115663"
"H5900","Local CCP","Local PPO","WELLMARK ADVANTAGE HEALTH PLAN, INC.","Wellmark Advantage Health Plan","Blue Cross Blue Shield of Michigan Mutual Ins. Co.","01/01/2022","Yes","426","47061","47487"
"H5902","National PACE","National PACE","SENIOR LIFE ALTOONA, INC.","Senior LIFE Altoona / Ebensburg / Indiana","Senior LIFE Altoona, Inc.","05/01/2011","Yes","*","541","541"
"H5926","Local CCP","HMO/HMOPOS","MOLINA HEALTHCARE OF MICHIGAN, INC.","Molina Healthcare of Michigan","Molina Healthcare, Inc.","01/01/2006","Yes","*","10130","10130"
"H5928","Local CCP","HMO/HMOPOS","California Physicians' Service","Blue Shield of California","California Physicians' Service","01/01/2007","Yes","*","9030","9030"
"H5932","Local CCP","HMO/HMOPOS","GATEWAY HEALTH PLAN, INC.","Highmark Wholecare Medicare Assured","Highmark Health","01/01/2006","Yes","*","38744","38744"
"H5934","National PACE","National PACE","HOPE HOSPICE AND COMMUNITY SERVICES, INC.","Hope PACE","Chapters Health System, Inc.","03/01/2008","Yes","*","570","570"
"H5937","Local CCP","HMO/HMOPOS","UCARE MINNESOTA","UCare","UCare Minnesota","01/01/2017","Yes","*","10018","10018"
"H5938","Local CCP","HMO/HMOPOS","CAPITAL HEALTH PLAN","Capital Health Plan","Guidewell Mutual Holding Corporation","01/01/2006","Yes","*","24808","24808"
"H5943","Local CCP","HMO/HMOPOS","SCAN HEALTH PLAN","VillageHealth","SCAN Group","01/01/2006","Yes","*","662","662"
"H5945","Local CCP","HMO/HMOPOS","PROMINENCE HEALTHFIRST","Prominence Health Plan","Universal Health Services, Inc.","01/01/2015","Yes","366","22735","23101"
"H5959","Local CCP","Local PPO","BCBSM, Inc.","Blue Cross and Blue Shield of Minnesota","Aware Integrated, Inc.","01/01/2018","Yes","16613","180817","197430"
"H5965","Local CCP","Local PPO","WELLCARE HEALTH INSURANCE COMPANY OF WASHINGTON","Wellcare","Centene Corporation","01/01/2020","Yes","619","15509","16128"
"H5969","Local CCP","HMO/HMOPOS","ALOHACARE","AlohaCare","AlohaCare","01/01/2006","Yes","*","2417","2417"
"H5970","Local CCP","Local PPO","HUMANA INSURANCE COMPANY OF NEW YORK","Humana","Humana Inc.","01/01/2010","Yes","5698","49044","54742"
"H5978","National PACE","National PACE","SENIOR LIFE LEHIGH VALLEY, INC.","Senior LIFE Lehigh Valley / Reading","Senior LIFE Lehigh Valley, Inc.","02/01/2009","Yes","*","639","639"
"H5989","Local CCP","HMO/HMOPOS","HEALTHFIRST HEALTH PLAN, INC.","Healthfirst Medicare Plan","Healthfirst, Inc.","01/01/2007","Yes","*","33798","33798"
"H5991","Local CCP","HMO/HMOPOS","HEALTH INSURANCE PLAN OF GREATER NEW YORK","EmblemHealth","EmblemHealth, Inc.","01/01/2007","Yes","*","2351","2351"
"H5992","Local CCP","HMO/HMOPOS","SENIOR WHOLE HEALTH OF NEW YORK, INC.","Senior Whole Health of New York","Molina Healthcare, Inc.","01/01/2007","Yes","*","676","676"
"H5993","National PACE","National PACE","LAWNDALE CHRISTIAN HEALTH CENTER","Lawndale Christian Health Center","Lawndale Christian Health Center","05/01/2024","Yes","*","35","35"
"H5995","Local CCP","HMO/HMOPOS","ATRIO HEALTH PLANS","ATRIO Health Plans","ATRIO Health Plans","01/01/2006","Yes","*","64","64"
"H6018","Local CCP","Local PPO","DEVOTED HEALTH INSURANCE COMPANY OF PENNSYLVANIA INC","Devoted Health","Devoted Health, Inc.","01/01/2023","Yes","*","4203","4203"
"H6019","Local CCP","HMO/HMOPOS","SAN MATEO HEALTH COMMISSION","HEALTH PLAN OF SAN MATEO","Health Plan of San Mateo","01/01/2023","Yes","*","8488","8488"
"H6059","National PACE","National PACE","PACE OF GUILFORD AND ROCKINGHAM COUNTIES, INC.","PACE OF THE TRIAD","Well-Spring Services, Inc.","06/01/2011","Yes","*","204","204"
"H6078","Local CCP","Local PPO","Group Retiree Health Solutions, Inc.","Blue Medicare Advantage","Elevance Health, Inc.","01/01/2021","Yes","11324","11148","22472"
"H6079","National PACE","National PACE","TOTAL LONGTERM CARE, INC.","InnovAge California PACE","Total Community Options, Inc.","03/01/2014","Yes","*","1275","1275"
"H6080","Demo","Medicare-Medicaid Plan HMO/HMOPOS","MERIDIAN HEALTH PLAN OF ILLINOIS, INC.","Meridian Medicare-Medicaid Plan (MMP)","Centene Corporation","02/01/2014","Yes","*","13585","13585"
"H6081","National PACE","National PACE","HIGH DESERT PACE, INC,","High Desert PACE","High Desert PACE, Inc.","07/01/2024","Yes","*","198","198"
"H6130","MSA","MSA","FENYX HEALTH INSURANCE COMPANY","Fenyx Health","Fenyx Health Holdings, Inc.","01/01/2024","No","389","*","389"
"H6142","HCPP - 1833 Cost","HCPP - 1833 Cost","UNION HEALTH SERVICES, INC.","Union Health Service, Inc.","Union Health Services, Inc.","02/01/1983","No","1683","*","1683"
"H6147","National PACE","National PACE","LOMA LINDA UNIVERSITY MEDICAL CENTER","Loma Linda University Health PACE","Loma Linda University Medical Center","01/01/2024","Yes","*","123","123"
"H6154","Local CCP","HMO/HMOPOS","MEDICA HEALTH PLANS","Medica","Medica Holding Company","01/01/2018","Yes","*","789","789"
"H6158","Local CCP","HMO/HMOPOS","USABLE HMO, INC.","Arkansas Blue Medicare","USAble Mutual Insurance Company","01/01/2021","Yes","*","11239","11239"
"H6170","Local CCP","HMO/HMOPOS","CHAMPION HEALTH PLAN OF CALIFORNIA INC","Champion Heath Plan","Champion Health Plans-USA, LLC.","01/01/2024","Yes","*","263","263"
"H6188","National PACE","National PACE","VIECARE ARMSTRONG, LLC","LIFE Armstrong","Lutheran SeniorLife","04/01/2015","Yes","*","85","85"
"H6200","Local CCP","Local PPO","ESSENCE HEALTHCARE PPO, INC.","Essence Healthcare","Lumeris Group Holdings Corporation","01/01/2023","Yes","*","14177","14177"
"H6202","Local CCP","Local PPO","NEXTBLUE OF NORTH DAKOTA INSURANCE COMPANY","NextBlue of North Dakota","Blue Cross Blue Shield of Michigan Mutual Ins. Co.","01/01/2021","Yes","871","20016","20887"
"H6231","National PACE","National PACE","FRANCISCAN PACE, INC.","PACE Baton Rouge","Franciscan Missionaries of Our Lady Health System","07/01/2008","Yes","*","234","234"
"H6237","Local CCP","HMO/HMOPOS","REGENCE BLUECROSS BLUESHIELD OF OREGON","Regence BlueCross BlueShield of Oregon","Cambia Health Solutions, Inc.","01/01/2014","Yes","*","1071","1071"
"H6248","Local CCP","HMO/HMOPOS","COMMUNITY HEALTH GROUP","Community Health Group","Community Health Group","01/01/2024","Yes","*","417","417"
"H6251","National PACE","National PACE","TRINITY HEALTH PACE OF MONTGOMERY COUNTY","Trinity Health PACE of Montgomery County","Trinity Health Corporation","11/01/2024","Yes","*","52","52"
"H6306","Local CCP","HMO/HMOPOS","FIRSTCAROLINACARE INSURANCE COMPANY","FirstMedicare Direct","The Carle Foundation","01/01/2013","Yes","83","5170","5253"
"H6316","Local CCP","HMO/HMOPOS","MISSOURI CARE, INCORPORATED","Healthy Blue","Elevance Health, Inc.","01/01/2020","Yes","*","2413","2413"
"H6317","National PACE","National PACE","WELBEHEALTH BAY AREA PACE, LLC","WelbeHealth","WelbeHealth LLC.","01/01/2024","Yes","*","198","198"
"H6322","Local CCP","HMO/HMOPOS","MCLAREN HEALTH PLAN, INC.","McLaren Medicare","McLaren Health Care Corporation","01/01/2022","Yes","*","2931","2931"
"H6334","HCPP - 1833 Cost","HCPP - 1833 Cost","NY HOTEL TRADES COUNCIL & HOTEL ASSOCIATION OF NYC","NY Hotel Trades Council and Hotel Assn. of NYC","NY Hotel Trades Council&Hotel Assn of NYC","01/01/1987","No","4890","*","4890"
"H6342","National PACE","National PACE","COMPLETE HEALTH WITH PACE","Baptist Health PACE","Baptist Health (Arkansas)","06/01/2016","Yes","*","134","134"
"H6345","Local CCP","HMO/HMOPOS","PRUITTHEALTH PREMIER NORTH CAROLINA, LLC","PruittHealth Premier","UNICO Services, Inc.","01/01/2019","Yes","*","816","816"
"H6348","Local CCP","Local PPO","COORDINATED CARE CORPORATION","Wellcare","Centene Corporation","01/01/2018","Yes","84","3971","4055"
"H6351","Local CCP","HMO/HMOPOS","LIBERTY ADVANTAGE, LLC","Liberty Medicare Advantage","Liberty Healthcare Insurance","01/01/2018","Yes","*","3139","3139"
"H6371","National PACE","National PACE","LUTHERAN SENIOR HEALTHCARE, INC.","Lutheran Senior LIFE","Lutheran Social Ministries of New Jersey","07/01/2010","Yes","*","90","90"
"H6378","Local CCP","HMO/HMOPOS","AMERIHEALTH CARITAS FLORIDA INC","AmeriHealth Caritas VIP Care (HMO-D-SNP)","Independence Health Group, Inc.","01/01/2023","Yes","*","37","37"
"H6379","Local CCP","HMO/HMOPOS","CLEAR SPRING HEALTH (CO), INC.","Clear Spring Health","Group 1001","01/01/2020","Yes","*","2068","2068"
"H6396","Local CCP","HMO/HMOPOS","CARESOURCE OHIO, INC.","CareSource MyCare Ohio (HMO D-SNP)","CareSource","01/01/2017","Yes","*","8737","8737"
"H6399","Local CCP","HMO/HMOPOS","AETNA BETTER HEALTH INC. (NJ)","Aetna Better Health of New Jersey","CVS Health Corporation","01/01/2021","Yes","*","5550","5550"
"H6425","National PACE","National PACE","WASHINGTON REGIONAL MEDICORP","PACE of the Ozarks","Washington Regional Medical System","02/01/2019","Yes","*","104","104"
"H6453","Local CCP","HMO/HMOPOS","HMO LOUISIANA, INC.","Blue Cross and Blue Shield of Louisiana","Louisiana Health Service & Indemnity Company","01/01/2016","Yes","*","35030","35030"
"H6474","Local CCP","HMO/HMOPOS","RENAL PAYER SOLUTIONS INC","Champion Health Plan","Champion Health Plans-USA, LLC.","01/01/2024","Yes","*","27","27"
"H6517","National PACE","National PACE","Family HealthCare Network (FHCN) PACE","Family HealthCare Network PACE","Family Healthcare Network","07/01/2024","Yes","*","86","86"
"H6529","Local CCP","HMO/HMOPOS","SOUTHEASTERN INDIANA HEALTH ORGANIZATION, INC.","MyTruAdvantage","SIHO Holding, Inc.","01/01/2021","Yes","*","1357","1357"
"H6537","National PACE","National PACE","TUNGSTEN HEALTH SACRAMENTO, LLC","Habitat Health Sacramento","Tungsten Health Holdings, LLC","01/01/2025","Yes","*","162","162"
"H6541","National PACE","National PACE","HORIZON-PACE, LLC","Horizon - PACE","American Health Management, Inc.","09/01/2022","Yes","*","176","176"
"H6545","Local CCP","Local PPO","Devoted Health Insurance Company of Illinois, Inc.","Devoted Health","Devoted Health, Inc.","01/01/2023","Yes","*","1862","1862"
"H6550","Local CCP","HMO/HMOPOS","SUNFLOWER STATE HEALTH PLAN, INC.","Wellcare","Centene Corporation","01/01/2018","Yes","*","3975","3975"
"H6551","National PACE","National PACE","LIFE ST. MARY","LIFE St. Mary","Trinity Health Corporation","03/01/2010","Yes","*","276","276"
"H6586","Local CCP","Local PPO","DEVOTED HEALTH INSURANCE COMPANY OF ARIZONA, INC.","Devoted Health","Devoted Health, Inc.","01/01/2023","Yes","1112","3689","4801"
"H6595","Local CCP","HMO/HMOPOS","UNITEDHEALTHCARE OF WISCONSIN, INC.","UnitedHealthcare","UnitedHealth Group, Inc.","01/01/2019","Yes","*","28825","28825"
"H6596","National PACE","National PACE","FALLON HEALTH WEINBERG, INC.","Fallon Health Weinberg","Fallon Community Health Plan, Inc.","09/01/2015","Yes","*","229","229"
"H6622","Local CCP","HMO/HMOPOS","HUMANA WI HEALTH ORGANIZATION INSURANCE CORP","Humana","Humana Inc.","01/01/2011","Yes","745","321319","322064"
"H6652","Local CCP","HMO/HMOPOS","AMERICAN HEALTH PLAN OF FL, INC.","American Health Advantage of Florida","Mitchell Family Office","01/01/2021","Yes","*","*","*"
"H6672","Local CCP","HMO/HMOPOS","CLEAR SPRING HEALTH (GA), INC.","Clear Spring Health","Group 1001","01/01/2017","Yes","*","4383","4383"
"H6706","Local CCP","HMO/HMOPOS","UnitedHealthcare Benefits of Texas, Inc.","UnitedHealthcare","UnitedHealth Group, Inc.","01/01/2021","Yes","*","467","467"
"H6713","Local CCP","Local PPO","WELLCARE OF ILLINOIS, INC.","Wellcare","Centene Corporation","01/01/2021","Yes","149","8518","8667"
"H6723","Local CCP","HMO/HMOPOS","MEDICAL MUTUAL OF OHIO","Medical Mutual of Ohio","MEDICAL MUTUAL OF OHIO","01/01/2016","Yes","*","70547","70547"
"H6727","Local CCP","Local PPO","UNIVERSITY OF MICHIGAN HEALTH MEDICARE","University of Michigan Health Plan","University of Michigan Health","01/01/2024","Yes","*","211","211"
"H6743","Local CCP","Local PPO","ATRIO HEALTH PLANS","ATRIO Health Plans","ATRIO Health Plans","01/01/2011","Yes","879","25379","26258"
"H6759","National PACE","National PACE","Senior CommUnity Care Of Kentucky","Senior CommUnity Care of Kentucky","Volunteers of America National Services","05/01/2023","Yes","*","77","77"
"H6765","Local CCP","HMO/HMOPOS","AMERICAN HEALTH PLAN OF IOWA INC","Iowa Health Advantage","Mitchell Family Office","01/01/2023","Yes","*","1339","1339"
"H6776","Local CCP","HMO/HMOPOS","ELDERSERVE HEALTH, INC.","RiverSpring Health Plans","CareSource","01/01/2016","Yes","*","870","870"
"H6787","National PACE","National PACE","VOANS SENIOR COMMUNITY CARE OF MICHIGAN, INC.","Senior Community Care of Michigan","Volunteers of America National Services","04/01/2015","Yes","*","221","221"
"H6813","Local CCP","Local PPO","DEVOTED HEALTH INSURANCE COMPANY OF TEXAS INC","Devoted Health","Devoted Health, Inc.","01/01/2023","Yes","103","2796","2899"
"H6815","Local CCP","HMO/HMOPOS","HEALTH NET HEALTH PLAN OF OREGON, INC.","Wellcare","Centene Corporation","01/01/2011","Yes","*","14418","14418"
"H6830","Local CCP","Local PPO","CENTENE VENTURE COMPANY KANSAS","Wellcare by Allwell","Centene Corporation","01/01/2021","Yes","*","72","72"
"H6832","Local CCP","HMO/HMOPOS","ALIGN SENIOR CARE MI, LLC","Align Senior Care","Curana Health Holdings, LLC","01/01/2020","Yes","*","1182","1182"
"H6846","National PACE","National PACE","CAREPARTNERS REHABILITATION HOSPITAL, LLLP","CarePartners PACE","HCA Healthcare, Inc.","03/01/2015","Yes","*","226","226"
"H6847","Local CCP","HMO/HMOPOS","Mass General Brigham Health Plan, Inc.","Mass General Brigham Health Plan","Mass General Brigham Incorporated","01/01/2023","Yes","*","1140","1140"
"H6851","Local CCP","HMO/HMOPOS","BOSTON MEDICAL CENTER HEALTH PLAN, INC.","WellSense Health Plan","BMC Health System, Inc.","01/01/2022","Yes","*","4296","4296"
"H6852","Local CCP","HMO/HMOPOS","DEVOTED HEALTH PLAN OF PENNSYLVANIA INC","Devoted Health","Devoted Health, Inc.","01/01/2023","Yes","*","1781","1781"
"H6868","National PACE","National PACE","BOLDAGE PACE KENTUCKY, LLC","BoldAge PACE","Beacon Care Ventures LLC DBA BoldAge PACE","02/01/2024","Yes","*","94","94"
"H6870","Demo","Medicare-Medicaid Plan HMO/HMOPOS","SUPERIOR HEALTHPLAN, INC.","Superior HealthPlan","Centene Corporation","03/01/2015","Yes","*","2622","2622"
"H6874","Local CCP","Local PPO","ASPIRUS HEALTH PLAN, INC.","Aspirus Health Plan","Aspirus, Inc.","01/01/2021","Yes","442","1890","2332"
"H6876","Local CCP","Local PPO","ZING HEALTH OF MICHIGAN, INC.","Zing Health","Zing Health Consolidator, Inc","01/01/2024","Yes","*","5395","5395"
"H6887","National PACE","National PACE","INSPIRA HEALTH NETWORK LIFE, INC.","Inspira Health Network LIFE","Inspira Health Network, Inc.","08/01/2011","Yes","*","287","287"
"H6891","Local CCP","HMO/HMOPOS","AMERICAN HEALTH PLAN OF TX, INC.","American Health Advantage of Texas","Mitchell Family Office","01/01/2021","Yes","*","549","549"
"H6898","Local CCP","Local PPO","VERMONT BLUE ADVANTAGE, INC.","Vermont Blue Advantage","Blue Cross Blue Shield of Michigan Mutual Ins. Co.","01/01/2021","Yes","644","33326","33970"
"H6910","Local CCP","HMO/HMOPOS","MOUNT CARMEL HEALTH PLAN OF IDAHO, INC.","Saint Alphonsus Health Plan","Trinity Health Corporation","01/01/2020","Yes","351","3539","3890"
"H6941","National PACE","National PACE","LIFE PACE","LIFE PACE, INC.","LIFE Senior Services, Inc.","01/01/2015","Yes","*","273","273"
"H6959","Local CCP","HMO/HMOPOS","ISNP VENTURES, LLC","KeyCare Advantage","ISNP Holdings, LLC","01/01/2020","Yes","*","489","489"
"H6988","Local CCP","HMO/HMOPOS","Anthem HP, LLC","Anthem Blue Cross and Blue Shield HP","Elevance Health, Inc.","01/01/2014","Yes","*","2904","2904"
"H7003","National PACE","National PACE","PACE NEBRASKA","Immanuel Pathways Omaha","Immanuel","03/01/2013","Yes","*","182","182"
"H7006","Local CCP","Local PPO","ATRIO HEALTH PLANS","ATRIO Health Plans","ATRIO Health Plans","01/01/2010","Yes","89","10498","10587"
"H7020","Local CCP","HMO/HMOPOS","HEALTHSPRING LIFE & HEALTH INSURANCE COMPANY, INC.","HealthSpring","Health Care Service Corporation","01/01/2014","Yes","862","10985","11847"
"H7027","National PACE","National PACE","ESPERANZA HEALTH CENTERS","Panorama PACE","Esperanza Health Centers","07/01/2024","Yes","*","26","26"
"H7028","Local CCP","Local PPO","DEVOTED HEALTH INSURANCE COMPANY OF SOUTH CAROLINA INC","Devoted Health","Devoted Health, Inc.","01/01/2023","Yes","566","7539","8105"
"H7059","National PACE","National PACE","STRATUM LIFE, LLC","Stratum LIFE","Empath Health, Inc.","02/01/2025","Yes","*","14","14"
"H7063","Local CCP","Local PPO","BLUECROSS BLUESHIELD KANSAS SOLUTIONS, INC.","Blue Cross and Blue Shield of Kansas","Blue Cross Blue Shield of Kansas","01/01/2020","Yes","72","7880","7952"
"H7074","Local CCP","Local PPO","ALIGNMENT HEALTH PLAN OF NORTH CAROLINA, INC.","Alignment Health Plan","Alignment Healthcare USA, LLC","01/01/2022","Yes","*","175","175"
"H7093","Local CCP","Local PPO","COMMUNITY INSURANCE COMPANY","Anthem Blue Cross and Blue Shield","Elevance Health, Inc.","01/01/2022","Yes","2083","10434","12517"
"H7114","National PACE","National PACE","VALIR PACE","Valir PACE","Valir PACE, LLC.","01/01/2015","Yes","*","260","260"
"H7115","Local CCP","HMO/HMOPOS","MEMORIAL HERMANN HEALTH PLAN","Memorial Hermann Health Plan","Memorial Hermann Health System","01/01/2015","Yes","156","12746","12902"
"H7123","Local CCP","HMO/HMOPOS","UPMC HEALTH COVERAGE, INC.","UPMC for Life Complete Care","UPMC Health System","01/01/2020","Yes","*","1472","1472"
"H7147","Local CCP","HMO/HMOPOS","DEVOTED HEALTH PLAN OF COLORADO INC","Devoted Health","Devoted Health, Inc.","01/01/2023","Yes","*","6597","6597"
"H7149","Local CCP","HMO/HMOPOS","AETNA HEALTH INC. (PA)","Aetna Medicare","CVS Health Corporation","01/01/2008","Yes","337","9318","9655"
"H7151","Local CCP","HMO/HMOPOS","DEVOTED HEALTH PLAN OF ILLINOIS, INC.","Devoted Health","Devoted Health, Inc.","01/01/2022","Yes","*","5776","5776"
"H7163","Local CCP","HMO/HMOPOS","Primewell Health Services of Mississippi Inc.","Primewell Health Services","Louisiana Health Service & Indemnity Company","01/01/2021","Yes","*","354","354"
"H7169","Local CCP","Local PPO","BUCKEYE HEALTH PLAN COMMUNITY SOLUTIONS, INC.","Wellcare By Allwell","Centene Corporation","01/01/2022","Yes","*","2022","2022"
"H7172","Demo","Medicare-Medicaid Plan HMO/HMOPOS","AETNA BETTER HEALTH INC. (OH)","Aetna Better Health of Ohio, MyCare Ohio","CVS Health Corporation","05/01/2014","Yes","*","10291","10291"
"H7195","National PACE","National PACE","NORTHLAND PACE PROGRAM","Northland PACE Senior Care Services","Northland Healthcare Alliance","08/01/2008","Yes","*","184","184"
"H7199","Local CCP","Local PPO","DEVOTED HEALTH  PLAN OF OREGON","Devoted Health","Devoted Health, Inc.","01/01/2023","Yes","*","2808","2808"
"H7220","Local CCP","HMO/HMOPOS","HealthKeepers, Inc.","Anthem HealthKeepers","Elevance Health, Inc.","01/01/2009","Yes","387","19461","19848"
"H7233","National PACE","National PACE","VOANS SENIOR COMMUNITY CARE OF MARYLAND","Senior CommUnity Care of Maryland","Volunteers of America National Services","03/01/2025","Yes","*","15","15"
"H7239","Local CCP","HMO/HMOPOS","PROMINENCE HEALTHFIRST OF FLORIDA INC","Prominence Health Plan","Universal Health Services, Inc.","01/01/2025","Yes","*","1868","1868"
"H7262","National PACE","National PACE","TRU COMMUNITY CARE","TRU PACE","TRU Community Care","02/01/2017","Yes","*","331","331"
"H7284","Local CCP","Local PPO","HUMANA HEALTH INSURANCE COMPANY OF FLORIDA, INC.","Humana","Humana Inc.","01/01/2019","Yes","*","17887","17887"
"H7296","National PACE","National PACE","HOSPICE OF METRO DENVER, INC","Colorado PACE","Hospice of Metro Denver, Inc","03/01/2025","Yes","*","45","45"
"H7301","Local CCP","Local PPO","COVENTRY HEALTH CARE OF ILLINOIS, INC.","Aetna Medicare","CVS Health Corporation","01/01/2008","Yes","225","95051","95276"
"H7323","Local CCP","Local PPO","WELLCARE NATIONAL HEALTH INSURANCE COMPANY","Wellcare","Centene Corporation","01/01/2020","Yes","*","5334","5334"
"H7326","Local CCP","Local PPO","WELLCARE OF SOUTH CAROLINA, INC.","Wellcare","Centene Corporation","01/01/2018","Yes","*","16160","16160"
"H7330","Local CCP","HMO/HMOPOS","ZING HEALTH, INC.","Zing Health","Zing Health Consolidator, Inc","01/01/2020","Yes","*","1138","1138"
"H7355","Local CCP","Local PPO","DEVOTED HEALTH INSURANCE COMPANY OF MISSISSIPPI","Devoted Health","Devoted Health, Inc.","01/01/2025","Yes","*","2121","2121"
"H7366","National PACE","National PACE","CONCERTOHEALTH PACE OF LOS ANGELES, LLC","InnovAge California PACE - Crenshaw","Total Community Options, Inc.","07/01/2022","Yes","*","81","81"
"H7379","Local CCP","Local PPO","CAREFIRST ADVANTAGE PPO, INC.","CareFirst BlueCross BlueShield Medicare Advantage","CareFirst, Inc.","01/01/2022","Yes","3035","24635","27670"
"H7389","Local CCP","HMO/HMOPOS","HealthSpring Life & Health Insurance Company, Inc.","HealthSpring","Health Care Service Corporation","01/01/2022","Yes","*","4967","4967"
"H7397","Local CCP","Local PPO","DEVOTED HEALTH INSURANCE COMPANY OF ARKANSAS INC","Devoted Health","Devoted Health, Inc.","01/01/2025","Yes","*","1059","1059"
"H7419","Demo","Medicare-Medicaid Plan HMO/HMOPOS","TUFTS HEALTH PUBLIC PLANS, INC.","Tufts Health Plan","Point32Health, Inc.","10/01/2013","Yes","*","6798","6798"
"H7464","Local CCP","HMO/HMOPOS","UNITEDHEALTHCARE OF THE MID-ATLANTIC, INC.","UnitedHealthcare","UnitedHealth Group, Inc.","01/01/2018","Yes","*","23563","23563"
"H7469","National PACE","National PACE","PACE PARTNERS OF NORTHEAST FLORIDA, INC.","PACE Partners of Northeast Florida","Community Hospice of Northeast Florida, Inc.","02/01/2020","Yes","*","88","88"
"H7471","Local CCP","Local PPO","DEVOTED HEALTH INSURANCE COMPANY OF INDIANA","Devoted Health","Devoted Health, Inc.","01/01/2025","Yes","*","2244","2244"
"H7501","National PACE","National PACE","ORANGE COUNTY HEALTH AUTHORITY","CalOptima PACE","Orange County Health Authority","09/01/2013","Yes","*","248","248"
"H7511","Local CCP","HMO/HMOPOS","GOOD SAMARITAN INSURANCE PLAN OF NEBRASKA, INC.","Great Plains Medicare Advantage","Sanford Health","01/01/2018","Yes","*","585","585"
"H7512","Local CCP","Local PPO","CENTENE VENTURE COMPANY MICHIGAN","Ascension Complete","Centene Corporation","01/01/2022","Yes","*","*","*"
"H7518","Local CCP","Local PPO","WELLCARE OF MISSOURI HEALTH INSURANCE COMPANY, INC","Wellcare","Centene Corporation","01/01/2020","Yes","885","1451","2336"
"H7522","Local CCP","Local PPO","MMM HEALTHCARE, LLC","Medicare y Mucho Mas (MMM)","Elevance Health, Inc.","01/01/2016","Yes","*","504","504"
"H7524","Local CCP","HMO/HMOPOS","EXCELLUS HEALTH PLAN COMMUNITY CARE LLC","Excellus Health Plan Community Care LLC","Lifetime Healthcare, Inc.","01/01/2023","Yes","*","1576","1576"
"H7557","Local CCP","HMO/HMOPOS","LONGEVITY HEALTH PLAN OF MICHIGAN, INC.","Longevity Health Plan","Longevity Health Founders, LLC","01/01/2021","Yes","*","1346","1346"
"H7598","Local CCP","HMO/HMOPOS","GROUP HEALTH COOPERATIVE OF EAU CLAIRE","Group Health Cooperative of Eau Claire","Group Health Cooperative of Eau Claire","01/01/2021","Yes","*","233","233"
"H7605","Local CCP","HMO/HMOPOS","DEVOTED HEALTH PLAN OF TENNESSEE INC","Devoted Health","Devoted Health, Inc.","01/01/2023","Yes","*","2646","2646"
"H7607","Local CCP","HMO/HMOPOS","CLEVER CARE OF GOLDEN STATE, INC.","Clever Care Health Plan","Clever Care Health Plan, Inc.","01/01/2021","Yes","*","30754","30754"
"H7617","Local CCP","Local PPO","EMPHESYS INSURANCE COMPANY","Humana","Humana Inc.","01/01/2020","Yes","3021","8390","11411"
"H7619","National PACE","National PACE","ATLANTICARE HEALTH SERVICES, INC.","AtlantiCare LIFE Connection","AtlantiCare Health Services, Inc.","10/01/2017","Yes","*","155","155"
"H7646","Local CCP","HMO/HMOPOS","UNIVERSITY OF MICHIGAN HEALTH MEDICARE","University of Michigan Health Plan","University of Michigan Health","01/01/2020","Yes","105","8473","8578"
"H7656","National PACE","National PACE","VALLEY PACE, LLC","BoldAge PACE","Valley PACE, LLC","07/01/2024","Yes","*","74","74"
"H7660","National PACE","National PACE","VIECARE BEAVER, LLC","LIFE Beaver and Lawrence Counties","Lutheran SeniorLife","11/01/2008","Yes","*","387","387"
"H7670","Local CCP","HMO/HMOPOS","CENTRAL MASS HEALTH, LLC","Mass Advantage","Central Mass Health Holding LLC","01/01/2022","Yes","*","1843","1843"
"H7678","Local CCP","HMO/HMOPOS","MOLINA HEALTHCARE OF TEXAS, INC.","Molina Healthcare of Texas, Inc.","Molina Healthcare, Inc.","01/01/2008","Yes","*","4904","4904"
"H7680","Local CCP","HMO/HMOPOS","PROMINENCE HEALTHFIRST OF TEXAS","Prominence Health Plan","Universal Health Services, Inc.","01/01/2015","Yes","*","13067","13067"
"H7710","Local CCP","HMO/HMOPOS","HIGHMARK BCBSD, INC.","Highmark Blue Cross Blue Shield","Highmark Health","01/01/2025","Yes","*","2258","2258"
"H7725","National PACE","National PACE","VOANS SENIOR COMMUNITY CARE OF JEFFERSON COUNTY","Senior CommUnity Care of Jefferson County","Volunteers of America National Services","11/01/2024","Yes","*","27","27"
"H7777","National PACE","National PACE","TRIHEALTH G, LLC","PACE of Cincinnati","TriHealth, Inc.","08/01/2025","Yes","*","18","18"
"H7779","Local CCP","HMO/HMOPOS","AMERICAN HEALTH PLAN, INC.","American Health Advantage of Tennessee","Mitchell Family Office","01/01/2019","Yes","*","410","410"
"H7787","Local CCP","Local PPO","HEALTHSPRING LIFE & HEALTH INSURANCE COMPANY, INC.","HealthSpring","Health Care Service Corporation","01/01/2009","Yes","4264","14263","18527"
"H7813","Local CCP","HMO/HMOPOS","ICIRCLE SERVICES OF THE FINGER LAKES, INC.","iCircle Services of the Finger Lakes, Inc","CDS Monarch, Inc.","01/01/2023","Yes","*","*","*"
"H7831","National PACE","National PACE","PRIME ACQUISITIONS, LLC","EverTrue PACE","Midwest Christian Villages, Inc.","05/01/2022","Yes","*","87","87"
"H7833","Demo","Medicare-Medicaid Plan HMO/HMOPOS","UNITEDHEALTHCARE COMMUNITY PLAN OF TEXAS, L.L.C.","UnitedHealthcare","UnitedHealth Group, Inc.","03/01/2015","Yes","*","2265","2265"
"H7844","Demo","Medicare-Medicaid Plan HMO/HMOPOS","MOLINA HEALTHCARE OF MICHIGAN, INC.","Molina Healthcare of Michigan","Molina Healthcare, Inc.","05/01/2015","Yes","*","8110","8110"
"H7849","Local CCP","Local PPO","HEALTHSPRING LIFE & HEALTH INSURANCE COMPANY, INC.","HealthSpring","Health Care Service Corporation","01/01/2020","Yes","948","83797","84745"
"H7855","National PACE","National PACE","BRANDMAN CENTERS FOR SENIOR CARE, INC.","Brandman Centers for Senior Care","Los Angeles Jewish Home for the Aging","02/01/2013","Yes","*","331","331"
"H7917","Local CCP","Local PPO","BLUECROSS BLUESHIELD OF TENNESSEE, INC.","BlueCross BlueShield of Tennessee","BlueCross BlueShield of Tennessee","01/01/2008","Yes","1787","175083","176870"
"H7925","Local CCP","HMO/HMOPOS","CENTENE VENTURE COMPANY INDIANA, INC.","Wellcare by Allwell","Centene Corporation","01/01/2021","Yes","*","548","548"
"H7980","Local CCP","Local PPO","BOSTON MEDICAL CENTER HEALTH PLAN, INC.","WellSense Health Plan","BMC Health System, Inc.","01/01/2025","Yes","*","6012","6012"
"H7993","Local CCP","HMO/HMOPOS","DEVOTED HEALTH PLAN OF TEXAS, INC.","Devoted Health","Devoted Health, Inc.","01/01/2020","Yes","163","24516","24679"
"H8003","Local CCP","Local PPO","BLUECROSS AND BLUESHIELD OF SOUTH CAROLINA","Blue Cross Blue Shield of South Carolina","BlueCross BlueShield of South Carolina (BCBSSC)","01/01/2018","Yes","477","34836","35313"
"H8010","Local CCP","HMO/HMOPOS","CLOVER HMO OF NEW JERSEY INC.","Clover Health","Clover Health Holdings, Inc.","01/01/2019","Yes","*","3064","3064"
"H8014","Local CCP","Local PPO","CLEAR SPRING HEALTH INSURANCE COMPANY","Clear Spring Health","Group 1001","01/01/2023","Yes","*","70","70"
"H8019","Local CCP","HMO/HMOPOS","MEDICA CENTRAL HEALTH PLAN","Medica","Medica Holding Company","01/01/2021","Yes","20","284","304"
"H8026","Demo","Medicare-Medicaid Plan HMO/HMOPOS","AETNA BETTER HEALTH OF MICHIGAN INC.","Aetna Better Health Premier Plan","CVS Health Corporation","03/01/2015","Yes","*","6932","6932"
"H8046","Demo","Medicare-Medicaid Plan HMO/HMOPOS","MOLINA HEALTHCARE OF ILLINOIS, INC.","Molina Healthcare of Illinois","Molina Healthcare, Inc.","02/01/2014","Yes","*","13462","13462"
"H8048","National PACE","National PACE","KINSHIP PACE OF INDIANA, LLC","Kinship PACE of Indiana, LLC","CitiPACE Holding Company","10/01/2025","Yes","*","*","*"
"H8064","Local CCP","Local PPO","FIRSTCAROLINACARE INSURANCE COMPANY","FirstMedicare Direct","The Carle Foundation","01/01/2013","Yes","*","336","336"
"H8067","Local CCP","HMO/HMOPOS","PROVIDER PARTNERS HEALTH PLAN, INC.","Provider Partners Health Plans","Rifkin Managed Care Holding, LLC","01/01/2016","Yes","*","250","250"
"H8070","Local CCP","Local PPO","UCARE MINNESOTA","UCare","UCare Minnesota","01/01/2023","Yes","*","59382","59382"
"H8082","National PACE","National PACE","STOCKTON PACE","WelbeHealth","WelbeHealth LLC.","01/01/2019","Yes","*","1105","1105"
"H8093","Local CCP","HMO/HMOPOS","GEORGIA ASSURANCE, INC.","Georgia Health Advantage","Mitchell Family Office","01/01/2020","Yes","*","1887","1887"
"H8095","Local CCP","HMO/HMOPOS","WELLMARK ADVANTAGE HEALTH PLAN, INC.","Wellmark Advantage Health Plan","Blue Cross Blue Shield of Michigan Mutual Ins. Co.","01/01/2022","Yes","*","1448","1448"
"H8096","National PACE","National PACE","CENTRA HEALTH, INC.","Centra PACE","Centra Health, Inc.","02/01/2009","Yes","*","402","402"
"H8099","National PACE","National PACE","VOANS SENIOR COMMUNITY CARE OF NORTHERN KENTUCKY","Senior CommUnity Care of Northern Kentucky","Volunteers of America National Services","04/01/2024","Yes","*","47","47"
"H8121","Local CCP","Local PPO","CENTENE VENTURE COMPANY TENNESSEE","Ascension Complete","Centene Corporation","01/01/2022","Yes","*","*","*"
"H8133","Local CCP","HMO/HMOPOS","GHS INSURANCE COMPANY","Blue Cross and Blue Shield of Texas","Health Care Service Corporation","01/01/2015","Yes","*","3563","3563"
"H8142","Local CCP","HMO/HMOPOS","SCOTT AND WHITE HEALTH PLAN","Baylor Scott & White Health Plan","Baylor Scott & White Health","01/01/2018","Yes","2779","31055","33834"
"H8145","PFFS","PFFS","HUMANA INSURANCE COMPANY","Humana","Humana Inc.","01/01/2011","Yes","2374","32605","34979"
"H8166","Local CCP","Local PPO","HIGHMARK BCBSD INC.","Highmark Blue Cross Blue Shield","Highmark Health","01/01/2022","Yes","407","15448","15855"
"H8171","National PACE","National PACE","BEACON PACE ILLINOIS, LLC","BoldAge PACE","Beacon Care Ventures LLC DBA BoldAge PACE","10/01/2025","Yes","*","*","*"
"H8173","Local CCP","HMO/HMOPOS","DEVOTED HEALTH PLAN OF ARIZONA, INC.","Devoted Health","Devoted Health, Inc.","01/01/2021","Yes","471","6516","6987"
"H8176","Local CCP","HMO/HMOPOS","MOLINA HEALTHCARE OF SOUTH CAROLINA,INC","Molina Healthcare of South Carolina","Molina Healthcare, Inc.","01/01/2020","Yes","*","1071","1071"
"H8181","Local CCP","Local PPO","SAPPHIRE EDGE, INC.","Blue Cross and Blue Shield of Nebraska","Blue Cross Blue Shield of Nebraska","01/01/2020","Yes","*","17460","17460"
"H8189","Local CCP","HMO/HMOPOS","MANAGED HEALTH SERVICES INSURANCE CORP.","Wellcare","Centene Corporation","01/01/2008","Yes","*","8271","8271"
"H8197","Demo","Medicare-Medicaid Plan HMO/HMOPOS","MOLINA HEALTHCARE OF TEXAS, INC.","Molina Healthcare of Texas","Molina Healthcare, Inc.","03/01/2015","Yes","*","7982","7982"
"H8211","Local CCP","Local PPO","CARE IMPROVEMENT PLUS SOUTH CENTRAL INSURANCE CO.","UnitedHealthcare","UnitedHealth Group, Inc.","01/01/2018","Yes","1341","22907","24248"
"H8213","Demo","Medicare-Medicaid Plan HMO/HMOPOS","SELECT HEALTH OF SOUTH CAROLINA, INC.","FIRST CHOICE VIP CARE PLUS","Independence Health Group, Inc.","02/01/2015","Yes","*","2795","2795"
"H8298","Local CCP","HMO/HMOPOS","HORIZON HEALTHCARE OF NEW JERSEY, INC.","Horizon Blue Cross Blue Shield of New Jersey","Horizon Mutual Holdings, Inc","01/01/2017","Yes","*","23330","23330"
"H8320","Local CCP","Local PPO","Devoted of Illinois, Inc.","Devoted Health","Devoted Health, Inc.","01/01/2025","Yes","*","673","673"
"H8330","Local CCP","HMO/HMOPOS","TUFTS ASSOCIATED HEALTH MAINTENANCE ORGANIZATION","Tufts Health Plan","Point32Health, Inc.","01/01/2022","Yes","*","14490","14490"
"H8332","Local CCP","HMO/HMOPOS","AETNA BETTER HEALTH OF KANSAS INC.","Aetna Medicare","CVS Health Corporation","01/01/2021","Yes","*","274","274"
"H8379","Local CCP","HMO/HMOPOS","PRIORITY HEALTH CHOICE, INC.","Priority Health Medicare","Corewell Health","01/01/2020","Yes","*","8243","8243"
"H8385","Local CCP","Local PPO","SANFORD HEALTH PLAN","Align powered by Sanford Health Plan","Sanford Health","01/01/2022","Yes","*","7057","7057"
"H8390","Local CCP","HMO/HMOPOS","CARESOURCE GEORGIA CO.","CareSource","CareSource","01/01/2021","Yes","*","143","143"
"H8421","National PACE","National PACE","ACUTECARE PACE FRANKLIN, LLC","BoldAge PACE","Beacon Care Ventures LLC DBA BoldAge PACE","05/01/2025","Yes","*","16","16"
"H8424","National PACE","National PACE","SIOUXLAND PACE, INC.","UnityPoint Health PACE Senior Care","Iowa Health System","08/01/2008","Yes","*","316","316"
"H8432","Local CCP","HMO/HMOPOS","ANTHEM HP, LLC.","Anthem Blue Cross and Blue Shield HP","Elevance Health, Inc.","01/01/2014","Yes","298","46280","46578"
"H8452","Demo","Medicare-Medicaid Plan HMO/HMOPOS","CARESOURCE OHIO, INC.","CareSource MyCare Ohio","CareSource","05/01/2014","Yes","*","12654","12654"
"H8457","Local CCP","HMO/HMOPOS","LONGEVITY HEALTH PLAN OF NEW YORK, INC.","Longevity Health Plan","Longevity Health Founders, LLC","01/01/2019","Yes","*","792","792"
"H8492","Local CCP","HMO/HMOPOS","DIGNITY CARE CORPORATION","American Health Advantage of Louisiana","Mitchell Family Office","01/01/2020","Yes","*","658","658"
"H8547","Local CCP","HMO/HMOPOS","ILLINOIS BLUE CROSS BLUE SHIELD INSURANCE COMPANY","Blue Cross and Blue Shield of Illinois","Health Care Service Corporation","01/01/2021","Yes","*","1792","1792"
"H8552","Local CCP","Local PPO","ANTHEM BLUE CROSS LIFE AND HEALTH INS COMPANY","Anthem Blue Cross Life and Health Insurance Company","Elevance Health, Inc.","01/01/2012","Yes","*","12126","12126"
"H8553","Local CCP","Local PPO","WELLCARE HEALTH INSURANCE OF THE SOUTHWEST, INC.","Wellcare","Centene Corporation","01/01/2021","Yes","282","1485","1767"
"H8554","Local CCP","HMO/HMOPOS","GHS INSURANCE COMPANY","Blue Cross and Blue Shield of OK, TX","Health Care Service Corporation","01/01/2014","Yes","*","907","907"
"H8578","Local CCP","HMO/HMOPOS","HEALTH NEW ENGLAND, INC.","Health New England Medicare Advantage Plans","Baystate Health, Inc.","01/01/2009","Yes","236","8510","8746"
"H8597","Local CCP","HMO/HMOPOS","AETNA BETTER HEALTH OF TEXAS INC.","Aetna Medicare","CVS Health Corporation","01/01/2019","Yes","*","17667","17667"
"H8604","Local CCP","Local PPO","THP INSURANCE COMPANY","The Health Plan","The Health Plan of West Virginia, Inc.","01/01/2008","Yes","*","3172","3172"
"H8614","National PACE","National PACE","MILFORD WELLNESS VILLAGE PACE","PACE Your LIFE","Milford Wellness Village PACE, LLC","06/01/2022","Yes","*","64","64"
"H8634","Local CCP","Local PPO","HEALTH CARE SERVICE CORPORATION","Blue Cross and Blue Shield of IL, NM, OK, TX","Health Care Service Corporation","01/01/2014","Yes","190","31527","31717"
"H8649","Local CCP","HMO/HMOPOS","AETNA HEALTH OF UTAH INC.","Aetna Medicare","CVS Health Corporation","01/01/2008","Yes","*","5123","5125"
"H8655","National PACE","National PACE","INNOVAGE VIRGINIA PACE II, LLC","InnovAge Virginia PACE - Richmond and Peninsula","Total Community Options, Inc.","02/01/2008","Yes","*","572","572"
"H8711","Local CCP","Local PPO","WELLCARE HEALTH INSURANCE COMPANY OF NEW JERSEY","Wellcare","Centene Corporation","01/01/2021","Yes","*","*","*"
"H8764","Local CCP","HMO/HMOPOS","ASPIRE HEALTH PLAN","Aspire Health","Montage Health","01/01/2014","Yes","*","8049","8049"
"H8768","Local CCP","Local PPO","CARE IMPROVEMENT PLUS SOUTH CENTRAL INSURANCE CO.","UnitedHealthcare","UnitedHealth Group, Inc.","01/01/2018","Yes","34553","486470","521023"
"H8769","National PACE","National PACE","Center for Gerontology","Ascension Living PACE Michigan","Ascension Health Alliance","08/01/2015","Yes","*","247","247"
"H8777","National PACE","National PACE","COMPLETE SENIOR CARE, INC.","Complete Senior Care","Health Association of Niagara County, Incorp.","08/01/2011","Yes","*","145","145"
"H8783","Local CCP","Local PPO","UCARE HEALTH, INC.","UCare","UCare Minnesota","01/01/2019","Yes","*","2570","2570"
"H8794","Local CCP","HMO/HMOPOS","KAISER FOUNDATION HP, INC.","Kaiser Permanente","Kaiser Foundation Health Plan, Inc.","01/01/2024","Yes","*","127466","127466"
"H8797","Local CCP","HMO/HMOPOS","PERENNIAL ADVANTAGE OF OHIO, INC.","Perennial Advantage","Perennial Consortium, LLC","01/01/2021","Yes","*","778","778"
"H8800","National PACE","National PACE","TOTAL SENIOR CARE, INC.","Total Senior Care, Inc.","Community Care of Western New York, Inc.","10/01/2008","Yes","*","121","121"
"H8811","National PACE","National PACE","MYPLACE SOUTH LA PACE INC.","myPlace PACE","SCAN Group","07/01/2025","Yes","*","45","45"
"H8823","Local CCP","HMO/HMOPOS","SENTARA MEDICARE ADVANTAGE OF NORTH CAROLINA INC","Sentara Medicare","Sentara Health Care (SHC)","01/01/2025","Yes","*","*","*"
"H8832","Local CCP","Local PPO","ALIGNMENT HEALTH ADVANTAGE PLAN INC","Alignment Health Plan","Alignment Healthcare USA, LLC","01/01/2025","Yes","*","1569","1569"
"H8845","Local CCP","HMO/HMOPOS","MOLINA HEALTHCARE OF ARIZONA, INC.","Molina Healthcare of Arizona","Molina Healthcare, Inc.","01/01/2020","Yes","*","995","995"
"H8849","Local CCP","HMO/HMOPOS","WELLPOINT INSURANCE COMPANY","Wellpoint","Elevance Health, Inc.","01/01/2021","Yes","*","53373","53373"
"H8854","Local CCP","HMO/HMOPOS","CAREFIRST ADVANTAGE DSNP, INC.","CareFirst BlueCross BlueShield Medicare Advantage Dual Prime","CareFirst, Inc.","01/01/2016","Yes","*","5189","5189"
"H8879","Local CCP","HMO/HMOPOS","Healthy Mississippi, Inc.","Healthy Mississippi, Inc.","Singh Holdings LLC","01/01/2025","Yes","*","206","206"
"H8889","Local CCP","Local PPO","MEDICA HEALTH PLANS","Medica","Medica Holding Company","01/01/2019","Yes","1807","59500","61307"
"H8894","Local CCP","HMO/HMOPOS","Inland Empire Health Plan","IEHP DualChoice","INLAND EMPIRE HEALTH PLAN","01/01/2023","Yes","*","38928","38928"
"H8902","Local CCP","HMO/HMOPOS","SCAN HEALTH PLAN TEXAS, INC.","SCAN Health Plan","SCAN Group","01/01/2023","Yes","*","738","738"
"H8908","Local CCP","HMO/HMOPOS","HUMANA MEDICAL PLAN OF MICHIGAN, INC.","Humana","Humana Inc.","01/01/2013","Yes","*","34113","34113"
"H8917","Local CCP","Local PPO","DEVOTED HEALTH INSURANCE COMPANY OF WASHINGTON","Devoted Health","Devoted Health, Inc.","01/01/2025","Yes","*","1978","1978"
"H8928","Local CCP","HMO/HMOPOS","FALLON COMMUNITY HEALTH PLAN","Fallon Health","Fallon Community Health Plan, Inc.","01/01/2022","Yes","*","9704","9704"
"H8947","Local CCP","Local PPO","PEAK HEALTH INSURANCE CORPORATION","Peak Health","West Virginia United Health System, Inc.","01/01/2024","Yes","*","3566","3566"
"H8967","Local CCP","HMO/HMOPOS","SANFORD HEALTH PLAN","Great Plains Medicare Advantage","Sanford Health","01/01/2018","Yes","*","330","330"
"H8982","National PACE","National PACE","BROWARD PACE PROGRAM LLC","Broward PACE Program, LLC","SFH PACE Holdings LLC","06/01/2025","Yes","*","102","102"
"H8992","National PACE","National PACE","PACE KC, LLC","PACE KC","Swope Health Services","01/01/2024","Yes","*","28","28"
"H9001","Local CCP","HMO/HMOPOS","FALLON COMMUNITY HEALTH PLAN","Fallon Health","Fallon Community Health Plan, Inc.","04/01/1980","Yes","77","11688","11765"
"H9003","Local CCP","HMO/HMOPOS","KAISER FOUNDATION HP OF THE N W","Kaiser Permanente","Kaiser Foundation Health Plan, Inc.","04/01/1980","Yes","1218","106139","107357"
"H9042","Local CCP","Local PPO","SOUTHEASTERN INDIANA HEALTH ORGANIZATION, INC.","MyTruAdvantage","SIHO Holding, Inc.","01/01/2021","Yes","49","3708","3757"
"H9047","Local CCP","HMO/HMOPOS","PROVIDENCE HEALTH ASSURANCE","Providence Medicare Advantage Plans","Providence St Joseph Health","12/01/1985","Yes","845","78995","79840"
"H9052","National PACE","National PACE","REGION VII AREA AGENCY ON AGING","Sunrise PACE","Region VII Area Agency on Aging, Inc.","11/01/2021","Yes","*","120","120"
"H9065","Local CCP","HMO/HMOPOS","AMH HEALTH, LLC","AMH Health","Elevance Health, Inc.","01/01/2020","Yes","*","18208","18208"
"H9066","Local CCP","HMO/HMOPOS","VISITING NURSE ASSOCIATION OF CENTRAL NEW YORK","Nascentia Health Plus","VISITING NURSE ASSOCIATION OF CENTRAL NEW YORK","01/01/2019","Yes","*","538","538"
"H9068","National PACE","National PACE","ALBRIGHT CARE SERVICES","ALBRIGHT CARE SERVICES","Asbury Communities, Inc.","01/01/2012","Yes","*","215","215"
"H9096","Local CCP","HMO/HMOPOS","DEAN HEALTH PLAN, INC.","Dean Advantage","Medica Holding Company","01/01/2016","Yes","616","10264","10880"
"H9147","Local CCP","HMO/HMOPOS","BLUE CROSS AND BLUE SHIELD OF NC SENIOR HEALTH","Blue Cross and Blue Shield of North Carolina","CuraCor Solutions Corp.","01/01/2021","Yes","*","2006","2006"
"H9153","Local CCP","HMO/HMOPOS","WEST VIRGINIA SENIOR ADVANTAGE, INC.","West Virginia Senior Advantage","SNP Holdings, LLC","01/01/2017","Yes","*","1609","1609"
"H9179","Local CCP","HMO/HMOPOS","TRINITY HEALTH PLAN OF MICHIGAN INC","Trinity Health Plan of Michigan","Trinity Health Corporation","01/01/2024","Yes","137","6104","6241"
"H9185","National PACE","National PACE","A&D CHARITABLE FOUNDATION, INC.","Great Lakes PACE","A&D Charitable Foundation, Inc.","05/01/2015","Yes","*","203","203"
"H9191","Local CCP","HMO/HMOPOS","PROVIDER PARTNERS HEALTH PLAN OF MISSOURI, INC.","Provider Partners Health Plans","Rifkin Managed Care Holding, LLC","01/01/2021","Yes","*","1453","1453"
"H9207","Local CCP","HMO/HMOPOS","HEALTH PARTNERS PLANS, INC.","Jefferson Health Plans","Thomas Jefferson University","01/01/2014","Yes","*","15301","15301"
"H9219","Local CCP","Local PPO","AMH HEALTH PLANS OF MAINE, INC.","AMH Health","Elevance Health, Inc.","01/01/2021","Yes","362","825","1187"
"H9231","Local CCP","Local PPO","DEVOTED HEALTH INSURANCE COMPANY OF TENNESSEE INC","Devoted Health","Devoted Health, Inc.","01/01/2023","Yes","*","3832","3832"
"H9239","Demo","Medicare-Medicaid Plan HMO/HMOPOS","UNITEDHEALTHCARE INSURANCE COMPANY","UnitedHealthcare","UnitedHealth Group, Inc.","01/01/2022","Yes","*","4263","4263"
"H9252","National PACE","National PACE","MOUNT SINAI ELDERCARE, INC.","Mount Sinai Eldercare","Mount Sinai Medical Center of Florida, Inc.","07/01/2023","Yes","*","117","117"
"H9266","National PACE","National PACE","PIEDMONT HEALTH SERVICES, INC.","Piedmont Health SeniorCare","PIEDMONT HEALTH SERVICES, INC.","10/01/2008","Yes","*","260","260"
"H9306","Local CCP","HMO/HMOPOS","ALTERWOOD ADVANTAGE, INC.","Alterwood Advantage","LifeBridge Health, Inc.","01/01/2022","Yes","169","9913","10082"
"H9317","National PACE","National PACE","BEACON OF LIFE SC, LLC","BoldAge PACE","Beacon Care Ventures LLC DBA BoldAge PACE","09/01/2024","Yes","*","49","49"
"H9323","National PACE","National PACE","BEACON OF LIFE CENTRAL NJ, LLC","BoldAge PACE","Beacon Care Ventures LLC DBA BoldAge PACE","10/01/2015","Yes","*","391","391"
"H9360","National PACE","National PACE","CHINATOWN SERVICE CENTER","www.cscpace.org","CHINATOWN SERVICE CENTER","01/01/2025","Yes","*","65","65"
"H9364","Local CCP","HMO/HMOPOS","WELLCARE OF MAINE, INC.","Wellcare","Centene Corporation","01/01/2019","Yes","*","13075","13075"
"H9387","Local CCP","Local PPO","SUNFLOWER STATE HEALTH PLAN, INC.","Wellcare","Centene Corporation","01/01/2021","Yes","256","1039","1295"
"H9411","National PACE","National PACE","1818 WESTERN, LLC","HeritAge PACE","1818 WESTERN LLC","01/01/2025","Yes","*","65","65"
"H9412","Local CCP","Local PPO","GEISINGER QUALITY OPTIONS, INC.","Geisinger Gold","Risant Health, Inc.","01/01/2013","Yes","*","*","*"
"H9431","Local CCP","Local PPO","FIRST HEALTH LIFE & HEALTH INSURANCE COMPANY","Aetna Medicare","CVS Health Corporation","01/01/2019","Yes","413","886","1299"
"H9438","National PACE","National PACE","BLUESTEM PACE, INC.","Bluestem PACE","Bluestem Communities, Inc.","08/01/2016","Yes","*","110","110"
"H9460","Local CCP","HMO/HMOPOS","HEALTHSPRING LIFE & HEALTH INSURANCE COMPANY, INC.","HealthSpring","Health Care Service Corporation","01/01/2016","Yes","*","1295","1295"
"H9468","National PACE","National PACE","ONE SENIOR CARE KENTUCKY, LLC","Mountain View PACE","One Senior Care, Inc.","06/01/2024","Yes","*","189","189"
"H9469","Local CCP","Local PPO","WELLPOINT LIFE AND HEALTH INSURANCE COMPANY","Simply Healthcare","Elevance Health, Inc.","01/01/2023","Yes","*","571","571"
"H9485","Local CCP","Local PPO","Mass General Brigham Health Plan, Inc.","Mass General Brigham Health Plan","Mass General Brigham Incorporated","01/01/2023","Yes","*","7123","7123"
"H9489","Local CCP","HMO/HMOPOS","VERMONT BLUE ADVANTAGE, INC.","Vermont Blue Advantage","Blue Cross Blue Shield of Michigan Mutual Ins. Co.","01/01/2021","Yes","*","1618","1618"
"H9525","Local CCP","HMO/HMOPOS","COMPCARE HEALTH SERVICES INSURANCE CORPORATION","Anthem Blue Cross and Blue Shield","Elevance Health, Inc.","01/01/2013","Yes","*","146509","146509"
"H9564","National PACE","National PACE","PACE4DC LLC","PACE4DC LLC","Element Care INC.","03/01/2023","Yes","*","42","42"
"H9572","Local CCP","Local PPO","BCBS OF MICHIGAN MUTUAL INSURANCE COMPANY","Blue Cross Blue Shield of Michigan","Blue Cross Blue Shield of Michigan Mutual Ins. Co.","01/01/2010","Yes","244385","330034","574419"
"H9576","Demo","Medicare-Medicaid Plan HMO/HMOPOS","NEIGHBORHOOD HEALTH PLAN OF RHODE ISLAND","NEIGHBORHOOD HEALTH PLAN OF RHODE ISLAND","NEIGHBORHOOD HEALTH PLAN OF RHODE ISLAND","07/01/2016","Yes","*","11482","11482"
"H9585","Local CCP","HMO/HMOPOS","BOSTON MEDICAL CENTER HEALTH PLAN, INC.","WellSense Health Plan","BMC Health System, Inc.","01/01/2016","Yes","*","584","584"
"H9589","Local CCP","Local PPO","CLEAR SPRING HEALTH (GA), INC.","Clear Spring Health","Group 1001","01/01/2017","Yes","*","224","224"
"H9590","Local CCP","HMO/HMOPOS","LONGEVITY HEALTH PLAN OF ILLINOIS, INC.","Longevity Health","Longevity Health Founders, LLC","01/01/2019","Yes","*","1168","1168"
"H9592","National PACE","National PACE","INNOVATIVE INTEGRATED HEALTH, INC.","Innovative Integrated Health Inc.","Innovative Integrated Health, Inc.","08/01/2014","Yes","*","1457","1457"
"H9615","Local CCP","Local PPO","MVP HEALTH PLAN, INC.","MVP HEALTH CARE","MVP Health Care, Inc.","01/01/2009","Yes","*","44892","44892"
"H9616","National PACE","National PACE","CENTRO DE SALUD DE LA COMUNIDAD DE SAN YSIDRO","San Diego PACE","Centro de Salud de la Comunidad de San Ysidro","04/01/2015","Yes","*","2412","2412"
"H9630","Local CCP","HMO/HMOPOS","ARKANSAS HEALTH & WELLNESS HEALTH PLAN, INC.","Wellcare","Centene Corporation","01/01/2018","Yes","720","23090","23810"
"H9649","National PACE","National PACE","HOPEWEST","HopeWest PACE","Hopewest","09/01/2021","Yes","*","208","208"
"H9678","Local CCP","Local PPO","HEALTHFIRST INSURANCE COMPANY, INC.","Healthfirst Medicare Plan","Healthfirst, Inc.","01/01/2023","Yes","*","6955","6955"
"H9686","Local CCP","HMO/HMOPOS","ALIGNMENT HEALTH PLAN OF NEVADA, INC.","Alignment Health Plan","Alignment Healthcare USA, LLC","01/01/2021","Yes","*","2136","2136"
"H9690","Local CCP","HMO/HMOPOS","AMERICAN HEALTH PLAN OF INDIANA INC","American Health Advantage of Indiana","Mitchell Family Office","01/01/2024","Yes","*","473","473"
"H9699","Local CCP","HMO/HMOPOS","USABLE HMO, INC.","Arkansas Blue Medicare","USAble Mutual Insurance Company","01/01/2014","Yes","*","2107","2107"
"H9700","Local CCP","Local PPO","DEVOTED HEALTH PLAN OF NORTH CAROLINA INC","Devoted Health","Devoted Health, Inc.","01/01/2025","Yes","1121","4496","5617"
"H9706","Local CCP","HMO/HMOPOS","HCSC INSURANCE SERVICES COMPANY","Blue Cross and Blue Shield of Texas","Health Care Service Corporation","01/01/2020","Yes","*","5727","5727"
"H9712","Demo","Medicare-Medicaid Plan HMO/HMOPOS","HAP CareSource","HAP CareSource MI Health Link","Henry Ford Health System","05/01/2015","Yes","*","3323","3323"
"H9725","Local CCP","HMO/HMOPOS","BRAVO HEALTH PENNSYLVANIA, INC.","HealthSpring","Health Care Service Corporation","01/01/2014","Yes","272","28461","28733"
"H9730","Local CCP","HMO/HMOPOS","WELLCARE HEALTH INSURANCE COMPANY OF KENTUCKY, INC","Wellcare","Centene Corporation","01/01/2013","Yes","*","35908","35908"
"H9763","Local CCP","HMO/HMOPOS","OCHSNER HEALTH PLAN, INC.","Ochsner Health Plan","Ochsner Clinic Foundation","01/01/2022","Yes","21","5792","5813"
"H9808","Local CCP","Local PPO","CARE N' CARE INSURANCE COMPANY OF NORTH CAROLINA","HealthTeam Advantage","Risant Health, Inc.","01/01/2016","Yes","24","15311","15335"
"H9811","Local CCP","HMO/HMOPOS","MAGNOLIA HEALTH PLAN, INC.","Wellcare","Centene Corporation","01/01/2017","Yes","*","*","*"
"H9826","Local CCP","HMO/HMOPOS","COMMUNITY HEALTH CHOICE TEXAS, INC.","Community Health Choice","Harris County Hospital District","01/01/2020","Yes","*","759","759"
"H9827","Local CCP","HMO/HMOPOS","MOUNT CARMEL HEALTH PLAN OF NEW YORK, INC.","Trinity Health Plan New York","Trinity Health Corporation","01/01/2022","Yes","43","1370","1413"
"H9830","National PACE","National PACE","INNOVAGE PENNSYLVANIA LIFE, LLC","InnovAge Pennsylvania LIFE","Total Community Options, Inc.","10/01/2010","Yes","*","515","515"
"H9834","Local CCP","HMO/HMOPOS","QUARTZ HEALTH PLAN MN CORPORATION","Quartz Medicare Advantage (HMO)","University of Wisconsin Hospitals and Clincs Autho","01/01/2013","Yes","168","3507","3675"
"H9842","National PACE","National PACE","SAINT JOSEPH PACE","Saint Joseph PACE","Trinity Health Corporation","08/01/2016","Yes","*","173","173"
"H9869","Demo","Medicare-Medicaid Plan HMO/HMOPOS","PARTNERS HEALTH PLAN, INC.","Partners Health Plan","PHSI, Inc.","04/01/2016","Yes","*","1076","1076"
"H9884","Local CCP","Local PPO","DEVOTED HEALTH INSURANCE COMPANY","Devoted Health","Devoted Health, Inc.","01/01/2022","Yes","79","1686","1765"
"H9888","Local CCP","Local PPO","DEVOTED HEALTH INSURANCE COMPANY OF ALABAMA INC","Devoted Health","Devoted Health, Inc.","01/01/2023","Yes","514","3587","4101"
"H9900","Local CCP","HMO/HMOPOS","WELLCARE OF OKLAHOMA, INC.","Wellcare","Centene Corporation","01/01/2022","Yes","16","1678","1694"
"H9904","Local CCP","Local PPO","CENTRAL MASS HEALTH, LLC","Mass Advantage","Central Mass Health Holding LLC","01/01/2022","Yes","*","2014","2014"
"H9907","Local CCP","Local PPO","TUFTS ASSOCIATED HEALTH MAINTENANCE ORGANIZATION","Tufts Health Plan","Point32Health, Inc.","01/01/2023","Yes","*","19861","19861"
"H9909","Local CCP","HMO/HMOPOS","AMERICAN HEALTH PLAN OF MS, INC.","American Health Advantage of MS","Mitchell Family Office","01/01/2020","Yes","*","657","657"
"H9917","Local CCP","HMO/HMOPOS","ALIGN SENIOR CARE FLORIDA, INC.","Align Senior Care","Curana Health Holdings, LLC","01/01/2021","Yes","*","158","158"
"H9942","Local CCP","Local PPO","LONGEVITY HEALTH PLAN OF NEW JERSEY INSURANCE COMP","Longevity Health Plan","Longevity Health Founders, LLC","01/01/2020","Yes","*","1157","1157"
"H9946","Local CCP","Local PPO","SHARED HEALTH MISSISSIPPI, INC.","Shared Health Dual Freedom - DE H9946-001 (PPO D-SNP)","BlueCross BlueShield of Tennessee","01/01/2024","Yes","*","779","779"
"H9952","Local CCP","HMO/HMOPOS","MEDICA HEALTH PLANS","Medica","Medica Holding Company","01/01/2019","Yes","*","1947","1947"
"H9955","Local CCP","HMO/HMOPOS","MOLINA HEALTHCARE OF OHIO, INC.","Molina Healthcare of Ohio","Molina Healthcare, Inc.","01/01/2021","Yes","*","1373","1373"
"H9968","Local CCP","HMO/HMOPOS","AMERICAN HEALTH PLAN OF PENNSYLVANIA INC","American Health Advantage of Pennsylvania","Mitchell Family Office","01/01/2025","Yes","*","338","338"
"H9986","Local CCP","HMO/HMOPOS","HPMP OF FLORIDA, INC.","Florida Complete Care","Independent Living Systems, LLC","01/01/2022","Yes","*","1192","1192"
"H9998","National PACE","National PACE","LUBBOCK REGIONAL MENTAL HEALTH MENTAL RETARDATION","Silver Star","Lubbock Regional Mental Health","05/01/2010","Yes","*","148","148"
"R0110","Regional CCP","Regional PPO","HUMANA INSURANCE COMPANY","Humana","Humana Inc.","01/01/2018","Yes","15895","29520","45415"
"R0759","Regional CCP","Regional PPO","CARE IMPROVEMENT PLUS SOUTH CENTRAL INSURANCE CO.","UnitedHealthcare","UnitedHealth Group, Inc.","01/01/2020","Yes","3214","22670","25884"
"R1532","Regional CCP","Regional PPO","HUMANA INSURANCE COMPANY","Humana","Humana Inc.","01/01/2018","Yes","3314","1254","4568"
"R2604","Regional CCP","Regional PPO","CARE IMPROVEMENT PLUS SOUTH CENTRAL INSURANCE CO.","UnitedHealthcare","UnitedHealth Group, Inc.","01/01/2020","Yes","1291","18652","19943"
"R3175","Regional CCP","Regional PPO","UNITEDHEALTHCARE INSURANCE COMPANY","UnitedHealthcare","UnitedHealth Group, Inc.","01/01/2006","Yes","*","*","*"
"R3444","Regional CCP","Regional PPO","CARE IMPROVEMENT PLUS SOUTH CENTRAL INSURANCE CO.","UnitedHealthcare","UnitedHealth Group, Inc.","01/01/2007","Yes","*","6083","6083"
"R4182","Regional CCP","Regional PPO","HUMANA INSURANCE COMPANY","Humana","Humana Inc.","01/01/2018","Yes","2275","11001","13276"
"R4487","Regional CCP","Regional PPO","ANTHEM INSURANCE COMPANIES, INC.","Anthem Blue Cross and Blue Shield","Elevance Health, Inc.","01/01/2019","Yes","*","8432","8432"
"R5342","Regional CCP","Regional PPO","CARE IMPROVEMENT PLUS SOUTH CENTRAL INSURANCE CO.","UnitedHealthcare","UnitedHealth Group, Inc.","01/01/2006","Yes","4800","10670","15470"
"R5361","Regional CCP","Regional PPO","HUMANA INSURANCE COMPANY","Humana","Humana Inc.","01/01/2018","Yes","3435","1899","5334"
"R5826","Regional CCP","Regional PPO","HUMANA INSURANCE COMPANY","Humana","Humana Inc.","01/01/2006","Yes","452","4571","5023"
"R5941","Regional CCP","Regional PPO","ANTHEM INSURANCE COMPANIES, INC.","Anthem Blue Cross and Blue Shield","Elevance Health, Inc.","01/01/2006","Yes","1218","5918","7136"
"R6694","Regional CCP","Regional PPO","AETNA LIFE INSURANCE COMPANY","Aetna Medicare","CVS Health Corporation","01/01/2016","Yes","*","1345","1345"
"R6801","Regional CCP","Regional PPO","CARE IMPROVEMENT PLUS SOUTH CENTRAL INSURANCE CO.","UnitedHealthcare","UnitedHealth Group, Inc.","01/01/2007","Yes","*","52192","52192"
"R7220","Regional CCP","Regional PPO","HUMANA INSURANCE COMPANY","Humana","Humana Inc.","01/01/2018","Yes","746","1073","1819"
"R7444","Regional CCP","Regional PPO","CARE IMPROVEMENT PLUS SOUTH CENTRAL INSURANCE CO.","UnitedHealthcare","UnitedHealth Group, Inc.","01/01/2009","Yes","*","*","*"
"S0262","PDP","Medicare Prescription Drug Plan","KAISER PERMANENTE INSURANCE COMPANY","Kaiser Permanente","Kaiser Foundation Health Plan, Inc.","01/01/2025","Yes","*","9496","9496"
"S0375","PDP","Medicare Prescription Drug Plan","CAREFIRST ADVANTAGE PPO, INC","CareFirst BlueCross BlueShield Group Prescription Drug Plan","CareFirst, Inc.","01/01/2025","Yes","*","558","558"
"S0586","PDP","Medicare Prescription Drug Plan","MVP HEALTH PLAN, INC.","MVP Health Care","MVP Health Care, Inc.","01/01/2011","Yes","*","242","242"
"S1030","PDP","Medicare Prescription Drug Plan","BCBS OF ALABAMA & UTIC INSURANCE COMPANY","BlueRx (PDP)","BlueCross BlueShield of Alabama","01/01/2007","Yes","*","30947","30947"
"S1140","PDP","Medicare Prescription Drug Plan","Highmark Western and Northeastern New York Inc.","Highmark Blue Cross Blue Shield or Highmark Blue Shield","Highmark Health","01/01/2013","Yes","*","3197","3197"
"S1822","PDP","Medicare Prescription Drug Plan","HEALTHPARTNERS, INC.","HealthPartners","HealthPartners, Inc.","01/01/2009","Yes","*","3755","3755"
"S2135","PDP","Medicare Prescription Drug Plan","BLUE CROSS BLUE SHIELD ASSOCIATION","Blue Cross Blue Shield Association","BlueCross BlueShield Association, Federal Employee","01/01/2024","Yes","*","883063","883063"
"S2465","PDP","Medicare Prescription Drug Plan","SENTARA HEALTH PLANS","Optima Medicare","Sentara Health Care (SHC)","01/01/2021","Yes","*","91","91"
"S2468","PDP","Medicare Prescription Drug Plan","CALIFORNIA PHYSICIANS' SERVICE","Blue Shield of California","California Physicians' Service","01/01/2006","Yes","*","37085","37085"
"S2893","PDP","Medicare Prescription Drug Plan","ANTHEM INSURANCE CO. & BCBSMA & BCBSRI & BCBSVT","Blue MedicareRx","Elevance Health, Inc. & BCBSMA & BCBSRI & BCBSVT","01/01/2006","Yes","*","220216","220216"
"S3285","PDP","Medicare Prescription Drug Plan","MG INSURANCE COMPANY","MG Insurance Company","MedImpact Holdings, Inc.","01/01/2019","Yes","*","26948","26948"
"S3389","PDP","Medicare Prescription Drug Plan","UPMC HEALTH BENEFITS, INC.","UPMC Health Plan","UPMC Health System","01/01/2006","Yes","*","2035","2035"
"S3521","PDP","Medicare Prescription Drug Plan","EXCELLUS HEALTH PLAN, INC.","Excellus Health Plan, Inc","Lifetime Healthcare, Inc.","01/01/2006","Yes","*","5208","5208"
"S3875","PDP","Medicare Prescription Drug Plan","GRANITE ALLIANCE INSURANCE COMPANY","Granite Alliance","Prime Therapeutics, LLC.","01/01/2014","Yes","*","*","*"
"S3994","PDP","Medicare Prescription Drug Plan","HAWAII MEDICAL SERVICE ASSOCIATION (HMSA)","HMSAs Medicare Rx Plan","Hawaii Medical Service Association","01/01/2007","Yes","*","1489","1489"
"S4501","PDP","Medicare Prescription Drug Plan","INDEPENDENT HEALTH BENEFITS CORPORATION","Pharmacy Benefit Dimensions PDP","Independent Health Association, Inc.","01/01/2015","Yes","*","7263","7263"
"S4802","PDP","Medicare Prescription Drug Plan","WELLCARE PRESCRIPTION INSURANCE, INC.","Wellcare","Centene Corporation","01/01/2006","Yes","*","8128011","8128011"
"S4983","PDP","Medicare Prescription Drug Plan","KAISER FOUNDATION HEALTH PLAN OF WASHINGTON OPTIONS INC","Kaiser Permanente","Kaiser Foundation Health Plan, Inc.","01/01/2025","Yes","*","1304","1304"
"S5540","PDP","Medicare Prescription Drug Plan","BLUE CROSS AND BLUE SHIELD OF NORTH CAROLINA","Blue Cross and Blue Shield of North Carolina","CuraCor Solutions Corp.","01/01/2006","Yes","*","31595","31595"
"S5552","PDP","Medicare Prescription Drug Plan","HUMANA INSURANCE COMPANY OF NEW YORK","Humana","Humana Inc.","01/01/2006","Yes","*","32337","32337"
"S5584","PDP","Medicare Prescription Drug Plan","BCBS OF MICHIGAN MUTUAL INSURANCE COMPANY","Blue Cross Blue Shield of Michigan","Blue Cross Blue Shield of Michigan Mutual Ins. Co.","01/01/2006","Yes","*","25459","25459"
"S5588","PDP","Medicare Prescription Drug Plan","PARAMOUNT INSURANCE COMPANY","Paramount Prescription Drug Plan","MEDICAL MUTUAL OF OHIO","01/01/2006","Yes","*","*","*"
"S5593","PDP","Medicare Prescription Drug Plan","HM HEALTH INSURANCE COMPANY","Highmark Blue Shield","Highmark Health","01/01/2006","Yes","*","18406","18406"
"S5596","PDP","Medicare Prescription Drug Plan","ANTHEM INSURANCE COMPANIES, INC.","Anthem Insurance Companies, Inc.","Elevance Health, Inc.","01/01/2006","Yes","*","202815","202815"
"S5601","PDP","Medicare Prescription Drug Plan","SILVERSCRIPT INSURANCE COMPANY","Aetna Medicare","CVS Health Corporation","01/01/2006","Yes","*","4055157","4055157"
"S5609","PDP","Medicare Prescription Drug Plan","ASURIS NORTHWEST HEALTH","Asuris Northwest Health","Cambia Health Solutions, Inc.","01/01/2006","Yes","*","240","240"
"S5617","PDP","Medicare Prescription Drug Plan","MEDCO CONTAINMENT LIFE AND MEDCO CONTAINMENT NY","HealthSpring","Health Care Service Corporation","01/01/2006","Yes","*","2075854","2075854"
"S5660","PDP","Medicare Prescription Drug Plan","MEDCO CONTAINMENT LIFE AND MEDCO CONTAINMENT NY","Express Scripts Medicare","Health Care Service Corporation","01/01/2006","Yes","*","1056255","1056255"
"S5715","PDP","Medicare Prescription Drug Plan","Health Care Service Corporation","Blue Cross and Blue Shield of IL, NM, OK, TX","Health Care Service Corporation","01/01/2006","Yes","*","244556","244556"
"S5726","PDP","Medicare Prescription Drug Plan","BLUE CROSS AND BLUE SHIELD OF KANSAS","Blue Cross and Blue Shield of Kansas","Blue Cross Blue Shield of Kansas","01/01/2006","Yes","*","93871","93871"
"S5743","PDP","Medicare Prescription Drug Plan","WELLMARK  IA & SD, & BCBS MN, MT, NE, ND,& WY","MedicareBlue Rx","BCBS MN, MT, NE, ND, WY, Wellmark IA and SD","01/01/2006","Yes","*","148061","148061"
"S5795","PDP","Medicare Prescription Drug Plan","USABLE MUTUAL INSURANCE COMPANY","Arkansas Blue Medicare","USAble Mutual Insurance Company","01/01/2006","Yes","*","19527","19527"
"S5805","PDP","Medicare Prescription Drug Plan","UNITEDHEALTHCARE INSURANCE COMPANY OF NEW YORK","UnitedHealthcare","UnitedHealth Group, Inc.","01/01/2006","Yes","*","8631","8631"
"S5820","PDP","Medicare Prescription Drug Plan","UNITEDHEALTHCARE INSURANCE COMPANY","UnitedHealthcare","UnitedHealth Group, Inc.","01/01/2006","Yes","*","198765","198765"
"S5857","PDP","Medicare Prescription Drug Plan","PRIORITY HEALTH INSURANCE COMPANY","Priority Health Medicare","Corewell Health","01/01/2006","Yes","*","17","17"
"S5877","PDP","Medicare Prescription Drug Plan","EDUCATORS MUTUAL INSURANCE ASSOCIATION","EMI Health","Educators Mutual Insurance Association","01/01/2006","Yes","*","1119","1119"
"S5884","PDP","Medicare Prescription Drug Plan","Humana Insurance Co. & Humana Insurance Co. of NY","Humana","Humana Inc.","01/01/2006","Yes","*","2282976","2282976"
"S5904","PDP","Medicare Prescription Drug Plan","BLUE CROSS AND BLUE SHIELD OF FLORIDA, INC.","Florida Blue","Guidewell Mutual Holding Corporation","01/01/2006","Yes","*","47583","47583"
"S5916","PDP","Medicare Prescription Drug Plan","REGENCE BLUESHIELD OF IDAHO AND REGENCE BC BS UTAH","Regence BlueShield of Idaho and Regence BC BS Utah","Cambia Health Solutions, Inc.","01/01/2006","Yes","*","1109","1109"
"S5921","PDP","Medicare Prescription Drug Plan","UNITEDHEALTHCARE INS. CO. & UHC INS. CO. OF NY","UnitedHealthcare","UnitedHealth Group, Inc.","01/01/2006","Yes","*","2579061","2579061"
"S5953","PDP","Medicare Prescription Drug Plan","BLUECROSS AND BLUESHIELD OF SOUTH CAROLINA","Blue Cross Blue Shield of South Carolina","BlueCross BlueShield of South Carolina (BCBSSC)","01/01/2006","Yes","*","15866","15866"
"S5960","PDP","Medicare Prescription Drug Plan","WELLPOINT LIFE AND HEALTH INSURANCE COMPANY","Wellpoint","Elevance Health, Inc.","01/01/2006","Yes","*","5547","5547"
"S5966","PDP","Medicare Prescription Drug Plan","EMBLEMHEALTH PLAN, INC","EmblemHealth","EmblemHealth, Inc.","01/01/2006","Yes","*","97987","97987"
"S5975","PDP","Medicare Prescription Drug Plan","MODA HEALTH PLAN, INC.","Moda Health Plan, Inc.","Moda Partners, Inc.","01/01/2006","Yes","*","57656","57656"
"S5993","PDP","Medicare Prescription Drug Plan","HORIZON INSURANCE COMPANY","Horizon Blue Cross Blue Shield of New Jersey","Horizon Mutual Holdings, Inc","01/01/2006","Yes","*","47229","47229"
"S6875","PDP","Medicare Prescription Drug Plan","QCC INSURANCE COMPANY","Independence Blue Cross","Independence Health Group, Inc.","01/01/2006","Yes","*","6800","6800"
"S8067","PDP","Medicare Prescription Drug Plan","Avalon Insurance Company","Avalon Insurance Company","CAPITAL BLUE CROSS","01/01/2006","Yes","*","1207","1207"
"S8841","PDP","Medicare Prescription Drug Plan","OPTUM INSURANCE OF OHIO, INC.","Optum Insurance of Ohio, Inc.","UnitedHealth Group, Inc.","01/01/2007","Yes","*","734292","734292"
"S9701","PDP","Medicare Prescription Drug Plan","DEAN HEALTH INSURANCE, INC.","Navitus MedicareRx","Medica Holding Company","01/01/2015","Yes","*","98427","98427"
