PROVIDER_ID,report_indicator,Total_measure_group_cnt,summary_score,star
010001,1,5,-0.0490995126933027,3
010005,1,5,-0.6232896462491707,2
010006,1,5,-0.6556775321056202,2
010007,1,4,-0.38055415920224867,2
010008,1,3,-0.5154156952040874,2
010011,1,5,-0.7645862485967307,2
010012,1,5,-0.11997692525222087,3
010016,1,5,0.28106944770296793,4
010018,0,1,0.7579310886705082,NA
010019,1,5,-0.22030125699269185,3
010021,1,4,0.5185486902518891,4
010022,0,2,0.4709781405056783,NA
010023,1,5,-0.568205100063662,2
010024,1,5,-0.5845747264886232,2
010029,1,5,-0.308416889250639,3
010033,1,5,-0.4164033591523322,2
010034,1,4,0.6689434624051666,4
010035,1,5,-0.3561121756287777,3
010036,1,5,0.14175412664645826,4
010038,1,5,-0.20242285563038523,3
010039,1,5,-0.43687744933955197,2
010040,1,5,-0.2937510118963172,3
010044,1,3,1.1023520729001828,5
010045,1,4,0.49636077112309956,4
010046,1,5,0.04125314468781432,4
010049,1,5,0.1294156366037443,4
010051,0,1,-0.13097315496421433,NA
010052,0,3,0.3936528708141384,NA
010055,1,5,-0.22650760820282767,3
010056,1,5,0.4123092399173442,5
010058,0,2,-0.09069831806006284,NA
010059,1,3,0.33960222295672554,4
010061,1,5,0.11526784792998804,4
010062,1,4,0.5805155484746436,4
010065,1,5,0.38704122056977097,5
010069,1,4,-0.37928787989270096,2
010073,1,4,0.03810602606318461,3
010078,1,5,-0.8008854714107195,2
010079,1,5,-0.22882861202490903,3
010083,1,5,0.23890024219990014,4
010085,1,5,-0.6976895717372535,2
010086,1,4,0.32917809721167635,3
010087,1,5,-0.3864305630007979,3
010089,1,5,-0.25203413780633804,3
010090,1,5,0.0026990078510845117,4
010091,1,3,0.35181400021643144,4
010092,1,5,-0.5331700572145246,2
010095,0,1,0.5347990294767782,NA
010097,0,3,0.4733646624257498,NA
010099,1,4,-0.28195636274466884,2
010100,1,5,-0.040831980716519146,4
010101,1,4,0.16234778051754134,3
010102,0,1,-0.1002315527633512,NA
010103,1,5,-0.23508275436025627,3
010104,1,5,-0.24526717100225554,3
010108,1,5,0.5522792745962996,5
010109,0,2,0.258213720042983,NA
010110,0,1,-0.3482958006792702,NA
010112,1,4,-0.5783326470329504,2
010113,1,5,-0.7841044097226819,2
010114,1,5,-0.46837880667970605,2
010118,1,5,-0.3117527595567384,3
010120,1,4,0.34082128216322577,3
010125,1,4,1.2053896843321896,5
010126,1,5,-0.20305147190810324,3
010128,1,3,-0.6720989080898215,2
010129,1,5,-0.09123118147391904,3
010130,1,4,0.03153440956338088,3
010131,1,5,-0.2930557942870004,3
010138,0,1,-0.026176446959040534,NA
010139,1,5,-0.2853086651426695,3
010144,1,5,-0.5520936943619634,2
010148,1,4,-0.28806316408142896,2
010149,1,5,0.03741072988833387,4
010150,1,4,-0.4035485913683127,2
010157,1,4,0.10899587008980487,3
010158,1,5,0.12733264359393237,4
010164,1,5,0.2936880896619531,4
010168,1,5,0.7815219244585399,5
010169,1,4,0.3845036246542322,3
010173,0,3,0.560328905434257,NA
011300,0,0,-0.7468925152570666,NA
011302,0,2,0.20566548503494544,NA
011304,0,1,0.34386374284357524,NA
011305,1,4,-1.1808279826222063,1
011306,0,1,0.5274620063189241,NA
020001,1,5,-0.44003336682249306,2
020006,1,5,0.08062836096812342,4
020008,1,5,0.4110879168402242,5
020012,1,5,-0.06875445203431944,3
020017,1,5,-0.24321536294987628,3
020018,1,4,-0.1100177064725327,2
020024,1,5,-0.4170862219071754,2
020026,1,5,-0.6828309197377836,2
021301,0,1,0.6019895859382705,NA
021302,0,1,0.17686904501628367,NA
021304,0,0,0.7578411527314578,NA
021305,0,1,-0.18162864991489186,NA
021306,0,0,0.2569976923212183,NA
021307,0,0,1.7733558905996292,NA
021308,0,1,-0.1544835824452161,NA
021309,0,0,0.49475938152996796,NA
021310,0,0,1.2087431274835254,NA
021311,1,4,0.41405375523736,3
021312,0,1,-0.11947681562676453,NA
021313,0,3,-0.18759227711861928,NA
021314,0,2,-0.19116424895856332,NA
030002,1,5,-0.3139056667603408,3
030006,1,5,-0.20055475458109062,3
030007,1,5,0.1779866422525934,4
030010,1,5,-0.07247258911009645,3
030011,1,5,-0.28522053263618985,3
030012,1,5,-0.3530707392850232,3
030013,1,5,-0.23143809187503225,3
030014,1,5,-0.22511258588064814,3
030016,1,5,-0.4209484732945619,2
030022,1,4,-0.3565843839551768,2
030023,1,5,0.02294509064872447,4
030024,1,5,0.03939579974441004,4
030030,1,5,-0.299728703565889,3
030036,1,5,-0.17876141806325424,3
030037,1,5,-0.6375909875594652,2
030038,1,5,-0.34444597850943737,3
030043,1,5,-0.2246768489309753,3
030055,1,5,-0.5618962010738644,2
030061,1,5,-0.019514190555159523,4
030062,1,5,0.4352942002596625,5
030064,1,5,-0.38770960189988246,3
030065,1,5,-0.4538621048962345,2
030068,0,3,-0.8985718823753653,NA
030069,1,5,-0.16405553867487127,3
030071,1,4,-0.16389893478938597,2
030073,1,4,0.20409959359285745,3
030074,0,0,0.22614592637494096,NA
030077,0,0,-1.3157642268132257,NA
030078,0,2,-0.7629211182943841,NA
030083,1,5,-0.3327459253889206,3
030084,0,3,0.2616238097606072,NA
030085,1,5,-0.5198257190093264,2
030087,1,5,0.20165688639456744,4
030088,1,5,-0.16666019852111075,3
030089,1,5,-0.5492037086562802,2
030092,1,5,0.16978222718569244,4
030093,1,5,-0.026502292977882078,4
030094,1,5,-0.05079299089384944,3
030101,1,5,-0.279375074320125,3
030103,1,5,0.8889946833161279,5
030105,1,4,0.573733067770422,4
030107,0,2,2.277758870771937,NA
030108,0,2,1.4527984695443916,NA
030110,1,5,-0.29546641593156553,3
030111,1,5,0.17978933025551055,4
030112,0,2,0.5858371944921836,NA
030113,0,0,0.9250084862566157,NA
030114,1,5,0.20190637012154136,4
030115,1,5,-0.08845070196854293,3
030117,1,5,-0.5925491858822569,2
030119,1,5,0.17367692292188533,4
030121,1,5,-0.5298023378860367,2
030122,1,5,-3.801576063038048e-05,4
030123,1,5,0.41558723149045945,5
030130,1,5,0.27732667013219087,4
030131,0,2,1.0806011468128531,NA
030134,1,4,0.9354142729878416,5
030136,0,1,-0.4116234277789164,NA
030137,1,4,-1.0229775840551754,1
030138,0,1,-0.21226262498970444,NA
030139,0,1,0.3268447747901139,NA
031300,0,2,-0.29713567198536484,NA
031301,0,1,0.02795448291129811,NA
031302,0,2,-0.35491675278916845,NA
031304,0,1,0.07882833667020522,NA
031305,0,0,0.3689978007680823,NA
031307,0,0,-2.7495447680573175,NA
031308,0,0,1.1381665320940124,NA
031309,0,0,0.6077670787035695,NA
031311,0,3,0.525482387912249,NA
031312,0,2,0.7411913781922854,NA
031313,0,2,0.5201774395956948,NA
031314,1,4,0.15929068251898082,3
031315,0,3,-0.5803548982846313,NA
031317,1,3,-0.6565427820799352,2
031318,1,4,0.2662603763655066,3
040001,1,5,-0.004241468196805417,4
040002,1,5,-0.32124147379998874,3
040004,1,5,-0.21862999536629413,3
040007,1,5,-0.5715778476548596,2
040010,1,5,0.5956023613587181,5
040011,1,4,0.12939854923613908,3
040014,1,5,-0.26781685404426303,3
040015,1,5,-0.20306357765962335,3
040016,1,5,-0.891065654923676,1
040017,1,5,-0.034909564510730476,4
040018,1,3,0.32584419372885876,4
040019,1,4,-0.11675369976276395,2
040020,1,5,-0.8519889076106371,2
040022,1,5,-0.4009427426612795,3
040026,1,5,0.48602512847509416,5
040027,1,5,-0.5222495674382399,2
040029,1,5,-0.3955405852568461,3
040036,1,5,-0.8744855645543604,1
040039,1,5,-1.3861279637014081,1
040041,1,5,-0.31651999602902414,3
040047,1,3,-0.05567796892092362,3
040050,1,5,-0.19801978664105135,3
040051,1,4,-0.08360126039206206,2
040055,1,5,-1.1104252331764453,1
040062,1,5,-0.09304190625708747,3
040067,1,4,-0.4622373983470963,2
040069,1,4,-0.8750162739857985,1
040071,1,5,-1.1291117249110074,1
040072,1,5,0.2919285173903404,4
040074,1,3,0.05203813018939084,3
040076,1,4,0.5661617845401123,4
040078,1,5,-1.165984677034294,1
040084,1,5,-0.23155339274663633,3
040085,1,4,0.19383243418561108,3
040088,1,5,-0.2644884405144203,3
040114,1,5,-1.0316113252026566,1
040118,1,5,-0.11683931365716455,3
040119,1,5,-0.17326166075349253,3
040132,0,0,-0.0815371991180614,NA
040134,1,5,0.1933348349491928,4
040137,1,5,0.2501232671898167,4
040147,1,4,1.9090804689614562,5
040152,0,3,0.3256376246349657,NA
040153,1,3,0.673084016183052,4
040154,1,5,0.05138153922208465,4
040156,0,1,-0.8288271300134064,NA
041300,0,1,1.261026915735773,NA
041302,0,2,0.1639439001321456,NA
041303,0,2,-0.806048934668367,NA
041304,0,2,0.44183768044922933,NA
041305,1,3,0.09752934624843596,3
041306,1,3,-0.236385839604493,2
041307,1,4,0.2683786744291865,3
041308,0,1,-0.3640766696305543,NA
041309,1,3,0.09922369732261838,3
041310,1,3,0.9328370906391659,5
041311,1,3,0.23209382556383246,3
041312,1,4,-0.03371080617720572,2
041313,1,3,0.28364953874397825,4
041314,1,3,-0.3907258309584624,2
041316,0,2,0.2211577924600813,NA
041317,0,1,0.6098251243996853,NA
041318,0,2,1.3085881747153212,NA
041320,0,1,-0.9019620211941685,NA
041321,1,4,-0.43324565330505227,2
041322,1,3,-0.7338468378186526,1
041323,1,4,0.3896807466822946,3
041324,1,3,-0.12057695683940617,3
041326,0,2,-0.4242366007551728,NA
041327,1,4,0.5007124419964304,4
041328,1,3,0.09411724852523855,3
041329,0,2,-0.3606988552628704,NA
041330,1,3,-0.7442567108417613,1
041331,0,2,0.7624466103805762,NA
050002,1,5,-0.9874375914373776,1
050006,1,5,-0.1037734678558754,3
050007,1,5,0.8744304710917054,5
050008,1,5,-0.3589141611701229,3
050009,1,5,-0.1749516646984913,3
050013,1,5,0.41849307048892476,5
050014,1,5,0.3564044276173178,5
050017,1,5,0.36595577952283614,5
050022,1,5,-0.49348548165316575,2
050024,1,5,-0.09681733392393181,3
050025,1,5,0.7190685525830881,5
050026,1,5,-0.4506512098677458,2
050028,1,4,0.19886880200609633,3
050030,1,5,-0.6640043210733648,2
050036,1,5,-0.7521405235579806,2
050038,1,5,-0.6248716048464755,2
050039,1,5,-0.2567201885893676,3
050040,1,4,-0.2842870444856981,2
050042,1,5,0.16032288620040647,4
050043,1,5,0.2738396316013932,4
050045,1,5,-0.8551333326370997,2
050047,1,5,-0.0912790534962575,3
050054,1,5,-0.2625786114548268,3
050055,1,5,0.08639585110018633,4
050056,1,5,-1.417503813029872,1
050057,1,5,-0.5590492218783403,2
050058,1,5,0.4736190506832912,5
050060,1,5,-1.413576327884646,1
050063,1,5,-0.911289533033186,1
050067,1,3,-0.220973507008701,2
050069,1,5,0.0015430472841995724,4
050070,1,3,0.3682747972839937,4
050071,1,5,0.3641088635425782,5
050072,1,3,-0.1339983978658607,3
050073,1,5,0.5364049079065706,5
050075,1,5,-0.3033574778049668,3
050076,1,3,0.31860470125467105,4
050077,1,5,-0.44035554924495945,2
050078,1,5,-0.36479689032683427,3
050082,1,5,0.050710557332488165,4
050084,1,5,-0.29513419793145057,3
050089,1,5,-0.20990544572230796,3
050090,1,5,-0.10655986011275555,3
050091,1,4,-0.14990933378454457,2
050093,1,5,-0.4020568625888452,3
050096,0,2,1.2493816688464963,NA
050099,1,5,0.07841904283185347,4
050100,1,5,0.4152756860677196,5
050101,1,5,-0.6514793384502043,2
050102,1,5,-1.0044374996104504,1
050103,1,5,-0.4610023488054988,2
050104,1,5,-1.0365362587295621,1
050107,1,5,-0.24404932474728344,3
050108,1,5,0.43538191998701137,5
050110,1,5,-0.9119963894669543,1
050112,1,5,0.9626625577537559,5
050113,1,4,-0.1114467050256153,2
050115,1,5,-0.20711923543102964,3
050116,1,5,0.08504924410174168,4
050118,1,5,-0.8231385354284103,2
050121,1,5,-0.6561984479237426,2
050122,1,5,-0.4529522007097985,2
050124,1,5,-0.6413974834271606,2
050125,1,5,-0.5461101054799735,2
050126,1,5,-0.4654571750676259,2
050127,1,5,-0.9183454763035799,1
050128,1,5,-0.3063150664543865,3
050129,1,5,-0.47749346343636007,2
050131,1,5,0.37844739320569,5
050132,1,5,0.29264402318980837,4
050133,1,5,-0.8504516545286669,2
050135,1,5,-0.5361598123641894,2
050136,1,5,-0.12222654434794245,3
050137,1,3,0.012070514201387939,3
050138,1,4,-0.2801879366596634,2
050139,1,3,0.1515123121722896,3
050140,1,5,0.3140656392893277,4
050145,1,5,0.20088436842505203,4
050149,1,5,-0.22403184413164337,3
050150,1,5,-0.08192421715040867,3
050152,1,5,-0.47495319178415,2
050158,1,5,0.25882573391958175,4
050159,1,5,-0.458535906426194,2
050167,1,5,-1.5510304039069094,1
050168,1,5,0.5470143591294498,5
050169,1,5,0.37499001708887614,5
050174,1,5,0.36010789939506954,5
050179,1,5,-0.6131056157555211,2
050180,1,5,0.3948683946957181,5
050189,1,3,0.541951636024366,4
050191,1,5,-0.6117825045684988,2
050192,0,3,0.3806564676690684,NA
050194,1,5,-0.8680853274444844,2
050195,1,5,-0.7003307099096658,2
050197,1,5,0.4760062836815603,5
050204,1,5,-0.5151113137093979,2
050205,1,3,0.8776809060765172,5
050211,1,5,-0.6759289216617826,2
050222,1,5,-0.17120266967375147,3
050224,1,5,0.31707362553146673,4
050225,0,2,0.39537585587110063,NA
050226,1,5,-0.0436866553041472,3
050228,1,5,-0.9432053334421325,1
050230,1,5,0.21427610090381904,4
050231,1,5,-0.5368827149032034,2
050232,1,5,0.354638421620859,5
050234,1,4,0.7266829800813562,4
050235,1,5,-0.045967138972333635,3
050236,1,5,-0.16703485770159085,3
050238,1,5,-0.06604016689432712,3
050239,1,5,0.5143303890591576,5
050242,1,5,0.20556199012431262,4
050243,1,5,-0.6934588188552934,2
050245,1,5,-0.6010454289442471,2
050248,1,5,-0.2583468378349093,3
050254,1,5,0.051940594750409186,4
050257,0,2,0.5753980962298398,NA
050261,1,5,-0.8581878768474098,2
050262,1,5,0.1974012726712585,4
050272,1,5,-0.06430397936055215,3
050276,1,5,0.14645928200978076,4
050278,1,5,-0.13202249268026556,3
050279,1,5,-0.6338284221644425,2
050280,1,5,-1.2886764842039684,1
050281,1,5,0.49991275079666964,5
050283,1,5,0.3175311443865696,4
050289,1,5,-0.0353418635414754,4
050290,1,5,0.16395001952609897,4
050291,1,5,0.7037086021757226,5
050292,1,5,-0.07879712562410328,3
050295,1,5,-0.3544086849182656,3
050296,1,5,-0.9069882772715615,1
050298,1,4,-0.3695032957393875,2
050300,1,5,-0.907128769031058,1
050301,1,5,-0.1439068645153086,3
050305,1,5,-0.0411752460399109,4
050308,1,5,0.5193133545507321,5
050309,1,5,0.320252951194734,4
050313,1,5,0.5590275893623576,5
050315,1,5,-0.8187297521515888,2
050320,1,5,-1.2597369254009043,1
050324,1,5,0.4966102530861159,5
050327,1,5,-0.1322502429127193,3
050329,1,5,0.03080324224510913,4
050334,1,5,0.09509398625894211,4
050335,1,5,0.008530351226889006,4
050336,1,5,-0.3365519421447424,3
050342,1,5,-0.20133835273133383,3
050348,1,5,-0.08867735621035218,3
050350,1,5,-0.6301867875638113,2
050351,1,5,-0.20383080382698776,3
050352,1,5,0.3940264559831109,5
050353,1,5,-0.08229754679578599,3
050357,1,4,0.9937607532535664,5
050360,1,5,0.020751774317287603,4
050367,1,5,-0.1574011200457784,3
050373,1,5,-0.7122431981147077,2
050376,1,5,-1.2186901130326664,1
050378,1,4,-0.8379309560832643,1
050380,1,5,-0.5827980254607529,2
050382,1,5,-0.2953517796287448,3
050390,1,5,-1.5221470924712657,1
050393,1,5,0.006859502952530837,4
050394,1,5,0.30322553861218077,4
050396,1,5,0.2530874908514851,4
050397,0,0,-0.0815371991180614,NA
050407,1,4,0.07946874937510946,3
050411,1,3,0.3342539472937468,4
050414,1,5,-0.021615971297909292,4
050417,1,4,-0.12645288414218436,2
050423,0,2,-0.745790279809349,NA
050424,1,5,1.041521120197023,5
050425,1,5,0.001054834941385717,4
050426,1,5,-0.22279696566436158,3
050438,1,5,0.19839697489833746,4
050441,1,5,0.4759697798028301,5
050444,1,5,-0.659501686886052,2
050454,1,5,0.11194349557880243,4
050455,1,5,-0.3971590313303379,3
050457,1,5,-0.23703537497401192,3
050464,1,5,-1.1301293620430208,1
050468,1,5,-0.12158619068962995,3
050471,1,5,-0.23911754218619186,3
050481,1,5,-0.795258197698811,2
050485,1,5,-0.39995172602853196,3
050488,1,5,-0.3456961215807219,3
050492,1,5,-1.1024415536317493,1
050496,1,5,0.4501155141032715,5
050498,1,5,0.4703244620270518,5
050502,0,1,-0.0348172993797759,NA
050503,1,5,0.0704564616653831,4
050506,1,5,-0.02584596275421149,4
050510,1,3,0.28830653211442614,4
050512,1,3,0.09415883886385268,3
050515,1,4,0.8274166063489417,4
050516,1,5,-0.10752904688646826,3
050517,1,5,-1.2969081239150009,1
050523,1,5,-0.2548742486938454,3
050526,1,5,-0.6123459693834121,2
050528,1,4,-0.2555763803712068,2
050534,1,5,-0.6995829463262495,2
050537,1,5,0.19963537334961742,4
050541,1,3,-0.086520503263607,3
050543,0,0,0.37248536311354014,NA
050549,1,5,-0.35529823675996847,3
050551,1,5,-0.47528057747905267,2
050557,1,5,-0.12043005689153899,3
050561,1,3,-0.8286995861915962,1
050567,1,5,0.07878351975919191,4
050568,1,5,-0.6398057036539277,2
050570,1,5,-0.5153126774368186,2
050573,1,5,0.5598453583698417,5
050580,1,4,0.2665450591722695,3
050581,1,5,-0.44302332789163756,2
050586,0,3,0.40883812220927984,NA
050588,1,5,0.1783129407151386,4
050589,1,5,-0.3463000843099528,3
050590,1,5,-0.6532525975441766,2
050597,1,5,-0.5192355189352951,2
050599,1,5,0.14978769975242023,4
050603,1,5,-0.09250264421918086,3
050604,1,5,-0.010604143674965101,4
050608,1,5,-0.6111266727246865,2
050609,1,3,0.5724403857646098,4
050616,1,5,0.27789995789329985,4
050624,1,5,-0.26754030844044024,3
050625,1,5,0.7074912395918933,5
050633,1,5,-0.30178342684903137,3
050636,1,5,0.1787631176402998,4
050641,1,4,-0.5424344131015824,2
050663,1,5,0.004614479932922633,4
050668,0,0,-0.0815371991180614,NA
050674,1,5,-0.25829612996828105,3
050677,1,3,0.06954673231411826,3
050678,1,5,-0.04637723568190155,3
050684,1,5,-0.6450205525178841,2
050686,1,3,0.19909729909144763,3
050689,1,5,-0.5827689966812669,2
050690,1,3,0.4790579275252984,4
050696,1,5,0.09811860704194567,4
050697,0,1,0.5089439563706757,NA
050701,1,5,-0.8832569173073597,1
050704,1,5,0.4056054573424934,5
050708,0,2,1.8732713556681928,NA
050709,1,5,-0.13369607648736595,3
050710,1,3,0.5871745574957423,4
050714,0,3,1.0389324550296228,NA
050717,0,2,-0.3697035227877908,NA
050723,1,3,-0.0972056390069456,3
050724,1,5,-0.24721125651492748,3
050726,0,3,0.10279045398905173,NA
050735,1,5,0.5554835151745139,5
050736,1,5,-0.6624097628759807,2
050737,1,5,-0.18031904026182538,3
050738,1,5,0.5183641451461619,5
050739,1,5,0.1570836724272278,4
050740,1,5,-0.28005720566781217,3
050742,1,5,-0.6852800514059281,2
050744,1,3,-1.2684922137747712,1
050745,1,4,-0.4289644563228658,2
050746,1,5,-0.6227074089261976,2
050747,1,5,-0.7756264406230104,2
050748,1,3,-0.49603836377038707,2
050755,1,5,0.37945290743461324,5
050757,1,5,-0.03051894758942266,4
050758,1,3,0.1265266516005401,3
050760,1,5,0.17463095601005857,4
050761,1,5,-0.029705155666155968,4
050763,1,3,0.8169839285265236,5
050764,1,5,-0.16348665051155936,3
050765,1,3,-0.05581744544018018,3
050766,0,2,0.9966536371887396,NA
050767,1,3,0.15076930164245636,3
050769,0,2,2.810569294743935,NA
050770,1,5,-0.3521920437258279,3
050771,1,5,-0.6064105452772665,2
050772,1,3,0.13127383516060187,3
050775,1,5,0.01937671797757784,4
050776,1,5,-0.9488009677971659,1
050777,1,3,-0.8783130067191038,1
050778,1,3,-0.19399334256112166,3
050779,1,5,-0.15717821202316953,3
050780,0,2,0.022763135026353368,NA
050782,1,4,0.6278966832251751,4
050783,0,3,-0.43926503319871285,NA
050784,0,1,-0.10395935455560558,NA
051300,0,0,1.0048691026092529,NA
051301,0,2,-0.05925697434740143,NA
051303,0,2,0.9879487607209836,NA
051304,1,3,0.4989426939312209,4
051305,0,1,-2.4646139672423306,NA
051306,0,1,0.5982555345971156,NA
051307,0,0,0.3489128452386085,NA
051309,0,0,-0.2832803622497564,NA
051310,1,3,0.9757079659441302,5
051311,1,3,0.15339566089655016,3
051312,0,1,0.6713557236596981,NA
051314,0,2,0.5134305825510356,NA
051315,0,1,-0.17811115546592876,NA
051316,1,4,-1.6801283376516443,1
051317,1,3,-0.13470139410180476,3
051318,1,4,0.882940321569996,4
051319,1,4,0.29069420312463734,3
051320,1,4,0.29359988000206816,3
051321,1,3,0.03386713020592638,3
051323,0,1,-0.17816903645196788,NA
051324,1,4,-0.6076417141699186,2
051325,1,3,0.07953962884790183,3
051326,1,3,-0.12623150873595962,3
051327,0,1,-0.7903995103015631,NA
051328,1,4,-0.16920934529665974,2
051329,1,4,0.3615581152347411,3
051330,0,0,-0.8083273910862536,NA
051331,1,3,0.5725282556959923,4
051332,1,4,-0.5603066762368303,2
051333,0,2,-1.2432769592208461,NA
051334,0,3,0.6241885638603599,NA
051335,0,1,-0.41435470860764545,NA
060001,1,5,-0.3741527372496516,3
060003,1,5,-0.09758134727866452,3
060004,1,5,0.5827177327883435,5
060006,1,5,0.265258148144665,4
060008,1,5,-0.5247432852906355,2
060009,1,5,0.12658448836647876,4
060010,1,5,0.5483359684672101,5
060011,1,5,-0.06557242869012327,3
060012,1,5,0.15568470477277996,4
060013,1,5,1.1172355126924323,5
060014,1,5,0.15801840356949437,4
060015,1,5,0.17604766992910598,4
060020,1,5,-0.5118169500248532,2
060022,1,5,0.11031204093584976,4
060023,1,5,-0.13518410145905463,3
060024,1,5,0.34199216618726863,4
060027,1,5,0.15353819851247819,4
060028,1,5,0.3920763428144029,5
060030,1,5,0.12586223139948807,4
060031,1,5,0.336363012059574,4
060032,1,5,0.6481724203549601,5
060034,1,5,-0.01990653407359498,4
060044,1,5,0.06744161992184529,4
060049,1,4,1.1436213328176819,5
060054,1,5,0.4186932991121875,5
060064,1,5,0.11904576410767127,4
060065,1,5,0.010548083996078136,4
060071,1,5,0.0641274019239905,4
060075,1,5,0.13823336661242852,4
060076,1,4,-0.11685128417163454,2
060096,1,4,0.7388349879463132,4
060100,1,5,-0.11227819526295033,3
060103,1,5,0.3609427727665558,5
060104,1,5,0.5021508984074352,5
060107,0,2,0.004254580420432419,NA
060112,1,5,0.7096717783413047,5
060113,1,5,-0.11253367123430759,3
060114,1,5,0.3716062053109725,5
060116,1,5,0.35693887915224803,5
060117,0,3,1.160873562025268,NA
060118,1,4,0.9266571904298196,5
060119,1,5,0.24589445515231922,4
060124,0,2,1.8226992765600487,NA
060125,1,5,0.3074193351490419,4
060126,0,3,0.27826170053151755,NA
060128,1,5,0.3793404245874862,5
060129,0,2,0.34933543908476794,NA
060130,0,3,1.2012599563061634,NA
060131,0,0,-0.24869202225370074,NA
060132,0,0,1.0876225411958742,NA
061300,0,1,1.3174115329545666,NA
061301,0,2,0.9751721144106865,NA
061302,0,1,-0.8781915764111712,NA
061303,1,3,0.43587050067990474,4
061304,0,0,-0.37587631356549944,NA
061305,0,1,1.0456903575428025,NA
061306,0,0,0.8582095012710695,NA
061307,0,1,1.365109682809529,NA
061308,0,1,0.4066689581816284,NA
061309,0,2,0.3020198269575307,NA
061310,0,2,-0.009242727604446332,NA
061311,0,1,0.6563722792742991,NA
061312,0,2,-0.04204791714518752,NA
061313,1,3,-0.6213138644332526,2
061314,1,4,-1.075223604993669,1
061315,0,2,0.8157360046171517,NA
061316,0,2,0.2950026441143971,NA
061317,0,3,0.5025143773077491,NA
061318,0,0,0.8543599664486509,NA
061319,0,1,0.8040823857277871,NA
061320,0,2,-0.30073365147870046,NA
061321,1,3,1.4501675833681364,5
061322,1,4,1.0037727468497433,5
061323,0,3,0.041149853775067365,NA
061324,0,3,0.9559242024240127,NA
061325,0,3,0.3483837950130625,NA
061326,1,4,0.5848569219665029,4
061327,1,4,0.17172103920224832,3
061328,0,0,0.17037660748348246,NA
061336,1,4,-1.5862284812632803,1
061343,0,0,0.8205718528412042,NA
061344,1,4,0.10668327623739937,3
070002,1,5,0.2669724727059989,4
070003,1,5,0.4932859083479766,5
070004,1,5,0.588027040565958,5
070005,1,5,-0.5277224973853549,2
070006,1,5,0.6091613525577178,5
070007,1,5,-0.27838727396250434,3
070008,1,4,0.3744684812573165,3
070010,1,5,-0.5610798355698249,2
070011,1,5,-0.44062181925551935,2
070012,1,5,-0.4280520166773647,2
070016,1,5,-0.28728032971211775,3
070017,1,5,-0.015741750648856516,4
070018,1,5,0.5569825518897994,5
070020,1,5,0.050698552004118644,4
070021,1,5,0.20558691237281815,4
070022,1,5,-0.040639309838593915,4
070024,1,5,0.06004867284563714,4
070025,1,5,-0.34138363403612276,3
070027,1,5,-0.1385811372188137,3
070028,1,5,-0.22066613825555073,3
070029,1,5,0.12120399846138495,4
070031,1,5,0.1057655220495133,4
070033,1,5,-0.11779749974547654,3
070034,1,5,-0.1257593934982705,3
070035,1,5,0.012700178434300491,4
070036,1,5,-0.13264618586919358,3
070038,0,0,0.8853400616056125,NA
070039,0,2,-0.36786962710707904,NA
080001,1,5,0.13640159203950764,4
080003,1,5,-0.42918812515850063,2
080004,1,5,-0.4254178457446853,2
080006,1,5,0.17604681697926522,4
080007,1,5,0.05390291195221119,4
080009,1,5,0.1864706777936006,4
090001,1,5,-0.8866038411084113,1
090003,1,5,-1.0365192024106953,1
090004,1,5,-0.5075706293710317,2
090005,1,5,0.3162364792699575,4
090008,1,5,-1.2173795699307037,1
090011,1,5,-0.29401797122975404,3
100001,1,5,-0.6441420514548167,2
100002,1,5,-0.229216391686559,3
100006,1,5,-0.0503760038429022,3
100007,1,5,0.3729846997273457,5
100008,1,5,-0.14751357024424366,3
100012,1,5,0.25973933282705725,4
100014,1,5,-0.17899847924710935,3
100017,1,5,-0.8534034600889958,2
100018,1,5,0.23529601701636374,4
100019,1,5,-0.03076976699361317,4
100022,1,5,-1.2766293957706634,1
100023,1,5,-0.6880358717185245,2
100025,1,5,-0.07916228355747058,3
100026,1,5,-0.8486011775534562,2
100028,1,5,-0.8010340075791699,2
100029,1,5,-0.6933181165221288,2
100030,1,5,-0.2177151033030256,3
100032,1,5,-1.1422111848849132,1
100034,1,5,0.17762732781641694,4
100035,1,5,-1.006627464890403,1
100038,1,5,-0.23241380106332574,3
100039,1,5,-0.4977612939682191,2
100040,1,5,-0.26599977826137333,3
100043,1,5,0.3649276541072359,5
100044,1,5,-0.35612172443329465,3
100045,1,5,0.06927237446913403,4
100046,1,5,0.505520425261299,5
100047,1,5,-0.40166312563566947,3
100048,1,3,-0.2818281114193041,2
100049,1,5,-0.5823725839209788,2
100050,1,5,-1.0133084550420621,1
100051,1,5,0.20731658434646488,4
100052,1,5,-0.4141538855227823,2
100053,1,5,-0.24921072198910935,3
100054,1,5,0.2681530648351914,4
100055,1,5,0.3512472435531532,5
100057,1,5,0.22689019383549477,4
100062,1,5,-0.8923458304047712,1
100063,1,5,-0.24014829996180498,3
100067,1,5,-0.0668580800936526,3
100068,1,5,0.487349845229341,5
100069,1,5,0.4325624082907241,5
100070,1,5,-0.38678426011037187,3
100071,1,5,-0.6828138839999288,2
100072,1,5,-0.05440561276897292,3
100073,1,5,0.46568054582275575,5
100075,1,5,0.33390890451279276,4
100077,1,5,-0.783086434452214,2
100080,1,5,-0.5523802721911641,2
100081,1,4,0.5950293407091766,4
100084,1,5,-0.8123567787950463,2
100086,1,5,-0.6410095143424461,2
100087,1,5,0.5847660273351158,5
100088,1,5,0.18187963397071952,4
100090,1,5,-0.11611790990077923,3
100092,1,5,-0.9187934428381573,1
100093,1,5,0.2133797912011788,4
100099,1,5,-0.6413683540176709,2
100102,1,4,-0.8620306772272436,1
100105,1,5,-0.014620619916402818,4
100106,1,4,-0.2847732662741583,2
100107,1,5,-0.023714806010219254,4
100109,1,5,0.3550956670692354,5
100110,1,5,-1.034126405725333,1
100113,1,5,-0.2999905315304673,3
100117,1,5,0.7926461905336766,5
100118,1,5,-0.033438145161395476,4
100121,1,5,0.34727962586654876,5
100122,1,5,-0.2570840880740476,3
100124,1,5,-0.227026663323935,3
100125,1,5,-0.05805151635356742,3
100126,1,5,-0.4883335018404595,2
100127,1,5,0.2903175978125204,4
100128,1,5,0.1425268190742791,4
100130,1,3,-0.32911154606274257,2
100131,1,5,-0.8107363080664142,2
100132,1,5,0.2311074780146769,4
100134,1,3,-0.060081669484591295,3
100135,1,5,-0.8917408848935596,1
100137,1,5,-0.5705574435257658,2
100140,1,5,0.480782155713216,5
100142,1,5,-0.14271030063725573,3
100150,1,5,-0.11409643408632544,3
100151,1,5,0.8728453995404943,5
100154,1,5,-0.41211790178501967,2
100156,1,5,0.096345563888664,4
100157,1,5,-1.104109326974605,1
100161,1,5,-0.30703977047011916,3
100166,1,5,0.3782712705482854,5
100167,1,5,-0.39915255189544463,3
100168,1,5,-0.3835650953265963,3
100173,1,5,-0.5764791596105325,2
100175,1,5,0.08620012297490083,4
100176,1,5,-0.4734398745979977,2
100177,1,5,0.3803158224950532,5
100179,1,5,-1.0514966140586435,1
100180,1,5,-0.5529386467346344,2
100181,1,3,-0.047677196415841075,3
100183,1,5,0.12428927497902853,4
100187,1,5,-0.35163761421015005,3
100189,1,5,-0.711865529993134,2
100191,1,5,-0.3129829531977693,3
100200,1,5,-0.0204407138090699,4
100204,1,5,-0.7703894053032309,2
100206,1,5,0.12633721829797942,4
100209,1,5,-0.7939264782509392,2
100211,1,4,-0.07193290974377113,2
100212,1,5,-0.8104964985505468,2
100213,1,5,-0.7492525782138989,2
100217,1,5,-0.5981160537974183,2
100220,1,5,0.1597039470111397,4
100223,1,5,-0.47806515943427147,2
100224,1,5,-1.0141528277367253,1
100226,1,5,-0.26369136257342896,3
100228,1,5,-0.6625664129236541,2
100230,1,5,-0.173984694223547,3
100231,1,5,-0.3801113825859302,3
100232,1,5,-0.6865090710828646,2
100236,1,5,-0.7274856575629838,2
100238,1,5,-0.941402695300542,1
100242,1,5,-0.20475048407159369,3
100243,1,5,-0.21738244674529456,3
100244,1,5,0.006989499863647462,4
100246,1,5,-1.4496205173015546,1
100248,1,5,-0.6390402213606573,2
100249,1,5,-1.0403173317405336,1
100252,1,5,0.0477110132899005,4
100253,1,5,0.5695540879545278,5
100254,1,5,-0.45125940575136375,2
100256,1,5,-0.9668830920338919,1
100258,1,5,-0.522508031952391,2
100259,1,5,-0.23099785667183598,3
100260,1,5,-1.1798023979256889,1
100264,1,5,-0.6008171125971528,2
100265,1,5,0.3767674843952415,5
100266,1,5,0.8126557947220749,5
100267,1,5,0.1923666579814342,4
100268,1,5,-0.5970690322683417,2
100269,1,5,-0.5729902362410337,2
100275,1,5,-0.7749742420566442,2
100276,1,5,-0.36056689121520885,3
100277,0,0,0.08113289689059625,NA
100281,1,5,0.2538605443828647,4
100284,1,4,-0.05022464575132035,2
100285,1,5,0.7630508795852057,5
100286,1,5,-0.11940907476974794,3
100287,1,5,-0.5400577739765686,2
100288,1,5,-0.7331514799727176,2
100289,1,5,0.21586309563608225,4
100290,1,5,-0.8423734443717943,2
100291,1,5,-0.7475570724584257,2
100292,1,5,0.15085900526235363,4
100296,1,5,0.5678549200330383,5
100299,1,5,0.37995302673662984,5
100302,1,5,-0.3401982183680094,3
100307,1,5,0.23136824879356063,4
100313,1,3,0.10009232023370598,3
100314,1,5,0.08328017095856138,4
100315,1,5,0.3134963140373882,4
100316,1,5,0.6967660488840581,5
100319,1,5,0.6799750936367797,5
100320,1,5,-0.4997320458635918,2
100321,1,5,0.6686091294476094,5
100329,1,5,-0.5297221582267742,2
101300,1,4,1.2417798425094055,5
101301,1,4,0.05886283084491674,3
101303,0,0,2.3379686537157327,NA
101304,0,2,-0.0722930042715989,NA
101305,0,0,-2.08015495604877,NA
101307,0,2,-0.013583659927640712,NA
101308,1,3,-0.2335214389672337,2
101309,1,3,-0.025568233833488517,3
101310,1,4,0.7154425260359435,4
101311,0,2,1.0233407551490605,NA
101312,0,1,-1.3470153438982164,NA
101313,1,3,0.3039493834683801,4
110001,1,5,-0.29031448408011074,3
110002,1,5,-0.7614078926496078,2
110003,1,5,-0.4004821449274472,3
110005,1,5,0.7155031975717726,5
110006,1,5,-0.06595972316382137,3
110007,1,5,-0.5213176561254843,2
110008,1,5,-0.10499539809445166,3
110010,1,5,0.240117004458535,4
110011,1,5,-0.33330387209849516,3
110015,1,4,-0.19022697547572745,2
110016,1,5,-0.6578612672383907,2
110018,1,5,-0.018738322496841035,4
110023,1,5,0.04589559435945832,4
110024,1,5,-0.2992010144663275,3
110025,1,5,-0.5575345210846933,2
110027,1,4,0.14585924365871777,3
110028,1,5,-0.3184232361478551,3
110029,1,5,0.06999347157428727,4
110030,1,5,0.05493369930926902,4
110031,1,5,-1.3282440591937827,1
110032,1,5,-0.11384796938494667,3
110034,1,5,-0.963507285175628,1
110035,1,5,-0.30637780055542657,3
110036,1,5,-0.5274511113616993,2
110038,1,5,-0.36429983938771926,3
110040,1,3,-0.044929052383677115,3
110041,1,5,0.05773134066218687,4
110042,1,5,0.33527096959287417,4
110043,1,5,-0.2845075612974651,3
110044,1,5,-0.4726606195600429,2
110045,1,4,-0.04904627301304043,2
110046,1,5,-0.19519850822411564,3
110050,1,3,0.7462107542762353,5
110051,1,5,-0.11745999973635249,3
110054,1,5,-0.42075185416284067,2
110064,1,5,-0.6500242645355165,2
110069,1,5,-0.593843919735505,2
110071,0,2,-0.16043321267298385,NA
110073,1,4,-0.3680930074055717,2
110074,1,5,0.0529793806458249,4
110075,1,5,-0.34915176454787517,3
110076,1,5,-0.8655135082320775,2
110078,1,5,-0.3573489787326575,3
110079,1,5,-1.5221844770431467,1
110082,1,5,0.25656765137693416,4
110083,1,5,0.30132496531855013,4
110086,0,2,-0.33530249334117646,NA
110087,1,5,-0.11428587177577801,3
110089,1,5,-1.0089152352586575,1
110091,1,5,-0.5933890014243375,2
110092,1,4,-0.18665546623977042,2
110095,1,5,-0.6131507488994733,2
110100,0,2,1.020918322791632,NA
110101,0,2,0.3084515443131074,NA
110104,1,5,-0.26183336001984,3
110105,1,5,-0.12507650709661133,3
110107,1,5,-0.855441212232525,2
110109,1,4,0.8031805890624008,4
110111,1,3,0.12144310082860901,3
110113,0,2,-0.3767913475124194,NA
110115,1,5,-1.2358875509173386,1
110121,1,4,0.01764033838383513,3
110122,1,5,-0.16952392222272117,3
110124,1,5,-0.0677329627043709,3
110125,1,5,0.3801836515082606,5
110128,1,5,0.38496887193579865,5
110129,1,5,-0.5002874739262038,2
110130,0,1,0.03074295441860392,NA
110132,1,4,-0.18053696604919897,2
110135,1,5,-0.5227471036450152,2
110142,1,4,0.6686590387831122,4
110143,1,5,-0.5104523339715396,2
110146,1,5,-0.12088439237024518,3
110150,1,5,-0.33414143013446734,3
110153,1,5,0.00023677018956624885,4
110161,1,5,0.39287864563481883,5
110164,1,5,-0.15769232836556815,3
110165,1,5,-0.7353422919379146,2
110168,1,5,0.14991287167942774,4
110177,1,5,-0.3444257305431945,3
110184,1,5,-0.1009336402548222,3
110189,1,5,-0.2816505187761559,3
110190,0,0,-0.0815371991180614,NA
110191,1,5,-0.4971233622921336,2
110192,1,5,-0.7744791307274945,2
110194,0,3,-0.0335033891058418,NA
110198,1,5,-0.36197083985060563,3
110200,1,4,0.24537305100778745,3
110201,1,5,0.0714973458949936,4
110209,0,0,1.823152780307743,NA
110215,1,5,-0.22940341242516382,3
110225,1,5,0.5027581531183506,5
110226,1,5,-0.44693772263314957,2
110229,1,5,-0.24507454914286647,3
110230,1,5,-0.11919898124452899,3
110233,1,4,0.07871444919204174,3
110234,0,1,-0.547015322576053,NA
110236,0,2,0.15997953499947437,NA
111300,0,1,0.8957410190930652,NA
111302,0,1,0.9304271360222661,NA
111303,0,0,0.23339181333225686,NA
111304,0,1,0.24674476591639696,NA
111305,0,1,-0.3544248664814835,NA
111306,0,2,0.6439533802771402,NA
111308,0,2,0.571007178679346,NA
111310,1,3,0.39989117243883493,4
111311,0,1,0.6857140892418169,NA
111312,0,1,0.3026672067848386,NA
111313,0,2,0.5631809906484889,NA
111314,0,1,-0.8041144788706117,NA
111316,0,0,0.6020043355140936,NA
111318,0,2,-0.2586422897077867,NA
111319,0,1,1.5076130146779243,NA
111320,0,3,0.7921574045178181,NA
111323,0,3,1.2482553614337415,NA
111324,1,3,0.6938138290316356,4
111325,1,3,0.155114882532069,3
111326,0,1,-0.717389185238807,NA
111327,1,4,-0.4450159304514053,2
111328,0,1,0.5672691624417457,NA
111329,1,4,-0.3157430521886567,2
111330,0,1,0.7760509188978755,NA
111331,0,1,-0.07663798845238319,NA
111332,0,1,-0.3751844087153614,NA
111333,0,2,-0.5125578635495448,NA
111334,0,2,0.009889013557807845,NA
111335,0,3,-0.06678538078442627,NA
111336,0,2,0.7127615107033286,NA
120001,1,5,0.39990820082316253,5
120002,1,5,-0.16733012785413345,3
120004,1,4,0.20862857038750598,3
120005,1,5,0.4138374697275004,5
120006,1,5,0.22985976060824398,4
120007,1,5,0.27557338540983267,4
120011,1,5,0.3594769352135631,5
120014,1,5,0.37994320462688635,5
120019,1,5,-0.24715475378023283,3
120022,1,5,0.7292280218853588,5
120026,1,5,0.8797571778803112,5
120028,1,5,0.467923961762403,5
121300,0,1,0.5274853118268169,NA
121301,0,1,0.1682688306897547,NA
121302,0,0,0.547138791222252,NA
121303,0,1,1.4075835461085728,NA
121304,0,0,1.5528552755228113,NA
121305,0,0,1.427422382909757,NA
121306,0,1,-0.4022481270640842,NA
121307,0,0,2.115544187957508,NA
121308,0,1,1.0789132100802643,NA
130002,1,5,0.3998122251338061,5
130003,1,5,-0.848630205538799,2
130006,1,5,0.3781000947869657,5
130007,1,5,-0.08017152732693893,3
130013,1,5,0.3215183075551476,4
130014,1,5,0.20582186614162443,4
130018,1,5,-0.49598091749998346,2
130025,1,5,0.47310151103758796,5
130028,1,5,-0.17823082912151655,3
130049,1,5,0.3016732107580698,4
130063,0,2,0.4234632613449403,NA
130065,0,3,1.1558395343697825,NA
130066,0,3,0.8914609002681879,NA
130071,1,4,0.8138461848007055,4
130073,0,0,0.34472013573955285,NA
131301,0,1,-1.3955341470498757,NA
131302,1,4,0.30113029562043137,3
131303,0,2,0.6636702671103414,NA
131304,0,1,1.182594952461337,NA
131305,1,4,0.2245601411733142,3
131307,0,2,0.8552537000699314,NA
131308,0,0,1.4557612113468208,NA
131309,0,1,-0.2273203292154515,NA
131310,0,1,0.8321927238500544,NA
131311,0,3,0.7231931274461552,NA
131312,0,3,0.4582043050892977,NA
131313,0,1,0.48675543174604297,NA
131314,0,2,-0.21142862414696587,NA
131315,1,4,0.6276897804190283,4
131316,0,2,0.8359643110995933,NA
131317,0,2,0.2218511582274541,NA
131318,0,1,0.04870216868983579,NA
131319,1,3,0.3534896415717852,4
131320,1,4,0.26409654186787346,3
131321,1,4,0.7028566631536386,4
131322,1,4,0.3900067579097093,3
131323,0,3,0.5754685137823605,NA
131324,0,1,1.0458837531133782,NA
131325,1,4,-0.3636026835530095,2
131326,1,4,-0.660085202737589,2
131327,1,4,0.22610041306550605,3
131328,1,4,-0.29924169435442705,2
140001,1,5,0.006852853096628052,4
140002,1,5,0.09629339048657021,4
140007,1,5,-0.24128027225487586,3
140008,1,5,0.061326654668941896,4
140010,1,5,0.7442855875944341,5
140011,1,5,-0.7325181716435235,2
140012,1,5,-0.30549438110246085,3
140013,1,5,0.36375201206857993,5
140015,1,5,0.10649320221586411,4
140018,1,5,-0.7092635920213757,2
140019,1,3,0.6642187904251696,4
140029,1,5,0.14348700765776606,4
140030,1,5,0.44681042096295226,5
140032,1,5,0.2389253538733769,4
140034,1,5,0.731858086346569,5
140040,1,5,-0.11105975771088973,3
140043,1,5,0.07945637849842768,4
140046,1,5,0.0772711884085189,4
140048,1,5,-0.04127099288617399,4
140049,1,5,-0.15214739247913933,3
140052,1,5,0.24448649189467564,4
140053,1,5,-0.4689131335526445,2
140054,1,5,-0.20848135174322016,3
140058,1,5,0.5193780624542995,5
140059,1,4,0.19309794972955552,3
140062,1,5,0.18803075691793958,4
140063,1,5,0.5465872528493102,5
140064,1,5,-0.10216307625763213,3
140065,1,5,0.6760568782074724,5
140067,1,5,-0.712745520721505,2
140068,1,4,-1.0207418609945846,1
140077,0,1,-0.41833611674333193,NA
140080,1,5,-0.3787928944409598,3
140082,1,5,-0.468443900912509,2
140083,0,2,0.3876145490028258,NA
140084,1,5,-0.7103331098770593,2
140088,1,5,-0.08272595608273359,3
140089,1,5,-0.23314483373536843,3
140091,1,5,-0.3422060089813544,3
140093,1,5,-0.3510862956749223,3
140095,1,5,-0.25263349581659805,3
140100,1,4,0.005018797004731811,3
140101,1,5,0.40009782312814834,5
140103,1,5,-1.1742110884204755,1
140110,1,5,0.21091315003376482,4
140113,1,5,-0.5886064161492961,2
140114,1,5,-0.3495136432254734,3
140115,1,4,-0.048866279843241885,2
140116,1,5,0.773579661181438,5
140117,1,5,0.284662042672366,4
140119,1,5,0.43567716718210375,5
140120,1,5,-0.24551856208958206,3
140122,1,5,0.415559319250219,5
140124,1,5,-0.7632041378563388,2
140125,1,5,-1.2370489315310453,1
140127,1,5,0.21596780863551496,4
140130,1,5,0.23427799128802906,4
140133,1,5,-1.118493391653999,1
140135,1,5,-0.14047462266311556,3
140137,1,4,0.5979412179725898,4
140143,1,5,-0.3346775312917726,3
140145,1,4,0.7624527048594729,4
140147,1,4,-0.32974227507071313,2
140148,1,5,-0.6416272523591422,2
140150,1,5,-1.0155456965806677,1
140155,1,5,-0.2632372039507798,3
140158,1,5,-0.5867364206113175,2
140160,1,5,0.12630437631050076,4
140161,1,5,-0.27903134476733726,3
140162,1,5,-0.3745995574395633,3
140164,1,5,-0.5375851325474305,2
140166,1,5,-0.24086017592577155,3
140167,1,3,-0.9814342024461497,1
140172,1,5,-1.005197446399365,1
140174,1,5,0.03670956446930692,4
140177,1,5,-1.4968158393591158,1
140179,1,5,-0.05942940588534768,3
140180,1,5,-0.15888110940318476,3
140181,1,4,-1.8212372055998116,1
140182,1,5,0.3725269665472065,5
140184,1,5,-0.3518503309360494,3
140185,1,5,0.025238481507090536,4
140186,1,5,0.1886746965950484,4
140187,1,5,0.24093713148059642,4
140189,1,5,-0.3693854084897635,3
140191,1,5,-0.7486561172744932,2
140197,0,2,1.2843271371610356,NA
140200,1,5,0.7608616882270292,5
140202,1,5,0.30451246065220383,4
140206,1,5,-0.885845159682892,1
140208,1,5,-0.47538668677336193,2
140209,1,5,0.00426395956903413,4
140210,1,5,-0.17040422810010405,3
140211,1,5,0.7010545321469696,5
140213,1,5,0.437180569181024,5
140217,1,5,-0.10446673222205033,3
140223,1,5,0.46419234124867537,5
140224,1,5,0.49963144259003817,5
140228,1,5,-0.29619414161492347,3
140231,1,5,0.48295447920429607,5
140233,1,5,-1.0494745577093676,1
140234,1,5,0.846474477948126,5
140239,1,5,-0.20205757122028664,3
140240,1,3,-0.08373166042038788,3
140242,1,5,0.27389295032194527,4
140250,1,5,-0.2990932270946203,3
140251,1,4,-0.36347400772573835,2
140252,1,5,0.25359984583273437,4
140258,1,5,0.3024293478321211,4
140275,1,5,-0.06542986838916746,3
140276,1,5,-0.28615510069199673,3
140280,1,5,-0.507529524520497,2
140281,1,5,0.5697576038450729,5
140286,1,5,0.2176662296378504,4
140288,1,5,0.3773780649442944,5
140289,1,5,0.4333223432643067,5
140290,1,5,0.007488097456360962,4
140291,1,5,0.7677219224480879,5
140292,1,5,-0.18990660063610787,3
140294,1,5,-0.20881588819657357,3
140300,0,1,-0.1757320551855707,NA
140304,1,5,0.16558576577415043,4
140307,1,4,0.483958876285612,4
141300,0,0,-0.030917959429763525,NA
141301,0,2,1.0129498488159798,NA
141302,0,0,-0.11358733032988722,NA
141303,0,1,0.4234843781132289,NA
141304,0,2,0.4733807485286956,NA
141305,1,4,0.8376426323901925,4
141306,0,2,-0.3507820613061092,NA
141307,0,2,-0.580768290540912,NA
141308,0,2,0.04000975457631778,NA
141309,1,3,0.6655100436399719,4
141310,1,3,-2.6935535944316276,1
141311,1,3,-0.16562155575832155,3
141312,0,2,1.1826582407053001,NA
141313,0,2,0.3218416603804449,NA
141315,1,3,0.4808601579562196,4
141316,0,2,1.2443871737469818,NA
141317,0,3,0.8436008383352781,NA
141318,1,3,0.8960074265852851,5
141319,1,3,-0.11453951655540472,3
141320,1,4,0.3861733888345985,3
141321,0,2,-0.42651509336637966,NA
141322,1,5,-0.012077363474866674,4
141323,1,4,1.109550369729326,5
141324,0,2,-0.6503628760443878,NA
141325,1,3,0.3912422639760394,4
141326,1,3,-0.944620589060596,1
141327,1,4,0.8088033276005113,4
141328,0,2,-0.47368077052151897,NA
141329,0,0,0.879216772270641,NA
141330,0,2,0.5133091083789751,NA
141331,0,2,-0.050371335866686434,NA
141332,1,3,0.1830096127652955,3
141333,0,1,0.23174327197161299,NA
141334,1,3,-0.0035364146639824713,3
141335,1,3,0.2793896183072193,4
141336,1,4,0.38415852005111406,3
141337,1,4,-0.18373862666448332,2
141338,1,4,0.12868988041525253,3
141339,1,4,-0.1986416688605156,2
141340,1,4,0.7094186294828109,4
141341,1,3,0.002590058239766102,3
141342,1,3,0.5447101024852969,4
141343,1,4,0.819392110229718,4
141344,0,2,-0.3340517826568743,NA
141345,0,2,-0.6962542429227818,NA
141346,0,2,-0.6627057768260248,NA
141347,1,3,0.18440753411898964,3
141348,1,4,0.7165175725427689,4
141349,1,3,0.6424233060145645,4
141350,1,4,0.5760642189420545,4
141351,1,3,0.07815473659685185,3
150001,1,5,-0.035840767960608554,4
150002,1,5,-0.44735690379974274,2
150004,1,5,-1.3160650268531406,1
150005,1,5,0.33549959559096715,4
150006,1,5,-0.7054159734289493,2
150007,1,5,0.11087513936489676,4
150008,1,5,0.5042492446599195,5
150009,1,5,-0.6226244908923538,2
150010,1,5,0.06659121857220535,4
150011,1,5,0.5985474611086583,5
150012,1,5,0.027500271210422797,4
150015,1,5,-0.0539222487379737,3
150017,1,5,-0.4741579071861334,2
150018,1,5,0.019424896675612334,4
150021,1,5,-0.09498949807487156,3
150022,1,5,0.3834759051863097,5
150023,1,5,0.005641292271048189,4
150024,1,5,0.010428605691610936,4
150026,1,5,-0.3424223329651113,3
150030,1,5,0.09723102372917859,4
150034,1,5,0.07838010366315049,4
150035,1,5,-0.2612888495086005,3
150037,1,5,0.24758050267091747,4
150042,1,5,-0.37389543509405654,3
150044,1,5,-0.28527314709939333,3
150045,1,5,-0.025168663015402312,4
150046,1,5,-0.16162077495058935,3
150047,1,5,-0.6503639446677,2
150048,1,5,-0.48535423529334293,2
150051,1,5,0.05806950855998293,4
150056,1,5,-0.35724971831797225,3
150057,1,5,0.7373859712181585,5
150058,1,5,-0.4886898107558731,2
150059,1,5,-0.17264071222681895,3
150061,1,4,0.09880199563847092,3
150065,1,5,0.8428900438032789,5
150069,1,5,-0.22125572553105677,3
150072,1,4,-0.20887108873227753,2
150074,1,5,-0.42722549982468877,2
150075,1,5,0.09687405224029719,4
150076,1,5,-0.19839383952445816,3
150082,1,5,-0.29228894433524216,3
150084,1,5,-0.24271847981099187,3
150086,1,5,-0.03239008354667824,4
150088,1,5,-0.30351084926976485,3
150089,1,5,-0.13568318381215128,3
150090,1,5,-0.8317329400067965,2
150091,1,5,0.41434072094089586,5
150097,1,5,-0.05958513889972673,3
150100,1,5,0.04989274368265294,4
150101,1,4,0.6652338308188853,4
150102,1,3,0.310262192086452,4
150104,1,5,-0.06401602871493103,3
150109,1,5,0.22850825936785332,4
150112,1,5,0.24469568363443528,4
150113,1,5,0.20067416631291757,4
150115,1,5,-0.012023090189740099,4
150125,1,5,-0.28082044422113195,3
150126,1,5,0.08886027985491825,4
150128,1,5,-0.3046279656568702,3
150133,1,5,-0.13416537215327312,3
150146,1,5,-0.05503837766980729,3
150149,1,3,0.5267827554048449,4
150150,1,5,0.21495751227648943,4
150153,1,5,1.3876288013800264,5
150157,1,5,0.04316936411120094,4
150158,1,5,0.5883673961437883,5
150160,0,2,1.456275353607241,NA
150161,1,5,0.4987798499750485,5
150162,1,5,0.01682362280832218,4
150165,1,5,-0.6040488866797136,2
150166,1,4,-0.27448216823472954,2
150167,0,2,1.9294326959610832,NA
150168,0,2,1.5384257042273737,NA
150169,1,5,-0.4235486100536838,2
150172,0,3,0.696695808393623,NA
150173,1,5,0.2456281980011945,4
150177,0,3,0.6742715550139109,NA
150179,0,0,-0.7323571751411772,NA
150181,1,5,0.2272714639610572,4
150183,1,4,0.7747721045159618,4
151300,0,2,0.36004476154160736,NA
151301,0,3,0.3634816867701848,NA
151302,1,3,0.606538469509708,4
151303,0,2,-0.1413579656979777,NA
151304,1,3,-0.32180856608703456,2
151305,1,4,0.08373451912997949,3
151306,0,2,0.6128219573635859,NA
151307,1,3,0.15831570848834323,3
151308,0,2,-0.011307336813242225,NA
151309,0,2,0.2726948729023329,NA
151310,1,4,0.6619444993481751,4
151311,1,3,0.8141702138420284,5
151312,1,3,0.09739939234082295,3
151313,1,3,0.3736573316971001,4
151314,0,1,-0.051808756618481444,NA
151315,1,4,0.3488643320439641,3
151316,1,3,0.6497780834905251,4
151317,1,4,0.1826728462033073,3
151318,1,4,0.05345528138942206,3
151319,0,2,-0.05177682712209382,NA
151320,1,3,-0.44380519096224125,2
151322,1,4,0.3680461052032669,3
151323,1,4,0.8285399235920464,4
151324,1,3,-1.0956794360336561,1
151325,0,2,0.4571874602976057,NA
151326,1,3,-0.4711336114614899,2
151327,0,2,-0.471198875362551,NA
151328,1,3,0.8701420207808924,5
151329,1,5,0.44405200196859396,5
151330,1,4,-0.08521877310759837,2
151331,1,4,0.6601250655804388,4
151332,1,5,0.4886899467903404,5
151333,1,4,-0.12065061708688984,2
151334,1,4,0.09320585192225328,3
151335,1,4,0.0659571170771931,3
160001,1,4,-0.1451551310625025,2
160005,1,5,0.3082548732717743,4
160008,1,3,-0.09130343025891073,3
160013,1,4,0.7719190792819998,4
160016,1,5,0.07745443418409236,4
160028,1,5,0.6530236023668057,5
160029,1,5,0.8031155477482744,5
160030,1,5,0.27640271536110644,4
160032,1,4,0.13905629424573632,3
160033,1,5,0.08355539034455331,4
160040,1,5,0.5281470249188013,5
160045,1,5,0.3812938938752306,5
160047,1,5,0.09093635555124445,4
160057,1,5,-0.55040225167618,2
160058,1,5,0.21566068297790342,4
160064,1,5,-0.3171277964679123,3
160067,1,5,-0.3091095723949592,3
160069,1,5,0.452276052147518,5
160079,1,5,0.5173639789874197,5
160080,1,5,0.016705639552117485,4
160082,1,5,0.04694884522276352,4
160083,1,5,0.023893790815610702,4
160089,1,5,0.15057661226807573,4
160101,1,4,-0.08234161459990938,2
160104,1,5,-0.41085596633372,2
160110,1,5,0.270230320874952,4
160112,1,5,-0.09498064002402087,3
160117,1,5,0.3590630244919155,5
160122,1,5,-0.2806229171998056,3
160124,1,5,0.693777750212583,5
160146,1,5,-0.6736843802322783,2
160147,1,4,0.2922574772273145,3
160153,1,5,-0.6561910851858899,2
161300,0,0,1.217384469109271,NA
161301,0,3,0.9191669361323783,NA
161302,0,3,0.6197460693503422,NA
161303,0,2,0.7263691823253515,NA
161304,0,2,0.8072604807083889,NA
161305,0,0,0.11751353861127113,NA
161306,1,3,1.3780771801206373,5
161307,0,2,1.1065114325159129,NA
161308,0,2,-0.01084108305632997,NA
161309,1,3,1.1246786580954407,5
161310,0,1,0.8882151336228504,NA
161311,0,2,0.33012259785738074,NA
161312,0,2,0.2533779655037665,NA
161313,0,2,0.3526210788456855,NA
161314,0,2,0.2805597358727916,NA
161315,0,0,0.6644798584155145,NA
161316,0,1,0.8128010688542637,NA
161317,0,1,0.16089035429806864,NA
161318,0,2,-0.09222434987279397,NA
161319,0,0,-0.12502149017250877,NA
161320,0,1,0.15064074101927658,NA
161321,0,1,0.42593889404618873,NA
161322,0,2,0.9214239404163245,NA
161323,1,3,0.6236300028162969,4
161324,0,2,-0.3228364270909657,NA
161325,0,1,-0.5372667333541745,NA
161326,0,2,-0.5417539725305656,NA
161327,0,2,-0.15411430393570932,NA
161328,0,2,1.0997072741817138,NA
161329,0,2,0.8257826459539408,NA
161330,0,2,0.029766111858639754,NA
161331,0,2,0.4441448923242692,NA
161332,0,2,0.029521418237610897,NA
161333,0,1,0.4077300151521538,NA
161334,0,1,0.33682256632772606,NA
161335,0,2,0.9994403540075787,NA
161336,0,1,-0.8976032359738864,NA
161337,0,2,0.6898642383038555,NA
161338,0,0,-0.11591891268331012,NA
161339,1,4,0.4043131230542719,3
161340,0,1,-0.23789971678873037,NA
161341,0,2,-0.5087733485571186,NA
161342,0,1,-0.4909011014653092,NA
161343,0,3,0.7882191865061087,NA
161344,1,3,0.07930298443225663,3
161345,0,1,0.29252627788131624,NA
161346,0,3,0.9353683439224225,NA
161347,1,3,0.6828970914648673,4
161348,0,2,0.780887831475504,NA
161349,1,3,0.9024974730316224,5
161350,0,3,0.7411998810343796,NA
161351,1,3,-0.0687813063896905,3
161352,1,4,0.1129070148034795,3
161353,1,4,0.3176724304388111,3
161354,0,2,0.24556857347409364,NA
161355,1,3,0.4677504217548837,4
161356,1,3,0.18814867026579893,3
161357,0,2,0.2406579232407742,NA
161358,1,3,-0.10528655331780865,3
161359,1,4,0.23992460807445523,3
161360,1,4,-0.09184893806839776,2
161361,1,4,0.5944246957474137,4
161362,1,4,0.030615357553123397,3
161363,1,4,0.1971353967628071,3
161364,1,3,-0.23630824903301056,2
161365,0,3,-0.6298631676310044,NA
161366,0,2,0.680290282631884,NA
161367,1,5,0.4614578647485934,5
161368,0,3,0.8182754521302472,NA
161369,1,3,-0.449287771334759,2
161370,0,2,0.25487817946274505,NA
161371,1,4,-0.2682196195990894,2
161372,1,4,-0.020265334663150794,3
161373,0,2,-0.10800395341053841,NA
161374,1,3,0.30178230865249733,4
161375,1,4,-0.043990059446514025,2
161376,1,4,0.6119473535151141,4
161377,1,3,0.26915848020501915,4
161378,0,0,0.024449455827766697,NA
161379,1,3,0.588087528891602,4
161380,0,2,0.43051098141218,NA
161381,0,2,1.0329809446220042,NA
170006,1,5,-0.5664515074539533,2
170009,1,4,1.0011442867348976,5
170012,1,5,-0.7429846871192761,2
170013,1,5,0.14958778975054432,4
170014,1,5,0.13438183185185054,4
170016,1,5,0.05586973439991036,4
170017,1,5,-0.566186657323614,2
170020,1,5,-0.6931603369448359,2
170023,1,5,-0.6829036619071469,2
170027,1,5,0.8139688587172698,5
170039,0,2,-0.9072991205042787,NA
170040,1,5,0.49615384126045053,5
170049,1,5,0.11130371785860091,4
170068,1,5,-0.6866718731356946,2
170074,1,5,-0.6405119889523153,2
170075,0,2,0.16547545744381614,NA
170086,1,5,-0.1404264703219546,3
170103,1,5,0.4846245152947305,5
170104,1,5,0.4694723307577991,5
170105,1,4,0.1755351906531229,3
170109,1,4,0.7530340863962773,4
170110,0,2,-0.3884049548263169,NA
170120,1,5,0.3011280384282802,4
170122,1,5,-0.8131087702759769,2
170123,1,5,0.11055618117436455,4
170133,1,4,0.46951673521740495,4
170137,1,5,0.146275795908961,4
170142,1,5,-0.21722555051213044,3
170145,1,5,-0.25140140008468115,3
170146,1,5,-0.34678405434169773,3
170150,1,3,-0.16141650332094398,3
170166,0,2,-0.08302492162486433,NA
170175,1,5,-0.27538367712151923,3
170176,1,5,0.14830382258075975,4
170182,1,5,0.10764118809587055,4
170183,0,2,2.572307127903491,NA
170185,1,5,0.8030854510307754,5
170186,1,4,0.1055798975275702,3
170187,0,3,0.8342113453573633,NA
170188,0,2,1.0184277268806528,NA
170190,0,3,1.0569294550309447,NA
170191,1,5,-1.3503600227096888,1
170194,0,0,-0.06252890827639912,NA
170196,0,2,-0.008460889215093238,NA
170197,1,5,0.25309541847887834,4
170198,0,1,0.3201150467497531,NA
170199,0,0,0.07597710991967634,NA
170200,1,5,-0.514609913342605,2
170201,0,0,-0.9138520938990793,NA
170203,0,2,0.7966698897350856,NA
170204,0,0,1.1547636931871896,NA
171300,0,1,0.01031776948807498,NA
171301,0,1,0.38760345192421747,NA
171303,0,0,2.189558910625117,NA
171304,0,1,-0.1857159834440053,NA
171306,0,1,-0.5901249951811506,NA
171307,0,1,0.9615410796619634,NA
171308,0,1,1.4885683714246232,NA
171309,0,1,0.8614906566640231,NA
171310,0,1,-0.20418775029542802,NA
171311,0,2,0.5158681256882103,NA
171312,0,1,0.6592470075621722,NA
171313,0,2,0.10421709074285823,NA
171314,0,1,-0.11899677475031603,NA
171315,0,2,0.13751895864070904,NA
171316,0,1,0.7603638844281411,NA
171317,0,1,0.3081416863513162,NA
171318,0,1,1.089747481416107,NA
171319,0,2,0.207402111707497,NA
171321,0,2,-0.11597947127559277,NA
171322,0,1,0.6782133448713117,NA
171323,0,1,0.5483323900385227,NA
171324,0,1,0.7715964454773249,NA
171325,1,3,-0.12166429820349339,3
171326,0,2,0.22087838562394213,NA
171327,1,3,0.092785740638062,3
171328,0,1,0.5403059470045898,NA
171329,0,2,0.2329498081048231,NA
171330,0,2,0.3752735706121788,NA
171331,0,1,0.3598914005709737,NA
171332,0,1,0.8661093299547922,NA
171333,1,3,0.1914088541060908,3
171334,0,2,0.5720763907227686,NA
171335,0,2,0.6060183731625408,NA
171336,0,2,-0.29079019898604735,NA
171337,0,2,0.35466850602046834,NA
171338,0,2,0.40270468390757924,NA
171339,1,4,0.35801250589596245,3
171340,0,2,1.4432463581150559,NA
171341,1,4,0.00020210328996303657,3
171342,0,1,-0.91065035401604,NA
171343,0,0,-0.2675588745712751,NA
171344,1,3,0.4796816434705171,4
171345,0,1,0.4185700238199663,NA
171346,0,2,0.821306355632864,NA
171347,0,2,1.4160493392014266,NA
171348,0,2,0.8223634247721496,NA
171349,1,3,-0.7135310475814132,2
171350,1,3,-0.2734465102786776,2
171351,0,2,0.47241283060955147,NA
171352,0,2,0.14586691371786928,NA
171353,0,2,-0.30220767877297283,NA
171354,1,3,-0.024089861239864313,3
171355,1,3,0.5174470248488228,4
171356,0,2,1.1422043573538323,NA
171357,0,1,-0.1293351880857411,NA
171358,0,2,0.4721550829791245,NA
171359,0,2,0.14662615801841936,NA
171360,0,1,0.5677437284688706,NA
171361,1,3,-0.5659109020258833,2
171362,1,4,0.17120767258396963,3
171363,1,4,0.48034135714952786,4
171364,0,2,0.6747060339910218,NA
171365,0,1,0.967406373616077,NA
171367,0,2,0.5531633886264646,NA
171368,0,1,0.4404869240491789,NA
171369,0,2,1.154155682735681,NA
171370,1,3,0.1840905510455265,3
171371,1,4,0.3439842280183535,3
171372,1,3,0.1942533921464507,3
171373,1,3,-1.441595623190497,1
171374,0,2,0.6086746337309389,NA
171375,1,4,0.3862987709936946,3
171376,0,2,0.03471015783933318,NA
171377,1,3,0.09295166174002419,3
171378,0,2,1.378166810143563,NA
171379,1,3,-0.026580907615852023,3
171380,1,4,0.2642796629148523,3
171381,1,3,-0.5204360987884027,2
171382,0,2,-0.11244991711690216,NA
171383,1,4,-0.1261807538164755,2
171384,1,4,0.16211752039904986,3
171385,1,3,0.27634879045369043,4
180001,1,5,-0.22023611164886062,3
180002,1,5,-0.47438641463193953,2
180004,1,5,0.40924298455354746,5
180005,1,5,-0.5448469948219365,2
180009,1,5,-0.06717369604102455,3
180010,1,5,-0.1589014346966172,3
180011,1,5,0.12888960460977697,4
180012,1,5,-0.10094641824751413,3
180013,1,5,-1.1080420393247374,1
180016,1,3,0.1969058581202914,3
180017,1,5,-0.09769902590741938,3
180018,1,5,0.06524139926232478,4
180019,1,5,0.4726016435136522,5
180020,1,5,0.21800071935400395,4
180024,1,4,-0.20124396364046998,2
180025,1,5,0.2852442371770043,4
180027,1,5,-0.35500140884668224,3
180029,1,5,-1.2035979249839932,1
180035,1,5,0.22825298132305616,4
180036,1,5,0.027799288655571786,4
180038,1,5,-0.02116294242462483,4
180040,1,5,-0.7531176404271065,2
180043,1,4,0.2786348432570449,3
180044,1,5,-0.7926469135786509,2
180045,1,5,-0.012411403592312076,4
180046,1,4,0.2021509904274565,3
180048,1,5,-0.32242223673571413,3
180049,1,5,-0.1412120427923514,3
180050,1,5,-0.7797462332245558,2
180051,1,5,-0.5010632942230198,2
180056,1,5,-0.5132249816133698,2
180064,1,5,0.4865922922692007,5
180066,1,4,0.6936741471967742,4
180067,1,5,-0.6457409919880626,2
180069,1,5,-0.44622070883478143,2
180070,1,5,-0.2964199569325953,3
180078,1,4,-0.5026407512648803,2
180079,1,4,-0.04798399123121202,2
180080,1,5,-0.2852312240323841,3
180087,1,5,-0.12297861856680371,3
180088,1,5,-0.30975958355173383,3
180092,1,5,0.43134711578850865,5
180093,1,5,-0.6445111900218644,2
180095,1,3,-0.4951086602666733,2
180101,1,5,-0.7217397144886074,2
180102,1,5,-0.3572665848170578,3
180103,1,5,0.061867658989625915,4
180104,1,5,-0.2678545668997975,3
180105,1,4,-0.7192501359800181,1
180106,1,3,-0.5734452253470133,2
180115,1,3,-1.078472877117765,1
180116,1,5,-0.5051499321938617,2
180124,1,5,-0.3543378567021537,3
180127,1,5,-0.5706552345010558,2
180128,1,4,0.09070367276953473,3
180130,1,5,-0.13580434143285738,3
180132,1,5,-0.5226962729405202,2
180138,1,5,0.18353801944401235,4
180139,1,4,-0.08393587203551756,2
180141,1,5,-1.1771733396368582,1
180143,1,5,-0.04395760234511213,3
180149,0,1,0.6888924802227516,NA
181301,1,4,0.1151573867620882,3
181302,0,2,-0.07353136277228914,NA
181304,0,2,0.3511400400069863,NA
181305,0,2,1.2288128300096197,NA
181306,0,2,0.11005048964069106,NA
181307,0,1,-0.39501788765641543,NA
181308,0,1,-0.36813645570364345,NA
181309,1,4,0.6429818421325214,4
181310,1,3,0.3656767220262889,4
181311,0,1,0.7122350154195245,NA
181314,0,1,0.19578943536062282,NA
181315,0,2,0.5396926669581504,NA
181316,0,2,0.41829300062909247,NA
181317,1,3,-0.3859931095575986,2
181318,1,3,0.35917090126838414,4
181319,1,3,-0.4243274233311995,2
181320,1,3,-0.33776899979161845,2
181321,0,1,-0.1120615350520825,NA
181322,0,2,-0.8002883212509333,NA
181323,1,3,-0.06140511688208491,3
181324,0,2,-0.40386431413285573,NA
181325,1,3,-0.010267752702120686,3
181327,1,4,0.016694170295043064,3
181328,1,3,-0.14888948593600115,3
181329,1,4,1.2563601031508838,5
181330,0,1,-1.3734979046061107,NA
181331,1,3,0.5292790974502604,4
181332,0,1,-0.4799536684589422,NA
190002,1,5,0.29368295404383626,4
190004,1,5,0.18004171164352556,4
190005,1,5,-1.532413637799209,1
190006,1,5,0.22117020476368343,4
190007,1,5,-0.4023047875715177,3
190008,1,5,-0.2517711517913688,3
190011,1,5,0.06946738748388046,4
190013,1,5,-0.09020288784283387,3
190014,1,5,-0.09454757699442455,3
190015,1,5,-0.2407791416471958,3
190017,1,5,-0.4341297280236377,2
190019,1,5,-0.3508809526280946,3
190020,1,5,-0.5724060684016585,2
190025,1,4,0.6769755352549844,4
190026,1,5,-0.564927019156542,2
190027,1,5,0.15038043559748193,4
190034,1,5,0.20832451446967448,4
190036,1,5,0.03275485054678971,4
190039,1,5,-0.24244285812761326,3
190040,1,5,-0.24177474439102692,3
190041,1,5,-0.5984861966264376,2
190044,1,5,-0.18344259816461528,3
190045,1,5,0.38050481688674354,5
190046,1,5,-0.02467213617556563,4
190050,1,5,0.6038677941268575,5
190053,1,5,-1.773966573861812,1
190054,1,5,-0.4922326563161118,2
190060,1,5,0.09445723904504698,4
190064,1,5,-0.011855634871314621,4
190065,1,5,0.23209195261547888,4
190079,0,3,0.8835833882433374,NA
190081,1,4,-1.2215550034709628,1
190086,1,5,0.05983069655640885,4
190088,1,3,0.7189972683793412,5
190090,1,3,-0.8491464161348877,1
190098,1,5,-1.589723697937393,1
190099,1,4,-0.2182460559138831,2
190102,1,5,-0.27718830975049996,3
190106,1,3,-0.6651217638793236,2
190111,1,5,0.15930897936330052,4
190114,1,4,0.260242446174217,3
190116,1,4,-0.05528487994573758,2
190118,1,3,-0.000951697285437092,3
190125,1,5,-0.03541328945735736,4
190128,1,4,0.5234573843264112,4
190133,0,2,0.023885973166847346,NA
190140,1,4,0.18939947761562045,3
190144,1,5,-0.11266405638237834,3
190145,1,3,-0.5368814916209731,2
190146,1,5,0.1513923554992228,4
190151,1,3,-0.06075814716861918,3
190160,1,5,-0.7254122662968987,2
190164,1,5,-0.0656507412102168,3
190167,1,5,0.912140701230473,5
190176,1,5,-0.3646502154893994,3
190183,1,5,0.20488800095654333,4
190184,1,4,0.537414563142034,4
190190,1,3,0.9946662484125648,5
190201,1,5,0.19536908075970086,4
190202,1,5,0.1524516998923253,4
190204,1,5,0.2545416785254732,4
190208,1,3,-0.3658645767653693,2
190218,1,3,-0.0399016429339312,3
190241,0,3,0.5193842767405215,NA
190245,0,2,-0.34024458262483076,NA
190251,0,2,1.3565335337045492,NA
190255,0,2,0.6684106452974568,NA
190256,0,1,0.13630654542287596,NA
190259,0,2,0.723815619932142,NA
190263,1,4,0.2510702735993594,3
190266,0,1,0.5266239875482803,NA
190267,0,3,0.9143750515920489,NA
190270,0,2,-0.8282384647596522,NA
190274,1,5,-0.20057972602575383,3
190278,0,2,1.373375475780809,NA
190298,0,3,0.6292397024213523,NA
190303,0,3,-0.46468726063894417,NA
190307,0,0,1.9743909971784828,NA
190308,1,4,0.14552631527180288,3
190312,1,4,0.3512757607709878,3
190313,0,3,0.020174277058816113,NA
191300,0,1,1.172353423140059,NA
191301,0,1,-0.3706566018473769,NA
191302,0,1,-0.13566818368950503,NA
191303,0,1,1.3926992719389821,NA
191304,1,3,0.7335704828157119,5
191305,0,2,-0.3207398840666808,NA
191306,0,1,-0.4078599602735114,NA
191309,0,0,1.2927151596782707,NA
191310,1,3,0.29133640848578346,4
191312,0,2,0.5111991874831158,NA
191313,1,3,-1.0601176782316568,1
191315,1,3,-0.7697824205657715,1
191316,0,1,0.9028153741587788,NA
191317,0,2,-0.9911890886369177,NA
191318,0,2,0.14882042749287283,NA
191320,0,0,-0.7527765152103609,NA
191321,0,2,0.40948196106423523,NA
191322,1,3,0.540945998923137,4
191323,1,3,0.7584945089824532,5
191324,1,4,0.7063953056512621,4
191325,1,3,-0.18125914043613744,3
191326,0,1,0.7273051221864355,NA
200001,1,5,-0.16890840029287255,3
200008,1,5,-0.01413807880777327,4
200009,1,5,0.2894703648379715,4
200018,1,5,-0.29010198403057225,3
200019,1,5,-0.23419800111358982,3
200020,1,5,0.14321314867140816,4
200021,1,5,0.22147747558996125,4
200024,1,5,-0.08701967766740663,3
200031,1,5,0.11107418145031561,4
200033,1,5,-0.7049628394306517,2
200034,1,5,-0.1792347774551264,3
200037,1,4,0.5588286360621246,4
200039,1,5,0.01597782428351835,4
200041,1,5,-0.1197437169596896,3
200050,1,5,0.025440522769894326,4
200052,1,4,-0.16855003498495744,2
200063,1,5,-0.021212971558175864,4
201300,1,3,0.5437441382906679,4
201301,0,1,1.1589943763657322,NA
201302,1,4,0.46793806435397717,4
201303,1,3,-0.12151817475930181,3
201304,1,4,0.23174428354781404,3
201305,1,3,0.021349703411434176,3
201306,1,4,-0.23981848322471322,2
201307,1,3,0.46324399393912574,4
201308,1,4,0.3409146205361308,3
201309,1,4,-0.015536459686790788,3
201310,1,4,0.044988511799067016,3
201311,1,4,0.36789895924068283,3
201312,1,5,0.17833750745511628,4
201313,1,4,-0.320996216420571,2
201314,1,4,1.1298850023685034,5
201315,1,4,0.5404517855978599,4
210001,1,5,-0.34277593681405893,3
210002,1,5,-0.48323748787067244,2
210003,1,5,-1.0470453212325963,1
210004,1,5,-0.707956191657908,2
210005,1,5,-0.08304160410916746,3
210006,1,5,-0.6745839632856783,2
210008,1,5,0.4027583626712767,5
210009,1,5,0.04276335659767454,4
210011,1,5,-0.5800842939038929,2
210012,1,5,-0.5334906969385363,2
210013,1,4,-0.6162126416398054,2
210015,1,5,-0.7699222499383447,2
210016,1,5,-0.2937882706039226,3
210017,1,5,0.21805185197238958,4
210018,1,5,-0.051046280104969186,3
210019,1,5,0.14762896509229828,4
210022,1,5,-0.034869178630493214,4
210023,1,5,0.01140948166720264,4
210024,1,5,0.2600243429974154,4
210027,1,5,-0.41171096693704323,2
210028,1,5,0.14151850965984955,4
210029,1,5,-0.3730222279594172,3
210030,1,4,0.2406591868217562,3
210032,1,5,-0.45909273825013486,2
210033,1,5,-0.6337482800986022,2
210034,1,5,-0.44592657723371387,2
210035,1,5,-0.4645134278080461,2
210037,1,5,-0.18975375436244368,3
210038,1,5,-0.120522214408631,3
210039,1,5,0.11606596230825617,4
210040,1,5,-0.38601285969613486,3
210043,1,5,-0.5686858920569585,2
210044,1,5,-0.29825604593776006,3
210045,1,3,0.13577628958699442,3
210048,1,5,0.4414730692428313,5
210049,1,5,-0.47688736912293594,2
210051,1,5,-0.4144227121266772,2
210055,1,3,-0.8239821055948587,1
210056,1,5,-0.28245133035983644,3
210057,1,5,-0.20281660247155672,3
210058,0,0,0.05484898000462056,NA
210060,1,5,-0.5034738632768482,2
210061,1,5,0.09873053460857442,4
210062,1,5,-0.7810198257808141,2
210063,1,5,0.9570857764556225,5
210064,0,0,0.6671497754579829,NA
210065,1,5,-0.34770783570733854,3
220001,1,5,-0.08843471370368923,3
220002,1,5,0.39942072083824676,5
220008,1,5,-0.38593722949615983,3
220010,1,5,-0.3018765627381112,3
220011,1,5,0.18073904067343785,4
220012,1,5,-0.2482891044094893,3
220015,1,5,0.2689560439924583,4
220016,1,5,-0.028058243207700423,4
220017,1,5,-0.34827245932567585,3
220019,1,5,-0.46880461203306956,2
220020,1,5,0.1780607295721462,4
220024,1,5,0.11403276458687747,4
220029,1,5,-0.2333706812811551,3
220030,1,5,0.431567395266182,5
220031,1,5,-0.4805038646819307,2
220033,1,5,-0.09136069474145388,3
220035,1,5,0.2536876300146821,4
220036,1,5,-0.505463213074736,2
220046,1,5,-0.026394872684122835,4
220049,1,5,-0.03249885133282697,4
220052,1,5,-0.05565503535657873,3
220060,1,5,0.4015072609554059,5
220062,0,0,-0.687276281757575,NA
220063,1,5,-0.27619040361888064,3
220065,1,5,0.11109335927178557,4
220066,1,5,-0.16053633263485353,3
220070,1,5,-0.5043517750519699,2
220071,1,5,0.6338895344961805,5
220073,1,5,-0.7013920968899026,2
220074,1,5,-0.47490637849778305,2
220075,0,2,0.20149020299168188,NA
220077,1,5,-0.368966854694739,3
220080,1,5,-0.5452024595905549,2
220083,1,5,0.5082964492536038,5
220084,1,5,0.6465493921411778,5
220086,1,5,-0.12212324941739713,3
220088,1,4,1.6141598741303038,5
220090,1,5,0.42910964800633045,5
220095,1,5,0.12284021347111204,4
220098,1,5,0.2262072716709733,4
220100,1,5,0.0850409684694221,4
220101,1,5,0.7361235626308236,5
220105,1,5,0.7535503022811748,5
220108,1,5,0.11963965996307879,4
220110,1,5,0.31022781060921045,4
220111,1,5,-0.32355011655044624,3
220116,1,5,0.23786530554399365,4
220119,1,5,0.18386610184461696,4
220126,1,5,-0.20690338171598616,3
220135,1,5,0.12071583469206248,4
220163,1,5,-0.4123420308487841,2
220171,1,5,0.41381820170831596,5
220175,1,5,-0.6963574243367613,2
220176,1,5,-0.3471270676433557,3
220177,0,2,-0.33750019014382554,NA
221300,1,4,0.8644956973253579,4
221302,1,4,0.9115380347150683,5
221303,1,3,-1.4127988512918077,1
230002,1,5,-0.2933275322536334,3
230003,1,5,0.8695726654101453,5
230005,1,5,0.4361637897713771,5
230013,0,0,-0.724027428304912,NA
230015,1,4,0.2772872522289828,3
230017,1,5,0.27038201844939,4
230019,1,5,0.14465168361001723,4
230020,1,5,-0.20362806347109758,3
230021,1,5,0.16757002238301977,4
230022,1,5,-0.168627211099123,3
230024,1,5,-0.9574668992342837,1
230029,1,5,0.068414341557053,4
230030,1,5,-0.4676536372742309,2
230031,1,5,0.6604446325237853,5
230035,1,5,0.38337339471376003,5
230036,1,5,0.13694343585588017,4
230037,1,5,-0.18830864730633368,3
230038,1,5,0.0024388370544164498,4
230041,1,5,-0.2387753420926506,3
230046,1,5,0.5133006307661102,5
230047,1,5,-0.1848161099730286,3
230053,1,5,-0.2629849682692711,3
230054,1,5,-0.3079189791679392,3
230055,1,5,0.1982228144932782,4
230058,1,5,0.3100920675175887,4
230059,1,5,0.3030855148425837,4
230066,1,5,0.5517434288994685,5
230069,1,5,0.6205367745654906,5
230070,1,5,-0.060397624356210364,3
230071,0,0,-2.0328399076277357,NA
230072,1,5,0.5996732114703669,5
230075,1,5,-0.17604510485811276,3
230077,1,5,-0.5338918986876215,2
230078,0,2,-0.23880912888981826,NA
230080,1,5,0.7846227865400299,5
230081,1,5,0.5737629176241645,5
230085,1,3,-0.09938413953685545,3
230089,1,5,0.22021171063642733,4
230092,1,5,0.2560587104277126,4
230093,1,4,0.3082638321992063,3
230095,1,5,0.11835465021454147,4
230096,1,3,-0.005907820767137459,3
230097,1,5,0.5510458693189041,5
230099,1,5,-0.3216408565367853,3
230100,1,5,0.08119233377387883,4
230104,1,5,-0.629771611655064,2
230105,1,5,0.7898481777817227,5
230108,1,5,-0.09998520783659122,3
230110,1,5,-0.014344376274492102,4
230117,1,5,-0.06920092757627058,3
230118,1,5,0.5329002301538616,5
230121,1,5,0.4141620446776815,5
230130,1,5,0.008813951237982565,4
230132,1,5,-0.8291221645374436,2
230133,1,5,0.6191406129649035,5
230141,1,5,-0.48017768830581253,2
230142,1,5,-0.6345760950286249,2
230144,0,1,0.29638748295798584,NA
230146,1,5,-0.5920306184577199,2
230151,1,5,-0.07441783865103319,3
230156,1,5,0.6364855335877613,5
230165,1,5,-0.4176860379129842,2
230167,1,5,-0.2171172949170721,3
230174,1,5,0.6336461016491204,5
230176,1,5,0.10608329528632984,4
230180,1,4,0.09020193719369492,3
230193,1,5,0.06574340731702544,4
230195,1,5,-0.8773173269720825,1
230197,1,5,-0.32919167669053684,3
230207,1,5,-0.4362710565163749,2
230208,1,4,0.05896045164066552,3
230216,1,5,-0.09055962868419874,3
230217,1,5,0.5418255491264253,5
230222,1,5,0.09169294765336977,4
230227,1,5,-0.28609095208654856,3
230230,1,5,-0.17284657667342565,3
230236,1,5,0.22067031991227123,4
230239,1,5,-0.4243768586719657,2
230241,1,4,0.01199718821505985,3
230244,1,5,-0.6912382127384591,2
230254,1,5,0.036552224916148304,4
230259,1,5,1.1840185644131147,5
230264,0,0,0.01151252666586458,NA
230269,1,5,0.5569216366799984,5
230270,1,5,-0.681577674310851,2
230273,1,5,-1.14328762072002,1
230275,0,0,0.10103181191256647,NA
230277,1,5,0.12904161612667975,4
230279,0,0,1.7238614492260873,NA
230297,1,4,0.15452223592536474,3
230301,0,2,-0.14190198939464793,NA
230302,1,5,0.03084656009406313,4
230303,1,5,-0.10300349752919889,3
231300,0,1,1.1650599328667544,NA
231301,0,2,0.8168853144668828,NA
231303,0,3,0.4899046892490177,NA
231304,0,2,0.6172983325086865,NA
231305,1,4,1.2771032345986169,5
231306,1,3,0.6842428800992626,4
231307,1,3,-0.7056989652414277,2
231308,0,1,0.278621483572427,NA
231309,0,2,0.5168179958073892,NA
231310,0,3,1.1825524092429442,NA
231311,0,1,-1.03792642281462,NA
231312,0,1,-0.20580443411929078,NA
231313,0,2,-0.18965995415588982,NA
231314,0,2,0.32546340914769,NA
231315,0,2,1.209327418333428,NA
231316,1,4,0.6176672596950128,4
231317,0,1,-0.15757388656936927,NA
231318,1,4,0.5633953138800765,4
231319,1,4,0.3469110418101433,3
231320,0,2,0.474899479511827,NA
231321,1,4,0.6005376751000665,4
231322,0,3,-0.035757046187869575,NA
231323,1,3,0.3008906309158873,4
231324,0,3,0.7925415599551637,NA
231325,1,4,0.2804410758931229,3
231326,1,4,-1.6146188303911424,1
231327,1,4,0.7720717265058554,4
231328,1,4,0.42036422948400093,3
231329,0,1,0.24064325950912485,NA
231330,0,2,0.4503923294934621,NA
231331,1,4,0.6500741811588652,4
231332,1,4,0.1672992369113866,3
231333,1,4,0.02710682568142931,3
231334,0,1,1.3500458841405687,NA
231337,1,4,0.8750473659637239,4
231338,1,4,0.8238530493408018,4
231339,0,1,0.3398906787889141,NA
240001,1,5,0.06521623889122652,4
240002,1,5,0.3376777852091683,4
240004,1,5,-0.4094543281208273,2
240006,1,4,0.630925268555258,4
240010,1,5,0.8309699447013098,5
240014,1,4,0.6212083215461122,4
240018,1,5,0.47481043961219493,5
240019,1,3,0.23364550434382128,3
240020,1,5,0.2183518114612071,4
240022,1,4,0.29524493108295013,3
240030,1,5,0.3530825250088151,5
240036,1,5,0.2776972916490678,4
240038,1,5,0.10559275521148268,4
240040,1,5,-0.48346724409630687,2
240043,1,5,-0.0810752398554013,3
240044,1,5,0.416715053571089,5
240047,1,5,-0.22587637200796157,3
240050,1,5,0.5626006714482675,5
240052,1,5,-0.07854600260207684,3
240053,1,5,0.5030071886917094,5
240056,1,5,0.2606639521030541,4
240057,1,5,0.30229382923724013,4
240059,1,4,0.7427020893829429,4
240063,1,5,-0.14022620652913265,3
240064,1,5,0.059982608607420086,4
240066,1,5,0.6721568059827114,5
240069,1,5,0.6583543689233147,5
240071,1,4,0.8286216791566221,4
240075,1,5,0.2617135797336151,4
240076,1,5,0.7201435938538707,5
240078,1,5,0.13559269326128437,4
240080,1,5,-0.43229779393649037,2
240084,1,5,-0.3317746448412102,3
240088,1,5,-0.16502091336573552,3
240093,1,5,0.08583965607454566,4
240100,1,5,-0.013993139128770059,4
240101,1,5,0.14795098932185347,4
240104,1,5,0.20269479859363648,4
240106,1,5,-0.03715631068590013,4
240115,1,5,0.3843554047649493,5
240141,1,5,0.31113003261347577,4
240166,1,5,0.21543779433468968,4
240187,1,4,0.6687445076072501,4
240206,0,1,-0.27474182769965216,NA
240207,1,5,0.35783046865049795,5
240210,1,5,0.1929891426343882,4
240213,1,5,0.8602133591690113,5
240214,1,5,0.7878484982238833,5
241300,0,0,1.2705488939647596,NA
241301,0,1,1.703018776150243,NA
241302,0,1,0.9767271677817799,NA
241303,0,1,0.4352679944283289,NA
241304,0,1,0.7774152124366454,NA
241305,1,4,-0.0004142516839127988,3
241306,0,1,0.4815692220772258,NA
241308,0,0,0.42217495986889475,NA
241309,0,1,-0.22139371631932359,NA
241311,0,1,-0.24420080567019398,NA
241312,0,2,0.7080845985118185,NA
241313,0,1,1.800976434458823,NA
241314,0,1,-1.0821426581226674,NA
241315,0,2,0.3912039809087786,NA
241316,0,1,0.2955454335804713,NA
241317,0,0,-0.5756164935372887,NA
241318,0,2,0.542974210759552,NA
241319,0,2,1.0484146961782523,NA
241320,0,3,0.758465956786984,NA
241321,0,1,1.3607009344002565,NA
241322,0,2,0.38843268656514884,NA
241323,0,1,0.18552585339386862,NA
241325,0,3,0.4453262751870633,NA
241326,0,2,0.5177759059828794,NA
241327,0,2,0.005967678666873033,NA
241328,0,1,0.5542050798296507,NA
241329,0,3,0.908252607655853,NA
241330,0,3,0.29000017999409655,NA
241332,0,3,0.8710152626535446,NA
241333,0,1,0.8306094194723519,NA
241334,0,3,0.45083523070123666,NA
241335,0,2,0.5341243570838772,NA
241336,0,1,0.6468695284897623,NA
241337,0,1,0.42968874881275254,NA
241338,0,1,0.08670132092574959,NA
241339,0,0,0.7026341521769575,NA
241340,0,1,1.0957698306469201,NA
241341,0,1,0.48837866712795597,NA
241342,0,2,0.5680299200701842,NA
241343,0,2,0.49460861782440113,NA
241344,0,3,0.7955306158188933,NA
241345,0,1,0.26502794454426826,NA
241346,0,1,0.10195642468425958,NA
241347,0,1,0.7833904786999942,NA
241348,0,1,1.708010743670417,NA
241349,0,2,0.5666318916993488,NA
241350,0,1,0.15134856899606758,NA
241351,0,3,0.6229062981068898,NA
241352,0,1,0.6905023666000696,NA
241353,0,3,1.3125348082344048,NA
241354,0,3,1.3494373691214028,NA
241355,0,3,0.7756269871588387,NA
241356,0,3,0.3568170290849848,NA
241357,0,1,-0.2511663921674554,NA
241358,0,0,2.4085452491052455,NA
241359,1,4,0.16985083837403545,3
241360,0,1,-0.8991943070744319,NA
241361,0,3,0.9384158268302921,NA
241362,0,3,1.2771783143868065,NA
241363,0,3,0.7102481980194082,NA
241364,1,4,0.1339262951265434,3
241365,0,1,1.1625431297720388,NA
241366,0,3,1.082470467809798,NA
241367,1,4,0.5323397668368487,4
241368,0,2,0.7742376093400427,NA
241369,0,2,0.7610461565960512,NA
241370,0,3,0.9668114855572139,NA
241371,0,2,0.39821369954319086,NA
241372,0,1,0.04386566865856584,NA
241373,0,3,0.8888834298018896,NA
241374,0,2,0.890071288326227,NA
241375,0,1,1.3893648733225212,NA
241376,0,3,-0.6501974912554137,NA
241377,1,3,-0.376756846705458,2
241378,1,4,0.35538665763824207,3
241379,0,1,-0.06487914746588161,NA
241380,1,4,-0.04478687643211708,2
241381,0,3,0.4276609964207806,NA
250001,1,5,-0.9399475073068965,1
250002,1,3,0.5914830338481664,4
250004,1,5,0.03757647046904315,4
250006,1,5,0.46274766330546535,5
250007,1,5,-0.9001282908968173,1
250009,1,5,-0.6673173445466588,2
250012,1,3,-0.38787328408138416,2
250017,0,0,0.5177265243453681,NA
250018,0,0,-0.0815371991180614,NA
250019,1,5,-0.9086832374146361,1
250020,1,4,0.6017865972430799,4
250025,1,5,-0.20557435719495581,3
250027,0,2,-0.7744441031914154,NA
250031,1,5,-0.729952411288369,2
250034,1,5,-0.17433950355130673,3
250036,1,4,-0.7330671955473463,1
250038,1,4,0.1526520300203271,3
250040,1,5,-0.47571704889021865,2
250042,1,4,-0.06005936079300753,2
250043,1,4,-0.4099420240608108,2
250044,1,4,0.9569102995808878,5
250048,1,5,-0.3870423029335611,3
250049,0,2,-1.0746132532250057,NA
250050,1,5,-0.686317531694312,2
250057,1,5,-0.47677704770537993,2
250058,1,5,-0.4334246419974078,2
250060,0,1,-1.056786574641209,NA
250061,0,2,-0.6044564512209529,NA
250067,1,4,-0.3791723793225614,2
250069,1,5,-0.5957568554349025,2
250072,1,5,-0.6648798237958342,2
250077,1,4,-0.4003621377245395,2
250078,1,5,-1.2569142716549004,1
250081,0,0,1.8522173223292862,NA
250082,1,5,-0.8091998272409853,2
250084,1,5,-0.1534303001547143,3
250085,1,4,-0.3552697941242202,2
250093,1,5,-0.301304962387378,3
250094,1,5,-0.33594632090157894,3
250095,1,4,-0.12047480974536907,2
250096,1,4,-0.6915093021763942,1
250097,1,5,-0.7610639502510476,2
250099,1,5,-0.5205471522010848,2
250100,1,5,-0.33471858478270555,3
250102,1,5,0.09840221388589723,4
250104,1,5,-0.5569157392232081,2
250117,1,5,-0.7626916176406531,2
250123,1,5,-0.09819529849925357,3
250124,1,3,-0.4710929351630676,2
250127,0,1,0.10103300164317941,NA
250128,1,3,-0.21277967513229556,2
250134,0,0,-1.636102988568765,NA
250136,0,1,0.40333865616546116,NA
250138,1,5,-0.16015462663857327,3
250141,1,5,-1.2203092555429509,1
250151,0,0,1.1275268875816362,NA
250162,1,4,0.6963775781703813,4
250167,1,4,0.472177650182648,4
250168,1,5,-0.20228266498965616,3
251300,0,2,-0.39159635135270054,NA
251302,0,1,0.7182752276743521,NA
251304,0,2,-1.0803240800666338,NA
251305,0,2,0.10757961078417008,NA
251308,0,2,0.28519354017265086,NA
251309,0,2,-0.04962048528910973,NA
251312,0,2,-0.11907991267303392,NA
251313,1,3,0.0740857732940487,3
251315,1,3,0.5239157026419282,4
251316,0,2,0.14926255551401463,NA
251317,0,2,-0.7155606255798937,NA
251318,0,2,-0.18074426419647083,NA
251319,0,2,-0.21340313037082087,NA
251320,0,2,0.7808750367446866,NA
251322,0,2,0.9665693554129539,NA
251323,0,2,0.422758969971226,NA
251324,0,2,-0.04457405622002,NA
251325,1,3,0.4454007505213969,4
251326,0,1,-0.5825069753380163,NA
251327,1,3,-0.08841114355752822,3
251329,0,0,0.3892938364848461,NA
251330,0,2,0.44806825456063093,NA
251331,0,2,0.7522824395454264,NA
251333,0,0,-0.14978327286458348,NA
251334,0,0,-0.03425713413805138,NA
251335,0,1,0.22268119132307,NA
251336,1,3,-0.27826000357450176,2
251337,1,3,0.8038776915055563,5
260001,1,5,-0.2933417952803613,3
260004,1,4,0.13449306963216026,3
260005,1,5,-0.2583237538123444,3
260006,1,5,0.2048567217228203,4
260009,1,5,-0.2780585648175148,3
260011,1,5,-0.0729721575566711,3
260017,1,5,-0.2286033420586804,3
260020,1,5,0.6740871641408166,5
260022,1,5,0.04950626804983538,4
260023,1,5,0.00862563786717386,4
260024,1,4,-1.4657794840158527,1
260025,1,5,-0.6140793522319794,2
260027,1,5,-0.4511500978940493,2
260032,1,5,-0.2416670685075452,3
260034,1,3,0.5670130111451129,4
260040,1,5,-0.9120295933490161,1
260047,1,5,0.17845915244757762,4
260048,1,5,-0.7544666743550565,2
260050,1,5,-0.13284804338142867,3
260052,1,5,0.04264027875814131,4
260057,1,5,-0.5802773331942296,2
260059,1,5,0.004420483621030022,4
260061,1,4,0.4336582048246535,4
260062,1,5,-0.11374510138078299,3
260064,1,4,-0.1423890568146926,2
260065,1,5,0.1994735044825372,4
260068,1,5,0.3970357358719127,5
260070,1,4,-0.27137482799811063,2
260074,1,5,-0.13950471252010857,3
260077,1,5,-0.2673187465514873,3
260078,1,5,-0.3295281639475922,3
260081,1,5,-0.009547592770187283,4
260085,1,5,0.5844839322498695,5
260091,1,5,0.06824718372414709,4
260094,1,5,0.041173948736528465,4
260095,1,5,-0.39317855330563867,3
260096,1,5,0.09021244817990386,4
260097,1,5,0.11730140250498507,4
260102,1,4,0.3847340620643624,3
260104,1,5,-0.796908370355353,2
260105,1,5,-1.2251323480064837,1
260108,1,5,0.405593357296089,5
260110,1,5,-0.214282377394582,3
260113,1,5,0.33431451839023707,4
260119,1,5,-1.250006620366871,1
260137,1,5,-0.8546748974844633,2
260138,1,5,0.05545757998962318,4
260141,1,5,-0.1485373873020705,3
260142,1,4,0.11923397210961494,3
260160,1,4,-0.07548738620527055,2
260162,1,4,0.5656386912497623,4
260163,1,5,-0.05625191067480067,3
260175,1,5,0.014963433812770984,4
260176,1,5,-0.42204720270691026,2
260177,1,5,-0.40507811845030545,3
260179,1,5,0.5790950425818653,5
260180,1,5,-0.49110130441537725,2
260183,1,5,0.0572330371861583,4
260186,1,5,-0.1501411405687882,3
260190,1,5,0.13980666837346473,4
260191,1,5,0.0069717229065091035,4
260193,1,5,0.21435625402398378,4
260195,1,5,-0.13091613197085356,3
260200,1,5,0.19312534643147122,4
260209,0,1,0.14200547719788653,NA
260210,0,3,-0.7772816238286601,NA
260214,1,5,-0.015278899756925604,4
260216,1,5,0.5130732210540736,5
260219,1,5,0.0867844989309362,4
261301,0,0,0.641821573683192,NA
261302,0,2,0.44029601433587273,NA
261303,0,2,0.23347393778193606,NA
261305,0,2,-0.7657391102661069,NA
261306,0,2,0.3212371970200508,NA
261307,0,1,0.8366889228048653,NA
261308,1,4,0.3275474597274738,3
261309,1,3,1.2280459274151299,5
261310,0,2,0.37367090920401946,NA
261311,1,4,-1.2100108729265928,1
261312,0,2,0.4484044537893823,NA
261313,0,2,-0.9802882391156412,NA
261314,1,3,0.6173449463161101,4
261316,0,3,0.4474006914667225,NA
261317,0,2,0.009458366706556483,NA
261318,1,4,0.035982183148172836,3
261319,1,4,0.5286709307587253,4
261320,1,4,0.8034609397302598,4
261321,1,4,0.4524402725973481,4
261322,0,2,0.8112704248590783,NA
261323,0,2,-0.09955125763963155,NA
261324,1,4,0.39456701854120446,3
261325,0,3,0.3379823942769729,NA
261327,1,3,0.6819084201614352,4
261328,0,1,0.15679861970267553,NA
261329,1,4,0.5716045074247135,4
261330,1,4,0.5909009949809995,4
261331,1,4,-0.47107251253005744,2
261332,0,2,0.527208198770111,NA
261333,1,3,0.33709051954933605,4
261335,0,2,-0.014667207573704377,NA
261336,0,2,0.7150696297394858,NA
261337,1,4,0.7131922581674888,4
261338,1,4,0.7766856927445375,4
270003,1,5,0.05890176157028156,4
270004,1,5,0.24930549998482937,4
270012,1,5,0.09180657968693542,4
270014,1,5,0.45550490717284037,5
270017,1,5,-0.0727820623181186,3
270023,1,5,-0.14299888674951078,3
270032,1,5,0.04494629708936153,4
270049,1,5,0.26934763194307915,4
270051,1,5,0.12007297682269984,4
270057,1,5,0.5097539496609317,5
270074,0,1,0.5398202136080068,NA
270086,1,4,0.947620738601624,5
270087,0,3,0.6291319333108476,NA
271300,0,0,0.8111770393571786,NA
271301,0,1,0.35128305097468215,NA
271302,0,0,1.7803053598573217,NA
271304,0,0,1.2176164474226248,NA
271305,0,1,0.20432401091984478,NA
271306,0,1,0.06997333333655559,NA
271307,0,1,1.3268208709534945,NA
271308,0,1,1.8245019662553275,NA
271309,0,1,1.474154390761702,NA
271311,0,0,1.9497973790734116,NA
271312,0,0,0.8545529724113041,NA
271313,0,0,-0.2561163137951359,NA
271314,0,2,0.24576177268023075,NA
271316,1,3,-0.43211456554725663,2
271317,1,4,0.4333297110591582,4
271318,0,3,0.6865238483105468,NA
271319,0,2,0.9255926893857022,NA
271320,1,4,0.0149359310495655,3
271321,0,0,0.2919372599250226,NA
271322,0,1,-0.3739038510878432,NA
271323,0,3,0.6419453651769667,NA
271324,0,1,0.7580107158031406,NA
271325,1,4,0.7533327226301242,4
271326,0,2,-0.37655801315071524,NA
271327,0,1,-0.8774115685646893,NA
271328,0,1,0.500748822523949,NA
271329,0,0,0.47700498334319774,NA
271330,0,1,-0.09193858731195992,NA
271331,0,0,0.03253408844943348,NA
271332,0,2,-0.5191015132523393,NA
271333,0,0,-0.6012726249000276,NA
271334,0,1,1.5812696072306396,NA
271335,1,4,0.5308023315366495,4
271336,1,4,0.6754565345761493,4
271337,0,1,0.36269769803961005,NA
271338,0,2,-0.7762578127528886,NA
271339,0,0,0.03253408844943348,NA
271340,1,4,0.28363680976534245,3
271341,0,1,0.7469783686204363,NA
271342,0,0,0.6724476050994372,NA
271343,0,3,0.683608165967253,NA
271344,1,5,0.3757425568753759,5
271345,1,3,0.7319107128472166,5
271346,0,1,-0.10332982790802314,NA
271347,1,4,0.13198733669637644,3
271389,0,1,1.2991875310472327,NA
280003,1,5,0.35114443340820767,5
280009,1,5,0.4559621909670463,5
280013,1,5,-0.2529614433412058,3
280020,1,5,-0.3572750820784874,3
280023,1,5,-0.3670008091299207,3
280032,1,5,0.669711655858824,5
280040,1,5,0.48801981337486117,5
280060,1,5,0.16325814639026281,4
280061,1,5,-0.5923531056877066,2
280065,1,5,0.002552445599234357,4
280077,1,5,0.2706090495559579,4
280081,1,5,0.20857113924427917,4
280105,1,4,0.661440020489834,4
280111,1,5,0.2882056582563035,4
280125,1,5,0.11917171492175824,4
280127,0,2,1.258839073641942,NA
280128,1,3,-0.041955960038412496,3
280129,0,3,2.265371757199724,NA
280130,1,5,0.3155742671136013,4
280131,0,2,1.113514919277346,NA
280132,1,5,0.18884601154610403,4
280133,0,1,1.6017046699521686,NA
280134,1,5,-0.11133290304070215,3
281300,0,1,0.019361513934918972,NA
281301,0,2,0.48744399852065073,NA
281302,0,2,0.4752600390897503,NA
281303,0,0,1.5146947001546043,NA
281304,0,2,-0.21815436631179203,NA
281305,0,1,0.7487927544995568,NA
281306,0,2,0.24696028569840037,NA
281307,0,2,1.186285425526829,NA
281308,0,2,-0.24215146955898847,NA
281309,0,2,0.48350993718881863,NA
281310,0,0,-0.2678787433319815,NA
281311,0,0,1.727372913315187,NA
281312,0,0,0.8159608874081643,NA
281313,0,2,0.6847747001466555,NA
281314,0,2,0.5145798390635413,NA
281315,1,4,0.47877627154375746,4
281316,0,1,0.92700229707948,NA
281318,0,2,1.005920983464466,NA
281319,0,2,0.07832273652862198,NA
281320,0,2,0.2091934052125396,NA
281321,0,2,0.5790080717217264,NA
281322,0,2,-0.7746413373156072,NA
281323,0,1,0.07049985542050358,NA
281324,0,2,0.5380551274870777,NA
281325,0,0,0.798547292769745,NA
281326,0,1,-0.5753838456335247,NA
281327,0,2,-0.3167269351341585,NA
281328,0,2,0.15898750173560894,NA
281329,1,4,-0.7163743848640843,1
281330,0,0,1.9850856767681682,NA
281331,0,2,0.7758134886310569,NA
281332,0,2,0.2464956213667402,NA
281333,0,0,0.18310538934103693,NA
281334,1,4,0.8632992219722788,4
281335,0,2,0.9509009631544091,NA
281336,1,4,0.2990402966570634,3
281338,0,2,0.8897136063712062,NA
281339,1,3,0.33588807199167137,4
281340,0,1,-0.7533246614580087,NA
281341,1,3,0.5595395652676407,4
281342,1,3,0.13444449136935163,3
281343,0,2,-0.07333434679710597,NA
281344,0,2,-0.5412979651385126,NA
281345,0,2,-0.5460911973908358,NA
281346,0,2,0.28292180714160897,NA
281347,0,2,0.3226254851500705,NA
281348,0,1,0.7663350479641022,NA
281349,1,3,0.6589628874633713,4
281350,0,2,-0.30376284129815234,NA
281351,0,1,-0.44389468497631557,NA
281352,1,4,0.7795071388674413,4
281353,0,2,0.3350074242812394,NA
281354,0,2,-0.7167424795997837,NA
281355,1,3,-0.32345295361585047,2
281356,0,2,0.4609109209780906,NA
281357,0,2,-0.03265392700620841,NA
281358,0,2,-0.22674302779741698,NA
281359,0,1,1.1610944620030863,NA
281360,1,4,0.786208596010928,4
281361,0,2,0.3462723395111056,NA
281362,1,4,0.7579833152205431,4
281363,1,4,-0.3412135216375278,2
281364,1,4,-0.666645862584311,2
281365,1,3,0.5300575103925586,4
290001,1,5,-0.6734523307470973,2
290003,1,5,-1.5174382677324487,1
290005,1,5,-0.7026689000182702,2
290007,1,5,-1.1007246707853844,1
290008,1,5,-0.8228255009191493,2
290009,1,5,-0.1918906638333825,3
290012,1,4,0.10687936809824414,3
290019,1,5,-0.5387342724771881,2
290021,1,5,-0.924051783090962,1
290022,1,5,-0.7310603338114664,2
290032,1,5,0.2584158842681429,4
290039,1,5,-0.17263444322943422,3
290041,1,5,-0.5227696025136143,2
290045,1,5,-0.9691438673232127,1
290046,1,5,-1.1191859288367583,1
290047,1,5,-0.2950578666417339,3
290049,1,5,0.2650743606567945,4
290053,1,5,-0.37639874490513114,3
290054,1,5,-0.8049489202796137,2
290056,0,2,-1.0308926708409454,NA
290057,1,5,-0.5895551703278873,2
290058,0,1,-0.34220452558585657,NA
291300,0,2,-0.7959376390030011,NA
291301,0,1,1.076955475557025,NA
291302,0,2,-0.3892011145739704,NA
291304,0,1,1.6340248390880707,NA
291306,1,4,0.2142821872619029,3
291307,1,4,-0.28576264633467385,2
291308,1,4,-0.3131456797030937,2
291309,0,2,-1.5270489069911035,NA
291311,1,4,0.24567971266713728,3
291312,0,1,1.0798653842847064,NA
291313,1,4,0.12450390953795762,3
291314,0,1,-0.5959065390614373,NA
300001,1,5,0.35777624530911317,5
300003,1,5,0.05098918278535765,4
300005,1,5,-0.034148331894780566,4
300011,1,5,-0.18540155054962137,3
300012,1,5,-0.007206664543556882,4
300014,1,5,0.06809953976922445,4
300017,1,5,-0.05076363437114469,3
300018,1,5,0.3494884181543118,5
300019,1,5,-0.5729658797959818,2
300020,1,5,0.09209299159726364,4
300023,1,5,0.30807081406347936,4
300029,1,5,0.08254650782214928,4
300034,1,5,0.0683537608253832,4
301300,1,3,-0.07297726428282655,3
301301,1,4,0.09455594551198232,3
301302,1,4,-0.3023786610884326,2
301303,1,3,-0.3646851384812494,2
301304,1,4,0.20145766070261667,3
301305,1,4,1.071114635537862,5
301306,1,3,0.11067749884357894,3
301307,1,4,-0.2445726762427756,2
301308,1,3,0.2641601488585651,4
301309,1,4,0.16120115044587466,3
301310,1,4,0.1257850142897404,3
301311,1,5,-0.04389093679014523,3
301312,1,5,0.11903232420307007,4
310001,1,5,-0.16475340168952474,3
310002,1,5,-0.8098027465168974,2
310003,1,5,-0.534704122874686,2
310005,1,5,0.10575657470122839,4
310006,1,5,-0.17355181740552378,3
310008,1,5,-0.5991983950989587,2
310009,1,5,-0.1917440892729841,3
310010,1,5,0.012793061655208635,4
310011,1,5,-0.35952310254624864,3
310012,1,5,-0.0033936383840461205,4
310014,1,5,-0.703106942206358,2
310015,1,5,0.6614993661535684,5
310016,1,5,-0.685057626954543,2
310017,1,5,-0.0953771784091119,3
310019,1,5,-1.2514737388265225,1
310021,1,5,-0.49432696656051567,2
310022,1,5,-0.13740861208240368,3
310024,1,5,-0.9647666279276276,1
310025,1,5,-0.44105627365179834,2
310027,1,5,-1.146095960263015,1
310028,1,5,0.43635020414582715,5
310029,1,5,-0.22243758578729236,3
310031,1,4,0.45715305044288274,4
310032,1,5,-0.44499205702318356,2
310034,1,5,-0.3219018915113094,3
310038,1,5,-0.4509030422224307,2
310039,1,5,-0.6760533313241122,2
310040,1,5,-0.6467297634020549,2
310041,1,5,-0.8532956782423307,2
310044,1,5,-0.3178825257978596,3
310045,1,5,-0.08790261936357419,3
310047,1,5,-0.4858838814521673,2
310048,1,5,-0.24602291572763604,3
310050,1,5,0.2991722388455165,4
310051,1,5,0.13827780408025847,4
310052,1,5,-0.13475082005881933,3
310054,1,5,-0.5205458177655731,2
310057,1,5,-0.47175228422217313,2
310058,1,3,-1.0851580048012097,1
310060,1,5,0.5765211222921782,5
310061,1,5,-0.3265518855224852,3
310064,1,5,-0.0705600959470971,3
310069,1,5,-0.09964578052592937,3
310070,1,5,0.014450851325396613,4
310073,1,5,-0.11050032819798504,3
310074,1,5,-0.7867700668454152,2
310075,1,5,0.1064785976349555,4
310076,1,5,-0.05538928682982834,3
310081,1,5,-0.5040070748094672,2
310083,1,5,-0.8213367736892421,2
310084,1,5,-0.12299458237674823,3
310086,1,5,-0.2766111150374212,3
310091,1,4,-0.11616006044917984,2
310092,1,5,-0.4400815848732752,2
310096,1,5,-0.07252838948346105,3
310108,1,5,-0.854874006571167,2
310110,1,5,0.09329319521846813,4
310111,1,5,-0.49142776574176444,2
310112,1,5,-0.5796695794312611,2
310113,1,5,-0.03151510806749064,4
310115,1,5,-1.0230905463068347,1
310118,1,4,-1.0354594157061037,1
310119,1,5,-1.4935995589149222,1
310130,1,5,-0.07739830929717775,3
320001,1,5,-0.6909889280169285,2
320002,1,5,-0.3917701511138496,3
320003,1,4,0.2927161628861627,3
320004,1,5,-0.6524735515832045,2
320005,1,5,-0.22165351679044565,3
320006,1,5,-0.6608093966367341,2
320009,1,5,-0.10304535966919914,3
320011,1,5,0.1765443880890796,4
320016,1,5,0.0745353501721538,4
320017,1,5,-0.5458655100733313,2
320018,1,5,-0.4691938552657618,2
320021,1,5,-0.3197616194404067,3
320022,1,5,-0.01191044201662874,4
320030,0,3,-0.022184042087445413,NA
320033,1,4,0.0036735253672272733,3
320038,1,4,-0.9139014276769571,1
320057,0,0,-0.0815371991180614,NA
320058,0,0,0.40555878835803727,NA
320059,0,2,-0.06423728024755793,NA
320060,0,0,0.2936927885787606,NA
320061,0,3,0.4346530155577803,NA
320062,0,0,0.5801160872827129,NA
320063,1,4,-0.9599001616378643,1
320065,1,4,-0.46590656579116796,2
320067,0,1,0.06183228853681384,NA
320070,0,0,0.2725445408964927,NA
320074,1,5,-0.39957652455121334,3
320084,1,3,-0.4365712920442097,2
320085,1,5,-0.8914289333944031,1
320086,1,5,-0.33686238788703826,3
320089,1,5,-0.3055853663511695,3
320090,0,2,0.18155621395887084,NA
321300,0,2,-0.4528308191899385,NA
321301,0,1,0.16393426931343835,NA
321302,0,1,-0.41286533702590594,NA
321304,0,0,0.48834054033999597,NA
321305,1,4,0.44478054227775643,4
321306,1,4,0.40291790914354575,3
321307,1,3,0.8621831879694148,5
321308,0,2,-0.08803089029457198,NA
321309,1,5,-0.14584775237726583,3
321310,1,4,0.03507053510927248,3
330003,1,4,-0.2502399819871066,2
330004,1,5,-0.8287952923841234,2
330005,1,5,-0.5346926240313415,2
330006,1,5,-0.8376902230331061,2
330008,1,4,-0.20749571060711042,2
330009,1,5,-0.8609199368108454,2
330011,1,5,-0.21797770098448813,3
330013,1,5,-0.942391387411363,1
330014,1,5,-1.22376418422555,1
330019,1,5,-0.8410568621886735,2
330023,1,5,-0.5505994945778471,2
330024,1,5,0.007947470198136325,4
330027,1,5,-1.7904284072267949,1
330028,1,5,-1.2859195913737853,1
330030,1,5,-0.2674085348909452,3
330033,1,5,-0.25214036344726687,3
330043,1,5,-0.6718817014008119,2
330044,1,5,-1.3342157390802711,1
330045,1,5,0.46702954300700483,5
330046,1,5,-0.12564771899398683,3
330047,1,5,-0.1105500826221241,3
330049,1,5,0.7044821996205688,5
330055,1,5,0.22411169628702446,4
330056,1,5,-0.8882810949728912,1
330057,1,5,-0.027922432200179384,4
330058,1,5,-0.7769194678925958,2
330059,1,5,-1.2697526777279675,1
330065,1,5,-0.7240720047420411,2
330073,1,5,-0.37127293434433395,3
330074,1,5,-0.027604422833127036,4
330078,1,5,-0.17999522671081827,3
330079,1,5,-0.1752227561242548,3
330080,1,5,-1.0207389067370785,1
330084,1,5,-0.22280313961564754,3
330085,1,5,0.22346063171085806,4
330086,1,4,-0.781872094767266,1
330088,1,3,-0.21507645541889367,2
330090,1,5,-0.5129093874687605,2
330094,1,5,-0.9872714882357578,1
330096,1,5,-0.19877203884625494,3
330100,0,0,-1.0160476782030867,NA
330101,1,5,-0.0037026325168821594,4
330102,1,5,-0.13680935606589473,3
330103,1,5,-1.1295054145803403,1
330104,1,5,-0.4637851571155049,2
330106,1,5,0.16592359905475285,4
330107,1,5,0.11030495268111407,4
330111,1,4,-0.5326515325096757,2
330115,1,5,0.4256774045862903,5
330119,1,5,0.13638757017409114,4
330125,1,5,-0.645283107040708,2
330126,1,5,-0.4455133335905965,2
330127,1,5,-1.4845785563410119,1
330128,1,5,-1.4569898598765607,1
330135,1,4,-0.06861970845519622,2
330136,1,5,-0.9251621975820857,1
330140,1,5,-0.2628712194073995,3
330141,1,5,-0.9021044248209215,1
330144,0,2,0.09259740917633724,NA
330151,1,4,-0.16645198665624392,2
330153,1,5,-0.6078289368933858,2
330157,1,5,0.11238931163482264,4
330158,1,5,-0.43792998121182225,2
330160,1,5,-0.42592749355773835,2
330162,1,5,-0.2775356010473006,3
330163,1,5,-1.5235138520847993,1
330164,1,5,-0.33275033761212414,3
330166,0,1,0.20751773159342188,NA
330169,1,5,-0.3102152010304522,3
330175,1,5,0.40333004024816416,5
330180,1,5,-0.640456425928281,2
330181,1,5,0.13829744805676064,4
330182,1,5,0.7480141153376806,5
330184,1,5,-0.8635594158352046,2
330185,1,5,-0.18893119825456123,3
330188,1,5,-0.06789230915800026,3
330191,1,5,-0.05735002343236548,3
330193,1,5,-2.208452424958894,1
330194,1,5,-0.5293702710538377,2
330195,1,5,-0.1708104711968168,3
330196,1,5,-1.5207599745938427,1
330197,1,5,-0.1736062560988053,3
330198,1,5,-0.9623236811873537,1
330199,1,4,0.03960207605592353,3
330201,1,5,-1.1770841605080664,1
330202,1,5,-1.5383099255693258,1
330203,1,5,-0.8014017657061719,2
330204,1,5,-1.2263693586803774,1
330205,1,5,0.2279636029092384,4
330208,1,5,-0.4221480471950484,2
330211,1,5,-0.5598498431100618,2
330214,1,5,1.0883198236067537,5
330215,1,4,-0.5159503037857108,2
330218,1,5,0.06907227475271613,4
330219,1,5,-0.1233567679570925,3
330221,1,5,-1.3762188720514406,1
330222,1,5,0.25118641573124983,4
330223,1,5,-0.5026526746323028,2
330224,1,3,0.23940143129162555,3
330226,1,5,-0.8854082415700264,1
330229,1,5,0.020498536630001875,4
330231,1,5,-1.076758698325708,1
330233,1,5,-1.8419411263693262,1
330234,1,5,-1.2403971922728594,1
330235,1,5,-0.8052691611853487,2
330236,1,5,-0.1521879944206542,3
330238,1,5,-0.27691908429002976,3
330239,1,5,-0.30932319159094024,3
330240,1,5,-1.3139400818295737,1
330241,1,5,-0.7424314740587901,2
330245,1,5,-1.0894607730278516,1
330246,1,5,-0.29041697415903855,3
330250,1,5,0.01231156556725679,4
330259,1,5,-1.0400958525323942,1
330261,1,5,0.08530035864986532,4
330264,1,5,-0.4807012150345167,2
330265,1,4,-0.0021308163651946738,3
330267,1,5,-0.38925107640771334,3
330270,1,3,2.4040283312238335,5
330273,1,5,0.28218503966403446,4
330276,1,5,-0.3033767910320038,3
330277,1,5,-0.2715137686184137,3
330279,1,5,-0.247003584260987,3
330285,1,5,-0.6550552900676729,2
330286,1,5,-0.9634093745546012,1
330304,1,5,0.07976920165219331,4
330307,1,5,-0.0337996705122168,4
330331,1,5,-0.5058995286912784,2
330332,1,5,-0.9741111344219384,1
330350,1,5,-1.1827552691375922,1
330385,1,3,-0.5566208319544135,2
330386,1,5,-0.47342908959734287,2
330393,1,5,-0.06462109171598354,3
330394,1,5,-0.8055064035522936,2
330395,1,5,-1.868340957501042,1
330396,1,5,-0.8067110035029422,2
330397,1,5,-0.9098439506844147,1
330399,1,5,-1.1320906865273517,1
330401,1,5,0.03227425141635348,4
330403,0,0,1.1547636931871896,NA
330406,0,0,2.541475336818947,NA
331301,0,0,1.8385210198662278,NA
331302,0,2,0.3192249411152868,NA
331303,0,1,1.9135830013034019,NA
331304,0,1,-0.06229020922548456,NA
331305,0,2,0.6051550543679053,NA
331307,0,0,0.9286157123284523,NA
331309,0,2,0.8580981198690247,NA
331310,0,2,-0.8527016056029586,NA
331311,1,4,0.314842178611606,3
331312,0,2,1.0909042954039028,NA
331313,0,1,-0.1917300245799811,NA
331314,1,4,-0.5606814316588848,2
331315,0,2,-0.02532180753191221,NA
331316,1,4,0.39536810357261,3
331317,1,4,-2.4132920509039373,1
331319,1,3,-0.4148829875869685,2
331320,1,3,0.6669444891658596,4
340001,1,5,-0.1034950867253853,3
340002,1,5,0.261677052014808,4
340003,1,5,0.18009516711814264,4
340004,1,5,-0.16391351713585753,3
340008,1,5,0.1384247339845432,4
340010,1,5,-0.48503246988216253,2
340013,1,5,-0.606327400473178,2
340014,1,5,-0.008732963274412059,4
340015,1,5,-0.36753001740667024,3
340016,1,5,-0.33293828185110225,3
340017,1,5,0.2110541284498958,4
340020,1,5,-0.5234993216697739,2
340021,1,5,-0.12845393847155961,3
340023,1,5,0.6877705358546272,5
340024,1,5,-0.6521214776706872,2
340027,1,5,-0.3562186481625254,3
340028,1,5,-0.5586437827324027,2
340030,1,5,0.21177598931259928,4
340032,1,5,-0.46015344086801224,2
340039,1,5,-0.056727466641413316,3
340040,1,5,-0.9571353342374617,1
340041,1,5,0.24301150269908192,4
340042,1,5,-1.6319313993302813,1
340047,1,5,-0.22121417491322462,3
340049,0,2,1.149229300978015,NA
340050,1,5,-0.26116336030721077,3
340051,1,5,0.27146157919234426,4
340053,1,5,0.29553578443492917,4
340060,1,5,-0.479013799126899,2
340061,1,5,-0.08485285130487803,3
340064,1,5,-0.03495606360057266,4
340068,1,5,-0.24055994565787453,3
340069,1,5,-0.1859156087494087,3
340070,1,5,0.0033954277546180273,4
340071,1,5,-0.2588893984870074,3
340073,1,5,-0.05461239219572678,3
340075,1,5,0.1138699872120331,4
340084,0,2,0.7062350950306243,NA
340085,1,5,0.07787101171730917,4
340087,1,5,-0.08635932102521357,3
340090,1,5,0.2802902824537776,4
340091,1,5,-0.17196618721686285,3
340096,1,5,0.07027852648679273,4
340097,1,5,-0.16206472472222724,3
340098,1,5,-0.41908454949607854,2
340099,1,5,0.010874936326605623,4
340107,1,5,-0.01244137013804486,4
340109,1,5,-0.41202629357207754,2
340113,1,5,-0.1902107654374603,3
340114,1,5,0.6442601543456636,5
340115,1,5,0.28605010316046486,4
340116,1,5,-0.37905357648629684,3
340119,1,5,0.0716901570561531,4
340120,1,4,0.2695488777735694,3
340123,1,5,-0.387023295278546,3
340126,1,5,-0.9185910557275437,1
340127,1,5,-0.6368293635771334,2
340129,1,5,-0.2672275346354464,3
340130,1,5,-0.13570114160810615,3
340131,1,5,0.27321242813718616,4
340132,1,5,-0.33331124568060505,3
340133,1,5,-0.6227882446112053,2
340141,1,5,-0.14650057266803698,3
340142,1,5,-0.2280242531503911,3
340143,1,5,0.08085094159779002,4
340144,1,5,0.060313279418159296,4
340145,1,5,0.23886313500433362,4
340147,1,5,-0.5666556186620594,2
340148,1,3,1.3673679765620397,5
340151,1,5,-0.12446179484781675,3
340155,1,5,0.2796312575428389,4
340156,0,1,0.39220608234500925,NA
340158,1,5,0.002549887623111459,4
340159,1,4,-0.1495207239883452,2
340166,1,5,0.16448313958815466,4
340168,0,0,1.4668820553678221,NA
340171,1,5,0.6386073128334976,5
340173,1,5,-0.4065034999821687,3
340183,1,5,0.23530096214928706,4
340184,1,5,0.46654917540220103,5
340186,1,5,0.38503704080259193,5
340187,1,4,1.3543820680443863,5
340188,1,5,0.8085992499529234,5
340190,0,2,0.6001021141113949,NA
341303,0,2,0.2912725732612511,NA
341304,1,3,0.9387788630460701,5
341305,0,2,1.3542350465320823,NA
341307,0,2,0.6616405588447279,NA
341311,0,3,0.7763603210173495,NA
341314,0,0,-1.7083903678052286,NA
341315,1,3,0.6933539397076798,4
341316,0,2,0.7249926155230624,NA
341317,0,0,0.1460951352579452,NA
341318,1,4,0.5196775000558308,4
341319,1,5,0.2228260418862728,4
341320,0,2,0.5222373192001714,NA
341322,1,4,0.6141128669614101,4
341323,1,3,0.5674688612371033,4
341324,1,4,0.302448518898267,3
341325,1,4,0.4948328854441621,4
341326,1,5,0.17479013264826268,4
341327,1,4,0.44953476737263165,4
341328,1,4,0.08692486509373007,3
341329,1,4,-0.1878453882906511,2
350002,1,5,0.1762926420480197,4
350006,1,5,-0.8301423124972204,2
350011,1,5,-0.5037262653039551,2
350015,1,5,0.07918223076517943,4
350019,1,5,-0.09695259860192879,3
350063,0,1,-0.6844948671113574,NA
350064,0,0,1.010959287643495,NA
350070,1,5,0.343791446363545,4
351300,0,0,-0.07507002029021656,NA
351301,0,1,1.321132002314541,NA
351302,0,1,-0.3562927302987959,NA
351303,0,1,0.04825497276231089,NA
351304,0,1,1.6249988858793292,NA
351305,0,1,-0.5835071356783621,NA
351306,0,1,-0.2040602023154445,NA
351307,0,2,0.29497494424688536,NA
351308,0,1,-0.25133863214261254,NA
351309,0,2,-0.5675221160138222,NA
351310,0,2,-0.22546001498998652,NA
351311,1,3,-0.005129480652458648,3
351312,0,1,1.1107069678624,NA
351313,0,1,0.25137283910847336,NA
351314,0,1,0.0590001413297883,NA
351315,0,2,0.8646585810033711,NA
351316,0,1,0.3057522778060513,NA
351318,1,3,-0.28106316717834845,2
351319,0,1,1.1192724791317041,NA
351320,0,1,-0.3647526307326726,NA
351321,0,2,1.4565722245299577,NA
351322,0,1,0.11363040190797996,NA
351323,0,2,-0.1267614626913865,NA
351324,0,2,0.7757555725928247,NA
351325,0,1,-0.07683123071234738,NA
351326,0,2,-0.1433196934864635,NA
351327,0,2,0.247260281376671,NA
351328,0,1,-0.2984436444792097,NA
351329,0,0,1.2743622295962833,NA
351330,0,2,0.02059198856335437,NA
351331,0,1,0.6959960997086235,NA
351332,0,2,-0.659774086259334,NA
351333,1,3,0.12029910253740445,3
351334,1,4,-0.6266082501162673,2
351335,1,4,-0.37753365201299655,2
351336,1,5,0.7192184042547022,5
360001,1,5,0.21849347024257293,4
360002,1,5,0.2616917573071193,4
360003,1,5,-0.44843461350056835,2
360006,1,5,0.21304500067073034,4
360008,1,5,0.283209115636947,4
360009,1,5,-0.19113197666464093,3
360010,1,5,0.5755457188861244,5
360011,1,5,-0.3106441000730063,3
360012,1,5,0.1663792234108053,4
360013,1,5,0.017030290080814473,4
360014,1,5,0.663432080589703,5
360016,1,5,0.12994393870522958,4
360017,1,5,-0.37540956088572425,3
360020,1,5,-0.09684732861729209,3
360025,1,5,-0.17771055461548063,3
360026,1,5,0.41441488651214997,5
360027,1,5,0.08138888889274731,4
360029,1,5,-0.2936470020309119,3
360032,1,5,0.47050885576372536,5
360035,1,5,-0.43242838183253296,2
360036,1,5,0.5557109623090348,5
360037,1,5,-0.025313393559425384,4
360039,1,5,-0.03508860450411567,4
360040,1,5,-0.1589732992564922,3
360041,1,5,0.21732330331439884,4
360044,1,5,0.3493630644084267,5
360046,1,5,0.07082583302053151,4
360048,1,5,-0.135990130265827,3
360051,1,5,-0.29511588214648127,3
360054,1,5,-0.44922275050184796,2
360055,1,5,-0.7696047611555215,2
360056,1,5,0.29127264932859354,4
360058,1,5,0.19271420560981126,4
360059,1,5,-0.21899959269182456,3
360064,1,5,-0.3492799999959782,3
360065,1,5,0.3274588014237217,4
360066,1,5,0.5607008520097089,5
360068,1,5,0.36667802647189723,5
360070,1,5,0.23142997113511765,4
360071,1,5,0.20384007729376238,4
360072,1,5,-0.047747891940213984,3
360075,1,5,0.50369137127322,5
360076,1,5,0.2081683339183444,4
360077,1,5,0.5498765731052578,5
360078,1,5,0.27224331302680604,4
360079,1,5,0.11897303034634588,4
360081,1,5,0.041091398403542284,4
360082,1,5,0.2952302519590904,4
360084,1,5,-0.355396055273677,3
360085,1,5,0.16312506034898677,4
360086,1,5,-0.42746848528741893,2
360087,1,5,1.0297926930614043,5
360089,1,5,1.3024728044273726,5
360090,1,5,-0.34162343149729085,3
360091,1,5,0.18210436213035452,4
360092,1,5,0.6580578720912255,5
360095,1,5,0.3051239829074709,4
360096,1,5,0.19006580833780912,4
360098,1,5,-0.2167475020736809,3
360107,1,5,0.4936214790043394,5
360109,1,4,0.4586853445289254,4
360112,1,5,-0.24898233571832784,3
360118,1,5,-0.0024404572459029578,4
360121,1,5,-0.21626391859435382,3
360123,1,5,0.19940550035725052,4
360125,1,5,-0.029276292812822458,4
360131,1,5,-0.003619311136383469,4
360132,1,5,0.01567444420992068,4
360133,1,5,0.024948635986869763,4
360134,1,5,0.059767650959533715,4
360137,1,5,-0.1346631161154296,3
360143,1,5,0.6413900824929819,5
360144,1,5,0.04385131483912713,4
360145,1,5,0.23773014259121444,4
360147,1,5,-0.2539563355835264,3
360148,1,4,0.48256698986403757,4
360150,1,5,0.6233565467510458,5
360152,1,5,-0.23616319304575994,3
360155,1,5,0.35650133400673484,5
360156,1,5,0.11357458056320575,4
360159,1,5,0.4442689022901205,5
360161,1,5,-0.02962289720216859,4
360163,1,5,0.5090556654673533,5
360170,1,5,-0.4461894443518827,2
360172,1,5,0.35633899426756505,5
360174,1,5,0.025399414818479182,4
360175,1,5,-0.9864086140191421,1
360179,1,5,-0.042449699379677616,4
360180,1,5,0.6708741220347951,5
360185,1,5,-0.0005636329868166853,4
360189,1,4,-0.098603359681725,2
360192,1,5,0.10626479233196433,4
360197,1,5,0.6898379221068148,5
360203,1,5,-0.15601841085798282,3
360210,1,5,0.021698242766121756,4
360211,1,5,-0.6509271103793192,2
360218,1,5,-0.02647523261643328,4
360230,1,5,0.601205616321843,5
360234,1,5,0.2505219965186833,4
360236,1,5,0.15729350813570955,4
360239,1,5,0.1764538071482975,4
360245,0,1,0.9964729048228829,NA
360259,1,5,-0.03968342850354811,4
360261,0,0,2.139013271816222,NA
360262,1,5,0.44092975525992406,5
360263,0,2,1.0305187189496043,NA
360266,0,2,1.583032322450824,NA
360270,1,5,0.6788915139225294,5
360276,1,5,-0.007012545825404615,4
360348,1,5,0.8003331373835094,5
360351,1,3,2.3935213307939924,5
360352,1,4,1.1568668404778897,5
360354,1,5,-0.13885461507414956,3
360355,0,3,0.6567627208682086,NA
360358,0,1,0.25464747160983386,NA
360359,1,5,0.4734405281797673,5
360360,1,5,-0.7406004438575402,2
360361,0,2,-0.6754835825583894,NA
360362,0,3,0.7485487461365968,NA
360364,1,5,0.8947148587246598,5
360365,1,5,0.1785397565614587,4
360367,0,0,-0.2832803622497564,NA
360368,0,0,0.7233504765561054,NA
361300,0,2,0.08026439901952705,NA
361301,0,2,0.9798759308534151,NA
361302,0,0,-0.0018324121019552414,NA
361303,0,0,-0.6319795066995684,NA
361304,0,2,0.3331901192074093,NA
361306,1,4,0.09390862823510454,3
361307,1,4,0.6008645651769497,4
361308,1,4,1.128024895540897,5
361309,1,4,0.40618178132939703,3
361310,1,4,0.9559347754592636,5
361311,0,2,0.7873819960719209,NA
361312,1,3,0.8958718732367646,5
361313,1,3,0.851224938531827,5
361314,1,4,0.6434896680656168,4
361315,1,3,-0.09867571194981434,3
361316,1,4,-2.8537535184892846,1
361318,1,3,0.13433126470695173,3
361319,0,3,1.235907644587122,NA
361320,1,3,0.3040000785599416,4
361321,1,3,0.24115387712662473,3
361322,0,1,0.29857613847236975,NA
361323,1,4,0.7859025965992738,4
361324,1,4,0.815787981445746,4
361325,1,4,-0.15203143802219515,2
361326,1,3,-0.8307718845585027,1
361327,0,0,1.4696601498622066,NA
361328,1,4,-0.13464752038282413,2
361329,1,3,0.7953571528249631,5
361330,1,3,0.4735816796411262,4
361331,1,3,-0.24076517932430683,2
361332,1,4,0.24420575991332327,3
361333,1,4,-0.8102189388202226,1
361334,0,2,0.6168497625032299,NA
370001,1,5,-0.6952593549942456,2
370002,1,4,0.07785745754105752,3
370004,1,5,0.08195069605068682,4
370006,1,5,-0.5238105921201108,2
370008,1,5,-0.47773840086432307,2
370013,1,5,-0.19363334380388625,3
370014,1,5,-0.3181153747065336,3
370015,1,4,0.3444967980401142,3
370016,1,5,0.03956621416388303,4
370018,1,5,-0.153136776654575,3
370019,1,5,-0.28853253172173676,3
370020,1,5,0.007684105015261837,4
370022,1,5,-0.18347308748218263,3
370023,1,5,-0.03017976839072864,4
370025,1,5,-0.4554961581947396,2
370026,1,5,0.6268223650511853,5
370028,1,5,-0.4624800424029584,2
370029,1,4,0.5424616368745977,4
370030,1,3,-0.5241166249716449,2
370034,1,5,-0.7339905939577294,2
370037,1,5,-0.2905205566783809,3
370039,1,5,0.11303581603853341,4
370041,0,3,0.015181095537143752,NA
370047,1,5,0.34346258559839365,4
370049,1,5,0.32524840530248844,4
370054,1,4,0.31952952558548764,3
370056,1,5,-1.1365383355507102,1
370057,1,3,0.0691328859067547,3
370078,1,5,-0.22997888910205105,3
370083,1,3,-0.3549374768824448,2
370089,1,5,-0.4067861370040179,3
370091,1,5,-0.2878802231915088,3
370093,1,5,-1.0081987150421108,1
370094,1,5,-1.0835971271127018,1
370097,1,5,0.06559773675791643,4
370099,1,4,0.21317332493756946,3
370100,1,4,-0.2590092639266057,2
370106,1,5,-0.24953775785921897,3
370112,1,3,0.07167220531306318,3
370113,1,5,0.17787758389067732,4
370114,1,5,-0.2622597046853937,3
370139,1,3,-0.4091363930613872,2
370149,1,5,-0.5517282996064542,2
370153,1,4,0.20828366284977667,3
370158,1,3,0.39562830966575696,4
370166,1,4,-0.47103393970121604,2
370170,0,0,0.009614391544362028,NA
370171,1,4,0.7052084261213682,4
370172,0,3,0.808185146442316,NA
370173,1,4,0.7546769691582347,4
370178,1,4,1.4345952643052695,5
370180,1,5,0.750300659156256,5
370183,1,3,-0.05307690339964828,3
370190,1,4,1.097206032708636,5
370192,0,0,-0.7761664870391607,NA
370199,0,2,1.0747248237332108,NA
370201,0,2,0.3673880555434921,NA
370202,1,5,0.013439045259250632,4
370203,1,4,1.1615952893383057,5
370206,0,2,1.2816482769498876,NA
370210,1,4,0.9221350136351361,5
370211,1,5,-0.11792701874925215,3
370212,0,3,0.13706096367865644,NA
370215,1,5,1.1172699836240914,5
370216,0,3,0.35847705211293096,NA
370218,1,5,0.17600107988095484,4
370220,0,1,-2.541917860312111,NA
370222,1,4,1.432137770276427,5
370225,0,2,0.7556183985551209,NA
370227,1,5,0.4032644527682978,5
370228,1,4,0.4551448595262467,4
370229,1,3,0.2880853636169654,4
370234,1,5,0.9983720049540108,5
370235,1,5,0.9801607253438275,5
370236,1,5,-0.15619119325698333,3
370237,1,4,0.2116265533631026,3
370240,0,1,0.369990096539635,NA
371300,0,2,0.32070772238198103,NA
371301,0,0,3.331236641609855,NA
371302,0,1,0.9752320353013484,NA
371303,0,0,0.12964482501605512,NA
371304,0,2,0.6804497892095582,NA
371305,0,1,0.24105358296766088,NA
371306,0,2,0.809427362414336,NA
371307,0,1,0.8594013024092944,NA
371309,0,0,-0.10593455309754865,NA
371310,0,1,0.11140892837119754,NA
371311,0,1,1.5193235164021004,NA
371312,0,2,0.13441768166960255,NA
371313,0,2,0.5680769295151564,NA
371314,0,2,0.14142468499226515,NA
371316,0,1,-0.1739419241651317,NA
371317,1,3,1.1087781308036757,5
371318,0,0,1.553902800108315,NA
371319,1,3,0.2576174640636739,4
371320,0,1,0.4340784374993464,NA
371321,0,2,0.3069882401711599,NA
371322,0,1,0.38426606774810446,NA
371323,0,2,-0.6527634480974591,NA
371324,0,1,0.5103579429637158,NA
371325,0,2,0.20612958800099873,NA
371326,0,2,0.027450828501020857,NA
371327,0,1,-0.5835307101827232,NA
371328,0,2,0.3587571404454778,NA
371329,0,2,-0.24111635367401696,NA
371330,0,1,0.9740907478916698,NA
371331,0,1,-0.46621309861005117,NA
371332,0,0,0.13875995752153553,NA
371333,0,2,-0.2908506046664896,NA
371334,0,1,-0.28152782441133467,NA
371335,0,2,-0.4550952648636828,NA
371336,0,2,-0.8694183616020893,NA
371337,1,3,0.3652997017408606,4
371338,0,1,0.5523747102820321,NA
371340,1,3,0.40986611710748044,4
371341,0,1,-0.16050367029989915,NA
371342,0,1,-1.274801825524657,NA
380001,1,5,-0.3010419138485054,3
380002,1,5,0.6512215637976604,5
380004,1,5,0.31973839308866586,4
380005,1,5,0.6696588337561853,5
380007,1,5,0.03844028347162423,4
380009,1,5,0.1526131064008262,4
380014,1,5,-0.26995086894463854,3
380017,1,5,0.37905882157322895,5
380018,1,5,0.8660277699610347,5
380020,1,5,0.004156493480879755,4
380021,1,5,0.005752350800990319,4
380022,1,5,0.19235771903819432,4
380025,1,5,0.2947124653386648,4
380027,1,5,-0.21048348464028263,3
380029,1,4,0.17268427511054843,3
380033,0,3,0.1276699399803748,NA
380037,1,5,0.46998008675949676,5
380038,1,5,-0.3146077155813229,3
380040,1,5,0.24482764651797018,4
380047,1,5,0.08628474373577569,4
380050,1,5,0.03545841143179512,4
380051,1,5,-0.16517041221738088,3
380052,1,5,0.43333454301234453,5
380056,0,3,0.1083613785556221,NA
380060,1,5,-0.0137523056445721,4
380061,1,5,0.5582376849314915,5
380071,1,5,0.10514235946929204,4
380075,1,5,-0.3779070859350081,3
380082,1,5,0.18768129311940795,4
380089,1,5,0.3789551755226779,5
380090,1,5,-0.19436857598004947,3
380091,1,5,0.5507608254164783,5
380102,1,5,-0.3346517886791754,3
380103,1,3,0.10698424780742516,3
381301,0,2,0.6064548809191292,NA
381302,1,4,0.5886987175221227,4
381303,1,4,0.783797243462116,4
381304,0,1,-0.6539637387508346,NA
381305,1,3,0.5521654096708535,4
381306,1,4,0.5646743030283854,4
381307,0,1,-0.31502977076305705,NA
381308,0,0,0.38008113181819836,NA
381309,0,1,0.0284644079877156,NA
381310,0,0,0.2417223447720054,NA
381311,0,1,0.5666899700374926,NA
381312,1,4,0.10919136608653124,3
381313,1,3,-0.12606336869659449,3
381314,1,4,0.15254595885459352,3
381315,1,3,0.38540771540985447,4
381316,1,4,0.4910978294535466,4
381317,1,3,-0.13685193200255028,3
381318,1,4,-0.045208345637768516,2
381319,1,5,0.4529502345353673,5
381320,1,4,-0.7458767102389767,1
381321,1,4,0.0217200426767013,3
381322,1,3,-0.7138611665155847,2
381323,1,4,-0.5082820439802835,2
381324,0,3,0.11158977403669482,NA
381325,1,5,-0.48887768749308447,2
390001,1,5,-0.08999237260865174,3
390002,1,5,0.22371399180643237,4
390003,1,5,0.27530334682579977,4
390004,1,5,0.28976508193028744,4
390006,1,5,0.1697444987573454,4
390008,0,2,0.5760412328114196,NA
390009,1,5,0.1830893253683486,4
390012,1,5,0.21269714165922826,4
390013,1,5,0.48085509548475247,5
390016,1,5,-0.2405206287389316,3
390025,0,0,0.7890703711489159,NA
390026,1,5,0.03037700933315903,4
390027,1,5,-0.3026238567706474,3
390028,1,5,-0.1789186628292967,3
390030,1,5,-0.9199635212322785,1
390032,1,5,0.25052203935194417,4
390035,1,5,0.1629660399515389,4
390036,1,5,-0.0011312391125617542,4
390037,1,5,-0.030040104549161836,4
390039,1,5,-0.027138452045339257,4
390041,1,5,-0.7886622010351098,2
390042,1,5,0.10383623392643251,4
390044,1,5,0.38505831351718367,5
390045,1,5,-0.06632079314132366,3
390046,1,5,0.037445605232305265,4
390048,1,5,0.3835449524388752,5
390049,1,5,0.7364617990239173,5
390050,1,5,-0.3653905921024803,3
390052,1,5,-0.6694401818018725,2
390056,1,5,0.09863005706814978,4
390057,1,5,0.5905234390682665,5
390058,1,5,-0.29620676728006023,3
390062,1,4,-0.05916022986680965,2
390063,1,5,-0.09165063410032531,3
390065,1,5,0.1570619198136651,4
390066,1,5,0.19925806177757815,4
390067,1,5,0.3437155737647097,4
390068,1,5,-0.022492156246131094,4
390070,1,4,-0.4393315386414944,2
390071,1,4,0.49990409173247585,4
390072,1,5,-0.005091526563104631,4
390073,1,5,0.10715204798071461,4
390076,1,5,-0.9157994531136082,1
390079,1,5,-0.6862086966183465,2
390081,1,5,-0.35007205614147757,3
390084,1,4,0.5899789364845678,4
390086,1,5,-0.09474063346026634,3
390090,1,5,-0.18596425638524908,3
390091,1,5,0.6670216382776785,5
390093,1,4,-0.4456446216266626,2
390096,1,5,-0.03726105874549726,4
390097,1,5,0.08013245086971514,4
390100,1,5,0.6579910728106336,5
390101,1,5,-0.24852540747729843,3
390102,1,5,0.593443694668267,5
390104,1,3,0.2616093462900284,4
390107,1,5,0.2498117417467776,4
390110,1,5,-0.3061272447682071,3
390111,1,5,0.12866750646382602,4
390112,1,5,0.5622245233816613,5
390113,1,5,0.2870898238202427,4
390114,1,5,-0.02423850129762853,4
390115,1,5,-0.5438580886323625,2
390116,1,5,-0.06976327225858212,3
390117,1,4,-0.33818709449801415,2
390119,1,5,-0.6713047440087768,2
390123,1,5,-0.5299786027066968,2
390125,1,5,-0.004868896668591652,4
390127,1,5,-0.3665838251284235,3
390130,1,3,-0.4099310108644688,2
390133,1,5,0.2202247735520937,4
390137,1,5,-0.3663598373879386,3
390138,1,4,0.5303750673910183,4
390139,1,5,0.3360568722345756,4
390142,1,5,-0.6282801111331422,2
390145,1,5,0.28970981489164505,4
390146,1,5,-0.5945094757809954,2
390147,1,5,0.12707781008654975,4
390150,1,4,0.2603309355717557,3
390151,1,5,0.6491770196699367,5
390153,1,5,0.7108568022769456,5
390156,1,5,-0.46787596812109844,2
390157,1,5,-0.3487270220070532,3
390160,1,5,-0.3159148516170573,3
390162,1,5,0.006622804986980075,4
390163,1,5,0.3376926568709,4
390164,1,5,-0.30194364529363377,3
390168,1,5,0.230652616334061,4
390173,1,5,-0.1794369969493124,3
390174,1,5,0.09764866364051536,4
390178,1,5,0.3485439968624422,5
390179,1,5,0.7149800904222494,5
390180,1,5,-0.1184085086725376,3
390183,1,4,0.7501346034651488,4
390184,1,4,0.2531055581893676,3
390185,1,5,-0.1857472596744797,3
390192,1,3,0.19438478419995628,3
390194,1,5,0.14208307222781144,4
390195,1,5,0.4654726812911288,5
390197,1,5,0.48910351985652734,5
390198,1,5,0.06570883092635708,4
390199,1,4,0.16192323149475496,3
390201,1,5,-0.2714488789164044,3
390203,1,5,0.09390664652695666,4
390204,1,5,-0.563931505873909,2
390211,1,5,-0.20637978848849384,3
390217,1,4,0.38176776828946796,3
390219,1,5,-0.20587515136964257,3
390220,1,4,-0.38425144892577406,2
390222,1,5,0.1223837678122213,4
390223,1,5,0.3126293542041613,4
390225,1,5,0.4136902536122572,5
390226,1,5,-0.13099450638873783,3
390228,1,5,0.5951903983065226,5
390231,1,5,0.03053442893013536,4
390233,1,5,-0.31222704491506414,3
390236,1,4,0.360043746603233,3
390237,1,5,-0.4465447343214205,2
390256,1,5,0.16767619347140778,4
390258,1,5,-0.11618032618921445,3
390265,1,5,-0.449741166179859,2
390266,1,5,0.2666873301944179,4
390267,1,5,-0.15604105142999034,3
390268,1,5,0.6230786188001192,5
390270,1,5,0.3480176886260485,5
390272,0,0,0.6898952681070608,NA
390278,0,0,0.7292738453664952,NA
390304,1,4,0.2523271296286094,3
390307,0,1,-0.946694992481925,NA
390312,1,3,-0.5005598070031172,2
390314,0,2,2.0314454394284454,NA
390316,0,3,0.6098536061691565,NA
390321,0,3,0.5979184029357344,NA
390322,0,2,1.8518307688530533,NA
390323,0,2,1.3436494920230773,NA
390324,0,2,2.158365568484797,NA
390325,0,2,2.625227083398793,NA
390326,1,5,0.7615715543743516,5
390327,0,2,0.6080919491157597,NA
390328,1,5,0.04397767711608661,4
390329,1,5,-0.6279458442880897,2
390330,1,5,-0.007966321651054722,4
390331,0,0,0.37317208466225704,NA
391300,1,4,0.7024689468236684,4
391301,1,4,0.33953559381431725,3
391302,0,2,0.26525593152978294,NA
391303,1,4,0.5944057424356985,4
391304,0,1,1.4756816945347033,NA
391305,1,4,-0.18015776817945944,2
391306,1,3,-0.3530111250772089,2
391307,0,3,0.1160308681164562,NA
391308,1,3,-0.0572015841582616,3
391309,1,4,-0.4116920694843962,2
391312,1,4,0.6417337794588546,4
391313,1,4,-0.20244598278591552,2
391314,1,3,0.7490578098061812,5
391315,1,4,-0.13319255061786953,2
391316,1,5,0.6438204952049362,5
400001,0,1,-1.1771636036646413,NA
400003,0,0,-1.020678713588084,NA
400004,0,2,-1.4809352116574441,NA
400005,0,0,-2.2181133623216174,NA
400006,0,3,-2.612290538963061,NA
400007,0,0,-1.264157294612184,NA
400011,0,0,0.8776097062487151,NA
400012,0,0,-3.1364994782978726,NA
400013,0,2,-1.0416369074616578,NA
400014,0,2,-0.1053379526286625,NA
400015,0,0,-2.2914238604985906,NA
400016,1,3,-0.40723196010882234,2
400018,0,1,-0.6062004088163546,NA
400019,1,3,-1.6518505679857012,1
400021,1,3,-0.5594016728627635,2
400022,0,2,-1.8232963910390807,NA
400032,0,0,-3.108692552610946,NA
400044,1,3,-1.3744948872879656,1
400048,0,1,-0.22292107619127433,NA
400061,0,0,-5.460457427245897,NA
400079,0,1,-3.186231369127687,NA
400087,0,0,-2.4105238232406947,NA
400098,0,0,-3.038252715365808,NA
400102,0,2,-2.929976482994967,NA
400103,0,2,-3.0427903194739025,NA
400104,0,1,-1.845596327077847,NA
400105,0,0,-0.8125415293498481,NA
400106,0,1,-2.636947886160694,NA
400109,1,3,-2.320386316455553,1
400110,0,0,-0.5046954259846508,NA
400111,0,1,-3.148763132171654,NA
400112,0,1,-3.0759635671260144,NA
400113,0,0,-0.859491416578213,NA
400114,1,4,-1.0858053927715041,1
400115,0,0,-1.2046859012979307,NA
400117,0,0,-2.71730898338214,NA
400118,1,5,-1.7482186778996598,1
400120,1,3,-0.9998955819392843,1
400123,0,1,-2.853497094976296,NA
400124,0,2,-1.24687319414658,NA
400125,0,1,-2.761387641425454,NA
400126,0,0,-3.0530004465011356,NA
400127,0,0,1.548589068758851,NA
400128,0,0,-0.47953509939312466,NA
400132,0,0,-6.095934495331064,NA
410004,1,5,-0.4534631936528692,2
410005,1,5,-0.7830272212629534,2
410006,1,5,0.1967226585196903,4
410007,1,5,-0.3775056345693704,3
410008,1,5,0.6830831030089658,5
410009,1,5,-0.10065330207856331,3
410010,1,4,0.30854182552469095,3
410011,1,5,0.0754767373681297,4
410012,1,5,0.16260422761888046,4
410013,1,5,0.0011521878427491038,4
420002,1,5,-0.7082999675270759,2
420004,1,5,-0.3944883608852701,3
420005,1,4,-0.09293084535112997,2
420007,1,5,-0.3837616393045681,3
420009,1,5,0.06602983095721074,4
420010,1,5,0.11810906171746172,4
420011,0,2,0.5566698736332146,NA
420015,1,5,0.04435181456675956,4
420018,1,5,-0.41905607486738966,2
420019,1,3,0.020542025443504974,3
420020,1,5,-0.7792942933357104,2
420023,1,5,0.2925062846126375,4
420026,1,5,-0.569239312485202,2
420027,1,5,-0.24650004493509553,3
420030,1,5,-0.2505084913610477,3
420033,1,5,0.14041832039715138,4
420036,1,5,-0.3584609339262332,3
420037,1,5,0.5360594671087671,5
420038,1,5,-0.29229042900067875,3
420043,1,4,-0.1598834367511162,2
420048,1,5,0.082459652258404,4
420049,1,5,-0.09690855935161784,3
420051,1,5,-0.20327962515156406,3
420053,1,5,0.4536317675011799,5
420055,1,4,-0.07497194934788919,2
420057,0,0,0.7586339292257729,NA
420065,1,5,0.1464704819074488,4
420066,1,3,-0.5641262513886613,2
420067,1,5,-0.19931969287176565,3
420068,1,5,-1.7657923399904545,1
420070,1,5,-0.8080296309440693,2
420071,1,5,-0.11096039831937585,3
420072,0,3,-0.7760462021436669,NA
420073,1,5,-0.1957257482837711,3
420078,1,5,-0.49496778536124025,2
420079,1,5,-1.0594055935858144,1
420080,1,5,0.01630577265223525,4
420082,1,5,-0.42188315754309197,2
420085,1,5,0.02713355742171899,4
420086,1,5,-0.1575010744162511,3
420087,1,5,-0.18540927259971152,3
420089,1,5,-0.18004606420460117,3
420091,1,5,-0.2599057974432682,3
420098,1,5,-0.25783419876061087,3
420101,1,4,0.22398798798954214,3
420102,1,4,1.7498810989170999,5
420103,1,5,0.28897020139101726,4
420104,1,5,0.6597614628136667,5
420105,1,5,0.2010913584889898,4
420106,1,5,0.2591086484922252,4
420107,1,5,-0.4667662451958557,2
420108,0,2,0.8141184659227997,NA
420109,1,4,0.33978834256179935,3
420110,0,0,-2.440346445405176,NA
421300,0,1,-1.515822664732732,NA
421301,0,2,-0.60443405547832,NA
421303,0,2,-0.3580312289908192,NA
421304,0,1,0.4372424390837904,NA
430005,1,5,0.4307894500083949,5
430008,1,4,-0.2580087631213702,2
430012,1,5,0.6903724567453478,5
430013,1,5,0.5434085050613884,5
430014,1,5,0.8345825822311164,5
430015,1,5,0.13487970577720634,4
430016,1,5,0.5465549412250488,5
430027,1,5,0.31189546664647366,4
430048,1,4,0.30880580981093486,3
430077,1,5,-0.685687802077787,2
430083,0,0,0.1716180219860515,NA
430084,0,0,-0.01619363450024819,NA
430089,0,3,0.5521826605293979,NA
430090,0,3,1.8513959664118995,NA
430091,0,2,2.4515947713566133,NA
430093,0,0,0.7437880936028972,NA
430095,1,4,1.311004607974649,5
430097,1,5,-0.1321182752598378,3
431300,0,2,0.9867641784585408,NA
431301,0,0,2.0854073369527546,NA
431302,0,0,-0.3246728831781832,NA
431305,0,1,-0.13428095818773067,NA
431306,0,2,0.10352413667311272,NA
431307,0,0,0.45507189734907433,NA
431308,0,1,0.8513988493309135,NA
431309,0,1,-0.019717181686266516,NA
431310,0,1,-0.012777187297582093,NA
431311,0,1,0.5376852691576416,NA
431312,0,2,0.5518012078810517,NA
431313,0,1,0.5382069132723428,NA
431314,0,0,0.8392772440236196,NA
431315,0,1,0.46635011157031475,NA
431316,0,2,0.8920720594265108,NA
431317,0,0,0.7147069597569348,NA
431318,0,2,-0.26064099605772245,NA
431319,0,0,1.0126432841980657,NA
431320,0,1,0.14958128589702563,NA
431321,0,2,0.637688438343928,NA
431322,1,3,0.6466520050000468,4
431323,0,1,0.7554179635819622,NA
431324,0,1,0.5458433434148795,NA
431325,1,3,0.04088882436700139,3
431326,0,2,0.17260076461880727,NA
431327,0,2,0.6507393962894157,NA
431328,0,1,0.4771956884583657,NA
431329,0,1,0.08988236750109385,NA
431330,0,2,0.4109516291138682,NA
431331,0,2,1.0714236952249254,NA
431332,0,1,1.3964722631734467,NA
431333,0,0,0.15258601649635753,NA
431334,0,1,-0.40361389478886195,NA
431335,1,4,-0.19159492258979827,2
431336,0,2,0.9558155674624733,NA
431337,1,3,0.41376091737547804,4
431338,1,3,0.5171256326210961,4
431339,0,2,0.010115776449793792,NA
440001,0,2,0.0531136191526519,NA
440002,1,5,-0.8587390557184885,2
440003,1,5,-0.6555988569582194,2
440006,1,5,-0.6328991333589277,2
440007,1,4,0.7051434350267419,4
440008,1,3,0.1219620425589428,3
440009,1,5,-0.06998812906144827,3
440010,1,3,0.15715298257364113,3
440011,1,5,-0.41655758742867344,2
440012,1,5,-0.4144828628253467,2
440015,1,5,0.13438782181681588,4
440016,1,3,-0.4759943781476218,2
440017,1,5,-0.6168429298156413,2
440018,1,5,0.13884697860737444,4
440020,1,4,0.4963026062621417,4
440029,1,5,0.38270489017520376,5
440030,1,5,-0.6722112614522755,2
440031,1,5,-0.006068400359886844,4
440032,1,4,0.026225199426981753,3
440033,1,5,0.1269502219280959,4
440034,1,5,-0.5616198610410521,2
440035,1,5,-1.0203194470532408,1
440039,1,5,0.05384450571975527,4
440040,1,3,0.5738958852745962,4
440046,1,5,-0.0035846361062239207,4
440048,1,5,-0.4650116395930202,2
440049,1,5,-0.11599864554935513,3
440050,1,5,-0.44143539143399296,2
440053,1,5,-0.29675292358169836,3
440056,1,5,-0.014085620548424577,4
440057,1,4,-0.1427543302417042,2
440058,1,5,-0.007212964462079734,4
440059,1,5,0.05493126061069145,4
440060,1,3,-0.2687487424851425,2
440061,1,4,-0.0045006913028654005,3
440063,1,5,-0.8164753514063154,2
440065,1,5,-0.4203955280894558,2
440068,1,5,-0.45849973826934454,2
440070,0,2,-0.5227692518574538,NA
440072,1,5,-0.5667436480988604,2
440073,1,5,0.0905301581197032,4
440081,1,5,-0.14777069332324264,3
440082,1,5,0.17466169865020506,4
440084,1,5,-0.07400114200719021,3
440091,1,5,0.6216872720614645,5
440102,1,5,0.2691276087440859,4
440104,1,5,-0.8218607419295509,2
440109,1,4,0.2657636950864058,3
440110,1,5,-0.24532174750550778,3
440111,1,4,-1.412479865057347,1
440120,1,5,-0.11312380052174963,3
440125,1,5,-0.27000924522314984,3
440130,1,5,0.05036419674592233,4
440131,1,3,-0.18002069985449937,3
440132,1,5,0.27912991045521673,4
440137,1,4,0.2472013461788185,3
440144,1,5,-0.23812094826013291,3
440148,1,4,0.6418195855650717,4
440150,1,5,-0.40119476901956647,3
440151,1,5,0.129329040753155,4
440152,1,4,-1.515618388209206,1
440153,1,5,0.08152470119589775,4
440156,1,5,-0.0925659592257159,3
440159,0,0,-0.2786213555814124,NA
440161,1,5,-0.13547872957689389,3
440173,1,5,-0.30143303160209833,3
440175,1,4,0.10714845157803587,3
440176,1,5,-0.17045223316038854,3
440180,1,3,-0.33239813643402893,2
440183,1,5,-0.45418923553989005,2
440184,1,5,-0.018253379846732434,4
440185,1,5,-0.5257760670123686,2
440187,1,4,0.6105936102717605,4
440192,1,4,0.29792659246703657,3
440193,1,5,-0.1967612388995958,3
440194,1,5,0.18051590755616584,4
440197,1,5,-0.1356723263205081,3
440200,1,3,0.8559674976728284,5
440218,0,2,0.9737664363408329,NA
440227,1,5,-0.05080264658787167,3
440228,1,5,0.18904305484584488,4
440231,0,0,-0.8467311035678334,NA
440235,0,2,-0.13625672244121148,NA
441300,0,1,0.7801399299866365,NA
441301,0,2,0.11649152775113975,NA
441303,0,2,0.3370962264862232,NA
441304,0,1,0.5918404264901521,NA
441305,1,4,0.6012766477472928,4
441306,0,1,0.9441734911279924,NA
441307,1,4,-0.08554025764017759,2
441309,0,2,-0.23344250477715867,NA
441310,1,4,-0.9490641644244997,1
441311,0,2,0.3629685676631196,NA
441313,0,1,-0.6522453389245687,NA
441314,0,1,0.5212774542276626,NA
441316,1,3,0.1870494489562992,3
441320,0,2,0.15660899955336302,NA
441322,0,0,0.33763515323875154,NA
450002,1,5,0.10805376099517078,4
450007,1,5,0.18478046480743038,4
450010,1,5,-0.051607721940968715,3
450011,1,5,0.15689428136101824,4
450015,1,5,-0.4483001391522131,2
450018,1,5,-0.25792040587944065,3
450021,1,5,-0.24409850290190313,3
450023,1,5,-0.10061309112621417,3
450024,1,5,-0.6144808616760395,2
450028,1,5,0.020361294760863225,4
450029,1,5,-0.253121278132083,3
450032,1,5,-0.6249313322266692,2
450033,1,5,-0.4798471916793739,2
450034,1,5,-0.535151989210161,2
450035,1,5,0.07303585934673792,4
450039,1,5,-0.34885519818434624,3
450040,1,5,-0.2899168717049425,3
450042,1,5,0.10346462010983343,4
450044,1,5,0.2611254253329739,4
450046,1,5,-0.674261393163734,2
450051,1,5,-0.3271073085698834,3
450054,1,5,0.1906057584969415,4
450055,1,4,0.1653860877587085,3
450056,1,5,-0.24452651470281012,3
450058,1,5,-0.2714609360600807,3
450064,1,5,-0.5493943925580599,2
450068,1,5,-0.25431813515539914,3
450072,1,5,-0.019333088610086466,4
450078,0,1,-0.7986493936309589,NA
450079,1,5,0.4649002626370409,5
450080,1,5,-0.3293412224660756,3
450082,1,4,0.36268375236506534,3
450083,1,5,-0.2734029377152918,3
450085,1,3,0.28344242511394224,4
450087,1,5,-0.3651976615473228,3
450090,1,4,-0.16289203816171896,2
450092,1,5,0.25977466281370326,4
450097,1,5,-0.5877991233772537,2
450099,1,5,0.5487071663580984,5
450101,1,5,0.013752508301239679,4
450102,1,5,0.10636272216324039,4
450104,1,5,0.5091428237683181,5
450107,1,5,-0.43215221645643304,2
450108,1,3,0.4627449898086933,4
450119,1,5,0.3204451733056238,4
450124,1,5,-0.13100050656595305,3
450128,1,5,0.1448567757888532,4
450132,1,5,-1.0290696431190993,1
450133,1,5,-0.33736476584092717,3
450135,1,5,-0.5105136489725084,2
450137,1,5,-0.18117681603330021,3
450143,0,1,-0.21786817563709454,NA
450144,1,3,0.006668895385660872,3
450147,1,5,0.14405241968514898,4
450148,1,5,0.19734750984008995,4
450152,1,5,-0.2101120109147604,3
450154,1,4,0.09589947515735608,3
450155,1,3,-0.6587407640208861,2
450162,0,3,0.5291778829723304,NA
450163,1,4,-0.383711314670234,2
450165,1,5,0.6889390545841731,5
450176,1,5,0.3283954667969861,4
450184,1,5,-0.009526047444716274,4
450187,1,4,0.5636761143156965,4
450193,1,5,-0.01803767045118493,4
450194,1,5,0.2256338507135346,4
450196,1,5,-0.08744879603743647,3
450200,1,5,-0.4627604233924989,2
450203,1,5,0.1314601938235934,4
450209,1,5,-0.5596644467544828,2
450210,1,3,-0.5405508498840723,2
450211,1,5,-0.3643750530669945,3
450213,1,5,-0.4507868618101283,2
450219,0,2,0.56985516801938,NA
450222,1,5,-0.9560683656709656,1
450229,1,5,0.32553089886112696,4
450231,1,5,0.01241775864638086,4
450235,1,3,0.033242886376711425,3
450236,1,5,0.04832596839484215,4
450237,1,5,-0.11932879113963613,3
450241,0,1,-0.057740285125427504,NA
450253,0,2,0.34478372542291935,NA
450271,1,5,-0.49441109810928885,2
450272,1,5,0.2373452444935665,4
450289,1,5,-0.4720802830444736,2
450292,1,5,0.2487790771172193,4
450299,1,5,-0.30049362102319815,3
450324,1,5,-0.40035158841991014,3
450330,1,5,0.2769937713109522,4
450340,1,5,-0.23657816998355896,3
450346,1,5,-0.6132413579615262,2
450347,1,5,-1.0334748762613173,1
450348,0,2,0.6128327105506269,NA
450351,1,5,0.44975713288630564,5
450352,1,5,-0.3123254946452945,3
450358,1,5,0.6755702215789215,5
450369,1,3,0.04586323549552983,3
450370,1,4,0.5857932917361138,4
450372,1,5,0.15772134254884984,4
450379,1,5,0.10192535424792178,4
450388,1,5,-0.48044503223820045,2
450389,1,5,-0.23815016223227223,3
450395,1,5,0.16966195130855535,4
450399,1,3,-0.4792631318067903,2
450400,1,4,0.6647376935615331,4
450403,1,5,-0.2478666291610096,3
450411,1,4,0.05979177139810821,3
450419,1,4,-0.6678682644658848,2
450422,0,3,0.45442926026537583,NA
450424,1,5,-0.049742631372082326,3
450431,1,5,0.5861610085806533,5
450447,1,5,0.20986861339157278,4
450451,0,2,-0.842367207651743,NA
450460,1,3,-0.5068371687529462,2
450462,1,5,-0.08304698994038333,3
450465,1,4,-0.053411010729281304,2
450469,1,5,-0.4446695515331091,2
450475,1,4,0.5938984549854086,4
450484,1,5,-0.20809286604390387,3
450489,0,1,-0.44461802635240927,NA
450498,0,2,0.28749776287595374,NA
450508,1,5,-0.12481131436518794,3
450518,1,5,-0.3898534074452469,3
450537,1,5,-0.5572132567041552,2
450539,1,5,0.257810797723332,4
450558,1,5,-0.020199611988473185,4
450563,1,5,0.13848171511742577,4
450565,1,5,-0.5130339941692516,2
450571,1,5,0.2709550368756406,4
450573,1,3,0.32622461507053147,4
450578,0,2,0.2006363011660305,NA
450584,1,4,0.05932832470359187,3
450586,1,3,0.742239247474505,5
450587,1,5,-0.1802377088066135,3
450596,1,5,0.13883014235798052,4
450597,1,4,0.6626845698398246,4
450604,1,5,0.8936468413213211,5
450605,0,2,0.3180623294987772,NA
450610,1,5,0.05164449300556441,4
450617,1,5,-0.682103790278337,2
450634,1,5,-0.08496964581728719,3
450638,1,5,-0.43266693881765494,2
450639,1,5,0.0143975703280983,4
450641,0,2,0.1577186017399267,NA
450643,1,5,0.35142916493969495,5
450644,1,5,-0.21009119331972398,3
450647,1,5,-0.06538414232492253,3
450651,1,5,-0.41209454527460154,2
450653,1,5,-0.5567077978839298,2
450654,1,3,-0.24400779656039076,2
450656,1,5,-0.02307733789653629,4
450658,1,3,0.23841182780885997,3
450659,1,5,-0.0037276807409699353,4
450661,1,5,-0.12331947101074703,3
450662,1,5,-0.1687956169907461,3
450668,1,5,-0.4116457393240553,2
450669,1,5,-0.06946616740745393,3
450670,1,5,-0.6082345306950623,2
450672,1,5,-0.0215428571300093,4
450674,1,3,0.2646746208872219,4
450675,1,5,-0.6783648107536138,2
450677,1,5,0.47821347835862027,5
450678,1,5,-0.3574372718291634,3
450684,1,5,-0.34469527082219853,3
450686,1,5,-0.5038762344634385,2
450688,1,5,-0.033596100491400695,4
450690,1,4,0.8271018825927551,4
450694,1,3,-0.2496616879866847,2
450697,1,5,-0.49739482764716514,2
450698,0,1,-0.5241017483929082,NA
450702,1,5,-0.345659845101296,3
450709,1,5,-0.0045324531332650506,4
450711,1,5,-0.0434375637211922,3
450713,1,5,-0.02901325265106816,4
450718,1,5,0.2735108145600507,4
450723,1,5,-0.39853873105883497,3
450730,1,5,0.12880933200447456,4
450742,1,5,-0.08793414758614165,3
450743,1,5,-0.11235797916464933,3
450747,1,5,0.16610547866984496,4
450755,0,2,-0.3252297583555797,NA
450771,1,5,-0.24982840526477823,3
450774,0,3,0.6914366075323923,NA
450775,1,5,-0.46644805822380125,2
450779,1,5,0.2719207203741963,4
450780,0,3,1.1002520023993658,NA
450788,1,5,-0.1047859885556818,3
450801,1,5,0.0623507982612557,4
450803,0,2,-1.0513915507127556,NA
450804,1,4,1.4065425653771408,5
450808,0,2,-0.16203165511013007,NA
450809,1,5,-0.22145852431515253,3
450820,1,5,0.751902838792532,5
450822,1,5,-0.17962618377140868,3
450825,0,2,0.09175600517959426,NA
450827,0,2,0.3153247069486968,NA
450828,1,4,0.3562614008391948,3
450831,0,1,-0.11261865675504273,NA
450833,1,4,-0.1794605027815471,2
450834,0,3,0.35942754201710747,NA
450840,1,5,0.2799251324165982,4
450844,1,5,0.30158598361233613,4
450847,1,5,-0.025643451656527677,4
450848,1,5,0.4568770639612246,5
450851,1,3,1.2161511159162437,5
450853,1,4,0.35075265515648313,3
450855,1,5,0.5219640861863194,5
450856,0,3,0.6417231211434913,NA
450860,0,3,0.67828878646796,NA
450862,1,5,0.09951052622920482,4
450864,1,4,0.9781340222062551,5
450865,0,2,0.4110503145211185,NA
450867,1,5,0.2591804609108948,4
450869,1,5,0.11152247317680433,4
450871,0,1,1.1421829686190954,NA
450872,1,4,-0.03090519963894471,2
450874,0,2,0.3714135458951322,NA
450875,0,2,0.8426847243226226,NA
450876,1,5,-0.34011579353510035,3
450877,1,3,-0.06810286738132248,3
450880,0,3,0.40206774934141615,NA
450883,0,3,0.5618807668878728,NA
450885,1,5,-0.11709418079796642,3
450888,0,3,1.8543702242999993,NA
450889,0,2,1.7196714005340987,NA
450890,1,5,0.018771249901687513,4
450891,1,4,0.14547648161480975,3
450893,1,4,1.21867060065552,5
451300,0,1,0.17091270138495385,NA
451303,0,2,-0.10077894005161234,NA
451304,0,1,0.3661923828604036,NA
451305,0,1,0.7394803793850648,NA
451306,0,1,0.11929923217560881,NA
451307,0,0,1.4696601498622066,NA
451308,0,0,0.028816211189777577,NA
451310,0,0,1.1237582841472171,NA
451311,0,1,0.15075539063956445,NA
451312,0,0,0.33866224075408163,NA
451313,0,1,1.0291220893294377,NA
451314,0,0,-1.2715152550063058,NA
451315,0,0,-0.6012726249000276,NA
451316,0,1,0.6522490013313387,NA
451317,0,0,-0.523664391542772,NA
451318,0,0,1.4450665317571354,NA
451319,1,3,0.319877214625891,4
451320,0,1,-0.17208118709796139,NA
451322,0,0,1.799454395740903,NA
451323,1,3,0.4296755931670448,4
451324,0,0,1.5616261044310902,NA
451325,0,0,1.6238641104500302,NA
451329,0,0,1.4910495090415772,NA
451330,0,2,0.24465119667981167,NA
451331,1,3,0.5598896505163236,4
451333,0,1,0.6330897864872018,NA
451334,0,0,0.448249462567772,NA
451337,0,1,-0.07796748828512426,NA
451338,0,1,0.3288573477207479,NA
451341,0,2,0.6308267733494177,NA
451342,0,2,0.1905370014486852,NA
451343,0,2,0.9125921771974657,NA
451344,0,1,0.287700413007047,NA
451346,1,3,0.09355067646719795,3
451347,1,3,-1.0627843620785367,1
451349,0,2,0.9427487487134385,NA
451350,0,1,0.7513357668449266,NA
451351,0,0,-0.15157184583994415,NA
451353,0,0,0.831274817951389,NA
451354,0,2,-0.14624766876582646,NA
451355,0,1,0.8841437366194963,NA
451356,1,4,0.801735731118998,4
451357,0,0,1.027361090221885,NA
451359,1,3,-0.5550594414667887,2
451361,0,2,0.5284765610867178,NA
451362,0,0,0.8572426868169293,NA
451363,0,1,0.019235878961645303,NA
451364,0,2,0.45020049927926525,NA
451365,0,3,0.32828402265841145,NA
451367,1,4,1.0248961180281,5
451369,0,2,0.7424196887843093,NA
451370,1,3,-0.1776077138472904,3
451371,1,4,0.6763128056993587,4
451372,0,0,0.6601128536112543,NA
451373,1,3,0.27165939519868004,4
451374,0,1,1.1965921548880933,NA
451375,0,1,0.33073288778357046,NA
451376,1,3,0.9749555202908816,5
451377,0,2,-0.7932521908416007,NA
451378,1,4,0.25208231708917894,3
451379,0,3,0.9077512984016395,NA
451380,1,4,1.246056148699347,5
451382,1,4,0.40023864059163516,3
451384,1,3,0.3807185488554264,4
451385,1,3,-0.3059789778423487,2
451386,1,4,-0.5562147135324456,2
451387,1,4,0.127069674274107,3
451389,0,0,-0.1752902360856776,NA
451390,0,1,-0.7054590149808211,NA
451391,0,1,0.7648240143128079,NA
451392,1,4,1.0569840038815839,5
451394,0,0,1.0568952571148142,NA
451395,0,0,1.632202699820603,NA
460001,1,5,0.40521826181994275,5
460003,1,5,-0.1630144254616684,3
460004,1,5,0.2118349632396991,4
460005,1,5,-0.5132782561073277,2
460006,1,5,0.6502199886333309,5
460007,1,5,0.6627341919252157,5
460009,1,5,0.39710824562050834,5
460010,1,5,0.44830755701687086,5
460011,1,5,0.37634405316126357,5
460013,1,5,0.416544695730659,5
460014,0,3,0.29599986822165725,NA
460015,1,5,0.17605547449620723,4
460017,0,3,0.5382272878324443,NA
460019,1,5,0.071789331629651,4
460021,1,5,0.533335052325583,5
460023,1,4,0.31912566384082397,3
460026,0,3,0.7119896661488835,NA
460030,1,5,0.418367226844949,5
460039,0,2,0.16891925023549764,NA
460041,1,5,-0.175331635277946,3
460042,1,5,0.40221522909315527,5
460043,0,2,0.491502691163248,NA
460044,1,5,0.7428253119308994,5
460047,1,5,-0.12248764969208065,3
460049,0,3,1.3071443514692482,NA
460051,1,5,-0.44901411426971116,2
460052,1,5,-0.08553415029305869,3
460054,0,3,0.1434294805490643,NA
460057,1,4,1.0463531993739905,5
460058,1,4,0.7975444090197725,4
460060,1,4,0.5779548436853056,4
460061,0,2,0.08330342880724129,NA
461300,0,2,0.7096349457120843,NA
461301,0,2,0.8801666414390643,NA
461302,0,1,0.32665490773150196,NA
461303,0,2,0.5562860502754265,NA
461304,0,3,0.3334082742660682,NA
461305,0,1,1.458070982916282,NA
461306,0,3,0.6908012971441533,NA
461307,0,3,0.9129204226114431,NA
461308,0,1,-1.4186554126939723,NA
461309,0,2,0.3560022586963082,NA
461310,0,0,0.21684058979675436,NA
461333,0,2,0.8838057863829006,NA
461335,0,2,-0.43395449198160935,NA
470001,1,5,0.6377097394060239,5
470003,1,5,0.3643527836341351,5
470005,1,5,0.24566280955727587,4
470011,1,5,-0.7945011715891741,2
470012,1,5,0.020503178855477623,4
470024,1,5,-0.22036787136776484,3
471300,0,1,0.011898723618382026,NA
471301,1,4,0.17221601877823448,3
471302,1,3,0.5263952914860341,4
471303,1,4,0.18552742014694787,3
471304,1,3,-0.28038029416015053,2
471305,1,4,0.7645196809237189,4
471306,0,2,0.6128329954041302,NA
471307,1,4,0.3712760680711778,3
480001,1,4,-1.7223328174226753,1
480002,1,3,-0.9858376669704263,1
490001,1,5,0.2642359386237768,4
490002,1,3,0.04451364260526906,3
490004,1,5,0.2578029534080282,4
490005,1,5,-0.2990137042793501,3
490007,1,5,0.041037608466867506,4
490009,1,5,0.25762461242968693,4
490011,1,5,-0.463343273419057,2
490013,1,5,0.028504066088719814,4
490017,1,5,-0.1365691169954372,3
490018,1,5,0.1021179310733461,4
490019,1,5,-0.26783385272467947,3
490020,1,5,-0.3046978705682951,3
490021,1,5,0.09418947889193799,4
490022,1,5,-0.18388514069346723,3
490023,1,5,-0.7126654213644068,2
490024,1,5,-0.34509570279661983,3
490032,1,5,0.06093850055406849,4
490033,1,4,-0.16021925113184138,2
490037,1,4,0.27260050563589155,3
490038,1,5,0.5509974554388883,5
490040,1,5,0.2181410958982934,4
490041,1,5,0.4152570496919432,5
490042,1,5,0.035775640915325646,4
490043,1,5,0.49585565195578946,5
490044,1,5,0.020931606402435732,4
490045,1,5,4.1758551910596464e-05,4
490046,1,5,0.5610960627600485,5
490048,1,5,-0.15823095962001826,3
490050,1,5,0.16121029381598923,4
490052,1,5,-0.5749361666235585,2
490053,1,5,-0.02989878306436605,4
490057,1,5,-0.2926644949212902,3
490059,1,5,0.29809540513205623,4
490060,1,5,-0.2058902054159674,3
490063,1,5,0.31332485733352167,4
490066,1,5,0.5411770804836679,5
490067,1,5,-0.5047578101128347,2
490069,1,5,-0.1739328465464626,3
490075,1,5,-0.34307836678839254,3
490077,1,5,0.0759719492083808,4
490084,1,5,0.27277462363653593,4
490088,1,4,0.327460294427644,3
490089,1,4,-0.7829242425470633,1
490090,1,5,0.21206731857802485,4
490092,1,5,-0.3519069026214743,3
490093,1,5,-0.07662835952271274,3
490094,0,2,0.5626615512431761,NA
490097,1,4,-0.032062714358086414,2
490098,1,5,-0.3263110246212288,3
490101,1,5,0.8140501742735492,5
490107,1,5,0.21185443584364597,4
490110,1,5,0.03229269385508201,4
490111,1,5,-0.09893623582907929,3
490112,1,5,-0.27983253166821087,3
490113,1,5,-0.2906504409153253,3
490114,1,5,-0.8316598878112184,2
490115,1,5,-0.23909175893230766,3
490116,1,5,-0.06821753442013317,3
490117,1,3,-0.526801238274847,2
490118,1,5,0.3003742473859274,4
490119,1,5,0.1874169454700688,4
490120,1,5,0.08144451479634217,4
490122,1,5,0.4351303873205112,5
490126,1,5,0.5098943650623756,5
490127,1,4,0.01691573208664241,3
490130,1,5,0.07895121696180768,4
490136,1,5,0.3107777097023385,4
490140,1,5,-0.3114657950946841,3
490141,1,5,-0.27167456896865916,3
490143,1,5,0.19477183646926383,4
490144,1,5,-0.10963565981482006,3
490145,1,4,0.19275595174115034,3
491300,1,3,0.24651267720137376,4
491302,1,4,0.2311434330508926,3
491303,0,1,0.9830354888139603,NA
491304,1,4,-0.18217227617273773,2
491305,1,4,-0.2007261945121928,2
491307,1,3,-0.1406376496876431,3
491308,1,4,-0.20450247863888943,2
500001,1,5,0.030948212427521847,4
500002,1,5,0.4056602421722079,5
500003,1,5,-0.5375657122841342,2
500005,1,5,0.6541497768971362,5
500007,1,5,0.14218077716392286,4
500008,1,5,0.09103350993983515,4
500011,1,5,-0.5279086583541064,2
500014,1,5,-0.2575773211471264,3
500015,1,5,-0.29633905494968793,3
500016,1,5,0.245689217407638,4
500019,1,5,-0.13826109538761056,3
500021,1,5,-0.24307565434038236,3
500024,1,5,-0.47084895661797777,2
500025,1,5,0.3958495753246353,5
500026,1,5,-0.24004585111574286,3
500027,1,5,0.1913743930428864,4
500030,1,5,0.13624544992193177,4
500031,1,5,-0.3861450674060404,3
500033,1,5,-0.013775578655872749,4
500036,1,5,-0.8068447701538742,2
500037,1,4,0.20419677723450483,3
500039,1,5,-0.3414262103532758,3
500041,1,5,-0.5766713949630715,2
500044,1,5,-0.01895972575594065,4
500050,1,5,-0.20603416173032396,3
500051,1,5,0.2658097097564127,4
500052,0,1,0.6229908495135734,NA
500053,1,5,-0.5402986465815369,2
500054,1,5,-0.19690237368003485,3
500058,1,5,0.2881306470362897,4
500060,1,5,-0.19279368156834073,3
500064,1,5,-0.8565053289467213,2
500072,1,5,0.2114073464687044,4
500077,1,5,-0.49071805551260195,2
500079,1,5,-0.4221130375546343,2
500084,1,5,-0.4861556644358998,2
500088,1,5,0.1620413908228661,4
500108,1,5,-0.08774108474830294,3
500119,1,5,-0.07298679682081097,3
500124,1,5,0.4665385405038552,5
500129,1,5,0.07554758221275953,4
500139,1,5,-0.3369848377729234,3
500141,1,5,-0.2868397160600123,3
500148,0,3,1.0752235958134813,NA
500150,1,5,0.8158946372144714,5
500151,1,5,0.3304009863055853,4
500152,1,5,0.1308751120593851,4
500154,0,3,0.8024533200884789,NA
501301,0,0,-0.6399423090975556,NA
501302,0,1,0.8056209611366867,NA
501303,0,2,0.24504411777166454,NA
501304,1,3,-0.2482899574251294,2
501305,0,2,0.28539576843262254,NA
501307,0,1,1.5530326767141873,NA
501308,1,3,-0.4636789333128095,2
501309,1,3,0.9055014085498354,5
501310,1,3,-0.08444551543519271,3
501311,0,0,0.8911484482307171,NA
501312,1,4,0.048805494985552436,3
501313,0,1,0.6350606412867601,NA
501314,0,2,0.38018013268785594,NA
501315,0,2,0.8261249223301719,NA
501316,0,1,1.213728244026351,NA
501317,0,1,-0.11857141573372232,NA
501318,0,1,0.44145239408900816,NA
501319,0,1,-0.5323179988864961,NA
501320,0,1,0.7905453210193462,NA
501321,0,2,-0.000577970277016171,NA
501322,0,0,0.5112965843799337,NA
501323,1,4,0.5580972260625472,4
501324,0,0,-0.45132417631969046,NA
501325,0,2,-0.0960639093100627,NA
501326,1,4,0.2951534746661219,3
501327,1,3,-0.026895845399929615,3
501328,0,2,-0.4081183001428107,NA
501329,1,4,-0.10510060264788215,2
501330,1,4,-0.46674874731987825,2
501331,1,4,0.5209623546359112,4
501332,1,4,-0.8248918222402195,1
501333,1,4,0.5337026854512759,4
501334,0,1,0.8851356747376642,NA
501335,1,4,0.2600473632450713,3
501336,1,4,-0.5403750918522567,2
501337,1,5,0.5289174753574053,5
501338,0,1,-0.8168436388508974,NA
501339,1,4,-0.4599822729873699,2
501340,0,1,0.3553095394162089,NA
510001,1,5,-0.648002633209926,2
510002,1,5,0.019844638649967643,4
510006,1,5,0.4668773742732164,5
510007,1,5,-0.6538471243455138,2
510008,1,5,-0.6953146848773131,2
510012,1,5,-0.16176080179558558,3
510013,1,5,-0.30288324184477355,3
510022,1,5,-0.748150923190609,2
510023,1,5,-0.21962836976842448,3
510024,1,5,0.14777874367272592,4
510029,1,5,-0.391220105436631,3
510030,1,5,-0.19913647586049882,3
510031,0,1,0.17078161869325703,NA
510038,1,5,0.6911401937205011,5
510039,1,5,-1.173266479158459,1
510046,1,5,-0.33090102216848033,3
510047,1,4,-0.1908240552601319,2
510048,1,5,0.20395736516199806,4
510050,1,5,-1.4903635691806358,1
510055,1,5,-0.49921946460737593,2
510058,1,5,-0.32256608610960685,3
510062,1,5,-0.7188734823578011,2
510070,1,5,-0.9366440618624632,1
510071,1,5,-0.3127614942378864,3
510072,0,2,-0.014203592053206641,NA
510077,1,3,-0.1924304341411642,3
510086,0,3,0.16639586658517172,NA
510091,0,2,0.9979462538563023,NA
511300,0,0,-2.9566196378743235,NA
511301,0,1,-0.5910211919236982,NA
511303,0,2,0.053348660309306795,NA
511304,0,1,0.9215002499900272,NA
511306,0,2,-0.2881272709890537,NA
511307,0,2,0.4078960550472844,NA
511308,0,1,0.2674473162483124,NA
511309,0,3,0.6580118673518462,NA
511310,0,2,0.43555784137198905,NA
511311,1,3,0.4093353965482346,4
511312,0,3,0.6598852905631544,NA
511313,1,4,0.8649135675760765,4
511314,0,2,0.6496456819905558,NA
511315,1,4,0.6875889117981132,4
511316,1,4,0.5810952064121031,4
511317,1,4,0.3251699460908275,3
511318,0,1,-0.11250092008094137,NA
511319,1,4,-0.6217668325945441,2
511320,1,4,0.8021016050044022,4
511321,0,3,0.514053815190101,NA
511322,0,1,-0.044496229305048235,NA
520002,1,5,0.4207421366527952,5
520004,1,5,0.4787635976637772,5
520008,1,5,0.23719582027156835,4
520009,1,5,-0.23849977592921706,3
520011,1,5,0.41969608132203495,5
520013,1,5,-0.11513743994576797,3
520017,1,5,0.44197887289270166,5
520019,1,5,0.05893904149453767,4
520021,1,5,-0.6149240190063552,2
520027,1,5,0.18784598717644063,4
520028,1,5,0.655752883055845,5
520030,1,5,-0.08661335134251445,3
520033,1,5,-0.3931491949904681,3
520034,1,5,0.30379443717024296,4
520035,1,5,0.7620729684733046,5
520037,1,5,-0.34081055939122895,3
520038,1,5,0.5641512342863545,5
520041,1,5,0.08576461953377708,4
520044,1,5,-0.12015197269331834,3
520045,1,5,-0.0101074318780625,4
520049,1,5,0.6389329632209881,5
520051,1,5,0.06242061770812876,4
520057,1,5,0.3657243107412032,5
520059,1,5,-0.33214791185636733,3
520062,1,5,0.41381840826126626,5
520063,1,5,0.3904946311124695,5
520066,1,5,-0.23599433394988162,3
520070,1,5,0.726684738717426,5
520071,1,5,0.8949252707937853,5
520075,1,5,0.45214741501216793,5
520076,1,5,-0.01725402206911645,4
520078,1,5,-0.4837912503713763,2
520083,1,5,0.6096222040363032,5
520087,1,5,-0.016363114347875823,4
520088,1,5,-0.11891344240821719,3
520089,1,5,0.7629022920908084,5
520091,1,5,0.22688687347413578,4
520095,1,4,0.8915301273258691,4
520096,1,5,-0.16141132295305602,3
520097,1,5,-0.21229883636418972,3
520098,1,5,0.6233160767744307,5
520100,1,5,-0.1451291427442095,3
520102,1,5,0.5287034659291672,5
520103,1,5,0.5146019493646491,5
520107,1,5,0.16289657625204224,4
520109,1,4,0.2663569885287437,3
520113,1,5,0.7072215926076242,5
520116,1,5,0.545524489983645,5
520136,1,5,-0.07390686250770767,3
520138,1,5,0.3000646701126366,4
520139,1,5,0.00341463845951101,4
520160,1,5,-0.0227518855731266,4
520177,1,5,0.03661365316702943,4
520189,1,5,0.43286215850295856,5
520193,1,5,0.2868324594365779,4
520194,0,2,1.8828936763315811,NA
520196,0,3,1.6280587002485252,NA
520198,1,5,0.3129443048614666,4
520202,1,5,0.24437817883456964,4
520205,0,2,1.482772936053344,NA
520206,1,5,-0.03413354645975316,4
520207,1,5,0.41318854948195527,5
520208,1,5,0.6022718847368345,5
520210,1,3,0.01152246866642953,3
521300,1,3,0.669661451759968,4
521302,0,2,-0.8404974283753514,NA
521303,0,1,0.7023253578567181,NA
521304,0,2,0.3161507814557359,NA
521305,0,2,1.090497943152734,NA
521307,0,1,-0.0923676403252644,NA
521308,1,4,0.4044400860412974,3
521309,0,1,0.1929401384717187,NA
521310,0,2,0.5913266044245091,NA
521311,0,2,0.4976400573859847,NA
521312,0,3,0.443730750888,NA
521313,1,3,0.1841094604118361,3
521314,0,2,0.6289438477588793,NA
521315,1,4,-0.4081647495544598,2
521316,0,1,0.7379567086455174,NA
521317,0,1,0.6535199238137095,NA
521318,0,3,0.8290079207747768,NA
521319,0,1,0.7491760920614597,NA
521320,1,4,-0.500820814299767,2
521321,0,3,0.7799062815258628,NA
521322,0,3,0.5198330495670516,NA
521323,0,1,0.25759017236455306,NA
521324,0,3,0.28306639060726907,NA
521325,1,3,-0.22438070110378333,2
521326,1,4,0.35629526995559735,3
521327,0,3,0.4902582510819279,NA
521328,1,3,0.5412701733710936,4
521329,1,4,0.22096507506702975,3
521330,1,4,0.6480075325911798,4
521331,0,1,0.2977110373718517,NA
521332,0,2,0.5851569532407102,NA
521333,1,4,-0.16369553477797788,2
521334,1,4,-0.2702591367888749,2
521335,0,3,0.7344664191314092,NA
521336,1,4,0.06628671628117287,3
521337,1,4,0.7470170700981597,4
521338,1,4,0.2111366888981977,3
521339,0,2,1.4552684751137863,NA
521340,1,5,0.13651352152737375,4
521341,1,4,0.31304412156672545,3
521342,0,2,-0.7289920718158883,NA
521343,0,3,0.596629444049727,NA
521344,0,1,0.30152861083094595,NA
521345,1,4,0.5372480254350886,4
521346,1,4,0.49587805003604024,4
521347,0,3,0.9388771186819317,NA
521348,0,3,0.6126723807249066,NA
521349,1,4,0.6110820767374382,4
521350,1,4,0.9876508395226508,5
521351,1,4,-0.5309995369912469,2
521352,1,5,0.05956592503790263,4
521353,0,2,-0.7164149376676567,NA
521354,0,3,0.961271459343258,NA
521355,1,5,0.20014950381864355,4
521356,0,1,0.23012579421277118,NA
521357,1,4,0.4065551699563315,3
521358,1,4,0.7688834720543971,4
521359,1,4,0.30170854071889264,3
530002,1,5,0.1499497038355832,4
530006,1,5,0.5291966633511633,5
530008,1,5,-0.5459866024191878,2
530011,1,4,-0.17600701696449977,2
530012,1,5,-0.05715128539982845,3
530014,1,5,-0.12729808452056676,3
530015,1,5,0.9281999664617108,5
530025,1,5,0.22704758018200663,4
530032,1,4,0.008666555199563511,3
530034,0,1,0.938708094659729,NA
531301,0,1,0.4439748915448845,NA
531302,1,4,0.2755142276337739,3
531303,0,1,0.19898675983988326,NA
531304,1,3,-0.7750187338653742,1
531305,1,3,-0.24171860818831153,2
531306,1,3,-0.21009954519260382,2
531307,1,3,-0.9285875401368796,1
531308,0,2,0.4820273473559287,NA
531309,1,3,-0.22635105321362814,2
531310,1,4,0.605890674093323,4
531311,0,0,1.0646449134510532,NA
531312,1,5,-0.13056313782388684,3
531313,0,3,-0.08815861257259999,NA
531314,0,0,-0.024717002343637884,NA
531315,0,0,0.7436829211301499,NA
531316,0,2,-0.977412141619161,NA
640001,0,0,1.650813818774214,NA
650001,1,3,0.058816723888836187,3
660001,0,2,-0.31855913250658,NA
670004,1,4,-0.039538620682509774,2
670005,0,2,-0.3651301870320829,NA
670006,0,3,0.6609300858451816,NA
670008,0,3,-0.0875534014332654,NA
670010,0,0,1.8522173223292862,NA
670023,1,5,0.049588039786019986,4
670025,1,5,0.6881194801814117,5
670031,1,5,-0.05682550561797303,3
670034,1,5,0.08147949700835055,4
670041,1,5,-0.23630300946670849,3
670043,1,5,-0.316801543570375,3
670044,1,5,0.5436254220896778,5
670047,1,5,-0.24311217478320513,3
670049,0,3,1.8546409593128974,NA
670053,1,5,-0.40864713787384377,2
670054,0,3,1.037025019603781,NA
670055,1,5,-0.14358624750816543,3
670056,1,5,0.23280095201738082,4
670059,0,3,0.4863048843702463,NA
670060,1,5,-0.27443656317671183,3
670061,0,3,1.101277573684964,NA
670062,0,1,0.5213978006373239,NA
670067,0,3,0.8630056365042394,NA
670068,1,5,0.16661745363968594,4
670069,0,3,0.16685014770756326,NA
670071,1,4,0.9877945663874609,5
670073,1,4,0.9573319338705103,5
670075,1,5,-0.09510641667934365,3
670076,0,3,0.8022654379302943,NA
670077,1,5,0.27927685519152395,4
670078,0,3,1.3909986578433462,NA
670080,1,5,0.2554165462833336,4
670082,1,5,-0.027799090553838668,4
670085,1,5,0.4883991971120278,5
670088,1,5,0.05248549905759971,4
670090,0,2,-0.6355226539718549,NA
670093,0,0,-2.0544753968392513,NA
670095,0,1,0.4159199200139705,NA
670098,1,5,-0.3788600605112793,3
670102,0,0,0.47679340808419585,NA
670103,1,5,0.30132738239314455,4
670106,1,4,-0.15858674502471595,2
670107,0,1,0.6476912059068769,NA
670108,1,5,1.0216677692744383,5
670110,0,1,-0.6857620014831752,NA
670112,0,3,0.505070370831898,NA
670116,0,3,0.527461931514259,NA
670118,0,1,0.24707989695117905,NA
670120,1,5,0.08220381013487121,4
670121,0,0,0.5169047299165955,NA
670122,1,5,0.339585058970328,4
670124,0,1,0.2972138964064386,NA
670128,0,1,0.40267962779291894,NA
670131,0,0,1.1547636931871896,NA
