PROVIDER_ID,report_indicator,Total_measure_group_cnt,summary_score,star
010001,1,5,-0.16220768312561748,3
010005,1,5,-0.3461807182235458,2
010006,1,5,-0.8091088114310546,1
010007,1,4,-0.4926041534050827,2
010008,0,1,-0.7717466811666598,NA
010011,1,5,-0.41351132790551154,2
010012,1,5,-0.10156735979847231,3
010016,1,5,0.06812828531075404,4
010018,0,1,0.6569437604177388,NA
010019,1,5,-0.7157712088000254,1
010021,1,4,0.10725403900119923,3
010022,0,2,0.45607844052182056,NA
010023,1,5,-0.6262637031848881,2
010024,1,5,-0.7591587371068624,1
010029,1,5,-0.519261068912571,2
010033,1,5,-0.020883393476636626,3
010034,1,3,-0.5117128631482665,2
010035,1,5,-0.29805539878297466,2
010036,1,5,-0.14677675490228392,3
010038,1,4,-0.2554100162163627,2
010039,1,5,-0.5141390873884522,2
010040,1,5,-0.4838987487804615,2
010044,1,3,1.0273618199334074,5
010045,1,4,0.23510776050737853,4
010046,1,5,-0.041870807214869354,3
010049,1,5,-0.49882512986646377,2
010051,0,1,1.0471236055391144,NA
010052,0,1,-0.11228308222225876,NA
010055,1,5,-0.6597182974368615,2
010056,1,5,0.20022765169004011,4
010058,0,1,-0.015262659694757583,NA
010059,0,2,0.31085430773330053,NA
010061,1,5,-1.123210618936704,1
010062,1,3,-0.10460633309032213,3
010065,1,5,-0.13613090419177826,3
010069,0,3,0.013032236098998534,NA
010073,0,2,0.3440111339846892,NA
010078,1,5,-0.6143185619755119,2
010079,1,5,0.2959026949701372,4
010083,1,5,0.3487988657322012,4
010085,1,5,-0.31651577061261177,2
010086,1,4,0.12876892251500938,3
010087,1,5,-0.2977101886395128,2
010089,1,5,-0.780845592379626,1
010090,1,5,-0.21474436425821264,3
010091,0,2,-0.09020405914378862,NA
010092,1,5,-0.7573021955558292,1
010095,0,1,-0.08506552164664216,NA
010097,0,1,-0.0424064919992484,NA
010099,1,4,-0.03878550224322379,3
010100,1,5,0.038459035033142505,4
010101,1,4,-0.28872555978568704,2
010102,0,1,-2.139789198564708,NA
010103,1,5,-0.001463096412951368,3
010104,1,5,-0.30061430869237915,2
010108,1,5,0.006165663980566324,3
010110,0,1,-0.8041016844167861,NA
010112,1,4,-0.1259590926893111,3
010113,1,5,-0.43182027037987103,2
010114,1,5,-0.4638131562065167,2
010118,1,5,-0.44880347846002483,2
010120,0,3,-0.3115329615618884,NA
010125,1,4,0.314918777886694,4
010126,1,4,0.19155115503592376,3
010128,0,2,-0.8335288565260648,NA
010129,0,3,-0.2216456736411514,NA
010130,1,5,-0.32763882716053916,2
010131,1,5,-0.0889281952389234,3
010138,0,1,1.1518627912132882,NA
010139,1,5,-0.4638708172380139,2
010144,1,5,-0.3597128714274435,2
010148,1,4,-0.20210657369638513,2
010149,1,5,-0.24949761481652358,3
01014F,1,5,0.022427640521342666,3
010150,1,3,-0.2558608493781444,3
010157,0,2,0.3849733509911125,NA
010158,1,4,-0.4579139874389942,2
010164,1,5,-0.02199879040140939,3
010168,1,4,0.38726485651096965,4
010169,1,4,0.23948167663341752,4
010173,0,3,0.431120744855465,NA
010174,0,1,-0.4858141487727987,NA
010175,0,1,0.3347730476155524,NA
01019F,1,4,0.5811651364648787,4
01021F,0,0,-0.08213739119527952,NA
011300,0,0,0.23516547998039133,NA
011302,0,1,-0.12285996385774067,NA
011304,0,0,1.4624185351972792,NA
011305,0,3,0.2654032254253779,NA
011306,0,1,0.07955183855040204,NA
020001,1,5,-0.48851418644844624,2
020006,1,5,-0.3438664142533063,2
020008,1,5,0.16350087741838054,4
020012,1,5,-0.0037799688747005428,3
020017,1,5,0.002655373548764457,3
020018,0,3,0.15811634422075083,NA
020024,1,5,-0.7523380026621738,1
020026,1,5,0.014844143470497062,3
021301,0,1,-0.13956573143066497,NA
021302,0,1,-0.10960389528334848,NA
021304,0,0,0.1191348363694285,NA
021305,0,0,-0.42397605891395884,NA
021306,0,1,-0.19592908459227948,NA
021307,0,0,0.9758480269353135,NA
021308,0,0,-0.6570960607014451,NA
021309,0,0,1.2347288015541331,NA
021310,0,0,1.2328310874363209,NA
021311,0,2,0.31823867676278783,NA
021312,0,0,-0.5334541618240848,NA
021313,0,3,0.04878877009363071,NA
021314,0,0,-0.46666480966733553,NA
030002,1,5,-0.22927077070995844,3
030006,1,5,-0.03317874864237337,3
030007,1,5,0.2330748778297734,4
030010,1,5,-0.5343307650873347,2
030011,1,5,-0.18885937408134032,3
030012,1,5,-0.5174855411237763,2
030013,1,5,-0.6165641224120693,2
030014,1,5,-0.20144460016501253,3
030016,1,5,-0.6052101153982832,2
030022,1,4,-0.12045478290253532,3
030023,1,5,-0.05476112268327818,3
030024,1,5,0.004647403032542213,3
030030,1,5,-0.5961933317645534,2
030036,1,5,0.1697926868161908,4
030037,1,4,-0.38443617079452197,2
030038,1,5,-0.1539913577781043,3
030043,1,5,-0.028919678047076118,3
030055,1,5,-0.1745058264854896,3
030061,1,5,-0.29522103721156456,3
030062,1,5,0.4267258314042198,5
030064,1,5,-0.23824432560790354,3
030065,1,5,-0.368519546612009,2
030069,1,5,-0.4517624677656392,2
030071,0,2,-0.011121378732341425,NA
030073,1,4,-0.6202540480963944,2
030074,0,0,-1.0770369715959205,NA
030077,0,0,0.8783269598577401,NA
030078,0,1,-0.14330219828852572,NA
030083,1,5,-0.7817708350287665,1
030084,0,2,-0.34960476076701513,NA
030085,1,5,-0.7997564532953381,1
030087,1,5,-0.016081624884059828,3
030088,1,5,-0.43996048521832276,2
030089,1,5,-0.1051989784594127,3
030092,1,5,-0.2910209152517479,3
030093,1,5,-0.06087776125960771,3
030094,1,5,-0.06202344755353956,3
030101,1,5,-0.912477785471731,1
030103,1,5,1.2400528414201804,5
030105,1,4,0.2153519270978923,4
030107,0,2,1.8496318199918547,NA
030108,0,2,1.0027941610651636,NA
030110,1,5,-0.5771213918547564,2
030111,1,5,0.09901186624491473,4
030112,0,2,-0.6116904476770031,NA
030113,0,2,0.4390601435559748,NA
030114,1,5,-0.14044983040704773,3
030115,1,5,-0.319991249403684,2
030117,1,5,-0.8053945303695205,1
030119,1,5,0.189591826857916,4
030121,1,5,-0.8946101231861108,1
030122,1,5,-0.08090594871551895,3
030123,1,5,0.4086866325143914,5
03012F,1,5,0.2948277537021602,4
030130,1,5,-0.3779456389037328,2
030131,0,2,0.6399324825438377,NA
030134,0,3,-0.02345730036819961,NA
030136,0,1,-0.10080855251004688,NA
030137,1,4,-0.1644734888708825,3
030138,0,3,0.6140646080251233,NA
030139,1,3,0.7182289865812355,5
03013F,1,5,-0.14860742161925333,3
030146,0,2,0.3917066985243461,NA
030147,0,3,-0.5758041820757184,NA
030148,0,2,-0.17910349561082692,NA
03033F,1,4,0.8802648220245078,5
031300,0,1,0.10990261637017519,NA
031301,0,1,0.021864393372721058,NA
031302,0,0,0.19004313359137143,NA
031304,0,1,0.4504494228475071,NA
031305,0,0,-0.022502543646363338,NA
031308,0,0,1.135271881372076,NA
031309,0,0,-0.0999973504595223,NA
031311,0,3,-0.344493164044937,NA
031312,0,1,1.0656602765038314,NA
031313,0,1,0.4299172307239345,NA
031314,1,4,0.2814789853082005,4
031315,0,1,-0.15314812842462616,NA
031317,0,1,-0.5577015210337892,NA
031318,1,4,-0.25256121890433253,2
031319,0,1,0.5740337608944249,NA
040001,1,4,0.2489915656640161,4
040002,1,5,0.14630270531853287,4
040004,1,5,0.09238176374381425,4
040007,1,5,-0.4624966761768228,2
040010,1,5,0.38228160301500524,4
040011,1,4,0.13195055534598377,3
040014,1,5,-0.5220630135755601,2
040015,1,3,-0.5364219952030602,2
040016,1,5,-0.37189858344777993,2
040017,1,5,-0.19567012191597102,3
040018,0,2,0.24346197222557367,NA
040019,1,4,-0.22661261711260103,2
040020,1,5,-0.8611515512213145,1
040022,1,5,-0.32475758576961283,2
040026,1,5,0.28451065573105144,4
040027,1,5,-0.5243123990077477,2
040029,1,5,-0.2828000347116174,3
040036,1,5,-1.1339542840477452,1
040039,1,5,-1.3432654493849774,1
040041,1,5,-0.4826101111999631,2
040047,1,3,-0.9621977423894597,1
040050,1,4,-0.13963737369944212,3
040051,1,4,0.23046169068840544,4
040055,1,5,-0.8120949090501948,1
040062,1,5,-0.015700426543708172,3
040067,1,4,0.07478288426924815,3
040069,1,4,-0.48699320957989056,2
040071,1,5,-0.6688335061730656,2
040072,1,4,0.4251178025956031,4
040076,1,3,0.17819255059973377,3
040078,1,5,-1.3491015345564947,1
040084,1,5,-0.16922952528371354,3
040085,0,2,0.35243587122220943,NA
040088,1,5,-0.07823939901307721,3
04009F,1,4,0.8949388165572885,5
04010F,1,5,0.07898183098550142,4
040114,1,5,-0.4159412036370605,2
040118,1,5,-0.22770940147581398,3
040119,1,5,-0.4788264860586594,2
040132,0,0,1.0992412348579461,NA
040134,1,5,0.4665542701381341,5
040137,1,5,-0.07355250592605336,3
040147,0,3,1.7497371404971505,NA
040152,0,3,0.7695710866279794,NA
040153,0,2,0.755545849723831,NA
040154,1,5,-0.30433691133052665,2
040156,0,2,0.04829064303007584,NA
040161,0,2,0.7151583658253617,NA
040163,0,1,0.507495937348206,NA
041300,0,1,1.015989573645669,NA
041302,0,1,0.6958245891191821,NA
041303,0,1,0.8878967616531264,NA
041304,0,1,-0.5455271577627335,NA
041305,0,2,0.44804419216213587,NA
041306,0,1,-0.4630764551567277,NA
041307,1,4,-0.726747327188185,1
041308,0,0,-1.007951995258235,NA
041309,0,2,0.07236376052766305,NA
041310,0,2,0.42889628301271954,NA
041311,0,3,0.5453805593505423,NA
041312,1,3,0.7302867484033704,5
041313,0,2,0.9683021068329365,NA
041314,0,1,-0.4031864145675853,NA
041316,0,1,0.09680337742595813,NA
041317,0,1,0.5855033941377109,NA
041318,0,1,0.9894488980250002,NA
041320,0,1,-1.624310404904652,NA
041321,0,2,0.1479180374304381,NA
041322,0,2,-1.1062534421763328,NA
041323,1,4,-0.3160274475373755,2
041324,0,2,0.40328786385605614,NA
041326,0,1,0.8572554363461823,NA
041327,0,2,0.02974039221760392,NA
041328,0,2,0.4219826192848512,NA
041329,0,2,-0.17586071024098335,NA
041330,0,2,0.04343291953824735,NA
041331,0,0,1.0615378967956133,NA
050002,1,5,-0.7399233622236773,1
050006,1,5,0.10068469967288003,4
050007,1,5,0.9343013342051931,5
050008,1,5,-0.18003776594705334,3
050009,1,5,0.18120510700652806,4
050013,1,5,0.5135452725993332,5
050014,1,5,0.34137751282149004,4
050017,1,5,0.513859606223085,5
050022,1,5,-0.5500290573574529,2
050024,1,5,-0.32205299753793304,2
050025,1,5,0.6349556163754111,5
050026,1,5,0.690460999978101,5
050028,1,4,0.16991586777472129,3
050030,1,5,-1.373530692988005,1
050036,1,5,-0.8388333894202398,1
050038,1,5,-0.3618362043874821,2
050039,1,5,-0.4406456050691536,2
050040,1,4,-0.45167589632216065,2
050042,1,5,0.29211236891531706,4
050043,1,5,0.18658619148306074,4
050045,1,5,-1.3153904398470628,1
050047,1,5,0.23945598782222072,4
050054,1,5,-0.17883721126239022,3
050055,1,5,0.6106958634542881,5
050056,1,5,-0.7539367117901513,1
050057,1,5,-0.21120466430659043,3
050058,1,5,0.13428147989188546,4
050060,1,5,-0.9051506916031586,1
050063,1,5,-0.5885633789048295,2
050067,0,3,-0.6599662398000715,NA
050069,1,5,-0.05845111287439246,3
050070,1,3,0.5087614041635197,4
050071,1,3,0.61169685455684,4
050072,1,3,-0.7716536781266716,2
050073,1,3,0.8350249869631272,5
050075,1,5,-0.47238729478288277,2
050076,1,3,0.048568269320879195,3
050077,1,5,0.014520676871561729,3
050078,1,5,-0.47363436146378046,2
050082,1,5,-0.18566652478439147,3
050084,1,5,0.016519996020340877,3
050089,1,5,-0.024314219156065922,3
050090,1,5,-0.35612568916207493,2
050091,0,3,-0.5979788896987442,NA
050093,1,5,-0.6233873228315209,2
050096,0,1,0.9500195366449383,NA
050099,1,5,0.1704282863766029,4
050100,1,5,0.38263923842172426,4
050101,1,5,-0.19423768824562687,3
050102,1,5,-0.5130345273693261,2
050103,1,5,-0.4585516930326024,2
050104,1,5,-0.14649746833193183,3
050107,1,5,0.11767517314263978,4
050108,1,5,0.3672113479303971,4
050110,1,5,-0.19682742558092858,3
050112,1,5,0.44596402588619605,5
050113,0,3,-0.2703446456666522,NA
050115,1,5,-0.12144823677846626,3
050116,1,5,0.5813767224439264,5
050118,1,5,-0.8687305433360976,1
050121,1,5,-0.9822759332022505,1
050122,1,5,-0.24125462023029381,3
050124,1,5,-0.03893540173104219,3
050125,1,5,-0.10072690158189285,3
050126,1,5,-0.4824439289973372,2
050127,1,5,-0.1947253005514213,3
050128,1,5,-0.17170390722763024,3
050129,1,5,0.3049836782450164,4
050131,1,5,0.4558372696377035,5
050132,1,5,0.21436831174381582,4
050133,1,5,-0.5669931618584283,2
050135,1,5,-0.085916913169635,3
050136,1,5,0.035157631965866604,3
050137,1,3,-0.13826708407054616,3
050138,1,3,-0.025551351864989524,3
050139,1,3,-0.04822640236682549,3
050140,1,3,0.6488857009405784,4
050145,1,5,-0.1615212081571779,3
050149,1,5,0.24313288712133724,4
050150,1,5,0.0337926983210701,3
050152,1,5,0.009249025395645954,3
050158,1,4,0.3385419721636748,4
050159,1,5,-0.51060080874724,2
050167,1,5,-0.9978688585269255,1
050168,1,5,0.2641220814951867,4
050169,1,5,0.15389733376569525,4
050174,1,5,0.05462798916704549,4
050179,1,5,-1.0862589703245606,1
050180,1,5,0.21725378714668436,4
050191,1,5,-0.10847330330184128,3
050192,0,2,-0.7985262115337585,NA
050194,1,4,-1.3005566615259243,1
050195,1,5,-0.4322889475715326,2
050197,1,5,1.02169159782821,5
050204,1,5,-0.49500052797351396,2
050211,1,5,0.09021228226797563,4
050222,1,5,0.3808029858475093,4
050224,1,5,0.6072931356790559,5
050226,1,5,0.18731016777338516,4
050228,1,5,-0.6792831170760024,2
050230,1,4,-0.01734136842933018,3
050231,1,5,0.01872486756826683,3
050232,1,5,0.7476166417699052,5
050234,1,5,0.17471492519179244,4
050235,1,5,0.294536019795,4
050236,1,5,-0.10695385789926494,3
050238,1,5,0.13088715812890586,4
050239,1,5,0.5626746270166663,5
050242,1,5,0.08968568122713058,4
050243,1,5,-0.5610569810645193,2
050245,1,5,-0.1386789722826548,3
050248,1,5,-0.21435588664443966,3
050254,1,5,0.26789481651194513,4
050257,0,1,1.0206761952686152,NA
05025F,1,5,0.33823584640225546,4
050261,1,5,-0.7439242157069194,1
050262,1,5,0.6955018931061575,5
050272,1,5,0.011677234482379284,3
050276,1,5,0.16225537397643153,4
050278,1,5,0.6837650192231939,5
050279,1,4,-0.21378317674265104,2
05027F,1,5,-0.626686616393921,2
050280,1,5,-0.39889152505375475,2
050281,1,5,0.36057532181106505,4
050283,1,5,0.5192346605037571,5
050289,1,5,-1.0640591242259687,1
050290,1,5,0.5292422274104394,5
050291,1,5,0.5590160485661799,5
050292,1,5,-0.25505636491536327,3
050295,1,5,0.030759649850252764,3
050298,1,5,-0.5277897283516364,2
050300,1,5,-0.5589133923650539,2
050301,1,5,-0.07012678025448627,3
050305,1,5,0.01642811262328104,3
050308,1,5,0.5289000774897993,5
050309,1,5,0.4008580999736244,5
05030F,1,5,0.24551785654466868,4
050313,1,5,0.40061536615245985,5
050315,1,4,-0.3178741869829871,2
05031F,1,5,0.24027118298916256,4
050320,1,5,-0.8717760040529792,1
050324,1,5,0.6926405046289165,5
050327,1,5,0.19318573626415078,4
050329,1,5,-0.08587740094815044,3
050334,1,5,0.24335051518518747,4
050335,1,5,0.0456469720544264,4
050336,1,5,0.0816161439351836,4
050342,1,5,-0.27901987631128217,3
050348,1,5,-0.2698806058537986,3
050350,1,5,-0.26731971471184923,3
050351,1,5,0.1609324290040424,4
050352,1,5,0.17188518522404678,4
050353,1,5,0.12421301568059806,4
050357,1,4,0.9523263361774668,5
050360,1,5,0.39641347996286924,5
050367,1,5,-0.10179273092766003,3
050373,1,5,-0.8617939657533457,1
050376,1,5,-0.5401328768379592,2
050378,1,3,-2.069455061570018,1
050380,1,5,-0.05644301927559579,3
050382,1,5,-0.3968772144689266,2
050390,1,5,-0.9122020071977106,1
050393,1,5,0.04833490230524833,4
050394,1,5,0.41516677156576204,5
050396,1,5,0.4259186375799049,5
050407,1,4,0.5317053573211742,4
050411,1,3,0.41076315903337046,4
050414,1,5,0.017592097124749892,3
050417,1,5,-0.20215845093170892,3
050423,0,1,-0.35067467704402533,NA
050424,1,5,0.6031731884356444,5
050425,1,5,-0.14616212772164902,3
050426,1,5,0.16630738433306372,4
050438,1,5,0.21378156435507267,4
050441,1,5,0.6297089679375093,5
050444,1,5,-0.24773677373090885,3
050454,1,5,0.4368747142665909,5
050455,1,5,0.07888626749169875,4
050457,1,5,-0.03617539100159723,3
050464,1,5,-1.0091935967288408,1
050468,1,5,-0.6073971528451948,2
050471,1,5,-0.09059062809491739,3
050481,1,5,-0.6795025544105431,2
050485,1,5,-0.04643143338677595,3
050488,1,5,0.40767048746380485,5
050492,1,5,-0.42164384929976706,2
050496,1,5,0.6310513595401158,5
050498,1,5,0.4988553607649785,5
050503,1,5,0.5528978282189567,5
050506,1,5,-0.30131000389200224,2
050510,1,3,0.16425385283037114,3
050512,1,3,0.6862674997285381,5
050515,1,3,0.020797369384151415,3
050516,1,5,-0.006660000055876067,3
050517,1,4,-0.8357098801711673,1
050523,1,5,0.21030690254282322,4
050526,1,5,-0.38424330479177143,2
050528,1,4,-0.5909031160007577,2
050534,1,5,-0.3544852963908793,2
050537,1,5,0.5604336911435193,5
050541,1,3,0.18405710610063242,3
050543,0,1,0.8388466814811745,NA
050549,1,5,0.0942227778444099,4
050551,1,5,-0.8750539018386377,1
050557,1,5,-0.307542993403551,2
050561,1,3,0.1229665794340867,3
050567,1,5,0.367525178042281,4
050568,1,5,-0.5185638502443207,2
050570,1,5,-0.34347776411354775,2
050573,1,5,0.5357120581698351,5
050580,1,5,-0.09422571517488339,3
050581,1,5,-0.2613327223894003,3
050586,0,3,0.1411061332339612,NA
050588,1,5,-0.41848592871698664,2
050589,1,5,-0.48737332223254326,2
050590,1,5,0.010705206848571153,3
050597,1,5,0.06730390808935652,4
050599,1,5,0.2834326761640499,4
050603,1,5,0.12553807727176025,4
050604,1,3,0.7984415744306972,5
050608,1,5,-0.5971597423787124,2
050609,1,3,0.42708581010675956,4
050624,1,5,-0.3300527925045554,2
050625,1,5,0.5049252608856092,5
050633,1,5,-0.46884615358682225,2
050636,1,5,0.3299051807790481,4
050641,0,3,-0.7790427745961724,NA
050663,1,5,0.2610590141812291,4
050668,0,1,-1.1041793972490428,NA
050674,1,5,0.062016737115139914,4
050677,1,3,-0.7815748066196734,2
050678,1,5,-0.06111754022876823,3
050684,1,5,-0.008688192831059746,3
050686,1,3,0.20255771610645595,3
050689,1,5,-0.23600118023545302,3
050690,1,3,0.013740607026392002,3
050696,1,5,0.4212241452674985,5
050697,0,0,0.18551913136523918,NA
050701,1,5,-0.6740005379622169,2
050704,1,5,0.36769247965852897,4
050708,0,2,1.3359054908787744,NA
050709,1,5,-0.09568413647535515,3
050710,1,3,0.18875383158728648,3
050714,0,3,0.9543373314213486,NA
050717,1,3,0.22840344489570238,4
050723,1,3,0.4378726902564847,4
050724,1,5,-0.12460577377053877,3
050726,0,3,1.5296060666691271,NA
050735,1,5,0.44965472830912206,5
050736,1,4,-0.5878862597831398,2
050737,1,5,-0.5266819034321456,2
050738,1,4,0.7921832956121738,5
050739,1,5,0.19118837050957269,4
050740,1,5,-0.09190727204658329,3
050742,0,2,0.25061482713284694,NA
050744,1,3,-0.9677532982365474,1
050745,1,4,-0.2177048843446103,2
050746,1,5,-0.23824570529874392,3
050747,1,3,-0.3825072987069596,2
050748,1,3,-0.17208086978343679,3
050755,1,5,0.2394074555302758,4
050757,1,5,-0.4058718746213658,2
050758,1,3,-0.04139355718759806,3
050760,1,3,0.15069718716599934,3
050761,1,5,-0.0032008223817497072,3
050763,1,4,0.2787502531639455,4
050764,1,5,-0.7484676096165029,1
050765,1,3,-0.014947171191348585,3
050766,0,1,0.4761099242406538,NA
050767,1,3,-0.23474020659759967,3
050769,0,2,1.592602959389195,NA
050770,1,5,-0.7428785357866856,1
050771,1,5,-0.21187070516601483,3
050772,1,3,-0.23782176035429844,3
050775,1,5,-0.013659176103700595,3
050776,1,5,-0.3266211599203612,2
050777,1,3,0.0863854876991031,3
050778,1,3,-0.1682840441881999,3
050779,1,5,0.4074618420660564,5
050780,0,3,0.22284868297509774,NA
050782,1,4,0.6126897728603408,5
050783,1,3,0.5323895498881495,4
050784,0,3,0.6823224851784553,NA
050785,0,1,0.8403679893317911,NA
05114F,1,5,0.6364428701010348,5
05127F,1,5,0.1095524444876179,4
05128F,1,5,0.5484665774234004,5
051300,0,0,0.0852525403376038,NA
051301,0,3,0.645097937282502,NA
051302,0,0,-0.6766547179156717,NA
051303,0,2,0.05007913226032855,NA
051304,1,3,0.05497709495861161,3
051305,0,0,-1.0978834723464317,NA
051306,0,1,0.9027996934354487,NA
051307,0,0,-1.0255610213701674,NA
051308,0,0,-4.05681710167099,NA
05130F,1,5,0.12523810316092046,4
051310,1,5,0.13839060286934762,4
051311,0,2,-0.44100074154554514,NA
051312,0,1,0.19761679677847838,NA
051314,0,2,-0.17733323688816235,NA
051315,0,1,0.14527098972217417,NA
051316,1,5,-1.0072537620110777,1
051317,1,4,0.4106159219980919,4
051318,0,3,-0.4370510312273185,NA
051319,1,4,0.10680270434002592,3
051320,0,3,-0.2597738673767513,NA
051321,0,1,-0.023353163360198603,NA
051323,0,1,-0.42842456777465565,NA
051324,1,4,0.033979067545369765,3
051325,1,4,-0.5049040078235304,2
051326,0,1,1.0334038337326605,NA
051327,0,1,0.8895849322061322,NA
051328,1,4,-0.1610730297824941,3
051329,1,4,0.9306617017721884,5
051330,0,0,-2.143759805441759,NA
051331,0,2,0.5855255612894821,NA
051332,1,4,-0.47499487708761085,2
051333,0,2,-1.3029012676803957,NA
051334,0,1,-0.6204250611960841,NA
051335,0,1,0.7537023578448534,NA
051336,0,1,0.7245636179426391,NA
051337,0,1,1.0981644909345258,NA
060001,1,5,-0.06918674187110273,3
060003,1,5,0.22961811370396418,4
060004,1,5,-0.1886730219496173,3
060006,1,5,0.15558247613183593,4
060008,1,4,-0.4469025883814803,2
060009,1,5,0.20687202727397663,4
060010,1,5,0.6556833603547149,5
060011,1,5,-0.21175090238412997,3
060012,1,4,-0.21716496517378855,2
060013,1,5,0.5041640897862233,5
060014,1,5,-0.2188296981413877,3
060015,1,5,0.22062717697002063,4
060020,1,5,-0.2877600797785518,3
060022,1,5,0.009230925517847606,3
060023,1,5,0.27945792113773416,4
060024,1,5,0.41133560687635934,5
060027,1,5,0.2414326991519692,4
060028,1,5,0.8503750741048145,5
060030,1,5,0.044121859172925194,4
060031,1,5,0.558676524488727,5
060032,1,5,0.3436472865612515,4
060034,1,5,0.3618463675027741,4
060044,0,3,0.4119193985336453,NA
060049,1,4,0.4778901821014083,4
060054,1,4,0.5169804454621272,4
06005F,1,5,0.5701823951970801,5
060064,1,5,0.6161100462328872,5
060065,1,5,-0.07661885419726823,3
060071,1,5,-0.14512651110931288,3
060075,1,5,0.20195682470588047,4
060076,1,4,0.13186028393620652,3
06007F,1,4,0.7609339127487645,5
060096,1,4,0.870602669202969,5
060100,1,5,0.200463156997779,4
060103,1,4,0.6962241004952435,5
060104,1,5,0.37634040792347756,4
060107,0,2,-0.27493996930127484,NA
060112,1,5,0.6521576599797694,5
060113,1,5,0.11648388846442051,4
060114,1,5,0.4707821681433187,5
060116,1,5,0.4999025173766991,5
060117,0,3,1.2779640683144506,NA
060118,1,3,0.9152850998419642,5
060119,1,5,0.5943736685656457,5
060124,0,2,1.8782222468310086,NA
060125,1,5,0.5320243172284106,5
060126,1,4,-0.14073173027903624,3
060128,1,5,0.37797656483880093,4
060129,1,3,-0.03192237034914858,3
060130,0,3,0.9813544817461112,NA
060131,1,5,0.0482350509923519,4
060132,1,4,0.1287881493996395,3
061300,0,0,0.8311875236080151,NA
061301,1,4,0.7201207064359295,5
061302,0,1,-0.4556306109843533,NA
061303,0,2,0.40674512476269586,NA
061304,0,1,0.43755679321471197,NA
061305,0,1,-0.22457345528894368,NA
061306,0,0,0.08860886516563837,NA
061307,0,1,1.0465928190253415,NA
061308,0,1,-0.26074815014740427,NA
061309,0,2,0.6144222234609207,NA
061310,0,1,0.3136683502638003,NA
061311,0,1,0.27751363314790645,NA
061312,0,1,0.19242473469690752,NA
061313,0,1,-0.856602485485857,NA
061314,0,2,0.8338718093167422,NA
061315,0,1,0.47448462663156055,NA
061316,0,1,0.7233026946069214,NA
061317,0,2,0.5904554243811092,NA
061318,0,1,0.08327096485551178,NA
061319,0,1,-0.7716361138120631,NA
061320,0,2,-0.6543904170255429,NA
061321,0,2,0.596079767457062,NA
061322,1,4,-0.10484921568507939,3
061324,0,3,0.6972859702935028,NA
061325,0,2,0.9618833377045222,NA
061326,0,2,0.2920734574726631,NA
061327,1,4,-1.35682185311079,1
061328,0,1,0.22275010995588512,NA
061336,0,2,-0.7977659439354752,NA
061343,0,0,-0.007794161740326327,NA
061344,1,4,-0.13509257504547814,3
070002,1,5,0.04584167985356726,4
070003,1,5,0.2621517447699977,4
070004,1,5,0.4937953020533932,5
070005,1,5,-0.15548427021468367,3
070006,1,5,0.3281752254288911,4
070007,1,5,-0.468896959590574,2
070008,1,4,0.5163653551717116,4
070010,1,5,-0.5055218922708,2
070011,1,5,-0.5770675266297415,2
070012,1,3,0.29087293655182234,4
070016,1,5,-0.2729835986861178,3
070017,1,5,0.46982503384587904,5
070018,1,5,0.24540166186318146,4
070020,1,5,-0.10693695529612067,3
070021,1,5,0.2798419945014089,4
070022,1,5,-0.025057721291075575,3
070024,1,5,-0.18757652487033172,3
070025,1,5,0.04651073595182731,4
070027,1,5,-0.1941772254039758,3
070028,1,5,0.208355166354792,4
070029,1,5,0.05970557075157684,4
070031,1,5,0.5206589869016195,5
070033,1,5,-0.32597331893724957,2
070034,1,5,-0.004903403291429513,3
070035,1,5,0.29614575423404454,4
070036,1,5,-0.1507691656629639,3
070039,0,0,0.49678459556932336,NA
07003F,1,5,0.35212001392492276,4
080001,1,5,-0.0679099877944015,3
080003,1,5,-0.6467218515820499,2
080004,1,5,-0.3839565652796686,2
080006,1,5,-0.252972484888017,3
080007,1,5,0.08471189017123476,4
080009,1,5,-0.04809672431809521,3
08002F,1,4,0.1010100374437279,3
090001,1,5,-0.6251107487967013,2
090003,1,5,-1.5949166606982002,1
090004,1,5,-0.23435979696109627,3
090005,1,5,-0.004972062511976752,3
090008,1,4,-0.12114374076204364,3
090011,1,5,0.03571501138854605,3
09002F,1,5,-0.5220714500546726,2
100001,1,5,-0.21932207222168537,3
100002,1,5,-0.2981764511318242,2
100006,1,5,-0.4022543198028232,2
100007,1,5,-0.2119097798275868,3
100008,1,5,0.13927000502564757,4
100012,1,5,0.4020281452417405,5
100014,1,5,0.1354640564067192,4
100017,1,5,-0.6258593915269857,2
100018,1,5,0.07422908563367189,4
100019,1,5,-0.2339947556788542,3
100022,1,5,-1.1217669178253127,1
100023,1,5,-0.33117303776587065,2
100025,1,5,0.3122091558705958,4
100026,1,5,-0.1633088805223998,3
100028,1,5,-0.5160282678904836,2
100029,1,5,-1.0600536598555979,1
100030,1,5,-0.5487155769793672,2
100032,1,5,-0.9950183766179075,1
100034,1,5,-0.014559360558914262,3
100035,1,5,-0.7176582202853693,1
100038,1,5,-0.3645880612990185,2
100039,1,5,-0.8531712310278733,1
100040,1,5,-0.4972589821378697,2
100043,1,5,0.41092365860621266,5
100044,1,5,-0.6897849275807055,2
100045,1,5,0.1467616368709318,4
100046,1,5,0.046673926229648055,4
100047,1,5,-0.7064371360118775,2
100048,0,2,-0.20651656228548487,NA
100049,1,5,-1.2684846494922088,1
100050,1,5,-1.8606402351037747,1
100051,1,5,-0.1849151093485832,3
100052,1,5,-0.43373015684301286,2
100053,1,5,-0.7973400332300014,1
100054,1,5,0.16512964183321133,4
100055,1,5,0.07995403438334867,4
100057,1,5,-0.13613351031178939,3
100062,1,5,-0.2889865530076923,3
100063,1,5,-0.4055905263925552,2
100067,1,5,-0.10730924250022575,3
100068,1,5,0.5622293470150526,5
100069,1,5,0.16260768983619586,4
100070,1,5,-0.8449240432167238,1
100071,1,5,-0.707618207361994,2
100072,1,5,0.2619227080579009,4
100073,1,5,0.17231052125444576,4
100075,1,5,0.27603087371120294,4
100077,1,5,-1.1240716267237112,1
100080,1,5,-0.748600557651768,1
100081,1,3,-0.08506597259963981,3
100084,1,5,-0.735586083440613,1
100086,1,5,-0.6964884820071126,2
100087,1,5,0.7825398695281824,5
100088,1,5,0.2836368242701691,4
100090,1,5,-0.2836660886189508,3
100092,1,5,-0.03066015775637186,3
100093,1,5,-0.1316125072171033,3
100099,1,5,-0.4877978754207769,2
10009F,1,5,-1.2017893363798795,1
100105,1,5,0.12625074439722048,4
100106,1,3,-0.3503990518829678,2
100107,1,5,-0.20706192224728806,3
100109,1,5,-0.10492411364896065,3
100110,1,5,-0.6951045165871544,2
100113,1,5,0.09859806662488775,4
100117,1,5,0.22606010272949792,4
100118,1,5,-0.12958282088751927,3
100121,1,5,0.2176108185632037,4
100122,1,5,0.21320408156105175,4
100124,1,5,0.15981666493577865,4
100125,1,5,-0.20090238979843186,3
100126,1,5,0.10434696656297346,4
100127,1,5,0.20970915025322956,4
100128,1,5,-0.136710741832124,3
100130,1,4,0.1274403837276941,3
100131,1,5,-0.5455770390125989,2
100132,1,5,-0.1924746532935774,3
100134,1,3,-0.5712273930135359,2
100135,1,5,-0.7944078112231223,1
100137,1,5,-0.9749532204683004,1
100140,1,5,0.6162049530336488,5
100142,1,5,-1.135803739347164,1
100150,1,5,0.0859025634947397,4
100151,1,5,0.8844600595644082,5
100154,1,5,0.1215025791231393,4
100156,1,5,-0.27478505889582105,3
100157,1,5,-0.8188446411072905,1
10015F,0,2,-0.4426126727049426,NA
100161,1,5,-0.3196443750012856,2
100166,1,5,0.3781739655041949,4
100167,1,5,-0.5454306914442892,2
100168,1,5,-0.4963962461709586,2
100173,1,5,-0.20579762181019473,3
100175,1,3,0.39191186710810794,4
100176,1,5,-0.8298159033486145,1
100177,1,5,0.4273230494326336,5
100179,1,5,-0.6502309454946648,2
100180,1,5,-0.1667080978990844,3
100181,0,2,-0.47376065508484244,NA
100183,1,5,0.14532663317329897,4
100187,1,5,-0.6438809829034571,2
100189,1,5,-0.7459127219667296,1
100191,1,5,-0.06908983736720938,3
100200,1,5,-0.26555119657521703,3
100204,1,5,-0.36451585593825275,2
100206,1,5,-0.15350856981824323,3
100209,1,5,-0.4158553280473567,2
100211,1,5,-0.17951877104484049,3
100212,1,5,-0.629396540222474,2
100213,1,5,-0.8755179973968052,1
100217,1,5,-0.6459486595831953,2
100220,1,5,0.1468897257051887,4
100223,1,5,0.07252664589162493,4
100224,1,5,-0.7636857663352786,1
100226,1,5,-0.39170567566481995,2
100228,1,5,-0.45877327633607684,2
100230,1,5,-0.18305151357089897,3
100231,1,5,-0.23589375716456373,3
100232,1,5,-0.40534287524932644,2
100236,1,5,-0.7913658661277809,1
100238,1,5,-1.0745408510813872,1
100242,1,5,-0.18557036144462635,3
100243,1,5,-0.1125605412046134,3
100244,1,5,0.08496512218414921,4
100246,1,5,-1.188872767325237,1
100248,1,5,-0.49191949365308024,2
100249,1,5,-0.6518611961677114,2
100252,1,5,-0.11981042539051623,3
100253,1,5,0.31054177174223024,4
100254,1,5,-0.7264984832373866,1
100256,1,5,-0.8028128180178915,1
100258,1,5,-0.5384782473368832,2
100259,1,5,-0.3554827816996717,2
100260,1,5,-0.9110805321565655,1
100264,1,5,-0.4809882356538493,2
100265,1,5,0.43554027232567405,5
100266,1,5,0.4215794632453169,5
100267,1,5,-0.2211414000068167,3
100268,1,5,-0.5095864007915505,2
100269,1,5,-0.37149625986363133,2
100275,1,5,-1.2566811291405275,1
100276,1,5,-0.28835226333609765,3
100277,0,0,2.040313479002639,NA
100281,1,5,-0.23546113564000629,3
100284,1,4,-0.7977936504779315,1
100285,1,5,0.265288612481892,4
100286,1,5,-0.5202630674524918,2
100287,1,5,-0.7767452414882361,1
100288,1,5,-0.5376098810032243,2
100289,1,5,0.0011189137211247355,3
100290,1,5,-0.8304327296771714,1
100291,1,5,-0.4746777243080639,2
100292,1,5,0.16161638178929003,4
100296,1,5,0.3517834665125393,4
100299,1,5,0.0766914141090431,4
100302,1,5,-0.8364202345435305,1
100307,1,5,0.2579378556507237,4
100313,0,2,0.38766154912592765,NA
100314,1,5,0.2586359980659483,4
100315,1,5,0.43120266974614796,5
100316,1,5,0.32841125750796835,4
100319,1,5,0.6309271136829132,5
100320,1,5,-0.3435485695899854,2
100321,1,5,0.03239298777731368,3
100329,1,5,-0.36924735916774903,2
100330,0,2,-1.002291827520445,NA
100350,0,2,0.0187075443749027,NA
100359,0,1,-1.499672743908636,NA
100360,0,1,0.2892717237014002,NA
10057F,1,5,-0.4864112766735871,2
10063F,1,5,-0.19608003640695076,3
10064F,1,5,0.056104699342978875,4
10065F,1,5,-0.8264701394274628,1
10099F,1,5,-0.020304343504768882,3
101300,0,2,0.8341140133574427,NA
101303,0,0,3.203397642355504,NA
101304,0,0,0.34496365160670117,NA
101305,0,0,1.258062643518078,NA
101307,0,1,-0.5490697333380494,NA
101308,0,2,-1.858972867688504,NA
101309,0,2,0.5117068931476738,NA
101311,0,0,0.8964958828544187,NA
101312,0,1,1.1823975094802968,NA
101313,0,3,0.8209512304719745,NA
110001,1,5,-0.2744253521818069,3
110002,1,5,-0.5834285468049477,2
110003,1,5,-0.058625652429415476,3
110005,1,5,0.4731401546549052,5
110006,1,5,-0.14543256776441005,3
110007,1,5,-0.40143411284254293,2
110008,1,5,0.3332912032462374,4
110010,1,5,0.3552662160861356,4
110011,1,5,-0.09287568796672838,3
110015,1,5,-0.6557778593099324,2
110016,1,5,-0.35779738493726954,2
110018,1,5,-0.3798932004675783,2
110023,1,5,-0.4401990958919283,2
110024,1,4,-0.5146320596182907,2
110025,1,5,-0.5118586121655415,2
110027,1,4,-0.3198741332083473,2
110028,1,5,-0.36515725260202314,2
110029,1,5,0.051323446305320874,4
110030,1,5,-0.1649287679776607,3
110031,1,5,-0.9484956237575596,1
110032,1,4,-0.49911312268515295,2
110034,1,5,-0.49855040643391807,2
110035,1,5,0.11588621029880553,4
110036,1,5,-0.2017214442142673,3
110038,1,5,-0.2069527289589872,3
110041,1,4,-0.32377017989468543,2
110042,1,5,0.2304599537812806,4
110043,1,4,-0.183599901969424,3
110044,1,5,-0.41961542921106026,2
110045,0,3,0.5008176040309711,NA
110046,1,5,-0.102777386215986,3
110050,1,3,0.8707000130383763,5
110051,1,5,0.23119535116866102,4
110054,1,5,0.030417645612654497,3
110064,1,5,-0.25875425436911853,3
110069,1,5,-0.43637311248457344,2
110071,0,1,-1.3061095408889907,NA
110073,0,3,-0.7290529244576353,NA
110074,1,5,0.3267447455442545,4
110075,1,5,-0.23182335784567304,3
110076,1,5,-0.38935406543327045,2
110078,1,5,-0.40239462502131657,2
110079,1,5,-0.7473677342068747,1
110082,1,5,0.08162062051225498,4
110083,1,5,0.2440076662616748,4
110086,0,2,-1.1297126106569295,NA
110087,1,5,-0.1354586038378503,3
110089,1,5,-0.8771234069589992,1
110091,1,5,-0.3898134594403691,2
110092,1,3,-0.06406288018720413,3
110095,1,5,-0.4163356965886119,2
110100,0,1,0.80337703116784,NA
110101,0,1,0.04853764184856075,NA
110104,1,5,-0.29157269245753453,3
110105,1,5,-0.18169077617633703,3
110107,1,5,-0.9813302329775027,1
110109,1,4,0.7392714815564986,5
110111,0,2,-0.04343545313811226,NA
110113,0,1,-0.200545863125853,NA
110115,1,5,-0.9286856939580823,1
110121,1,4,-0.6337357095574758,2
110122,1,5,-0.4617741406414752,2
110124,1,5,-0.8971713111747058,1
110125,1,5,0.8199772969648447,5
110128,1,5,-0.09458620461643347,3
110129,1,5,-0.2391066790345134,3
110130,0,1,-0.9317006169046975,NA
110132,1,4,-0.08934172903362957,3
110135,1,3,-0.26044601597051686,3
110142,0,3,0.255267678111617,NA
110143,1,5,-0.0046804916106634,3
110146,1,5,-0.2769862746677492,3
110150,1,5,-0.8256044982734629,1
110153,1,5,0.2511729750793685,4
110161,1,5,0.2873108811501607,4
110164,1,5,-0.1554054395932908,3
110165,1,5,-0.3003531448365643,2
110168,1,5,0.4069399420534389,5
110177,1,5,-0.18755802322020015,3
110184,1,5,0.10664813893197769,4
110189,1,4,-0.7096867499804385,1
110190,0,0,0.16846567868275553,NA
110191,1,5,-0.6176740359947605,2
110192,1,5,-0.47463106253785264,2
110194,0,2,-0.34709241339498276,NA
110198,1,5,-0.6852850409336615,2
110200,1,4,0.36606675120407833,4
110201,1,5,0.48280516487889036,5
110209,0,0,1.1191619965190558,NA
110215,1,5,-0.1574550185842508,3
110225,1,5,0.6038274203839634,5
110226,1,4,-0.05717186698875361,3
110229,1,5,-0.14210713660264418,3
110230,1,5,-0.08564472061224518,3
110233,1,4,0.9105718068429067,5
110234,0,1,1.4523350747376123,NA
110236,0,2,0.5017408851440639,NA
110237,0,2,-1.2543366578516502,NA
110252,0,2,-0.034546448676390756,NA
11029F,1,5,-0.6304245505823288,2
11030F,1,5,-0.4020618194217181,2
11031F,1,3,0.35079929718604536,4
111302,0,0,0.9441728128092775,NA
111303,0,1,1.446047523681318,NA
111304,0,1,-1.4213883131419827,NA
111305,0,1,0.27640641897942697,NA
111306,0,2,0.10371361229365611,NA
111308,0,1,-0.18235212350028168,NA
111310,0,3,0.32760878506083924,NA
111311,0,1,1.2058406997247182,NA
111312,0,1,-0.1284870736426301,NA
111313,0,2,0.009645844196411624,NA
111314,0,1,-0.0838535635463982,NA
111316,0,0,1.0738025332304364,NA
111318,0,1,-1.4623753928162617,NA
111319,0,0,0.993676697288619,NA
111320,0,2,-0.22114320667294735,NA
111323,0,3,0.7691800446280818,NA
111324,0,1,0.8447147026136629,NA
111325,0,2,-0.5007684433268673,NA
111326,0,1,1.5034224372727913,NA
111327,0,3,0.10371408281215856,NA
111328,0,1,0.904883614678264,NA
111329,1,5,0.7267383115142539,5
111330,0,1,0.49201141144963123,NA
111331,0,1,0.7287968335316523,NA
111332,0,1,1.51946975073429,NA
111333,0,2,-0.47003932507610435,NA
111334,0,1,-0.5339850696508317,NA
111335,0,3,0.16543559089042872,NA
111336,0,2,0.2349384933373752,NA
111337,0,1,0.8771613049776819,NA
120001,1,5,0.33626700013485133,4
120002,1,5,-0.124006531759164,3
120004,0,2,0.876637798722082,NA
120005,1,5,0.1922024325448118,4
120006,1,5,0.7108428014257049,5
120007,1,5,0.30177465633441153,4
120011,1,4,-0.027061362134436218,3
120014,1,5,-0.19716451858205009,3
120019,1,5,-0.5921507066450376,2
120022,1,5,0.541042521951277,5
120026,1,5,0.4124185826592887,5
120028,1,4,0.1704926842774374,3
121300,0,1,1.2539557280018951,NA
121301,0,0,-0.9540119516257893,NA
121302,0,1,1.3929531664029602,NA
121303,0,1,1.6900761093637826,NA
121304,0,0,3.0964256202356717,NA
121305,0,0,2.1138176103030184,NA
121306,0,1,1.3696062399238174,NA
121307,0,1,1.3443482026174045,NA
121308,0,1,1.5417550679621916,NA
130002,1,5,0.34566992209223213,4
130003,1,5,-0.10083165770552503,3
130006,1,5,0.6773785189515547,5
130007,1,5,-0.10491775447628976,3
130013,1,5,0.01846698836188663,3
130014,1,5,0.4125614095394246,5
130018,1,5,0.06914858162823816,4
130025,1,4,0.4035048040922884,4
130028,1,5,0.04978386896650417,4
13003F,1,5,1.122304442480003,5
130049,1,5,0.3341949834616293,4
130063,0,2,0.9077218932950718,NA
130065,1,4,-0.05331498635354054,3
130066,1,4,0.9134678277138396,5
130071,1,5,0.36511401504371166,4
130073,0,1,0.8698405305573768,NA
130074,1,4,-0.5258123063323762,2
131301,0,1,-0.15990967108825777,NA
131302,0,2,0.8768927946822191,NA
131303,0,2,0.14144187252465215,NA
131304,0,0,-0.01219504651433057,NA
131305,0,1,-0.8054693024827734,NA
131307,0,2,0.5114621334232886,NA
131308,0,0,1.8127613547976815,NA
131309,0,1,0.3449586431086843,NA
131310,0,1,0.6174858107125989,NA
131311,0,3,1.1543997777089123,NA
131312,0,2,0.5952042254331237,NA
131313,0,1,0.8000155308343158,NA
131314,0,1,-0.8535425979440081,NA
131315,0,2,-0.07815803081969075,NA
131316,0,0,0.1167588479033172,NA
131317,0,1,-0.3865307002509168,NA
131318,0,1,0.34167050986892505,NA
131319,0,2,0.4754558052126227,NA
131320,1,4,0.17963916811302705,3
131321,0,1,0.8902274471601208,NA
131322,0,3,0.18347139754393055,NA
131323,0,3,0.6589385788325274,NA
131324,0,1,0.5259542477828317,NA
131325,0,3,0.506140401807265,NA
131326,1,4,-0.06314077944720481,3
131327,1,4,0.018097891084710077,3
131328,0,3,-0.21385625554072935,NA
140001,1,5,-0.15962803457469965,3
140002,1,5,0.13140001308758664,4
140007,1,5,-0.4343822981752152,2
140008,1,5,-0.023259300417426937,3
140010,1,5,0.9407028311137565,5
140011,1,5,-0.4527180408334422,2
140012,1,5,-0.06941185695028751,3
140013,1,5,0.4270947371530839,5
140015,1,5,0.1328714515649217,4
140018,1,5,-1.0252223262056557,1
140019,0,2,0.9283578548906128,NA
140029,1,5,0.04836890529988694,4
140030,1,5,0.30045207547157915,4
140032,1,5,0.027282493252828516,3
140034,1,4,0.15342972284479703,3
14003F,1,5,0.10387679482267857,4
140040,0,2,-0.23569411216217231,NA
140043,1,5,-0.5403278659608304,2
140046,1,5,-0.2803486236738961,3
140048,1,5,-0.6648792768880322,2
140049,1,5,-0.9252539031873864,1
14004F,1,3,0.6989403564358858,5
140052,1,5,-0.8190751625902902,1
140053,1,5,-0.22533790047013447,3
140054,1,5,-0.11783776163988981,3
140059,1,4,-0.24190223900426114,2
140062,1,5,0.01124839666473542,3
140063,1,5,0.5425244417927862,5
140064,1,5,-0.6097431418855158,2
140065,1,5,0.47689104514145736,5
140067,1,5,-0.693973181416811,2
140068,1,5,-1.5107425482179566,1
140077,0,1,0.06753099193539178,NA
14007F,1,5,-0.1559523326168032,3
140080,1,5,-0.587469082081939,2
140082,1,5,-0.7516665024611289,1
140083,0,1,-0.25066240594775524,NA
140084,1,5,-0.7353161181202926,1
140088,1,5,0.0902809442004886,4
140089,1,5,-0.25947507987416285,3
14008F,1,4,0.21157170717727597,4
140091,1,5,-0.3546851287594992,2
140093,1,5,-0.9845720960099912,1
140095,1,4,-0.2866985036357259,2
140100,1,4,0.7173518591993718,5
140101,1,5,-0.14673240241437188,3
140103,1,4,-0.7386348668737265,1
140110,1,5,0.25451542948011696,4
140113,1,5,-0.08160601508617786,3
140114,1,5,-0.48871892114889565,2
140115,0,3,-0.48707917087923874,NA
140116,1,5,0.6599405525653433,5
140117,1,5,0.31580954852928284,4
140119,1,5,0.69017934844932,5
140120,1,5,-0.334320309737812,2
140122,1,5,0.7354444742545506,5
140124,1,5,-0.012453445582211578,3
140125,1,5,-0.6487817647313258,2
140127,1,5,0.4581468063145329,5
140130,1,5,0.44676504155517704,5
140133,1,5,-1.0937286808233235,1
140135,1,5,-0.26221881444928874,3
140137,1,3,0.0919688846037576,3
140143,1,5,0.1678490854064127,4
140145,0,3,-0.625365511995867,NA
140147,1,4,0.037337599678957875,3
140148,1,5,-0.42330849950213695,2
140150,1,5,-0.6619183800831059,2
140155,1,5,0.26979276412717995,4
140158,1,4,-0.42973899185547126,2
140160,1,5,0.13086341257914424,4
140161,1,5,-0.4578399779240746,2
140162,1,5,-0.5163074381190844,2
140164,1,5,-0.2833641136035854,3
140166,1,5,-0.4931888299925008,2
140167,0,2,-0.9247348059635283,NA
140172,1,5,-0.9533709307348508,1
140174,1,5,0.42159648726443893,5
140177,1,3,-0.7524182414013985,2
140179,1,5,-0.3123267478938576,2
140180,1,5,0.020549211704615336,3
140181,1,3,-1.0982560251341273,1
140182,1,5,0.16439522986949673,4
140184,1,5,-0.3536772839107889,2
140185,1,5,-0.16189391595065566,3
140186,1,5,0.42484329056311493,5
140187,1,5,0.2830132507050258,4
140189,1,5,-0.9148857115300596,1
140191,1,5,-0.6910350555729147,2
140197,0,2,0.5883744792679394,NA
140200,1,5,0.6250037576319253,5
140202,1,5,-0.0031439683655511523,3
140206,1,5,-0.3676424717926255,2
140208,1,5,-0.3330931903879423,2
140209,1,5,-0.20669733440019145,3
140210,1,3,0.41461161909355676,4
140211,1,5,0.6702857550066382,5
140213,1,5,0.45715020538651824,5
140217,1,5,-0.5923525512315418,2
140223,1,5,0.8159011912310594,5
140224,1,5,0.2748478601274671,4
140228,1,5,-0.2900029046189343,3
140231,1,5,0.7719081870316861,5
140233,1,5,-0.7545827359448493,1
140234,1,5,0.2026870076618841,4
140239,1,5,0.010596134958979209,3
140242,1,5,0.6202903121582203,5
140251,1,5,-1.1055362925280934,1
140252,1,5,0.3068798416313376,4
140258,1,5,0.6409956006427197,5
140275,1,5,-0.6102407194978003,2
140276,1,5,-0.12341592053005214,3
140280,1,5,-0.5224757897827276,2
140281,1,5,0.609941435440535,5
140286,1,5,0.5253393437154997,5
140288,1,5,0.03373004095905499,3
140289,1,5,0.06755155078422226,4
140290,1,5,0.10444975752163654,4
140291,1,5,0.8507710589484881,5
140292,1,5,0.13851472917335983,4
140294,1,4,-0.005885444331666129,3
140300,0,1,0.1356167844309319,NA
140304,1,5,0.1333390934708085,4
14034F,1,5,0.5283019680533174,5
141300,0,0,0.8195940506902311,NA
141301,0,1,0.7669914479649687,NA
141302,0,1,1.0981070673452984,NA
141303,0,0,0.10589442931294862,NA
141304,0,1,0.5678476185224243,NA
141305,0,2,0.4638676963655092,NA
141306,0,1,-0.00818874297090727,NA
141307,0,1,0.04270513920836164,NA
141308,0,1,1.6646522101976888,NA
141309,0,3,0.7978862137730269,NA
141310,0,2,-1.1565492743669288,NA
141311,1,4,0.0014728341332970324,3
141312,0,2,0.9750320965366654,NA
141313,0,1,0.840302387751694,NA
141315,0,2,0.6325055213968186,NA
141316,0,2,0.7965076895640828,NA
141317,0,3,0.6475687227207201,NA
141318,0,1,0.1952600870110717,NA
141319,0,3,0.5599830922882161,NA
141320,1,4,-0.2968909124974409,2
141321,0,0,-0.2507023011961202,NA
141322,1,4,-0.7838469484546001,1
141323,0,3,0.8344828411431431,NA
141324,1,4,-0.2704688346681544,2
141325,0,2,0.37168554804202836,NA
141326,1,3,-1.5482275316797167,1
141327,1,4,0.5762156369397876,4
141328,0,2,0.12914401412237259,NA
141329,0,0,0.9200328294651579,NA
141330,0,2,0.7400786026986199,NA
141331,0,1,0.2998210800613468,NA
141332,0,2,-1.642726769744046,NA
141333,0,0,-0.4518125663992941,NA
141334,0,2,-0.5827264121782263,NA
141335,0,2,0.28045246585807876,NA
141336,1,4,-0.30735979871328606,2
141337,1,3,-0.2644517929474216,3
141338,0,2,-0.6496628959494872,NA
141339,1,3,-0.07245527687117169,3
141340,0,3,0.8003689690165718,NA
141341,1,3,-0.0061592600059547364,3
141342,1,3,-0.7851458645118985,2
141343,1,4,0.37733174419848303,4
141344,0,0,0.5651913473880231,NA
141345,1,4,-0.010205272590149056,3
141346,0,2,-0.8971525209879326,NA
141347,1,3,0.10850075921021765,3
141348,1,4,0.10470614415180958,3
141349,0,2,-0.37920586838563486,NA
141350,1,4,0.5681739609721232,4
141351,0,2,-0.11437365649111081,NA
141352,0,1,-0.45043554983410616,NA
150001,1,5,0.364050355218915,4
150002,1,5,-0.42705384628637727,2
150004,1,5,-0.6999727430986049,2
150005,1,5,0.6715235397264371,5
150006,1,5,-0.42910907583453467,2
150007,1,5,-0.030509520720944722,3
150008,1,5,0.3176399564310654,4
150009,1,5,-0.45983831967680455,2
150010,1,5,-0.3118201105807965,2
150011,1,5,-0.31566918706808267,2
150012,1,5,0.11461067832608555,4
150015,1,5,0.10563643416185786,4
150017,1,5,-0.472331540430187,2
150018,1,5,-0.08146959224219084,3
150021,1,5,0.027608496726820957,3
150022,1,4,0.7417754021062357,5
150023,1,5,0.08023433823265953,4
150024,1,5,0.11831367804204979,4
150026,1,5,0.176587979934847,4
15002F,0,2,1.0643028568473099,NA
150030,1,5,0.384558933842213,4
150034,1,5,0.0234845715853886,3
150035,1,5,-0.639027442491306,2
150037,1,5,-0.006117368796822557,3
15003F,1,5,0.6076319343966976,5
150042,1,5,-0.3866648461705222,2
150044,1,5,-0.02262590419466011,3
150045,1,4,0.7100619103035026,5
150046,1,5,-0.1841414209701642,3
150047,0,2,0.06372143447380949,NA
150048,1,5,-0.1189893528121316,3
15004F,0,2,0.4827851661063298,NA
150051,1,5,0.06784404333924866,4
150056,1,5,-0.5438487837830752,2
150057,1,5,0.3721316623878026,4
150058,1,5,-0.12210372588351787,3
150059,1,5,-0.5646133138736584,2
150061,1,4,0.09048796057038767,3
150065,1,5,0.45362778283600513,5
150069,1,5,-0.3399904843826868,2
150072,1,4,0.6239704993469936,5
150074,1,5,-0.06761934259635008,3
150075,1,4,0.21710024246381496,4
150076,1,4,0.09369484857633056,3
150082,1,5,-0.48193040483737287,2
150084,1,5,0.03516851171064714,3
150086,1,5,0.31376417650835425,4
150088,1,5,-0.344045418134735,2
150089,1,5,-0.03271759951501127,3
150090,1,5,-0.5534638371045271,2
150091,1,5,0.23777748523434022,4
150097,1,5,0.2921843710911664,4
150100,1,5,0.02818070187695708,3
150101,1,4,0.18541055258021544,3
150102,1,3,-0.10459415634237224,3
150104,1,5,-0.042628061982196055,3
150109,1,5,0.187472474507184,4
150112,1,5,0.10256585540967508,4
150113,1,5,-0.3568731869735321,2
150115,1,5,0.04390448584171164,4
150125,1,5,-0.20895484341407866,3
150126,1,5,-0.3098268700376864,2
150128,1,5,-0.28519662625924314,3
150133,1,5,0.02454857503208685,3
150146,1,4,0.7055432359024464,5
150149,1,3,1.0594174573726192,5
150150,1,5,-0.03575210333694398,3
150153,1,5,1.4824100942599066,5
150157,1,5,0.2820985631917383,4
150158,1,5,0.36105800199920957,4
150160,0,3,2.23233292072414,NA
150161,1,5,0.41304670274965716,5
150162,1,5,-0.280913017490397,3
150165,1,5,-0.3938601918363602,2
150166,0,3,-0.07829522653273563,NA
150167,0,2,1.4018011910815336,NA
150168,0,3,1.592473481770201,NA
150169,1,5,-0.019814349693185764,3
150172,0,2,0.5269933848826653,NA
150173,1,5,0.028365042585941275,3
150177,0,2,0.3876550816721421,NA
150179,0,1,1.0903537602610056,NA
150181,1,4,0.7254839301416974,5
150183,1,4,0.36706982617703354,4
150191,0,0,1.4877830074364742,NA
151300,0,2,-0.16931531072750572,NA
151301,0,2,0.10424791715566928,NA
151302,0,2,-0.4926526951908555,NA
151303,0,2,0.42730924975022955,NA
151304,0,2,0.21931320231522072,NA
151305,0,2,-0.6480519804717784,NA
151306,0,2,0.03862149325278899,NA
151307,1,3,0.5901555580504858,4
151308,0,1,0.5831368164112649,NA
151309,0,1,-1.5895393880847948,NA
151310,1,4,-0.16251218996291783,3
151311,1,3,0.4646951471092718,4
151312,1,3,0.6456650992062398,4
151313,0,2,0.290146580382508,NA
151314,0,1,-2.781723461602465,NA
151315,1,4,0.704024016519476,5
151316,1,3,0.09243794386814001,3
151317,1,3,0.8333443640815227,5
151318,1,4,-0.5415774240186584,2
151319,0,2,-0.3637963069379984,NA
151320,0,2,0.4022139882288297,NA
151322,1,4,0.41044539834288996,4
151323,1,4,0.09474403922081263,3
151324,1,3,-0.5230823310658342,2
151325,0,1,0.7435753533082059,NA
151326,1,3,0.1329883636725982,3
151327,0,2,0.3310568132665065,NA
151328,1,3,0.348597380775264,4
151329,1,5,0.19299063566179311,4
151330,1,4,-0.07099021444650283,3
151331,1,4,0.3534756728777982,4
151332,1,4,-0.347134187653324,2
151333,1,4,0.6451317878045179,5
151334,1,3,-0.10197349325412636,3
151335,0,2,0.05935296183799557,NA
160001,0,3,0.3235101290876736,NA
160005,1,5,0.14691384559812623,4
160008,1,3,-0.8712413354530607,2
160013,1,4,0.36816077411836007,4
160016,1,5,-0.20667384605191014,3
160028,1,5,0.3708672899519749,4
160029,1,5,-0.05102994206368249,3
160030,1,5,0.07522318165773381,4
160032,0,3,0.10945876721284017,NA
160033,1,5,-0.03733383237028168,3
16003F,1,5,0.7925446685498596,5
160040,1,4,0.3550810787972394,4
160045,1,5,0.5417586954693305,5
160047,1,5,0.09273213341296871,4
16004F,1,5,0.9699058364668288,5
160057,1,5,-0.4247294183238576,2
160058,1,5,0.06227876572371241,4
160064,1,5,-0.31192001672116076,2
160067,1,5,-0.15745691888677532,3
160069,1,5,0.8148355388495656,5
160079,1,5,0.214365313886741,4
160080,1,5,-0.46683487611162594,2
160082,1,5,-0.01956964058691885,3
160083,1,5,-0.45357863346783334,2
160089,1,5,-0.466024397324924,2
160101,1,4,-0.1243702092369495,3
160104,1,5,-0.10922446152979345,3
160110,1,5,-0.20919299834608973,3
160112,1,5,0.024936848352706556,3
160117,1,5,0.4957756492507277,5
160124,1,5,0.5452202836180684,5
160146,1,5,-0.4139055214989524,2
160147,1,4,0.33170318339216087,4
160153,1,5,-0.7988695548627458,1
161300,0,0,0.628980956306648,NA
161301,0,2,1.1478294490843275,NA
161302,0,3,1.082981822501297,NA
161303,0,1,0.9082778775148492,NA
161304,0,1,1.5201930985267689,NA
161305,0,0,0.016347846976589534,NA
161306,0,3,1.1267800859315595,NA
161307,0,2,1.0651953113430261,NA
161308,0,2,0.5572166390819989,NA
161309,0,2,0.606006968272465,NA
161310,0,0,1.487600273407964,NA
161311,0,1,-0.18841741029678713,NA
161312,0,1,1.6513905874670702,NA
161313,0,1,0.8117055184122537,NA
161314,0,1,0.7360837612133134,NA
161316,0,0,1.0513577322571306,NA
161317,0,1,-0.2567861381656209,NA
161318,0,2,0.08799443267246132,NA
161319,0,1,0.7659614030597106,NA
161320,0,0,0.08798511284567534,NA
161321,0,0,0.5776737582152697,NA
161322,0,1,0.5172823946967461,NA
161323,0,1,0.46641143237540744,NA
161324,0,0,0.8592273295201114,NA
161325,0,2,-0.0947903885748434,NA
161326,0,1,-0.7543878209762276,NA
161327,0,1,0.3660279470627653,NA
161328,0,2,0.11082027380419349,NA
161329,0,2,0.35963267655901177,NA
161330,0,1,0.6934543782117762,NA
161331,0,1,0.47787692246849456,NA
161332,0,0,0.5112214200538616,NA
161333,0,1,0.7669848018047059,NA
161334,0,1,-0.2876445121141483,NA
161335,0,2,0.34701993113434226,NA
161336,0,1,0.39937283669899337,NA
161337,0,0,-0.7804098044943022,NA
161338,0,1,-0.30765604936653834,NA
161339,1,4,0.6767455620241145,5
161340,0,0,-0.20165909786118247,NA
161341,0,1,-0.7925813586947273,NA
161342,0,1,0.020390659326933347,NA
161343,0,3,0.5491189729966006,NA
161344,0,2,0.5206171542832807,NA
161345,0,1,-0.06590801256243978,NA
161346,0,3,0.863328311472056,NA
161347,0,3,0.8375145201707598,NA
161348,0,2,-0.1322474367135203,NA
161349,0,2,0.07233479904146255,NA
161350,0,2,-0.3712308649987003,NA
161351,0,2,0.2653788874961649,NA
161352,1,3,-0.8698301964050361,2
161353,1,4,-0.6444275636221886,2
161354,0,2,0.01084480222433093,NA
161355,1,3,-0.025259640233616265,3
161356,0,2,-0.046408566943620944,NA
161357,0,3,-0.04196238084828735,NA
161358,0,1,-0.8866328616707504,NA
161359,0,3,0.13139163906115006,NA
161360,0,3,0.4178047351452,NA
161361,1,3,0.654443800805186,4
161362,1,4,-0.012210910644424089,3
161363,1,4,-0.811585437211232,1
161364,0,2,-0.12358560185994705,NA
161365,0,3,0.478480141138992,NA
161366,0,2,0.5770065389577512,NA
161367,1,5,0.2267670060641621,4
161368,0,3,0.29116977261685545,NA
161369,0,2,-0.5212336831024389,NA
161370,0,1,0.4175341458050934,NA
161371,0,3,0.527594499377781,NA
161372,1,3,0.8240459944565367,5
161373,0,0,0.4126244271168672,NA
161374,1,3,0.35695312296740905,4
161375,0,3,0.16397285623019753,NA
161376,1,4,0.40538604806098155,4
161377,0,2,-0.2553764337557587,NA
161378,0,0,-0.12195525116655656,NA
161379,1,3,-0.7670704852679705,2
161380,0,2,0.8654318423023785,NA
161381,0,0,0.2511059886663503,NA
170006,1,5,-0.401601524453898,2
170009,1,4,0.7253610832574564,5
170012,1,5,-0.11888694769545072,3
170013,1,5,0.04396321117027724,4
170014,1,5,-0.24048029221172362,3
170016,1,5,-0.13130836504916926,3
170017,1,4,-0.2887634946811631,2
170020,1,5,-0.12925384128551623,3
170023,1,5,-0.6948272992127189,2
170027,1,5,0.6332599876418217,5
170040,1,5,0.43321853383379383,5
170049,1,5,-0.27545863520450925,3
17005F,1,4,0.76390762059348,5
170068,1,5,-0.8353682359047268,1
17006F,0,2,0.5369693212732489,NA
170074,0,3,-0.5860293009359692,NA
170075,0,2,-0.47000350089486187,NA
170086,1,5,0.11816634389317605,4
17008F,1,5,0.8373578375909687,5
170103,1,5,0.3771925299633436,4
170104,1,5,0.5863037889564424,5
170105,0,3,0.02506037369926678,NA
170109,0,2,0.3908997914356707,NA
170110,0,1,0.07683857499686772,NA
170120,1,5,-0.47167923359343084,2
170122,1,5,-0.19066039844561028,3
170123,1,5,0.6054886846244613,5
170137,1,5,0.25902441346574256,4
170142,1,5,0.07010041479224527,4
170145,1,5,-0.7492618923439714,1
170146,1,5,0.41650930970620886,5
170150,1,3,-0.7476984100608175,2
170166,0,1,0.01935208392313212,NA
170175,1,5,-0.4591433734147711,2
170176,1,5,0.2341941956631413,4
170182,1,5,0.20556021422193343,4
170183,1,4,2.545103274286993,5
170185,1,5,0.42850955974103433,5
170186,1,4,0.4514499416042673,4
170187,0,3,0.7204431359690701,NA
170188,0,3,2.2455016163724593,NA
170190,0,3,1.003212715945565,NA
170191,1,4,0.05646993678265477,3
170194,0,0,-8.509288631711845,NA
170196,0,3,-0.9395988030793248,NA
170197,1,5,0.012784188394615727,3
170198,0,2,-0.021286453512945506,NA
170199,0,0,-0.4210731577121112,NA
170200,1,5,0.44601891634648516,5
170203,0,3,1.7589589126058027,NA
170204,0,3,-0.07449631913734309,NA
171300,0,0,1.7956709003091933,NA
171301,0,0,-0.59828628005836,NA
171303,0,0,1.910779518671032,NA
171304,0,1,-0.28051387227602625,NA
171306,0,0,0.872715457286253,NA
171307,0,1,0.3650601432774644,NA
171308,0,1,1.885218991410355,NA
171309,0,0,1.3903400359381939,NA
171310,0,1,-0.1811126854463334,NA
171311,0,2,-0.08674504321431281,NA
171312,0,1,0.3941729892321418,NA
171313,0,1,-0.7881015029508928,NA
171314,0,1,0.5445111094612978,NA
171315,0,3,0.7231929961368881,NA
171316,0,1,0.8615421322723306,NA
171317,0,1,0.3564186139010287,NA
171318,0,1,1.1487982203192522,NA
171319,0,2,0.7333420747035684,NA
171321,0,2,-0.5297373627805898,NA
171322,0,0,1.2580414333443586,NA
171323,0,1,0.20757750490379517,NA
171324,0,1,0.671358552391913,NA
171325,0,2,-0.9829339070393146,NA
171326,0,0,-1.1032162527018643,NA
171327,0,2,0.2485854109543057,NA
171328,0,1,-0.08382625170192777,NA
171329,0,2,0.3392783255957253,NA
171330,0,2,0.18752660594838977,NA
171331,0,1,0.6237337125760751,NA
171332,0,1,-0.18928587702627062,NA
171333,0,2,0.08683790976943051,NA
171334,0,1,0.4313452586660152,NA
171335,0,1,0.5212552862840257,NA
171336,0,2,-0.8778287858740526,NA
171337,0,1,0.950355913320921,NA
171338,0,2,0.5499041205078086,NA
171339,0,1,-0.6148747175407586,NA
171340,0,2,0.3729319234473013,NA
171341,1,3,0.033714946155055714,3
171342,0,0,-0.5358290527566374,NA
171343,0,1,0.15059223147141204,NA
171344,0,2,-0.09168444852935886,NA
171345,0,1,0.6320112671418339,NA
171346,0,2,0.9828373566150852,NA
171347,0,1,0.6957501815279934,NA
171348,0,1,-0.036796621538024515,NA
171349,0,2,-0.5060238591772009,NA
171350,0,2,-0.18241780653792264,NA
171351,0,1,0.560813578887339,NA
171352,0,2,-0.24977588476893386,NA
171353,0,2,-0.1706099868741594,NA
171354,0,2,-1.0739661750858984,NA
171355,0,2,0.31617994243757896,NA
171356,0,1,0.5762216204833288,NA
171357,0,1,-0.309600445458757,NA
171358,0,1,-0.014769119876091585,NA
171359,0,2,-0.39306666978874016,NA
171360,0,1,0.02218948253883389,NA
171361,0,1,-1.8617946158407306,NA
171362,1,4,-0.11516076910444928,3
171363,1,4,0.46850655488183657,4
171364,0,1,0.09563078351566803,NA
171365,0,1,0.6543046408071891,NA
171367,0,2,0.29300483779559594,NA
171368,0,1,-0.4517830190752248,NA
171369,0,0,-0.03787533669338683,NA
171370,0,2,0.6745664097967896,NA
171371,1,4,0.457950505209181,4
171372,0,2,-0.5856542181297849,NA
171373,0,2,-1.0011619847927393,NA
171374,0,2,0.7147227754926827,NA
171375,1,4,-0.07079036240797731,3
171376,0,2,0.2569577344661991,NA
171377,0,3,0.4342881066480022,NA
171378,0,1,0.5937848179318737,NA
171379,1,3,-0.09166712788563827,3
171380,1,4,-0.4935635100423207,2
171381,0,2,0.17650482701407955,NA
171382,0,3,0.4250416633590988,NA
171383,1,4,-0.1267774444118981,3
171384,1,4,-0.6738321368617749,1
171385,0,2,-0.04961487345945689,NA
180001,1,5,0.14816325658737686,4
180002,1,5,-0.24066660251407895,3
180004,1,5,0.41864560947923896,5
180005,1,5,-0.8140186138263816,1
180009,1,5,0.19572120290092937,4
180010,1,5,-0.10695556975300381,3
180011,1,5,0.3694496392212733,4
180012,1,5,-0.22360704721619462,3
180013,1,5,-0.810102267673768,1
180016,0,2,-1.5983830175907983,NA
180017,1,5,-0.5742069511514344,2
180018,1,5,0.016356653713585176,3
180019,1,5,0.34921851176853136,4
180020,1,5,-0.3432679679894416,2
180024,1,4,0.15472024222620295,3
180025,1,5,0.34554841990518076,4
180027,1,5,-0.9108743156985366,1
180029,1,5,-1.5419540999674202,1
180035,1,5,0.39313288006589203,5
180038,1,5,-0.33064792150553973,2
180040,1,5,-0.8033014531855723,1
180043,1,5,0.18258437615950646,4
180044,1,5,-0.9987131680376832,1
180045,1,5,-0.12834270337342135,3
180046,1,3,0.40792617947158705,4
180048,1,5,-0.35537653341848535,2
180049,1,5,0.24282858533191254,4
180050,1,5,-0.5950023487161504,2
180051,1,5,-1.0611068942568862,1
180056,1,5,-0.4169226804714447,2
180064,1,5,0.03821216902869191,4
180066,1,3,0.27812148891485533,4
180067,1,5,-0.15789869364958947,3
180069,1,5,-1.1185447383382943,1
18006F,1,5,0.10153138033433343,4
180070,1,5,0.0020075281266007036,3
180078,1,5,-0.6740389130005673,2
180079,1,5,0.4906502854792283,5
18007F,1,5,-0.2231096632670641,3
180080,1,5,0.18159039650649547,4
180087,1,5,-0.13168791202875402,3
180088,1,5,-0.14407998517717988,3
180092,1,5,0.26651437426635394,4
180093,1,5,-0.4136720006760268,2
180095,1,3,-0.1980458219244827,3
180101,1,4,-0.38847075974196954,2
180102,1,5,-0.45022501539340093,2
180103,1,5,0.16302631415499974,4
180104,1,5,0.0852934264417616,4
180105,1,4,-0.6446324308637035,2
180106,1,3,-0.876345308312105,2
180115,1,4,-0.7853132027580316,1
180116,1,5,-0.689517355918922,2
180124,1,5,-0.6208609447086546,2
180127,1,5,-0.5454448329244992,2
180128,1,5,0.07102006778306064,4
180130,1,5,-0.22089704869690982,3
180132,1,5,-0.48169141927021963,2
180138,1,4,0.42996614304194886,4
180139,1,4,-1.2211390376111928,1
180141,1,5,-0.7383594675818967,1
180143,1,5,0.03688149270353555,3
180149,0,1,0.7048445854022274,NA
180154,0,1,-0.02470713268821005,NA
181301,1,4,1.0569676008693534,5
181302,0,2,-0.04274234437896418,NA
181304,0,1,-0.4961019692793686,NA
181305,0,3,-0.06591364532907838,NA
181306,0,1,-0.5425540334465973,NA
181307,0,1,0.28032426910840264,NA
181308,0,1,-0.03852735992949899,NA
181309,1,3,-1.0735774810088927,1
181310,0,0,-0.3138799454036568,NA
181311,0,1,-0.01349932938313747,NA
181314,0,1,-0.03215706514491512,NA
181315,0,1,0.9432820472407839,NA
181316,0,1,-1.1656826015829167,NA
181317,0,2,-1.2836839616654547,NA
181318,1,3,-0.23754918150698678,3
181319,1,3,-0.5971863345007864,2
181320,1,3,0.5565774062999154,4
181321,0,2,-0.5654634229864003,NA
181322,0,2,-0.2082099211202945,NA
181323,0,2,-0.25933117106398457,NA
181324,0,2,-0.6125900484085702,NA
181325,0,1,0.6022599046268818,NA
181327,0,2,-0.8997337714857159,NA
181328,0,2,-0.9765903679936243,NA
181329,1,4,1.2414966615522223,5
181330,0,2,-1.0294631406293664,NA
181331,0,1,-0.6006643201930237,NA
181332,0,1,-0.17141270256135743,NA
190002,1,5,0.16950584527015988,4
190004,1,5,-0.25236669090894115,3
190005,1,5,-0.6266544839273502,2
190006,1,4,-0.20176174373896527,2
190007,1,5,0.07396217940471267,4
190008,1,5,-0.0359774527857486,3
190011,1,4,-0.39208412825773825,2
190013,1,5,-0.4748320650742715,2
190014,1,4,-0.645553345142512,2
190015,1,5,-0.1446017675136927,3
190017,1,5,-0.31459357199715415,2
190019,1,5,-0.31663059185421605,2
190020,1,5,-0.25205695461195227,3
190025,0,2,-1.0481324504729137,NA
190026,1,5,-0.47398484342965796,2
190027,1,5,-0.13649586131254265,3
190034,1,4,0.15068370532154904,3
190036,1,5,0.27041295590146625,4
190039,1,5,0.12542190132407105,4
190040,1,5,-0.3344449678656912,2
190041,1,5,-0.5701360461586169,2
190044,1,5,-0.49389717812122,2
190045,1,5,0.5166227111513535,5
190046,1,5,-0.3065756674296609,2
190050,1,5,0.24502535809493375,4
190053,1,5,-0.602516833211003,2
190054,1,5,-0.2087201581534749,3
190060,1,5,-0.26722873276170755,3
190064,1,5,0.29203135852636875,4
190065,1,5,0.3609839718120247,4
190079,0,2,0.33979406833493564,NA
190081,1,3,-1.642967088030175,1
190086,1,5,-0.04855400996136905,3
190088,1,3,0.1416613567452797,3
190090,0,2,-0.8112847052256746,NA
190098,1,5,-0.8601371261000434,1
190099,0,2,-0.5790996581230575,NA
190102,1,5,-0.1211146105423885,3
190106,0,2,-0.054345309539805875,NA
190111,1,5,0.021303069025762178,3
190114,1,5,0.27072078310621095,4
190116,1,3,-0.933932217980252,1
190118,0,2,-0.27479565404904416,NA
190125,1,5,-0.42734362978133,2
190128,1,4,0.1794127992050643,3
190133,0,1,0.696904445943786,NA
190140,1,4,0.5693843408002028,4
190144,1,5,-0.10680761300884321,3
190145,0,2,-0.4583887012380374,NA
190146,1,5,0.3752314000994697,4
190151,1,3,-0.012365610336355193,3
190160,1,5,-0.9358572681503053,1
190164,1,5,0.15289504874941182,4
190167,1,5,0.43937941495031857,5
190176,1,5,-0.415615676072349,2
190183,1,4,0.11176396714192399,3
190184,1,3,-0.4613573531454197,2
190190,0,1,0.29286810477708713,NA
190201,1,4,-0.012343207853532545,3
190202,1,5,-0.23280782637367461,3
190204,1,5,0.06379352664866501,4
190208,0,2,-1.5020531796778482,NA
190218,0,2,-0.32788066679160555,NA
190241,0,2,-0.4572247242661872,NA
190245,0,2,-0.2719353178179177,NA
190251,0,2,0.60542729763471,NA
190255,1,4,0.2528224580649169,4
190256,0,1,-1.4996233422517244,NA
190259,0,3,0.5787267550090397,NA
190266,0,1,1.0439582512333379,NA
190267,0,3,1.214820693416433,NA
190270,0,2,0.07143088865440506,NA
190274,1,5,0.02274337871513675,3
190278,0,2,0.6420933847028469,NA
190298,0,3,0.38941426491276665,NA
190303,0,3,-0.36324860771413725,NA
190307,0,0,-0.40635984207116144,NA
190308,1,4,0.30080045225818386,4
190312,1,5,0.34173457596881357,4
190313,0,2,-0.5664355847447142,NA
190314,0,0,-3.2632257047293716,NA
190316,0,1,0.04866682333769919,NA
190317,1,3,-0.6088340090042064,2
190318,0,3,-0.31934559834330106,NA
19043F,0,2,0.7242582796110566,NA
19047F,1,5,-0.33971086596290695,2
19048F,1,5,-1.0850398195312305,1
191300,0,1,-0.25579878639132275,NA
191301,0,1,-0.5903219006485146,NA
191302,0,1,0.19883426635944468,NA
191303,0,1,1.5739235027360767,NA
191304,1,3,0.17984794561601178,3
191305,0,2,0.33251350776351185,NA
191306,0,1,0.944883073268489,NA
191307,0,1,0.9620969601192513,NA
191309,0,0,0.8311875236080151,NA
191310,0,2,-0.46554018996130353,NA
191311,0,0,-1.2827858315739393,NA
191312,0,2,-0.2855378034076498,NA
191313,0,1,-0.8085917771846053,NA
191315,1,3,-0.9548521729861701,1
191316,0,1,-0.6544140344590689,NA
191317,0,2,0.5534280006152706,NA
191318,0,2,-0.1337767581317562,NA
191320,0,0,0.6242004822606414,NA
191321,0,1,-1.7077433949858087,NA
191322,0,1,0.24820326651917757,NA
191323,0,2,0.1327796788464558,NA
191324,0,3,0.5427356190296002,NA
191325,0,1,-1.1015840493641507,NA
191326,0,0,-0.49040790557157377,NA
200001,1,5,-0.06829282723675978,3
200008,1,5,0.1996147882068116,4
200009,1,5,0.7071251973306536,5
200018,1,4,-0.14241843187917191,3
200019,1,5,-0.30784709342452565,2
200020,1,5,0.6959678270008585,5
200021,1,5,-0.2668485299281316,3
200024,1,5,0.009766945097371083,3
200031,1,5,0.45767074773271177,5
200033,1,5,0.14593029505822622,4
200034,1,5,0.09266503956147143,4
200037,1,4,-0.11013881467301466,3
200039,1,5,0.4451986375018195,5
20003F,1,5,0.27306305561745337,4
200041,1,5,-0.3362615796284801,2
200050,1,4,-0.1250844182555228,3
200052,1,4,-0.0439063722126008,3
200063,1,5,0.0408322646616287,4
201300,0,2,0.5450987682510615,NA
201301,0,1,0.315288178490127,NA
201302,1,4,0.3108112857621198,4
201303,0,1,0.13274301519022874,NA
201304,0,2,1.075486259889846,NA
201305,0,2,0.5369496800091084,NA
201306,0,1,0.3652365776237155,NA
201307,1,3,0.21028733679796263,4
201308,1,3,-0.22171801930702328,3
201309,1,4,-0.42502213776775616,2
201310,1,3,-0.9397318513005559,1
201311,0,3,0.14322447167034463,NA
201312,1,4,-0.013594494432634247,3
201313,0,3,-0.5347933421444263,NA
201314,1,4,0.3843485305146889,4
201315,1,4,0.5445055053380502,4
210001,1,5,-0.2284249712170291,3
210002,1,5,-0.3535604975201409,2
210003,1,5,-0.9274413596583032,1
210004,1,5,-0.6163743408846251,2
210005,1,5,-0.15698259944169846,3
210006,1,5,-0.12210700153616247,3
210008,1,5,0.22330448125421612,4
210009,1,5,0.2803555553647682,4
210011,1,5,-0.16299304806102805,3
210012,1,5,-0.5616001841389856,2
210013,0,0,-0.853215903135939,NA
210015,1,5,-0.3835343321071204,2
210016,1,5,-0.20863014584345257,3
210017,1,5,0.3821519254248638,4
210018,1,5,-0.14687125371064738,3
210019,1,5,0.20990234696628318,4
210022,1,5,-0.008990521289186659,3
210023,1,5,0.1414150326085599,4
210024,1,5,0.3665162287713358,4
210027,1,5,-0.23562950870377322,3
210028,1,5,-0.12931270184400714,3
210029,1,5,-0.12188569184489961,3
210030,1,3,0.4371435316220722,4
210032,1,5,-0.41159119401997346,2
210033,1,5,-0.8081325420522388,1
210034,1,5,-0.05361943035204652,3
210035,1,5,-0.301486281069274,2
210037,1,5,-0.07107184196827981,3
210038,1,5,-0.49650078145047477,2
210039,1,5,0.0747611437852255,4
210040,1,5,-0.3987402185427279,2
210043,1,5,-0.004230705015906139,3
210044,1,5,0.27302167782405357,4
210048,1,5,0.07929958769314574,4
210049,1,5,-0.42342659821227285,2
210051,1,5,-0.6597056616712061,2
210056,1,5,0.053790719297796316,4
210057,1,5,-0.4749217088078823,2
210058,0,0,1.2489886383168476,NA
210060,1,5,-0.4895386552541873,2
210061,1,5,-0.1359926521365435,3
210062,1,5,-0.14666539215856103,3
210063,1,5,0.6654823193553695,5
210064,0,0,-1.85794072552037,NA
210065,1,5,-0.4118237681281533,2
21020F,1,5,-0.1797342397474676,3
220001,1,5,-0.1005860239564733,3
220002,1,5,0.44239453256819683,5
220008,1,5,-0.2137503768490166,3
220010,1,5,-0.38048094125806303,2
220011,1,5,-0.03934075858375715,3
220012,1,5,0.05677523972953831,4
220015,1,5,0.08982651582897487,4
220016,1,5,0.13236510250964967,4
220017,1,5,-0.14109384548074347,3
220019,1,5,-0.8182686289015507,1
22001F,0,0,0.22203113323799686,NA
220020,1,5,-0.09499172042093768,3
220024,1,5,-0.06354689969232394,3
220029,1,5,-0.10998991448450571,3
220030,1,5,0.14975303385293146,4
220031,1,5,-0.14218562970539295,3
220033,1,5,0.1775730202943325,4
220035,1,5,0.36634705390998684,4
220036,1,5,-0.28932374122030374,3
220046,1,5,-0.1368635070932862,3
220049,1,5,-0.4688594387934218,2
220052,1,5,-0.5025454224735253,2
220060,1,5,0.2216716387685456,4
220062,0,0,-1.8082693678372355,NA
220063,1,5,-0.14037531432760486,3
220065,1,4,-0.22315818420680256,2
220066,1,5,-0.11165591186788298,3
220070,1,5,0.24636839015763903,4
220071,1,5,0.6903151714379986,5
220073,1,5,-0.30606387422454717,2
220074,1,5,-0.14013811289692094,3
220075,0,2,-0.28901745042478155,NA
220077,1,5,-0.3429772444121158,2
220080,1,5,-0.46866019964509537,2
220083,1,5,0.3352225954761625,4
220084,1,5,0.531032381860652,5
220086,1,5,-0.08564951487400732,3
220088,1,4,1.4562628158687372,5
220090,1,5,0.40990289183820255,5
220095,1,5,-0.2937349633235129,3
220098,1,5,-0.04461964005996055,3
22009F,0,0,-0.29899232722808927,NA
220100,1,5,0.28533284297037587,4
220101,1,5,0.3598439325912405,4
220105,1,5,0.4193660887471087,5
220108,1,5,0.3911134680914856,5
22010F,1,5,-0.1803307236646719,3
220110,1,5,0.3920447628030779,5
220111,1,5,-0.1319484433209677,3
220116,1,5,0.3262419209673667,4
220119,1,5,0.37923145060354146,4
220126,0,2,0.027515090793576336,NA
220135,1,5,0.4294618854525972,5
220163,1,5,-0.07367601684647974,3
220171,1,5,0.5602626613573831,5
220175,1,5,-0.22463400322923355,3
220176,1,5,-0.35784114897140046,2
220177,0,2,0.22344350075418765,NA
221300,1,4,0.49862789148379993,4
221302,1,4,0.6302341873152977,5
221303,1,3,0.8984136669837777,5
230002,1,5,0.060548449085340045,4
230003,1,4,0.8203363764712898,5
230005,1,5,0.5900234997722726,5
230013,0,0,-0.8662552657473488,NA
230015,1,5,-0.2884906803438516,3
230017,1,5,0.43644954629965704,5
230019,1,5,-0.13991465371570946,3
230020,1,5,-0.8200577346073881,1
230021,1,5,0.2244718577426211,4
230022,1,5,0.028200972156382717,3
230024,1,5,-1.371312621844273,1
230029,1,5,0.07067080998798936,4
230030,1,5,-0.4357995188857814,2
230031,1,5,0.1659377457490543,4
230035,1,5,0.18482758240490524,4
230036,1,5,0.398454392166226,5
230037,1,5,0.02975794462239687,3
230038,1,5,0.44372350407346794,5
230041,1,5,-0.3138678965574729,2
230046,1,5,0.6039221120412692,5
230047,1,5,-0.1143870451001835,3
230053,1,5,0.13931061874495762,4
230054,1,5,-0.03250911073581593,3
230055,1,5,0.0548133109002457,4
230058,1,5,0.15476919333194117,4
230059,1,5,0.12217676894860535,4
23005F,1,3,0.9260622103635149,5
230066,1,5,-0.08120693452171454,3
230069,1,5,0.12499901898566007,4
230070,1,5,-0.4326640589658378,2
230071,0,0,-5.075057107348166,NA
230072,1,5,0.8217186120703218,5
230075,1,5,-0.0407630233932324,3
230077,1,5,-0.8590633362863862,1
230078,0,1,-0.3055986479449181,NA
230080,1,5,0.7280741928108619,5
230081,1,5,0.7161327370598488,5
230085,0,2,0.5602926466375224,NA
230089,1,5,0.3498489237776174,4
230092,1,5,0.22497302103843275,4
230093,1,4,0.5288788378223428,4
230095,1,5,-0.025579915725525426,3
230096,1,3,0.09858008912429705,3
230097,1,5,0.5181786717304843,5
230099,1,5,-0.3825145099045194,2
23009F,0,1,0.1865134444312647,NA
230100,1,5,-0.18780809731447093,3
230104,1,5,-1.0503673840720353,1
230105,1,5,0.7039677372578571,5
230108,1,4,0.6317968288475087,5
230110,1,5,0.29818959005949197,4
230117,1,5,0.3224102156815758,4
23011F,1,5,1.0418882051691993,5
230121,1,5,-0.007192318864285285,3
23012F,0,1,-0.19849782419614756,NA
230130,1,5,-0.05037539196895098,3
230132,1,5,-0.8385562843193246,1
230133,1,5,0.17388185348537247,4
230141,1,5,-0.5209973390448003,2
230142,1,5,-0.8736712708689957,1
230144,0,1,0.6320359781225093,NA
230146,1,5,-0.10055310290718462,3
230151,1,5,-0.453641712645665,2
230156,1,5,0.42710038661570104,5
230165,1,5,-0.41924061639678156,2
230167,1,5,-0.2627884783346955,3
230174,1,4,0.408823639280961,4
230176,1,5,-0.15544126080877652,3
230180,1,4,0.3654409338389451,4
230193,1,5,-0.08441510534997002,3
230195,1,5,-0.5733886397153494,2
230197,1,5,-0.37624519861559136,2
230207,1,5,-0.6047196893558862,2
230208,1,4,0.2394685448315918,4
230216,1,5,-0.11254892212834909,3
230217,1,5,0.41296960109049247,5
230222,1,5,0.29859897372317873,4
230227,1,5,-0.6033565903847132,2
230230,1,5,-0.4822688074971674,2
230236,1,5,0.32473795708129005,4
230239,1,5,-0.22467141499421878,3
230241,1,4,0.11496339950589111,3
230244,1,5,-0.22372833169633383,3
230254,1,5,-0.4077345204933909,2
230259,1,5,0.6773016875794711,5
230264,0,0,-0.4706290023646686,NA
230269,1,5,0.05360822869238936,4
230270,1,5,-0.5022097119369363,2
230273,1,5,-1.442187458916171,1
230275,0,0,0.2407496264203195,NA
230277,1,5,-0.08848752980034813,3
230279,0,0,2.1525330092168335,NA
230297,1,4,0.275748400590963,4
230301,0,0,0.24468122616236604,NA
230302,1,5,-0.10335888440250124,3
230303,1,4,0.4153216021948072,4
23037F,1,5,0.3544446213755415,4
231300,0,1,0.6518606378974756,NA
231301,0,2,0.8063493457568431,NA
231303,0,2,-0.18349807961857068,NA
231304,0,2,-0.01572156715734547,NA
231305,1,4,0.8580258738470214,5
231306,0,2,-0.019708214968090138,NA
231307,0,1,0.056830115592828384,NA
231308,0,1,0.5288226230130879,NA
231309,0,1,0.09680021303674674,NA
231310,0,3,0.5119641868668701,NA
231311,0,1,0.9961911857516652,NA
231312,0,1,-0.06922761143957978,NA
231313,0,0,0.06791260963986318,NA
231314,0,1,-0.0950494954976276,NA
231315,0,2,1.5392476087684706,NA
231316,0,1,0.42868444021667396,NA
231317,0,1,-0.3479652401925137,NA
231318,1,3,-0.03525932901767814,3
231319,1,3,0.08144535984220391,3
231320,0,1,1.2783652327702635,NA
231321,0,3,0.23338371644975697,NA
231322,0,3,0.48845262180543747,NA
231323,0,2,-0.5073817348776866,NA
231324,0,2,-0.548923783514349,NA
231325,1,4,0.46083109920847554,4
231326,1,4,-0.06636841219065592,3
231327,1,4,0.6341320111796676,5
231328,0,2,0.8775360257500405,NA
231329,0,1,0.15322557819444374,NA
231330,0,2,-1.001699672163951,NA
231331,1,4,-0.23584014402288422,2
231332,1,4,1.124881931416085,5
231333,1,4,0.3942747701189738,4
231337,1,4,0.26905205580715763,4
231338,1,4,0.6268550029106513,5
231339,1,4,-0.05197203544588062,3
231340,0,2,-0.26977532274205857,NA
240001,1,5,0.11837620730545977,4
240002,1,5,0.544560461331644,5
240004,1,5,-0.18604591083125427,3
240006,1,4,0.3881708966015282,4
240010,1,5,1.0121053645484197,5
240014,1,4,0.17508549051126782,3
240018,1,4,0.3963489360776114,4
240019,1,4,0.9615896679092739,5
240020,1,5,0.525464920782331,5
240022,0,3,-0.16679350872592263,NA
24002F,0,1,-0.30745606570481837,NA
240030,1,4,0.6266070651126556,5
240036,1,5,0.25356134870371705,4
240038,1,5,0.2557310376900048,4
24003F,1,5,0.33266483916419787,4
240040,0,3,0.1541609383093817,NA
240043,1,5,0.5870269281619419,5
240044,1,5,0.11407481750332507,4
240047,1,5,0.05551276086058759,4
240050,1,5,0.28315126768370275,4
240052,1,5,0.13708403168567734,4
240053,1,5,0.4858891300531173,5
240056,1,5,0.6822072030509054,5
240057,1,5,0.5208440879689402,5
240059,0,3,0.16673373221383814,NA
240063,1,4,0.42762602232997915,4
240064,1,5,-0.0946928375182032,3
240066,1,5,0.5486135470999454,5
240069,1,5,0.2851067893891602,4
240071,0,3,0.2229293430324145,NA
240075,1,5,0.24219055007446944,4
240076,1,4,0.8614001970655334,5
240078,1,5,0.2364315158355546,4
240080,1,5,-0.3774169344360606,2
240084,1,4,-0.11106339239524007,3
240088,1,5,-0.312289879834299,2
240093,1,5,0.6995681725256551,5
240100,1,5,0.21739787765684643,4
240101,1,5,0.3017642514112637,4
240104,1,5,-0.25711998757025534,3
240106,1,5,-0.16000558977582036,3
240115,1,5,0.19574890544289575,4
240141,0,3,0.5233413767794536,NA
240166,0,3,0.8081907465442151,NA
240187,0,3,0.5691703713537253,NA
240206,0,1,1.3220832116475372,NA
240207,1,5,0.19967796343386401,4
240210,1,5,0.12300572719957809,4
240213,1,5,0.3931780854885001,5
240214,1,4,0.6774937959052781,5
241300,0,0,-4.791667060531795,NA
241301,0,1,0.9831753434622833,NA
241302,0,1,0.14540304123530468,NA
241303,0,1,0.770942835914119,NA
241304,0,1,0.9415173360105271,NA
241305,0,3,0.753612329275205,NA
241306,0,2,0.9819060241311675,NA
241308,0,1,1.0527766702725347,NA
241309,0,1,0.8237157158712767,NA
241311,0,1,0.6897135571758854,NA
241312,0,1,0.22811906834817397,NA
241313,0,1,1.5714485091104782,NA
241314,0,0,0.8350537957887695,NA
241315,0,1,1.4170873501596628,NA
241316,0,1,-0.49605246474537545,NA
241317,0,0,-0.0008808216546685177,NA
241318,0,1,0.3365963460120513,NA
241319,0,1,0.6808899824011938,NA
241320,0,2,0.8827746089194087,NA
241321,0,1,0.8006617803595608,NA
241322,0,1,0.17754926416992223,NA
241323,0,1,0.36262937514029137,NA
241325,0,3,0.49893320136487385,NA
241326,0,1,0.21942383067244203,NA
241327,0,1,-0.0637539246764035,NA
241328,0,1,0.346887164785265,NA
241329,0,2,0.1900313564353904,NA
241330,0,1,0.3591660679465431,NA
241332,0,2,0.07919201030698399,NA
241333,0,1,0.23265742463120706,NA
241334,0,3,1.0819722991310297,NA
241335,0,1,1.0463033210796469,NA
241336,0,1,0.40554917711849814,NA
241337,0,1,-0.1264986933099395,NA
241338,0,1,1.3510410033045464,NA
241339,0,0,0.2395143537723845,NA
241340,0,1,1.2007160386700508,NA
241341,0,1,0.8132227581905959,NA
241342,0,2,0.37352696689759957,NA
241343,0,1,0.33094938480182784,NA
241344,0,2,0.7253643052416224,NA
241345,0,1,0.6723102275163724,NA
241346,0,1,0.01949324674576286,NA
241347,0,1,0.9774102104036042,NA
241348,0,1,1.661387257840368,NA
241349,0,2,0.2683389074315866,NA
241350,0,1,0.26695488408519447,NA
241351,0,2,0.7039379936296916,NA
241353,0,3,0.6210257054645059,NA
241354,0,3,0.5353670424343566,NA
241355,0,2,0.4285006678876464,NA
241356,0,1,0.4401704988514835,NA
241357,0,1,0.20922036573548333,NA
241358,0,1,1.1725128156601317,NA
241359,1,4,0.6357956832252011,5
241360,0,2,0.5201540431388497,NA
241361,0,3,0.20934854253333535,NA
241362,0,3,-0.49871254042373375,NA
241363,0,2,-0.22830477422798523,NA
241364,0,3,0.47695964041125083,NA
241365,0,1,0.8472687785008537,NA
241366,0,2,0.7458003345748909,NA
241367,1,4,0.7622374801883537,5
241368,0,1,0.3168380223730799,NA
241369,0,2,0.7776215517596681,NA
241370,0,2,1.2309727909316677,NA
241371,0,1,-0.5389091684195217,NA
241372,0,1,-0.21859386242707884,NA
241373,0,3,0.5922538511507659,NA
241374,0,2,1.0758830162650528,NA
241375,0,1,1.0778224450148475,NA
241376,0,3,0.35346008418878433,NA
241377,0,2,-0.3003580872080332,NA
241378,0,3,0.22275774942049703,NA
241379,0,1,0.2948951384993241,NA
241380,0,3,0.015494729364606719,NA
241381,0,3,0.4434408204504193,NA
250001,1,5,-0.4892715253904209,2
250002,1,3,0.778822002263143,5
250004,1,5,0.2519557980012488,4
250006,1,5,0.5506539098559381,5
250007,1,5,-0.8921719612861843,1
250009,1,5,-0.1552355028487106,3
250012,0,0,-1.119724272564186,NA
250017,0,0,-2.7430394114744363,NA
250018,0,0,-1.3714892196191957,NA
250019,1,5,-0.5995690714828305,2
250020,1,3,1.04441797548169,5
250025,1,5,0.1972154038862965,4
250027,0,2,-1.2169538526865062,NA
250031,1,5,-0.5088970882397331,2
250034,1,5,-0.34811470139551237,2
250036,1,5,-0.48754730509467614,2
250038,1,4,0.04797477085039766,3
250040,1,5,-0.5299651576632336,2
250042,1,4,-0.17899534859279453,3
250043,1,4,-0.1739691631871243,3
250044,1,3,0.45843444965962366,4
250048,1,5,-0.17864569128953223,3
250049,0,1,1.2111774848925525,NA
250050,1,5,-0.6372699214599226,2
250057,1,4,-0.12345190640280843,3
250058,1,5,-0.5122757992196574,2
250060,0,1,-2.264529716789093,NA
250061,0,2,-0.36927034895484456,NA
250067,1,3,-0.09227493894556896,3
250069,1,5,-0.6774455059471278,2
250072,1,5,-0.9088428485269603,1
250077,1,4,-0.520811739513326,2
250078,1,5,-1.0239336202024174,1
250081,0,0,0.9416360119324881,NA
250082,1,5,-0.9003411398411383,1
250084,1,5,-0.708973750722099,2
250085,1,3,0.13010430453086966,3
250093,1,5,-0.2531080546835946,3
250094,1,5,-0.8862353329160304,1
250095,0,2,-0.17470799073288462,NA
250096,1,3,0.03480686677407831,3
250097,1,5,-1.580469772444953,1
250099,1,5,-0.7402253195788717,1
250100,1,5,-0.06270306129604113,3
250102,1,5,-0.04409626246066116,3
250104,1,5,-0.5695406168092915,2
250117,1,5,-0.24830632265547536,3
250123,1,5,-0.7985265727065924,1
250124,1,3,-1.0491322543648494,1
250127,0,1,0.8850400523959459,NA
250128,1,3,-0.5064524587013235,2
250134,0,0,-0.7882244363156983,NA
250136,0,2,-0.4579154470357156,NA
250138,1,5,-0.45817092314427754,2
250141,1,5,-0.9775047386466482,1
250151,0,0,0.079390654066125,NA
250152,0,0,2.040313479002639,NA
250162,0,3,0.5251681410238525,NA
250163,0,0,-7.179929426829414,NA
250167,1,5,0.36410586739373807,4
250168,1,5,-0.44412236851358633,2
250172,0,0,-0.06802646215304967,NA
25042F,1,4,0.35929485560831415,4
25043F,1,5,-0.2658886827350366,3
251300,0,1,-3.0732189211962435,NA
251302,0,0,0.4879571443470536,NA
251304,0,1,-0.3574173086372495,NA
251305,0,1,0.6553285885874709,NA
251306,0,0,1.7332373333896964,NA
251308,0,2,0.5734400082837767,NA
251309,0,2,-0.72347105378031,NA
251312,0,2,0.07673790218130541,NA
251313,0,2,-0.28474489817786586,NA
251315,1,3,0.7499275183570644,5
251316,0,1,0.09301925697503555,NA
251317,0,1,-1.1000357242012306,NA
251318,0,2,-1.5971627538105515,NA
251319,0,1,0.7414656610616869,NA
251320,0,2,-0.8777567044317034,NA
251322,0,1,0.5894154262617801,NA
251323,0,0,0.5883197485689773,NA
251324,0,1,-0.30743627467093515,NA
251325,0,2,-0.6439546757709534,NA
251326,0,1,-0.20582121370320083,NA
251327,0,1,-0.7792489651934001,NA
251329,0,0,1.9686577069788413,NA
251330,0,0,1.1252243758192066,NA
251331,0,1,0.08593108352551182,NA
251333,0,1,-1.4341759528528826,NA
251334,0,0,-0.2222439715845724,NA
251335,0,0,-0.020070192297362954,NA
251336,0,2,-0.25876782552253585,NA
251337,1,3,0.5331378826393083,4
251338,0,0,-5.363737796951356,NA
260001,1,5,-0.3991183812730983,2
260005,1,5,-0.2117697358966009,3
260006,1,5,0.08219270605969722,4
260009,1,5,-0.28205744979287006,3
260011,1,5,-0.2204271115387641,3
260017,1,5,-0.3308390236017065,2
260020,1,5,0.48440857775480084,5
260022,1,5,0.17684319890416916,4
260023,1,5,0.3224496223042016,4
260024,1,4,-0.8504618429346595,1
260025,1,5,-0.4992834788320445,2
260027,1,5,-0.25662891826197165,3
260032,1,5,0.1421490863102289,4
260034,1,3,0.5703523832786765,4
260040,1,5,-0.3964402972257573,2
260047,1,5,-0.16680962627305995,3
260048,1,5,-0.31949987535391605,2
26004F,1,5,0.36292337859382034,4
260050,0,3,0.5927718505979087,NA
260052,1,5,-0.0032346285424779686,3
260057,1,5,-0.4000221059301832,2
260059,1,5,-0.10498041867647392,3
260061,1,4,0.006996990137329771,3
260062,1,5,0.032001948377996955,3
260064,1,3,-0.3885579733322769,2
260065,1,5,0.16563798140688502,4
260068,1,5,0.2230164599514207,4
260070,1,3,-1.375099237176761,1
260074,1,5,-0.3358170888003622,2
260077,1,5,-0.016801050202662614,3
260078,1,5,-0.06068894843678548,3
26007F,0,2,1.0409520979246354,NA
260081,1,5,-0.018029287774809586,3
260085,1,5,0.14145163708792474,4
260091,1,5,-0.045436922300878646,3
260094,1,5,0.22791162942413495,4
260095,1,5,-0.47623952147539494,2
260096,1,5,0.2995300493461176,4
260097,1,5,0.14753072792034916,4
26009F,1,5,0.15329996959520992,4
260102,1,4,-0.02041286429824676,3
260104,1,5,-0.33278142643689707,2
260105,1,5,-0.4728442162348843,2
260108,1,5,0.42800746117977945,5
260110,1,5,-0.6742716515754016,2
260113,1,5,-0.0032727277055315113,3
260119,1,5,-0.7666173226903119,1
260137,1,5,-0.6821253128562778,2
260138,1,5,0.5710891975964112,5
260141,1,5,-0.31247459035321723,2
260142,1,4,-0.3226036226265868,2
260160,1,3,-0.10738602540799848,3
260162,1,4,0.4067982159584964,4
260163,1,5,-0.38009081818961216,2
260175,1,5,0.11603238599999804,4
260176,1,5,-0.13483057226285944,3
260177,1,5,-0.19367502609116127,3
260179,1,5,0.49936369402102954,5
260180,1,5,-0.1862487739043285,3
260183,1,5,-0.3859271429191919,2
260186,1,5,-0.6941168121324718,2
260190,1,5,-0.008623894546725564,3
260191,1,5,0.640379640073488,5
260193,1,5,0.3405897473817653,4
260195,1,5,-0.024726438882626045,3
260200,1,5,-0.1457143444047963,3
260209,0,1,0.6326724920675432,NA
260210,0,2,-0.978041900276356,NA
260214,1,5,-0.34059405045191754,2
260216,1,5,0.4411494279910262,5
260219,1,5,0.39106746989558655,5
26023F,1,5,-0.08924635286791308,3
261301,0,0,0.048353399818343246,NA
261302,0,2,-0.6793296391357548,NA
261303,0,3,-0.14597823252038014,NA
261305,0,0,-0.6193331385628082,NA
261306,0,1,-0.05240087429157414,NA
261307,0,2,0.45553209483802454,NA
261308,0,2,0.7197157333511774,NA
261309,0,2,1.1665482105395375,NA
261310,0,1,-0.0068626811525085984,NA
261311,1,4,-0.23882548762306244,2
261312,0,2,0.1115813205126437,NA
261313,0,1,-1.4285205713926432,NA
261314,0,1,0.08215640256703166,NA
261316,0,3,-1.5433611916217935,NA
261317,0,2,0.8721124405448797,NA
261318,1,3,-0.44343579800473854,2
261319,0,3,0.6644169397451694,NA
261320,1,4,0.4053879326965294,4
261321,1,4,1.0196468602992423,5
261322,0,1,0.4925986638221769,NA
261323,0,1,-1.4079596742091771,NA
261324,0,3,0.11843998715627016,NA
261325,0,3,0.8016515804202589,NA
261327,1,3,0.6238568884479476,4
261328,0,2,0.15436891316853638,NA
261329,1,4,0.7004017090957257,5
261330,1,4,0.35573428418238673,4
261331,0,3,0.5930184277366779,NA
261332,0,2,-0.29710886652244883,NA
261333,0,2,0.4074983534464058,NA
261335,0,2,0.5094411198019466,NA
261336,0,1,0.3707662573531145,NA
261337,1,4,-0.11052867561142043,3
261338,0,3,-0.5848636874246294,NA
270003,1,5,0.06774595130857133,4
270004,1,5,0.40637000124283945,5
270012,1,5,-0.22079891888179468,3
270014,1,5,0.40339833855896856,5
270017,1,5,-0.4050451392899522,2
270023,1,5,0.07395160373741012,4
270032,1,5,-0.08622825593850283,3
27003F,1,4,0.4691445491819004,4
270049,1,5,0.42689460793821943,5
270051,1,5,0.28206148860376457,4
270057,1,5,0.17605847327855212,4
270074,0,1,1.0029006265574132,NA
270086,1,5,0.7591861234236139,5
271300,0,0,0.8319349730982843,NA
271301,0,1,0.13511445885006043,NA
271302,0,1,1.0093505668669174,NA
271304,0,0,1.6344746512646269,NA
271305,0,0,-0.8730072791324832,NA
271306,0,0,-1.6964197991177115,NA
271307,0,0,1.979962097635285,NA
271308,0,1,-0.08791064858347077,NA
271309,0,1,0.8548354238049374,NA
271311,0,0,2.7755095538761743,NA
271312,0,0,-0.05527127903038846,NA
271313,0,0,0.8471635188013745,NA
271314,0,1,-0.3584970922430708,NA
271316,0,3,0.727215023451113,NA
271317,1,4,0.22010048584838168,4
271318,0,2,0.34380411684320933,NA
271319,0,0,-0.1812229056961921,NA
271320,0,3,-0.054241600143809805,NA
271321,0,0,-0.38256730736696326,NA
271322,0,0,0.7757431092320809,NA
271323,0,2,-0.08842769435484657,NA
271324,0,0,-0.9337047765125668,NA
271325,0,1,-0.38113613239755284,NA
271326,0,1,-0.07632196364960264,NA
271327,0,0,0.4087159439759888,NA
271328,0,0,-1.581793658873688,NA
271329,0,0,0.11848833524635138,NA
271330,0,0,0.07043728935688154,NA
271331,0,0,-1.162562971998964,NA
271332,0,2,-1.7826516210648253,NA
271334,0,0,1.4898141479373295,NA
271335,0,3,0.9973071244987147,NA
271336,1,5,0.9934148395439535,5
271337,0,0,2.59722285034312,NA
271338,0,1,-1.1116117644360162,NA
271340,1,4,0.3622775546983188,4
271341,0,0,-0.21901958682879846,NA
271342,0,1,-0.6809514332394483,NA
271343,0,1,1.3665411741184919,NA
271344,1,5,0.43828750659438187,5
271345,1,4,0.721764893790605,5
271346,0,0,-0.3412497921470485,NA
271347,1,5,0.6222741254936701,5
271389,0,1,1.4781066272838277,NA
280003,1,5,0.48888136635433804,5
280009,1,5,0.4915116112460572,5
280013,1,5,0.0324564785867867,3
280020,1,5,0.08218765389658801,4
280023,1,5,0.33942105541984596,4
280032,1,5,-0.292028080560768,3
280040,1,5,0.4196474800470674,5
280060,1,5,0.07528353689978363,4
280061,1,5,-0.5990403478790305,2
280065,1,5,-0.498722954284999,2
28006F,1,5,0.4336478239306448,5
280077,1,5,0.2698137554893517,4
280081,1,5,0.2846627696143924,4
280105,0,3,0.7409736779692838,NA
280111,1,5,-0.27736710741344595,3
280125,1,5,0.4143825725292304,5
280127,0,1,0.8120347028087422,NA
280128,1,4,0.06992007412727502,3
280129,0,3,1.8767658786910133,NA
280130,1,5,0.5161568516033154,5
280131,0,3,1.2260127895570978,NA
280132,1,5,0.7469461255370413,5
280133,0,1,0.9664109731011846,NA
280134,1,5,0.13258142010370552,4
280139,1,4,0.08615304060323106,3
281300,0,1,1.0044389689403548,NA
281301,0,2,0.6925238804645528,NA
281302,0,0,1.2423890658748302,NA
281304,0,2,-0.7146887948942333,NA
281305,0,1,0.7217608592271637,NA
281306,0,1,0.3123678452059506,NA
281307,0,2,0.7882838998196718,NA
281308,0,0,0.5980641313853646,NA
281309,0,0,1.1093664107865058,NA
281310,0,0,0.15091056319697072,NA
281311,0,1,1.0440911750865418,NA
281312,0,0,1.9910480583307355,NA
281313,0,1,0.8168902630511995,NA
281314,0,1,0.5294606440895677,NA
281315,0,3,0.6698079160310274,NA
281316,0,0,2.9894535981158397,NA
281318,0,2,0.22824322512292539,NA
281319,0,1,0.707827048163732,NA
281320,0,2,0.003886772936749369,NA
281322,0,1,-0.10876009405525122,NA
281323,0,1,-0.25499103456418865,NA
281324,0,1,0.3279253422485555,NA
281325,0,0,-0.03516568124165642,NA
281326,0,1,0.7401348401148589,NA
281327,0,0,0.3738627477280052,NA
281328,0,2,0.030953604941706125,NA
281329,1,4,0.0417116249627693,3
281330,0,0,2.9894535981158397,NA
281331,0,2,0.6604167552414724,NA
281332,0,1,0.34697116593167027,NA
281333,0,0,1.1858380414818015,NA
281334,1,4,0.7468562465007227,5
281335,0,1,0.5642623408863587,NA
281336,0,2,-0.30258709754944546,NA
281338,0,2,0.18415743905099105,NA
281339,0,2,-0.6315720328934191,NA
281340,0,1,-0.8020089291336826,NA
281341,0,2,0.554362306145579,NA
281342,0,2,0.8260582885751039,NA
281343,0,1,0.4053955793992523,NA
281344,0,2,-0.1820556506995016,NA
281345,0,2,-0.3913587551870652,NA
281346,0,1,0.06742326542423577,NA
281347,0,2,0.7921015792926918,NA
281348,0,0,0.8015538366109378,NA
281349,0,1,0.6665727317879119,NA
281350,0,2,-0.44740112640233964,NA
281351,0,0,-0.6295125325270249,NA
281352,1,4,0.473470733623562,4
281353,0,2,0.7312691582467875,NA
281354,0,1,-0.1138578792038692,NA
281355,0,2,-0.08212636612995716,NA
281356,0,2,0.6973688095832768,NA
281357,0,2,0.22790667542693885,NA
281358,0,1,-0.1912332148728535,NA
281359,0,1,0.39683356924640334,NA
281360,0,2,0.38446289593292937,NA
281361,0,2,0.298659018502253,NA
281362,0,3,0.16568055295333325,NA
281363,1,4,0.1757108200307573,3
281364,1,4,-0.5264784303995454,2
281365,0,2,0.10349673391436319,NA
290001,1,5,-0.35092644681204865,2
290003,1,5,-0.8568077516365276,1
290005,1,5,-0.570465004785441,2
290007,1,5,-0.5192299679790846,2
290008,1,5,-0.3887506407779299,2
290009,1,5,0.13876408495931028,4
290012,0,1,-0.6088101926007637,NA
290019,1,5,-0.6869497766440491,2
290021,1,5,-0.7210436408387386,1
290022,1,5,-0.2841455042057651,3
29002F,1,4,0.9401869958604822,5
290032,1,5,0.021839234442051603,3
290039,1,5,0.055547062351770635,4
290041,1,5,-0.7239178341129627,1
290045,1,5,-0.43707064449786387,2
290046,1,5,-0.7053428815200613,2
290047,1,5,0.22917129708580097,4
290049,1,5,0.4351453619088438,5
29004F,1,5,0.5890653070714096,5
290053,1,5,0.09312912098520337,4
290054,1,5,-0.8705296744202069,1
290057,1,5,-0.1496428457905697,3
290058,0,1,0.7676867518389482,NA
291300,0,1,0.2461283663570163,NA
291301,0,1,0.6038976363688425,NA
291302,0,2,-0.0816466597954194,NA
291303,0,0,-0.0016635232526431766,NA
291304,0,1,1.0819443049486048,NA
291306,1,4,0.07329965868682721,3
291307,1,4,-0.9749031217469076,1
291308,1,4,-0.44589905142133557,2
291309,0,1,0.40521480570736906,NA
291311,1,4,-0.37741075531606516,2
291312,0,1,0.41250288308616023,NA
291313,1,4,-0.7340408792659397,1
291314,0,1,-0.10103912052475413,NA
300001,1,5,0.01924782263458966,3
300003,1,5,0.026368793513226164,3
300005,1,5,0.06064438301888067,4
300011,1,5,0.08850398085352794,4
300012,1,5,-0.6111402630684364,2
300014,1,5,-0.036834003167448975,3
300017,1,4,0.507197294810162,4
300018,1,5,0.2922633982746733,4
300019,1,5,-0.0861113832655763,3
300020,1,5,-0.2625426599029506,3
300023,1,5,0.39062160020213266,5
300029,1,5,0.08666175817789276,4
300034,1,5,0.4356835107250872,5
301300,0,0,0.2139830713800726,NA
301301,0,3,-1.463059722368313,NA
301302,0,3,-0.05716075695960047,NA
301303,1,3,-0.2560887708950699,3
301304,1,5,0.30772794449224167,4
301305,0,3,1.1220693385893556,NA
301306,0,1,0.15874221895733037,NA
301307,1,4,-0.02484034930956347,3
301308,1,3,1.209787758445125,5
301309,1,4,0.3271173299070745,4
301310,1,4,0.36606391133347954,4
301311,1,4,0.42544110047210293,4
301312,1,5,-0.250759502618965,3
310001,1,5,0.4248791023028115,5
310002,1,5,-0.5422824066180861,2
310003,1,5,-0.0800605956012301,3
310005,1,5,0.6879395232670268,5
310006,1,5,-0.006340181727179654,3
310008,1,5,-0.39503729715669256,2
310009,1,5,-0.11921136692428412,3
310010,1,5,0.5058442720109377,5
310011,1,5,-0.14545472069910334,3
310012,1,5,0.22815949836070074,4
310014,1,5,-0.4500396784288343,2
310015,1,5,0.7329116488771564,5
310016,1,5,-0.4030127323267882,2
310017,1,5,0.2734596041715109,4
310019,1,5,-0.749419983074893,1
31001F,1,5,-0.6514223459041697,2
310021,1,5,-0.15838537951587311,3
310022,1,5,-0.4297247036837113,2
310024,1,5,-0.6128439451208956,2
310025,1,5,-0.4790241273226953,2
310027,1,5,-0.9036787031116233,1
310028,1,5,0.001387861551751194,3
310029,1,5,-0.6828878697385667,2
310031,1,5,0.08124706455342925,4
310032,1,5,-0.24485517312848673,3
310034,1,5,-0.26446096158720905,3
310038,1,5,-0.340774027983211,2
310039,1,5,-0.3158962878289162,2
310040,1,5,-1.3634852722632633,1
310041,1,5,-0.5982218149516667,2
310044,1,5,-0.13724810146616864,3
310045,1,5,0.22229611338620986,4
310047,1,5,-0.44078484684945,2
310048,1,5,-0.4907427860200265,2
310050,1,5,0.0696182705198128,4
310051,1,5,0.33411857770754616,4
310052,1,5,-0.4111050412133992,2
310054,1,5,-0.40663091283645736,2
310057,1,5,-0.13721670273472658,3
310058,1,3,-1.3114123493977525,1
310060,1,5,0.6524189408151037,5
310061,1,5,-0.36514510352120294,2
310064,1,5,0.1850009922602278,4
310069,1,5,-0.11047344749678321,3
310070,1,5,0.12269511577453267,4
310073,1,5,-0.05667064542340627,3
310074,1,5,-0.5172403178241191,2
310075,1,5,-0.12041170025717703,3
310076,1,5,-0.3500236066055897,2
310083,1,5,-0.7777984908341653,1
310084,1,5,-0.2730080948086791,3
310086,1,5,-0.31968150554056773,2
310091,1,4,-0.022672407358569784,3
310092,1,5,-0.5748768840951499,2
310096,1,5,0.2898939104392955,4
310108,1,5,-0.47037824012226526,2
310110,1,5,-0.3320539298771591,2
310111,1,5,-0.4577668766124309,2
310112,1,5,-0.3375344608044968,2
310113,1,5,-0.04654711241939033,3
310115,1,5,0.048557868939396114,4
310118,1,5,-0.8673312236188889,1
310119,1,5,-1.0596339966052668,1
310130,1,5,-0.3304055515153287,2
320001,1,5,-0.6840592705878176,2
320002,1,5,0.08768817770825726,4
320003,1,3,0.18498444385240226,3
320004,1,5,-0.4689918908776177,2
320005,1,5,-0.8616720293085555,1
320006,1,5,-1.0544447503314656,1
320009,1,5,-0.08807709196022806,3
320011,1,5,-0.08113320633462634,3
320017,1,5,-0.43391821983367684,2
320018,1,5,-0.5502550724518959,2
320021,1,5,-0.2669926095535958,3
320022,1,5,0.09821615935903513,4
320030,0,3,0.6986110044023354,NA
320033,0,3,0.3730148477879666,NA
320038,0,3,0.2753062818521948,NA
320058,0,0,1.7301263243578524,NA
320059,0,2,-0.26842187970429,NA
32005F,1,5,-0.7285186703400137,1
320060,0,1,-0.06248416521133722,NA
320061,0,3,-0.7402956637727268,NA
320062,0,0,0.7149104225490043,NA
320063,1,5,-1.2600645971378364,1
320065,1,3,-0.03661435255528289,3
320067,0,1,0.34016215310913783,NA
320074,1,4,-0.25177138130148824,2
320084,0,2,-0.06554377077118262,NA
320085,1,5,-0.7531400768375554,1
320086,1,5,-0.03217994600941809,3
320089,1,4,-1.1036971324249731,1
320090,1,4,0.45093475390489535,4
320091,0,0,1.3598726376819863,NA
321300,0,1,-0.15829834949450622,NA
321301,0,1,0.4609900908797998,NA
321302,0,1,0.6220148823071595,NA
321304,0,0,0.08149681482247509,NA
321305,1,3,-0.24977177097262754,3
321306,1,4,0.5147270410874587,4
321307,0,1,0.6528795697410149,NA
321308,0,2,0.028141233798904954,NA
321309,0,2,0.05818716355015088,NA
321310,1,4,-0.42253807788598285,2
321311,0,3,-0.67535309972481,NA
330005,1,5,-0.14152049465953676,3
330006,1,5,-0.8018286418767941,1
330008,1,5,-0.3272573703797125,2
330009,1,5,-0.6395134004854536,2
330011,1,5,0.025798740405409304,3
330013,1,5,-0.6961958549870915,2
330014,1,5,-0.7593660778099248,1
330019,1,5,-0.9802013502453745,1
330023,1,5,-0.24792924114486037,3
330024,1,5,0.3251535654090258,4
330027,1,5,-1.8402007605762274,1
330028,1,5,-0.600254843809316,2
330030,1,5,-0.1530267641712009,3
330033,1,5,-0.2569664147972418,3
330043,1,5,-0.03953523957916218,3
330044,1,5,-0.3882384819898983,2
330045,1,5,0.5037948991312664,5
330046,1,5,-0.05615413027801827,3
330047,1,5,-0.1099727617059156,3
330049,1,5,0.11042611132973235,4
330055,1,5,0.5012437605124739,5
330056,1,5,-0.4023297456347144,2
330057,1,5,0.05022702318504049,4
330058,1,5,-0.7625901130490457,1
330059,1,5,-0.5737838829524187,2
330065,1,5,-0.8562244824524456,1
330073,1,5,-0.4474894536909305,2
330074,1,5,-0.3298839150702227,2
330078,1,5,-0.03436488783030527,3
330079,1,5,0.08697659358761112,4
330080,1,5,-0.9273386973356239,1
330084,1,4,-0.3349261207421402,2
330085,1,5,-0.5251088201293873,2
330086,0,2,-0.3903136230938216,NA
330090,1,5,-0.3705241722879496,2
330094,1,5,-0.8954131485266221,1
330096,1,4,0.056361948658374114,3
33009F,1,5,0.1439806911588027,4
330100,0,0,0.13030784731034095,NA
330101,1,5,0.4348975854318438,5
330102,1,5,0.018533084478376097,3
330103,1,5,-0.8941717124442057,1
330104,1,5,-0.47442572448985004,2
330106,1,5,0.4923343415890699,5
330107,1,5,-0.030408476330640526,3
330111,0,3,-0.8778325134992078,NA
330115,1,5,-0.18265877661864074,3
330119,1,5,0.2599090495709761,4
33011F,0,1,0.9750767533838409,NA
330125,1,5,-0.8614065793216663,1
330126,1,5,0.11834916280175717,4
330127,1,5,-0.6111231789688262,2
330128,1,5,-1.1808407019542126,1
33012F,1,5,0.4791742031020103,5
330135,1,5,-0.07998571423169726,3
330136,1,5,-0.5513688368238352,2
330140,1,5,-0.5372088760093919,2
330141,1,5,-0.9241390284373013,1
330144,0,1,-0.2927147163225531,NA
33014F,0,2,0.7271502132983281,NA
330151,1,4,-0.106887480935208,3
330153,1,5,-0.4225574181590421,2
330157,1,5,-0.07038529579085692,3
330158,1,5,-0.09887667044760319,3
33015F,0,2,0.7266736071612243,NA
330160,1,5,0.163855510128363,4
330162,1,5,0.20372180159409703,4
330163,1,3,-0.7384880507073712,2
330164,1,5,-0.34868430660460775,2
330166,0,1,0.29308899899036756,NA
330169,1,5,-0.2535643495727169,3
33016F,1,5,-0.7717922235657799,1
330175,1,5,-0.21628324726229076,3
33017F,1,4,-0.42868164060613834,2
330180,1,5,-0.24081141861493316,3
330181,1,5,0.2304634452838172,4
330182,1,5,0.7141100196714875,5
330184,1,5,-0.5067235105410923,2
330185,1,5,0.5325015521840589,5
330188,1,5,-0.23539715911403417,3
330191,1,5,-0.3381964424320051,2
330193,1,5,-1.09271890423138,1
330194,1,5,-0.6521533480918851,2
330195,1,5,0.003443929345981811,3
330196,1,5,-1.0535295731968024,1
330197,1,5,-0.6077061102633738,2
330198,1,5,-0.6333464187754002,2
330199,1,4,-0.4112775243275075,2
33019F,1,5,-0.5730406782629694,2
330202,1,5,-0.6494834080035199,2
330203,1,5,-0.5481833443762177,2
330204,1,5,-0.7586442267873462,1
330205,1,5,0.7510086672292613,5
330208,1,5,-0.07206156553372536,3
33020F,1,3,-0.0702503725492043,3
330211,1,5,-0.5500523794045483,2
330214,1,5,1.321460372331819,5
330215,1,4,-0.48659014101071885,2
330218,1,5,-0.23953910615036958,3
330219,1,5,-0.4651282043571273,2
330221,1,5,-1.079799357308662,1
330222,1,5,0.23493205133393835,4
330223,1,4,-0.8174652377660241,1
330224,1,5,-0.625691534335608,2
330226,1,5,-0.4201245272094083,2
330229,1,5,-0.4573892400333175,2
330231,1,5,-0.6408458757825157,2
330233,1,5,-1.5237976691520743,1
330234,1,5,-0.7639590175072734,1
330235,1,5,-0.5441363213685432,2
330236,1,5,0.15513960829469878,4
330238,1,5,-0.36732233826379523,2
330239,1,5,-0.26018344878357036,3
330240,1,5,-1.1491469916298576,1
330241,1,5,-0.5795450813836504,2
330245,1,5,-0.6213172355278541,2
330246,1,5,0.12707128108481866,4
33024F,1,5,-0.6411049187452528,2
330250,1,5,-0.25993535111272215,3
330259,1,5,-0.36872050694461617,2
330261,1,5,-0.15065489831472745,3
330264,1,5,-0.15918659273506164,3
330265,1,4,-0.3812803487783119,2
330267,1,5,0.2097146197251376,4
330270,1,4,2.517261587339126,5
330273,1,5,-0.03554383930714483,3
330276,1,5,0.10365811925071372,4
330277,1,5,-0.24869300686610585,3
330279,1,5,-0.2747265144660785,3
330285,1,5,-0.3497554775658444,2
330286,1,5,-0.7499542685863104,1
330304,1,5,0.46528731888973524,5
330307,1,5,0.11355424073447253,4
330331,1,5,-0.18117379684943635,3
330332,1,5,-0.5339605515665679,2
330350,1,5,-1.3301927361515906,1
330386,1,5,-0.30900122375402983,2
330393,1,5,0.10792357478946812,4
330394,1,5,-0.6997461266242099,2
330395,1,5,-1.723105550105044,1
330396,1,5,-0.4356914746558812,2
330399,1,5,-1.0706780448077449,1
330401,1,5,0.06382922277451523,4
330405,0,0,0.29504482670822635,NA
330406,0,0,3.4127641726644287,NA
331301,0,0,2.5238770284290433,NA
331302,0,2,-0.2601990533575462,NA
331303,0,1,1.576454243724129,NA
331304,0,1,0.47608383458307085,NA
331305,0,1,-0.38212163409898964,NA
331307,0,0,0.736320339749957,NA
331309,0,1,-0.7283814690276121,NA
331310,0,0,-0.0855737763705221,NA
331311,1,3,0.17003237066775898,3
331312,0,1,1.045210981889699,NA
331313,0,1,0.1713018027090531,NA
331314,0,1,-1.5443399623328122,NA
331315,0,2,0.20958783669093262,NA
331316,1,3,-0.25763093471485204,3
331317,0,1,0.4434760078367458,NA
331319,0,1,-0.3069352319901461,NA
331320,1,3,0.5339994741328855,4
340001,1,5,0.33278351822990077,4
340002,1,5,0.3282588771363269,4
340003,1,5,0.34986802713221515,4
340004,1,5,-0.40912875467713483,2
340008,1,5,-0.3840366271654819,2
340010,1,5,0.11055615474831185,4
340013,1,5,0.2563053982745353,4
340014,1,5,-0.14554787175160183,3
340015,1,5,-0.456994908667517,2
340016,1,5,-0.21203782328421794,3
340017,1,5,0.041035264581779723,4
340020,1,5,-0.1504978209443098,3
340021,1,5,-0.17599008719323966,3
340023,1,5,0.30966224342189963,4
340024,1,5,0.15581699450059505,4
340027,1,5,-0.6742074264078735,2
340028,1,5,-0.9643418346919121,1
340030,1,5,0.5121579114749613,5
340032,1,5,-0.00459059624164955,3
340039,1,5,-0.41944960473561277,2
340040,1,5,-0.6236191931490619,2
340041,1,5,0.029390912126737646,3
340042,1,5,-0.42055566769973707,2
340047,1,5,-0.3282274282474658,2
340049,0,2,1.2657403484890921,NA
340050,1,5,-0.5320302482453432,2
340051,1,5,0.407537899777227,5
340053,1,5,0.015121347584567457,3
340060,1,5,-0.8127730216992043,1
340061,1,5,0.41892537996425877,5
340064,1,5,-0.763374156810837,1
340068,1,5,-0.5948285659164749,2
340069,1,5,0.15376149131158634,4
340070,1,5,-0.34987457384689585,2
340071,1,5,-0.6559253694269719,2
340073,1,5,0.5978152474026294,5
340075,1,5,-0.1004587956883437,3
340084,0,1,0.00028149196117485675,NA
340085,1,5,-0.3517776927709928,2
340087,1,4,0.6798973586053879,5
340090,1,5,-0.1494273487121052,3
340091,1,5,0.4110796096601678,5
340096,1,5,-0.3050803633572084,2
340097,1,5,0.012559836365228498,3
340098,1,5,-0.24044390670084426,3
340099,1,5,-0.25769750043930656,3
340107,1,5,-0.3688241934694839,2
340109,1,5,-0.3798013072318603,2
340113,1,5,-0.30815689535695173,2
340114,1,5,0.7392262483178569,5
340115,1,5,0.25562707914464533,4
340116,1,5,-0.1886912762381183,3
340119,1,5,-0.394287602417611,2
340120,1,5,0.21915115999443427,4
340123,1,5,-0.5414075045294147,2
340126,1,5,-0.8551352310362264,1
340127,1,5,0.07908918112821856,4
340129,1,5,-0.30464510141474704,2
34012F,1,5,0.3212829037176315,4
340130,1,5,0.08168290742877538,4
340131,1,5,0.10175830562664337,4
340132,1,5,-0.21694366398474463,3
340133,1,4,0.11548238398428151,3
34013F,1,4,0.49718824797306027,4
340141,1,5,-0.4027023150885816,2
340142,1,5,-0.14680312404182788,3
340143,1,5,0.15375081837471546,4
340144,1,4,-0.30620873159365225,2
340145,1,5,0.49130799693918636,5
340147,1,5,0.1964721946106608,4
340148,0,2,0.7898786254204511,NA
340151,1,5,-0.6236018581209025,2
340155,1,5,0.34399269361793877,4
340156,0,0,-0.47390461995683103,NA
340158,1,5,0.04352029961065514,4
340159,1,3,0.5165019061605305,4
340166,1,5,-0.009855477507077201,3
340168,0,0,-0.19733070871747943,NA
340171,1,5,0.16148128407172327,4
340173,1,5,0.14517352259793626,4
34017F,1,4,0.8076472924782347,5
340183,1,5,-0.1570485658656758,3
340184,1,5,-0.06001043921882397,3
340187,1,4,1.1712256561823542,5
340188,1,5,0.5664699434759319,5
340190,1,4,0.6271270295279753,5
34036F,1,5,1.131591121218567,5
341303,0,1,0.782961580884912,NA
341304,0,2,0.20265901877940207,NA
341305,0,1,-0.21780819782853877,NA
341307,0,1,0.9599542247006798,NA
341311,0,3,1.023111204163445,NA
341314,0,0,-0.8632369171073322,NA
341315,0,2,0.03709308463906516,NA
341316,0,1,0.8541067415373291,NA
341317,0,0,-0.008036699152978848,NA
341318,1,4,0.4033026703697139,4
341319,1,5,0.5924354883238765,5
341320,0,1,-0.2407904223624373,NA
341322,1,4,0.3038984027561478,4
341323,0,2,0.830197945188611,NA
341324,1,4,0.7820057815406536,5
341325,1,4,0.7270678893967389,5
341326,1,5,0.2666078039964925,4
341327,0,3,0.19853139128914177,NA
341328,1,4,-1.0372512199905224,1
341329,1,4,0.7262235004981291,5
350002,1,5,0.1165687613953623,4
350006,1,5,-0.3414674376746645,2
350011,1,5,-0.09922092112173259,3
350015,1,5,0.379515565149142,4
350019,1,5,0.057396580372984854,4
35002F,1,4,0.7830213300715392,5
350063,0,1,0.51617071820029,NA
350070,1,5,0.458373021055634,5
351300,0,1,-0.38723300643615505,NA
351301,0,0,2.238618302776157,NA
351302,0,0,0.6077737904374477,NA
351303,0,1,0.518899067330735,NA
351304,0,1,1.395695751141237,NA
351306,0,1,0.6125858958191135,NA
351307,0,2,-0.2920322268650909,NA
351308,0,0,0.26337368805847167,NA
351309,0,2,1.2141749765488834,NA
351310,0,0,-1.5104464409732232,NA
351311,0,2,-0.11346454522959235,NA
351312,0,0,2.0588346676796228,NA
351313,0,0,0.647089682063597,NA
351314,0,1,-0.4146755479081007,NA
351315,0,2,0.5080797320190682,NA
351316,0,1,1.169864533943341,NA
351318,0,1,1.688304845397671,NA
351319,0,1,0.057548315228448166,NA
351320,0,1,0.8028712408330072,NA
351321,0,1,0.4784688796933405,NA
351322,0,1,-0.4265803494892891,NA
351323,0,1,0.6939524881708475,NA
351324,0,2,-0.021043103524356066,NA
351325,0,1,-0.33314309092480776,NA
351326,0,2,-0.25475721609196744,NA
351327,0,1,-0.8976382108369751,NA
351328,0,1,0.9302262471001159,NA
351329,0,0,0.8684503316212608,NA
351330,0,2,-0.04094157381824501,NA
351331,0,1,-0.034251123841967046,NA
351332,0,1,-0.7458306870048488,NA
351333,0,2,-0.06117570727836924,NA
351334,0,3,-0.8533781365242306,NA
351335,1,4,-0.5830026628802828,2
351336,1,4,0.3313746213302456,4
351364,0,0,3.1320829609422822,NA
360001,1,5,-0.16478770537962836,3
360002,1,5,0.2714830914760901,4
360003,1,5,0.14883487555634925,4
360006,1,5,0.3336975944214643,4
360008,1,5,0.2223686114507395,4
360009,1,5,0.04326403593569071,4
360010,1,5,-0.06975927142297131,3
360011,1,5,0.03861445486138567,4
360012,1,5,0.28239130365570864,4
360013,1,5,0.04655834778451298,4
360014,1,5,0.4856523389495701,5
360016,1,5,0.1416283051414214,4
360017,1,5,-0.17109707962384646,3
36001F,1,5,0.4375042263814259,5
360020,1,5,-0.3431917996372829,2
360025,1,5,0.05797610618459052,4
360026,1,3,0.2338921550973944,4
360027,1,5,0.17176928012066123,4
360029,1,5,0.39030132486479097,5
360032,1,5,0.533096927882094,5
360035,1,5,-0.2971795482235785,2
360036,1,5,0.8922671480162518,5
360037,1,4,0.013121963483612706,3
360039,1,5,0.2146993460118804,4
36003F,1,5,0.4394452148379234,5
360040,1,5,-0.8603888272238357,1
360041,1,5,0.5375222218698698,5
360044,1,5,0.11673240850132084,4
360046,1,5,-0.103679317335438,3
360048,1,5,-0.03979411851596918,3
360051,1,5,-0.12975434017082715,3
360054,1,5,0.13109153813168245,4
360055,1,5,-0.6775641984434821,2
360056,1,5,-0.14445105600968977,3
360058,1,5,0.3190088618894334,4
360059,1,5,-0.32324161309795035,2
360064,1,5,-0.5623667374280271,2
360065,1,5,-0.20112080795936133,3
360066,1,5,0.09253501566651404,4
360068,1,5,0.1991845525173745,4
360070,1,5,-0.09703507038815928,3
360071,1,5,0.26271320646764573,4
360072,1,5,-0.5063779664791663,2
360075,1,5,-0.3774373951895178,2
360076,1,5,0.05859996987507032,4
360077,1,5,0.6868352940816096,5
360078,1,5,0.4750817484504892,5
360079,1,5,0.1115375173399609,4
36007F,1,4,0.381442020514643,4
360080,1,3,-0.6373561833766165,2
360081,1,5,-0.06969110123518729,3
360082,1,5,-0.22517132598987363,3
360084,1,5,-0.06626786172974695,3
360085,1,5,0.12807971663407344,4
360086,1,5,-0.23540118971739402,3
360087,1,5,0.5049015765742024,5
360089,1,5,0.3374840295430726,4
36008F,1,3,0.05039963356138866,3
360090,1,5,-0.18708329525372436,3
360091,1,5,0.28357696984741737,4
360092,1,4,0.7012443829101014,5
360095,1,5,-0.03997111688707236,3
360096,1,5,0.4622224832450595,5
360098,1,5,-0.3843898874855125,2
360107,1,4,0.3891811591084545,4
360109,1,4,-0.3437885297862382,2
360112,1,5,-0.2617635099404354,3
360118,1,5,-0.1254084890059182,3
360121,1,5,-0.22345278019995718,3
360123,1,5,0.299616742271372,4
360125,1,5,-0.01340972043555666,3
360131,1,5,-0.18413517962071263,3
360132,1,5,0.12567806559177994,4
360133,1,5,-0.1595660520513971,3
360134,1,5,0.3936034439885987,5
360137,1,5,-0.17132882436400954,3
360143,1,5,0.6512981811274227,5
360144,1,5,0.23309478402096284,4
360145,1,5,0.41767660450357424,5
360147,1,5,-0.10862245897186633,3
360148,1,4,-0.21971998988042654,2
360150,1,5,0.28224474467292454,4
360152,1,5,0.1640600465657721,4
360155,1,5,0.43188700117689566,5
360156,1,5,0.4889328903465724,5
360159,1,5,0.034132849481994486,3
360161,1,5,-0.6703759865275389,2
360163,1,5,0.7648003121305691,5
360170,1,5,-0.4943959656035957,2
360172,1,5,0.01644721020998277,3
360174,1,5,0.05491236349687762,4
360175,1,5,-0.9351669493887567,1
360179,1,5,0.0688427993690329,4
360180,1,5,0.6707934001614099,5
360185,1,5,-0.3560647452183824,2
360189,0,3,0.6077197020585265,NA
360192,1,4,0.5313780619400159,4
360197,1,5,0.581131611550558,5
360203,1,5,-0.08259245760657905,3
360210,1,5,-0.13495288591257878,3
360211,1,5,-1.0340982593191042,1
360218,1,5,0.05592476270591712,4
360230,1,5,0.3299558287315627,4
360234,1,5,0.16734533730687148,4
360236,1,5,0.052675157745549914,4
360239,1,5,0.22063762774919501,4
360245,0,0,0.2948422799225304,NA
360259,1,5,0.24954214266224614,4
360262,1,5,0.2581453911840069,4
360263,0,2,0.7970139700860894,NA
360266,0,2,1.3303765178946338,NA
360270,1,4,0.644877768233895,5
360276,1,5,-0.13195768403397842,3
360348,1,5,0.3930520198902809,5
360351,1,4,1.8895716181369149,5
360352,1,4,0.7897730781498162,5
360354,1,5,0.24356729480209402,4
360355,0,2,0.5860258554921843,NA
360358,0,1,0.7496416762616028,NA
360359,1,5,0.30385958334288876,4
360360,1,5,0.22832329761769182,4
360361,0,2,-0.3148385308094401,NA
360364,1,5,0.9821205635474901,5
360365,1,5,0.12659646288156085,4
360367,0,1,-0.13446550104060612,NA
360368,0,3,-0.603272488232874,NA
361300,0,2,0.7040058481395437,NA
361301,0,1,1.0809261687549285,NA
361302,0,1,-3.3075001567585476,NA
361303,0,1,0.5889048984147225,NA
361304,0,1,-0.5920244345025856,NA
361306,0,3,0.036913887144541496,NA
361307,1,4,0.24388477914286782,4
361308,0,1,0.2764289792018876,NA
361309,1,4,0.03713458309559855,3
361310,0,2,0.6564186403095706,NA
361311,0,0,1.9138388140730536,NA
361312,1,3,0.8963072975225491,5
361313,0,0,0.9138764042572958,NA
361314,1,3,0.4874948678239088,4
361315,1,3,-0.3575476774704818,2
361316,1,3,-1.102105304817702,1
361318,0,2,0.7301481862404142,NA
361319,0,3,0.8503887631948779,NA
361320,0,2,1.071990727859065,NA
361321,0,1,0.35085469329011876,NA
361322,0,1,0.4543887982461627,NA
361323,0,3,0.34123652376010777,NA
361324,0,2,-0.16103346052763845,NA
361325,1,5,-0.15830124709752288,3
361326,1,3,-0.6385306582614614,2
361327,0,0,1.6089546658971632,NA
361328,1,4,0.4446039555966069,4
361329,1,4,0.32070059294807063,4
361330,0,1,-0.3802057908317705,NA
361331,0,3,-0.6653628982674696,NA
361332,1,4,0.29280693416983705,4
361333,1,4,-0.71531098402046,1
361334,0,2,0.2869463153155326,NA
370001,1,5,-0.4559536313122609,2
370002,1,5,-0.23300159800045475,3
370004,1,5,-0.17485975388917743,3
370006,1,5,-0.11719315888218196,3
370008,1,5,-0.2753155644085268,3
370013,1,5,0.016144629963607767,3
370014,1,5,-1.1019934582076598,1
370015,1,3,0.4596645386588863,4
370016,1,5,0.17384943187106908,4
370018,1,5,-0.18690648337886417,3
370019,1,4,-0.09771040425478589,3
370020,1,5,0.17122180601368397,4
370022,1,5,0.3256032156060752,4
370023,1,5,0.12057371586582019,4
370025,1,5,0.075706982483913,4
370026,1,5,0.1340684958625865,4
370028,1,5,-0.3558562065216482,2
370029,1,3,-0.4846041508805028,2
370030,1,3,-1.004435762523293,1
370034,1,5,-1.6015463779192842,1
370037,1,5,-0.6897019133735216,2
370039,1,5,-0.5938068279656914,2
370041,0,3,0.8648593376620082,NA
370047,1,5,0.2654770461382743,4
370049,1,5,0.3282438814588451,4
370054,1,4,0.4000983746365238,4
370056,1,5,-1.3839436428311813,1
370057,0,2,-1.3231967848334696,NA
370078,1,5,-0.3769708875737008,2
370083,1,3,-0.8503795168033785,2
370089,1,5,-0.26153029923339033,3
370091,1,5,0.18373628203933462,4
370093,1,5,-0.6368160515499339,2
370094,1,5,-0.8558267624978048,1
370097,1,5,0.12353985022103736,4
370099,0,2,0.3157522944777954,NA
370100,1,3,-0.49417967059939855,2
370106,1,5,-0.19404481434723253,3
370112,1,4,0.1853949017576696,3
370113,1,5,0.47674855436285374,5
370114,1,5,-0.3322303774346248,2
37012F,1,5,0.5048264596979183,5
370139,0,2,0.26443692500850424,NA
370149,1,5,-0.394001922919377,2
37014F,1,5,-0.23303640304102874,3
370153,1,3,-0.3448937878061381,2
370158,1,3,0.40369263816645945,4
370166,1,3,-0.2534210480723151,3
370170,0,0,0.42884410069979934,NA
370171,1,5,0.23755868660247179,4
370172,0,2,0.6239211971675827,NA
370173,0,2,0.7347542944484371,NA
370178,1,3,0.9976791071175128,5
370180,1,5,0.7914674603323166,5
370183,0,2,0.0739719957859161,NA
370192,0,1,0.0919327576568033,NA
370199,0,2,0.8501493455858229,NA
370201,0,1,0.11094547277334593,NA
370202,1,5,0.24084064825757553,4
370203,1,4,1.4241519977796204,5
370206,0,2,1.3349464793400272,NA
370210,1,4,1.2785849884357843,5
370211,1,5,-0.17989687891650558,3
370212,0,3,1.1951790938536724,NA
370214,0,0,0.17664643734356145,NA
370215,1,5,0.7190627709952746,5
370216,0,3,0.8272685725850304,NA
370218,1,5,-0.23509673834498465,3
370220,0,3,-0.17918487917448878,NA
370222,0,3,1.5590453009636047,NA
370225,0,3,0.794235845286161,NA
370227,0,3,-0.46460715825532656,NA
370228,1,4,-0.4456393848914234,2
370229,0,2,0.8982645532987039,NA
370234,1,5,0.9400501485286263,5
370235,1,4,1.0015877627906948,5
370236,1,5,0.029756369993065176,3
370237,1,4,0.0033759179813113577,3
370240,0,1,-0.8619653321282501,NA
370243,0,0,-1.7604109802309735,NA
371300,0,2,0.02214935906770389,NA
371301,0,0,0.506679727605955,NA
371302,0,1,0.8780051262342233,NA
371303,0,0,0.9345956234800303,NA
371304,0,1,-0.43673526930051876,NA
371305,0,0,0.659674625842401,NA
371306,0,1,0.7527416616627058,NA
371307,0,0,0.8107871210269787,NA
371309,0,1,0.3491271078296935,NA
371310,0,1,1.8570839286522454,NA
371311,0,1,0.5990017568661715,NA
371312,0,1,0.015501586051661354,NA
371313,0,2,0.9928131130199543,NA
371314,0,0,0.5405289234732586,NA
371316,0,0,1.9098140765772935,NA
371317,0,1,1.0759198517650828,NA
371318,0,0,-0.03195330424638111,NA
371319,0,2,0.30770849592768323,NA
371320,0,1,-0.12392611129410491,NA
371321,0,1,-0.06577732421853702,NA
371322,0,1,-0.08885332769207469,NA
371323,0,2,-1.3216298254697882,NA
371324,0,1,0.574970070408837,NA
371325,0,1,-0.1889052393864309,NA
371326,0,2,-0.09321100549679794,NA
371327,0,2,0.4832408482323325,NA
371328,1,3,-0.6649537453879597,2
371329,0,2,0.364587902577418,NA
371330,0,1,-0.06136537462837044,NA
371331,0,0,-0.18589854899862876,NA
371332,0,0,0.4216510864221744,NA
371333,0,2,-0.186708786751928,NA
371334,0,0,0.48679632485451796,NA
371335,0,0,-0.8772875165960706,NA
371336,0,1,-0.14410224696319296,NA
371337,1,3,-0.7028084250049402,2
371338,0,2,-0.12397231975162801,NA
371340,0,2,0.4056401557102633,NA
371341,0,2,-0.8093653245287499,NA
371342,0,0,-1.6521562496078455,NA
380001,1,5,-0.5554530596027751,2
380002,1,5,0.7668403086132638,5
380004,1,5,0.5073907292715034,5
380005,0,3,0.875636567881874,NA
380007,1,5,0.20393543922275614,4
380009,1,5,0.4183401243589878,5
380014,1,5,-0.1336909774895615,3
380017,1,5,0.44788017053003426,5
380018,1,5,0.9105494836608139,5
380020,1,5,-0.5169530406156057,2
380021,1,5,-0.20370955206191843,3
380022,1,5,0.04655104181244912,4
380025,1,5,0.2657545663806971,4
380027,1,5,0.1599862780249339,4
380029,1,4,0.11952740537036122,3
380033,0,2,0.9959050464728885,NA
380037,1,5,0.233221819678519,4
380038,1,5,0.1801217306296976,4
38003F,1,5,1.2095468688734583,5
380040,1,5,0.1603416751414326,4
380047,1,5,-0.024404161692538465,3
38004F,1,3,1.3031349861930848,5
380050,1,5,-0.13875645090959282,3
380051,1,5,-0.2035285797284819,3
380052,1,5,0.2937989295901746,4
380056,0,3,-0.8330890624347886,NA
380060,1,5,-0.16326679927272808,3
380061,1,5,0.22965403721369695,4
380071,1,5,-0.1259157025151869,3
380075,1,5,0.022319535381562935,3
380082,1,5,0.3704462723134664,4
380089,1,5,0.09718703665575795,4
380090,1,5,-0.10709394637031544,3
380091,1,4,0.5620701206027969,4
380102,1,5,0.39740300869420664,5
380103,1,3,0.6348401842470294,4
381301,0,1,0.18554401069019236,NA
381302,1,4,0.47865673757487165,4
381303,0,3,0.7030854507610342,NA
381304,0,1,-0.341014578656893,NA
381305,0,1,-0.13501021557499973,NA
381306,0,2,0.14340321582676796,NA
381307,0,2,0.8409586956058307,NA
381308,0,1,-0.023187769629934213,NA
381309,0,1,-0.9964700689724757,NA
381310,0,0,1.087562714321731,NA
381311,0,0,-0.05352078130857775,NA
381312,0,2,-0.45917299682044127,NA
381313,0,2,-0.013282353742958497,NA
381314,1,4,-0.2655051180446021,2
381315,0,3,0.21193802664486264,NA
381316,1,4,0.7189829986890472,5
381317,1,4,0.16591208974905783,3
381318,0,3,0.2513115581020901,NA
381319,1,5,0.4056458450367011,5
381320,1,4,-0.18852733641785446,2
381321,1,4,0.15900320866935072,3
381322,1,3,-1.1135456613406278,1
381323,1,4,0.4486068149731072,4
381324,0,2,0.6151050935774731,NA
381325,1,4,-0.37275301145802064,2
390001,1,5,0.09956553319466256,4
390002,1,5,-0.11079419907676526,3
390003,0,3,0.9470736149017066,NA
390004,1,5,-0.06624120650381796,3
390006,1,5,0.3074096738511338,4
390009,1,5,0.16913792966866217,4
390012,1,5,-0.3635758295767394,2
390013,1,5,0.5335305605202679,5
390016,1,5,0.1414444476812341,4
39001F,1,4,0.11679971735359476,3
390025,0,0,1.3769298757774107,NA
390026,1,5,-0.15269495521280435,3
390027,1,5,-0.040559795754544256,3
390028,1,5,-0.16927152391455264,3
390030,1,5,-0.34530433894547874,2
390032,1,5,-0.20430535251178472,3
390035,1,5,0.16056250547546352,4
390036,1,5,-0.17347424768094624,3
390037,1,5,0.29644608681259504,4
390039,1,5,0.0745824665945955,4
390041,1,5,-0.791121232441844,1
390042,1,5,-0.08746446152914517,3
390044,1,5,0.018302999854973176,3
390045,1,5,-0.007715950118427087,3
390046,1,5,0.09670078892117188,4
390048,1,5,0.403393967036093,5
390049,1,5,0.4615576954259067,5
39004F,0,0,-0.21992175848168066,NA
390050,1,5,-0.09433341255981288,3
390056,1,4,0.4224560870147425,4
390057,1,5,0.1852820155585648,4
390058,1,5,-0.0014741299296494332,3
39005F,0,2,1.2723178450269195,NA
390062,1,5,0.0033074299608722157,3
390063,1,5,-0.014792794465947154,3
390065,1,5,0.6734766084313994,5
390066,1,5,0.37053063465895125,4
390067,1,5,0.4836932425673484,5
390068,1,5,0.20432771905967934,4
39006F,1,4,0.3277020963187657,4
390070,1,5,-0.15260992856381783,3
390071,1,4,-0.5454155767343843,2
390072,1,4,-0.12471259462629153,3
390073,1,5,-0.06366302237706939,3
390079,1,5,-0.41454418158717943,2
390081,1,5,-0.49755211837324637,2
390086,1,5,-0.360967806183653,2
390090,1,5,0.0014613681270070206,3
390091,1,5,0.2666565580516049,4
390093,1,4,-0.5809954180491128,2
390096,1,5,-0.13062650098839912,3
390097,1,5,0.05746167322331841,4
39009F,1,5,0.4086678147874734,5
390100,1,5,1.1516090283693041,5
390101,1,5,-0.008030369377196464,3
390102,1,5,0.4043421603084751,5
390104,0,2,-0.05051979513566876,NA
390107,1,5,0.3795575113666194,4
390110,1,5,-0.2576880635814686,3
390111,1,5,0.566849321972946,5
390112,1,4,0.4202659518068042,4
390113,1,5,-0.2963008826359019,2
390114,1,5,0.33701225565175275,4
390115,1,5,-0.5077448835222065,2
390116,1,4,0.04926427777229656,3
390117,0,3,0.3482169202661428,NA
390119,1,5,-0.42751094001579315,2
390123,1,5,-0.5887847031586987,2
390125,1,5,0.300546892791565,4
390127,1,5,-0.3867891013782438,2
39012F,1,5,-1.3098998084752929,1
390133,1,5,-0.057639623705574246,3
390137,1,5,-0.7940252370082586,1
390138,1,4,0.755782308027133,5
390139,1,5,0.47525024631339197,5
39013F,1,4,0.3881891115219388,4
390142,1,5,-0.1424802035773417,3
390145,1,5,0.2792886955278988,4
390146,1,5,-0.34111393743455404,2
390147,1,5,-0.1835213628934377,3
390150,0,3,0.7244036687917159,NA
390151,1,5,0.3571348834387183,4
390153,1,5,0.3296867992588734,4
390156,1,5,-0.2194583422312706,3
390157,1,4,-0.015071374642226666,3
390160,1,5,-0.8350131314147714,1
390162,1,5,0.49063545987215473,5
390163,1,5,-0.6157129002711161,2
390164,1,5,0.1588788450389786,4
390168,1,5,0.011940792470477482,3
390173,1,5,0.01613614142366347,3
390174,1,5,0.22904187415818844,4
390178,1,5,0.25066111937625696,4
390179,1,5,0.5646058863846147,5
390180,1,5,-0.200866802200115,3
390183,1,4,0.4996861740719442,4
390184,0,1,0.045280605172732996,NA
390185,1,5,0.33920422459578337,4
390195,1,5,0.37907574485610174,4
390198,1,4,0.16922614026236282,3
390199,0,3,0.2621227152896641,NA
390201,1,5,-0.11089917621883814,3
390203,1,5,0.39249288307396996,5
390204,1,5,-0.7162572295092506,1
390211,1,5,-0.42332605407127144,2
390217,1,4,0.1782070270633795,3
390219,1,5,-0.0664367426416189,3
390222,1,5,0.13320567018071527,4
390223,1,5,0.5603506779684292,5
390225,1,5,0.3705216580500103,4
390226,1,5,0.279762405501352,4
390228,1,5,0.325666035293352,4
390231,1,5,-0.06934247286392192,3
390233,1,5,0.015807222109860408,3
390237,1,5,-0.5706118910008751,2
390256,1,5,0.17740817278329457,4
390258,1,5,0.004634114371462973,3
390265,1,5,-0.31464752412848185,2
390266,1,5,-0.025213664551250375,3
390267,1,5,0.0007894384594086534,3
390268,1,5,0.5985234098046502,5
390270,1,5,0.3615274667904648,4
390272,0,0,0.6846520738057382,NA
390278,0,0,1.572404789984898,NA
390304,1,5,0.22280596554851367,4
390307,0,2,0.3500463675078043,NA
390316,0,3,0.5633969593698203,NA
390322,0,3,2.130932418985275,NA
390323,0,2,0.8679044589000153,NA
390324,0,2,2.1403002650698624,NA
390325,0,3,2.1851416081941655,NA
390326,1,5,0.6668911252553358,5
390327,0,1,-0.1350085518045557,NA
390328,1,5,0.08147009895112871,4
390329,1,5,-0.045884681736235944,3
390330,1,5,0.5541561720321923,5
390331,0,1,0.9040497344374843,NA
390332,0,3,0.2150196122601894,NA
390333,0,2,0.38376409029523284,NA
390334,0,1,0.05896634606942218,NA
390335,0,1,0.39960854387583067,NA
390336,0,1,-1.5855913075957258,NA
390337,0,1,1.4602939546436569,NA
391300,1,4,0.017243496838691502,3
391301,0,3,-0.26347812751365124,NA
391302,0,1,0.8911651112401708,NA
391303,1,4,0.07992465960360039,3
391304,0,0,0.3195725922094616,NA
391305,1,4,0.32230652484584,4
391306,1,3,0.03849994006799687,3
391307,0,2,0.34142688638434593,NA
391308,0,2,0.23731114142380402,NA
391309,0,2,-0.26240787236785357,NA
391312,0,2,0.12402628847885068,NA
391313,1,4,0.3294508015468988,4
391314,1,4,-0.17335118185280107,3
391315,1,4,0.28968063084835677,4
391316,1,4,0.2890079432623363,4
391317,0,1,0.24261328025423992,NA
400001,0,1,-0.7866044206860918,NA
400003,0,0,-2.557505977662701,NA
400004,0,0,-3.141345814606031,NA
400005,0,0,-1.1109143283141465,NA
400006,0,2,-1.2599391574118421,NA
400007,0,0,-1.0349556066332548,NA
400011,0,0,-1.7184371350616856,NA
400012,0,0,-1.290837026084509,NA
400013,0,0,-0.03459167481173128,NA
400014,0,1,0.1217081332987999,NA
400015,0,0,-2.3598372985274505,NA
400016,1,3,-0.34110038795679987,2
400018,0,0,-0.8632369171073322,NA
400019,0,2,-1.0446332289415516,NA
400021,1,3,-0.97104344963343,1
400022,1,3,-0.5005725530948947,2
400032,0,1,-1.987034812913494,NA
40003F,1,5,-0.7583113576057166,1
400044,0,2,0.46026121688834576,NA
400048,0,1,-1.962855769490197,NA
400061,0,0,-3.4288375709703924,NA
400079,0,0,-1.9322371895502741,NA
400087,0,0,-3.8289715562638693,NA
400098,0,0,-1.4807813556679013,NA
400102,0,1,-3.665909155873176,NA
400103,0,2,-2.717812861517774,NA
400104,0,2,-2.366139037876635,NA
400105,0,0,0.20576335533560952,NA
400106,0,1,-2.357231402378744,NA
400109,1,4,-2.60810416608338,1
400110,0,0,-0.014104952957782801,NA
400111,0,0,-1.290837026084509,NA
400112,0,0,-3.251224467093009,NA
400113,0,0,-2.146037244038862,NA
400114,1,3,-1.7492520228669355,1
400115,0,0,-2.246477816909783,NA
400117,0,0,-2.8517848498185057,NA
400118,1,3,-0.8866654259389783,2
400120,1,3,-1.6194894198967325,1
400123,0,0,-0.9881613137639407,NA
400124,0,1,-1.6443359674620512,NA
400125,0,0,-2.9353226053835444,NA
400126,0,0,-1.5046370805730975,NA
400128,0,0,-0.7998799458008587,NA
400132,0,0,-5.140420082991432,NA
410004,1,5,-0.12684509759498572,3
410005,1,5,-0.08399654578966696,3
410006,1,5,0.06429664640643032,4
410007,1,5,-0.035721093804277154,3
410008,1,5,0.5155563262028129,5
410009,1,5,0.21027814263065325,4
410010,1,4,0.4612009630803199,4
410011,1,5,0.10130629219906975,4
410012,1,5,0.5044336437732008,5
410013,1,5,0.2443748814165954,4
41005F,1,5,-0.7133996946215126,1
420002,1,5,-0.6105352345061201,2
420004,1,5,-0.20278864976655583,3
420005,1,5,0.34037834099079095,4
420007,1,5,-0.5842050062321195,2
420009,1,5,-0.3507708920333989,2
420010,1,4,0.1225925712607085,3
420011,0,2,0.7223004683122146,NA
420015,1,5,-0.24672460485530717,3
420018,1,5,-0.28352310544939896,3
420019,0,2,-0.21278905627106023,NA
420020,1,5,-0.5898244449561132,2
420023,1,5,-0.3866876111145936,2
420026,1,5,0.04268538824123182,4
420027,1,5,-0.3506118556583604,2
420030,1,5,-0.533070612802925,2
420033,1,5,-0.42427916785403463,2
420036,1,5,-0.25522997150208354,3
420037,1,5,0.14558193911655526,4
420038,1,4,-0.28699866003193614,2
420043,1,3,-0.14378849518832648,3
420048,1,5,-0.14746581960772115,3
420049,1,5,0.1739258639110398,4
420051,1,5,-0.17155964175032332,3
420053,1,5,0.3621207061093157,4
420055,1,4,-0.27675796236126676,2
420065,1,5,0.41255265424027227,5
420066,0,2,-0.37689385971656897,NA
420067,1,5,-0.10066792257748677,3
420068,1,5,-1.05129524039847,1
420070,1,5,-0.7686338154360333,1
420071,1,5,-0.207280943971935,3
420072,0,2,-0.16806266051356566,NA
420073,1,5,-0.00686147678573551,3
420078,1,5,-0.291650552666191,3
420079,1,5,-0.3161160150388402,2
420080,1,5,-0.5828317097811491,2
420082,1,5,-0.47295621765590407,2
420085,1,5,0.16197759040708018,4
420086,1,5,0.20064079247346936,4
420087,1,5,0.10543644154064631,4
420089,1,5,0.6071063595031052,5
420091,1,5,-0.2701693891672016,3
420098,1,5,0.028938027023823008,3
420101,1,4,-0.07276943669191124,3
420102,1,4,1.0359346605158402,5
420103,1,5,0.4745251196435827,5
420104,1,5,0.4726592013049294,5
420105,1,5,0.036877456070374896,3
420106,1,5,-0.010785562953582947,3
420107,1,5,0.47654971116096,5
420108,0,1,0.17400271402317757,NA
420109,1,5,-0.2639858895805299,3
420110,1,4,0.10694078893200305,3
42011F,1,5,0.514836671461069,5
42029F,1,5,0.6802817704943073,5
421301,0,2,-0.9366908059241922,NA
421303,0,0,-0.6352538320557368,NA
421304,0,1,0.9655843488392525,NA
430005,1,5,0.499920086336955,5
430008,1,5,0.3913449345909229,5
430012,1,5,0.8112966803239121,5
430013,1,5,0.32837004826185134,4
430014,1,5,0.7840184995283106,5
430015,1,5,0.003346752905922623,3
430016,1,5,0.26235389164683554,4
430027,1,5,0.4194598371711308,5
43002F,1,4,0.32982570090062474,4
43003F,0,0,-1.7184371350616856,NA
430048,1,4,0.23714670766705345,4
43005F,1,5,1.039709201359053,5
430077,1,5,-0.8669423962301845,1
430084,0,0,-1.0083521402436282,NA
430089,0,3,0.9556954908383993,NA
430090,0,3,1.7459592467378275,NA
430091,0,3,2.023837051679532,NA
430093,0,1,1.2204188109917802,NA
430095,1,4,0.7992030780672288,5
430097,1,4,0.5508140058490008,4
430098,0,0,0.227338628337965,NA
431300,0,1,0.41074030610819035,NA
431301,0,0,1.2991186777961778,NA
431302,0,0,0.49174088910230507,NA
431305,0,0,0.4615790241651503,NA
431306,0,1,0.68652553684397,NA
431307,0,0,1.700810910754764,NA
431308,0,0,0.9864168687369401,NA
431309,0,0,0.40816208994418834,NA
431310,0,0,0.2784991318079476,NA
431311,0,0,0.5359235095753497,NA
431312,0,0,-0.43119967602255965,NA
431313,0,2,0.7375293018138941,NA
431315,0,0,-0.4417885734278384,NA
431316,0,2,0.7684223377448534,NA
431317,0,0,1.063957199958854,NA
431318,0,2,0.43779889197803534,NA
431319,0,0,-0.7885596177313913,NA
431320,0,1,0.6657402937262529,NA
431321,0,1,-0.5302115890029,NA
431322,0,1,0.8353748315589891,NA
431323,0,1,0.6151137531705537,NA
431324,0,0,0.28441462794896955,NA
431325,0,0,0.14935909156204558,NA
431326,0,2,0.33640090977130077,NA
431327,0,0,-0.21039199201091724,NA
431328,0,1,0.8332018313842844,NA
431329,0,1,1.3248321763307571,NA
431330,0,3,0.6688346363426769,NA
431331,0,0,0.47625641792195167,NA
431332,0,0,0.5339183578932947,NA
431333,0,0,1.0608814802008637,NA
431334,0,1,-0.22393418434055856,NA
431335,0,2,-1.4613238251375682,NA
431336,0,2,0.7553778877819473,NA
431337,0,1,0.74618766798521,NA
431338,1,3,-0.12968282498653974,3
431339,0,2,0.849963870959902,NA
431383,0,0,1.242243903491908,NA
440001,0,2,0.6811977901631412,NA
440002,1,5,-0.20161886399200396,3
440003,1,5,-0.5737105860287562,2
440006,1,5,-0.2614178188332921,3
440007,0,3,0.623175020861673,NA
440008,0,3,-0.28525018655763645,NA
440009,1,5,0.1814814779180025,4
440010,0,2,0.241820173925533,NA
440011,1,5,-0.14183237417281597,3
440012,1,5,-1.061388192065441,1
440015,1,5,-0.14856358769542147,3
440016,1,3,-0.09792155692348248,3
440017,1,5,-0.45762213142263614,2
440018,1,5,0.05436397615827136,4
440020,1,5,0.1562322151891104,4
440029,1,5,-0.16285931048815872,3
440030,1,5,-0.5890046359547578,2
440031,1,5,0.3895931457640023,5
440032,0,2,0.18127154151447594,NA
440033,1,5,-0.10432177580351966,3
440034,1,5,-0.2571762415891162,3
440035,1,5,-1.1868418292730825,1
440039,1,5,0.2885076213992337,4
440040,0,0,-1.0570368785830957,NA
440046,1,5,0.25888524627165777,4
440048,1,5,-0.23449947121548675,3
440049,1,5,0.13116669677376452,4
440050,1,5,-0.4821475523965567,2
440053,1,5,-0.5006512896999028,2
440056,1,5,0.07650083008467007,4
440057,1,4,0.17740651355612524,3
440058,1,5,-0.2204597206053628,3
440059,1,5,-0.5307261296071145,2
440060,0,2,0.4129708053180669,NA
440061,1,4,-0.051130520616199465,3
440063,1,5,-1.098573391347185,1
440065,1,5,-0.24600991247570053,3
440068,1,5,-0.08983446891534047,3
440072,1,5,-0.1024683779446844,3
440073,1,5,-0.13128159090258099,3
440081,1,5,-0.0726539971606432,3
440082,1,5,0.19243976814726335,4
440084,1,5,-0.3445466888405232,2
440091,1,5,0.9763049978348888,5
440102,1,4,-0.40625493706259,2
440104,1,5,-0.41485120336225606,2
440109,0,3,-0.5855640962267392,NA
440110,1,5,0.4515537615320372,5
440111,0,2,0.05436113276376946,NA
440120,1,5,-0.015262204109826177,3
440125,1,5,0.057563697135311204,4
440130,1,5,0.23107908315658132,4
440131,1,4,-0.38047451761142587,2
440132,1,5,-0.036399141404020806,3
440137,1,3,0.3268754308237272,4
44013F,1,5,-1.1564952987814778,1
440144,1,5,0.17070564990801154,4
440148,0,3,0.22619965438474157,NA
440150,1,5,-0.0168881613134852,3
440151,1,5,0.4754414543443426,5
440152,1,4,-1.1423860362564948,1
440153,1,5,0.3575341235004368,4
440156,1,5,-0.23483309546293948,3
440159,0,0,-2.58298185435194,NA
440161,1,5,0.571042648241375,5
44016F,1,5,0.3438478103797734,4
440173,1,5,0.015537733006004847,3
440175,1,4,-0.11402314010591505,3
440176,1,5,0.07700522412769976,4
44017F,0,2,0.3585934222676318,NA
440183,1,5,-0.43052192858645266,2
440184,1,5,-0.11384518036985988,3
440185,1,5,-1.022639285092411,1
440187,1,5,-0.10931104766525578,3
44018F,1,5,0.35772385546424273,4
440192,0,2,-0.6709678312662273,NA
440193,1,5,-0.3907125713328791,2
440194,1,5,0.18589781627380225,4
440197,1,5,0.07223204857356484,4
440200,0,1,0.2201647783341611,NA
440218,0,2,0.29505392980266804,NA
440227,1,5,-0.09389421650114353,3
440228,1,5,-0.23718285886608975,3
440231,0,0,-3.2280954747018074,NA
441300,0,1,0.1446412977704461,NA
441301,0,1,0.49558352281992113,NA
441303,0,1,-0.5168152173144936,NA
441304,0,1,0.8410646219661246,NA
441305,1,4,0.13657035904633308,3
441306,0,1,-0.30140729078596223,NA
441307,1,4,0.34871926447469415,4
441309,0,2,0.13019874719917254,NA
441310,1,3,-0.27721309718826265,3
441311,0,1,-0.1550257193986178,NA
441313,0,1,0.8688873399206503,NA
441314,0,1,1.295565335398717,NA
441316,0,1,1.0830503145174997,NA
441320,0,1,0.06968569846727479,NA
441322,0,0,0.01996826532482232,NA
450002,1,5,-0.6027289377575041,2
450007,1,5,0.6023201244050963,5
450010,1,5,0.08812986411859765,4
450011,1,5,-0.0632959954871358,3
450015,1,5,-0.1052548500047206,3
450018,1,5,-0.3453262778015224,2
450021,1,5,0.40640289442069555,5
450023,1,5,0.2208000017072007,4
450024,1,5,-0.5549734351660818,2
450028,1,5,0.0687778711291766,4
450029,1,5,-0.41326250974273554,2
450032,1,5,-0.5512977389562602,2
450033,1,5,-0.45741412087940453,2
450034,1,5,-0.2563321853118047,3
450035,1,5,-0.11082904476931708,3
450039,1,5,-0.29127738529705954,3
450040,1,5,-0.13327409139045707,3
450042,1,5,-0.1913826805914926,3
450044,1,5,0.5911319721370148,5
450046,1,5,-0.6214871252012362,2
450051,1,5,0.09172344718902246,4
450054,1,5,0.44545451140326564,5
450055,1,4,0.23319693008145698,4
450056,1,5,0.3809672529491443,4
450058,1,5,0.1008290327406638,4
450064,1,5,-0.343334922715488,2
450068,1,5,-0.22588272388120695,3
450072,1,5,-0.1836971848653619,3
450078,0,1,-0.2530240405420279,NA
450079,1,5,0.7196886447326998,5
450080,1,5,-0.12114284705853484,3
450082,1,4,0.34096706366452156,4
450083,1,5,-0.41453198018863,2
450085,1,3,0.05841240058779806,3
450087,1,5,-0.43935216144114564,2
450090,1,5,0.44444196212753356,5
450092,1,5,0.35903883014848104,4
450097,1,5,-0.02869573792013851,3
450099,1,4,0.42444754257719086,4
450101,1,5,0.07158805558400146,4
450102,1,5,-0.2876825507313084,3
450104,1,5,-0.3701010491502384,2
450107,1,5,-0.3868603455850296,2
450108,1,4,0.4581392546934164,4
450119,1,5,-0.13148064945023732,3
450124,1,5,-0.03401969095171107,3
450128,1,5,0.42530851191127156,5
450132,1,5,-0.6175085020079474,2
450133,1,5,-0.24506765921468004,3
450135,1,5,-0.32735179474071896,2
450137,1,5,0.1433130704214541,4
450143,0,1,-0.025882407964746418,NA
450144,0,2,-0.6569532251925183,NA
450147,1,5,-0.007707576870474801,3
450148,1,5,0.015989317944216916,3
450152,1,5,-0.09199499368450806,3
450154,1,4,-0.2353701734915375,2
450155,0,1,0.203935461154825,NA
450162,1,3,-0.009568457482445114,3
450163,1,5,-0.47379492457213024,2
450165,0,3,0.21090467569679633,NA
450176,1,5,0.24533362392645772,4
450184,1,5,-0.007646244738626615,3
450187,0,3,0.5206091715200867,NA
450193,1,5,0.034522106788145296,3
450194,1,4,-0.2538511982304871,2
450196,1,5,-0.5522524700714986,2
450200,1,5,-0.4715567903637315,2
450203,1,5,-0.0642035628632809,3
450209,1,5,-0.24853192561855608,3
450210,0,2,-0.196402804612785,NA
450211,1,5,-0.31868761923799027,2
450213,1,5,-0.07780527005395427,3
450222,1,5,-0.5220847464814689,2
450229,1,5,-0.030655513476237326,3
450231,1,5,-0.39410669484734456,2
450235,0,2,-0.7002399270907336,NA
450236,1,5,0.36318612308279336,4
450237,1,5,0.05792871974542032,4
450241,0,1,0.3959416542766772,NA
450253,0,2,-0.13248135286030352,NA
450271,1,5,-0.3529321828568841,2
450272,1,5,-0.006557515121844465,3
450289,1,4,-0.38736643216736105,2
450292,1,4,0.01727260002134194,3
450324,1,5,-0.162467301071139,3
450330,1,5,-0.3334744110613145,2
450346,1,5,-0.30326311219562446,2
450347,1,5,-0.7520663531817432,1
450348,0,0,0.9758480269353135,NA
450351,1,5,0.013521352431227762,3
450352,1,5,-0.031230472544082524,3
450358,1,5,0.7361283679300782,5
450369,0,2,-1.4771203692611972,NA
450370,0,3,0.1188856601704972,NA
450372,1,5,0.42716155132125744,5
450379,1,5,0.17096174465207253,4
450388,1,5,-0.20010070856255996,3
450389,1,5,-0.0032879507880966136,3
450395,1,5,0.4312132837436252,5
450399,0,1,-0.4673152042738066,NA
450400,1,3,-0.3272914631493403,2
450403,1,5,0.2866261580824187,4
450411,1,3,-0.2962234973909236,3
450419,1,4,-0.5387940879167037,2
450422,0,3,0.63478582992769,NA
450424,1,5,0.5842393227616487,5
450431,1,5,0.9488583147825337,5
450447,1,5,-0.4840313555770823,2
450451,0,2,0.07860534025569468,NA
450460,0,2,-0.5060982473393937,NA
450462,1,5,-0.13439978844555422,3
450465,1,4,-0.08014879073131104,3
450469,1,5,-0.40458807707816896,2
450475,1,4,-0.6042989762845348,2
450484,1,5,-0.14398170065778987,3
450489,0,1,-0.8133680005674387,NA
450498,0,1,0.023122134577596265,NA
450508,1,5,-0.5796845912167392,2
450518,1,5,-0.2767574430635886,3
450537,1,5,-0.18600603209207078,3
450539,1,5,-0.12653954002902573,3
450563,1,5,0.5019305433854075,5
450565,1,5,-0.7953557066013633,1
450571,1,5,-0.374513561432652,2
450573,1,3,0.4170328987200688,4
450578,0,1,0.3117594946656115,NA
450584,0,3,-0.30173164742611935,NA
450586,0,1,0.3586075239166207,NA
450587,1,5,-0.6737405316134979,2
450596,1,5,-0.26398740264079873,3
450597,0,2,-0.26359874343244044,NA
450604,1,5,0.5409870368749261,5
45060F,1,4,0.16330834428852212,3
450610,1,5,0.21931936161347604,4
450617,1,5,-0.3400695400572366,2
450634,1,5,0.12583008213720198,4
450638,1,5,-0.27368452814230604,3
450639,1,5,0.04609103460782152,4
450641,0,2,0.2906549091776513,NA
450643,1,5,-0.09003142491719188,3
450644,1,5,-0.27633945825910666,3
450647,1,5,0.3248326366252824,4
450651,1,5,-0.07100429546014557,3
450653,1,4,-0.7307181369529421,1
450654,0,2,-0.030356322004499024,NA
450656,1,5,-0.3041295843692868,2
450658,0,2,-0.5608122283614548,NA
450659,1,5,0.40175024951424454,5
450661,1,5,-0.5133358378235371,2
450662,1,5,-0.6108011542642471,2
450668,1,5,-0.4894385262902623,2
450669,1,5,0.2285221617593412,4
45066F,1,5,-0.31902845157053517,2
450670,1,5,-0.19475252439512436,3
450672,1,5,0.2390086481909213,4
450674,1,3,-0.2349916092617794,3
450675,1,5,-0.4303823936900631,2
450677,1,5,0.2701370200817358,4
450678,1,5,-0.9242769530242216,1
450684,1,5,-0.3081480071621695,2
450686,1,5,0.1404161617270932,4
450688,1,5,-0.13923029587219066,3
450690,1,5,0.6698668486890531,5
450694,0,3,-0.48971527265283854,NA
450697,1,5,-0.3252206367050658,2
450698,0,1,0.636498133714902,NA
450702,1,5,-0.39324305680495975,2
450709,1,5,0.3950012316316179,5
450711,1,5,0.0706615489683517,4
450713,1,5,0.1467600309107468,4
450718,1,5,0.15587775598566345,4
450723,1,5,-0.16701855422146156,3
450730,1,4,-0.30636269433675706,2
450742,1,5,-0.4007802689013601,2
450743,1,5,0.07204927831184291,4
450747,1,5,-0.5953362635470293,2
45074F,1,5,-0.397347140013405,2
450755,0,2,-0.3548474202470857,NA
450771,1,5,0.09433682062850635,4
450774,0,3,0.9453692711244416,NA
450775,1,5,-0.3935637507835826,2
450779,1,5,0.5228584882042635,5
450788,1,5,-0.1588027534191933,3
450801,1,5,0.013038649876362558,3
450803,1,3,-1.1278103978310052,1
450804,1,4,1.5411378409472882,5
450808,0,2,-0.2371104432852631,NA
450809,1,5,0.2300852135571307,4
450820,1,5,0.38049425065040327,4
450822,1,5,-0.280947757254857,3
450825,0,2,0.355085442909187,NA
450827,0,3,0.7310692323149253,NA
450828,1,5,0.21976724309468565,4
450831,0,0,-1.65234584810603,NA
450833,0,2,-0.963906613757008,NA
450834,0,3,0.9552270477690297,NA
450840,1,5,0.04886456259178669,4
450844,1,5,0.43750185708943523,5
450847,1,5,0.00574497084080168,3
450848,1,5,0.5062638109850912,5
450851,1,4,1.0528964862306036,5
450853,1,4,0.029924453295001735,3
450855,1,5,0.19047971448241185,4
450856,0,3,0.44924495857167934,NA
450860,0,2,0.3173620514922216,NA
450862,1,5,0.23372116545446325,4
450864,1,4,0.36960182349116477,4
450865,0,3,0.11531294707074846,NA
450867,1,5,0.4983174469033791,5
450869,1,5,-0.0238424381522013,3
45086F,1,5,0.2063421500070079,4
450871,0,2,0.26462946876241916,NA
450872,1,4,0.008075617342332322,3
450874,0,3,0.5517231493952375,NA
450875,0,3,1.544351964242714,NA
450876,1,5,-0.649271840288714,2
450877,1,4,0.03267406123126357,3
450880,0,3,0.013149239588925707,NA
450883,0,3,0.5857031633377192,NA
450885,1,5,0.6035775535475196,5
450888,0,3,1.2215135728626372,NA
450889,0,3,1.897471682747681,NA
450890,1,5,0.42000354228725284,5
450891,1,4,0.31459795507634025,4
450893,1,4,0.765892417867476,5
45090F,1,5,0.21160859306143523,4
451300,0,0,0.662137625976807,NA
451303,0,1,0.24674183320709955,NA
451304,0,0,0.6178149926756117,NA
451305,0,1,0.7807637585794631,NA
451306,0,1,-0.5955317647366445,NA
451307,0,0,0.630131408016563,NA
451310,0,0,1.0609635732899627,NA
451311,0,1,-0.035269601971678666,NA
451312,0,0,-0.009082934243191282,NA
451313,0,0,0.8976862709370079,NA
451314,0,0,2.0267053990373465,NA
451315,0,0,-1.0479798041742039,NA
451316,0,1,1.0548523182640333,NA
451317,0,0,0.7935580049647792,NA
451318,0,0,2.042502928889797,NA
451319,0,2,-0.2965499475358741,NA
451320,0,1,0.5240987325992484,NA
451322,0,1,1.6701552504371904,NA
451323,0,2,0.2362519719466093,NA
451324,0,0,0.9634507957609381,NA
451325,0,0,0.45778240794646957,NA
451328,0,0,0.17459203977955606,NA
451329,0,0,2.240649443277012,NA
451330,0,2,0.4307509470692569,NA
451331,0,0,0.6614255233186963,NA
451332,0,0,-0.48981313910486135,NA
451333,0,1,0.012922286533058769,NA
451334,0,0,-1.5716546296269063,NA
451337,0,1,0.6459716354475843,NA
451338,0,0,0.7728459500126993,NA
451340,0,0,1.4877830074364742,NA
451341,0,0,0.1161518308208235,NA
451342,0,1,0.6729317893690987,NA
451343,0,2,0.25714794629640436,NA
451344,0,1,0.4856822154219811,NA
451346,0,2,-0.08065309817176,NA
451347,1,3,-1.7846977332568092,1
451349,0,0,0.6760511931549011,NA
451350,0,0,0.8500131557191889,NA
451351,0,0,0.1726389543594698,NA
451352,0,1,1.6139280138820296,NA
451353,0,0,0.10776065041876529,NA
451354,0,1,0.561451685815853,NA
451355,0,0,0.5933958872481162,NA
451356,1,3,-1.1006232968899694,1
451359,0,1,0.4566732002747353,NA
451360,0,0,-2.6502102055161223,NA
451361,0,2,0.46149834431634945,NA
451362,0,0,0.8471635188013745,NA
451363,0,1,-0.3592318495717488,NA
451364,0,1,-0.6531461262764804,NA
451365,0,2,0.6024736935513069,NA
451367,1,4,-1.5831714249509694,1
451369,0,1,0.1734285373511658,NA
451370,0,2,-0.9864894793204201,NA
451371,0,2,0.8291906798591868,NA
451372,0,0,0.11904643678748644,NA
451373,0,2,-0.5350012449581525,NA
451374,0,0,1.1634936642696894,NA
451375,0,1,-0.08467658682953981,NA
451376,0,0,0.9618580835827669,NA
451377,0,0,-0.5739608005344335,NA
451378,0,2,0.12263907761437504,NA
451379,1,4,0.638688083717651,5
451380,1,4,0.8392165844502992,5
451381,0,0,-1.1010515705327764,NA
451382,1,3,-0.2813703699419906,3
451384,0,2,-0.6107247783024915,NA
451385,0,1,0.1721697205376011,NA
451386,0,2,-0.12779439781318674,NA
451387,1,4,-0.0886801474210971,3
451389,0,1,-1.3511588483667212,NA
451390,0,0,0.26309630433988995,NA
451391,0,1,-0.6756509611060748,NA
451392,0,2,-0.9637941494393352,NA
451394,0,0,1.0965637654588136,NA
451395,0,3,-0.08229917776804584,NA
451396,0,0,0.9926425185456323,NA
460001,1,5,0.6556271805339304,5
460003,1,5,0.18516526627869728,4
460004,1,5,0.4821441225599788,5
460005,1,5,0.0996281894081131,4
460006,1,4,0.8061738478530681,5
460007,1,4,0.5277317506618758,4
460009,1,5,0.9252823830033323,5
460010,1,5,0.7389739245893056,5
460011,1,5,0.1974097789056944,4
460013,1,5,0.38964391817217797,5
460014,0,3,0.4649519206971797,NA
460015,1,5,0.41157498788550123,5
460017,0,3,0.3519045571390742,NA
460019,1,4,-0.2103782521830999,2
460021,1,5,0.6975826227784715,5
460023,1,4,0.9372128327929925,5
460026,0,3,0.4592673505917928,NA
46002F,1,5,0.381320072628338,4
460030,1,4,0.38924427878439083,4
460039,0,1,-0.1313184544204425,NA
460041,1,5,0.3517597798978791,4
460042,1,5,0.7349471195353258,5
460043,0,1,-0.07872310949422957,NA
460044,1,4,0.9721433445797116,5
460047,1,5,0.02787273893212517,3
460049,0,3,1.7117519051687977,NA
460051,1,5,-0.2920177158129425,3
460052,1,4,0.10725720727315807,3
460054,0,2,-0.5298699591875677,NA
460057,1,4,0.9883653595523634,5
460058,1,4,0.6321532921725211,5
460060,1,4,0.7505443614487892,5
460061,0,3,0.4596931052399166,NA
460062,0,1,0.6430579430117596,NA
461300,0,1,0.5554275996920796,NA
461301,0,1,0.21230051261965924,NA
461302,0,0,0.1942181725965066,NA
461303,0,2,-0.13119493953685615,NA
461304,0,3,0.6903457662021673,NA
461305,0,1,0.9658767758658684,NA
461306,0,2,0.3470299169645772,NA
461307,0,3,1.00408660001944,NA
461308,0,1,0.48761548927116133,NA
461309,0,2,0.2906649143782588,NA
461310,0,0,-0.17743098306071028,NA
461333,0,1,1.44464722777984,NA
461335,0,2,-0.3565907610799274,NA
470001,1,5,-0.15303239165193355,3
470003,1,5,0.4181989457144885,5
470005,1,5,-0.20022914554542792,3
470011,1,5,0.14122106788804437,4
470012,1,5,0.47897924373220807,5
47001F,1,5,0.12017368912264119,4
470024,1,5,-0.03443661447755826,3
471300,0,1,1.303886291595211,NA
471301,1,4,0.36937768333230847,4
471302,0,2,0.7357562145819492,NA
471303,1,3,-0.6463890365196471,2
471304,1,4,-0.5273089877403405,2
471305,1,4,0.5914242858061958,4
471306,1,3,0.553445287882011,4
471307,1,4,0.6311238099987779,5
480001,1,5,-1.397021342974331,1
480002,1,3,-0.4946462372185759,2
490002,1,4,-0.7750106737136481,1
490004,1,5,-0.228357261612663,3
490005,1,5,-0.05711672127799978,3
490007,1,5,0.11051255560478734,4
490009,1,5,0.42704519865511315,5
490013,1,5,-0.3950686941227174,2
490017,1,5,-0.1656855705160461,3
490018,1,5,0.24716471752578134,4
490019,1,5,-0.6044150559717998,2
490020,1,5,0.2231495270860128,4
490021,1,5,0.4316046113592449,5
490022,1,5,-0.3947984023620918,2
490023,1,5,-0.5031884629556788,2
490024,1,5,-0.02964929823989595,3
490032,1,4,0.30303727207275033,4
490033,1,4,0.27550258910402914,4
490037,1,4,0.1455851245214799,3
490038,1,5,0.5620061790560438,5
490040,1,5,0.3092643358854566,4
490041,1,5,-0.04350368142608209,3
490042,1,5,-0.18611955620492882,3
490043,1,5,0.6880990046849071,5
490044,1,5,0.4536876144398827,5
490045,1,5,0.08116216918960509,4
490046,1,5,0.274591189464186,4
490048,1,5,-0.0540154413985597,3
490050,1,5,0.2841997943477951,4
490052,1,5,-0.32331740108306384,2
490053,1,5,-0.6136728419819302,2
490057,1,5,0.17043681104456226,4
490059,1,5,0.18674017387983838,4
490060,1,5,-0.21390554332937534,3
490063,1,5,0.6009522194599094,5
490066,1,5,0.2135096715309919,4
490067,1,5,-0.7954889384169793,1
490069,1,5,0.022181894678158374,3
49006F,1,5,0.3532592316034755,4
490075,1,5,-0.40030589343915735,2
490077,1,5,0.7560518694259213,5
490084,1,5,0.1068434015730195,4
490088,1,4,0.32935473730918746,4
490089,1,4,0.04349786723557811,3
490090,1,4,0.2444244684231011,4
490092,1,5,-0.34953154056554303,2
490093,1,5,0.06293090768511074,4
490094,0,2,0.7671551605060719,NA
490097,0,2,-0.279610234062744,NA
490098,1,5,0.12044305769052188,4
490101,1,5,0.5294915449559381,5
490107,1,5,0.145459925233427,4
49010F,1,5,-0.38287188008032663,2
490110,1,5,0.2591168581438407,4
490111,1,5,0.14554794159695783,4
490112,1,5,0.27667427367696407,4
490113,1,5,0.16482203841418488,4
490114,1,5,-0.16415339908813226,3
490115,1,4,-0.4806264944292207,2
490116,1,4,-0.2000544823949594,2
490117,1,3,-0.7426268002910756,2
490118,1,5,0.5656782545530681,5
490119,1,5,0.2604098212326231,4
49011F,1,5,0.6695458137505869,5
490120,1,5,-0.030467528651346443,3
490122,1,5,0.2655887908611334,4
490126,1,5,0.21412773171653648,4
490127,1,5,-0.17788709239108297,3
490130,1,5,-0.09049320620820892,3
490136,1,5,0.1800485393889474,4
490140,1,5,0.20495471247216693,4
490141,1,5,-0.5325587790304664,2
490143,1,5,0.42702461538958836,5
490144,1,5,0.09421268705152398,4
490145,0,3,0.0932444236038939,NA
491300,0,2,0.2270747678729651,NA
491302,1,4,0.9776251024564293,5
491303,0,1,1.0667455835457331,NA
491304,1,4,0.3093651998356399,4
491305,1,4,0.712162524037799,5
491307,0,3,0.5241044603508479,NA
491308,1,4,0.12473604534328386,3
491309,0,0,-0.5543523042051114,NA
500002,1,5,0.022484213214001847,3
500003,1,5,-0.11717703674983675,3
500005,1,5,1.1381571540064994,5
500007,1,5,0.4354151950086272,5
500008,1,5,-0.060683685930600015,3
500011,1,5,-0.19645475729108344,3
500014,1,5,-0.24830235598133255,3
500015,1,5,-0.6076564699352314,2
500016,1,5,0.09718603635886566,4
500019,1,5,-0.27871266248549653,3
500021,1,5,-0.015178248929543614,3
500024,1,5,-0.09078879556296089,3
500025,1,5,0.6146407734299815,5
500026,1,5,0.0720401676357995,4
500027,1,5,0.6917474843605956,5
500030,1,5,0.3540692462431116,4
500031,1,5,-0.7756624020777568,1
500033,1,5,0.41082787067609156,5
500036,1,5,-0.5674838403035073,2
500037,0,3,0.12481710648337235,NA
500039,1,5,-0.07222614488879725,3
500041,1,5,-0.5949686931237311,2
500044,1,5,0.16598603374543341,4
500050,1,5,0.1260371884621222,4
500051,1,5,0.23605568593394877,4
500052,0,1,1.0379151986073099,NA
500053,1,5,-0.4927516188773365,2
500054,1,5,-0.047806658380127626,3
500058,1,5,-0.0343652778557751,3
500060,1,5,-0.34407938869744137,2
500064,1,5,-0.8131369736296626,1
500072,1,5,-0.08899865752827002,3
500077,1,5,-0.418100899479802,2
500079,1,5,-0.7301803493394312,1
500084,0,2,0.4218350561273426,NA
500088,1,5,0.08637005155343765,4
500108,1,5,0.330800510669864,4
500119,1,5,0.35014139865459437,4
50011F,0,2,0.7077851524565982,NA
500124,1,5,0.7070679447361774,5
500129,1,5,-0.40237816709471647,2
500139,1,5,-0.3860573004187469,2
500141,1,5,8.436425507421519e-05,3
500148,0,2,0.4759103977430468,NA
500150,1,5,0.5001381381351216,5
500151,1,5,0.2079547302966801,4
500152,1,5,0.14701807147304372,4
500154,0,3,0.40672820693965867,NA
50030F,1,5,0.07411512543032386,4
501301,0,0,-1.7604109802309735,NA
501302,0,0,1.0864704298785055,NA
501303,0,1,0.5054109178826959,NA
501304,0,2,-0.3994194357749997,NA
501305,0,2,-1.4977334115418914,NA
501307,0,0,1.3492159256117406,NA
501308,0,1,0.055241728406310434,NA
501309,0,1,0.7898235780865444,NA
501310,0,1,-0.3402247573335648,NA
501311,0,0,-1.3929860008005706,NA
501312,1,4,0.7941079642395807,5
501313,0,0,0.22321207813581095,NA
501314,0,2,0.3517806015480679,NA
501315,0,0,-0.15317578348744856,NA
501316,0,1,0.580625266016183,NA
501317,0,1,-2.31634809557658,NA
501318,0,0,1.5810603996366073,NA
501319,0,1,-0.3500055728471333,NA
501320,0,0,2.0980200804505684,NA
501321,0,1,0.5006839549617917,NA
501322,0,0,-0.05137470220190267,NA
501323,1,4,0.3623239292542623,4
501324,0,0,-0.49654302508862896,NA
501325,0,2,0.559667659850316,NA
501326,1,4,0.25709916113060954,4
501327,1,3,-0.3274723336715924,2
501328,0,2,0.07149698415510208,NA
501329,1,3,-0.20217945441024263,3
501330,1,4,0.027944593700077812,3
501331,0,3,0.19488590176290654,NA
501332,1,4,0.24762177968428115,4
501333,0,3,0.23583359437419377,NA
501334,0,1,-0.22852478401842516,NA
501335,0,3,0.5696544298336997,NA
501336,1,4,-0.14112284240842626,3
501337,1,4,0.13834629400157897,3
501338,0,0,-0.9568669964281551,NA
501339,1,4,-0.09768975334940412,3
501340,0,2,0.25063948054920043,NA
510001,1,5,0.002439720547859847,3
510002,1,5,0.11727687924575442,4
510006,1,5,0.23513640583127718,4
510007,1,5,-0.3137622008534648,2
510008,1,5,-0.6197019401033642,2
510012,1,5,-0.5065728622572312,2
510013,1,5,-0.16082717073569364,3
510022,1,5,-0.8191604291788305,1
510023,1,5,-0.42990736412377595,2
510024,1,5,0.06079604305864847,4
510029,1,5,-0.536375764495901,2
51002F,1,4,0.3332606142899207,4
510030,1,5,-0.2648987797989659,3
510031,0,1,1.2682168941244156,NA
510038,1,5,0.36793441461465254,4
51003F,1,4,0.6604304750771299,5
510046,1,5,-0.8355402437074007,1
510048,1,5,0.09924083084306953,4
51004F,1,5,0.45691989142303974,5
510050,1,5,-0.8717364068671588,1
510055,1,5,0.06924555292705349,4
510058,1,5,-0.31966330073559934,2
51005F,1,4,0.4117525885652418,4
510062,1,5,-1.5869891041403517,1
510070,1,5,-1.0546458125388303,1
510072,1,4,0.37785832971021854,4
510086,0,3,0.6335620346953545,NA
510091,0,3,1.2783144008982923,NA
511300,0,1,0.550354227742845,NA
511301,0,0,0.27931334584658585,NA
511303,0,1,-0.0917160263369981,NA
511304,0,1,0.38533678456629084,NA
511306,0,1,-0.18826445670892894,NA
511307,0,2,-0.06082510740429975,NA
511308,0,1,-0.07436689445998723,NA
511309,0,2,0.10360436582161109,NA
511310,0,1,0.7253055507655246,NA
511311,0,2,-0.018135881059330963,NA
511312,0,2,0.23522426264584706,NA
511313,1,4,-2.4670404308338822,1
511314,0,1,0.7480373054419631,NA
511315,1,4,-0.38015249337209994,2
511316,1,4,0.6874269134425359,5
511317,1,4,-0.055552274736613616,3
511318,0,0,-0.9477960529716708,NA
511319,1,4,0.10379982379228571,3
511320,1,4,0.20051992721099612,4
511321,0,3,0.45124732252841737,NA
511322,0,1,-1.5317922941802575,NA
520002,1,5,0.35705285345311183,4
520004,1,5,0.9914627103393008,5
520008,1,5,-0.10745271038001035,3
520009,1,5,0.21486690639026487,4
520011,1,5,-0.10668842616038618,3
520013,1,5,0.35750379593026577,4
520017,1,4,0.7144316659950125,5
520019,1,5,-0.18638523327469583,3
520021,1,5,-1.2064064287059517,1
520028,1,5,0.27759448418169097,4
52002F,0,1,-0.530599359060755,NA
520030,1,5,0.047930607159904506,4
520033,1,5,-0.15095172504446247,3
520034,1,5,0.5885376059155141,5
520035,1,5,0.5139894063325652,5
520037,1,5,-0.35283564218181906,2
520038,1,5,0.13282045666506842,4
52003F,1,5,0.05833186228343944,4
520041,1,5,0.18588693284021116,4
520044,1,4,-0.09069325840169552,3
520045,1,5,0.297285073913059,4
520049,1,5,0.4935081219438236,5
52004F,1,5,0.5663959298063027,5
520051,1,5,-0.21672498403018203,3
520057,1,5,0.6103850061037012,5
520059,1,5,-0.10785041655873549,3
520062,1,5,0.3362106425613243,4
520063,1,5,0.2427864270278655,4
520066,1,5,-0.15015157125684217,3
520070,1,5,0.9613529323426028,5
520071,1,5,0.5361996400183477,5
520075,1,5,0.34091563732679664,4
520076,1,5,-0.5629988500821081,2
520078,1,5,0.21050994798811193,4
520083,1,5,0.4758959642294174,5
520087,1,5,0.07503311977244916,4
520088,1,5,0.09795431367507673,4
520089,1,5,0.720179244993818,5
520091,1,5,0.7979717966754332,5
520095,1,4,0.9348027001623341,5
520096,1,5,-0.30295800899724945,2
520097,1,5,-0.1201258031808727,3
520098,1,5,0.5662819905036124,5
520100,1,5,0.020103850171071906,3
520102,1,5,0.7652798163994392,5
520103,1,5,0.28812137817169914,4
520107,1,4,0.2017181581589082,4
520109,1,5,0.1021656076264508,4
520113,1,5,0.3997199032086002,5
520116,1,5,0.004961447678218352,3
520136,1,5,0.007087309533868824,3
520138,1,5,0.17668517409258255,4
520139,1,5,0.10253760306998498,4
520160,1,5,0.23250686130968967,4
520177,1,5,0.2607074240381151,4
520189,1,5,0.056810950176649964,4
520193,1,5,0.44821103994566613,5
520194,0,2,1.9403503912356488,NA
520196,0,2,0.9342991856877487,NA
520198,1,5,0.47403403519350873,5
520202,1,5,0.2900173393217513,4
520205,0,2,0.2091692066430451,NA
520206,1,5,0.4213101785278146,5
520207,1,5,0.5929217152761785,5
520208,1,5,0.5593117003093971,5
520210,1,5,-0.2223039754438126,3
520212,0,3,-0.5085762456488305,NA
520213,0,1,0.27749037488398276,NA
520214,0,1,-0.885864689048895,NA
521300,0,2,0.663069326764278,NA
521302,0,1,0.05840912281041796,NA
521303,0,1,0.8791609650645451,NA
521304,0,2,0.7054940809314219,NA
521305,0,1,1.1300537980771435,NA
521307,0,1,0.6020835713391666,NA
521308,0,3,0.8644040621860278,NA
521309,0,1,0.67192375963589,NA
521310,0,1,0.2769518582502125,NA
521311,0,2,0.6615526375946865,NA
521312,0,2,1.1929267344513244,NA
521313,0,1,0.45275891944764246,NA
521314,0,2,0.31486200430514605,NA
521315,1,4,0.9035025587034653,5
521316,0,1,0.9031428533822735,NA
521317,0,1,0.3342089376822364,NA
521318,0,2,0.43399455620238725,NA
521319,0,1,1.1122974257816394,NA
521320,0,3,-0.12266189003905445,NA
521321,0,1,0.7312196681107912,NA
521322,0,2,-1.5134387351450165,NA
521323,0,1,0.30830998250265523,NA
521324,0,3,-0.3188400661318626,NA
521325,1,3,0.09268604036982572,3
521326,0,3,0.7145700190754969,NA
521327,1,4,0.630765916881009,5
521328,0,1,-0.266421078087714,NA
521329,0,3,1.1646647761229962,NA
521330,1,4,0.8669541863325408,5
521331,0,1,-0.9481966389247716,NA
521332,0,2,0.03411228217056095,NA
521333,1,4,0.1439845104154068,3
521334,0,3,0.7532650492532105,NA
521335,0,3,0.09519310269675053,NA
521336,0,3,0.38302624927077317,NA
521337,1,4,0.3561981530144979,4
521338,1,4,0.4736006586405707,4
521339,0,2,0.8812480398776463,NA
521340,1,4,0.6868037967329081,5
521341,1,4,0.36404494557486755,4
521342,0,0,-0.2634689476880898,NA
521343,1,4,1.014986221683708,5
521344,0,1,0.7568539073994833,NA
521345,0,3,0.7483120810437207,NA
521346,1,4,0.531326735949366,4
521347,0,2,0.4618283246174958,NA
521348,1,4,0.7793743494933139,5
521349,0,2,1.0879782265167237,NA
521350,0,3,-0.04074161660260048,NA
521351,0,3,0.7144156135734788,NA
521352,0,3,0.5552196670182916,NA
521353,0,1,0.274497000872502,NA
521354,0,2,1.5739099392816358,NA
521355,1,4,0.6977254170613714,5
521356,0,1,0.4834831494877834,NA
521357,1,4,0.7141073979747323,5
521358,1,4,0.3640528872749431,4
521359,1,4,0.5437787912941358,4
530002,1,5,-0.36602681299253303,2
530006,1,5,0.5507254002972806,5
530008,1,5,-0.5541455578273246,2
530011,1,4,-0.0018279802814105267,3
530012,1,5,-0.311022711011059,2
530014,1,5,-0.05130435188565184,3
530015,1,5,0.5415452199712296,5
530025,1,5,-0.04099703383878331,3
530032,0,2,0.16139662491226323,NA
530034,0,1,0.7925358340086222,NA
53004F,1,4,0.49363659237020674,4
53005F,0,0,0.03644715238160251,NA
531301,0,1,0.7891461840120373,NA
531302,0,3,0.5797571056701852,NA
531303,0,1,0.07640110846671772,NA
531304,0,2,-1.8095627653794715,NA
531305,1,3,-0.5780103120111193,2
531306,0,2,0.24900599131996998,NA
531307,0,2,-0.13185416687811952,NA
531308,0,1,0.07762518286949979,NA
531309,0,2,0.012761002818091748,NA
531310,0,2,0.31766596622717036,NA
531311,0,0,-0.008036699152978848,NA
531312,1,5,-0.4707597566971448,2
531313,0,3,0.5977451251983806,NA
531314,0,0,-0.7689649266052392,NA
531315,0,0,-0.4010624370979222,NA
531316,0,2,-0.6792814255364741,NA
640001,0,0,1.9686577069788413,NA
650001,0,2,-0.2516764912107329,NA
660001,0,0,-1.6021776230404945,NA
670004,1,4,0.30611278237086403,4
670005,0,3,0.37249015860521206,NA
670006,0,3,-0.19099182484831456,NA
670008,0,3,1.0025783028539628,NA
670010,0,0,-0.5561258372732134,NA
670023,1,5,-0.13417793672587655,3
670025,1,4,1.0472311274915587,5
670031,1,5,-0.023411712372760657,3
670034,1,5,0.45594468710221936,5
670041,1,5,0.2194489890458144,4
670043,1,5,0.04757735756425177,4
670044,1,5,0.18902003031509018,4
670047,1,5,-0.1627276392864252,3
670049,0,3,1.5641058747272276,NA
670053,1,4,-0.15584928977335372,3
670054,0,3,0.6497446527641066,NA
670055,1,5,0.08163771318030921,4
670056,1,5,0.314348205095569,4
670059,0,3,0.6279611932431578,NA
670060,1,5,-0.33404971970693564,2
670061,1,4,1.1028450371812666,5
670062,0,1,1.2800219617118014,NA
670067,0,3,0.89895994946662,NA
670068,1,5,0.1103723133164559,4
670069,0,3,-0.521097076469932,NA
670071,1,3,0.7894826673726402,5
670073,1,4,0.20401083583933388,4
670075,1,5,0.11199763135238731,4
670076,1,4,0.16292752166562452,3
670077,1,5,0.5759104404207964,5
670078,0,3,1.2530566460750545,NA
670080,1,5,0.20272810165643268,4
670082,1,5,0.1454756246526091,4
670085,1,5,0.3712084833380649,4
670088,1,5,0.14762781201374123,4
670090,0,2,-0.1640993587644909,NA
670093,0,1,-3.1919826256654176,NA
670098,1,5,-0.39464208816742574,2
670102,0,1,-0.5869697388446244,NA
670103,1,5,0.21464368639413078,4
670106,1,5,-0.3725047544406883,2
670107,0,1,0.43986658459903505,NA
670108,1,5,0.9307373693235159,5
670109,0,0,0.049003614635490786,NA
670112,0,3,0.9545383593297391,NA
670116,0,2,0.20732528429251218,NA
670120,1,5,-0.4422334643694361,2
670121,0,0,0.5196952695520082,NA
670122,1,5,0.6439871292110418,5
670124,0,1,1.1595039122156052,NA
670128,0,3,0.8684350013951226,NA
670131,0,1,0.2975339145546474,NA
670132,0,2,-0.028726263295627774,NA
670134,0,1,0.28681735859402663,NA
670136,0,2,0.30748354333115524,NA
670143,0,1,0.6297253915422897,NA
670259,0,1,0.08553487385129684,NA
670260,1,4,0.26623267473876466,4
670265,0,2,0.0519907799384107,NA
670266,0,0,-2.8221813443011228,NA
670267,0,1,-0.6074088312829642,NA
670285,0,1,1.1532595382395492,NA
670300,0,2,0.5726489825639762,NA
670309,0,2,0.7031002698279079,NA
670310,0,0,-0.4820034440489028,NA
670314,0,0,0.03604291642967054,NA
