PROVIDER_ID,report_indicator,Total_measure_group_cnt,summary_score,star
010001,1,5,0.17162228425663234,4
010005,1,5,-0.15013255700783898,3
010006,1,5,-0.5524983013716842,2
010007,1,5,-1.1167172423930485,1
010008,0,1,-0.5848418239425321,NA
010011,1,5,-0.3190548238988103,2
010012,1,5,-0.18497646932191064,3
010016,1,5,-0.4120973288680179,2
010018,0,1,0.6104605407419043,NA
010019,1,5,-0.45852818215461055,2
010021,1,4,-0.007347519377479864,3
010022,0,2,0.5936653943852876,NA
010023,1,5,-0.8445684576742293,1
010024,1,5,-0.5282011634191697,2
010029,1,5,-0.16860302651452025,3
010033,1,5,-0.18356001740910446,3
010034,0,1,-0.6995893128334102,NA
010035,1,5,-0.30724870484188727,2
010036,1,5,-0.2965118129159321,2
010039,1,5,-0.41247067889369565,2
010040,1,5,-0.9572485031662049,1
010044,0,2,0.7035889857777794,NA
010045,1,4,-0.055267665626004644,2
010046,1,5,-0.3242404414286337,2
010049,1,5,0.0386921476816394,3
010051,0,1,1.1031248681140557,NA
010052,0,2,-0.3540742530139389,NA
010055,1,5,-0.5275693677213142,2
010056,1,5,-0.023836456799140454,3
010058,0,1,0.48680076807752615,NA
010059,0,1,-0.15123959726529762,NA
010061,1,5,-0.23259903523161526,3
010062,0,2,-0.20048938622055934,NA
010065,1,5,-0.11327310963295581,3
010069,0,3,-0.21411063539314307,NA
010073,0,2,-0.34384529689404614,NA
010078,1,5,-0.8718663427778129,1
010079,1,5,-0.24734247253552946,3
010083,1,5,0.32018502253429837,4
010085,1,5,-0.16663702719854745,3
010086,1,4,0.6519089458288854,4
010087,1,5,-0.45121622805771144,2
010089,1,5,-0.23676392521808146,3
010090,1,5,-0.26740608468647603,3
010091,0,1,-0.8827964016348956,NA
010092,1,5,-0.6908719101936349,1
010095,0,1,0.03974611483696927,NA
010097,0,3,0.10909070467259036,NA
010099,0,3,-0.30625562579329985,NA
010100,1,5,-0.2275077403057798,3
010101,0,3,-1.1028233616645122,NA
010102,0,1,-1.1281758183250945,NA
010103,1,5,-0.2130167017759209,3
010104,1,5,-0.36861931975659196,2
010108,1,5,-0.022484281022074754,3
010110,0,1,0.4832959741155401,NA
010112,0,3,-0.40569489461523855,NA
010113,1,5,-0.5860223539734775,2
010114,1,5,-0.513298583155917,2
010118,1,5,-0.6001942717720264,2
010120,0,3,-0.23332884669455675,NA
010125,1,4,0.6756647636672024,4
010126,0,3,0.3091730390695194,NA
010128,0,2,-0.2122175852805131,NA
010129,0,3,-0.05226395999402183,NA
010130,1,4,0.030223677329617116,3
010131,1,5,-0.62625862697097,2
010138,0,1,-1.0684342776753017,NA
010139,1,5,-0.5857270768953087,2
010144,1,5,-0.36780741805473766,2
010148,1,4,-0.416763950595449,2
010149,1,5,0.25857639917363473,4
01014F,1,5,0.47995137429801094,5
010150,0,2,0.2754860528670592,NA
010157,0,1,0.3542136855025788,NA
010158,1,4,-0.1756877007656654,2
010164,1,5,0.035451850709500285,3
010168,0,3,0.3150688887677697,NA
010169,0,3,-0.290440411499281,NA
010173,0,3,0.23110210150493982,NA
010174,0,1,-0.44897797682240764,NA
010175,0,1,0.01407316965858793,NA
01019F,1,4,1.1783495420625982,5
01021F,0,0,0.08948435311465676,NA
011300,0,1,0.41268265598355713,NA
011302,0,1,0.9851936507046923,NA
011304,0,1,1.1827791679737025,NA
011305,0,2,-0.6270121161750419,NA
011306,0,2,0.29155003881283964,NA
020001,1,5,-0.038855155927953036,3
020006,1,5,-0.16328335950298312,3
020008,1,5,0.48888256556504583,5
020012,1,5,-0.25181168785720165,3
020017,1,5,-0.6431224300199895,2
020018,0,3,0.18791937398243813,NA
020024,1,5,-0.6790332748057156,1
020026,1,5,-0.17375804239472373,3
021301,0,1,0.5291497911492111,NA
021302,0,1,0.6952122298059534,NA
021304,0,0,-0.3405715438728373,NA
021305,0,1,0.8039274302088212,NA
021306,0,1,0.1519276207162964,NA
021307,0,0,1.442876843094494,NA
021308,0,1,0.8144127188512175,NA
021309,0,0,0.225996139670398,NA
021310,0,0,1.8126670684202144,NA
021311,0,2,0.9130771418130335,NA
021312,0,1,-0.7240619640917959,NA
021313,0,2,-0.29577329777790795,NA
021314,1,3,-0.4422159637155823,3
030002,1,5,-0.07108676588454398,3
030006,1,5,-0.3277701001907704,2
030007,1,5,-0.09580924662605068,3
030010,1,5,-0.18499396976207472,3
030011,1,5,-0.3100731562728766,2
030012,1,5,-0.422575826620692,2
030013,1,5,-0.3638672131471633,2
030014,1,5,-0.2340601481806283,3
030016,1,5,-0.6311328868164817,2
030022,1,5,-0.27601572068389013,3
030023,1,5,0.21682955370706977,4
030024,1,5,-0.007320444723775202,3
030030,1,5,-0.42855512081587654,2
030036,1,5,0.35751768537319223,4
030037,0,3,-1.2302470183978564,NA
030038,1,5,-0.022932335121306324,3
030043,1,5,-0.4229940522849075,2
030055,1,5,0.09883191209609456,4
030061,1,5,-0.26487468523111046,3
030062,1,5,0.24570353558864136,4
030064,1,5,-0.24065092512106726,3
030065,1,5,-0.6332996325175216,2
030069,1,5,-0.10161255919374877,3
030071,0,3,-0.02594469670206237,NA
030073,0,2,0.3216027578365648,NA
030078,0,2,0.4074123832868241,NA
030083,1,5,-0.3689330459791035,2
030084,0,2,0.1614158258531755,NA
030085,1,5,-0.35575677785321846,2
030087,1,5,-0.10293604370172003,3
030088,1,5,-0.40058879440637013,2
030089,1,5,-0.1441874123509324,3
030092,1,5,-0.3079942304021501,2
030093,1,5,-0.010447850966763018,3
030094,1,5,-0.43443275240178614,2
030101,1,5,-0.504380572311068,2
030103,1,5,1.1312542868333437,5
030105,1,5,-0.1307044712488666,3
030107,0,3,0.9774935790084599,NA
030108,0,3,0.7817104663656493,NA
030110,1,5,-0.6133125512077214,2
030111,1,5,-0.055324989162011534,3
030112,0,3,-1.4941300492795295,NA
030113,0,2,0.8016437522825259,NA
030114,1,5,-0.1272367175747964,3
030115,1,5,-0.10141310044086257,3
030117,1,4,-0.37323872677702485,2
030119,1,5,0.5595700964413098,5
030121,1,5,-0.2976988198498134,2
030122,1,5,0.2603982441922111,4
030123,1,5,0.38652270855618087,4
03012F,1,5,0.7713838009627481,5
030130,1,5,-0.06486676753843534,3
030131,0,3,-0.8306096008215105,NA
030134,0,3,1.0261664938465913,NA
030136,0,1,0.715238732070488,NA
030138,1,3,0.8464423126159533,5
030139,1,4,0.07176221147330675,3
03013F,1,5,0.45545604536076045,4
030146,1,4,0.6200054647319547,4
030147,1,4,-0.25389950594273875,2
030148,1,5,-0.0869954717860737,3
030152,0,0,2.137592227694604,NA
030153,0,0,0.42985529063312033,NA
030154,0,0,-0.421525696138872,NA
03033F,1,4,1.6479670332175564,5
031300,0,1,0.17339015689489942,NA
031301,0,1,0.3123126451308843,NA
031302,0,0,0.4562304425352355,NA
031304,0,1,0.5368328076917093,NA
031305,0,0,0.508917256205731,NA
031308,0,0,1.5791153471618649,NA
031309,0,1,0.3521890688407001,NA
031311,0,3,-1.011714135601821,NA
031312,0,1,-0.029569549597869095,NA
031313,0,1,0.4997280686700981,NA
031314,1,4,-0.02713160453511125,3
031315,0,2,-0.3803242488379007,NA
031317,0,1,-0.3187207520415594,NA
031318,1,4,0.6720257811857923,4
031319,0,3,0.5833110346526985,NA
031320,0,0,0.6453770312166015,NA
040001,1,5,0.03870973128627863,3
040002,1,4,0.2839138458012387,3
040004,1,5,0.3150827270442453,4
040007,1,5,-0.2452798687586484,3
040010,1,5,0.3266901537925827,4
040011,1,4,0.16663101193669266,3
040014,1,5,-0.2284759735570332,3
040015,0,2,-0.6839301103965377,NA
040016,1,5,-0.30368091960708476,2
040017,1,5,-0.008759751872601002,3
040018,0,1,0.15110020757623105,NA
040019,0,3,-0.22850043307139634,NA
040020,1,5,-1.0416768324103072,1
040022,1,5,-0.34023346905132673,2
040026,1,5,0.030947312911606698,3
040027,1,5,-1.0349769973737455,1
040029,1,5,0.07115268017752736,3
040036,1,5,-0.7075004088706822,1
040039,1,5,-0.6078994450260237,2
040041,1,5,0.035038119382952704,3
040050,1,4,-0.604659720091339,1
040051,1,4,-0.5124432396863221,2
040055,1,5,-0.4009556581807168,2
040062,1,5,-0.13580050656705708,3
040067,1,4,-0.2920773634160925,2
040069,1,4,-1.0673312672812694,1
040071,1,5,-0.5457655822166166,2
040072,1,3,0.1185525471020299,4
040076,0,1,0.053634945155773626,NA
040078,1,5,-1.175360774114936,1
040084,1,5,-0.5927052892781871,2
040088,1,4,-0.2503759148146322,2
04009F,1,4,1.6615774367111835,5
04010F,1,5,-0.18675377909187044,3
040114,1,5,-0.2654954251371261,3
040118,1,5,-0.6431588267846395,2
040119,1,5,-0.07947101645908049,3
040132,0,1,2.934927050207273,NA
040134,1,5,0.2067891434099756,4
040137,1,5,0.32454885329718525,4
040147,0,3,1.5030716830451867,NA
040153,0,2,0.8503908735679168,NA
040154,1,5,-0.15769933446062928,3
040156,0,2,-0.22769316855882152,NA
040161,1,4,0.18671344666126294,3
040164,0,0,-3.770062247963426,NA
041300,0,2,0.5342300375470137,NA
041302,0,1,0.22805466552287412,NA
041303,0,1,1.4039309612422466,NA
041305,0,1,-0.4822923860648464,NA
041306,0,1,-0.6107208322783813,NA
041307,1,3,-0.5626167640942905,3
041308,0,1,-0.01659141320841881,NA
041309,0,1,-0.5927041251434249,NA
041310,0,2,0.42642295810651903,NA
041311,0,3,0.14869904071799792,NA
041312,0,2,-0.11495903582801487,NA
041313,0,2,0.7839289515940647,NA
041317,0,1,0.3095236732592066,NA
041318,0,2,0.22407751499415388,NA
041320,0,1,0.5964790144862164,NA
041321,0,2,0.06120436759675313,NA
041322,0,1,-1.0949290154233688,NA
041323,1,3,-0.09140603449199844,3
041324,0,2,0.09943991160581517,NA
041326,0,1,-2.0939434851140746,NA
041327,0,2,-0.34829570511839225,NA
041328,0,2,-1.2112067355097849,NA
041329,0,2,0.5597170316290114,NA
041330,1,4,0.09663317123936427,3
041331,0,0,-0.5179848004233256,NA
041332,0,2,-0.3901132405702321,NA
050002,1,5,-0.8450898358224254,1
050006,1,5,0.061791830772772116,3
050007,1,5,0.8174144021589903,5
050008,1,5,-0.06402527459351434,3
050009,1,5,0.14998197994852647,4
050013,1,5,0.33781082474277235,4
050014,1,5,0.164587655662527,4
050017,1,5,0.15730167099762743,4
050022,1,5,-0.20545968791278688,3
050024,1,5,-0.10921846033924806,3
050025,1,5,0.6153973654283567,5
050026,1,5,-0.17370210853709467,3
050028,1,4,0.052667685162860245,3
050030,1,5,-1.327767926065512,1
050036,1,5,-0.5295251419876974,2
050038,1,5,-0.20449596195837452,3
050039,1,5,-0.4086846738447525,2
050040,1,4,-0.45656566138942983,2
050042,1,5,0.4461349093138763,4
050043,1,5,0.6236563239742744,5
050045,1,5,-1.0741276681058733,1
050047,1,5,-0.12403789180266846,3
050054,1,5,0.5111297041492825,5
050055,1,5,0.18648943619929975,4
050056,1,5,-0.8484819273076764,1
050057,1,5,-0.27247101132200646,3
050058,1,5,0.054169006101146215,3
050060,1,5,-0.7618735109756747,1
050063,1,5,-0.22402873557811215,3
050067,0,2,-0.2572462844671494,NA
050069,1,5,0.3469722566966388,4
050070,1,3,0.5304935255326094,5
050071,1,3,-0.2671995844702878,3
050072,1,3,-0.3803275388781249,3
050073,1,3,-0.004316561259887858,4
050075,1,5,-0.44538663943331613,2
050076,1,3,0.2908776074002069,4
050077,1,5,-0.09191222191055866,3
050078,1,5,0.29858178589555884,4
050082,1,5,0.018221210293602928,3
050084,1,5,0.14676758886181165,4
050089,1,4,0.15219609935250894,3
050090,1,4,-0.5692283421017537,1
050091,0,3,-0.4247494868136706,NA
050093,1,5,-0.41579997633377896,2
050099,1,5,-0.199735343605246,3
050100,1,5,0.07381171913490586,4
050101,1,5,0.06655173235805907,3
050102,1,5,-0.4164124317498058,2
050103,1,5,-0.0412740777163038,3
050104,1,5,0.22496182660589722,4
050107,1,5,-0.2968697586270468,2
050108,1,5,0.32448835785688634,4
050110,1,5,-0.9442869571887875,1
050112,1,5,0.19382658794295862,4
050113,0,3,-0.7346573463232838,NA
050115,1,5,-0.30032271601224947,2
050116,1,5,0.2259378927681865,4
050118,1,5,-0.5548471774291095,2
050121,1,5,-0.30922565339482716,2
050122,1,5,-0.19055269760980573,3
050124,1,5,-0.147880404891135,3
050125,1,5,-0.1695626055006341,3
050126,1,5,-0.38234778141143344,2
050127,1,5,0.6857979491226677,5
050128,1,5,-0.45061032802515355,2
050129,1,5,-0.03572925736555374,3
050131,1,5,0.7108730306401398,5
050132,1,5,0.20377812043701846,4
050133,1,5,-0.5948415565167413,2
050135,1,5,0.11682443771172381,4
050136,1,5,0.18526941746522516,4
050137,1,3,0.19877430887733522,4
050138,1,3,0.2043287495973326,4
050139,1,3,-0.8377655746320251,2
050140,1,4,0.34000239309169955,3
050145,1,5,0.059544994229850386,3
050149,1,5,0.06273804804139191,3
050150,1,5,-0.031389947143856414,3
050152,1,5,-0.3737684480685045,2
050158,1,4,-0.19527292622254167,2
050159,1,5,-0.4271697724823579,2
050167,1,5,-0.4088511291585474,2
050168,1,5,0.3904819240004501,4
050169,1,5,-0.0889017396332721,3
050174,1,5,-0.41438014529395645,2
050179,1,5,-0.5152550708517516,2
050180,1,5,-0.22771463004940318,3
050191,1,5,0.2103331028937832,4
050192,0,2,-0.3953934207091927,NA
050194,1,4,-0.7531647796077201,1
050195,1,5,-0.17428620655959418,3
050197,1,5,0.9128855462335602,5
050204,1,5,-0.023140912027622366,3
050211,1,5,-0.03949144713678748,3
050222,1,5,0.14472586206600646,4
050224,1,5,0.6806126050034941,5
050226,1,5,-0.07805455619740459,3
050228,1,5,-0.7458587597932158,1
050230,1,5,-0.22241179989173443,3
050231,1,5,-0.14623030907651485,3
050232,1,5,0.7245165683736641,5
050234,1,5,0.7973602316498598,5
050235,1,5,-0.13684492773294182,3
050236,1,5,-0.5323163762445046,2
050238,1,5,-0.22644624963400956,3
050239,1,5,0.39626562058211634,4
050242,1,5,0.4641182596620817,5
050243,1,5,-0.5438573156471287,2
050245,1,5,-0.4498362883410595,2
050248,1,5,-0.027999587561499437,3
050254,1,5,0.061175443639941054,3
050257,0,2,0.5441566511614592,NA
05025F,1,5,0.10237693042897023,4
050261,1,5,-0.5347398139535064,2
050262,1,5,0.44558122537581324,4
050272,1,5,-0.22870808721218017,3
050276,1,5,-0.05978310931338854,3
050278,1,5,0.2206611794314449,4
050279,0,3,-0.41561495493961403,NA
05027F,1,5,0.05132810491458468,3
050280,1,5,-0.4505534987710609,2
050281,1,5,0.03303812250881735,3
050283,1,5,0.26456843826678955,4
050289,1,5,-0.922073682830895,1
050290,1,5,0.3965069219858864,4
050291,1,5,0.4005979112669331,4
050292,1,5,-0.18414455538007765,3
050295,1,5,-0.27382156125310386,3
050298,1,4,-0.7003575221658032,1
050300,1,5,-0.8716402151942946,1
050301,1,5,0.2295172092819749,4
050305,1,5,0.0724091269623708,3
050308,1,5,0.30322501674715596,4
050309,1,5,-0.029061797063659356,3
05030F,1,5,0.41423275541191557,4
050313,1,5,0.41836954472787946,4
050315,1,5,-0.6641318313416412,2
05031F,1,5,1.0346759015676308,5
050320,1,5,-0.7067749355860218,1
050324,1,5,0.5305575680879387,5
050327,1,5,-0.07718846619019376,3
050329,1,5,-0.0994437877463287,3
050334,1,5,0.3322459585796877,4
050335,1,5,-0.021352452783156114,3
050336,1,5,-0.16591327344492457,3
050342,1,5,-0.28797301025058886,2
050348,1,5,0.44958921473064345,4
050350,1,4,-0.5434057193899803,2
050351,1,5,0.3423175047532028,4
050352,1,4,0.7429852696473109,4
050353,1,5,0.3239822543400621,4
050357,1,4,0.9484990945789482,5
050360,1,5,0.4006338486801795,4
050367,1,5,-0.18957595104504787,3
050373,1,5,-0.5546213876473561,2
050376,1,5,-0.9921944412796528,1
050378,1,3,-2.1657268384168895,1
050380,1,5,-0.3429000635896667,2
050382,1,5,-0.7444821124685921,1
050390,1,5,-0.6968014051658883,1
050393,1,5,0.00164600806696546,3
050394,1,5,0.15367028905967722,4
050396,1,5,0.5296622300321941,5
050407,1,4,0.1270942173438693,3
050411,1,3,0.34016078385146453,4
050414,1,5,0.15523710481844413,4
050417,1,5,-0.4099145991338264,2
050424,1,5,0.5229873276246797,5
050425,1,5,-0.15831979029506105,3
050426,1,5,-0.5579148913581006,2
050438,1,5,-0.3875305772646537,2
050441,1,5,0.742074624470454,5
050444,1,5,-0.43037839365943376,2
050454,1,5,0.7759753237287602,5
050455,1,5,-0.6882303250640734,1
050457,1,5,0.16551011146065456,4
050464,1,5,-0.8573419313021478,1
050468,1,5,-0.8107726050543529,1
050471,1,5,-0.470904213874234,2
050481,1,5,-0.5556029730999446,2
050485,1,5,-0.4779827970923457,2
050488,1,5,0.23708732375098024,4
050492,1,5,-0.6543128846715773,2
050496,1,5,0.41314440596496027,4
050498,1,5,0.41873144178640287,4
050503,1,5,0.47481368966585846,5
050506,1,5,-0.22761695224338768,3
050510,1,3,0.22401406217272068,4
050512,1,3,0.277192403363404,4
050515,1,3,0.058056672982884194,4
050516,1,5,0.06118911015443877,3
050517,1,4,-0.7838526678562617,1
050523,1,5,-0.11827994898191309,3
050526,0,3,-0.7226773963757366,NA
050528,0,3,-0.21726290366401907,NA
050534,1,5,-0.2203683396296296,3
050537,1,4,0.519393047405473,4
050541,1,3,0.4165929971108373,4
050543,0,1,0.7458057298245483,NA
050549,1,5,0.096178418362886,4
050551,1,5,-0.2762620053713403,3
050557,1,5,-0.3964369909863873,2
050561,1,3,-0.5203953456831906,3
050567,1,5,0.23847564717137112,4
050570,1,5,-0.6218090649755755,2
050573,1,5,0.3947742796318123,4
050580,1,5,-0.049526319973457064,3
050581,1,5,-0.5863739014983537,2
050586,1,4,-0.2885117492832713,2
050588,1,4,-0.7234421604140896,1
050589,1,5,-0.2884784714236712,2
050590,1,5,-0.1339996594784139,3
050597,1,5,-0.06307845820506769,3
050599,1,5,-0.04331855377301108,3
050603,1,5,0.32375379288924305,4
050604,1,3,0.21820954035795243,4
050608,0,3,-0.36461603442874047,NA
050609,1,3,0.1952051785514231,4
050624,1,5,-0.4045001371682524,2
050625,1,5,0.4673128133744866,5
050633,1,5,-0.4059651530677725,2
050636,1,5,0.21323187214847744,4
050641,0,3,-0.7898346826959086,NA
050663,1,5,-0.290877353252485,2
050668,0,1,-1.0613571755444262,NA
050674,1,5,-0.09227509825535912,3
050677,1,3,-0.5966803586982753,3
050678,1,5,0.057432138789750876,3
050684,0,2,-1.4060005051832405,NA
050686,1,3,0.6396068634148679,5
050689,1,5,-0.07271871908565562,3
050690,1,3,0.32933597166475803,4
050696,1,5,0.2674847389283138,4
050697,0,0,0.3922050263075315,NA
050701,1,5,-0.14443886635350225,3
050704,1,5,-0.6968788487005484,1
050708,0,3,0.9098931472236271,NA
050709,1,5,-0.2281997406265448,3
050710,1,3,-0.03600361944426113,4
050714,0,3,0.7564177867856083,NA
050717,1,3,-0.2915028544329289,3
050723,1,3,-0.6569662856765897,2
050724,1,4,-0.4198931913255582,2
050726,0,2,1.2887902015024413,NA
050735,1,4,-0.15895147273781374,2
050736,1,4,-0.8069647337414141,1
050737,1,5,-0.6899343295929136,1
050738,1,5,-0.30085066928581705,2
050739,1,5,-0.5379608497171576,2
050740,1,5,0.13460915739631635,4
050744,0,2,-0.21991052418259954,NA
050745,1,4,-0.7982712440569977,1
050746,1,5,-0.6588727635070399,2
050747,0,2,-0.4415751006403033,NA
050748,1,3,0.2048720082195707,4
050755,1,5,-0.4510371203213124,2
050757,1,5,-0.4125197172211791,2
050758,1,4,0.13360269804453392,3
050760,1,3,-0.05034004218850724,3
050761,1,5,-0.20057064564360003,3
050763,1,4,-0.3267660753696118,2
050764,1,5,-0.7621723072332737,1
050765,1,3,0.4231855602870162,4
050766,0,2,-1.0210454968381748,NA
050767,1,3,0.37082651769646013,4
050769,0,3,0.7183252723204482,NA
050770,1,5,-0.6246237918136233,2
050771,1,4,-0.9249246539119164,1
050772,1,3,0.09221128050804857,4
050775,1,5,-0.07253317637690457,3
050776,1,5,-0.6267515153636447,2
050777,1,3,-0.8593353700270909,2
050778,1,3,-0.04980017271794998,3
050779,1,4,0.18114648296821376,3
050780,0,3,-0.1545346924020909,NA
050782,1,4,0.3342977904652895,3
050783,1,3,0.12929220267864042,4
050784,0,3,-0.03440357680790765,NA
050785,0,1,1.3393417515881758,NA
050855,0,0,0.3401372061575844,NA
05114F,1,5,0.5654173323482505,5
05127F,1,5,0.35650944051293765,4
05128F,1,5,-0.23746627386597366,3
051300,0,1,-0.1370159543974729,NA
051301,0,3,0.08225288804953507,NA
051302,0,0,-2.7824808160277876,NA
051303,0,1,-0.9025646282843747,NA
051304,0,2,-0.47886226666993675,NA
051305,0,1,0.3431643029111669,NA
051306,0,0,0.7885457373628155,NA
051307,0,0,2.5865516289483206,NA
051309,0,0,-0.8362358125176158,NA
05130F,1,5,0.192379763677036,4
051310,1,5,0.48623099244033063,5
051311,0,2,-0.7492712256070435,NA
051312,0,1,0.5668447104934269,NA
051314,0,2,-0.5924884542811789,NA
051315,0,1,0.7514179868481069,NA
051316,1,5,-0.6893721776526192,1
051317,1,4,-1.2346816513598433,1
051318,0,3,0.007299217830853966,NA
051319,1,4,0.3018565752227295,3
051320,1,4,-0.028348533755802055,3
051321,0,2,0.15865880902329968,NA
051323,0,1,-1.275678494918687,NA
051324,0,2,-0.48129457702317857,NA
051325,1,4,-0.6936701068059401,1
051326,0,1,0.17055078898991707,NA
051327,0,1,0.7754613887525655,NA
051328,0,3,0.16325653282173752,NA
051329,1,4,1.0116689570919568,5
051330,0,1,0.11325326891293674,NA
051331,0,1,0.7762785683174844,NA
051332,1,4,0.03711749875479246,3
051333,0,2,-0.6992262613668869,NA
051334,0,1,0.38346440589754305,NA
051335,0,1,0.22918560675513933,NA
051336,0,1,0.24667143259118973,NA
051337,0,0,-0.49918899575059894,NA
060001,1,5,0.2681998804583964,4
060003,1,5,0.15899982303428975,4
060004,1,4,0.0879975144156937,3
060006,1,4,0.3501170434162418,3
060008,1,4,-0.7236057816600775,1
060009,1,5,0.38898918659739334,4
060010,1,5,0.7669259321550926,5
060011,1,5,0.014626901164431688,3
060012,1,4,0.3358884122625967,3
060013,1,5,0.8365328816098098,5
060014,1,5,-0.1482168394840546,3
060015,1,5,0.11192857793684448,4
060020,1,5,-0.30877864449906706,2
060022,1,5,0.13703748040107017,4
060023,1,5,0.399607600141659,4
060024,1,5,0.7033461554855067,5
060027,1,5,0.1419903042478817,4
060028,1,5,0.7173182497633717,5
060030,1,5,0.1836064651524292,4
060031,1,5,0.2809025970636202,4
060032,1,5,0.0365556724534079,3
060034,1,5,0.2460802819333074,4
060044,0,3,0.4772921340641587,NA
060049,0,3,0.3764271715727097,NA
060054,1,5,0.3428453743032116,4
06005F,1,5,0.6677172148349624,5
060064,1,5,0.31534028253746205,4
060065,1,5,-0.42430266483202517,2
060071,1,4,0.27823577113557973,3
060075,1,5,0.4711891014459993,5
060076,0,3,0.4046081186924405,NA
06007F,1,4,1.0745695921859106,5
060096,1,5,0.7203446266609094,5
060100,1,5,0.061244820755658666,3
060103,1,4,0.5255626920153277,4
060104,1,5,0.22924922864255687,4
060107,0,2,0.36045617105929495,NA
060112,1,5,0.002116736570755005,3
060113,1,5,0.3131603704913779,4
060114,1,5,0.29881644046135514,4
060116,1,5,0.45863147753721645,4
060117,0,3,1.0013803211798051,NA
060118,0,2,0.6769974244069361,NA
060119,1,5,0.21962917375661622,4
060124,0,3,1.2067639409197541,NA
060125,1,5,0.33174312504465064,4
060126,0,3,0.5353352457985956,NA
060128,1,5,0.7204270140159508,5
060129,1,3,0.8428557246699525,5
060130,0,2,0.8591246257805982,NA
060131,1,5,-0.08063139143619576,3
060132,1,5,0.5559550342748769,5
060133,0,0,0.07190390670584337,NA
061300,0,0,1.8771169200381177,NA
061301,1,4,1.4711085363863148,5
061302,0,1,0.6939985865244982,NA
061303,0,2,0.260258608471842,NA
061304,0,0,0.08998577388763518,NA
061305,0,1,-0.466573869784513,NA
061306,0,0,0.3094081998471222,NA
061307,0,0,1.3401372047621594,NA
061308,0,1,0.7010930223909897,NA
061309,0,2,0.7765172599330291,NA
061310,0,2,-0.6827235997366936,NA
061311,0,1,-0.4374060974299898,NA
061312,0,2,-0.0008939142832129071,NA
061313,0,1,1.0246391739511382,NA
061314,0,2,0.38879733343488376,NA
061315,0,1,-0.15916038933525387,NA
061316,0,1,0.5463462942660998,NA
061317,0,2,0.16900238248242266,NA
061318,0,2,-0.6237288303108872,NA
061319,0,0,1.7008079806831065,NA
061320,0,2,-0.47699487485587316,NA
061321,0,1,1.266756378473029,NA
061322,0,3,0.41335389999993066,NA
061323,0,0,-0.8511328453473035,NA
061324,0,3,0.6238392959709353,NA
061325,0,3,0.9045183524359127,NA
061326,0,2,0.5833767035723153,NA
061327,0,3,-0.016143218419203048,NA
061328,0,1,0.08960005529851103,NA
061336,0,0,-0.3318581226618335,NA
061343,0,0,1.7389631636770324,NA
061344,1,4,0.23830837918971526,3
070002,1,5,-0.3443296476251853,2
070003,1,5,-0.13636294475857647,3
070004,1,5,0.6977656824470869,5
070005,1,5,-0.09956050418989643,3
070006,1,5,0.2517541321686432,4
070007,1,5,-0.263379347210632,3
070008,1,4,0.3063696121418046,3
070010,1,5,-0.04663184043815301,3
070011,1,5,-0.02874896534222885,3
070012,0,1,0.5066445033028487,NA
070016,1,5,-0.011995404155078077,3
070017,1,5,0.10621987209481178,4
070018,1,5,0.28860510613724155,4
070020,1,5,0.01172973927323008,3
070021,1,5,0.031681446817887315,3
070022,1,5,0.04461763062320133,3
070024,1,5,0.2554098483908186,4
070025,1,5,0.21861626878500087,4
070027,1,5,-0.13949913879073883,3
070028,1,5,-0.13807985811463694,3
070029,1,5,-0.34338530947826784,2
070031,1,5,0.08959672633266577,4
070033,1,5,-0.0970455538547273,3
070034,1,5,-0.06664478113304426,3
070035,1,5,-0.33896548371215063,2
070036,1,5,-0.025360353053361193,3
07003F,1,5,0.03681639472291191,3
080001,1,5,0.24525002965163553,4
080003,1,5,-0.12339769249099486,3
080004,1,5,-0.6033899805817526,2
080006,1,5,0.6770751716282434,5
080007,1,5,-0.18534316689457128,3
080009,1,5,-0.05070795573443259,3
08002F,1,4,0.5995896323472429,4
090001,1,5,-0.6992814578865341,1
090003,1,5,-1.2345831090796502,1
090004,1,5,-0.2592915509949881,3
090005,1,5,-0.13898720668669745,3
090008,1,4,-0.25839798613932385,2
090011,1,5,-0.019777687403106863,3
09002F,1,5,-0.027361898926735254,3
100001,1,5,-0.07692577215885063,3
100002,1,5,-0.529594813386425,2
100006,1,5,-0.20890177692252657,3
100007,1,5,-0.17738397418367885,3
100008,1,5,0.21809807773797063,4
100012,1,5,0.4070514916357081,4
100014,1,5,0.29289421143788785,4
100017,1,5,-0.661428825995749,2
100018,1,5,-0.22297461163134158,3
100019,1,5,0.05822172427236111,3
100022,1,5,-0.9856241065758419,1
100023,1,5,-0.537931867283477,2
100025,1,5,0.06474564171540331,3
100026,1,5,-0.23738010260225706,3
100028,1,5,-0.7070271621219065,1
100029,1,5,-0.9625034003340915,1
100030,1,5,-0.2460329621841337,3
100032,1,5,-0.42520641201752907,2
100034,1,5,-0.24708360989176187,3
100035,1,5,-0.5446995904519706,2
100038,1,5,-0.26469405801435203,3
100039,1,5,-0.16212424092928202,3
100040,1,5,-0.35146988317272226,2
100043,1,5,0.31182390601554694,4
100044,1,5,-0.642525024294065,2
100045,1,5,0.1687605347701096,4
100046,1,5,0.5112720452464813,5
100047,1,5,-0.6197754941659166,2
100049,1,5,-0.4316904031572762,2
100050,1,5,0.09417765351576601,4
100051,1,5,0.02906696737706431,3
100052,1,5,-0.4680948403593932,2
100053,1,5,-0.20351208448327965,3
100054,1,5,0.4386529886072346,4
100055,1,5,-0.1785261133661653,3
100057,1,5,0.36219227191245423,4
100062,1,5,0.14586789128176494,4
100063,1,5,-0.08809205644577679,3
100067,1,5,-0.058579652971933543,3
100068,1,5,0.4348460256826505,4
100069,1,5,-0.07368198514748056,3
100071,1,5,-1.1928742453603778,1
100072,1,5,0.6089964807407181,5
100073,1,5,0.11193803560419165,4
100075,1,5,0.43284166242654565,4
100077,1,5,-0.9078770775071979,1
100080,1,5,-0.5967400026771617,2
100084,1,5,-0.19675751170197064,3
100086,1,5,-0.42689676846441516,2
100087,1,5,0.909688578437367,5
100088,1,5,0.1606865843937938,4
100090,1,5,-0.38208636654622696,2
100092,1,5,0.6064966722875035,5
100093,1,5,0.2405544864848031,4
100099,1,5,-0.05359391868889431,3
10009F,1,5,-0.22274690161354355,3
100105,1,5,0.41915720440808774,4
100107,1,4,-0.5052280169419817,2
100109,1,5,-0.11775994575106871,3
100110,1,5,-0.7594241148117392,1
100113,1,5,0.3665945239164479,4
100117,1,5,-0.058349412927543004,3
100118,1,5,0.04691826717186336,3
100121,1,5,-0.5232853219660585,2
100122,1,5,-0.02980603988664795,3
100124,1,5,0.09728180661202414,4
100125,1,5,0.38305808041916023,4
100126,1,5,0.008957090201901052,3
100127,1,5,0.17606576656076822,4
100128,1,5,-0.5495375075264985,2
100130,0,1,0.18242019380131685,NA
100131,1,5,-0.24534575837666045,3
100132,1,5,0.1711736165969619,4
100134,0,2,-0.33264120706909167,NA
100135,1,5,-0.3612027290144415,2
100137,1,5,-0.46713780348229184,2
100140,1,5,0.48959830803607285,5
100142,1,5,-0.7426643486850758,1
100150,1,5,0.24983417172615185,4
100151,1,5,0.9400698239855878,5
100154,1,5,0.2491650104734759,4
100156,1,5,-0.4532820065577357,2
100157,1,5,-1.052971763542072,1
10015F,0,2,0.4835552467226644,NA
100161,1,5,-0.6476075393720001,2
100166,1,5,0.14935784354494358,4
100167,1,5,-0.9646969741603767,1
100168,1,5,-0.23574760621826546,3
100173,1,5,-0.22899991748118026,3
100175,1,4,-0.3011116946585904,2
100176,1,5,-0.7203699464291424,1
100177,1,5,0.33596670950876084,4
100179,1,5,-0.4257574067350934,2
100180,1,5,-0.30947852783525137,2
100181,0,2,-0.6624200518699915,NA
100183,1,4,0.39147756763533936,3
100187,1,5,-0.4772265183104786,2
100189,1,5,-0.7095427881234634,1
100191,1,5,-0.4453423284494926,2
100200,1,5,-0.429808989448133,2
100204,1,5,-0.3471759594257555,2
100206,1,5,0.10411013773988265,4
100209,1,5,0.051271618892849605,3
100211,1,5,0.3722490953594731,4
100212,1,5,-0.8453367037867944,1
100213,1,5,-0.4823459151177758,2
100217,1,5,-0.261403212957419,3
100220,1,5,0.12098328891895724,4
100223,1,5,0.02104765062901576,3
100224,1,5,-0.9790301439438295,1
100226,1,5,-0.22941749560918365,3
100228,1,5,-0.3752880101129467,2
100230,1,5,-0.153078153365845,3
100231,1,5,-0.24926780046518304,3
100232,1,5,-0.8548232878320112,1
100236,1,5,-0.5081334783189304,2
100238,1,5,-0.8333718500832268,1
100242,1,5,-0.2564860264269578,3
100243,1,5,-0.3192326164413124,2
100244,1,5,0.07811521949211417,4
100246,1,5,-1.118943578753774,1
100248,1,5,-0.7168205189758834,1
100249,1,5,-0.36046694604499163,2
100252,1,5,0.07293849011619112,3
100253,1,5,0.35020488263914373,4
100254,1,5,-0.42878779035575154,2
100256,1,5,-0.37047745688553935,2
100258,1,5,-0.7587467355121764,1
100259,1,5,-0.27477171941211764,3
100260,1,5,-1.2180198888605147,1
100264,1,5,-0.3764235170242981,2
100265,1,5,0.2748112426705137,4
100266,1,5,0.22592127690478836,4
100267,1,5,-0.2110786437077791,3
100268,1,5,-0.49108970744227765,2
100269,1,5,-0.44444762699267865,2
100275,1,5,-0.677380481042734,1
100276,1,5,-0.27052240232582464,3
100277,0,0,0.7087250876543363,NA
100281,1,5,-0.17024301506851997,3
100284,1,5,-0.7077601109153269,1
100285,1,5,0.49425885581185924,5
100286,1,5,-0.6786813115798883,1
100287,1,5,-1.0060888151184133,1
100288,1,5,-0.7609519699913454,1
100289,1,5,0.10943817120269256,4
100290,1,5,-0.5157753417717593,2
100291,1,5,-0.3791595022710356,2
100292,1,5,0.11401562508259556,4
100296,1,5,0.493105643546813,5
100299,1,5,0.13055329387919318,4
100302,1,4,-0.5686811517672112,1
100307,1,5,0.2812609333705138,4
100313,0,2,0.13872286675914774,NA
100314,1,5,0.5396715614757818,5
100315,1,5,0.5433084694663564,5
100316,1,5,0.16039969857166564,4
100319,1,5,0.3842171141304553,4
100320,1,4,0.0008517937733388027,3
100321,1,5,-0.06716245024798871,3
100329,1,5,0.16354549277424463,4
100330,0,3,-0.5586014040997376,NA
100350,0,3,-0.19680654412962828,NA
100359,1,5,0.45339753930943866,4
100360,1,3,0.14843985425074854,4
100361,0,2,0.8000377758177466,NA
100362,0,1,-0.38764537451506,NA
100363,0,0,0.27774204887000364,NA
10057F,1,5,-0.034066964524237894,3
10063F,1,5,0.45750002041037474,4
10064F,1,5,0.41939787257831274,4
10065F,1,5,-0.25038128436649765,3
10099F,1,5,0.9636844914317335,5
101300,0,1,-0.12396235080692318,NA
101303,0,1,2.0965703357231478,NA
101304,0,1,-0.1602608941615505,NA
101307,0,2,-1.4688265773841094,NA
101308,1,3,-1.6562733685380249,1
101309,0,2,0.18881712247087834,NA
101311,0,1,-0.5591759956920568,NA
101312,0,2,0.8856058795518663,NA
101313,0,2,0.018866905938841418,NA
110001,1,5,-0.5757635040160985,2
110002,1,5,-0.49941500439601905,2
110003,1,5,-0.25003237070209106,3
110005,1,5,0.16186087974155658,4
110006,1,5,-0.8199487576788436,1
110007,1,5,-0.5037702379023761,2
110008,1,5,0.2120489066367714,4
110010,1,5,0.16914428115263366,4
110011,1,5,-0.10309074762164197,3
110015,1,5,-0.5168643745237986,2
110016,1,5,-0.3098816337439606,2
110018,1,5,-0.08012360493087803,3
110023,1,5,-0.2671381683872929,3
110024,1,5,-0.6116980291355077,2
110025,1,5,-0.7799062014486764,1
110027,1,4,0.1206481518156657,3
110028,1,5,-0.5056769539307627,2
110029,1,5,-0.45475352142507774,2
110030,1,5,-0.3284038165244626,2
110031,1,5,-0.5099606618773904,2
110032,1,4,-0.16268168886753934,2
110034,1,5,-0.8015853549076545,1
110035,1,5,0.14126956634788723,4
110036,1,5,-0.9099559244863528,1
110038,1,5,-0.03402541443058739,3
110041,1,4,0.2146838858647899,3
110042,1,5,0.22473315588644743,4
110043,1,5,-0.3227365064416118,2
110044,1,5,-1.0760505140925918,1
110045,0,3,-1.0609436615456058,NA
110046,1,4,0.18773893371259834,3
110050,1,3,1.2985247750406024,5
110051,1,5,0.13181435022114496,4
110054,1,5,-0.6901445113394598,1
110064,1,5,-0.6703110054984031,1
110069,1,5,-0.5054851019179888,2
110071,0,1,-0.691305231707007,NA
110073,0,3,-0.8322564458146838,NA
110074,1,5,0.13286260084514012,4
110075,1,5,0.01997098892754369,3
110076,1,5,-0.6950677903628172,1
110078,1,5,-0.39459246417899346,2
110079,1,5,-0.4665395837336038,2
110082,1,5,-0.28008438264152913,2
110083,1,5,0.23954243839818487,4
110086,0,2,-0.3098114396077736,NA
110087,1,5,-0.1916081429462751,3
110089,1,5,-0.5162505352638224,2
110091,1,5,-0.29448552022658614,2
110092,0,3,-0.3140589056649792,NA
110095,1,5,-0.5120198762054109,2
110100,0,1,0.6731577292253847,NA
110101,0,2,0.1506079067804806,NA
110104,1,5,0.12768526319154322,4
110105,1,5,-0.296311842509989,2
110107,1,5,-0.6280244321536986,2
110109,1,4,0.6713416986769845,4
110111,0,3,0.12202859218392738,NA
110113,0,1,0.6030102855066872,NA
110121,0,2,0.7989134107251634,NA
110122,1,5,-0.6394795454907976,2
110124,1,5,-0.1749310902623679,3
110125,1,5,0.4325367747411463,4
110128,1,5,0.5630253274291888,5
110129,1,5,-0.16649131412414697,3
110132,0,2,-0.5734313070688882,NA
110135,0,2,-0.7408908898555546,NA
110142,0,3,0.7825684475118904,NA
110143,1,5,-0.6127395890226358,2
110146,0,3,0.5300589382757149,NA
110150,1,4,-0.5858195905355927,1
110153,1,3,0.48406200513785186,5
110161,1,5,-0.18706674401107062,3
110164,1,5,-0.22523537925169937,3
110165,1,5,-1.2105956784578409,1
110168,1,5,0.1596062374260272,4
110177,1,5,-0.42880144068076087,2
110184,1,5,0.061128224298811,3
110190,0,0,1.3432210965312825,NA
110191,1,5,-0.49357757343793096,2
110192,1,5,-0.6977783407927858,1
110194,0,2,0.18904375413391916,NA
110198,1,5,-0.5561792479259302,2
110200,1,5,0.5705429480084625,5
110201,0,3,0.2586348213069292,NA
110209,0,0,1.1874626443293244,NA
110215,1,5,-0.14073444405151891,3
110225,1,5,0.2286637191329015,4
110226,1,4,-0.5227430740881531,2
110229,1,5,-0.29887622740859504,2
110230,1,5,-0.04367652922228778,3
110233,1,4,0.7834370211471453,4
110234,0,1,1.1470445243882885,NA
110236,0,2,-0.1606353956721694,NA
110237,1,4,0.9754681320416957,5
110252,1,5,-0.1834392358840487,3
11029F,1,5,-0.03319331468238482,3
11030F,1,5,0.027728007261704712,3
11031F,0,2,1.0300060825546764,NA
111302,0,1,0.9155059498523868,NA
111303,0,1,1.308483671325998,NA
111304,0,3,-0.7474589798043474,NA
111305,0,1,0.21240496981888404,NA
111306,0,2,-0.3220090440040554,NA
111308,0,1,2.0399468194007846,NA
111310,1,4,0.21693571820698274,3
111311,0,1,0.894032550290789,NA
111312,0,1,0.3006459910289,NA
111313,0,2,-0.003900682971992031,NA
111314,0,0,-1.5585444831910416,NA
111316,0,1,0.3969097260234327,NA
111318,0,1,-5.685962955095374,NA
111319,0,1,1.2674559671445897,NA
111320,0,2,-1.5016024257341627,NA
111323,0,3,0.9032638352688943,NA
111324,0,2,-0.8437630342270339,NA
111325,0,1,0.48302090451771096,NA
111326,0,1,0.3011540341372915,NA
111327,0,3,-0.5920364714103337,NA
111328,0,1,-0.3653927106023357,NA
111329,1,4,0.2867404871955581,3
111330,0,1,-0.5619093982369358,NA
111331,0,1,-2.2508359354333773,NA
111332,0,1,1.3303021486345354,NA
111333,0,2,-0.43681971409396075,NA
111334,0,1,0.05857806384531217,NA
111335,0,2,0.025400462891662978,NA
111336,0,1,1.0698504722210644,NA
111337,0,3,-0.5236960132370256,NA
120001,1,5,-0.011391826057902876,3
120002,1,5,-0.14340922815112564,3
120004,0,2,0.8394545222009826,NA
120005,1,5,-0.42542269251395926,2
120006,1,5,0.4758667648108969,5
120007,1,5,0.4024695207480532,4
120011,1,4,0.4067923193124983,3
120014,1,5,-0.42701443729326904,2
120019,1,5,-0.27760182363074526,2
120022,1,5,0.2609065681344913,4
120026,1,5,0.1264231697676752,4
120028,1,4,-0.2105255926693862,2
121300,0,1,0.5324475801472914,NA
121301,0,1,0.7325237680806557,NA
121302,0,1,1.1793043771876277,NA
121303,0,1,0.9362106693624034,NA
121304,0,0,2.06217280838257,NA
121305,0,0,2.5758568315194523,NA
121306,0,1,0.2574042070468977,NA
121307,0,1,0.9167828330949801,NA
121308,0,1,1.6471802787565986,NA
130002,1,5,0.48166923008155293,5
130003,1,5,-0.3673367226622702,2
130006,1,5,0.26228026698192297,4
130007,1,5,0.039438644273505324,3
130013,1,5,0.0930061596555516,4
130014,1,4,1.0303648705505588,5
130018,1,5,0.021249191237525493,3
130025,0,3,0.8715121544208495,NA
130028,1,5,-0.042274469483578034,3
13003F,1,5,1.0938541154360808,5
130049,1,5,0.20782906784839722,4
130063,0,2,1.0319583339346086,NA
130065,1,4,0.0022785995843683324,3
130066,0,3,1.091483665362739,NA
130071,1,5,0.4343152440482753,4
130073,0,1,0.7322956684992673,NA
130074,1,5,0.6162362053870418,5
131301,0,1,-0.2863455192426156,NA
131302,0,1,0.6031519378740865,NA
131303,0,1,0.47437550924775684,NA
131304,0,0,1.5739775245645535,NA
131305,0,1,-0.09109338261943722,NA
131307,0,1,0.38545358869088453,NA
131308,0,0,1.7069576329056821,NA
131309,0,1,0.4952458837921545,NA
131310,0,1,0.18976179681822417,NA
131311,0,2,0.3833038662196593,NA
131312,0,2,0.7798633946944517,NA
131313,0,1,0.42307198826069464,NA
131314,0,2,-0.9254881151464488,NA
131315,1,3,0.013951667429843564,4
131316,0,2,-0.8948766584417167,NA
131317,0,1,0.29626472219153477,NA
131318,0,1,-0.5236182505029885,NA
131319,0,2,0.12092005089386329,NA
131320,1,3,-0.13156811150445835,3
131321,0,1,0.24124652083633033,NA
131322,0,3,-0.05277447543306288,NA
131323,0,3,0.6886122327015223,NA
131324,0,1,1.3931154085701638,NA
131325,0,3,0.30210891828537273,NA
131326,0,3,0.7059138281719767,NA
131327,1,4,0.19693931606886464,3
131328,1,4,-0.6245963326741896,1
140001,1,5,-0.5640406350072437,2
140002,1,5,0.2878576875157468,4
140007,1,5,-0.6982946376448412,1
140008,1,5,-0.6185923159465523,2
140010,1,5,0.7054631131995293,5
140011,1,5,-0.4971985638331524,2
140012,1,4,-0.4043504306709104,2
140013,1,5,-0.16216867603294188,3
140015,1,5,0.24064965323628557,4
140018,1,5,-0.8424849146720842,1
140029,1,5,0.03390337606977652,3
140030,1,5,0.48052907311810145,5
140032,1,5,-0.13236932011800248,3
140034,1,4,-0.2827647251295774,2
14003F,1,5,0.5381923108382076,5
140043,1,5,-0.6413547533299131,2
140046,1,5,-0.18370679169991572,3
140048,1,5,-0.4506557343145605,2
140049,1,5,-1.276461172367243,1
14004F,0,2,1.2049391882245126,NA
140052,1,4,-0.025607882286910754,3
140053,1,5,-0.2337372279118317,3
140054,1,5,-0.21966108215123611,3
140059,1,4,-0.20113546639145152,2
140062,1,5,-0.24006872452909472,3
140063,1,5,0.13419167480737187,4
140064,1,5,-0.6505311295521439,2
140065,1,5,0.5996737905226813,5
140067,1,5,-0.6381751899591861,2
140068,1,4,-0.9120307942173881,1
140077,0,1,0.06536471188943827,NA
14007F,1,5,-0.44901025469435485,2
140080,1,5,-0.4087414369705801,2
140082,1,5,-1.151936793911014,1
140083,0,1,0.1376484467777164,NA
140084,1,5,-0.5011406251032307,2
140088,1,5,0.21588997195588508,4
140089,1,4,0.18546257602475874,3
14008F,1,4,0.17201074336147876,3
140091,1,5,-0.14982727595381223,3
140093,1,5,-0.5755170197809698,2
140095,1,4,-0.7547590007734502,1
140100,1,3,0.18800699939440038,4
140101,1,5,0.016686697187275605,3
140103,1,4,-1.6536237298892011,1
140110,1,5,0.21654277382540602,4
140113,1,5,-0.2340767083309708,3
140114,1,5,-0.37935021003804065,2
140115,0,3,-0.18558454498627588,NA
140116,1,5,0.5442583454220193,5
140117,1,5,0.16373966051854813,4
140119,1,5,0.8266388538489061,5
140120,1,4,-0.1005609539933354,2
140122,1,5,0.3130197666185031,4
140124,1,5,-0.2288258448832576,3
140125,1,5,-0.8366898608037943,1
140127,1,5,-0.005832377311263412,3
140130,1,5,0.5837295467572317,5
140133,1,4,-0.5999190110353251,1
140135,1,5,-0.08356278084768487,3
140137,0,2,-0.03786958686541649,NA
140145,1,4,0.7591160803273835,4
140147,1,4,-0.5270862935113589,2
140148,1,5,-0.30666990756966317,2
140150,1,5,-0.4701205503374466,2
140155,1,5,0.4245121936667833,4
140158,1,4,-0.5988921039616185,1
140160,1,5,-0.13434290722678446,3
140161,1,5,0.056877224730002986,3
140162,1,5,-0.717209349785054,1
140164,1,5,-0.556148329348452,2
140166,1,5,-0.8985917064237615,1
140172,1,5,-0.6611937186330854,2
140174,1,5,-0.17963048427155948,3
140177,0,2,-0.13796210311277515,NA
140179,1,5,-0.3689202714128743,2
140180,1,5,-0.13785835395123705,3
140181,1,3,-1.6378131697520288,1
140182,1,5,-0.08520648602373523,3
140184,1,5,-0.3808087365086181,2
140185,1,5,0.3340464105632251,4
140186,1,5,0.4178062524131743,4
140187,1,5,0.23957070718024515,4
140189,1,5,-0.6057064981764916,2
140191,1,5,-0.8265953917825122,1
140197,0,1,-0.027577844037359633,NA
140200,1,5,0.30129855924419874,4
140202,1,5,0.42728416020837606,4
140206,1,5,-0.970795225329285,1
140208,1,5,-0.1652657055602561,3
140209,1,5,-0.7209126071885901,1
140210,1,3,-0.20929678483838196,3
140211,1,5,0.6475349825204203,5
140213,1,5,0.3971882508897315,4
140217,1,5,-0.2932086556996869,2
140223,1,5,0.2335810339240582,4
140224,1,5,0.40260806895545087,4
140228,1,5,-0.1614845697164863,3
140231,1,5,0.17208733809159354,4
140233,1,5,-0.5755726401022263,2
140239,1,5,-0.2866341781223404,2
140242,1,5,0.7066139400039619,5
140251,1,5,-0.7839268007701654,1
140252,1,5,0.18205181502141954,4
140258,1,5,0.2952332251954519,4
140275,1,5,-0.46017006633018626,2
140276,1,5,-0.22353403192672872,3
140280,1,5,-0.5149493179716418,2
140281,1,5,0.6580073337847038,5
140286,1,5,0.3215125809762419,4
140288,1,5,0.1419826346347952,4
140289,1,5,0.25442890297286275,4
140290,1,5,0.33186410097085106,4
140291,1,5,0.4519441877030254,4
140292,1,5,-0.44389495807672386,2
140294,0,3,0.0296335657684859,NA
140300,0,1,-0.3804135123509918,NA
140304,1,5,0.13041593773357768,4
140308,0,1,3.7805081992663347,NA
14034F,1,4,0.45503683349445645,4
141300,0,0,0.29640675701077823,NA
141301,0,2,0.47113083953880586,NA
141302,0,1,0.5652098255349681,NA
141303,0,0,0.8107577624176938,NA
141304,0,1,1.0901086213478894,NA
141305,0,3,0.44180793324241996,NA
141306,0,0,-0.24328826254794803,NA
141307,0,1,0.7706387537325519,NA
141308,0,1,1.3539215930200506,NA
141309,0,1,-0.15650374316810045,NA
141310,0,3,0.11808792307597944,NA
141311,1,3,-0.5583753139264268,3
141312,0,2,0.6334084007056968,NA
141313,0,1,0.7632257200268766,NA
141315,1,4,0.4897474449248247,4
141316,0,3,1.2368599800708144,NA
141317,1,4,0.5840392643219278,4
141318,0,2,0.06063675799418422,NA
141319,0,3,0.6337946107831455,NA
141320,1,4,-0.36798214010040764,2
141321,0,1,0.20576365413340061,NA
141322,1,4,-0.0541230291324701,2
141323,0,2,-0.18487305139013588,NA
141324,1,3,-1.0466400673501541,2
141325,1,3,0.49712604979905206,5
141326,1,3,-0.5832924470254844,3
141327,1,4,-0.8060226981612189,1
141328,1,3,-0.9436303236390369,2
141329,0,1,1.0567062651208605,NA
141330,0,2,-0.2802677624425307,NA
141331,0,2,0.4769368662420709,NA
141332,0,2,0.3629244281524383,NA
141333,0,0,0.35788550735432234,NA
141334,0,2,0.7613878538055757,NA
141335,0,1,0.7179581285279544,NA
141336,1,4,-0.20247426323004394,2
141337,0,3,0.3963120138240388,NA
141338,0,2,-0.5302548672512687,NA
141339,1,3,0.03354861189585466,4
141340,0,2,-0.5276715548850034,NA
141341,0,2,0.25941390467272163,NA
141342,0,2,-0.7189767149651074,NA
141343,1,4,1.1670513168373498,5
141344,0,0,-0.07433694238861521,NA
141345,1,3,0.26839246984679677,4
141346,0,2,0.07813170978548428,NA
141347,0,2,-0.6616015815435796,NA
141348,0,3,1.0344326185137118,NA
141349,0,2,-0.9574187148602735,NA
141350,1,4,0.3818436754174016,3
141351,1,4,0.43040636930960047,4
141352,0,1,-1.3711958707464496,NA
141353,0,0,0.13613906147693533,NA
150001,1,5,0.4822431885908542,5
150002,1,5,-0.7722061342829654,1
150005,1,5,0.7751989295961943,5
150006,1,5,-0.10969873963987398,3
150007,1,5,0.24995958995459627,4
150008,1,5,-0.17597960478247066,3
150009,1,5,-0.19228948895572673,3
150010,1,5,0.028357689537861108,3
150011,1,4,-0.12263365269167531,2
150012,1,5,-0.32597345039533476,2
150015,1,5,0.055519610369535885,3
150017,1,5,-0.31877165979152033,2
150018,1,5,0.2574533975163292,4
150021,1,5,-0.08813210439287975,3
150022,1,4,0.794397304501664,4
150023,1,5,0.0018644852377098925,3
150024,1,5,-0.07350039117389603,3
150026,1,5,-0.3878985742634333,2
150030,1,5,0.17757809913529418,4
150034,1,5,-0.016256869877136176,3
150035,1,5,-0.2856507839281406,2
150037,1,5,0.18024893413694887,4
15003F,1,5,0.6103579389552869,5
150042,1,5,-0.04365311551195658,3
150044,1,5,-0.12056459186537082,3
150045,1,4,0.4106163138830996,4
150046,1,5,-0.07792079987638725,3
150047,0,3,0.5366421006137094,NA
150048,1,5,-0.06520970436286348,3
15004F,1,4,1.702589547917793,5
150051,1,5,-0.019443429787436607,3
150056,1,5,-0.31139245755970757,2
150057,1,5,0.5588709815162514,5
150058,1,5,-0.24506949808108133,3
150059,1,5,-0.17704353351225957,3
150061,1,4,0.2681127438910556,3
150065,1,5,0.4661927569812914,5
150069,1,5,-0.4130455771312907,2
150072,1,4,0.5045897408016691,4
150074,1,5,0.03146942059720871,3
150075,1,4,0.3115687902729621,3
150076,1,4,0.27766681939452564,3
150082,1,5,-0.46926052626468984,2
150084,1,5,-0.2448016751340508,3
150086,1,5,0.47561679806781765,5
150088,1,5,-0.5029022102851785,2
150089,1,5,-0.20780216931207918,3
150090,1,5,-0.6433983327285118,2
150091,1,4,0.583889509308344,4
150097,1,4,0.2660121154939339,3
150100,1,5,0.05339715180258469,3
150101,0,3,0.8151725639880132,NA
150102,1,3,-0.22736817203882173,3
150104,1,4,0.2140078794963583,3
150109,1,5,-0.27442292754939573,3
150112,1,5,0.12435103414617016,4
150113,1,5,0.07843629663608132,4
150115,1,5,0.1149840113387615,4
150125,1,5,-0.17095706952423337,3
150126,1,5,-0.21264380735907065,3
150128,1,5,-0.2097198322315608,3
150133,1,5,-0.062285257577457946,3
150146,1,4,0.42276319057140344,4
150149,1,3,0.7876831297198971,5
150150,1,4,0.31199470155078873,3
150153,1,5,0.793127732665169,5
150157,1,5,0.006099917827667322,3
150158,1,5,0.15719319264299447,4
150160,0,3,1.9855915389562104,NA
150161,1,5,0.37837087565909755,4
150162,1,5,-0.07546829013409095,3
150165,1,5,-0.07913138737501085,3
150166,0,3,0.2345145047751892,NA
150167,0,2,0.3021618202696953,NA
150168,0,3,0.21762585963613346,NA
150169,1,5,0.07458726448834425,4
150172,0,2,-0.1881184512495153,NA
150173,1,5,0.20738854626177414,4
150177,0,2,0.27882527415949143,NA
150179,0,0,1.0171234002803404,NA
150181,0,3,0.6934815411722568,NA
150183,0,3,0.8079025154744861,NA
150193,0,2,0.8109934978485688,NA
151300,0,2,0.42205038794402727,NA
151301,0,1,-0.10067632551921263,NA
151303,0,2,1.2037621818473823,NA
151304,0,2,0.8257319565994138,NA
151305,0,1,0.6719640073298685,NA
151306,0,2,0.47150940953613274,NA
151307,1,3,-0.15634228156310767,3
151308,0,1,0.7497949111707874,NA
151309,0,1,-0.5011350323189216,NA
151310,1,4,0.5539281760908273,4
151311,0,2,0.0647375498322213,NA
151312,1,3,0.9301750776180051,5
151313,0,2,0.3623053375668754,NA
151314,0,1,-0.7483180533647233,NA
151315,1,4,0.24592509409782387,3
151316,0,2,0.46977306200646896,NA
151317,1,4,0.3683869903304223,3
151318,1,4,0.12687069581789992,3
151319,0,1,0.6675825883099624,NA
151320,0,2,1.0133481680957295,NA
151322,1,4,0.3692498722091825,3
151323,0,3,0.8123123542551862,NA
151324,0,2,0.13726240669887818,NA
151325,0,1,-0.22517661745752715,NA
151326,1,3,-0.26633002933962935,3
151327,0,2,0.4639478288364152,NA
151328,1,3,0.49807570544606683,5
151329,1,4,-0.565338603470967,1
151330,1,4,-0.14557297552343795,2
151331,1,4,0.38852026985314503,3
151332,1,4,0.319515640995927,3
151333,1,3,0.7012909752216834,5
151334,1,3,0.27685791329901555,4
160001,0,3,0.3452782950909482,NA
160013,1,4,0.25403669858933225,3
160016,1,5,-0.6744118574530975,1
160028,1,5,0.049092986383344556,3
160029,1,5,-0.11791156134534908,3
160030,1,5,0.3499363283621305,4
160032,0,3,0.4335024362385025,NA
160033,1,5,-0.6939261977805089,1
16003F,1,4,0.796233586396306,4
160040,0,3,0.6170639731084203,NA
160045,1,5,0.40203161073941707,4
160047,1,5,0.19631564912613894,4
16004F,1,5,0.8923993224320128,5
160057,1,5,-0.4268553145810281,2
160058,1,5,-0.18579422135482096,3
160064,1,5,-0.2621717009248821,3
160067,1,5,0.11750451161650555,4
160069,1,5,0.5602817306970277,5
160079,1,5,-0.20705462742402853,3
160080,1,5,0.10231717739726687,4
160082,1,5,-0.0530677049493983,3
160083,1,5,-0.2773338195713852,2
160089,1,4,-0.4006267906138323,2
160101,1,4,-0.13511108659082915,2
160104,1,5,-0.2052385323257778,3
160110,1,5,-0.11333179843885022,3
160112,1,5,0.45616530406528716,4
160117,1,5,0.4244483584889518,4
160124,1,5,-0.4324814173659166,2
160146,1,5,-0.7564544114524799,1
160147,1,4,0.4603571741187699,4
160153,1,5,-1.0589157141988386,1
161300,0,1,1.055071780399616,NA
161301,0,2,1.3289478650078792,NA
161302,0,3,1.1375680991467854,NA
161303,0,2,0.5993246991632848,NA
161304,0,1,-0.03614110597310604,NA
161305,0,1,0.4753394558006316,NA
161306,0,3,1.0674443382651047,NA
161307,0,2,1.082404647626683,NA
161308,0,2,-0.0891754668997376,NA
161309,0,2,0.46982108070299766,NA
161310,0,1,1.2188718764233877,NA
161311,0,2,0.3319760719895148,NA
161312,0,1,0.20741609117713408,NA
161313,0,2,0.80124687639008,NA
161314,0,1,0.3241764706328121,NA
161315,0,0,-0.05496237483535601,NA
161316,0,2,1.0833444224362916,NA
161317,0,3,0.26946048550424123,NA
161318,0,2,-1.8060151951983907,NA
161319,0,1,0.2892788326139942,NA
161320,0,2,0.8042143809122031,NA
161321,0,0,0.9253039495792876,NA
161322,0,1,1.362292245549749,NA
161323,0,1,-1.7382535473709193,NA
161324,0,1,0.6233794685319465,NA
161325,0,2,0.21877789041641277,NA
161326,0,2,-0.9094793174179043,NA
161327,0,1,1.0510196405334034,NA
161328,0,2,0.8086008833631093,NA
161329,0,1,0.2043970674780783,NA
161330,0,1,1.1019619329622117,NA
161331,0,1,0.5995303302792796,NA
161332,0,1,1.0086449419947308,NA
161333,0,1,0.6548600786246881,NA
161334,0,2,-0.33789550385041756,NA
161335,0,2,0.7212996571735395,NA
161336,0,1,0.1239639905660954,NA
161337,0,1,0.9414420291486729,NA
161338,0,1,-0.9954064194255388,NA
161339,0,3,0.4741155254925157,NA
161340,0,1,-0.6796069249142602,NA
161341,0,1,-0.48224495856650845,NA
161342,0,1,-2.225636340793346,NA
161343,0,3,0.7765681171037053,NA
161344,0,2,0.4449527965557911,NA
161345,0,1,0.25868401414617426,NA
161346,0,3,0.6040976745486006,NA
161347,1,3,-0.5022818445572653,3
161348,0,2,1.0323708376165297,NA
161349,0,3,0.5374438750866858,NA
161350,0,2,-1.2696143726156452,NA
161351,0,2,0.0697330640833079,NA
161352,1,3,0.21384842307329452,4
161353,1,4,-0.34428359186335267,2
161354,0,2,-0.04561419753884957,NA
161355,0,1,-0.06802830727639905,NA
161356,0,1,-0.29681124402429615,NA
161357,0,2,0.15528056919540922,NA
161358,0,1,-0.11017796740028793,NA
161359,0,2,-1.4007445838489374,NA
161360,0,3,0.5443180193367712,NA
161361,0,2,0.4205389097061337,NA
161362,0,3,-0.40172703483104727,NA
161363,1,3,-0.35706835854963076,3
161364,0,3,-0.5242560025889709,NA
161365,1,4,0.560042401541061,4
161366,0,2,0.29656178159110186,NA
161367,1,4,0.5725192974620362,4
161368,0,3,0.6629260915376145,NA
161369,1,4,-0.19653645240448578,2
161370,0,2,-0.2678994098414053,NA
161371,1,4,-0.4920550929849903,2
161372,0,1,0.5090552477264905,NA
161373,0,1,0.2967935027701509,NA
161374,1,4,0.7037516498000987,4
161375,1,4,0.02797268571948415,3
161376,1,5,0.3015842013488358,4
161377,0,2,0.19959212284213662,NA
161378,0,1,-0.06607592423180833,NA
161379,1,4,-0.04698569064307319,2
161380,0,2,1.199733764369303,NA
161381,0,1,-0.5397672210851366,NA
170006,1,5,0.1056238807571857,4
170009,0,3,0.07852649919854893,NA
170012,1,5,-0.08622157088855031,3
170013,1,5,0.12348368353723926,4
170014,1,4,-0.40513395566672483,2
170016,1,5,-0.30277127666276593,2
170017,1,3,-0.8049612403587147,2
170020,1,5,-0.2523412818317019,3
170023,1,5,-0.46439513148924644,2
170027,1,5,1.2180070509204175,5
170040,1,5,0.5393516862191167,5
170049,1,5,0.388271178625265,4
17005F,1,4,1.159815249968826,5
170068,1,5,-0.9654904487723611,1
170074,0,3,0.14434786454516127,NA
170086,1,5,0.2775766489765909,4
17008F,1,5,1.3741621177308223,5
170103,1,5,0.19969776318261756,4
170104,1,5,-0.01927717181389095,3
170105,1,5,0.6195036593807808,5
170109,0,3,0.5795234570976846,NA
170110,0,1,0.5943724765623682,NA
170120,1,5,-0.3909021868970384,2
170122,1,5,-0.09750394168008919,3
170123,1,5,0.43049423810254384,4
170137,1,5,0.6167173715524394,5
170142,1,5,0.43635251014932297,4
170146,1,5,0.053089897828834595,3
170175,1,4,-0.34408073402577477,2
170176,1,5,-0.10486398602107014,3
170182,1,5,0.12770441884212977,4
170183,0,2,1.9193911422050234,NA
170185,1,5,0.5275385985947585,5
170186,1,5,0.876581697623108,5
170187,0,3,1.1593964027144867,NA
170188,0,3,2.1670149584873784,NA
170190,0,3,1.1236553039407107,NA
170191,1,5,0.22090282370895103,4
170194,0,1,-1.1324253322443987,NA
170196,0,3,-0.25928768482073267,NA
170197,1,5,-0.45882815592775694,2
170198,0,2,0.9531867766328977,NA
170199,0,0,-0.1183608072743325,NA
170200,1,5,0.3470439672593115,4
170203,0,3,0.8301052373214395,NA
170204,0,3,0.1063057531154317,NA
171300,0,1,1.2294586451585134,NA
171301,0,1,0.09720399873764413,NA
171303,0,1,2.4623220647843147,NA
171304,0,1,0.08209919461139026,NA
171306,0,1,-0.2957612654856643,NA
171307,0,1,-0.540696192274602,NA
171308,0,1,1.3657848222539795,NA
171309,0,0,0.4172245802616555,NA
171310,0,1,0.1609082383447609,NA
171311,0,2,0.18391290034579744,NA
171312,0,0,-0.9277929518677756,NA
171313,0,1,-0.5106294678761044,NA
171314,0,0,0.4808110962993461,NA
171315,0,2,0.08927308600897971,NA
171316,0,1,0.9146913353708457,NA
171317,0,1,1.1990796277994984,NA
171318,0,1,1.3859181268821203,NA
171319,0,1,0.35952266347653494,NA
171321,0,1,0.2713350886690692,NA
171322,0,1,0.8185613134503329,NA
171323,0,1,0.5951698884647841,NA
171324,0,1,0.6851782498540528,NA
171325,0,2,-1.4378467676059223,NA
171326,0,1,0.04228398662753376,NA
171327,1,3,0.07740170955516493,4
171328,0,1,0.9277498267999607,NA
171329,0,1,-0.14666393309086018,NA
171330,0,2,0.8232926672651063,NA
171331,0,2,0.43781391387633495,NA
171332,0,1,0.05936162055111022,NA
171333,0,3,-0.510924655227824,NA
171334,0,1,0.2520570805275806,NA
171335,0,2,0.6168165576679762,NA
171336,0,1,-1.7805412857265397,NA
171337,0,1,0.26554595415584176,NA
171338,0,2,0.6041848722984103,NA
171339,0,1,-2.403573355723847,NA
171340,0,0,-0.24340970140173948,NA
171341,1,3,-0.15115504918427117,3
171343,0,1,0.10751742097192618,NA
171344,0,2,-0.861923298179752,NA
171345,0,1,0.6147431080280997,NA
171346,0,2,0.829120285001181,NA
171347,0,1,0.453106826819239,NA
171348,0,1,0.4071783819464604,NA
171349,0,2,-1.2631424379914948,NA
171350,0,2,-0.7085613937682985,NA
171351,0,0,-0.6037103190483752,NA
171352,0,1,0.6288479154205853,NA
171353,0,2,0.017444178882319028,NA
171354,0,1,-0.25061954858749486,NA
171355,0,2,0.10459578786979096,NA
171356,0,1,0.06769439857926679,NA
171357,0,1,0.0002147285584249703,NA
171358,0,2,0.09802343736061676,NA
171359,0,1,-0.20811629499900008,NA
171360,0,1,-0.20279276921234782,NA
171361,0,3,0.07214787461155428,NA
171362,1,4,0.029437449986223968,3
171363,1,4,0.578631452653205,4
171364,0,2,-0.06092021508912182,NA
171365,0,1,0.613925478702539,NA
171367,0,2,0.0995355319328429,NA
171368,0,1,-0.15584028315417714,NA
171369,0,2,0.21253570105236858,NA
171370,1,3,0.29124321034984324,4
171371,1,4,0.5411543211207784,4
171372,1,3,0.4145834316496297,4
171373,0,2,0.4403503573447794,NA
171374,0,2,0.5590911249118663,NA
171375,0,3,-0.26888867032490127,NA
171376,0,2,-0.32907001916782763,NA
171377,0,3,-0.15396491477350016,NA
171378,0,1,-0.17424107790527535,NA
171379,0,2,0.003929325987787988,NA
171380,1,4,-0.22300931653115005,2
171381,0,2,-1.0588469082930516,NA
171382,0,3,0.4917994554553501,NA
171383,1,4,-0.21988050276360788,2
171384,1,4,-0.25496286666686474,2
171385,0,2,0.6901702679396644,NA
180001,1,5,0.07071658345614427,3
180002,1,5,-0.03501390701618014,3
180004,1,5,0.4241222954870302,4
180005,1,5,-0.3283936105985003,2
180009,1,5,0.0060420573641116575,3
180010,1,5,-0.41921099104804543,2
180011,1,5,0.053512900834376154,3
180012,1,5,-0.34046435948006004,2
180013,1,5,-0.30990743327147396,2
180016,0,3,-0.0773917093322025,NA
180017,1,5,-0.008279757300685028,3
180018,1,5,0.07426036966580368,4
180019,1,4,0.6208998449950481,4
180020,1,4,-0.19859398234919706,2
180024,0,3,0.40098653211851115,NA
180025,0,3,-0.4754708426372057,NA
180027,1,5,-0.5710459705724205,2
180029,1,5,-0.4138492491612658,2
180035,1,5,0.44550862715486017,4
180038,1,5,-0.3155140968570073,2
180040,1,5,-0.6183686985925633,2
180043,0,3,-0.3450158544269205,NA
180044,1,5,-1.2874622471662722,1
180045,1,5,0.08689526940887313,4
180046,1,3,0.21062623561260757,4
180048,1,5,-0.45319055235089506,2
180049,1,4,0.19894865809887458,3
180050,1,5,-0.4225511712122123,2
180051,1,5,-0.8159364423451955,1
180056,1,5,-0.3063324094419942,2
180064,0,3,-0.21392925309107502,NA
180066,0,2,-0.390464519324792,NA
180067,1,5,0.27066897840700666,4
180069,1,5,-0.23910148034248951,3
18006F,1,5,0.7654434787644966,5
180070,1,4,0.11770024858822192,3
180078,1,4,-0.1726290023767741,2
180079,1,4,0.10346328900925447,3
18007F,1,5,0.39790473924582664,4
180080,1,5,0.2867392506623125,4
180087,1,5,-0.28263053524472603,2
180088,1,5,-0.49113501818908856,2
180092,1,5,0.36803105736953806,4
180093,1,5,0.04876606030983769,3
180101,1,4,0.0718611362571686,3
180102,1,5,-0.4412123067237034,2
180103,1,5,0.14116582122579657,4
180104,1,5,0.5481928654791927,5
180105,1,4,-0.9780581440104664,1
180115,1,4,-0.45893837329422726,2
180116,1,5,-0.4461092985315007,2
180124,1,5,-0.6416937405047198,2
180127,1,5,-0.5134669030267076,2
180128,1,4,-0.04769152328964144,2
180130,1,5,-0.05614390476032401,3
180132,1,5,-0.9001635434197864,1
180138,1,5,0.2692192329462878,4
180139,1,4,-1.1555087738398035,1
180141,1,5,-0.775237593920936,1
180143,1,5,-0.2640643131180875,3
180149,0,1,-0.07503712324371369,NA
180154,0,2,-0.34123263293643097,NA
181301,1,3,0.19794497293044833,4
181302,0,2,0.44103505372133933,NA
181304,0,1,0.1600449123119339,NA
181305,0,1,-1.2407834830897524,NA
181306,0,2,-0.8252373326523891,NA
181307,0,1,0.32522036211989086,NA
181308,0,1,-0.3178586927621371,NA
181309,1,3,-1.0927748070511671,2
181310,0,1,-0.6137419588030208,NA
181311,0,1,-0.7865383042644135,NA
181314,0,1,-0.6240936925690541,NA
181315,0,2,0.9034414933460445,NA
181316,0,1,-0.23776180632225716,NA
181317,0,1,-1.6304415113645427,NA
181318,0,2,-0.11607346681123959,NA
181319,1,3,-0.9741646030097585,2
181320,0,2,0.3859115258846799,NA
181321,0,2,-0.9375120680342994,NA
181322,0,1,-1.257813501388852,NA
181323,0,2,-1.1123124561591409,NA
181324,0,2,-1.5715902457298732,NA
181325,0,1,-1.1100066257788432,NA
181327,0,2,-0.08094113777422816,NA
181328,0,2,-0.5367776132468468,NA
181329,0,2,0.7726586503042474,NA
181330,0,1,-0.1603656739909904,NA
181331,0,1,0.039937549458758353,NA
181332,0,3,-0.42330662256841756,NA
190002,1,5,0.06641422519688006,3
190004,1,5,-0.1815527635596027,3
190005,1,5,-0.48259341605052614,2
190006,1,4,-0.6946827918263395,1
190007,1,5,-0.009984913000265293,3
190008,1,5,0.29824660809498665,4
190011,1,5,-0.04561539723587363,3
190013,1,5,0.1838448249964003,4
190014,1,4,-0.1732134279594854,2
190015,1,5,-0.46511354420428136,2
190017,1,5,-0.11952583810040542,3
190019,1,5,-0.4047557089414365,2
190020,1,5,0.20035318449579836,4
190025,0,2,0.23050894939441233,NA
190026,1,5,-0.2831931443434743,2
190027,1,5,0.07566316577336665,4
190034,0,3,-0.18854722723734796,NA
190036,1,5,0.0765284743702065,4
190039,1,5,0.05091372672467384,3
190040,1,5,-0.5267153931463214,2
190041,1,5,0.1289987277897297,4
190044,1,5,-0.21290514648266054,3
190045,1,5,0.37392899624959813,4
190046,1,5,-0.11515155272650117,3
190050,1,4,-0.12826722986819022,2
190053,1,4,-0.39732269007240434,2
190054,1,5,-0.08110056191486611,3
190060,1,5,0.0793124721668647,4
190064,1,5,0.017205048740012392,3
190065,1,5,-0.0012335262336800185,3
190079,0,1,0.7792213389701033,NA
190086,1,5,-0.22432196088068307,3
190088,0,2,-0.12206100497525159,NA
190090,0,2,-1.6309746635041444,NA
190098,1,5,-0.4118735619725209,2
190099,0,2,-1.418156603483442,NA
190102,1,5,-0.35368646563778716,2
190106,0,2,-0.5205325284354513,NA
190111,1,5,-0.10582296263250758,3
190114,0,3,-0.8608777627051373,NA
190116,0,2,-0.7764497103246871,NA
190118,0,2,-0.3048303254898343,NA
190125,1,5,-0.1771431750486481,3
190128,1,4,0.21272714023399988,3
190133,0,1,-1.1592018367150911,NA
190140,0,3,-0.23568463522832894,NA
190144,1,5,-0.2488145591178095,3
190145,0,2,-0.7932582230745229,NA
190151,0,2,-0.17044021408048876,NA
190160,1,5,-0.39876885098213577,2
190164,1,4,0.321936371444391,3
190167,1,4,0.18118800656707032,3
190176,1,5,-0.3524039007758025,2
190183,1,4,0.042079197324302015,3
190184,1,4,0.10454764149655835,3
190190,0,1,-0.22247827165573542,NA
190201,0,3,0.11106691300787282,NA
190202,1,5,-0.1475517420452464,3
190208,0,1,-2.2978989539233527,NA
190218,0,1,-1.1314298323946577,NA
190241,0,1,-0.15716371805454554,NA
190245,0,2,-0.8367536449787478,NA
190251,0,2,0.021319845745290555,NA
190255,0,1,-0.32347485705604917,NA
190256,0,2,-1.6847768052439311,NA
190259,0,3,0.2580905507490191,NA
190266,0,2,1.592480054510974,NA
190267,0,3,0.6866926631010932,NA
190270,0,2,0.5142191378227604,NA
190274,1,5,0.08800304000686547,4
190278,0,3,0.31121290851379757,NA
190298,0,3,-0.029929701397475694,NA
190303,0,3,0.3321815930978946,NA
190308,0,3,0.507124889586574,NA
190312,0,3,0.7135029869648635,NA
190313,0,2,0.33791730212743953,NA
190316,0,2,0.31048231579789687,NA
190317,1,4,-0.019438978464680012,3
190318,1,4,-0.1475349287520477,2
19043F,0,0,0.014005982381380788,NA
19047F,1,5,0.11074447834772697,4
19048F,1,5,-0.4724820276396726,2
191300,0,1,-0.3063023768881715,NA
191301,0,1,-1.1550384021495725,NA
191302,0,2,-0.6125540138234515,NA
191304,0,2,-0.37879185712697927,NA
191305,0,1,-0.15411737250934227,NA
191306,0,1,1.1459315394388336,NA
191307,0,1,1.9737587835209505,NA
191309,0,0,-0.464449250098864,NA
191310,0,1,-0.43452674944311664,NA
191311,0,1,-1.1592957732831872,NA
191312,1,3,0.23393346538356163,4
191313,0,2,-1.378382687366986,NA
191315,0,2,-0.822019053975704,NA
191316,0,1,0.6242327651443983,NA
191317,0,2,-0.06587782624802521,NA
191318,0,2,-0.18931869527855838,NA
191320,0,0,0.1403763941211591,NA
191321,0,1,-1.250532005416421,NA
191322,0,2,-0.1768989015282953,NA
191323,0,2,-0.6397647505343409,NA
191324,0,3,1.204363744965926,NA
191325,0,1,1.244393113065256,NA
191326,0,0,2.0956883143937444,NA
200001,1,5,0.04955363021877156,3
200008,1,5,0.0353917333777532,3
200009,1,5,0.30206922647966616,4
200018,1,4,-0.12370771125493941,2
200019,1,5,-0.3308066750890649,2
200020,1,4,0.35896619211312464,3
200021,1,5,-0.3625954528974564,2
200024,1,5,0.09371800310935671,4
200031,1,5,-0.522319736263221,2
200033,1,5,0.36827941617730764,4
200034,1,4,0.013606617622197253,3
200039,1,5,0.2794495232554775,4
20003F,1,4,0.5730966664674035,4
200041,0,3,0.05771897604548461,NA
200050,1,4,-0.27054918500791963,2
200052,1,4,0.24857328091265204,3
200063,1,4,-0.14528036593034233,2
201300,0,2,0.42126636171030213,NA
201301,0,1,1.1217354682375977,NA
201302,1,4,0.6369392081540379,4
201303,0,1,0.3913383785286829,NA
201304,0,2,-0.00574669008589368,NA
201305,0,1,-0.1795612917741656,NA
201306,0,1,0.5212871629645195,NA
201307,1,3,0.13674988183772513,4
201308,1,3,-1.16219694359357,2
201309,1,4,-0.1453357931320713,2
201310,0,3,0.5237203167338066,NA
201311,0,2,0.07448754277017926,NA
201312,1,4,-0.13637698105271628,2
201313,0,2,-0.2604962253354812,NA
201314,1,4,0.5970533958543945,4
201315,1,4,0.6792991272583457,4
210001,1,5,-0.42242866479451224,2
210002,1,5,-0.30621881961846553,2
210003,1,5,-0.25169920095198883,3
210004,1,5,-0.28397209437400106,2
210005,1,5,-0.10180616609401447,3
210008,1,5,0.4046085319571447,4
210009,1,5,0.12888371295250622,4
210011,1,5,-0.13147267898825055,3
210012,1,5,-0.4182946178703107,2
210015,1,5,-0.13964783885365506,3
210016,1,5,-0.48396508678027367,2
210017,1,5,0.33925314160541803,4
210018,1,5,-0.009879167154257112,3
210019,1,5,-0.07016313980795864,3
210022,1,5,-0.10575676972973728,3
210023,1,5,-0.1745435450483145,3
210024,1,5,0.6264286144495194,5
210027,1,5,0.14467237627475305,4
210028,1,5,0.09503513188531065,4
210029,1,5,-0.18931819437298092,3
210030,1,3,0.663197477637925,5
210032,1,5,-0.16923042014367126,3
210033,1,5,-0.2057456944854159,3
210034,1,5,0.13014672713971032,4
210035,1,5,0.19068705911112793,4
210037,1,5,-0.34827614705121546,2
210038,1,5,-0.17644186425095182,3
210039,1,5,0.5309569943700567,5
210040,1,5,-0.623284398767182,2
210043,1,5,0.22305549749993328,4
210044,1,5,0.1224940144226243,4
210048,1,5,-0.2528944858719715,3
210049,1,5,-0.6596971145047039,2
210051,1,5,-0.3554013970165439,2
210056,1,5,-0.07333661085265766,3
210057,1,5,-0.3658972659912901,2
210058,0,0,2.054111193772182,NA
210060,1,5,-0.5134818460519539,2
210061,1,5,0.03899362760507702,3
210062,1,5,-0.39802144377566323,2
210063,1,5,0.6436483426918324,5
210064,0,1,1.2638642959848347,NA
210065,1,5,-0.40596742354991483,2
21020F,1,5,0.03293493145670992,3
220001,1,5,-0.5647587525650455,2
220002,1,5,0.42751096897361496,4
220008,1,5,0.0663026957363824,3
220010,1,5,-0.047250348490702164,3
220011,1,5,0.3117950690883524,4
220012,1,5,-0.26427698599323735,3
220015,1,5,-0.008931197356833197,3
220016,1,5,0.37742074866487674,4
220017,1,4,-0.1372191793572681,2
220019,1,5,-0.5580601161713585,2
22001F,0,0,0.52804942296058,NA
220020,1,5,-0.10078498696794956,3
220024,1,5,-0.32109459200018686,2
220029,1,5,-0.18211676208672034,3
220030,1,5,0.5146752633305213,5
220031,1,5,-0.02761979724213215,3
220033,1,5,-0.0349632786670777,3
220035,1,5,0.2765984562822195,4
220036,1,5,-0.522298030337926,2
220046,1,5,0.23828477034647016,4
220049,1,5,-0.30319517811578794,2
220052,1,3,0.10728587560074249,4
220060,1,5,0.40894178869290465,4
220062,0,1,-1.5127373945244298,NA
220063,1,5,-0.4640598093218816,2
220065,1,4,-0.1262272756341244,2
220066,1,5,-0.43633058438801564,2
220070,1,5,-0.3124267021900329,2
220071,1,5,0.6061231824699315,5
220073,1,5,-0.6220095027145911,2
220074,1,5,0.09100372135398252,4
220075,0,2,0.3383580895104724,NA
220077,1,5,-0.8914085167588011,1
220080,1,5,-0.5670571754683427,2
220083,1,5,0.2011688712359007,4
220084,1,5,0.029649860812646534,3
220086,1,5,0.2309146210547781,4
220088,1,4,1.3418775384840667,5
220090,1,5,-0.10584386541283385,3
220095,1,5,-0.1697950240394911,3
220098,1,5,0.10975834575356619,4
22009F,0,0,0.6880003332381597,NA
220100,1,5,-0.03282945219879781,3
220101,1,5,0.4723650770137027,5
220105,1,5,-0.00451256586648336,3
220108,1,5,0.41298115777020483,4
22010F,1,5,0.44603075580005597,4
220110,1,5,0.6545858295912942,5
220111,1,5,-0.7105854467474354,1
220116,1,5,-0.030367705054046054,3
220119,1,5,0.8523248725106065,5
220126,0,0,-1.1180518237768213,NA
220135,1,5,0.26699430624017606,4
220163,1,5,0.03907347971633909,3
220171,1,5,0.4813402009965283,5
220175,1,5,-0.7516543763998108,1
220176,1,5,-0.3047861799689954,2
220177,0,2,0.5715093951698562,NA
221300,1,4,0.6709963253012603,4
221302,1,4,0.36922802757533346,3
221303,1,3,0.2230244681691914,4
230002,1,5,-0.47837006622714584,2
230003,0,3,0.6162086400862604,NA
230005,1,5,0.13192081180553333,4
230013,0,1,3.950999667013577,NA
230015,1,5,0.02425662249121948,3
230017,1,5,0.18285985827667567,4
230019,1,5,0.15004295028496434,4
230020,1,5,-0.9481151172699779,1
230021,1,5,0.1831141332031896,4
230022,1,5,-0.4216352010381843,2
230024,1,5,-1.20943094357854,1
230029,1,5,-0.4461502668137589,2
230030,1,5,0.0473741310695336,3
230031,1,5,0.09900817153094256,4
230035,1,4,0.46631956380204664,4
230036,1,5,0.6154034654451329,5
230037,1,4,-0.3501015165389866,2
230038,1,5,0.5387429545805773,5
230041,1,5,-0.6115292390109156,2
230046,1,5,0.39007958924344044,4
230047,1,5,-0.18544669757069718,3
230053,1,5,-0.26080944827169356,3
230054,1,5,-0.09829267620958497,3
230055,1,5,0.3187109744918855,4
230058,1,4,0.331570352633874,3
230059,1,5,0.24065794207228874,4
23005F,1,3,0.527477277051676,5
230066,1,5,-0.2916298165964116,2
230069,1,4,0.6664153983949466,4
230070,1,5,-0.4917723919907931,2
230071,0,1,-1.5140876936314565,NA
230072,1,5,0.7955366311983877,5
230075,1,5,0.1475747241067033,4
230077,1,5,-0.3258015370728493,2
230078,0,1,1.1872651822515972,NA
230080,1,5,0.07726072616413293,4
230081,1,5,0.1203408096629338,4
230085,0,2,1.1636047307787878,NA
230089,1,5,0.09321356452181373,4
230092,1,5,-0.012391355189152561,3
230093,1,4,0.21129281302969302,3
230095,1,4,0.5263585360525304,4
230097,1,5,0.23846280099022416,4
230099,1,5,-0.5418774875822282,2
230100,1,4,0.31091323855007846,3
230104,1,5,-1.0587071443781086,1
230105,1,5,0.20025758149747114,4
230108,0,3,0.7817420586932675,NA
230110,1,4,0.6971477663431296,4
230117,1,5,0.05396655814163275,3
23011F,1,5,1.0094915856090616,5
230121,1,5,0.09316749975489264,4
23012F,0,1,0.07176609961339467,NA
230130,1,5,-0.11572778735488763,3
230132,1,5,-0.6523720831532454,2
230133,1,5,0.13098649873297674,4
230141,1,5,-0.6985020323198095,1
230142,1,5,-0.8757604682304924,1
230144,0,1,0.3204392082404244,NA
230146,1,5,-0.2924978582809773,2
230151,1,5,-0.6080404205904353,2
230156,1,5,0.41876335991704916,4
230165,1,5,-0.5551869283886179,2
230167,1,5,-0.5731226902064344,2
230174,0,3,0.3372298949112822,NA
230176,1,5,-0.7246493148255166,1
230180,0,3,-0.0742128395841937,NA
230193,1,5,-0.6329742899678787,2
230195,1,5,-0.6266777625510495,2
230197,1,5,-0.4455755605332654,2
230207,1,5,-0.43445588285009507,2
230208,1,4,0.7209901372677386,4
230216,1,5,-0.5012776838956519,2
230217,1,5,0.13475808081196364,4
230222,1,5,0.1440296037897856,4
230227,1,5,-0.687775833594245,1
230230,1,5,-0.2568060880442621,3
230236,1,5,0.27467537295789557,4
230239,1,5,-0.6781623760044517,1
230241,1,4,0.346573712452642,3
230244,1,5,-0.33446470804588624,2
230254,1,5,-0.37589097514901015,2
230259,1,5,0.0213785798081067,3
230264,0,1,-0.548331780997872,NA
230269,1,5,-0.20984481006488181,3
230270,1,5,-0.8060145859208189,1
230273,1,5,-1.8424415016776627,1
230275,0,1,0.889677967081947,NA
230277,1,5,-0.38517478294242957,2
230279,0,0,2.0388450761713663,NA
230297,1,4,0.33867908392866175,3
230301,0,1,-0.7240596663761435,NA
230302,1,5,-0.04504857569467731,3
230303,1,4,0.6978767555942154,4
23037F,1,5,0.5092521592041502,5
231300,0,2,1.075289840145833,NA
231301,0,2,1.151151190831719,NA
231303,0,2,-0.3287586598267821,NA
231304,0,1,0.2621150847777344,NA
231305,0,3,0.8089520760394189,NA
231306,0,2,0.5607720596121077,NA
231307,0,1,-0.5812343848005604,NA
231308,0,1,0.8527718624100029,NA
231310,0,2,0.18867240356668843,NA
231311,0,1,-0.2522490101486715,NA
231312,0,1,-1.506202082418275,NA
231313,0,2,0.05317531000073489,NA
231314,0,1,-0.1884880287340644,NA
231315,0,1,0.4281912876720374,NA
231316,0,2,0.29783095661306336,NA
231318,0,2,-0.020564502625780426,NA
231319,0,2,-0.7610110757699694,NA
231320,0,3,0.9532464429709478,NA
231321,0,3,0.2832609776322656,NA
231322,0,3,0.2453847418747191,NA
231323,0,2,0.9527097987882739,NA
231324,0,2,-0.4845033509021016,NA
231325,0,3,0.15139085942323077,NA
231326,1,4,0.07269307182505427,3
231327,0,3,0.47069047090084143,NA
231328,0,2,-0.30473653148924884,NA
231329,0,1,-0.025124970806385788,NA
231330,0,1,-0.6994520557213072,NA
231331,1,4,0.5305967835351542,4
231332,1,4,0.7553391543511848,4
231333,0,3,-0.4690939019436187,NA
231337,1,4,0.2392809415745643,3
231338,1,4,0.6029988493672085,4
231339,1,4,-0.0016902481327364938,3
231340,0,1,-0.5813181395787385,NA
240001,1,5,-0.4854935798459362,2
240002,1,5,0.3757779004919878,4
240004,1,5,-0.25463762416071734,3
240006,1,4,0.881184875301497,4
240010,1,5,1.1098048581285624,5
240014,0,3,0.3196391905825808,NA
240018,1,4,0.45713593988598233,4
240019,1,4,0.449301258119807,4
240020,1,4,0.35399195809718814,3
240022,1,4,0.14606317639019445,3
24002F,0,1,0.45358817221505726,NA
240030,1,5,0.44220325186803233,4
240036,1,5,0.36494178256646187,4
240038,1,5,-0.06519438573964269,3
24003F,1,5,1.037843744654795,5
240040,0,3,0.2526496488596415,NA
240043,1,5,0.7939643912892688,5
240044,1,4,-0.5414553308107432,2
240047,1,5,0.010250088670380032,3
240050,1,4,0.05869027496567329,3
240052,1,5,0.6713972964415077,5
240053,1,5,-0.15595052381528043,3
240056,1,5,0.491559405264693,5
240057,1,5,0.17182446475492497,4
240064,1,4,0.44523746610124826,4
240066,1,5,0.37262658893087874,4
240069,1,4,0.10631966406649006,3
240071,0,3,0.5385132557433193,NA
240075,1,5,0.6223695113962157,5
240076,1,4,1.2182702716926779,5
240078,1,5,0.42804755574771436,4
240080,1,5,-0.19489936193877672,3
240084,1,4,0.2857212670269306,3
240088,1,4,-0.09936679380173666,2
240093,1,5,0.9317966135630433,5
240100,1,5,0.08937928579284757,4
240101,1,4,0.7876073209632628,4
240104,1,5,0.13574006773398983,4
240106,1,5,0.30433377027972475,4
240115,1,5,-0.03658344677341288,3
240141,0,3,0.549183760188934,NA
240166,1,4,0.6707180474084475,4
240187,0,3,1.0964718369641253,NA
240206,0,1,0.0018317968225597004,NA
240207,1,5,0.4156306813481585,4
240210,1,5,0.3242242339873986,4
240213,1,5,0.4604026778944208,5
240214,1,4,0.5329248135532729,4
241301,0,1,0.34489837159951975,NA
241302,0,1,0.07005199398935402,NA
241303,0,1,0.939405745118284,NA
241304,0,1,0.7715156150660393,NA
241305,0,2,0.7289520814005074,NA
241306,0,2,-0.4421791988479877,NA
241308,0,1,0.8179061840106303,NA
241309,0,1,0.3404975810090892,NA
241311,0,1,1.0048838016563844,NA
241312,0,1,0.5554982823296054,NA
241313,0,1,1.2027961498239967,NA
241314,0,1,0.30586113720507363,NA
241315,0,1,0.3690746586553755,NA
241316,0,1,0.6862111361423169,NA
241317,0,1,0.6347970271879314,NA
241318,0,1,0.9811527787774993,NA
241319,0,1,0.3890027424556491,NA
241320,0,2,0.5781230730462337,NA
241321,0,1,1.1123333266157582,NA
241322,0,1,1.1740088168594394,NA
241323,0,1,-0.3807153693715286,NA
241325,0,3,0.6919016365517054,NA
241326,0,2,-0.48761509840258044,NA
241327,0,2,0.24774791625362633,NA
241328,0,1,-0.42230902906132123,NA
241329,0,3,0.14593724475759307,NA
241330,0,2,0.8762188464694753,NA
241332,0,2,0.6443721521025858,NA
241333,0,1,-0.05616722053115991,NA
241334,0,3,0.9451470244547567,NA
241335,0,1,0.824501733015057,NA
241336,0,0,-0.10131798972449738,NA
241337,0,1,0.1753050389413885,NA
241338,0,1,0.9365860658489371,NA
241339,0,0,0.6907947797548892,NA
241340,0,1,0.8613902480896618,NA
241341,0,0,0.7186123668716483,NA
241342,0,2,-0.42463632660625256,NA
241343,0,1,0.6857549185699143,NA
241344,0,2,-0.2871524255565062,NA
241345,0,1,0.6402519256782888,NA
241346,0,1,0.34483432927360747,NA
241347,0,1,0.19002733453373552,NA
241348,0,1,0.5035833424015371,NA
241349,0,1,-0.49503672146879407,NA
241350,0,2,0.5601022019769777,NA
241351,0,2,0.715854139595707,NA
241353,0,3,0.664764462898172,NA
241354,0,3,0.1830694077360275,NA
241355,0,2,1.2213245843545755,NA
241356,0,1,0.5603543149450444,NA
241357,0,1,1.1084405741499288,NA
241358,0,1,1.6056740729972445,NA
241359,0,3,0.8187090296798832,NA
241360,0,1,-0.1298538858786859,NA
241361,0,3,0.08794086235371223,NA
241362,0,3,0.7003454423516932,NA
241363,0,3,0.44671871750155534,NA
241364,0,3,0.22038458375916176,NA
241365,0,1,-0.3728539933778391,NA
241366,0,2,0.8383070302028247,NA
241367,0,3,-0.25995306638364446,NA
241368,0,2,0.268426567557377,NA
241369,0,3,0.8499151235790624,NA
241370,0,3,0.9694922043267132,NA
241371,0,1,-0.8765208596794382,NA
241372,0,1,0.07624009847789437,NA
241373,0,3,0.5400219833648218,NA
241374,0,1,0.4298895972385171,NA
241375,0,1,0.9800782295937104,NA
241376,0,3,0.1861883320681544,NA
241377,0,2,0.2729890154210527,NA
241378,0,3,0.6890427598106024,NA
241379,0,1,-0.7513824991154082,NA
241380,0,3,0.06842445214678884,NA
241381,0,3,0.2192862582614719,NA
250001,1,5,-0.4748138608002113,2
250002,1,3,0.4763279306956141,5
250004,1,5,-0.38665436361578004,2
250006,1,4,-0.03681275539437586,3
250007,1,5,-0.9274538796339741,1
250009,1,5,-0.02167468431657718,3
250017,0,0,-4.073755304835041,NA
250018,0,0,-2.5832813945307005,NA
250019,1,5,-0.12696676586955757,3
250020,1,3,-0.2568035048146455,3
250025,1,5,0.3829872694015712,4
250027,0,2,-0.3725224555794834,NA
250031,1,5,-0.6290142531042966,2
250034,1,5,-0.03802696164156502,3
250036,0,3,-0.6633565013311429,NA
250038,1,4,0.3578122729221056,3
250040,1,5,-0.4404136725292471,2
250042,0,3,0.3428739871530233,NA
250043,1,3,0.118262127862645,4
250044,1,4,0.8684945790300825,4
250048,1,5,-0.7258849200423688,1
250049,0,0,-1.3497016828545,NA
250050,1,4,-0.26732459604412,2
250057,1,5,-0.1397188516896066,3
250058,1,5,-0.7718170106113529,1
250061,1,3,0.38957863638115064,4
250067,0,2,0.3126860769408598,NA
250069,1,5,-0.12171050015799088,3
250072,1,5,-0.7017895350587883,1
250077,1,4,-0.18025904939265222,2
250078,1,5,-0.44884111575641705,2
250081,0,0,1.0426162722507348,NA
250082,1,5,-0.9581276152127782,1
250084,1,5,-0.6422823625657624,2
250085,0,2,-0.3447640847265766,NA
250093,1,5,-0.8218984830218704,1
250094,1,5,-0.5027063751998577,2
250095,0,2,0.04455821639606247,NA
250096,1,4,-0.8633743496050486,1
250097,1,5,-0.8564659906187485,1
250099,1,4,-1.1767688861433427,1
250100,1,5,-0.08792404560438195,3
250102,1,5,-0.49470240255719666,2
250104,1,5,-0.49452267131918115,2
250117,1,4,-0.9201727888297365,1
250123,1,5,-0.5308070896125862,2
250124,1,3,-0.8421548111509557,2
250127,0,1,0.9467488349026243,NA
250134,0,0,-1.0143994879648766,NA
250136,0,2,0.4468030153776431,NA
250138,1,5,-0.7174808734819913,1
250141,1,5,-0.5971816176640532,2
250151,0,0,0.08470078851183238,NA
250162,0,2,0.3604309628341818,NA
250167,1,5,0.578657568255051,5
250168,1,4,-0.22961860691727862,2
250172,0,1,-0.0761532384482991,NA
25042F,1,4,1.0718124854363675,5
25043F,1,5,0.4509882632496537,4
251300,0,1,-0.31368707075728663,NA
251302,0,1,0.9118352360930341,NA
251304,0,1,-0.9584382887033246,NA
251305,0,0,0.7032986305614088,NA
251308,0,1,-1.02854971080745,NA
251309,0,0,-0.1356481412514955,NA
251312,0,1,-0.19585234034859683,NA
251313,0,2,-1.2247426301838256,NA
251315,1,3,0.19698313783684446,4
251316,0,1,0.8204282502844837,NA
251317,0,1,-0.423347426586675,NA
251318,0,2,-2.1293147692698557,NA
251319,0,1,-0.5608203516177777,NA
251320,0,2,1.1655920411693508,NA
251322,0,1,0.04151830518365681,NA
251323,0,1,0.9298646124041368,NA
251324,0,1,-0.8740593724003255,NA
251325,0,1,-0.47922649173049986,NA
251326,0,1,0.03300054449731175,NA
251327,0,2,-0.3213779995431378,NA
251330,0,1,-0.9489530413100592,NA
251331,0,1,0.23408472217981077,NA
251333,0,1,-1.6264568657167664,NA
251334,0,0,-1.1429705692737508,NA
251335,0,1,-0.09242859177868212,NA
251336,0,2,0.07193770534058302,NA
251337,1,3,0.5164314483587266,5
251338,0,0,0.1605023270641457,NA
260001,1,5,-0.9924495880691495,1
260005,1,5,-0.277322808257586,2
260006,1,5,0.18681294173526014,4
260009,1,5,-0.1503063874749026,3
260011,1,5,0.03960234638460147,3
260017,1,5,-0.4800245191928478,2
260020,1,5,-0.2582704163942565,3
260022,1,5,-0.16909857059253114,3
260023,1,5,-0.18200773834136533,3
260024,1,4,-0.1693308523610475,2
260025,1,5,-0.47798196834793516,2
260027,1,5,-0.4713474711601905,2
260032,1,5,0.11302831946510117,4
260034,0,2,0.2270769441836463,NA
260040,1,5,-0.1686145347713459,3
260048,1,5,-0.2734715426391837,3
26004F,1,5,0.7026497806666798,5
260050,0,3,0.42995481836172184,NA
260052,1,5,0.056088656955047125,3
260057,1,5,-0.24593693160470217,3
260059,0,3,0.6169087100166247,NA
260061,0,2,-0.014517307619376103,NA
260062,1,5,0.5185748682855879,5
260065,1,5,-0.28607474998442173,2
260068,1,5,0.4511863031654637,4
260070,0,2,-0.8860594517737431,NA
260074,1,5,-0.5439117523176114,2
260077,1,5,-0.16084335143293943,3
260078,1,5,-0.3271198090073288,2
26007F,0,2,1.3829449669006935,NA
260081,1,5,0.025326472005361898,3
260085,1,5,-0.13693701266811403,3
260091,1,5,-0.34916607678016576,2
260094,1,5,0.32126964076629366,4
260095,1,5,-0.029157855234332633,3
260096,1,5,0.15667359213388576,4
260097,1,5,-0.04027987261205236,3
26009F,1,5,0.5733844823300545,5
260102,1,4,-0.07581328496735769,2
260104,1,5,-0.269532265861739,3
260105,1,5,-0.8662072334366033,1
260108,1,5,0.4311155122919876,4
260110,1,5,-0.6402585349720166,2
260113,1,5,-0.28995346093568003,2
260119,1,5,-0.6399291673471532,2
260137,1,5,-0.5266899100244176,2
260138,1,5,0.2986875467738428,4
260141,1,5,-0.20470704938213208,3
260142,1,4,-0.01375151962755529,3
260160,1,3,-0.3581412195685262,3
260162,1,4,0.4565126673624874,4
260163,1,5,0.3484701461202685,4
260175,1,5,0.10613472901815955,4
260176,1,4,0.019685989058035286,3
260177,1,5,0.07938918929044345,4
260179,1,5,0.22327317334934665,4
260180,1,5,0.08441609472413547,4
260183,1,5,-0.3565279302544679,2
260186,1,5,0.13942725709007542,4
260190,1,5,-0.231401488927861,3
260191,1,5,0.2832680635099876,4
260193,1,5,0.07161986844919671,3
260195,1,5,0.12683922429615535,4
260200,1,5,-0.1218920537762785,3
260210,0,1,0.04680000602570873,NA
260214,1,5,-0.540940711044854,2
260216,1,5,0.3508258148912682,4
260219,1,5,0.05690315460554486,3
26023F,1,5,0.0871772981154044,4
261301,0,1,-1.6890963458633788,NA
261302,0,2,-1.5479903491034546,NA
261303,1,3,0.2513696522307591,4
261305,0,1,-0.07011255996638258,NA
261306,0,1,0.866693842404593,NA
261307,0,2,0.1386174410936838,NA
261308,0,1,0.18310413355754698,NA
261309,0,2,0.626975465825428,NA
261310,0,2,-0.5579306853851694,NA
261311,1,4,0.05823145784457134,3
261312,0,2,-0.06882963647059082,NA
261313,0,2,-0.9967758419205694,NA
261314,0,2,0.3913017756026799,NA
261316,0,3,-2.3784435892906135,NA
261317,0,2,0.12912873131922106,NA
261318,1,3,0.30753111501577074,4
261319,0,3,0.24198564676699444,NA
261320,0,3,0.49758039265548165,NA
261321,1,4,0.9394119545248716,5
261322,0,1,0.5054468690870553,NA
261323,0,1,-1.184500609076876,NA
261324,0,3,-0.8876365304178729,NA
261325,0,3,0.5046008538658846,NA
261327,0,1,0.060077837933922545,NA
261328,0,1,0.2638664954550753,NA
261329,0,3,-0.16354083830427618,NA
261330,0,3,0.1266089907091909,NA
261331,0,3,0.44537085034967755,NA
261332,0,2,0.7344813950784704,NA
261333,0,2,0.39659350671311516,NA
261335,0,1,-0.5708921014822319,NA
261336,0,1,0.3631066970272783,NA
261337,1,4,-0.37080412651372985,2
261338,0,3,-0.11175019139833067,NA
270003,1,5,0.12606032505286385,4
270004,1,5,0.25964141422535897,4
270012,1,5,-0.4201617058571092,2
270014,1,5,0.7095280710631618,5
270017,1,5,-0.3843674488880397,2
270023,1,5,0.13272049799759322,4
27003F,1,4,1.0546517925818206,5
270049,1,5,0.3721817904007415,4
270051,1,5,0.20446103160480952,4
270057,1,5,0.3721898431194014,4
270074,0,1,0.37761881698447974,NA
270086,1,5,0.032956089683332246,3
271300,0,0,-3.7475919219019747,NA
271301,0,1,1.1137963625252518,NA
271302,0,0,-1.857892996644006,NA
271303,0,0,-7.306731311984756,NA
271305,0,0,0.1461208362523191,NA
271306,0,1,0.8669962271311137,NA
271307,0,1,0.437354964421229,NA
271308,0,0,2.8296413000984635,NA
271309,0,0,0.4550948541664437,NA
271310,0,0,3.2578194557387707,NA
271311,0,0,2.98534244760403,NA
271312,0,0,0.4873807641361148,NA
271313,0,0,0.4089153295793212,NA
271314,0,1,0.19086500137989904,NA
271316,0,2,-0.19446478570111192,NA
271317,1,4,-0.6004353421913454,1
271318,0,2,-0.09320828601942469,NA
271319,0,1,1.1976648619413082,NA
271320,0,3,0.13563921434056453,NA
271321,0,0,0.40138987629999767,NA
271322,0,1,0.038753264698748874,NA
271323,0,1,-0.6513335171571281,NA
271324,0,1,-1.2541547671178082,NA
271325,0,1,-1.0699199718816672,NA
271326,0,1,-1.4267062176572711,NA
271327,0,0,0.47284056882225817,NA
271328,0,0,-1.05367298283706,NA
271329,0,1,-0.5114515347682673,NA
271330,0,1,-0.5386968999007141,NA
271331,0,1,0.11875540129958456,NA
271332,0,2,-0.566355520858014,NA
271333,0,1,0.29769606091811895,NA
271334,0,1,-0.8466270655003462,NA
271335,1,4,0.36252141515549197,3
271336,1,4,0.8944615189296666,4
271337,0,1,-0.19861097232300523,NA
271338,0,1,-2.1854891309582545,NA
271340,1,4,0.47540724117593,4
271341,0,0,-0.9422065469985252,NA
271342,0,1,-0.6323153460294318,NA
271343,0,1,1.3847716068250082,NA
271344,1,5,0.5746679151527748,5
271345,0,2,1.3263099906972748,NA
271346,0,1,0.5692196972138566,NA
271347,0,3,0.8826041928581033,NA
271348,0,1,0.6590056973797284,NA
271389,0,1,0.8265963978725291,NA
280003,1,5,-0.07090685787115185,3
280009,1,5,0.2717937099147879,4
280013,1,5,-0.12156015575463856,3
280020,1,5,-0.15019032814544736,3
280023,1,5,0.3716388965923057,4
280032,1,5,-0.12412674455039734,3
280040,1,5,0.16428619270846712,4
280060,1,5,0.023689205791911895,3
280061,1,5,-0.7312200122231247,1
280065,1,5,-0.22641449505437666,3
28006F,1,5,0.6547174356989532,5
280077,1,5,-0.1593924189541221,3
280081,1,5,-0.09681169302479291,3
280105,0,3,0.425766415990992,NA
280111,1,4,0.2925377387908351,3
280125,1,5,0.29900521120971285,4
280127,0,2,0.718454868232412,NA
280128,1,4,0.09966046717889482,3
280129,0,3,1.8362568097045509,NA
280130,1,5,0.5613531759780902,5
280131,0,3,1.0442208049487645,NA
280132,1,5,0.4964039239640933,5
280133,0,2,1.0605816549971137,NA
280134,1,5,0.08936896184999409,4
280139,1,5,-0.3027192138206383,2
281300,0,1,-0.17266037265192025,NA
281301,0,2,0.46122204377278536,NA
281302,0,1,0.7633461453173502,NA
281303,0,0,-2.1984453913528035,NA
281304,0,3,0.3900839604447551,NA
281305,0,1,-0.39154998676037855,NA
281306,0,1,0.3724959831959874,NA
281307,0,2,-0.7662386200676323,NA
281308,0,1,0.2316495041438693,NA
281309,0,2,0.1744311472702377,NA
281310,0,1,0.11119236270584326,NA
281311,0,1,0.6493497008058469,NA
281312,0,0,1.1366296065410872,NA
281313,0,1,0.2072919307155197,NA
281314,0,1,0.20612834547380673,NA
281315,0,2,0.05626959509436599,NA
281316,0,1,2.216881379809249,NA
281318,0,1,0.03216974477036427,NA
281319,0,2,-0.44467436413558564,NA
281320,0,2,-0.3629231413413185,NA
281322,1,4,-0.30852348832993104,2
281323,0,1,-0.14964327008081413,NA
281324,0,2,-0.4447838581239273,NA
281325,0,1,0.28219170524583775,NA
281326,0,2,0.4466573850549519,NA
281327,0,2,0.9809225202191887,NA
281328,0,2,0.9685479973745754,NA
281329,0,3,0.29238435803111096,NA
281331,0,1,0.11429629519561685,NA
281332,0,2,-0.13320638413655314,NA
281333,0,0,0.5946815599918461,NA
281334,1,4,0.20273299600019268,3
281335,0,2,0.27578144495213164,NA
281336,1,4,0.46991282404594464,4
281338,0,1,0.9866922185700171,NA
281339,0,2,-0.20885243048814198,NA
281340,0,1,0.20408001796105738,NA
281341,0,2,0.680386290984915,NA
281342,0,2,0.7665913729918015,NA
281343,0,2,0.9020975836515841,NA
281344,0,1,0.038988308491628765,NA
281345,0,2,-1.2532724614609336,NA
281346,0,1,0.9392718046201212,NA
281347,0,2,0.95047964343882,NA
281348,0,1,0.3116300605371881,NA
281349,0,2,-0.018136642477476816,NA
281350,0,2,0.3182592873847876,NA
281351,0,1,0.6380465543420043,NA
281352,1,4,0.8738314697947869,4
281353,0,2,-0.08733736894913582,NA
281354,0,1,0.1868439146714462,NA
281355,0,2,-0.11163741917497833,NA
281356,0,2,0.4053420434408792,NA
281357,0,2,0.06853877726305077,NA
281358,0,2,-0.2203175923479562,NA
281359,0,2,0.6859257408481848,NA
281360,0,2,-0.25507804790286037,NA
281361,0,2,-0.3497270859546187,NA
281362,0,3,0.6761510542037307,NA
281363,1,3,-0.2764613607868657,3
281364,1,4,0.09842482177728132,3
281365,0,2,0.5304566423311274,NA
290001,1,5,-0.23427052985400026,3
290003,1,5,-0.6514804209321815,2
290005,1,5,-0.033903816855635024,3
290007,1,5,-0.5380582631143652,2
290008,1,5,-0.5272179084749476,2
290009,1,5,0.030123759157519567,3
290012,0,1,0.3633930723148222,NA
290019,1,5,-0.10972108487508572,3
290021,1,5,-0.56610554274591,2
29002F,1,5,0.9368239684396057,5
290032,1,5,0.15564728169065925,4
290039,1,5,-0.03268448942814424,3
290041,1,5,-0.2092594158418094,3
290045,1,5,-0.34620568033073273,2
290046,1,5,-0.5737396560391087,2
290047,1,5,0.11808397787934005,4
290049,1,5,-0.37423576912855194,2
29004F,1,5,1.1973017416941711,5
290053,1,5,-0.26529758224600475,3
290054,1,5,-0.9019516438910162,1
290057,1,5,-0.4415349522964654,2
290058,0,1,-0.8248654613227379,NA
290061,1,4,-0.38650985713128594,2
291300,0,1,0.02565129443693126,NA
291301,0,1,0.2796434026117771,NA
291302,0,1,0.47873720036965806,NA
291303,0,1,0.7911027101677488,NA
291304,0,1,1.0864282335757456,NA
291306,1,4,0.4361016321970127,4
291307,1,4,-0.6071557120601118,1
291308,1,3,-0.19633363730233283,3
291309,0,1,0.34565046902298757,NA
291311,1,4,-0.22658239969678967,2
291312,0,1,-0.47974004455532204,NA
291313,1,4,-0.32096870569507713,2
291314,0,1,-0.3451489401604536,NA
300001,1,5,-0.11625377973301797,3
300003,1,5,0.09128114974840897,4
300005,1,5,-0.11825897497237593,3
300011,1,5,0.11997858727861664,4
300012,1,5,-0.5803814086771928,2
300014,1,4,-0.40396516607778227,2
300017,1,4,0.6229953328622565,4
300018,1,5,0.37394737044298365,4
300019,1,5,0.10325719567437405,4
300020,1,5,-0.2082080590014343,3
300023,1,5,0.6217220959085578,5
300029,1,5,-0.05625890086639801,3
300034,1,5,0.04323083998571139,3
301300,0,1,0.6399862760823423,NA
301301,0,3,0.3044199723864829,NA
301302,1,4,-0.4547712483350711,2
301303,0,2,-0.9480014442639441,NA
301304,0,3,-0.43739776806176317,NA
301305,0,3,1.0771958708996443,NA
301306,0,1,0.8827963111444398,NA
301307,1,4,-0.014142962261881095,3
301308,1,3,0.3619388182901599,4
301309,1,4,-0.1833182221429305,2
301310,1,3,0.3217048072449302,4
301311,1,4,0.1341194601747872,3
301312,1,4,0.11504312453863114,3
310001,1,5,0.597617528385562,5
310002,1,5,-0.6077708814194132,2
310003,1,5,-0.016154873871653347,3
310005,1,5,0.23350539489818778,4
310006,1,5,-0.21560391137385163,3
310008,1,5,0.30756324189451684,4
310009,1,5,-0.4053558535250954,2
310010,1,5,0.054689032431628364,3
310011,1,5,-0.25458806090483876,3
310012,1,5,0.07203095237803893,3
310014,1,5,-0.5609490642206009,2
310015,1,5,0.792475657082469,5
310016,1,5,-0.6449527336342463,2
310017,1,5,0.36765115045837404,4
310019,1,5,-0.1949447927309951,3
31001F,1,5,-0.26236683887367307,3
310022,1,5,0.04808721962688786,3
310024,1,5,-0.2620272828961139,3
310025,1,5,-0.32237884925815696,2
310027,1,5,-0.47448131769769586,2
310028,1,5,0.18439193549913177,4
310029,1,5,-0.371033260231518,2
310031,1,5,0.2721752401476467,4
310032,1,5,-0.48479392022816126,2
310034,1,5,0.1349604692369179,4
310038,1,5,-0.5501127481751614,2
310039,1,5,-0.054078712449749836,3
310040,1,5,-0.7459714565154613,1
310041,1,5,-0.8738031071999216,1
310044,1,5,-0.2661111152460242,3
310045,1,5,0.07746450338727079,4
310047,1,5,0.10744641965830602,4
310048,1,5,-0.10859765534066576,3
310050,1,5,-0.20905703935203318,3
310051,1,5,0.3340930617123282,4
310052,1,5,-0.11810998663256073,3
310054,1,5,-0.19653450850762072,3
310057,1,5,-0.09342726423507777,3
310058,0,2,-0.8497351151509692,NA
310060,1,5,0.6089796635336535,5
310061,1,5,-0.4379290728544615,2
310064,1,5,0.06168009157287342,3
310069,1,5,-0.04773199748927163,3
310070,1,5,0.19037479378462252,4
310073,1,5,0.02270434587715009,3
310074,1,5,-0.5599142239372491,2
310075,1,5,0.018853368764025547,3
310076,1,5,-0.25841402580528755,3
310083,1,5,-1.0323873705636362,1
310084,1,5,-0.4190918959132422,2
310086,1,5,-0.6213894851613485,2
310092,1,5,-0.6454089324526893,2
310096,1,5,0.22451525782410595,4
310108,1,5,-0.17587328695376916,3
310110,1,5,-0.010209680461054554,3
310111,1,5,-0.45185437962909086,2
310112,1,5,-0.04041877529558317,3
310113,1,5,0.13952483929871454,4
310115,1,5,0.05411263498056167,3
310118,1,5,-0.6759106728778597,1
310119,1,5,-1.1348847466745915,1
310130,1,5,0.2190535177973864,4
320001,1,5,-0.44485608732380677,2
320002,1,5,0.46148136464512246,5
320004,1,5,-0.11257715170943547,3
320005,1,5,-0.3215261526727398,2
320006,1,5,-0.33054363803330655,2
320009,1,5,-0.17370858962182673,3
320011,0,3,0.009169171282936192,NA
320017,1,4,-0.19874760460408392,2
320018,1,5,-0.7629497762656697,1
320021,1,5,-0.24405221053556997,3
320022,1,5,-0.652777972876907,2
320030,0,2,0.12631744440201262,NA
320033,0,3,0.20257247939452805,NA
320059,0,3,-0.39760356679615244,NA
32005F,1,5,0.06624814604809694,3
320060,0,1,0.6002931559438077,NA
320061,1,4,-0.0701243264418936,2
320062,0,1,1.435848549955122,NA
320063,1,5,-0.5691305014548255,2
320065,1,3,-0.08459970218941909,3
320074,0,3,0.1352837844485829,NA
320084,0,2,-0.3015314239632174,NA
320085,1,5,-0.8145724025430439,1
320086,0,3,-0.32602086155840576,NA
320090,1,4,0.26378332266211124,3
320091,1,5,0.020855138620162375,3
321300,0,1,0.1653291999699098,NA
321301,0,1,0.13664316914389052,NA
321302,0,1,-0.050816800568452544,NA
321304,0,0,-0.010834806668018115,NA
321305,0,3,0.4303955048290181,NA
321306,1,4,-0.34668834572598345,2
321307,0,1,-0.38516297356430346,NA
321308,0,2,-0.35171509551892177,NA
321309,0,2,-0.9865296798278562,NA
321310,1,4,0.14835163158111742,3
321311,1,4,-0.1338078728399859,2
321312,0,0,0.10487121875105061,NA
321313,0,0,0.4941240875149667,NA
330005,1,5,-0.27339306667801905,3
330006,1,4,-0.7974217930560075,1
330008,1,4,-0.44595183573509267,2
330009,1,5,-0.7244223762730153,1
330011,1,5,-0.4141166358107488,2
330013,1,5,-0.5692806918809104,2
330014,1,5,-0.8350738380695084,1
330019,1,4,-1.3438047406670104,1
330023,1,5,-0.1515214052160171,3
330024,1,5,0.03553931355303143,3
330027,1,5,-1.572858500896105,1
330028,1,5,-0.8740420414454673,1
330030,1,5,-0.5901468199365136,2
330033,0,3,-0.32592590172762115,NA
330043,1,5,0.03117936026251035,3
330044,1,5,-0.85588757621528,1
330045,1,5,0.5501950838305417,5
330046,1,5,-0.05657787158893002,3
330047,1,5,-0.5186025287853508,2
330049,1,5,0.3428656849288226,4
330055,1,5,0.10478048547307343,4
330056,1,5,-0.5133007491701415,2
330057,1,5,-0.15868733407380498,3
330058,1,5,-0.7872686705257279,1
330059,1,5,-0.2663711532571345,3
330065,1,5,-0.6734425742143251,1
330073,1,5,-0.266609957194506,3
330074,1,5,-0.5260785721575537,2
330078,1,5,-0.1589308432057473,3
330079,1,5,0.2027472702355182,4
330080,1,5,-0.8865050735898116,1
330085,1,5,-0.2156795445370021,3
330086,0,1,0.4301679350371995,NA
330090,1,5,-0.9832251701655946,1
330094,1,5,-0.6060951075843224,2
330096,1,4,0.5628367779964659,4
33009F,1,5,-0.2369888402317097,3
330100,0,1,0.8297515954393145,NA
330101,1,5,0.8419480485572468,5
330102,1,5,-0.38070578579021486,2
330103,1,5,-0.8077917408138406,1
330104,1,5,-0.4307451158969593,2
330106,1,5,0.23804229166166943,4
330107,1,5,-0.2017898268651988,3
330111,1,4,-0.34156568986353986,2
330115,1,5,-0.18575861965936907,3
330119,1,5,0.2933018127629598,4
33011F,0,0,1.1876947810707816,NA
330125,1,5,-0.8351174737230969,1
330126,1,5,-0.23522073100421872,3
330127,1,5,-1.1285251111243548,1
330128,1,5,-0.5015166954367517,2
33012F,1,5,0.42663571933157646,4
330135,1,4,-0.2055514786532968,2
330136,1,5,-0.368859390766591,2
330140,1,5,-0.5332335326252416,2
330141,1,5,-0.4332219176748792,2
330144,0,1,-0.2826467180232569,NA
330151,1,4,-0.24620763703996068,2
330153,1,5,-0.2081702207014776,3
330157,1,5,-0.1216634761604781,3
330158,1,5,-0.2902831584023524,2
33015F,1,3,0.7823460016384858,5
330160,1,5,-0.4930033120972772,2
330162,1,5,0.7957017901227686,5
330164,1,5,-0.7009490169213601,1
330166,0,1,0.5377209613803768,NA
330169,1,5,-0.30766439960897946,2
33016F,1,5,-0.20703343584036388,3
330175,1,5,0.03291434645302188,3
33017F,1,4,-0.3063998477861535,2
330180,1,5,-0.12214216039012535,3
330181,1,5,0.7225058859335585,5
330182,1,5,0.5388313337296544,5
330184,1,5,-0.7555743907931337,1
330185,1,5,0.5319123047730683,5
330188,1,5,-0.09497768090078193,3
330191,1,5,-0.44106289206477983,2
330193,1,5,-0.29514266723769805,2
330194,1,5,-0.6616421803799053,2
330195,1,5,0.012955048223738871,3
330196,1,5,-0.7295110937843287,1
330197,1,5,-0.44320189072381405,2
330198,1,5,-0.21837781478618074,3
330199,1,4,0.1743004658755285,3
33019F,1,5,0.09024039679207675,4
330202,1,5,-1.2220307081347235,1
330203,1,5,-0.3426467121747464,2
330204,1,5,-0.6498766970570925,2
330205,1,5,0.5190174815154528,5
330208,1,5,-0.6171116398894461,2
33020F,1,3,0.6183254610148616,5
330211,1,5,0.04859120314507221,3
330214,1,5,1.61789417103068,5
330215,1,5,-0.9850724907399515,1
330218,1,5,-0.22804224166487463,3
330219,1,5,-0.5495565461025075,2
330221,1,5,-0.6044994722211603,2
330222,1,5,-0.044539916865510724,3
330224,1,5,-0.3160327176462038,2
330226,1,5,-0.6818516189898581,1
330229,1,4,-0.3378870747317234,2
330231,1,5,-0.40851977450880295,2
330233,1,5,-1.5978748354404633,1
330234,1,5,-0.8531793704789796,1
330235,1,5,-0.4535357819238458,2
330238,1,5,-0.08501948740882145,3
330239,1,5,-0.06651654190908118,3
330240,1,5,-0.9661483256007756,1
330241,1,5,-0.44300096718077775,2
330245,1,5,-0.3685810169458334,2
330246,1,5,0.18300912819257115,4
33024F,1,5,-0.6657589434786959,2
330250,1,5,-0.47732871344543626,2
330259,1,5,0.008115779295276827,3
330261,1,5,-0.013672773457099413,3
330264,1,5,-0.25276134887738194,3
330265,0,3,-0.07636576573232226,NA
330267,1,5,0.317807168632467,4
330270,1,4,2.0640935776903957,5
330273,1,4,0.049377286174342505,3
330276,1,4,-0.3648883043680513,2
330277,1,5,-0.08975601696961488,3
330279,1,5,-0.4245603566851394,2
330285,1,5,-0.4170134554917642,2
330286,1,5,-0.5093280310578605,2
330304,1,5,0.7141252740271696,5
330307,1,5,0.0069966612872335784,3
330331,1,5,0.09885323144193962,4
330332,1,5,-0.19437293112226264,3
330350,1,5,-0.7643284457171207,1
330386,1,5,-0.7350578185498825,1
330393,1,5,0.1251476721485456,4
330394,1,5,-0.6195617709156002,2
330395,1,5,-2.4683436280536224,1
330396,1,4,-1.0977131210689368,1
330399,1,5,-1.0667175297310223,1
330401,1,5,0.28804009394472,4
330405,0,0,-0.9682472710084088,NA
330406,0,1,1.9352275834687418,NA
331301,0,1,0.9130889749284022,NA
331302,0,1,-0.8756417142981193,NA
331303,0,1,0.3045793825548927,NA
331304,0,0,0.20702590877774016,NA
331305,0,1,-0.08012879239352677,NA
331307,0,0,2.0451107258688914,NA
331309,0,1,-0.8754874906084504,NA
331310,0,2,-0.5435862314815183,NA
331311,0,3,0.12791394562633635,NA
331312,0,1,-0.0006316783228618172,NA
331313,0,1,-0.3557690404921627,NA
331314,0,1,-0.24486619750366004,NA
331315,0,1,0.028605222010085717,NA
331316,1,4,0.40058372987731306,3
331317,0,1,0.33064128524030234,NA
331319,0,1,-0.23659825305664156,NA
331320,1,4,0.04119403936246885,3
331321,1,4,-1.384669850046724,1
340001,1,5,0.06848560655766284,3
340002,1,5,0.18320021949731308,4
340003,1,5,0.4190958788480738,4
340004,1,5,-0.6244002678967475,2
340008,1,5,-0.09254618089604694,3
340010,1,5,-0.030623720627991697,3
340013,1,5,0.0032405658308561347,3
340014,1,5,0.14778909015417113,4
340015,1,5,-0.44104136312356035,2
340016,1,5,-0.12424878118170879,3
340017,1,5,0.7350953717828485,5
340020,1,5,-1.3450875156447195,1
340021,1,5,-0.38728940214892815,2
340023,1,5,0.3638654612217131,4
340024,1,5,-0.06263057632291026,3
340027,1,5,-0.13396022168804697,3
340028,1,5,-0.8829112601874677,1
340030,1,5,0.5391439457721909,5
340032,1,5,0.12120408951728555,4
340039,1,5,-0.12844907318841006,3
340040,1,5,-0.6456311266390622,2
340041,1,5,-0.8377257773315299,1
340042,1,5,-0.961006570105544,1
340047,1,5,-0.2035341786752944,3
340049,0,3,-0.22236676050134857,NA
340050,1,5,-0.5803188680181443,2
340051,1,5,0.26185677470687363,4
340053,1,5,0.250762825242824,4
340060,1,4,-0.11791787341031024,2
340061,1,5,0.47473784408230746,5
340064,1,5,0.05949200057759718,3
340068,1,5,-1.0729715287829207,1
340069,1,5,0.25454734034035975,4
340070,1,5,-0.38236647135980933,2
340071,1,5,-0.058244417536877806,3
340073,1,5,0.6870325379252242,5
340075,1,5,-0.3675948347502855,2
340084,0,1,-0.8489620194960511,NA
340085,1,5,-0.12147848539460557,3
340087,1,4,0.2873709643549825,3
340090,1,5,-0.007292258307301584,3
340091,1,5,0.08496165198068394,4
340096,1,5,-0.01681803634398887,3
340097,1,5,0.0004722798639368725,3
340098,1,5,-0.06963341408896029,3
340099,1,5,-0.4666859351948609,2
340107,1,5,-0.34376514754466736,2
340109,1,5,0.050557613371700255,3
340113,1,5,-0.09680121043043254,3
340114,1,5,0.5759885949056736,5
340115,1,5,0.3025127999862699,4
340116,1,5,-0.5391324796045651,2
340119,1,5,0.05847964268047888,3
340120,1,5,0.2108321608910689,4
340123,1,5,0.020736768813411813,3
340126,1,5,-0.6170346014697933,2
340127,1,4,-0.47418157219591994,2
340129,1,5,-0.39426059408947745,2
34012F,1,5,0.10391658942934529,4
340130,1,5,9.727695934987762e-06,3
340131,1,5,-0.0288466579537783,3
340132,1,5,-0.4889906272436833,2
34013F,1,4,0.23938397881607842,3
340141,1,5,-0.3329024668329917,2
340142,1,5,-0.7685722063807153,1
340143,1,5,0.011945216314949297,3
340145,1,5,0.08842677722351253,4
340147,1,5,-0.008992469341928794,3
340148,1,4,0.8410748993764885,4
340151,1,5,-0.5192858329609964,2
340155,1,5,0.3369106950165189,4
340156,0,1,0.6988835331118384,NA
340158,1,5,0.30786449930534676,4
340159,0,2,-0.6034158220450218,NA
340166,1,5,-0.2089075612351084,3
340168,0,0,-0.18528019876695026,NA
340171,1,5,0.33618286881765236,4
340173,1,5,0.7123266715322439,5
34017F,1,4,0.7059786143807639,4
340183,1,5,0.27268905193573567,4
340184,1,5,-0.18634481471555947,3
340187,1,4,0.9424904599511387,5
340188,1,5,0.16687651619801283,4
340190,1,4,0.6937033720357951,4
340195,0,1,0.4510866887419922,NA
34036F,1,5,1.2719874166313894,5
341303,0,1,0.6446854599390835,NA
341304,1,3,0.6541620116463102,5
341305,0,1,0.8576976749970789,NA
341307,0,1,0.33603516287312596,NA
341311,0,3,0.47522723053132754,NA
341314,0,1,-0.49736725485354394,NA
341315,0,2,-1.3423769189689736,NA
341316,0,1,-0.3485295331164801,NA
341317,0,0,-0.24340970140173948,NA
341318,1,4,-0.16987528049939188,2
341319,1,4,-0.7566587552248426,1
341320,0,1,-0.794109187333069,NA
341322,0,3,0.8545602280059658,NA
341323,0,2,0.8403937297663903,NA
341324,1,4,0.8363961204318798,4
341325,1,4,0.06399179149738365,3
341326,1,4,-0.048147574736865414,2
341327,0,3,0.18796180499759885,NA
341328,1,4,-1.1430111592620595,1
341329,1,4,0.27122847865390803,3
350002,1,5,-0.4386198266282189,2
350006,1,5,-0.07276769616700211,3
350011,1,5,0.43797716457824193,4
350015,1,5,0.45263159463747826,4
350019,1,5,0.04812155038546413,3
35002F,1,4,1.313028789377548,5
350063,0,1,-0.05507200191558581,NA
350070,1,5,0.16783426073317187,4
351300,0,1,-1.2374943582151083,NA
351301,0,1,0.5130332743565172,NA
351302,0,1,0.47900419263453287,NA
351303,0,1,-0.9818910766688508,NA
351304,0,1,0.870705723434597,NA
351305,0,1,-1.0525369696978013,NA
351306,0,1,1.0114005931088692,NA
351307,0,2,0.020850194053759763,NA
351308,0,1,0.13792744491748588,NA
351309,0,2,0.22009878581962156,NA
351310,0,1,0.21956355758072538,NA
351311,0,1,1.4099257769360227,NA
351312,0,1,0.41137204367512537,NA
351313,0,0,-0.8929340272034527,NA
351314,0,0,-0.963711685608464,NA
351315,0,2,-0.017310706432684536,NA
351316,0,1,-0.3181926939538974,NA
351318,0,1,-0.765464782370525,NA
351319,0,1,0.10366312790010124,NA
351320,0,1,0.4182138233093493,NA
351321,0,1,0.5371062879027487,NA
351322,0,1,-0.6747792066760567,NA
351323,0,2,0.17062180806705773,NA
351324,0,2,0.22907021049603435,NA
351325,0,1,0.5757837635204048,NA
351326,0,2,-0.4275396661808803,NA
351327,0,2,-1.4241011264384178,NA
351328,0,1,-0.4727157520132873,NA
351329,0,1,0.05944833377513903,NA
351330,1,3,0.2716363520755191,4
351331,0,1,0.30753938652953927,NA
351332,0,1,-0.6388777651250134,NA
351333,0,2,0.4310488875093728,NA
351334,0,3,0.12262380305489287,NA
351335,1,4,-0.004674956247240361,3
351336,0,3,-0.156220187374868,NA
351364,0,0,0.768706959167033,NA
360001,1,5,-0.31405145665526374,2
360002,1,4,0.34570504535890934,3
360003,1,5,-0.23765867776551627,3
360006,1,5,0.3503822549888526,4
360008,1,5,0.12065225628018193,4
360009,1,5,0.14085819221843224,4
360010,1,5,-0.17401281142419053,3
360011,1,5,0.19946492320662804,4
360012,1,5,0.18579451957291346,4
360013,1,4,-0.03835182339867477,3
360014,1,4,0.4166860653366625,4
360016,1,5,-0.052657536425187765,3
360017,1,5,-0.22575472470588115,3
36001F,1,5,0.5306252324439388,5
360020,1,5,-0.41284835437823414,2
360025,1,5,0.04992425253736653,3
360026,0,2,0.3167309145613089,NA
360027,1,5,0.018681418101857084,3
360029,1,5,0.20251998825263035,4
360032,1,4,0.36856056731168974,3
360035,1,5,-0.26360356983267713,3
360036,1,5,0.33425425751628457,4
360039,1,5,0.445484811642799,4
36003F,1,5,0.5263558469593415,5
360040,1,5,0.028528840379911997,3
360041,1,5,0.09284035661854753,4
360044,1,4,0.26702155340902095,3
360046,1,5,0.5002709886418806,5
360048,1,5,-0.09831283726591777,3
360051,1,5,-0.0721988642607582,3
360054,1,5,0.22282295004163005,4
360055,1,5,-0.6640520724789841,2
360056,1,5,-0.2606608002314719,3
360058,1,4,0.33154873211866304,3
360059,1,5,-0.1782042184022835,3
360064,1,5,-0.5554418773179903,2
360065,1,5,0.18795339265086797,4
360066,1,5,0.1041440957855449,4
360068,1,5,0.21407772250612997,4
360070,1,5,-0.45562849295099855,2
360071,1,4,0.6572502887965282,4
360072,1,5,-0.6318776915638389,2
360075,1,5,0.1290701657082604,4
360076,1,5,0.142933912016289,4
360077,1,5,0.6250293370646793,5
360078,1,5,-0.14255773111915376,3
360079,1,5,-0.08432145749072072,3
36007F,1,4,0.5840561124243684,4
360080,1,4,-0.12822132925795188,2
360082,1,5,0.0315327945589757,3
360084,1,5,0.01661399663873804,3
360085,1,5,-0.13335198640088042,3
360086,1,5,-0.008948400849353118,3
360087,1,4,0.13439184172035198,3
360089,1,4,0.4539564814518415,4
36008F,0,1,0.1418024624048999,NA
360091,1,5,0.6545454575788732,5
360092,1,5,0.6219227048094602,5
360095,1,5,-0.023216190569346568,3
360096,1,5,0.23599659608591533,4
360098,1,5,-0.23445645884347938,3
360107,1,4,0.40567537505258067,3
360109,0,3,0.4646533646422056,NA
360112,1,5,-0.25190284719504874,3
360118,1,5,-0.3122631731717537,2
360121,1,4,0.6761458352965084,4
360123,1,5,0.15273667507479147,4
360125,1,5,-0.08495469350534754,3
360131,1,4,0.5108752798034589,4
360132,1,5,-0.03228963022254354,3
360133,1,5,-0.2881534708394957,2
360134,1,5,0.04295408285654653,3
360137,1,5,-0.1847173032507538,3
360143,1,5,0.4924690483985637,5
360144,1,5,0.35112499714344336,4
360145,1,5,0.08233644096201478,4
360147,1,5,0.03781842631115149,3
360148,0,3,-0.31631416385923755,NA
360150,1,5,0.3340710589943366,4
360152,1,5,0.19915300692709742,4
360155,1,5,0.16640802638918656,4
360156,1,4,-0.03542686367676551,3
360159,1,5,-0.20782564878425203,3
360161,1,5,-0.2797566933819151,2
360163,1,5,0.5504680027129424,5
360170,1,5,-0.34244659716550685,2
360172,1,5,-0.468553806464847,2
360174,1,5,0.14391844294274556,4
360175,1,4,-0.18449921859277704,2
360179,1,5,-0.11515535336689939,3
360180,1,5,0.5775218208600784,5
360185,1,5,-0.2858358834074251,2
360189,0,3,0.2709391070590122,NA
360197,1,4,0.3724461250269815,3
360203,1,5,-0.2497415958443961,3
360210,1,5,0.3918215654106848,4
360211,1,5,-0.4236179058681031,2
360218,1,5,-0.30662396772429923,2
360230,1,5,0.4968403737509818,5
360234,1,5,0.18090900692870007,4
360236,1,5,0.3802774902516851,4
360239,1,5,0.033141673269628524,3
360245,0,0,1.1957790290228991,NA
360259,1,4,0.06620618478346273,3
360263,0,3,0.991483852619445,NA
360266,0,3,0.9775880064811729,NA
360270,1,4,0.34789463352578576,3
360276,1,5,-0.04724619828137261,3
360348,1,5,0.06313705748549822,3
360351,1,4,1.6688233840273128,5
360352,1,4,0.8956642745549265,4
360354,1,5,-0.10302717310961247,3
360355,0,2,0.5157954653740546,NA
360358,0,1,1.5523909726544192,NA
360359,1,5,-0.11699509921340884,3
360360,1,5,0.18307569527426729,4
360361,0,2,-0.4628959848881982,NA
360364,1,5,0.8965779971461156,5
360365,1,4,0.14038864291655745,3
360367,0,2,0.5906206417893705,NA
360368,1,4,0.8255375756369566,4
361300,0,2,0.3138095070803052,NA
361301,0,2,0.32635219488304457,NA
361302,0,1,-2.67690400942263,NA
361303,0,2,1.319168676856113,NA
361304,0,1,-0.2174906085267455,NA
361306,1,4,1.0612544363672065,5
361307,1,4,0.07949241413100311,3
361308,0,2,0.1378537665713441,NA
361309,1,3,-0.18850644128261934,3
361310,0,2,-0.32527213092206203,NA
361311,0,1,-0.7291006774933906,NA
361312,1,3,0.8551826710318092,5
361313,0,1,-1.0518953326308818,NA
361314,0,2,0.09510127708232535,NA
361315,0,2,0.6015646466182908,NA
361316,0,2,-0.9667981240965184,NA
361318,1,4,0.22544721868723389,3
361319,0,3,0.12340154910959367,NA
361320,1,3,0.7701770662757944,5
361321,0,2,-0.35650348607588533,NA
361322,0,1,-0.046360015062989146,NA
361323,0,3,-0.0459434864113305,NA
361324,0,2,0.23234315757054957,NA
361325,1,4,-0.2323206566451841,2
361326,1,3,-0.922351784144088,2
361327,0,1,0.9441389224171169,NA
361328,1,4,0.7045251189768287,4
361329,1,4,0.5074055573986305,4
361330,0,1,-0.33268202981277467,NA
361331,1,3,-0.1332789699479134,3
361332,1,4,0.2980377810886381,3
361333,1,4,0.3271877685306183,3
361334,0,2,0.5392869998408684,NA
370001,1,5,-0.17363890325935666,3
370002,1,4,-0.2462778131747057,2
370004,0,3,-0.6408894151694645,NA
370006,1,5,0.06790438852863034,3
370008,1,5,-0.1732345352735145,3
370013,1,5,0.35629174943830494,4
370014,1,5,-0.8961965010087887,1
370015,0,2,0.5188609356329215,NA
370016,1,5,0.15227806255468307,4
370018,1,5,-0.09687788368881642,3
370019,1,4,-0.45988463421626474,2
370020,1,5,0.2829004405236962,4
370022,1,5,0.18033739068393145,4
370023,1,5,0.19115783554703672,4
370025,1,5,0.27143905117640876,4
370026,1,5,0.09413476438073909,4
370028,1,5,-0.23589904736803963,3
370034,1,5,-0.11261047570535655,3
370037,1,5,-0.042485892547872425,3
370039,1,5,0.028159088276563937,3
370047,1,5,0.08139099368365416,4
370049,1,5,0.0965719851980703,4
370054,1,5,-0.1972193660303239,3
370056,1,5,-1.0863899964023,1
370057,0,2,-0.176890161760337,NA
370078,1,5,-0.5706612773711471,2
370083,0,2,-0.29470521129480365,NA
370089,1,5,-0.3402301387885217,2
370091,1,5,0.21397486567597085,4
370093,1,5,-0.6218163150245827,2
370094,1,5,-0.4865714689445355,2
370097,1,4,0.3275812109905961,3
370099,0,2,0.23388201059184077,NA
370100,1,3,-0.6993978267971785,2
370106,1,5,-0.22070661242987746,3
370112,0,2,0.8520056774146859,NA
370113,1,4,0.1833783481069874,3
370114,1,5,-0.4872155324443462,2
37012F,1,5,1.0872446943679042,5
370149,1,5,-0.10415518185495479,3
37014F,1,5,-0.32492895014604417,2
370153,0,2,-0.08144416214576172,NA
370158,0,2,0.34432542341781797,NA
370166,0,2,0.2944386658636664,NA
370170,0,0,-0.014817795993041005,NA
370171,1,5,-0.11987694626436089,3
370172,0,3,1.2313310835529663,NA
370173,0,2,1.2004935415494833,NA
370178,1,3,0.2564740226418173,4
370180,1,5,0.9458267971219874,5
370183,0,2,-0.00972420232382995,NA
370192,0,0,0.48826272844363894,NA
370199,0,2,-0.07569380244186197,NA
370201,0,2,1.0697793432192966,NA
370202,1,5,0.18991472480175564,4
370203,1,4,0.6858072168308532,4
370206,0,2,1.3191831921846644,NA
370210,1,4,0.6480524833242362,4
370211,1,5,-0.05812463170204792,3
370212,0,2,0.22125545664924468,NA
370214,0,1,-0.4310002968488367,NA
370215,1,5,0.4878566283463133,5
370216,0,3,0.5417488096537959,NA
370218,1,5,0.5272163428296218,5
370220,0,2,0.36014273377275446,NA
370222,0,3,1.2168420547916035,NA
370225,0,1,1.1079519558221276,NA
370227,0,3,0.4981995668939364,NA
370228,1,4,0.6431809976330533,4
370234,1,5,0.9285370606729276,5
370235,1,4,1.0776308213344572,5
370236,1,5,0.39091772983851086,4
370237,1,4,0.8530092907262308,4
370240,0,1,0.7572488882208488,NA
370243,0,0,0.282431038831311,NA
370244,0,1,0.21997898266151591,NA
371300,0,2,0.15842790071880034,NA
371301,0,1,1.0543825272428466,NA
371302,0,1,1.0962453508457692,NA
371303,0,1,0.3998871192200043,NA
371304,0,1,1.668043017243505,NA
371305,0,1,0.2802397514958199,NA
371306,0,1,-0.2554341807761021,NA
371307,0,0,-0.5198186520261778,NA
371309,0,1,-1.6347822718738672,NA
371310,0,1,0.5709685121846136,NA
371311,0,1,1.010967483461608,NA
371312,0,1,0.35108014779058805,NA
371313,0,1,1.233852296273601,NA
371314,0,0,0.7686941793858938,NA
371316,0,0,1.1815539909936545,NA
371317,0,1,0.6574375083301258,NA
371318,0,1,0.21679158343282168,NA
371319,0,2,0.7188493961054436,NA
371320,0,1,1.0966442375689998,NA
371321,0,2,1.7066598552139336,NA
371322,0,1,1.06114306038887,NA
371323,0,2,-0.4437578743352693,NA
371325,0,1,-0.42613049474034115,NA
371326,0,2,-1.2775283316544814,NA
371327,0,1,0.28656350329038743,NA
371328,0,2,-0.3768940535661075,NA
371329,0,1,0.055556306375090014,NA
371330,0,1,0.910574122704767,NA
371331,0,0,0.32061695917731203,NA
371332,0,1,0.10687149542297694,NA
371333,0,1,1.0328879359176981,NA
371334,0,1,0.29321145357834444,NA
371335,0,0,-0.00924395528108754,NA
371336,0,2,-0.08033900865277355,NA
371337,0,2,0.5966950146064237,NA
371338,0,1,0.444787298131761,NA
371340,0,2,-1.9236487525205939,NA
371341,0,2,-0.5604711942687784,NA
371342,1,3,-0.6418718875442669,2
380001,1,4,0.01201638508347963,3
380002,1,5,0.6795006589298528,5
380004,1,5,0.3287008145531502,4
380005,0,3,0.5458851257272825,NA
380007,1,5,-0.17913246150180712,3
380009,1,5,-0.05301094651102123,3
380014,1,5,0.031337643075151904,3
380017,1,5,0.35281649047781366,4
380018,1,5,0.249713351207318,4
380020,1,5,0.3800593882002371,4
380021,1,5,-0.4915377984700977,2
380022,1,5,-0.1314615496596402,3
380025,1,5,-0.09084154310672646,3
380027,1,5,0.40499573983242054,4
380029,0,3,0.45602706057433195,NA
380033,0,2,0.5486927777895826,NA
380037,1,4,-0.005112767717372506,3
380038,1,5,0.32674111098124536,4
38003F,1,5,0.9543800068953534,5
380047,1,5,0.373973957354648,4
38004F,0,1,-0.8570152022167273,NA
380050,1,5,-0.06066144833934803,3
380051,1,5,-0.02503292467892556,3
380052,1,4,0.361200603384215,3
380056,1,4,-0.21643714815512238,2
380060,1,5,0.07994666619697365,4
380061,1,5,0.2234152460401428,4
380071,1,4,-0.05490219611090555,2
380075,1,5,-0.1602424320596541,3
380082,1,5,-0.08691165820424784,3
380089,1,5,-0.6266640141394979,2
380090,1,5,-0.447409726281219,2
380091,1,5,0.36334613696829915,4
380102,1,5,0.3895813091999794,4
380103,1,3,-0.1984002577386201,3
381301,0,1,0.172416138530233,NA
381302,1,4,0.21120664305542827,3
381303,0,3,-0.06472618809600697,NA
381304,0,2,0.3668843662915192,NA
381305,0,1,-0.4504667814685075,NA
381306,0,2,-0.007199839284329226,NA
381307,0,2,-0.29327519088027637,NA
381308,0,1,-0.8332744081652189,NA
381309,0,1,0.056957486448304756,NA
381310,0,1,-1.9661073484649971,NA
381311,0,1,-1.3131129985031444,NA
381312,0,2,-0.3005972926464598,NA
381313,0,3,-0.07550502353950046,NA
381314,1,4,-0.28422196872240146,2
381315,1,3,-1.1065955284841815,2
381316,0,3,0.9543414964546199,NA
381317,1,4,0.5236972007951596,4
381318,1,4,0.44026234512646895,4
381319,1,4,0.05038593380113787,3
381320,0,2,-0.2603349999709926,NA
381321,1,5,0.02415476679884511,3
381322,1,3,-1.3331383011185793,2
381323,1,4,-0.6245833858177546,1
381324,0,2,-0.5837194284697151,NA
381325,1,4,-1.2866921868734942,1
390001,1,5,-0.04013174867080148,3
390002,1,5,-0.18812422758945024,3
390003,1,4,0.8637631748484614,4
390004,1,5,-0.5913877252243188,2
390006,1,5,0.15899147188178658,4
390009,1,5,-0.14520890585175178,3
390012,1,5,-0.5421576290084631,2
390013,1,5,0.5385318376697521,5
390016,1,5,-0.048255156046107854,3
39001F,1,4,0.7637407066533378,4
390025,0,0,4.975368610151039,NA
390026,1,5,-0.37419299614430346,2
390027,1,5,-0.12961265538535466,3
390028,1,5,-0.08990139422547505,3
390030,1,5,-0.057431008972826464,3
390032,1,5,0.18443970885246375,4
390035,1,5,0.2732594662147391,4
390036,1,5,-0.14166699609715572,3
390037,1,5,0.30403524579960434,4
390039,1,5,0.1353120398484417,4
390041,1,5,-0.36170560957450604,2
390042,1,5,-0.06404330253805388,3
390044,1,5,-0.1297378284618674,3
390045,1,5,-0.1352130801037455,3
390046,1,5,0.17364279636686086,4
390048,1,5,0.48432134294833173,5
390049,1,5,0.521069019104166,5
39004F,0,0,-0.6122440358156525,NA
390050,1,5,-0.3781042342432265,2
390056,1,5,-0.5561632476803162,2
390057,1,5,0.6602581703422123,5
390058,1,5,0.04076540137127622,3
39005F,0,1,0.08464902660649887,NA
390062,1,4,0.3132283247068559,3
390063,1,5,0.09064889333544197,4
390065,1,5,0.24385328529349012,4
390066,1,5,0.5511210440232898,5
390067,1,5,0.35739560936647685,4
390068,1,5,-0.021285543333449532,3
39006F,1,4,1.3444105755595004,5
390070,1,4,0.18699486342508148,3
390073,1,5,-0.3741686116971021,2
390079,1,5,-0.28474075482329597,2
390086,1,5,-0.7016713563276661,1
390090,1,5,-0.22738795911205367,3
390091,1,5,0.2608365970535934,4
390093,1,4,-0.3383541268319745,2
390096,1,5,0.16538080611258005,4
390097,1,5,-0.30749623094550105,2
39009F,1,5,0.8843673893853269,5
390100,1,5,0.9524564557217878,5
390101,1,5,0.07085487053769943,3
390102,1,5,-0.05382187859632713,3
390104,0,2,-0.44172190376505177,NA
390107,1,5,0.39966870695525236,4
390110,1,5,-0.39566397372845674,2
390111,1,5,0.6875211502846422,5
390112,1,4,0.06210410739864064,3
390113,1,5,-0.1479292835455841,3
390114,1,4,0.09581855882685823,3
390115,1,5,-0.7421084907965408,1
390116,1,4,0.3967730346879801,3
390117,0,3,0.4353230918799775,NA
390123,1,5,-0.3557959915139171,2
390125,1,5,-0.3889018790563924,2
390127,1,5,-0.1431731929864204,3
39012F,1,5,0.06881116483492826,3
390133,1,5,0.17422381990717226,4
390137,1,5,-0.9502513796137906,1
390138,1,4,0.5061636506913649,4
390139,1,5,0.27413269310108584,4
39013F,1,5,0.5743750105929987,5
390142,1,5,-0.3457967916226993,2
390145,1,5,0.17070384834931956,4
390146,1,5,-0.45705966677936377,2
390147,1,5,-0.583096151860699,2
390150,0,1,-0.13344048979150286,NA
390151,1,5,0.03873505138757817,3
390153,1,5,0.7588230273794043,5
390156,1,5,-0.5660910639612697,2
390157,0,1,-0.6945250854669873,NA
390160,0,3,-0.06892313301635827,NA
390162,1,4,0.2360950101005806,3
390163,1,5,-0.37920662756217705,2
390164,1,5,0.21376215637850696,4
390168,1,5,-0.40241557994327454,2
390173,1,5,-0.2683844417980221,3
390174,1,5,-0.004489781924209707,3
390178,1,5,0.021634708539328237,3
390179,1,5,0.45449276818142503,4
390180,1,5,-0.32818401591909424,2
390183,1,4,0.6627243983249885,4
390184,0,1,0.33515284282311336,NA
390185,1,5,-0.7112430573938018,1
390195,1,5,0.2696250972044264,4
390198,1,3,-0.9971521855342432,2
390199,0,3,0.3733838009469777,NA
390201,1,5,-0.023853927809299628,3
390203,1,5,0.3654926103124341,4
390204,1,5,-0.5901547858253038,2
390211,1,5,-0.4758299792382791,2
390217,0,3,-0.18510072408949452,NA
390219,1,5,0.20094390404015883,4
390222,1,5,0.05368455438656493,3
390223,1,5,0.537291987766525,5
390225,1,5,0.4429383098472675,4
390226,1,5,0.43992125934992365,4
390228,1,5,0.4102164661786145,4
390231,1,5,-0.4195093493953403,2
390233,1,5,-0.03962446215066495,3
390237,1,5,-0.2599474840873236,3
390256,1,5,0.11489749645891961,4
390258,1,5,-0.6267514453140172,2
390265,1,5,-0.12464262060060045,3
390266,0,3,0.39565085759977614,NA
390267,1,5,-0.11264454242727368,3
390268,1,5,0.5044854043433441,5
390270,1,5,0.08997758764951225,4
390272,0,0,-2.9085380529408464,NA
390278,0,0,0.5444055796767886,NA
390304,0,3,-0.07419176543721555,NA
390307,0,2,0.4816181324548861,NA
390316,0,3,0.3934300595361593,NA
390322,0,3,2.161106203505359,NA
390323,0,3,0.562501430030577,NA
390324,0,2,1.9375304697574256,NA
390325,0,3,1.9065107710108806,NA
390326,1,5,0.541074334473784,5
390327,0,1,0.45705068901925716,NA
390328,1,5,0.3349605144245502,4
390329,1,5,0.12258824702510034,4
390330,1,5,0.31457715800457126,4
390331,0,0,0.9863430698275545,NA
390332,1,4,0.673755540713453,4
390333,0,1,0.6975582234619353,NA
390334,1,4,1.022255086443069,5
390335,1,5,0.4353714917080049,4
390336,0,3,-0.2128468408712541,NA
390337,0,3,0.9372802618946728,NA
390338,1,4,0.6417473373857349,4
390339,1,3,-0.24235671639503634,3
391300,1,4,0.810371118673237,4
391301,0,3,-0.14013442259421596,NA
391302,0,1,0.32646048246576354,NA
391303,1,3,-0.30775422807839503,3
391304,0,0,0.4664115082890326,NA
391305,1,4,0.3386133751918214,3
391306,1,3,-0.5089055976985677,3
391307,0,2,-0.4080963425618994,NA
391308,0,2,-1.1594620460868021,NA
391309,0,2,-0.9482806310307155,NA
391312,0,2,0.45341833107479823,NA
391313,1,4,0.4971717369358839,4
391314,0,3,0.06815711458073073,NA
391315,1,4,0.09819810409647678,3
391316,1,4,0.2442118191576477,3
391317,0,2,0.6258052685407672,NA
400001,0,0,-0.7676717441935307,NA
400003,0,0,-1.0179553483339836,NA
400004,0,0,-2.3074809365765163,NA
400005,0,0,-1.072636553275032,NA
400006,0,2,-2.256042435650669,NA
400007,0,0,-0.8639501394070832,NA
400011,0,1,0.23824165291647126,NA
400012,0,0,0.3094081998471222,NA
400013,0,0,0.08203269830241106,NA
400014,0,2,0.09844362406304957,NA
400015,0,0,-5.771588713890348,NA
400016,1,3,-0.34014509225361356,3
400018,0,0,0.6463414397139198,NA
400019,1,3,-3.3507812690758483,1
400021,1,3,-0.4932342212659693,3
400022,1,3,-1.32290974991013,2
400032,0,2,-3.20151855219946,NA
40003F,1,5,-0.6355008776772809,2
400044,0,1,-0.027052549597758047,NA
400048,0,1,-1.1753893205154606,NA
400061,0,0,-5.667938586402666,NA
400079,0,0,0.03299924922269137,NA
400087,0,1,-5.742733303114789,NA
400098,0,0,-4.022038280366361,NA
400102,0,1,-2.3183064186102733,NA
400103,0,2,-1.5812197474690353,NA
400104,0,1,-0.3136069153783838,NA
400105,0,0,-0.8718852225823067,NA
400106,0,0,-3.98601654057338,NA
400109,1,3,-1.7231099363235929,1
400110,0,1,-0.634380891799204,NA
400111,0,0,-2.0797768052054524,NA
400112,0,1,-1.0464798971773372,NA
400113,0,0,0.10978288850178908,NA
400114,1,3,-0.5454283069351664,3
400115,0,0,-2.8499909738835334,NA
400117,0,0,-0.4950538739839358,NA
400118,1,3,-1.3421057251283588,2
400120,0,1,-3.520610376230068,NA
400123,0,0,0.5102485781470024,NA
400124,0,1,0.4096169649290794,NA
400126,0,0,1.8983113925422241,NA
400127,0,0,-4.932685824826877,NA
400128,0,0,3.2024354276651694,NA
400132,0,1,-1.040051036328307,NA
400137,0,1,1.7355998494460048,NA
410004,1,5,0.031365933686360425,3
410005,1,5,0.14509706999856758,4
410006,1,5,0.41675207173996415,4
410007,1,5,-0.09738232724761801,3
410008,1,5,0.30540722293778266,4
410009,1,5,-0.2857754479185848,2
410010,1,4,0.38663496846510526,3
410011,1,5,-0.38624565776668185,2
410012,1,5,0.3909959357360286,4
410013,1,5,0.4825236034493442,5
41005F,1,5,0.04123850544780496,3
420002,1,5,-0.42512351434244794,2
420004,1,5,-0.19957519968429896,3
420005,1,4,0.3048628507219822,3
420007,1,5,-0.3350847131199833,2
420009,1,5,-0.038541068683309004,3
420010,1,4,-0.007923624780381264,3
420011,0,2,0.4277453428822511,NA
420015,1,5,-0.48774602949174894,2
420018,1,5,-0.19756760315347638,3
420019,0,2,-0.1723425479714214,NA
420020,1,4,-0.1904718388031199,2
420023,1,5,-0.04691116522408332,3
420026,1,5,-0.001159776267054602,3
420027,1,5,0.10054592741800769,4
420030,1,5,-0.4848878356987769,2
420033,1,5,0.47558264643359077,5
420036,1,5,-0.4707149488848692,2
420037,1,5,0.20817145563429895,4
420038,1,4,-0.2487019715928805,2
420043,1,3,-0.641281717712132,2
420048,1,5,-0.1022261876564601,3
420049,1,5,-0.45911570026676707,2
420051,1,5,-0.2632498668973159,3
420053,1,4,0.013108143986113888,3
420055,1,4,0.05109750284163944,3
420065,1,5,0.36336350992422745,4
420067,1,5,-0.045158818796168745,3
420070,1,5,-0.46354639250653895,2
420071,1,5,0.017901704522922886,3
420072,0,2,0.15460107599834283,NA
420073,1,5,0.1870182409322322,4
420078,1,5,0.08889950547579659,4
420079,1,5,-0.14569482867825279,3
420080,1,5,-0.15107293576724373,3
420082,1,5,-0.7251518220544616,1
420085,1,5,-0.3297029454130788,2
420086,1,5,0.5436097196363536,5
420087,1,5,0.1686621639346472,4
420089,1,5,0.6434948511062132,5
420091,1,5,-0.33129979188038716,2
420098,1,5,0.1087909883542458,4
420101,1,5,0.37089035357262845,4
420102,1,4,0.8273162031605076,4
420103,1,5,0.583248678693947,5
420104,1,5,0.6102617861616771,5
420105,1,5,0.1609981921026909,4
420106,1,5,0.3165867666996728,4
420107,1,4,0.16851337745492703,3
420108,0,1,-0.38500106696081515,NA
420109,1,4,0.33965530723468196,3
420110,1,5,0.4899340023232649,5
42011F,1,5,0.7953735787909959,5
42029F,1,5,0.8662278593639946,5
421300,0,0,-5.8310042682466365,NA
421301,0,2,-0.8335216831951351,NA
421304,0,1,0.19848652850728404,NA
430005,1,5,0.42981902690270385,4
430008,1,5,0.40352786201739727,4
430012,1,5,0.3711069573265181,4
430014,1,5,0.48003130948065037,5
430015,1,5,-0.1808476363563039,3
430016,1,5,0.053998191764737025,3
430027,1,5,0.2879979883918501,4
43002F,1,4,0.8934027610436975,4
430048,0,3,0.7101658184844275,NA
43005F,1,4,1.1029919810707014,5
430077,1,5,0.26897601621681777,4
430084,0,1,-1.976800234006821,NA
430089,0,3,-0.08583010263492533,NA
430090,0,3,1.0741665242402818,NA
430091,0,3,2.165890464422226,NA
430093,0,1,1.1187216371384403,NA
430095,1,4,1.1721266042426006,5
430097,1,4,0.6338646268125961,4
430098,0,2,1.2632548955984713,NA
431300,0,2,0.6594547237875599,NA
431301,0,0,1.7294023837151498,NA
431302,0,1,0.28336384143066096,NA
431305,0,1,0.3322477975522212,NA
431306,0,2,0.18718832623386794,NA
431307,0,1,2.1909311885583214,NA
431308,0,1,0.9264672518538737,NA
431309,0,0,-0.07646047720383886,NA
431310,0,2,0.6788911132094056,NA
431311,0,1,0.42907105174886906,NA
431312,0,1,0.7152726920135783,NA
431313,0,1,1.0577311295929235,NA
431314,0,0,2.4743969453188717,NA
431315,0,1,-0.08202486169070208,NA
431316,0,2,-0.15642203469725735,NA
431317,0,1,1.8081951112468904,NA
431318,0,0,2.1087533890027528,NA
431319,0,1,-0.7481891047856833,NA
431320,0,1,0.06515335280594889,NA
431321,0,2,-0.7853410884054169,NA
431322,0,1,0.10346465735227633,NA
431323,0,1,1.0177586847078899,NA
431324,0,1,0.8395211950870652,NA
431325,0,1,-0.49961528149890344,NA
431326,0,1,-0.621611743872939,NA
431327,0,1,0.9489811387545461,NA
431328,0,1,1.7141110461424014,NA
431329,0,1,-0.48737920765025794,NA
431330,0,2,0.4094425207793533,NA
431331,0,1,0.9909628297357237,NA
431332,0,1,1.9400598440395178,NA
431333,0,1,-0.26115649318749234,NA
431334,0,2,0.06040207920867294,NA
431335,0,3,-0.10302047318471819,NA
431336,0,1,0.22322727768441084,NA
431337,0,2,0.5696455015051319,NA
431338,0,2,0.8797497877951206,NA
431339,0,2,-0.407747825366025,NA
431340,0,2,1.0472033525657078,NA
431383,0,0,0.41837937727950864,NA
440001,0,1,-0.4986105357656607,NA
440002,1,5,-0.13911736408867076,3
440003,1,5,-0.37420625535206437,2
440006,1,5,-0.5405987791339832,2
440007,0,3,-0.1512067994467976,NA
440008,0,2,0.3174101972320298,NA
440009,1,5,0.18389371172789237,4
440010,0,2,-0.6091251696607828,NA
440011,1,5,0.24048609648492386,4
440012,1,5,-0.8213479042707957,1
440015,1,5,0.1556590048229532,4
440016,0,2,0.4379921878540291,NA
440017,1,5,-0.14875069450403092,3
440018,1,5,-0.499340754557181,2
440020,1,4,0.39237280110151324,3
440029,1,5,0.260125476068234,4
440030,1,5,-0.5718325279505192,2
440031,1,5,0.14305619763882638,4
440032,0,1,0.3865511990597565,NA
440033,0,3,-0.12909015883144714,NA
440034,1,5,-0.031365366189072215,3
440035,1,5,-1.3802388207637069,1
440039,1,5,0.31793039421775693,4
440046,1,5,0.293131877394206,4
440048,1,5,-0.37300848213559,2
440049,1,5,0.09699994247188043,4
440050,1,5,-0.21324065254344912,3
440053,1,5,-0.3189643393034638,2
440056,1,5,-0.43481948397634135,2
440057,0,3,-0.49233831384594723,NA
440058,1,5,-0.36029763432610257,2
440059,1,5,-0.5354947554673926,2
440060,0,2,0.31357145597006947,NA
440061,1,4,-0.09724937827576018,2
440063,1,5,-1.1804383481334308,1
440065,1,5,-0.08180462244080516,3
440068,1,5,-0.02085755825603751,3
440072,1,5,0.27105912152818856,4
440073,1,5,-0.20653944724170697,3
440081,1,5,0.3431543742995174,4
440082,1,5,0.040345264814417706,3
440084,1,5,-0.5342229417413131,2
440091,1,5,0.4220509668082639,4
440102,1,4,-0.2637221511538277,2
440104,1,5,-0.19429746273151452,3
440109,0,3,-0.72203130787868,NA
440110,1,5,0.48084134152792424,5
440111,0,2,0.04645145728129761,NA
440120,1,5,-0.04497007236745561,3
440125,1,5,-0.24485358560010764,3
440130,1,5,0.7234521773191374,5
440131,1,4,0.19341992768735844,3
440132,1,4,0.11835865377414452,3
440137,0,3,0.5532500234060486,NA
44013F,1,5,0.021758553591214834,3
440144,1,5,-0.4875552289611047,2
440148,0,2,-0.07829171224844297,NA
440150,1,5,-0.395942330638975,2
440151,1,5,0.23755974169361815,4
440152,1,4,-0.3661073227272084,2
440153,1,4,-0.07843219059567584,2
440156,1,5,0.07026605738266044,3
440159,0,0,-0.15023827946247315,NA
440161,1,5,0.26718932457758776,4
44016F,1,5,0.6246531817582978,5
440173,1,5,-0.20557892752606005,3
440175,1,4,0.22440880088108822,3
440176,1,4,0.2744538015602529,3
44017F,0,2,1.6378504851001483,NA
440183,1,5,-0.6506304143360905,2
440184,1,5,0.20095740212253216,4
440185,1,5,-0.5841090865163798,2
440187,1,5,-0.3617705183230032,2
44018F,1,5,0.554406352199319,5
440192,0,3,0.3486596618830437,NA
440193,1,5,0.13548521244625192,4
440194,1,5,0.10056078581085133,4
440197,1,5,0.1652681509780397,4
440200,0,1,0.7696111557298962,NA
440218,0,3,0.6901653129698174,NA
440227,1,5,0.029650163748377163,3
440228,1,5,-0.5454455771436153,2
440231,0,0,-1.2830370254768888,NA
441300,0,1,0.6561373888561418,NA
441301,0,1,0.8255197615752781,NA
441303,0,1,-1.772080780648696,NA
441304,0,1,0.47194401580090184,NA
441305,1,4,0.10078603432354936,3
441306,0,1,1.1771886800437457,NA
441307,1,4,0.02758415576324965,3
441309,0,2,1.4094059022996042,NA
441310,1,3,-0.47859660093182044,3
441313,0,1,1.302567633615605,NA
441314,0,1,-0.36589431748475215,NA
441316,0,1,0.8377783158116271,NA
441320,0,1,-0.28738963689280156,NA
441322,0,1,-2.2991915809577614,NA
441323,0,0,1.1290268717350733,NA
450002,1,5,-0.5065909378598606,2
450007,1,5,0.33629812408173676,4
450010,1,5,-0.2682870636512192,3
450011,1,5,-0.2341860311573473,3
450015,1,5,-0.40347371832573553,2
450018,1,5,-0.02433553755527658,3
450021,1,5,-0.03245037325164923,3
450023,1,5,0.0043034682828210075,3
450024,1,5,-0.7425774064640203,1
450028,1,5,-0.02126214676383145,3
450029,1,5,-0.4718110193980375,2
450032,1,5,0.04028547600720241,3
450033,1,5,-0.39801344430916397,2
450034,1,5,-0.036706978367293516,3
450035,1,4,-0.25999589549151314,2
450039,1,5,0.197382528845708,4
450040,1,5,-0.4389617462285076,2
450042,1,5,-0.4220039963091179,2
450044,1,5,0.32422895326122536,4
450046,1,5,-0.023161676288545083,3
450051,1,5,-0.2509613362515752,3
450054,1,5,0.41694277739139124,4
450055,0,2,0.3842828831158255,NA
450056,1,5,0.19549574025164868,4
450058,1,5,-0.12815064712659827,3
450064,1,5,-0.2849041493164816,2
450068,1,5,0.03238531769494779,3
450072,1,5,0.09757741242300783,4
450079,1,5,0.5263118549824911,5
450080,1,4,0.17740801689454538,3
450082,0,3,0.5304110137637686,NA
450083,1,5,-0.8528571375726233,1
450087,1,5,-0.3524389854135835,2
450090,1,4,0.6085993068936448,4
450092,1,5,-0.018138025928959398,3
450097,1,5,-0.08636017348249336,3
450101,1,5,0.16814721284512568,4
450102,1,5,0.19085951730487027,4
450104,1,5,-0.3693426283279907,2
450107,1,5,-0.6690788708582042,1
450108,0,2,-0.3400269589439122,NA
450119,1,5,0.07464248343407237,4
450124,1,5,-0.3629548690700761,2
450128,1,5,0.13838904515191708,4
450132,1,5,-0.3010725001594017,2
450133,1,5,-0.9939292562210108,1
450135,1,5,0.1482801428601565,4
450137,1,5,0.2541676053936208,4
450143,0,1,-0.02527398785686727,NA
450144,0,3,-0.25812787634467227,NA
450147,1,5,0.10242647027895653,4
450148,1,4,0.20617380575303212,3
450152,1,5,-0.1433453135664095,3
450154,0,3,-0.397344236995241,NA
450155,0,1,0.4263282332897349,NA
450162,1,3,-0.2910406024889959,3
450163,1,4,-0.2938523456931453,2
450165,0,3,0.6679224985378494,NA
450176,1,5,-0.013319103645331764,3
450184,1,5,-0.24021511901922865,3
450193,1,5,-0.06742450984255816,3
450194,0,3,0.28494930356622417,NA
450196,1,5,-0.7432912503881327,1
450200,1,5,-0.09870636595601628,3
450203,1,5,-0.49231054187666257,2
450209,1,5,-0.06415344158923486,3
450210,0,2,0.059895425553731174,NA
450211,1,5,-0.23790454440009412,3
450213,1,5,-0.18718889822368934,3
450222,1,5,-0.5545247630143726,2
450229,1,5,-0.3170921764003598,2
450231,1,5,-0.4787565590135205,2
450235,0,2,0.4203478059730578,NA
450236,1,5,0.26333052251029654,4
450237,1,5,0.023543772979873208,3
450241,0,1,-0.48989322684716735,NA
450253,0,1,0.24120759527774505,NA
450272,1,5,0.2723554675619855,4
450289,1,4,-0.022441708716811823,3
450292,0,3,0.6238622138249285,NA
450324,1,5,-0.17958850802103066,3
450330,1,5,-0.3694523565093016,2
450346,1,5,-0.30652483719430984,2
450347,1,5,-0.008217989434309889,3
450351,0,3,0.3152236066333031,NA
450352,1,5,0.0096306902089464,3
450358,1,5,0.6064808652635464,5
450369,0,2,0.27840032507120427,NA
450370,0,3,-0.14698643519413343,NA
450372,1,5,0.5432323589370457,5
450379,0,3,-0.06561059121694938,NA
450388,1,5,0.04013191034908451,3
450389,1,5,-0.19475213281679102,3
450395,1,4,0.43898350733965474,4
450399,0,1,-0.06944448674410611,NA
450400,0,2,-0.2227230095210585,NA
450403,1,5,-0.16900340839506636,3
450411,0,1,-0.0016424974813469273,NA
450419,0,3,0.4961765130850272,NA
450422,0,1,0.41443435133595113,NA
450424,1,5,0.6723020487099874,5
450431,1,5,0.6713480945831165,5
450447,1,5,-0.48559177391907576,2
450451,0,2,-0.35118404066814307,NA
450460,0,1,-0.36512431559976516,NA
450462,1,5,0.0927319052172434,4
450465,1,4,0.6503542813162132,4
450469,1,3,0.33607794228918053,4
450475,0,2,0.3042083445749009,NA
450484,1,5,-0.1587197124910465,3
450489,0,1,0.36085552987755826,NA
450498,0,1,0.1611190791683243,NA
450508,1,5,-1.0589497896601023,1
450518,1,5,-0.17697500510579117,3
450537,1,5,0.18455569729872887,4
450539,0,3,0.14755134129150668,NA
450563,1,5,0.5204999732327701,5
450565,1,4,0.14534108498775145,3
450571,1,5,-0.20176068005438547,3
450573,1,3,0.7006895809941296,5
450584,0,2,-0.3044231895478341,NA
450587,1,5,-1.009331072249266,1
450596,1,5,0.08473388473652547,4
450597,0,2,0.19535661709898672,NA
450604,1,4,0.4513644584579912,4
45060F,1,4,0.6726271376561859,4
450610,1,5,-0.03659345314618692,3
450617,1,5,-0.15597986083772492,3
450634,1,5,0.26999620878099045,4
450638,1,5,-0.18094565674194218,3
450639,1,5,-0.09747588428752785,3
450641,0,2,-0.43628542920144875,NA
450643,1,5,-0.21746911901179855,3
450644,1,5,-0.3860481480860891,2
450647,1,5,-0.19619122276028722,3
450651,1,5,-0.29484073365335195,2
450653,0,2,-0.17815610229118445,NA
450654,0,2,-0.7146220951995182,NA
450656,1,5,-0.1860907147120061,3
450658,0,2,-0.5347281995068212,NA
450659,1,5,0.21998428021628214,4
450661,1,5,-0.03473128847047194,3
450662,1,5,-0.6002453487878971,2
450668,1,5,-0.31558760568811195,2
450669,1,5,0.0942926130006668,4
45066F,1,5,0.16332643261919105,4
450670,1,5,-0.31665346943023165,2
450672,1,5,-0.3056216732490412,2
450674,1,3,-0.25322393304377533,3
450675,1,5,-0.5610588470035692,2
450677,1,5,0.018291228946222995,3
450678,1,5,-0.5828462022820076,2
450684,1,5,-0.2342978155171992,3
450686,1,5,-0.24871011765306522,3
450688,1,5,-0.641387085986212,2
450690,1,4,0.21785668290889343,3
450694,0,3,0.22172410488067384,NA
450698,0,1,-0.48795309802730735,NA
450702,1,5,-0.2709969720666428,3
450709,1,5,1.0699880107892,5
450711,1,5,0.08170298279739256,4
450713,1,5,0.2916659469721436,4
450718,1,5,0.029336619889288512,3
450723,1,5,-0.13670450364018222,3
450730,1,5,-0.5181852401940943,2
450742,1,5,-0.10699403023306918,3
450743,1,5,0.4688018326699867,5
450747,1,5,-0.5302710664848171,2
45074F,1,5,0.17830969141904152,4
450755,0,1,0.8380655616527745,NA
450771,1,5,-0.05290771755617657,3
450774,0,3,-0.14543299618923322,NA
450775,1,5,-0.2957127736126597,2
450779,1,5,0.3678157185230089,4
450788,1,5,0.26508223715323576,4
450801,1,5,0.22794334171399322,4
450804,0,3,1.9930896334355677,NA
450808,0,3,0.439724230542917,NA
450809,1,5,-0.036295849076784195,3
450820,1,5,0.41628232701696694,4
450822,1,4,-0.4563642356651069,2
450825,0,1,0.7711709563691193,NA
450827,0,3,0.6972300130366482,NA
450828,1,5,0.6886686685213177,5
450831,0,1,-0.6547134901977896,NA
450833,0,2,-0.3591246510293746,NA
450834,0,3,0.03040467277160197,NA
450840,1,5,0.49261569763907603,5
450844,1,5,0.5987034470835099,5
450847,1,5,-0.010053015048853059,3
450848,1,5,0.0022510693248649974,3
450851,1,4,0.6650303914304402,4
450853,1,4,-0.4140749759111043,2
450855,1,5,0.19362331159580887,4
450856,0,3,1.18306939181352,NA
450860,0,2,-0.2338317663001942,NA
450862,1,5,0.12627690548863119,4
450864,1,4,1.187301502713643,5
450865,0,2,0.20624029184477616,NA
450867,1,5,0.26868400401960396,4
450869,1,5,-0.14221313601592322,3
45086F,1,5,0.3538328653297249,4
450871,0,0,-0.23980487266169365,NA
450872,0,2,-0.3201701141464093,NA
450874,0,3,-0.10428219764074335,NA
450875,0,3,0.7418295283857682,NA
450876,1,5,-0.4578199234733973,2
450880,0,3,0.12338833852696518,NA
450883,0,2,0.36004859894720254,NA
450885,1,5,0.5451189768946059,5
450888,0,2,1.029498832448457,NA
450889,0,3,1.1709400481028427,NA
450890,1,5,0.31525911430265274,4
450891,0,3,-0.35120201360497416,NA
450893,1,4,0.934424404770573,5
45090F,1,5,0.6269457922585342,5
451300,0,1,0.34399371229568637,NA
451301,0,0,-0.12203904326517213,NA
451303,0,1,-0.6330635095735856,NA
451304,0,0,2.1870069274080923,NA
451305,0,1,1.5450274279469605,NA
451306,0,1,0.7178608940633724,NA
451307,0,0,1.8226624640899434,NA
451308,0,0,0.7967167084768003,NA
451310,0,0,0.5532004176333348,NA
451311,0,1,-0.23456184398250776,NA
451312,0,0,-2.627712700921673,NA
451313,0,1,0.5588855245925239,NA
451314,0,0,2.712865439469289,NA
451315,0,0,0.7211234483163337,NA
451316,0,1,1.1976620613184281,NA
451317,0,0,2.387627965966681,NA
451318,0,0,3.1021183082332042,NA
451319,0,3,0.759129292884544,NA
451320,0,1,0.1479689888118183,NA
451322,0,1,1.1527146448590802,NA
451323,0,2,0.2989195588041921,NA
451324,0,0,1.3546825331115007,NA
451329,0,0,2.557164291963722,NA
451330,0,1,0.03835938847874221,NA
451331,0,1,0.4200746640497169,NA
451332,0,1,-1.0594071589190428,NA
451333,0,1,0.4771767458352751,NA
451334,0,0,-1.5616242104043097,NA
451337,0,0,-0.3981312340860883,NA
451338,0,1,0.13706806736929208,NA
451340,0,1,-1.2352159530835365,NA
451341,0,1,-1.087503447356615,NA
451342,0,1,0.33927386672282556,NA
451343,0,2,0.08707156982943973,NA
451344,0,1,0.16879989011745267,NA
451346,0,2,-0.606043978078193,NA
451347,0,2,-1.3458590455573871,NA
451349,0,0,0.6765909712106852,NA
451350,0,0,0.5502877086341594,NA
451351,0,1,-0.9295437764112179,NA
451352,0,1,1.1908046779994708,NA
451353,0,0,1.9323633648484253,NA
451354,0,1,-0.2551464685070107,NA
451355,0,1,0.14490404666135426,NA
451356,0,2,-0.18451143063930509,NA
451359,0,1,0.04175134787245191,NA
451361,0,2,-0.2371865032516152,NA
451362,0,0,-0.8876341784482087,NA
451363,0,1,-0.5012594634537756,NA
451364,0,1,0.5895736465167907,NA
451365,0,2,0.6980541829945482,NA
451366,0,0,-3.9454909733658883,NA
451367,1,3,-1.0059140183467425,2
451369,0,0,-0.6289548111505117,NA
451370,0,2,-1.4708773790081422,NA
451371,0,1,1.3728722938698454,NA
451372,0,0,1.690794692920498,NA
451373,0,1,-0.03163269283371507,NA
451374,0,1,0.1613377401263582,NA
451375,0,1,0.34654695455152584,NA
451376,0,2,0.19183443242536408,NA
451377,0,1,0.7212208616876459,NA
451378,0,2,0.018962672758661113,NA
451379,0,3,0.4280532097498195,NA
451380,1,4,0.4939029031219735,4
451381,0,0,-0.4666790743767472,NA
451382,1,3,-2.313687936646493,1
451384,0,2,-0.5746239519460781,NA
451385,0,1,0.6280932989964665,NA
451386,0,2,0.09204771024314434,NA
451387,1,4,0.3008447644821186,3
451389,0,0,-0.616443042560459,NA
451390,0,0,0.5800995976822106,NA
451391,0,1,-0.20532649883374582,NA
451392,0,2,0.14857442479570557,NA
451393,0,0,0.1685397584091601,NA
451394,0,0,1.1227850190164923,NA
451395,1,3,0.2910529691886574,4
451396,0,1,0.9486253177396288,NA
451397,0,1,1.415072400559643,NA
451398,0,1,-0.19850982263498546,NA
451399,0,1,1.8267336082545729,NA
460001,1,5,0.6453973291436809,5
460003,1,5,-0.3715787910420939,2
460004,1,5,0.7460292125490241,5
460005,1,5,-0.16762077781069404,3
460006,1,4,0.8279885446151207,4
460007,0,3,0.4511121755469855,NA
460009,1,5,0.6685139034542867,5
460010,1,5,0.8207484034878261,5
460011,1,4,-0.03263687785729333,3
460013,1,5,0.7508478944528661,5
460014,0,3,0.2816401500640658,NA
460015,1,5,0.7979213053123999,5
460017,0,3,0.541637202363509,NA
460019,1,4,-0.059051370943758064,2
460021,1,5,0.3944850957569229,4
460023,1,4,0.7106361846555311,4
460026,0,3,0.49238073121602133,NA
46002F,1,5,0.8447946434664488,5
460030,0,3,0.3338544403967108,NA
460039,0,1,1.1631316787340973,NA
460041,1,5,0.21231778251722044,4
460042,1,4,1.101602204947149,5
460043,0,1,1.3362658194251789,NA
460044,1,4,0.822516176009422,4
460047,1,5,0.08836892322147247,4
460051,1,5,-0.03873774751487913,3
460052,1,5,0.09614660575343731,4
460054,0,1,0.31720854766600004,NA
460057,1,4,0.6319550728906141,4
460058,1,4,0.7851582858418826,4
460060,1,4,1.217149691352973,5
460061,0,3,0.4124347467611972,NA
460062,0,3,0.9627974310945049,NA
461300,0,1,0.5314481788197121,NA
461301,0,1,-0.19548015156995,NA
461302,0,0,0.6120548604543903,NA
461303,0,2,-0.16108366834379167,NA
461304,0,3,1.0587010305553277,NA
461305,0,0,1.9339925627115466,NA
461306,0,2,-0.7049087150586724,NA
461307,0,3,1.0223494104682336,NA
461308,0,1,0.4389453788092501,NA
461309,0,1,-0.6871821649225394,NA
461310,0,1,0.42237471981966906,NA
461333,0,1,0.7115131690933816,NA
461335,0,2,0.9281842914255447,NA
470001,1,5,-0.35501745671806195,2
470003,1,5,0.01572115990453879,3
470005,1,5,-0.7304699563186384,1
470011,1,5,-0.20424743261469924,3
470012,1,5,0.3879393378850098,4
47001F,1,4,0.8585619468606213,4
470024,1,5,-0.20512178831152694,3
471300,0,1,-1.0268197581544647,NA
471301,1,4,0.6106844230184982,4
471302,0,2,0.027299343150890845,NA
471303,1,3,-0.21650070462752485,3
471304,1,4,-0.06557722969007468,2
471305,1,4,0.17053242718041314,3
471306,1,3,-0.681182601816945,2
471307,1,4,0.08090561037023766,3
480001,1,4,-0.8423720843756428,1
480002,1,3,-1.7313718458184106,1
490002,1,4,0.1697284598690098,3
490004,1,5,0.20229672077474065,4
490005,1,5,0.07807529467350299,4
490007,1,5,0.02464399846188846,3
490009,1,5,0.4093627015324924,4
490013,1,4,-0.012467994937533113,3
490017,1,5,-0.10686777394816714,3
490018,1,5,0.21604467386849574,4
490019,1,5,-0.18861627759263572,3
490020,1,5,-0.19479069836388613,3
490021,1,5,-0.01373941824188242,3
490022,1,5,-0.5334702764337779,2
490023,1,5,-0.012573324734630867,3
490024,1,5,0.2399240817091663,4
490032,1,5,0.1061988515739812,4
490033,1,4,0.11635492673322576,3
490037,1,4,0.40564036460406333,3
490038,1,4,0.13612798636198248,3
490040,1,5,0.41729148872306776,4
490041,1,5,-0.1417393491638883,3
490042,1,5,0.09871555425765044,4
490043,1,5,0.7586698550654953,5
490044,1,5,0.2952265223638766,4
490045,1,5,0.1360727194011504,4
490046,1,5,0.13930059414768187,4
490048,1,5,-0.3648098828051524,2
490050,1,5,0.586968676089719,5
490052,1,5,-0.014732583815105109,3
490053,1,5,-0.26402473937280246,3
490057,1,5,0.33348341160594064,4
490059,1,5,0.026782122005089372,3
490060,1,5,-0.1802949030723572,3
490063,1,5,0.5840577192728194,5
490066,1,5,0.3840661149024712,4
490067,1,5,-0.7303746948335641,1
490069,1,5,0.08720641515994143,4
49006F,1,4,0.6417180373013396,4
490075,1,5,-0.3455848261512936,2
490077,1,5,0.5608291171699611,5
490084,1,5,0.23746129089024345,4
490088,1,4,0.5146388064937719,4
490089,1,4,0.6841142661785883,4
490090,1,5,0.2810130315847701,4
490092,1,4,0.10087014761944006,3
490093,1,5,0.2314091902536805,4
490094,0,2,0.5258266013239546,NA
490097,0,2,-0.3183677482450571,NA
490098,1,5,-0.2321379536802129,3
490101,1,5,0.5005053021701081,5
490104,0,0,-2.311962856255736,NA
490107,1,5,-0.07779976575748007,3
49010F,1,5,1.208696028664072,5
490110,1,5,-0.09619706050974333,3
490111,1,5,0.1391437020949546,4
490112,1,5,0.14363434992264745,4
490113,1,5,0.04047571751521563,3
490114,1,4,-0.17311128612998036,2
490115,1,4,-0.31926546649460125,2
490116,1,4,-0.02493571415311696,3
490117,0,2,-0.6929268707142034,NA
490118,1,5,0.07180216098980809,3
490119,1,5,0.3597662558057172,4
49011F,1,5,0.911068883938519,5
490120,1,5,0.01745247995656825,3
490122,1,5,-0.02285229960652793,3
490126,1,4,0.14897684198529995,3
490127,1,4,-0.4174717423420084,2
490130,1,5,0.10409982824314148,4
490136,1,5,-0.07284767984806707,3
490140,1,4,0.12781536070439364,3
490141,1,5,-0.15683809606339685,3
490143,1,5,0.41877897122126484,4
490144,1,5,0.12981062388665401,4
490145,1,4,0.34636613030017854,3
491300,0,2,-0.3846523710912462,NA
491302,1,4,0.4933819915707433,4
491303,0,1,1.1280348952441022,NA
491304,1,4,0.04508994513598533,3
491305,1,4,0.31907977430373097,3
491307,0,3,0.8756103889099394,NA
491308,1,4,0.5385809776141944,4
491309,0,1,1.0003764556341115,NA
500002,1,5,-0.04561253651306768,3
500003,1,5,-0.10864221528583402,3
500005,1,5,0.700130969583967,5
500007,1,5,0.5122357214692167,5
500008,1,5,-0.10865964821444954,3
500011,1,5,-0.414620856621188,2
500014,1,5,-0.3621453710045693,2
500015,1,5,-0.6608884873239722,2
500016,1,5,0.39522335377466306,4
500019,1,5,0.09239493393193893,4
500021,1,5,0.6696175739509306,5
500024,1,5,-0.1371107392116772,3
500025,1,5,0.2614254649697582,4
500026,1,5,-0.31168589844593597,2
500027,1,5,0.26220634240735885,4
500030,1,5,0.3933728639532581,4
500031,1,5,-0.3669644203162207,2
500033,1,5,-0.19061120927938519,3
500036,1,5,-0.8479184407027832,1
500037,0,2,-0.45166588209500236,NA
500039,1,5,0.07647650341905901,4
500041,1,5,0.006893573726046799,3
500044,1,5,0.06077608553289902,3
500050,1,5,0.19860732637441586,4
500051,1,5,-0.2659527337881338,3
500052,0,0,0.06158938890452163,NA
500053,1,5,-0.866922320008917,1
500054,1,5,-0.30870422912523693,2
500058,1,5,0.0960422233689166,4
500060,1,4,-1.117012929489921,1
500064,1,5,-1.0014043427054409,1
500072,1,5,-0.01757175206299466,3
500077,1,5,-0.2933054272674552,2
500079,1,5,-0.5536153981515272,2
500084,0,3,-0.23310360228829893,NA
500088,1,5,-0.6337642457602801,2
500108,1,5,0.1758766376573884,4
500119,1,5,0.5977270991240275,5
50011F,1,4,1.387841777395344,5
500124,1,5,0.606452014273695,5
500129,1,5,-0.5854109164809654,2
500139,1,5,0.07942344884283534,4
500141,1,5,0.0008215302114229217,3
500150,1,5,0.245937451138091,4
500151,1,5,0.2224849803082271,4
500152,1,5,0.6349282021277474,5
500154,1,4,0.5870158677627365,4
50030F,1,5,0.6103687305099083,5
501302,0,0,-0.3069519969793754,NA
501303,0,1,0.28652701089055177,NA
501304,1,3,-1.0758977981511537,2
501305,0,0,-0.2452780377748691,NA
501307,0,0,1.3894056856719736,NA
501308,0,1,-1.1816695443624259,NA
501309,0,1,-0.12801944841941224,NA
501310,0,3,0.3855365086305444,NA
501312,1,4,0.970549234889508,5
501313,0,0,0.8711684626508973,NA
501314,1,3,-0.11737099372303528,3
501315,0,1,0.650251622318438,NA
501316,0,1,-0.2322650524885952,NA
501317,0,1,-1.2320701890598331,NA
501318,0,0,0.9328612581571871,NA
501319,0,1,-0.12484717995650862,NA
501320,0,0,-0.16619744821466365,NA
501321,0,1,0.4268743430106654,NA
501322,0,0,-0.34640532643203203,NA
501323,1,4,0.3612275877269331,3
501324,0,0,-0.07346465803341873,NA
501325,0,1,-0.5186533482453917,NA
501326,1,3,-0.5488678220895686,3
501327,0,2,0.11455047525863833,NA
501328,0,2,-0.014619680431701865,NA
501329,1,3,0.0974308094008386,4
501330,1,4,-0.7753653072507326,1
501331,1,4,0.06605635954757287,3
501332,1,4,0.15968593002039985,3
501333,1,4,-0.43369294194891217,2
501334,0,1,0.2351474942302027,NA
501335,1,4,0.36153164223347817,3
501336,1,4,-0.7788938483971758,1
501337,1,4,0.3742570334052252,3
501338,0,1,-1.757345334844949,NA
501339,1,4,-0.6101724802227171,1
501340,0,2,0.13614320531415483,NA
510001,1,5,-0.5730558817028794,2
510002,1,5,-0.5362503021788739,2
510006,1,5,0.1550505726404968,4
510007,1,5,-0.3206232710117149,2
510008,1,5,-0.7611632207065372,1
510012,1,4,-0.9419397373879825,1
510013,1,5,0.03628317009742786,3
510022,1,5,-0.6916402432908253,1
510023,1,5,-0.5385486015331329,2
510024,1,5,0.2506245076750708,4
510029,0,2,-0.8263472634502464,NA
51002F,1,4,1.3144126490680266,5
510030,1,5,-0.024497588086440217,3
510031,0,1,0.8887102779251833,NA
510038,1,5,-0.5584078982330751,2
51003F,1,4,0.9107067275616947,4
510046,1,5,-1.125154546309211,1
510048,1,5,0.09065739092112785,4
51004F,1,5,1.2628392206506074,5
510050,1,5,-0.791756331588509,1
510055,1,5,-0.38877724179944195,2
510058,1,5,-0.21820582647176684,3
51005F,1,4,0.8280316794846837,4
510062,1,5,-0.6878579863619539,1
510070,1,5,-0.789701065384937,1
510072,0,3,-1.700735512535464,NA
510086,0,1,-0.27461262032429684,NA
510091,0,2,0.6960447381248911,NA
510093,0,1,0.6730036750915351,NA
511300,0,1,1.0969600647377344,NA
511301,0,1,1.8611430020051267,NA
511303,0,1,2.177571220499973,NA
511304,0,1,0.2466720428715054,NA
511306,0,1,0.8225436149114491,NA
511307,0,2,-0.10951363337567233,NA
511308,0,1,-0.5437663808594773,NA
511309,0,3,0.13332981342867703,NA
511310,0,1,-0.7911715178992696,NA
511311,0,1,0.7518538557461477,NA
511312,0,1,-0.2568583655047457,NA
511313,0,3,1.068950115268904,NA
511314,0,1,-0.18128259539511477,NA
511315,1,4,0.7567089542604749,4
511316,1,4,0.7390512372117507,4
511317,0,2,-0.608664271097498,NA
511318,0,1,0.6155009168757064,NA
511319,1,4,-0.3058863655798776,2
511320,1,4,0.3731545302740231,3
511321,0,3,-0.36608795174013214,NA
511322,0,1,0.6314189770889825,NA
520002,1,4,0.046857719977986816,3
520004,1,5,0.8067983273923315,5
520008,1,5,0.5347860301145965,5
520009,1,5,0.3745936601162332,4
520011,1,4,-0.2466236826685826,2
520019,1,4,0.01944952381780029,3
520021,1,5,-0.9165518934773549,1
520028,1,5,0.39016208925451423,4
52002F,0,0,-0.34656298590392476,NA
520030,1,5,0.2197619505825718,4
520033,1,5,0.06930715484526416,3
520034,0,3,1.0241453634520736,NA
520035,1,5,0.5895761849795735,5
520037,1,5,-0.32721188929811673,2
520038,1,4,0.673711411304925,4
52003F,1,5,0.09795978659178572,4
520041,1,4,-0.02824120278384532,3
520044,1,4,0.37376806525701606,3
520045,1,5,0.5303190885894825,5
520049,1,5,0.6022525931860274,5
52004F,1,5,0.8016520433192535,5
520051,1,5,-0.3179597983803088,2
520057,1,4,0.6532919921431666,4
520059,1,5,0.5260768869886036,5
520062,1,5,0.7118507629697696,5
520063,1,5,0.03553979572723099,3
520066,1,5,-0.17196213048540318,3
520070,1,5,0.7490644552954017,5
520071,0,3,-0.4587252721042837,NA
520075,1,5,0.33082922732613895,4
520076,1,5,-0.12836650953906714,3
520078,1,5,0.2882565646289173,4
520083,1,5,0.3047167493999566,4
520087,1,5,0.08466727862779885,4
520088,1,5,0.37018958951828995,4
520089,1,5,0.4007049143812544,4
520091,1,4,0.6213582277960775,4
520095,1,5,1.113971549522315,5
520096,1,5,-0.0027648287010132028,3
520097,1,5,0.0942768160898933,4
520098,1,5,0.4175158354338417,4
520100,1,5,0.09487737983261293,4
520102,1,5,0.4431263625571233,4
520103,1,5,-0.13900708899442238,3
520107,1,4,0.06484023897017613,3
520109,0,3,0.06979972009443088,NA
520113,1,4,-0.014627738914314264,3
520116,1,5,-0.05590656596922679,3
520136,1,5,0.3091084833392201,4
520138,1,5,0.13661898397028419,4
520139,1,5,0.22355523640940717,4
520160,1,5,0.42056137772965513,4
520177,1,5,0.21916218710656185,4
520189,1,5,0.2166979952263832,4
520193,1,5,0.35411681830179287,4
520194,0,3,1.2269679387532981,NA
520196,0,3,0.9533578289662985,NA
520198,1,5,0.2975167379567762,4
520202,1,5,0.11797606146670661,4
520205,0,2,0.3345312966375321,NA
520206,1,5,0.4806919899877604,5
520207,1,5,0.47695792632530787,5
520208,1,5,0.42700078583637624,4
520210,1,5,-0.031949168398633765,3
520212,0,3,0.18173830436415175,NA
520213,0,2,1.1020037843839763,NA
520214,0,1,-0.0871493532758463,NA
520215,0,2,-0.23899084826278588,NA
521300,0,2,0.393737228283528,NA
521302,0,1,0.8316172348941882,NA
521303,0,1,0.5321294278703227,NA
521304,0,1,1.0209286421929917,NA
521305,0,1,1.3015765084833981,NA
521307,0,1,0.42459948400080727,NA
521308,1,4,0.18988233620997097,3
521309,0,1,0.71506542548717,NA
521310,0,1,0.63980081917493,NA
521311,0,2,0.2997249609688386,NA
521312,0,2,1.431782412336428,NA
521313,0,1,-1.3268894378834362,NA
521314,0,2,-0.6837646894298054,NA
521315,0,3,0.0714985465137588,NA
521316,0,1,-0.37330098659175504,NA
521317,0,1,0.8990077851526337,NA
521318,0,1,0.5543129200300707,NA
521319,0,0,2.5551679548706914,NA
521320,0,3,0.6286250609544288,NA
521321,0,2,0.5687310083465766,NA
521322,0,2,-0.8647897027018594,NA
521323,0,1,-0.6004586920117098,NA
521324,0,3,-0.07197387718790997,NA
521325,0,2,-0.6746531399166484,NA
521326,0,3,0.20169210934434212,NA
521327,0,3,0.9179383438389959,NA
521328,0,1,0.3061002079977217,NA
521329,0,2,0.7368253244596559,NA
521330,0,3,0.7751227882987846,NA
521331,0,1,-0.06372114105846215,NA
521332,0,2,0.22843466317187544,NA
521333,0,3,0.9274494559372469,NA
521334,0,3,0.11022271809300892,NA
521335,0,3,0.05096551133196854,NA
521336,0,3,-0.7152340383634056,NA
521337,1,4,0.3240059728376447,3
521338,0,3,0.5989671875512492,NA
521339,0,2,0.45860462760705445,NA
521340,1,4,0.4406179652219281,4
521341,1,4,0.561697030514843,4
521342,0,0,-0.391105371228711,NA
521343,0,3,0.8262701200283284,NA
521344,0,1,-0.26149821787335054,NA
521345,0,3,0.4833145421484912,NA
521346,0,3,0.8989527562672995,NA
521347,0,2,1.558877397045858,NA
521348,0,3,0.8483938134423392,NA
521349,0,3,0.5235334532861904,NA
521350,0,3,-0.17074627486844673,NA
521351,1,4,0.2644166247646486,3
521352,1,4,0.05329303367241239,3
521353,0,1,-0.48200207062587797,NA
521354,0,2,2.0884162186062443,NA
521355,0,3,-0.374676168823345,NA
521356,0,1,0.7529932610098999,NA
521357,1,4,0.7532923603755665,4
521358,1,4,1.0504942382501727,5
521359,1,4,0.02811083704220608,3
530002,1,4,-0.07764451761175352,2
530006,1,5,0.06666284309752171,3
530008,1,5,-1.0586392118036518,1
530011,1,4,0.4495172648158492,4
530012,1,5,-0.12481043852786694,3
530014,1,5,-0.007573521894239571,3
530015,1,4,0.7831293593314352,4
530025,1,4,-0.27703599654207406,2
530032,0,2,-0.02997369270786593,NA
530034,0,2,0.027487245441549485,NA
53004F,1,4,0.9906204743371294,5
53005F,0,0,0.3563969919460418,NA
531301,0,1,0.6575582011941088,NA
531302,0,3,0.11867410588760945,NA
531303,0,0,0.666775241550686,NA
531304,0,2,-1.0003403830038107,NA
531305,1,3,0.09007344383458794,4
531306,0,2,0.19685470913452963,NA
531307,0,2,-0.7072179398510311,NA
531308,0,1,-1.5259093505455477,NA
531309,0,2,0.5619201562959159,NA
531310,0,3,0.8946433509639569,NA
531311,0,1,-0.18957785839294994,NA
531312,1,4,-0.01775635023618602,3
531313,0,3,1.0786203384545237,NA
531314,0,0,0.07108626195138168,NA
531315,0,0,0.006665317192180643,NA
531316,0,1,0.009024744096469084,NA
650001,1,3,-1.094777181010393,2
660001,0,2,-1.7044203488608254,NA
670005,0,3,-0.10346120815012536,NA
670006,0,3,0.2522224996009551,NA
670008,0,3,1.0969690891534878,NA
670010,0,0,-0.8622915587837053,NA
670023,1,5,-0.3425554447673345,2
670025,1,5,1.3074267146260032,5
670031,1,5,0.3755934154400741,4
670034,1,5,0.12112832487797873,4
670041,1,5,0.4442427597656098,4
670043,1,5,0.17747249127087125,4
670044,1,5,0.548176500727005,5
670047,1,5,-0.5215824882440772,2
670049,0,3,0.8810088214102474,NA
670053,1,4,0.03304296197872053,3
670054,1,4,0.2441588788700721,3
670055,1,5,-0.06617398682705235,3
670056,1,5,0.652142102000775,5
670059,0,3,0.6885419996521878,NA
670060,1,5,-0.5767127784885367,2
670062,0,1,1.0255006311636736,NA
670067,0,3,0.6889598102035012,NA
670068,1,5,0.22138720603574913,4
670069,0,3,-0.32482409109603716,NA
670071,1,5,0.4489484729836016,4
670073,1,4,0.5215209773737718,4
670075,1,5,0.19328604150398399,4
670076,1,4,-0.16391095430538322,2
670077,1,5,0.4023160666615966,4
670078,0,3,-0.08558347274034868,NA
670080,1,5,0.21091161694610938,4
670082,1,5,0.3976140052684708,4
670085,1,5,0.28716706944180637,4
670088,1,5,0.1037596795280549,4
670090,1,3,0.0611177155033929,4
670093,0,1,-1.917482377825591,NA
670098,1,5,-0.0985514360373693,3
670102,0,2,-0.5617780571151633,NA
670103,1,5,0.6535461661766834,5
670106,1,5,-0.2333386765634352,3
670107,0,1,-0.24709703359015467,NA
670108,1,5,0.7604464392338208,5
670109,0,0,0.08742517547026554,NA
670112,0,3,1.288173212272016,NA
670120,1,5,-0.7533735555127054,1
670122,1,5,0.7455933130487381,5
670124,0,1,0.7036988375707347,NA
670128,1,4,0.8389455411936013,4
670131,0,1,0.4714967034730876,NA
670132,1,3,0.29026877761400294,4
670134,0,1,0.6051421414486148,NA
670136,0,2,0.335673463882509,NA
670143,0,1,-0.36209445198832346,NA
670259,0,1,0.6234450736219013,NA
670260,1,5,0.43032191276337606,4
670265,0,3,-0.27222686274708097,NA
670266,0,1,0.12663760221626355,NA
670267,0,1,0.157834543759153,NA
670280,0,0,-0.48003439424351585,NA
670285,0,1,0.9917234688512817,NA
670300,1,4,0.54744103239464,4
670309,0,3,0.3122445253533992,NA
670314,0,1,0.5906136172366333,NA
670322,0,0,-3.1353909039204795,NA
671300,0,2,0.4993648776432902,NA
671301,0,0,1.5443367292950745,NA
