PROVIDER_ID,report_indicator,Total_measure_group_cnt,summary_score,star
010001,1,5,-0.14948687429948307,3
010005,1,5,-0.00499659094905769,3
010006,1,5,-0.6234461211225841,2
010007,1,4,-0.10754486933916722,3
010008,0,2,-0.8594839934731711,NA
010011,1,5,-0.7692174336414559,2
010012,1,5,-0.18869983969234702,3
010016,1,5,0.14565050360907747,4
010018,0,0,-0.039278335950080706,NA
010019,1,5,-0.2116940269047051,3
010021,1,4,0.2607428713903273,4
010022,0,2,0.2704488738108719,NA
010023,1,5,-0.4883018514000493,2
010024,1,5,-0.5176334592413474,2
010029,1,5,-0.34493961231492226,2
010033,1,5,-0.5287725583052709,2
010034,1,4,0.4480151052468573,4
010035,1,5,-0.34461175913723846,2
010036,1,5,-0.11801516617911312,3
010038,1,5,0.17367820514696936,4
010039,1,5,-0.39536950499203133,2
010040,1,5,-0.37668918261324247,2
010044,0,2,0.7192584815187253,NA
010045,1,4,0.038974851695107976,3
010046,1,5,-0.11200177516002507,3
010049,1,5,-0.1804759523879903,3
010051,0,0,-0.05498133469170822,NA
010052,0,3,0.3778310734536715,NA
010055,1,5,-0.5589767065274766,2
010056,1,5,0.3675240504612176,4
010058,0,1,0.467865403589389,NA
010059,1,3,0.4855758210762356,4
010061,1,5,0.14341350026148314,4
010062,1,4,0.28099959776807604,4
010065,1,5,0.5086419413429937,5
010069,1,4,-0.3917754950265907,2
010073,1,4,0.5947325493700965,4
010078,1,5,-0.6224954420897916,2
010079,1,5,-0.04588185749077147,3
010083,1,5,0.1137833389420327,4
010085,1,5,-0.516617621782349,2
010086,1,4,0.1539416005446217,3
010087,1,5,-0.18010063481664088,3
010089,1,5,-0.2835018512763949,3
010090,1,5,-0.015827702393732657,3
010091,0,1,0.4697850120408668,NA
010092,1,5,-0.7220580018647346,2
010095,0,0,0.5124586878988291,NA
010097,0,3,0.053588697195697386,NA
010099,1,4,-0.18251786970481962,3
010100,1,5,-0.016147722270718253,3
010101,1,4,0.3697277139099734,4
010102,0,0,-0.6620753937593978,NA
010103,1,5,-0.0791760366840734,3
010104,1,5,-0.07745296615612451,3
010108,1,5,0.9671020258362106,5
010110,0,0,-0.08234658456353189,NA
010112,1,4,-0.4245816939424729,2
010113,1,5,-0.6894829072962555,2
010114,1,5,-0.2855458531250801,3
010118,1,5,-0.1682871897458984,3
010120,1,4,0.2133754204000543,3
010125,1,4,1.3747890247254615,5
010126,1,5,0.16544160734417224,4
010128,0,2,-0.4894641135817461,NA
010129,1,4,0.08595402527054816,3
010130,1,4,-0.002582556502113687,3
010131,1,5,-0.1262631466272499,3
010138,0,0,0.030461071496556087,NA
010139,1,5,-0.46791922769455574,2
010144,1,5,-0.4033958549755473,2
010148,1,4,-0.2611561436556604,2
010149,1,5,-0.08796659835536472,3
010150,1,4,-0.37624620284277627,2
010157,1,4,0.09072818466326596,3
010158,1,5,-0.11720854629311658,3
010164,1,5,0.06937115461404647,4
010168,1,4,0.4867681589756361,4
010169,1,4,0.4557698066894265,4
010173,0,3,0.7983218223321775,NA
010174,0,0,-0.24297740707483062,NA
011300,0,0,0.1919029830981501,NA
011302,0,1,1.5287311131058496,NA
011304,0,1,0.3270885511818511,NA
011305,0,3,-0.8716079248264377,NA
011306,0,1,0.4748583323814247,NA
020001,1,5,-0.45322889220826357,2
020006,1,5,-0.06277596525580835,3
020008,1,5,0.09926716650803119,4
020012,1,5,-0.11625421032037203,3
020017,1,5,0.017935909988993456,4
020018,0,2,0.040333508819723723,NA
020024,1,5,-0.6802348862096449,2
020026,1,5,-0.4467019528296667,2
021301,0,1,-0.02768404843794101,NA
021302,0,0,-0.2986674092857132,NA
021304,0,0,0.6759076294047326,NA
021305,0,0,0.21370874738216206,NA
021306,0,0,-0.19103738102072684,NA
021307,0,0,1.4555676603570893,NA
021308,0,1,-0.3659609520992418,NA
021309,0,0,0.9279869019905317,NA
021310,0,0,0.8151326349319392,NA
021311,0,3,0.3766764429475714,NA
021312,0,0,-1.192119090859696,NA
021313,0,3,0.18183212331527962,NA
021314,0,1,-0.8874437539741076,NA
030002,1,5,-0.16885991954966764,3
030006,1,5,-0.05559156821632666,3
030007,1,5,0.27427968151254717,4
030010,1,5,-0.3445611644751292,2
030011,1,5,-0.17166676552655108,3
030012,1,5,-0.2794235448332922,3
030013,1,5,-0.49780826096060693,2
030014,1,5,-0.16010615573926507,3
030016,1,5,-0.31694958407388213,3
030022,1,4,-0.6387306567848835,2
030023,1,5,-0.013346982466524396,3
030024,1,5,0.06992417679369183,4
030030,1,5,-0.4701446642080742,2
030036,1,5,-0.34729674364688945,2
030037,1,5,-0.3094105363797955,3
030038,1,5,-0.5841025285810003,2
030043,1,5,0.23390299551068983,4
030055,1,5,-0.21471836222803553,3
030061,1,5,-0.3425667269601575,2
030062,1,5,0.42166689679932956,5
030064,1,5,-0.48267406531385054,2
030065,1,5,-0.4377157203186394,2
030068,0,3,-0.8241856951272853,NA
030069,1,5,-0.27765030932487395,3
030071,1,4,-0.238969708987181,2
030073,1,4,-0.40382168571830435,2
030074,0,0,-0.05498133469170822,NA
030077,0,0,-0.05498133469170822,NA
030078,0,1,-0.6182630210685522,NA
030083,1,5,-0.6524840808725796,2
030084,0,3,0.3055587552731141,NA
030085,1,5,-0.23855369217888228,3
030087,1,5,-0.019404142633784018,3
030088,1,5,-0.3210644993672113,3
030089,1,5,-0.4061526984238554,2
030092,1,5,-0.10903615739259317,3
030093,1,5,0.04407863538757289,4
030094,1,5,-0.3353651546808486,3
030101,1,5,-0.698556992085316,2
030103,1,5,0.8694296381682175,5
030105,1,4,0.7527965324156591,5
030107,0,2,1.7869140203236842,NA
030108,0,2,1.0108397446622386,NA
030110,1,5,-0.2920013423602307,3
030111,1,5,0.18162330545061417,4
030112,0,2,0.13217814521659238,NA
030113,0,0,0.573283594386183,NA
030114,1,5,0.35903300676361033,4
030115,1,5,-0.22512914582091478,3
030117,1,5,-0.6036331948122664,2
030119,1,5,0.239944771211729,4
030121,1,5,-0.7784643285746875,2
030122,1,5,0.2977883287835848,4
030123,1,5,0.3814342300120913,5
030130,1,5,0.2726150484898241,4
030131,0,2,0.6069449264595986,NA
030134,1,4,0.6986176491004247,5
030136,0,1,0.330158800215569,NA
030137,1,3,-0.29856660632531745,2
030138,1,3,-0.2543528138155012,2
030139,0,1,0.42853421841057593,NA
031300,0,1,-0.5419655810467937,NA
031301,0,1,-0.2764226849453631,NA
031302,0,1,0.004598183611304527,NA
031304,0,1,0.8426255877004107,NA
031305,0,0,0.5782043226019531,NA
031308,0,0,1.706172670306061,NA
031309,0,0,1.882444573167303,NA
031311,0,3,0.16606669244468125,NA
031312,0,1,0.24288375809428947,NA
031313,0,2,0.38257381676024077,NA
031314,1,4,-0.21915836825522814,2
031315,0,2,-0.3782300586054806,NA
031317,1,3,-0.4328328643141976,2
031318,1,4,-0.03246616222123871,3
040001,1,5,0.21486168211136397,4
040002,1,5,-0.35085708921722036,2
040004,1,5,-0.09522934451688675,3
040007,1,5,-0.41054437270994,2
040010,1,5,0.5829276730434129,5
040011,1,4,0.33138621992069683,4
040014,1,5,-0.3635510510202539,2
040015,1,4,-0.2796880197698703,2
040016,1,5,-0.4710360474186562,2
040017,1,5,-0.0018176435029981161,3
040018,0,2,0.5736241264529992,NA
040019,1,4,-0.361364171092292,2
040020,1,5,-0.5759881505757773,2
040022,1,5,-0.3353916405120903,3
040026,1,5,0.34212388459682447,4
040027,1,5,-0.31328286043665016,3
040029,1,5,-0.5277670786643377,2
040036,1,5,-0.8854144106190573,1
040039,1,5,-1.251932606232003,1
040041,1,5,-0.20752659290302164,3
040047,1,3,-0.2991209660472381,2
040050,1,5,-0.3262494377412065,3
040051,1,4,-0.13880616244307695,3
040055,1,5,-1.3315307067921487,1
040062,1,5,0.002460039153120215,3
040067,1,3,-0.3946705416537851,2
040069,1,4,-0.39728876313493117,2
040071,1,5,-1.1987803994320634,1
040072,1,5,0.28555476010241526,4
040074,0,0,-0.1758014446724688,NA
040076,1,4,0.44338660840159444,4
040078,1,5,-1.1763980127463276,1
040084,1,5,-0.0032111365934801572,3
040085,1,4,0.47436917939352824,4
040088,1,5,0.04953720706453594,4
040114,1,5,-0.8669112163646062,1
040118,1,5,-0.2164402613296125,3
040119,1,5,-0.1783160584458403,3
040134,1,5,0.03446342649320009,4
040137,1,5,0.17295682611920613,4
040147,0,3,1.0666656274641453,NA
040152,0,3,0.25641012190000545,NA
040153,1,3,0.7173794799292845,4
040154,1,5,0.27945059416069984,4
040156,0,1,0.0795957934453273,NA
041300,0,1,1.0968753860744989,NA
041302,0,1,0.2042216675007794,NA
041303,0,1,0.033294624639895805,NA
041304,0,1,0.6111915319452442,NA
041305,0,2,1.1203607237822695,NA
041306,0,2,-0.17807001050443386,NA
041307,1,4,0.019663595381322285,3
041308,0,1,-0.9237989826014037,NA
041309,0,2,0.026232515343120384,NA
041310,1,3,0.9681972481620096,5
041311,1,3,0.3025775511063154,4
041312,1,4,0.40480450326175105,4
041313,0,2,0.25987617636805405,NA
041314,0,2,-0.3005834015429185,NA
041316,0,1,-0.44043693415714524,NA
041317,0,1,0.7944035809169077,NA
041318,0,2,0.8581938666763889,NA
041320,0,1,0.7803771256848185,NA
041321,1,4,-0.21545424657264728,2
041322,0,2,0.09012090129399514,NA
041323,1,4,-0.2603428745837265,2
041324,1,3,0.5477873128768833,4
041326,0,2,0.12704161832483296,NA
041327,1,4,0.47134478616704073,4
041328,1,3,0.5459415223242131,4
041329,0,2,0.00997062115188059,NA
041330,0,2,0.0534598035763037,NA
041331,0,1,0.6815836001141752,NA
050002,1,4,-0.788736994619934,2
050006,1,5,-0.11324901061846722,3
050007,1,5,0.8652425581191905,5
050008,1,5,-0.4628100936706058,2
050009,1,5,-0.1991477947115228,3
050013,1,5,0.7259941871661296,5
050014,1,5,0.5219307542920496,5
050017,1,5,0.34568709408029064,4
050022,1,5,-0.27835973186232177,3
050024,1,5,0.24567362744637727,4
050025,1,5,0.622659541309012,5
050026,1,5,0.20602572158010674,4
050028,1,4,0.11945554980560061,3
050030,1,5,-0.85197523540259,1
050036,1,5,-0.748279372116488,2
050038,1,5,-0.5816984184284191,2
050039,1,5,-0.0986600740347142,3
050040,1,4,-0.3992574270100812,2
050042,1,5,0.15605663750377097,4
050043,1,5,0.1790296553921629,4
050045,1,5,-0.8187023676412453,1
050047,1,5,-0.05189125978349096,3
050054,1,5,-0.37290880125816095,2
050055,1,5,-0.1124797994117919,3
050056,1,5,-1.2930747825120181,1
050057,1,5,-0.21219732420965928,3
050058,1,5,0.4446887104377614,5
050060,1,5,-1.123191679400974,1
050063,1,5,-0.4475501469775698,2
050067,1,3,-0.043580111401862194,3
050069,1,5,0.10506211980482946,4
050070,0,2,0.28201499387259454,NA
050071,1,3,0.1378024310119688,3
050072,1,3,-0.4122428371249098,2
050073,1,5,0.9556392722545968,5
050075,1,5,-0.6017553948478747,2
050076,1,3,-0.13710630187790854,3
050077,1,5,-0.1044774078257365,3
050078,1,5,-0.3089909080702531,3
050082,1,5,-0.24232556448509057,3
050084,1,5,-0.3637626994431764,2
050089,1,5,0.15305345984872518,4
050090,1,5,-0.11704875527067765,3
050091,1,4,-0.27816686727471784,2
050093,1,5,-0.5090964277456314,2
050096,0,1,1.1557149062483283,NA
050099,1,5,0.034347166733411025,4
050100,1,5,0.3129559302551912,4
050101,1,5,-0.4783454960416253,2
050102,1,5,-0.8541308277023587,1
050103,1,5,-0.47709091196484454,2
050104,1,5,-0.5465139289538756,2
050107,1,5,-0.06496892711225805,3
050108,1,5,0.45648935831250026,5
050110,1,5,-0.4567678022264938,2
050112,1,5,1.0142524510886541,5
050113,1,4,-0.4208472304415137,2
050115,1,5,-0.1551235387590899,3
050116,1,5,0.11968577490060463,4
050118,1,5,-0.9407466977476038,1
050121,1,5,-0.7417995994184924,2
050122,1,5,-0.3525278097692694,2
050124,1,5,-0.550359759002425,2
050125,1,5,-0.49354549525033337,2
050126,1,5,-0.4572468312113344,2
050127,1,5,-0.793215408539126,2
050128,1,5,-0.486779526195029,2
050129,1,5,-0.49174793162211344,2
050131,1,5,0.42181923734729343,5
050132,1,5,0.3125933864725223,4
050133,1,5,-0.7531667110014516,2
050135,1,5,-0.3122808621404452,3
050136,1,5,0.15267833591774194,4
050137,0,2,-0.24988371274070442,NA
050138,0,2,0.2795743673784602,NA
050139,0,2,0.029222310600635022,NA
050140,0,2,0.39932222062371914,NA
050145,1,5,0.0695113231138422,4
050149,1,5,-0.12120338911556454,3
050150,1,5,0.22379628790750444,4
050152,1,5,-0.5099820790378462,2
050158,1,4,0.11982219221565002,3
050159,1,5,-0.4248036672882398,2
050167,1,5,-1.2174052539397857,1
050168,1,5,0.18971164116564798,4
050169,1,5,0.2570830518748359,4
050174,1,5,0.11510816363946148,4
050179,1,5,-0.3722296088675961,2
050180,1,5,0.2990883363395539,4
050191,1,5,-0.6077835347239161,2
050192,0,2,0.40956876374303197,NA
050194,1,5,-0.8339102007929956,1
050195,1,5,-0.630430827267102,2
050197,1,5,0.4641839600603175,5
050204,1,5,-0.45558070161278413,2
050205,0,0,1.4743219917240362,NA
050211,1,5,-0.3290541812816797,3
050222,1,5,0.013110207897237283,4
050224,1,5,0.5633505996543748,5
050226,1,5,-0.1978308841008719,3
050228,1,5,-0.8358369119604616,1
050230,1,5,0.3474909074342961,4
050231,1,5,-0.21973187214006284,3
050232,1,5,0.34656897062354125,4
050234,1,5,0.49816017209758967,5
050235,1,5,-0.1066808874891341,3
050236,1,5,-0.41753997103047175,2
050238,1,5,-0.298277396388138,3
050239,1,5,0.5401224371021283,5
050242,1,5,0.24565768637537683,4
050243,1,5,-0.6118650116230302,2
050245,1,5,-0.3363617461385387,3
050248,1,5,0.04643217538999784,4
050254,1,5,0.21851499895002746,4
050257,0,2,0.545500727400631,NA
050261,1,5,-0.7036803721209297,2
050262,1,5,0.3034387582867727,4
050272,1,5,-0.18635000140965463,3
050276,1,5,0.11607163064385358,4
050278,1,5,0.12501971845693366,4
050279,1,5,-0.40781833564980835,2
050280,1,5,-1.049833247102255,1
050281,1,5,0.9234680126192226,5
050283,1,5,0.317208693920068,4
050289,1,5,-0.38219849858088906,2
050290,1,5,0.10568801175359283,4
050291,1,5,0.8927276740032094,5
050292,1,5,-0.3729043716852947,2
050295,1,5,0.05963090297976485,4
050298,1,4,-0.7054639744320177,2
050300,1,5,-0.7737084603029069,2
050301,1,5,0.3217912515429667,4
050305,1,5,-0.20654370835111902,3
050308,1,5,0.4940788973039877,5
050309,1,5,0.4702716338685564,5
050313,1,5,0.3670549686139714,4
050315,1,4,-0.6756109369147999,2
050320,1,5,-1.0553380863967485,1
050324,1,5,0.5456126789204294,5
050327,1,5,-0.006395663522015649,3
050329,1,5,-0.08768070285480928,3
050334,1,5,-0.020149570801285925,3
050335,1,5,-0.1303583213244908,3
050336,1,5,-0.04478971675973306,3
050342,1,5,-0.1729382282584916,3
050348,1,5,-0.26993849432593536,3
050350,1,5,-0.42621320387956896,2
050351,1,5,-0.34159618235454037,3
050352,1,5,0.7347631304546467,5
050353,1,5,0.04003968164076588,4
050357,1,4,0.6059508636194444,4
050360,1,5,0.10547606192599795,4
050367,1,5,-0.1164600824460508,3
050373,1,5,-0.9383949333831423,1
050376,1,5,-1.3221912361782049,1
050378,0,2,-0.9138618353496779,NA
050380,1,5,-0.4262838493226341,2
050382,1,5,0.08101865019398208,4
050390,1,5,-1.516023970201106,1
050393,1,5,-0.2207675284834953,3
050394,1,5,0.2842164028892759,4
050396,1,5,0.19530305792973973,4
050407,1,4,0.3889368458153657,4
050411,0,2,0.09448146633218626,NA
050414,1,5,-0.42656619110776584,2
050417,1,4,-0.17457029153429351,3
050423,0,1,-1.1890871973475383,NA
050424,1,5,0.7830138378827054,5
050425,1,4,-0.16752673144742974,3
050426,1,5,-0.2672647069782993,3
050438,1,5,-0.056463495855737525,3
050441,1,5,0.45924396384199145,5
050444,1,5,-0.43944738157344687,2
050454,1,5,0.08294548241371943,4
050455,1,5,-0.23307066371537705,3
050457,1,5,-0.5844903950003356,2
050464,1,5,-1.0465762355098562,1
050468,1,5,-0.19061916740513501,3
050471,1,5,-0.1453387082050447,3
050481,1,5,-0.6650694832889514,2
050485,1,5,-0.2793666792089078,3
050488,1,5,-0.019548929231766717,3
050492,1,5,-0.6031089782652288,2
050496,1,5,0.3696869499750574,5
050498,1,5,0.6568968733535482,5
050503,1,5,0.02755351637451637,4
050506,1,5,-0.1677766985927326,3
050510,0,2,0.22692912886254377,NA
050512,0,2,0.04019201563818994,NA
050515,0,2,0.5610147373211996,NA
050516,1,5,-0.439982804585143,2
050517,1,5,-1.1269102837092961,1
050523,1,5,-0.2715146538923556,3
050526,1,4,-1.2902026762239194,1
050528,1,4,-0.26219619796292376,2
050534,1,5,-0.46962750412132914,2
050537,1,5,0.23436983770084358,4
050541,1,3,0.3330596729386657,4
050543,0,0,-0.03933754731405226,NA
050549,1,5,-0.17443781541788053,3
050551,1,5,-0.9534172037304764,1
050557,1,5,-0.1261066452351515,3
050561,0,2,0.17972255628142814,NA
050567,1,5,0.060857213704594834,4
050568,1,5,-0.3600482746000646,2
050570,1,5,-0.5071022533451521,2
050573,1,5,0.4710184433611815,5
050580,1,5,0.23629910961762518,4
050581,1,5,-0.2957170087152038,3
050586,1,4,0.5831718269882277,4
050588,1,5,0.07281749538555035,4
050589,1,5,-0.4179469059502146,2
050590,1,5,-0.7010670982956034,2
050597,1,5,-0.23819744741856308,3
050599,1,5,-0.005484915035582266,3
050603,1,5,-0.12214739272370169,3
050604,1,4,-0.32699011812932743,2
050608,1,5,-0.40617233950082937,2
050609,0,2,-0.021369908418425093,NA
050616,1,4,0.7255140409320673,5
050624,1,5,-0.39088329661146204,2
050625,1,5,0.5299189553545454,5
050633,1,5,-0.25906803569888154,3
050636,1,5,0.16326794357085175,4
050641,1,4,-0.3783303737698658,2
050663,1,4,0.36444175457247807,4
050668,0,0,-0.05498133469170822,NA
050674,1,4,-0.2700764569451226,2
050677,0,2,-0.0019464270605147327,NA
050678,1,5,-0.07048737272878981,3
050684,1,5,-0.5516425496361868,2
050686,1,3,0.18785003329117766,3
050689,1,5,-0.6420216880863372,2
050690,1,3,-0.2751315857219421,2
050696,1,5,0.20412893114736413,4
050697,0,1,0.6477022300837559,NA
050701,1,5,-0.6975989179317671,2
050704,1,5,0.7419469838871462,5
050708,0,2,1.372118566710103,NA
050709,1,5,0.06183165348329992,4
050710,1,3,0.007225343517807058,3
050714,0,2,0.8428655796665283,NA
050717,0,2,-0.28842299351745043,NA
050723,0,2,0.11948623660588084,NA
050724,1,5,0.11402369261898429,4
050726,0,2,1.361697970573854,NA
050735,1,5,0.7787477210407444,5
050736,1,5,-0.4995802740325629,2
050737,1,5,-0.11589303695919273,3
050738,1,3,0.8903314536161365,5
050739,1,5,0.17791788925271815,4
050740,1,5,-0.26295414805854145,3
050742,1,5,-1.1278334552276705,1
050744,1,3,-0.8603556720133798,1
050745,1,3,-0.6199982924896363,2
050746,1,5,-0.7903246673788697,2
050747,1,4,-1.110720232630783,1
050748,1,3,-0.46324237381186734,2
050755,1,5,0.4021436342573985,5
050757,1,5,0.10394728740145256,4
050758,1,3,-0.24943795090656318,2
050760,1,3,0.4253470638191654,4
050761,1,5,-0.03542134739621521,3
050763,1,4,1.1656025077178471,5
050764,1,5,-0.28362542795526013,3
050765,0,2,0.2110470362264215,NA
050766,0,2,0.5570916353222193,NA
050767,1,3,-0.13207288158139632,3
050769,0,2,2.069009927921143,NA
050770,1,5,-0.42116949369294304,2
050771,1,5,-0.7326435957473919,2
050772,1,3,0.05279916818120971,3
050775,1,5,-0.33257148513278245,3
050776,1,5,-0.7691028582756213,2
050777,1,3,-0.27145581425230236,2
050778,0,2,-0.06583152633077774,NA
050779,1,5,0.5310872290726473,5
050780,0,1,-0.15299900425204033,NA
050782,1,3,0.3655982747201575,4
050783,1,3,-0.2262370937039617,2
050784,0,2,0.8093799622707684,NA
050785,0,0,-1.0651756946959496,NA
051300,0,0,0.4846188109651888,NA
051301,0,2,-0.011849051880436154,NA
051303,0,1,0.7041391145888876,NA
051304,0,2,-0.03046061977936089,NA
051305,0,1,-2.3122201125316497,NA
051306,0,1,0.5493462402685624,NA
051307,0,0,-0.849899469844147,NA
051309,0,0,-0.2144927774668452,NA
051310,1,4,0.5039746963779259,4
051311,0,2,-0.6051585979141845,NA
051312,0,1,0.03753002021715319,NA
051314,0,1,0.5159455858905662,NA
051315,0,1,0.903167303767867,NA
051316,1,4,-1.5545618300444253,1
051317,1,4,0.7312406747404661,5
051318,1,4,0.6697860488268316,5
051319,1,4,0.10113180114193832,3
051320,1,4,-0.35939104013462075,2
051321,1,3,-0.06144386923497257,3
051323,0,0,-0.11117090859177778,NA
051324,1,4,-0.6980312233494391,2
051325,1,3,-0.23147545249888918,2
051326,0,1,-0.537994537647121,NA
051327,0,0,0.1995133561766255,NA
051328,1,4,-0.37682951776766344,2
051329,1,4,0.4148287939269818,4
051330,0,0,-0.20515112085183262,NA
051331,0,1,1.298581960186822,NA
051332,1,4,-0.6451147620685365,2
051333,0,2,-0.99806388946806,NA
051334,0,2,0.24753172656137343,NA
051335,0,0,-0.054282635934630036,NA
051336,0,0,1.539102663673413,NA
051337,0,0,0.0908072532141154,NA
060001,1,5,-0.4181675625560589,2
060003,1,5,-0.0890036876919013,3
060004,1,5,0.3559978449958018,4
060006,1,5,0.10623254337934036,4
060008,1,4,-0.5030583578538066,2
060009,1,5,0.09249045869771852,4
060010,1,5,0.7124370357098727,5
060011,1,5,-0.18855424572556695,3
060012,1,5,0.30078525107543086,4
060013,1,5,0.684632128886356,5
060014,1,5,-0.1258043092502894,3
060015,1,5,0.14686893525062028,4
060020,1,5,-0.20487565538795804,3
060022,1,5,0.11052816283220852,4
060023,1,5,0.13396671463335527,4
060024,1,5,0.3350842821266796,4
060027,1,5,0.5034886350930425,5
060028,1,5,0.40558067861627045,5
060030,1,5,0.30616334775307025,4
060031,1,5,0.4020835272962543,5
060032,1,5,0.6291400522470894,5
060034,1,5,-0.01982392139993927,3
060044,1,4,0.4302975538112558,4
060049,1,4,1.0382984374395903,5
060054,1,5,0.3086339446666221,4
060064,1,5,0.13578984117612394,4
060065,1,5,-0.018484662904132712,3
060071,1,5,0.2048990843927306,4
060075,1,5,0.34384444220094323,4
060076,1,4,-0.11967551096911297,3
060096,1,4,0.7486798645800378,5
060100,1,5,0.07671933202958263,4
060103,1,4,0.21554187670574754,3
060104,1,5,0.48796611740660173,5
060107,0,2,-0.010537727994479829,NA
060112,1,5,0.7164287338906142,5
060113,1,5,0.042372704955217486,4
060114,1,5,0.26376608710531724,4
060116,1,5,0.3502347583139734,4
060117,0,2,1.1598087292597616,NA
060118,0,3,0.674920790739626,NA
060119,1,5,0.4753292808430129,5
060124,0,2,1.3710460945510163,NA
060125,1,5,0.47984213968275347,5
060126,0,3,0.20442701391329715,NA
060128,1,5,0.7330552956307453,5
060129,0,3,0.4096467421116512,NA
060130,0,3,1.2054879972325427,NA
060131,0,2,0.4641748744661859,NA
060132,1,3,-0.14367222295044407,3
061300,0,1,1.414526186407405,NA
061301,0,2,0.7581350952777357,NA
061302,0,1,-1.9691588238136375,NA
061303,1,3,0.16346376135161378,3
061305,0,1,1.3192562898570186,NA
061306,0,0,0.8108787918748522,NA
061307,0,0,0.4253026194557608,NA
061308,0,1,0.15939351059024318,NA
061309,0,2,0.37504170844820633,NA
061310,0,2,0.4171166456795873,NA
061311,0,1,1.1738174776399697,NA
061312,0,1,0.5753598762760924,NA
061313,0,1,-0.4092020954800094,NA
061314,0,3,-0.6071945438781543,NA
061315,0,2,0.7608310758833011,NA
061316,0,2,-0.11760635861903125,NA
061317,0,3,0.6890675956507887,NA
061318,0,1,0.8785651748792231,NA
061319,0,0,-0.04500314057269525,NA
061320,0,3,-0.26242541044751694,NA
061321,1,3,1.0562119421927838,5
061322,1,4,0.6313513933235922,4
061323,0,3,-0.15632457058339383,NA
061324,0,3,0.6950510178741314,NA
061325,0,2,0.8485724219672628,NA
061326,0,3,0.511227461226636,NA
061327,1,4,0.21645530954440528,3
061328,0,0,0.24488099157066326,NA
061336,1,3,-1.427288742083667,1
061343,0,0,0.9040350717413745,NA
061344,1,4,-0.20438010918102406,2
070002,1,5,0.1336229420133353,4
070003,1,5,0.3386548318781947,4
070004,1,5,0.573111822981536,5
070005,1,5,-0.20411231221275428,3
070006,1,5,0.4654799754944887,5
070007,1,5,-0.12848399509410557,3
070008,1,4,0.33913383553495025,4
070010,1,5,-0.6483473858408184,2
070011,1,5,-0.48526128734278795,2
070012,1,4,-0.674274677773678,2
070016,1,5,-0.3394637532017562,3
070017,1,5,0.08706411235172506,4
070018,1,5,0.6299253716754375,5
070020,1,5,-0.04297383471548652,3
070021,1,5,-0.06349451925870006,3
070022,1,5,-0.14577649095297157,3
070024,1,5,-0.29153070298958833,3
070025,1,5,-0.07612671166879593,3
070027,1,5,0.1903707490788308,4
070028,1,5,-0.3137866199979734,3
070029,1,5,0.20093365753014109,4
070031,1,5,0.2996306525766695,4
070033,1,5,-0.16726170558857503,3
070034,1,5,-0.21398386883826043,3
070035,1,5,0.08382358539275034,4
070036,1,5,-0.12905495645892928,3
070038,0,0,0.9008878365315419,NA
070039,0,0,-0.3584970713950545,NA
070040,0,0,-0.05498133469170822,NA
080001,1,5,0.09795470986783547,4
080003,1,5,-0.3782364036705413,2
080004,1,5,-0.3766843570209218,2
080006,1,5,-0.16701926668897693,3
080007,1,5,-0.03818269906016831,3
080009,1,5,0.0896430393825052,4
090001,1,5,-0.9209825210837677,1
090003,1,5,-1.4119383412872837,1
090004,1,5,-0.2926532750675381,3
090005,1,5,0.26607772500895194,4
090008,1,5,-0.9036451367910677,1
090011,1,5,-0.042946354022506794,3
100001,1,5,-0.4480873176354743,2
100002,1,5,-0.23625459818310524,3
100006,1,5,-0.08785486189083112,3
100007,1,5,0.18176954197811174,4
100008,1,5,-0.12034628061119025,3
100012,1,5,0.34860447586415,4
100014,1,5,0.06168758899216648,4
100017,1,5,-0.839159472187307,1
100018,1,5,0.2650971517539066,4
100019,1,5,-0.04209811106276305,3
100022,1,5,-1.0831175908028619,1
100023,1,5,-0.662921268360943,2
100025,1,5,0.09796980121936114,4
100026,1,5,-0.6353717222852603,2
100028,1,5,-0.6995877085761095,2
100029,1,5,-0.72870170605686,2
100030,1,5,-0.24942363382969734,3
100032,1,5,-1.0613206001584594,1
100034,1,5,0.04297467740599921,4
100035,1,5,-0.8681093658900445,1
100038,1,5,-0.24915512706955328,3
100039,1,5,-0.5064896446312309,2
100040,1,5,-0.23372830760989863,3
100043,1,5,0.2955098140405191,4
100044,1,5,-0.3636689985122009,2
100045,1,5,0.3706662316075307,5
100046,1,5,0.5454500678433548,5
100047,1,5,-0.38770950173277596,2
100048,1,3,-0.45653637284787635,2
100049,1,5,-0.5039164005489536,2
100050,1,5,-0.9813894425827384,1
100051,1,5,0.3163180938996071,4
100052,1,5,-0.32128013218183765,3
100053,1,5,-0.3183710814010212,3
100054,1,5,0.2210727941017648,4
100055,1,5,0.1453650935557283,4
100057,1,5,0.06534886848433459,4
100062,1,5,-0.6401048936840718,2
100063,1,5,-0.2551193552773827,3
100067,1,5,-0.0411759663634524,3
100068,1,5,0.5018648916109925,5
100069,1,5,0.5295562624601055,5
100070,1,5,-0.4416716781279451,2
100071,1,5,-0.9612353876760836,1
100072,1,5,0.0601829996347447,4
100073,1,5,0.3395115209927628,4
100075,1,5,0.3169267801660246,4
100077,1,5,-0.8739998542436163,1
100080,1,5,-0.7322007766964552,2
100081,1,4,0.7034029184804734,5
100084,1,5,-0.7310355034660384,2
100086,1,5,-0.4035374321803951,2
100087,1,5,0.6715360810501056,5
100088,1,5,0.13995811541122977,4
100090,1,5,-0.04302356774822961,3
100092,1,5,-0.741527412695421,2
100093,1,5,0.11153240801604185,4
100099,1,5,-0.5197121879734286,2
100105,1,5,0.07931053505121173,4
100106,1,4,-0.21008056991867352,2
100107,1,5,0.20671649036684783,4
100109,1,5,0.18564018377091326,4
100110,1,5,-0.7415156110714828,2
100113,1,5,-0.1622425840086607,3
100117,1,5,0.6095367056088334,5
100118,1,5,0.013865659083207653,4
100121,1,5,-0.008064824274686425,3
100122,1,5,-0.10047034935442267,3
100124,1,5,-0.18768625427076077,3
100125,1,5,-0.6514974265099567,2
100126,1,5,-0.2724811235288361,3
100127,1,5,0.08346357001327795,4
100128,1,5,0.22918977637827023,4
100130,0,2,-0.06586035435857934,NA
100131,1,5,-1.0175958857860865,1
100132,1,5,-0.08573118701867366,3
100134,1,3,-0.401241471440801,2
100135,1,5,-1.0151685217932216,1
100137,1,5,-0.6021106834999965,2
100140,1,5,0.49997572326853623,5
100142,1,5,-0.2777881974651763,3
100150,1,5,0.0475089004729609,4
100151,1,5,0.7228515830082013,5
100154,1,5,-0.2797378703429381,3
100156,1,5,0.029857184534672544,4
100157,1,5,-1.3425776288519873,1
100161,1,5,-0.3335201260157083,3
100166,1,5,0.24354545744369893,4
100167,1,5,-0.6260656211950361,2
100168,1,5,-0.5184744102775912,2
100173,1,5,-0.31033601543185574,3
100175,1,5,0.4936730852188828,5
100176,1,5,-0.6161769845633779,2
100177,1,5,0.4907285432296418,5
100179,1,5,-1.0357987025058928,1
100180,1,5,-0.4091210474401968,2
100181,0,2,-0.3321492446968968,NA
100183,1,5,0.3572331389211023,4
100187,1,5,-0.5198545569666518,2
100189,1,5,-0.4501501027586281,2
100191,1,5,-0.18875283283883282,3
100200,1,5,0.06972564498453802,4
100204,1,5,-0.4657358649021114,2
100206,1,5,0.19542340682929474,4
100209,1,5,-0.9382020948330632,1
100211,1,5,0.17601916779843335,4
100212,1,5,-0.6895177037755208,2
100213,1,5,-0.8921190632285309,1
100217,1,5,-0.549305716785204,2
100220,1,5,0.149692943827064,4
100223,1,5,-0.4808055698703899,2
100224,1,5,-0.7405259334844082,2
100226,1,5,-0.11344476034629994,3
100228,1,5,-0.636612862457663,2
100230,1,5,-0.1715634337790392,3
100231,1,5,-0.4014879447595785,2
100232,1,5,-0.42499365081153057,2
100236,1,5,-0.7691415558916628,2
100238,1,5,-0.9508092237751328,1
100242,1,5,-0.35529694888711694,2
100243,1,5,-0.3968517961511177,2
100244,1,5,-0.13912771418569478,3
100246,1,5,-1.5934971413895562,1
100248,1,5,-0.7484939456238969,2
100249,1,5,-1.121672821066849,1
100252,1,5,0.004811357468465741,3
100253,1,5,0.34550871880413536,4
100254,1,5,-0.4136628161029443,2
100256,1,5,-1.1531742551075252,1
100258,1,5,-0.6429507892606194,2
100259,1,5,-0.10102578264783696,3
100260,1,5,-1.1474145210593085,1
100264,1,5,-0.7725876748892458,2
100265,1,5,0.30962803258309834,4
100266,1,5,0.6348657378239202,5
100267,1,5,0.1616810976061151,4
100268,1,5,-0.4848096169704301,2
100269,1,5,-0.7770714059206609,2
100275,1,5,-0.7063087449860426,2
100276,1,5,-0.580916967498596,2
100277,0,0,-0.05498133469170822,NA
100281,1,5,0.1018373127942683,4
100284,1,4,0.05719626706089116,3
100285,1,5,0.22893020721121077,4
100286,1,5,-0.06459958414253104,3
100287,1,5,-0.6353162611963553,2
100288,1,5,-0.6821751331945533,2
100289,1,5,-0.00737143881734696,3
100290,1,5,-0.659140457121233,2
100291,1,5,-0.3408842741396032,3
100292,1,5,0.3489456362363095,4
100296,1,5,0.37810451763399267,5
100299,1,5,0.30577077577366457,4
100302,1,5,-0.17364633360931964,3
100307,1,5,0.13676265929035536,4
100313,1,3,0.1627497704650592,3
100314,1,5,-0.05760426931362029,3
100315,1,5,0.17172881047410998,4
100316,1,5,0.5507199225551154,5
100319,1,5,0.7559888615508565,5
100320,1,5,-0.6223195612482668,2
100321,1,5,0.11989816334016604,4
100329,1,5,-0.5895795469318353,2
101300,0,2,1.2827384509014486,NA
101303,0,0,1.7618626725169437,NA
101304,0,1,0.5186365045472905,NA
101307,0,1,-0.2996476367067678,NA
101308,1,3,-0.25647846644265904,2
101309,0,1,0.11807437399057857,NA
101311,0,2,1.1018126964287618,NA
101312,0,1,-0.7702427664772848,NA
101313,0,2,0.7855708389165318,NA
110001,1,5,-0.28147920674150784,3
110002,1,5,-1.1702304325839792,1
110003,1,5,-0.4019119396443681,2
110005,1,5,0.603275653167077,5
110006,1,5,-0.13930195263150996,3
110007,1,5,-0.5783920571161202,2
110008,1,5,0.04110625780674908,4
110010,1,5,0.06571282995757381,4
110011,1,5,-0.33464562072887266,3
110015,1,5,-0.1382268902980061,3
110016,1,5,-0.5476328178129529,2
110018,1,5,-0.03594547771565581,3
110023,1,5,0.17912147429589936,4
110024,1,5,-0.2597229643542537,3
110025,1,5,-0.5124979059145812,2
110027,1,4,0.31344713965155685,4
110028,1,5,-0.393084909816266,2
110029,1,5,-0.1200377855316398,3
110030,1,5,-0.037950574260496875,3
110031,1,5,-0.925687609590261,1
110032,1,5,-0.05337814405245574,3
110034,1,5,-0.7445473356387862,2
110035,1,5,-0.22968455283241984,3
110036,1,5,-0.30338717848782987,3
110038,1,5,-0.35173823539500204,2
110040,0,2,-0.027906044947424213,NA
110041,1,4,0.3328377659003068,4
110042,1,5,0.054005486964850115,4
110043,1,5,0.005076799198347887,3
110044,1,5,-0.5135440325820492,2
110045,1,4,-0.12848668782601483,3
110046,1,5,-0.11684789492476713,3
110050,1,3,0.8605579429335412,5
110051,1,5,-0.008418842068285033,3
110054,1,5,-0.28781123158660843,3
110064,1,5,-0.8730059377743632,1
110069,1,5,-0.45614129634938927,2
110071,0,2,-0.10527158553530369,NA
110073,0,3,-0.5744798245856587,NA
110074,1,5,0.12966711373690606,4
110075,1,5,-0.13474281841141192,3
110076,1,5,-0.8396939823089054,1
110078,1,5,-0.19361793193055518,3
110079,1,5,-1.3554456810489854,1
110082,1,5,0.17098135438072792,4
110083,1,5,0.1568026309836404,4
110086,0,2,-0.49730936262814124,NA
110087,1,5,-0.05385788793215977,3
110089,1,5,-1.1758202160929931,1
110091,1,5,-0.5927325031213883,2
110092,1,4,-0.29790811237330705,2
110095,1,5,-0.5953858267662319,2
110100,0,2,1.0395228409257498,NA
110101,0,0,-0.16664396526922026,NA
110104,1,5,-0.7010143919335016,2
110105,1,5,0.0028267561700619503,3
110107,1,5,-0.949903558664424,1
110109,1,4,0.7103003645786562,5
110111,0,2,-0.2646953716998812,NA
110113,0,1,-0.07048823848223906,NA
110115,1,5,-0.8298208637793502,1
110121,1,4,0.09545483836517121,3
110122,1,5,-0.29754624228280707,3
110124,1,5,-0.046186778869017175,3
110125,1,5,0.709237048163746,5
110128,1,5,0.5291328879022764,5
110129,1,5,-0.2609575166779349,3
110130,0,1,-0.4043472539334216,NA
110132,1,4,-0.13077522250271723,3
110135,1,5,-0.5363372063845827,2
110142,1,4,0.5962936641339651,4
110143,1,5,-0.2761314126512424,3
110146,1,5,-0.048265519635624934,3
110150,1,5,-0.27042139423067413,3
110153,1,5,0.015335676946360413,4
110161,1,5,0.29343656320361133,4
110164,1,5,-0.16246912386852536,3
110165,1,5,-0.6388801169063519,2
110168,1,5,0.4904775942706188,5
110177,1,5,-0.4212872009468272,2
110184,1,5,-0.04001856495301098,3
110189,1,5,-0.33434715813490384,3
110190,0,0,-0.05498133469170822,NA
110191,1,5,-0.4157900851722746,2
110192,1,5,-0.6192909029574236,2
110194,0,3,-0.23370239939962628,NA
110198,1,5,-0.4719014253872001,2
110200,1,4,-0.04107695799741637,3
110201,1,5,0.21304539703074737,4
110209,0,0,2.3448715677823366,NA
110215,1,5,-0.37515896493450623,2
110225,1,5,0.3000772465634233,4
110226,1,5,-0.09677804726870018,3
110229,1,5,-0.26331307676671956,3
110230,1,5,0.06381337607952309,4
110233,1,4,0.40679416417111663,4
110234,0,1,0.17408412140807666,NA
110236,0,2,0.22925528420671132,NA
110237,0,0,0.10470300167606633,NA
111302,0,1,1.4265749624566584,NA
111303,0,0,1.7340176714115023,NA
111304,0,1,-0.016901188737565936,NA
111305,0,1,0.15321798252526644,NA
111306,0,2,0.21950495571076895,NA
111308,0,1,0.2468129992809736,NA
111310,1,3,0.20318174802170016,3
111311,0,0,0.2943904837292993,NA
111312,0,1,0.11966965893482376,NA
111313,0,2,0.7682191575590674,NA
111314,0,0,1.1783605558360242,NA
111316,0,0,1.8732426769387087,NA
111318,0,1,-0.4307862153663843,NA
111319,0,0,1.7544713572926969,NA
111320,0,3,0.6186142092245789,NA
111323,0,3,1.3742211986566562,NA
111324,0,2,0.5894148119907617,NA
111325,0,2,-0.2564637117729992,NA
111326,0,1,0.3769065230989331,NA
111327,1,4,-0.4921377052954998,2
111328,0,0,1.622637666989737,NA
111329,1,4,-0.5208633693334468,2
111330,0,1,1.2256863053369702,NA
111331,0,1,0.31179547777493255,NA
111332,0,1,0.8424814647114931,NA
111333,0,2,-0.18611913124240825,NA
111334,0,1,-0.8557418167657534,NA
111335,0,3,0.005642909301525075,NA
111336,0,2,0.4384366334758587,NA
111337,0,1,-0.5013145454020401,NA
120001,1,5,0.210220945907152,4
120002,1,5,-0.20479770504490025,3
120004,1,4,0.22603892915388119,3
120005,1,5,0.6203003161896828,5
120006,1,5,0.03941948000463253,4
120007,1,5,0.09934719064820052,4
120011,1,4,0.570175587551685,4
120014,1,5,0.06100260619116046,4
120019,1,5,-0.23237890844656697,3
120022,1,5,0.3930348343841868,5
120026,1,5,0.8352570506698638,5
120028,1,5,0.5273060019232747,5
121300,0,1,1.0700399808449206,NA
121301,0,0,-0.792465671338311,NA
121302,0,0,0.31240798781619317,NA
121303,0,1,1.0363554385720766,NA
121304,0,0,2.068157684676798,NA
121305,0,0,1.1407175811376256,NA
121306,0,1,-0.24650135734976608,NA
121307,0,0,1.4191675921920386,NA
121308,0,1,0.7947317250064522,NA
130002,1,5,0.1506498361046793,4
130003,1,5,-0.871400796942576,1
130006,1,5,0.4065882396574975,5
130007,1,5,-0.10524893035196015,3
130013,1,5,0.23190598656870123,4
130014,1,5,0.14983253176921432,4
130018,1,5,-0.3129511364334684,3
130025,1,4,0.6151998528909863,4
130028,1,5,-0.22406821090821932,3
130049,1,5,0.39393857558050804,5
130063,0,2,0.7142965036511872,NA
130065,1,4,0.5961864219102109,4
130066,0,3,1.1560218612874356,NA
130071,1,5,0.4025336604201808,5
130073,0,0,0.5623543362001839,NA
130074,0,0,-0.5791288425581302,NA
131301,0,0,-2.299986192434708,NA
131302,1,4,0.4379806485519175,4
131303,0,1,0.1396745143869828,NA
131304,0,0,0.7515441134340062,NA
131305,1,3,-0.06227487160341422,3
131307,0,2,0.423052187757745,NA
131308,0,0,1.5669476647788545,NA
131309,0,1,-0.033604501691680666,NA
131310,0,0,0.5233052155649275,NA
131311,0,3,0.8354364744002374,NA
131312,0,3,0.8805005957159499,NA
131313,0,0,0.6951975634505647,NA
131314,0,2,-0.49110780266768916,NA
131315,1,4,0.8017909753471573,5
131316,0,0,0.7817336338728552,NA
131317,0,2,0.07683383645354049,NA
131318,0,1,0.478653988154329,NA
131319,1,3,0.3875940502407146,4
131320,1,4,0.3769303555223493,4
131321,1,4,0.7872784976608087,5
131322,0,2,0.3311148950745487,NA
131323,0,3,0.7191031626023305,NA
131324,0,0,1.4277226592516479,NA
131325,1,4,0.004975415035037387,3
131326,1,4,-1.461021780968582,1
131327,1,4,-0.008962050844792343,3
131328,1,4,0.05129348409364126,3
140001,1,5,-0.12806075163044217,3
140002,1,5,-0.03531901246240236,3
140007,1,5,-0.3067220856399153,3
140008,1,5,0.04139320740579397,4
140010,1,5,0.7700380838070291,5
140011,1,5,-1.1047121310052104,1
140012,1,5,-0.07445997568220139,3
140013,1,5,0.5351609606445007,5
140015,1,5,0.19524856906284682,4
140018,1,5,-0.8479628561264796,1
140019,0,2,0.585121558279245,NA
140029,1,5,0.17767716627947727,4
140030,1,5,0.31073026727403896,4
140032,1,5,-0.019679144473671136,3
140034,1,5,0.7897043062216569,5
140040,1,5,-0.21103600008594858,3
140043,1,5,0.15187671688871537,4
140046,1,5,0.09706858958619,4
140048,1,5,-0.07681016822373457,3
140049,1,5,-0.4401133546127063,2
140052,1,5,0.3051253939202634,4
140053,1,5,-0.3169775843161915,3
140054,1,5,-0.39703592501632246,2
140058,1,5,0.011047443271345998,4
140059,1,4,0.2530184936923555,4
140062,1,5,0.0478708118759273,4
140063,1,5,0.5746451521631959,5
140064,1,5,0.09979282706449372,4
140065,1,5,0.5729837327220647,5
140067,1,5,-0.6906942872251344,2
140068,1,5,-1.0586337402629162,1
140077,0,1,-0.5066210669192938,NA
140080,1,5,-0.4128804448368665,2
140082,1,5,-0.5448218221856628,2
140083,0,2,0.09568596217716102,NA
140084,1,5,-0.40668923517783073,2
140088,1,5,-0.029527136747936403,3
140089,1,5,0.006113853414044738,3
140091,1,5,-0.0608541797571547,3
140093,1,5,-0.0883721303850567,3
140095,1,5,-0.2358000115369142,3
140100,1,4,0.03373693967707901,3
140101,1,5,0.28423923300696174,4
140103,1,5,-1.199276842001357,1
140110,1,5,0.45562578355972233,5
140113,1,5,-0.5738088998524771,2
140114,1,5,-0.47886013140907974,2
140115,1,3,-0.3431032699951809,2
140116,1,5,0.7353311996884822,5
140117,1,5,0.2739537529223668,4
140119,1,5,0.47994001154689425,5
140120,1,5,-0.15468631385120266,3
140122,1,5,0.5021685413462148,5
140124,1,5,-0.5895519800571694,2
140125,1,5,-1.0051848381774702,1
140127,1,5,-0.02171576978289054,3
140130,1,5,-0.022520756831438664,3
140133,1,5,-1.197411951715108,1
140135,1,5,-0.26020220051607573,3
140137,1,4,0.7123540514880934,5
140143,1,5,-0.3442781574742092,2
140145,1,4,0.37678317339836037,4
140147,1,4,0.15518158189115633,3
140148,1,5,-0.7420036514744522,2
140150,1,5,-1.1070887107911926,1
140155,1,5,-0.36606315346288,2
140158,1,5,-0.6705673168095588,2
140160,1,5,-0.27650117771780547,3
140161,1,5,-0.17203531730843385,3
140162,1,5,-0.4457267395501449,2
140164,1,5,-0.3458499548748935,2
140166,1,5,-0.3354225970982447,3
140167,1,3,-0.8547886507602931,1
140172,1,5,-1.1719787047974637,1
140174,1,5,0.04639820454761505,4
140177,1,5,-1.1736268502431884,1
140179,1,5,-0.28866010723770263,3
140180,1,5,-0.12824620276938997,3
140181,1,4,-1.8070786919237836,1
140182,1,5,0.21664587201966548,4
140184,1,5,-0.4099463895929502,2
140185,1,5,-0.08149953727894842,3
140186,1,5,0.3912558837127711,5
140187,1,5,0.3120366227842461,4
140189,1,5,-0.5599783616464462,2
140191,1,5,-0.702035347189333,2
140197,0,2,1.0936188824454272,NA
140200,1,5,0.7630217102710692,5
140202,1,5,0.18965459714301486,4
140206,1,5,-0.7180434957496772,2
140208,1,5,-0.5664032921309653,2
140209,1,5,0.17396400123538203,4
140210,1,4,0.1879337027398943,3
140211,1,5,0.5408455705143904,5
140213,1,5,0.2727409598514524,4
140217,1,5,-0.3533726029711714,2
140223,1,5,0.3590205229627166,4
140224,1,5,0.3438481848591691,4
140228,1,5,0.007084185646446622,4
140231,1,5,0.47143232539252405,5
140233,1,5,-1.133006427544461,1
140234,1,5,0.4293280368172473,5
140239,1,5,-0.13382566136279284,3
140240,0,2,0.3771305828897355,NA
140242,1,5,0.27552344461252526,4
140250,1,5,-0.026831987570695222,3
140251,1,4,-0.5402163550068534,2
140252,1,5,0.1636275172340169,4
140258,1,5,0.2716058842732266,4
140275,1,5,-0.18792573684409325,3
140276,1,5,-0.44976941258166214,2
140280,1,5,-0.21905262976273834,3
140281,1,5,0.3821423846078325,5
140286,1,5,0.3437437615446401,4
140288,1,5,0.31257139103532233,4
140289,1,5,0.2752821147726655,4
140290,1,5,-0.11390840854248808,3
140291,1,5,0.8410047655273187,5
140292,1,5,0.01491175812101038,4
140294,1,5,0.3999032543453997,5
140300,0,1,0.031717814624146246,NA
140304,1,5,-0.10196312186739084,3
141300,0,0,1.073097166189945,NA
141301,0,1,1.0420659741801042,NA
141302,0,0,0.7386172610991063,NA
141303,0,0,0.058610497332735434,NA
141304,0,1,0.8049620500860515,NA
141305,0,2,0.8539252961316636,NA
141306,0,1,-0.016060759885235754,NA
141307,0,2,-0.39187704919224386,NA
141308,0,1,0.9146505508803571,NA
141309,0,2,0.6631210583092011,NA
141310,1,3,0.31317530527842113,4
141311,1,3,-0.02642051530233472,3
141312,0,2,0.6563035109585986,NA
141313,0,2,-0.3416477772604372,NA
141315,1,3,0.33423829164035873,4
141316,0,2,0.6949217738949893,NA
141317,0,2,0.3092020459020698,NA
141318,0,2,0.47683483471799093,NA
141319,1,3,0.3161700830018873,4
141320,1,4,0.18597739688355472,3
141321,0,1,-0.6184006365007214,NA
141322,1,4,-0.46094914505078366,2
141323,1,4,0.6690444780466446,5
141324,0,2,-0.7143112854854837,NA
141325,0,2,0.3488326498298461,NA
141326,0,2,-0.43864226714981464,NA
141327,1,4,0.7810874578228341,5
141328,0,2,0.048628532114793926,NA
141329,0,0,0.8491154397594632,NA
141330,0,1,0.3958390055538661,NA
141331,0,1,0.18248993821343557,NA
141332,0,2,-0.435821841039444,NA
141333,0,0,-0.21671250733919473,NA
141334,1,3,0.4191662201365404,4
141335,0,2,0.11096373806997778,NA
141336,1,3,0.6085645069970604,4
141337,1,4,0.14831835888574957,3
141338,1,4,0.029663151425698482,3
141339,1,4,-0.5169972259033251,2
141340,1,4,0.3514157338378343,4
141341,0,2,-0.3651587801868412,NA
141342,0,2,0.1071233917620061,NA
141343,1,4,0.8711570126073049,5
141344,0,2,-0.7273438292535339,NA
141345,0,2,-0.08424223391960722,NA
141346,0,2,-0.5676443930575961,NA
141347,1,3,0.09793277466395346,3
141348,1,4,0.4909409485703379,4
141349,0,2,0.27997508041831143,NA
141350,1,4,0.7547775892479109,5
141351,1,3,-0.08403349747949229,3
150001,1,5,0.25069983466806556,4
150002,1,5,-0.2978604319699913,3
150004,1,5,-1.0293888355198004,1
150005,1,5,0.3199368883353947,4
150006,1,5,-0.6215169447156083,2
150007,1,5,0.20852648362199921,4
150008,1,5,0.4192426801526381,5
150009,1,5,-0.4501692888167969,2
150010,1,5,0.07278595335395925,4
150011,1,5,0.5840540811529729,5
150012,1,5,0.24461989002945791,4
150015,1,5,-0.6516228080504721,2
150017,1,5,-0.4129681562931554,2
150018,1,5,0.04741336452419193,4
150021,1,5,0.07620954094402747,4
150022,1,4,0.45734811967048417,4
150023,1,5,-0.10798733296211324,3
150024,1,5,-0.1826014224360944,3
150026,1,5,-0.2368894323713566,3
150030,1,5,0.4836058813335017,5
150034,1,5,-0.12715921559311244,3
150035,1,5,-0.3652802183033407,2
150037,1,5,0.19673677060479944,4
150042,1,5,-0.41042406740396015,2
150044,1,5,-0.08163111613278608,3
150045,1,5,0.22736203745516256,4
150046,1,5,-0.13300690504689439,3
150047,1,5,-0.6110238620076632,2
150048,1,5,-0.6209796008253619,2
150051,1,5,0.19696205454032042,4
150056,1,5,-0.5757478201100107,2
150057,1,5,0.5329452731987722,5
150058,1,5,-0.6095282278238849,2
150059,1,5,-0.2602028392836124,3
150061,1,4,-0.08495691305172845,3
150065,1,5,0.6621959290645427,5
150069,1,5,-0.4196859518017034,2
150072,1,3,-0.18152889420689225,2
150074,1,5,-0.4515416729657507,2
150075,1,5,0.11074556810510458,4
150076,1,5,-0.20607605505171228,3
150082,1,5,-0.2872906718795135,3
150084,1,5,-0.28952352986406915,3
150086,1,5,-0.09371822929377555,3
150088,1,5,-0.10315371969661273,3
150089,1,5,-0.150119122656927,3
150090,1,5,-0.8097555010505899,1
150091,1,5,0.5080799908679944,5
150097,1,5,-0.1034100738379918,3
150100,1,5,0.24937480739679285,4
150101,1,4,0.29632790931547925,4
150102,1,3,0.14251615830782424,3
150104,1,5,0.013550070998254178,4
150109,1,5,0.05903045130151577,4
150112,1,5,0.1253721458935218,4
150113,1,5,0.299023074981592,4
150115,1,5,0.04404066742798062,4
150125,1,5,-0.4012601018144277,2
150126,1,5,-0.0645387958892774,3
150128,1,5,-0.36508954794801324,2
150133,1,5,-0.14321695352696348,3
150146,1,5,0.2359486188368191,4
150149,1,3,0.948864547048925,5
150150,1,5,0.32596396634017155,4
150153,1,5,1.7000100337166821,5
150157,1,5,0.06095933399711258,4
150158,1,5,0.5685969513692276,5
150160,0,2,1.4995698272907043,NA
150161,1,5,0.4977136163799273,5
150162,1,5,-0.14338293928065377,3
150165,1,5,-0.4992423225413342,2
150166,0,2,0.032507898575369315,NA
150167,0,2,1.8809960128921324,NA
150168,0,2,1.7444390087910175,NA
150169,1,5,0.032774709037220906,4
150172,0,2,1.0488339367214536,NA
150173,1,5,0.10746022135845126,4
150177,0,2,0.9387417759573041,NA
150179,0,0,-0.7635892943401386,NA
150181,1,4,0.7122636369515912,5
150183,0,3,0.731178425791315,NA
151300,0,1,0.7898331273684628,NA
151301,0,3,0.4398471012054417,NA
151302,0,2,0.1396149550780834,NA
151303,0,1,-0.2277612768732657,NA
151304,1,3,0.1967456565003477,3
151305,1,4,-0.15636902634767644,3
151306,0,2,0.4734827483269693,NA
151307,0,2,0.4044270650901777,NA
151308,0,2,-0.3179125245916647,NA
151309,0,0,-1.7347990441009793,NA
151310,1,4,0.5690308136875845,4
151311,1,3,0.6125743650290053,4
151312,1,3,-0.287199530229568,2
151313,1,3,0.3137325880769067,4
151314,0,0,-0.3517638018232495,NA
151315,1,4,-0.02023071825234938,3
151316,1,3,0.47952102333333313,4
151317,1,3,0.28941794712204383,4
151318,1,4,0.3191683438560775,4
151319,0,1,-0.11955215282228213,NA
151320,1,3,-0.4644459975890378,2
151322,1,3,0.541263016512132,4
151323,1,4,0.16824829939446062,3
151324,1,3,0.1054440005047817,3
151325,0,2,-0.10980095415881762,NA
151326,1,3,0.055067173442255785,3
151327,0,2,-0.18647273726026345,NA
151328,1,3,0.8896096659844406,5
151329,1,5,0.3493942792990116,4
151330,1,4,-0.20376528238275812,2
151331,0,1,-0.07222936639037231,NA
151332,1,5,0.2223403883366021,4
151333,1,4,-0.31306011814799795,2
151334,1,4,-0.10311346147614783,3
151335,0,2,0.16860341730287662,NA
160001,1,4,0.11395959420406107,3
160005,1,5,0.5478311681698484,5
160008,1,3,-0.2665815885093568,2
160013,1,4,0.7196443275387039,5
160016,1,5,0.20748664928427468,4
160028,1,5,0.3626656495526367,4
160029,1,5,0.6126976004501582,5
160030,1,5,0.3615508682322085,4
160032,1,4,0.3194847781073643,4
160033,1,5,0.009158415097047214,4
160040,1,4,0.6442215248561098,5
160045,1,5,0.35881205481674083,4
160047,1,5,0.21194301263481347,4
160057,1,5,-0.43252264760655945,2
160058,1,5,0.10855390134933933,4
160064,1,5,-0.38666160541322925,2
160067,1,5,-0.452208321590242,2
160069,1,5,0.4929242144149229,5
160079,1,5,0.4409470647389584,5
160080,1,5,-0.432672602864819,2
160082,1,5,-0.06917226965587794,3
160083,1,5,-0.15795888709737047,3
160089,1,5,-0.08002249903812211,3
160101,1,4,-0.47878611680392097,2
160104,1,5,-0.24699339205531215,3
160110,1,5,0.12330423321078646,4
160112,1,5,0.12636431652503796,4
160117,1,5,0.5748002675006539,5
160122,1,5,-0.12050664620285437,3
160124,1,5,0.584271454398537,5
160146,1,5,-0.5862381820978904,2
160147,1,4,0.3912546399704862,4
160153,1,5,-0.7351378413555408,2
161300,0,0,0.43545195457862135,NA
161301,0,2,0.7565246368413386,NA
161302,0,2,0.43341007766985756,NA
161303,0,0,0.522162678059021,NA
161304,0,2,0.5419103192326753,NA
161305,0,0,0.3031271169163444,NA
161306,0,2,1.3733059354393962,NA
161307,0,2,1.0627275028546412,NA
161308,0,1,0.8320450153627539,NA
161309,1,3,0.5428103753060307,4
161310,0,0,0.982202641564587,NA
161311,0,1,0.49584295440444737,NA
161312,0,0,1.0503600736328478,NA
161313,0,1,0.10919690289395487,NA
161314,0,2,0.6936253199803794,NA
161315,0,0,1.5187679632085334,NA
161316,0,1,1.1702768544883133,NA
161317,0,1,0.3704320664793693,NA
161318,0,1,0.05209214784741792,NA
161319,0,0,-0.31620005402404394,NA
161320,0,0,-0.6425601568585401,NA
161321,0,0,0.36043616734595463,NA
161322,0,1,0.2030463558422056,NA
161323,0,0,1.061113719827032,NA
161324,0,0,-1.0991095250717808,NA
161325,0,1,0.0498096203441831,NA
161326,0,1,-0.3310253871172804,NA
161327,0,1,-0.24705010897140245,NA
161328,0,2,0.46116193695056773,NA
161329,0,2,0.5925182353162988,NA
161330,0,1,0.4673019214825544,NA
161331,0,2,0.6163460967443704,NA
161332,0,0,-0.08205678935818678,NA
161333,0,0,0.8684602249853568,NA
161334,0,1,0.0728103056954223,NA
161335,0,2,0.1527625330180319,NA
161336,0,0,-0.5598778541007021,NA
161337,0,0,-0.17119911139877597,NA
161338,0,0,0.6134573929645687,NA
161339,1,4,0.4477689521053872,4
161340,0,0,0.7594426327210565,NA
161341,0,1,0.19443046916073836,NA
161342,0,1,-1.3870684786229608,NA
161343,0,2,0.6454665363849504,NA
161344,1,3,0.2954918048564709,4
161345,0,1,0.2437970022377558,NA
161346,0,3,0.7030498512611261,NA
161347,0,2,0.5534730560278714,NA
161348,0,1,-0.7354121675905054,NA
161349,0,2,0.7573413009240355,NA
161350,0,2,0.6814539783604551,NA
161351,0,2,-0.34532058607769783,NA
161352,1,4,0.41602690922940216,4
161353,1,4,0.24421537231342955,4
161354,0,2,0.10086155026376309,NA
161355,1,3,0.3926537860791619,4
161356,0,2,-0.184262756873819,NA
161357,0,1,-0.60605649659268,NA
161358,1,3,0.004863660327042121,3
161359,0,3,-0.2728862626457832,NA
161360,0,2,0.26784849578904385,NA
161361,1,3,0.27587115635801834,4
161362,1,4,-0.15953926151093756,3
161363,1,3,-0.6681777805389887,2
161364,1,3,-0.264218805807199,2
161365,0,3,-0.6969463586028439,NA
161366,0,2,0.42683886272211263,NA
161367,1,5,0.46597742554691096,5
161368,0,3,0.40929074131392806,NA
161369,1,3,-0.3858390652811651,2
161370,0,2,0.45777331511338043,NA
161371,0,2,-0.35150817352870745,NA
161372,1,3,0.3650453569303992,4
161373,0,1,0.013956678761337993,NA
161374,0,2,-0.3420916394069607,NA
161375,1,4,0.2153390131238172,3
161376,1,4,0.6794548404516332,5
161377,0,2,0.12271419893200564,NA
161378,0,0,0.028719751838178792,NA
161379,1,3,0.5128447004990457,4
161380,0,1,0.27642821027456027,NA
161381,1,3,0.5941873558579325,4
170006,1,5,-0.6391863166260202,2
170009,1,4,0.8330578782164717,5
170012,1,5,-0.6242773405566615,2
170013,1,5,-0.1945195301838581,3
170014,1,5,0.21762949967080125,4
170016,1,5,-0.013669661248496261,3
170017,1,5,-0.44024552133599937,2
170020,1,5,-0.32668733553204404,3
170023,1,5,-0.763163339699432,2
170027,1,5,0.8230399081608682,5
170040,1,5,0.2867539628415261,4
170049,1,5,-0.12551675412191235,3
170068,1,5,-0.649922412899024,2
170074,1,4,-0.5494136540733001,2
170075,0,2,-0.09546124953329509,NA
170086,1,5,-0.08285022940771802,3
170103,1,5,0.4419749313709,5
170104,1,5,0.678394458702521,5
170105,1,4,-0.1693614774823339,3
170109,0,3,0.648470487178819,NA
170110,0,1,-0.12722811928480562,NA
170120,1,5,0.23317954330963533,4
170122,1,5,-0.9379150751946297,1
170123,1,5,0.020215911017623087,4
170133,1,4,0.46906192221737386,4
170137,1,5,0.09419607552378884,4
170142,1,5,-0.0677165357488243,3
170145,1,5,-0.2864352085729809,3
170146,1,5,0.04576102826378464,4
170150,1,3,-0.015666361414405815,3
170166,0,0,-0.4836545288511422,NA
170175,1,5,-0.2790598969174897,3
170176,1,5,0.3363905876957979,4
170182,1,5,0.28601076058196967,4
170183,1,3,2.1196241116773846,5
170185,1,5,0.7064024985531944,5
170186,1,4,0.10528890662642368,3
170187,0,2,0.7632304697423228,NA
170188,0,2,1.6336370542041085,NA
170190,0,2,1.0874323333787945,NA
170191,1,4,0.016597432119959343,3
170194,0,0,-0.7948714152800723,NA
170196,0,2,-0.3929925554043156,NA
170197,1,5,-0.11269563291038404,3
170198,0,1,-0.07425238769837728,NA
170199,0,0,0.11998178368901007,NA
170200,1,5,-0.40636436359589834,2
170201,0,0,-1.9089106238063154,NA
170203,0,2,2.220998203018542,NA
170204,0,1,0.2983988794351855,NA
171300,0,1,-0.27326072533906365,NA
171301,0,0,-0.22123390153406347,NA
171303,0,0,1.67832766920062,NA
171304,0,1,-0.427246286926966,NA
171306,0,1,0.3750802267570832,NA
171307,0,0,0.5426604383677636,NA
171308,0,1,0.9509941389139032,NA
171309,0,0,1.5669476647788545,NA
171310,0,0,-0.2463372241143909,NA
171311,0,2,0.29225785771576834,NA
171312,0,0,0.3834043760711715,NA
171313,0,1,0.29584438805663477,NA
171314,0,0,-0.3590659302931727,NA
171315,0,1,0.07491131405385659,NA
171316,0,1,1.0003958040041705,NA
171317,0,1,0.8469193198595361,NA
171318,0,0,1.323729679027735,NA
171319,0,1,0.2269436330975249,NA
171321,0,2,0.1474617934720293,NA
171322,0,1,0.13725929120105787,NA
171323,0,0,1.5669476647788545,NA
171324,0,0,1.1128725800321844,NA
171325,0,1,0.20756126226151805,NA
171326,0,0,-0.3682890679626787,NA
171327,1,3,0.009909017750580035,3
171328,0,1,-0.19023859637222768,NA
171329,0,2,0.6071213964180112,NA
171330,0,1,0.4162748936132461,NA
171331,0,0,0.22227425139879037,NA
171332,0,0,1.2520975855593908,NA
171333,0,2,0.20155771629119135,NA
171334,0,2,0.451400997869108,NA
171335,0,1,0.5551277998469523,NA
171336,0,1,-0.37427688957244676,NA
171337,0,1,0.3731920221314473,NA
171338,0,1,0.4012579920539483,NA
171339,1,4,0.16358594419707004,3
171340,0,2,1.4147292338684982,NA
171341,1,4,0.0609242725091628,3
171342,0,0,-1.752539616014777,NA
171343,0,0,0.31240798781619317,NA
171344,1,3,0.31338774137897607,4
171345,0,1,0.04016598774503652,NA
171346,0,2,0.6178409847121789,NA
171347,0,0,1.3995274318138367,NA
171348,0,0,0.5723864340171181,NA
171349,0,2,0.08959493878746617,NA
171350,0,1,0.3970285868558191,NA
171351,0,1,0.2951074663481362,NA
171352,0,1,0.015595043560711175,NA
171353,0,1,0.00969122710460725,NA
171354,1,3,-0.487432680968478,2
171355,0,2,0.6747866575580634,NA
171356,0,1,-0.12385060011227224,NA
171357,0,0,0.8764858406627335,NA
171358,0,0,0.014012118613945163,NA
171359,0,0,0.37440680550696226,NA
171360,0,1,0.2895360016085248,NA
171361,0,2,-0.6080636373049346,NA
171362,1,3,-0.05236073317542232,3
171363,1,4,0.41828476781800084,4
171364,0,0,-0.28666519269718777,NA
171365,0,0,0.6446550149987516,NA
171367,0,1,0.6729236633219327,NA
171368,0,0,-0.18126948018601244,NA
171369,0,1,0.8111474559289554,NA
171370,1,3,0.44951283988550794,4
171371,1,3,0.06490709096128552,3
171372,0,2,0.098975238213306,NA
171373,0,2,-1.3931020383447972,NA
171374,0,2,0.3023232186957777,NA
171375,1,4,0.5197521329416324,4
171376,0,2,-0.016867079681945035,NA
171377,1,3,0.45095826106441306,4
171378,0,2,1.374902947158048,NA
171379,1,3,-0.4961287614031603,2
171380,1,4,-0.5550482684394515,2
171381,1,3,0.2233183141014379,3
171382,1,3,0.5569678060183311,4
171383,1,4,0.17447768793787335,3
171384,1,4,-0.1474636176677778,3
171385,1,3,0.0677207276624495,3
180001,1,5,-0.5012553321298177,2
180002,1,5,-0.5563878275339204,2
180004,1,5,0.20799061430222973,4
180005,1,5,-0.43319219587853275,2
180009,1,5,-0.1311821090547081,3
180010,1,5,-0.18908334860146322,3
180011,1,5,0.01644995749286418,4
180012,1,5,0.0908027752740802,4
180013,1,5,-0.9317273696702368,1
180016,0,2,0.5266378802561419,NA
180017,1,5,-0.3722792389393707,2
180018,1,5,0.10520061158404032,4
180019,1,5,0.4977263410135747,5
180020,1,5,0.21412858852431887,4
180024,1,4,-0.08188226270995969,3
180025,1,5,0.6340629018026459,5
180027,1,5,-0.5377351549748861,2
180029,1,5,-1.3569231882099169,1
180035,1,5,0.30808588237814777,4
180036,1,5,-0.4235868919816878,2
180038,1,5,-0.04596526041907274,3
180040,1,5,-0.7348537575997753,2
180043,1,4,0.41182137722390316,4
180044,1,5,-0.9335866382326223,1
180045,1,5,0.04541076937120092,4
180046,1,4,0.64300949016917,5
180048,1,5,-0.5222154223306049,2
180049,1,5,-0.01689200126577929,3
180050,1,5,-0.6344433190849504,2
180051,1,5,-0.41834352696886334,2
180056,1,5,-0.36940623253576765,2
180064,1,5,0.6826444664806229,5
180066,1,4,0.6305037760004967,4
180067,1,5,-0.2500781808043432,3
180069,1,5,-0.7364797139785421,2
180070,1,5,-0.34528842120675785,2
180078,1,4,-0.20565472320449987,2
180079,1,4,0.3083504576303228,4
180080,1,5,-0.2217164628662464,3
180087,1,5,-0.12538142328007648,3
180088,1,5,-0.194383625746818,3
180092,1,5,0.2253983683951452,4
180093,1,5,-0.32029212405382923,3
180095,1,3,-0.43126513511908615,2
180101,1,5,-0.7738422432572968,2
180102,1,5,-0.2665610285057055,3
180103,1,5,-0.10777489239819688,3
180104,1,5,0.018578456531195817,4
180105,1,4,-0.4944707680558965,2
180106,0,2,-0.3667135003284128,NA
180115,1,3,-1.0858265496175334,1
180116,1,5,-0.6255532551648357,2
180124,1,5,-0.5133583281265633,2
180127,1,5,-0.6369838821736131,2
180128,1,4,-0.15942761584016735,3
180130,1,5,0.05217110505625321,4
180132,1,5,-0.5919790655738725,2
180138,1,5,-0.09804078264296853,3
180139,1,4,-0.455024276331339,2
180141,1,5,-0.7411622258777962,2
180143,1,5,-0.2304772310013708,3
180149,0,1,0.7019428626830791,NA
180154,0,0,0.0359094695332113,NA
181301,1,3,0.3687561541707709,4
181302,0,2,0.38880435831397236,NA
181304,0,0,0.0032006782756031082,NA
181305,0,2,0.40244469955887163,NA
181306,0,1,0.9099216203968152,NA
181307,0,1,0.15250470844648928,NA
181308,0,1,-0.5090351561723474,NA
181309,1,4,0.3726198522971479,4
181310,0,2,0.20714543654159978,NA
181311,0,1,0.835417037257397,NA
181314,0,1,-0.10411379924791646,NA
181315,0,2,-0.01109913687213443,NA
181316,0,0,-0.11611689083097299,NA
181317,0,2,-0.35380923406928666,NA
181318,1,3,0.22189805979132676,3
181319,1,3,-0.23428523224660924,2
181320,1,3,-0.2073858036356883,2
181321,0,1,-0.9036161332144776,NA
181322,0,1,0.3688801554105355,NA
181323,1,3,-0.12137489935391346,3
181324,0,1,-1.1008364076563246,NA
181325,0,2,0.6546416476900718,NA
181327,1,4,-0.12336437563274397,3
181328,1,3,0.3986215215039383,4
181329,1,3,0.7694031061952624,4
181330,0,1,-1.603570898563988,NA
181331,0,1,0.49625989470176335,NA
181332,0,0,-0.6260388963088444,NA
190002,1,5,0.4458070201205477,5
190004,1,5,0.15921668805796113,4
190005,1,5,-1.1440027947557754,1
190006,1,4,0.29418603782712627,4
190007,1,5,-0.11602277373187857,3
190008,1,5,-0.37258723840887453,2
190011,1,5,-0.18156579133347842,3
190013,1,5,-0.2098532381499797,3
190014,1,4,-0.19119968162680454,3
190015,1,5,-0.3033783879342315,3
190017,1,5,-0.2397614440224193,3
190019,1,5,-0.6165522687428868,2
190020,1,5,-0.6598123234980992,2
190025,1,4,0.35358267019158085,4
190026,1,5,-0.4723908724479862,2
190027,1,5,0.43684257135076704,5
190034,1,4,-0.20387798468643645,2
190036,1,5,0.05609077647777817,4
190039,1,5,-0.6282328769775832,2
190040,1,5,-0.0790380705980211,3
190041,1,5,-0.6890764540836405,2
190044,1,5,-0.4213864146250291,2
190045,1,5,0.3351410313670455,4
190046,1,5,-0.3083706163674497,3
190050,1,5,0.7839613943865793,5
190053,1,5,-1.4150371685905951,1
190054,1,5,-0.5509942456879272,2
190060,1,5,0.024353749109020273,4
190064,1,5,0.0672968852513854,4
190065,1,5,0.23117000057925957,4
190079,0,3,0.42043169722504126,NA
190081,1,4,-1.387328575050945,1
190086,1,5,0.0979480101055446,4
190088,1,3,0.19828354431572487,3
190090,0,2,-0.8913783533029892,NA
190098,1,5,-1.5917491392777743,1
190099,1,4,-0.35145097676371895,2
190102,1,5,-0.21373299104899984,3
190106,0,2,-0.18378957793152742,NA
190111,1,5,-0.11588135682741324,3
190114,1,4,0.16177180557701284,3
190116,1,4,-0.06234981043294101,3
190118,0,1,0.1673638224852154,NA
190125,1,5,-0.04120288139666276,3
190128,1,3,0.7132743963633097,4
190133,0,0,0.24519677884219684,NA
190140,1,4,0.2018926153116528,3
190144,1,5,-0.17869421980021857,3
190145,1,3,-0.7960360604649142,1
190146,1,5,0.1129413256669975,4
190151,1,3,0.009491742115643576,3
190160,1,5,-1.004311525576826,1
190164,1,5,-0.40167483085460626,2
190167,1,5,0.8279924416770813,5
190176,1,5,-0.37325429895607554,2
190183,1,5,0.3378133634288598,4
190184,1,4,0.43902212156311005,4
190190,1,3,0.8756155357357547,5
190201,1,5,0.17676677529052975,4
190202,1,5,-0.24127069856940112,3
190204,1,5,0.5081549023598793,5
190208,1,3,-0.6299715400853607,2
190218,1,3,-0.07030624137233676,3
190241,0,2,0.8316768957513034,NA
190245,0,1,-0.12261533804549651,NA
190251,0,2,1.489112405596366,NA
190255,0,2,1.1981034044516068,NA
190256,0,1,0.1766842254076394,NA
190259,0,2,0.8703595717547886,NA
190266,0,1,1.0972304811577902,NA
190267,0,2,1.1138399914866122,NA
190270,0,2,-0.5177245898367033,NA
190274,1,5,-0.2173906850799284,3
190278,0,2,0.9920711364738105,NA
190298,0,3,0.3201202357727597,NA
190303,0,2,-0.03879500300835398,NA
190307,0,0,1.1407175811376256,NA
190308,1,4,0.35606092983241117,4
190312,1,4,0.3590766919649012,4
190313,0,3,0.08631824124117501,NA
190317,0,0,0.0822011420482586,NA
190318,0,0,1.1148078290035437,NA
191300,0,0,0.9528430132413432,NA
191301,0,1,-1.0503336830377838,NA
191302,0,1,-0.5640131717196697,NA
191303,0,1,0.9167348009926698,NA
191304,1,3,0.3118322694414295,4
191305,0,2,0.6119463628855694,NA
191306,0,1,0.1122816203149716,NA
191310,0,2,-0.4056757037458598,NA
191311,0,0,0.9086456292335388,NA
191312,0,2,0.3514341710633662,NA
191313,0,1,-0.5905918846108497,NA
191315,1,3,-0.16368005627034465,2
191316,0,0,0.9647513052277432,NA
191317,0,2,-0.29383295040128554,NA
191318,0,2,0.037368973066323086,NA
191320,0,0,-0.8375183968074844,NA
191321,0,2,0.035678724537971926,NA
191322,0,1,0.06368480430961049,NA
191323,0,2,0.7229876222948607,NA
191324,1,4,0.377921552671813,4
191325,0,1,-0.13355169767497693,NA
191326,0,1,0.028096048785554384,NA
200001,1,5,-0.2752610623616947,3
200008,1,5,-0.10496845568161194,3
200009,1,5,0.36555451102347775,4
200018,1,4,-0.47528563969305265,2
200019,1,5,-0.11233745329786707,3
200020,1,5,0.3142920428824175,4
200021,1,5,0.05894789198342177,4
200024,1,5,-0.010286267910107155,3
200031,1,5,0.3373995746366706,4
200033,1,5,-0.442731488710768,2
200034,1,5,-0.07272836884739844,3
200037,1,4,0.613764240808691,4
200039,1,5,0.039378800282836315,4
200041,1,5,0.030501759705328355,4
200050,1,5,-0.10778808944481336,3
200052,1,4,0.1754217314399781,3
200063,1,5,0.1274857914993671,4
201300,1,3,0.15726470666124415,3
201301,0,0,0.7031870087336038,NA
201302,1,4,0.4510020725930735,4
201303,0,1,0.11147251071021255,NA
201304,0,2,-1.1407604826201958,NA
201305,0,2,0.6204861515169467,NA
201306,1,4,-0.194843686095016,3
201307,1,3,0.04908673122718629,3
201308,1,4,-0.14313021205210022,3
201309,1,4,0.19552957651784075,3
201310,1,4,0.16009534853508542,3
201311,0,3,0.22054969949938305,NA
201312,1,5,-0.07856831406999638,3
201313,1,4,-0.47101917600421944,2
201314,1,5,0.8451988824364058,5
201315,1,4,0.4194324279077164,4
210001,1,5,-0.4995061929457291,2
210002,1,5,-0.5608861852281235,2
210003,1,5,-0.8902419832429271,1
210004,1,5,-0.667419708919316,2
210005,1,5,0.1612527245809422,4
210006,1,5,-0.845701105072564,1
210008,1,5,0.27655303859000013,4
210009,1,5,0.04834897113929225,4
210011,1,5,-0.413497553342924,2
210012,1,5,-0.33551097560540794,3
210013,1,3,0.046716103478500054,3
210015,1,5,-0.4834664434376473,2
210016,1,5,-0.15314158448720694,3
210017,1,5,0.2818645523468256,4
210018,1,5,-0.011358750462453257,3
210019,1,5,-0.04914793061147933,3
210022,1,5,-0.015181059658779762,3
210023,1,5,0.02888139870060544,4
210024,1,5,0.5926003247015045,5
210027,1,5,-0.3860167630623919,2
210028,1,5,0.020344837657654456,4
210029,1,5,-0.4469683241881681,2
210030,1,4,0.3337964967285806,4
210032,1,5,-0.48979903788594964,2
210033,1,5,-0.666113017648752,2
210034,1,5,-0.3313409623796798,3
210035,1,5,-0.5385659512273443,2
210037,1,5,0.03093245479307906,4
210038,1,5,-0.3364338428828467,3
210039,1,5,0.11607087271249318,4
210040,1,5,-0.5872659443559027,2
210043,1,5,-0.3772525557918379,2
210044,1,5,-0.23242052854364392,3
210048,1,5,0.09252360108516504,4
210049,1,5,-0.5366624575371469,2
210051,1,5,-0.7734305051942036,2
210055,0,2,-0.22531831415839876,NA
210056,1,5,-0.3294786829120692,3
210057,1,5,-0.12549545232723297,3
210058,0,0,0.061630577836270045,NA
210060,1,5,-0.47017600456401965,2
210061,1,5,0.06285560517307341,4
210062,1,5,-0.4688474307957522,2
210063,1,5,0.829182063225022,5
210064,0,0,0.30048470468948973,NA
210065,1,5,-0.41158496255139043,2
220001,1,5,-0.38423492840768086,2
220002,1,5,0.2782721090268143,4
220008,1,5,-0.15799652532240932,3
220010,1,5,-0.3401550383882668,3
220011,1,5,0.11521304697483734,4
220012,1,5,-0.2659737000576989,3
220015,1,5,0.3748570617870081,5
220016,1,5,-0.35625281219590865,2
220017,1,5,-0.1986521268970325,3
220019,1,5,-0.4183840754507458,2
220020,1,5,0.13228662029486554,4
220024,1,5,0.17844791710424207,4
220029,1,5,-0.05860937580170934,3
220030,1,5,0.3980693677181342,5
220031,1,5,-0.5025229738103902,2
220033,1,5,0.04996675160013782,4
220035,1,5,0.14974478017648432,4
220036,1,5,-0.39345589783827106,2
220046,1,5,-0.014885171474961328,3
220049,1,5,-0.12731765481599805,3
220052,1,5,-0.30324376467094966,3
220060,1,5,0.3614046538929284,4
220062,0,0,-4.199609999773054,NA
220063,1,5,-0.3710820290926521,2
220065,1,4,-0.014710526015183703,3
220066,1,5,0.14873966673846928,4
220070,1,5,-0.08317610672394604,3
220071,1,5,0.4952705888406581,5
220073,1,5,-0.23577961506165046,3
220074,1,5,-0.45765570176641424,2
220075,0,2,0.04325842587664301,NA
220077,1,5,-0.4034589802701873,2
220080,1,5,-0.4547113685600354,2
220083,1,5,0.5202433815505536,5
220084,1,5,0.6613740646306635,5
220086,1,5,-0.06594144707241956,3
220088,1,3,2.0677456625344144,5
220090,1,5,0.5383982931005673,5
220095,1,5,-0.06131028278909129,3
220098,1,5,0.12869586720791054,4
220100,1,5,0.1837164565481826,4
220101,1,5,0.5927311694536354,5
220105,1,5,0.6996235423197209,5
220108,1,5,0.31008099507320747,4
220110,1,5,0.17956165622987774,4
220111,1,5,-0.30798921923132766,3
220116,1,5,0.18658032885889736,4
220119,1,5,0.3661848141399183,4
220126,1,5,-0.1256730581929186,3
220135,1,5,0.34125916617834995,4
220163,1,5,-0.6977063461100964,2
220171,1,5,0.27610285775604276,4
220175,1,5,-0.4566458302750215,2
220176,1,5,-0.25526438597548984,3
220177,0,2,0.061756108088681365,NA
221300,1,4,0.8900850536887529,5
221302,1,4,0.8996364465328297,5
221303,1,3,-0.5538911634788545,2
230002,1,5,-0.12777191577490077,3
230003,1,4,0.6273571158082611,4
230005,1,5,0.4956293559178951,5
230013,0,0,-1.1991754855104801,NA
230015,1,4,0.22652689403505186,3
230017,1,5,0.34333824409530017,4
230019,1,5,0.034350812611538786,4
230020,1,5,-0.6482790057862097,2
230021,1,5,0.2516689352398694,4
230022,1,5,-0.20147742945411348,3
230024,1,5,-1.1566038510714631,1
230029,1,5,-0.09010882320455557,3
230030,1,5,-0.5257703738889666,2
230031,1,5,0.6290731948432571,5
230035,1,5,0.5129678989233802,5
230036,1,5,-0.012872247533369179,3
230037,1,5,-0.5844832691167796,2
230038,1,5,-0.1758765035897714,3
230041,1,5,-0.23396078804909237,3
230046,1,5,0.4686136981461583,5
230047,1,5,0.028605861705105873,4
230053,1,5,-0.16866140819686576,3
230054,1,5,-0.31547973276613245,3
230055,1,5,0.11889247987026431,4
230058,1,5,0.2728147266785912,4
230059,1,5,0.20922189209571557,4
230066,1,5,0.36056394153620813,4
230069,1,5,0.4384573072369559,5
230070,1,5,-0.148422443258873,3
230071,0,0,-1.3759137068637097,NA
230072,1,5,0.6677798821950333,5
230075,1,5,-0.18766085397031163,3
230077,1,5,-0.8160181487696352,1
230078,0,1,-0.4991816175817002,NA
230080,1,5,0.8341520867606917,5
230081,1,5,0.6300563653022432,5
230085,1,3,0.40799109078021045,4
230089,1,5,0.16911483686533282,4
230092,1,5,0.2522171106502795,4
230093,1,4,0.10123987903337782,3
230095,1,5,0.37785023903597886,5
230096,1,3,0.09280729018314371,3
230097,1,5,0.30920352381950283,4
230099,1,5,-0.25257279973933,3
230100,1,5,0.17660772130563135,4
230104,1,5,-0.5944259691189122,2
230105,1,5,0.6413009018311738,5
230108,1,4,-0.44852652037783813,2
230110,1,5,0.0958666174898553,4
230117,1,5,0.14796112591391303,4
230118,1,4,0.04712763846494324,3
230121,1,5,0.11994871520668789,4
230130,1,5,0.0028352730401435336,3
230132,1,5,-0.6902419436719687,2
230133,1,5,0.7841102381813567,5
230141,1,5,-0.42701040271486895,2
230142,1,5,-0.3340740993224895,3
230144,0,1,0.12117656100063096,NA
230146,1,5,-0.5373307805792009,2
230151,1,5,-0.03653983056859598,3
230156,1,5,0.5946291426703337,5
230165,1,5,-0.4109976028440118,2
230167,1,5,-0.21905096039812155,3
230174,1,4,0.26281661919772736,4
230176,1,5,0.24645396483463292,4
230180,1,4,-0.13981821752961268,3
230193,1,5,0.018345055041871113,4
230195,1,5,-0.854796561275707,1
230197,1,5,-0.38803643663099185,2
230207,1,5,-0.21520468107756682,3
230208,1,4,0.2452810163368228,4
230216,1,5,-0.0773939693074807,3
230217,1,5,0.41984876707436986,5
230222,1,5,0.07891085513336517,4
230227,1,5,-0.5365085672788554,2
230230,1,5,-0.19939890939422683,3
230236,1,5,0.32766569333325407,4
230239,1,5,-0.1298854788165505,3
230241,1,4,-0.0331247460057585,3
230244,1,5,-0.5313147319908931,2
230254,1,5,-0.07025303907675964,3
230259,1,5,0.993568716444776,5
230264,0,0,-0.03067358578592249,NA
230269,1,5,0.13622908157268693,4
230270,1,5,-0.7745053788019278,2
230273,1,5,-1.2008737658331032,1
230275,0,0,0.07560483032215576,NA
230277,1,5,-0.32244850140468845,3
230279,0,0,1.4897259486991916,NA
230297,1,4,0.7146786140460875,5
230301,0,2,0.49737296476244147,NA
230302,1,5,-0.1286239515192966,3
230303,1,5,-0.27619574373687544,3
231300,0,1,0.8338479711204363,NA
231301,0,2,0.8218574194220073,NA
231303,0,3,0.6459384070788544,NA
231304,0,2,0.3061067632908963,NA
231305,1,4,0.7777258035262626,5
231306,0,2,0.8729659992319411,NA
231307,0,2,-0.4868766783783836,NA
231308,0,0,1.0100476426700282,NA
231309,0,1,0.013414615240316036,NA
231310,0,3,0.8245389527149447,NA
231311,0,0,-0.3381803871125886,NA
231312,0,0,0.7308731606996468,NA
231313,0,1,-0.7332376609537675,NA
231314,0,1,0.7005107879364445,NA
231315,0,2,0.9562753344275623,NA
231316,0,3,0.7026088359308744,NA
231317,0,1,-0.42627822534882837,NA
231318,1,4,0.41659585674266125,4
231319,1,4,0.04976413744150526,3
231320,0,1,1.035930148471821,NA
231321,0,3,0.23327344412083834,NA
231322,0,2,0.35693431587656116,NA
231323,1,3,0.0928639115744482,3
231324,0,3,0.691728235562157,NA
231325,1,4,0.5706580243016075,4
231326,1,4,-2.637089086462658,1
231327,1,4,0.38712021800599655,4
231328,1,4,0.48869030146939074,4
231329,0,0,0.5279913783780494,NA
231330,0,2,-0.045305204337844185,NA
231331,1,4,0.5100287400549349,4
231332,1,4,-0.1745069782689009,3
231333,1,4,0.20873324246820063,3
231337,1,4,1.08248883279378,5
231338,1,4,0.7847008278420352,5
231339,1,4,0.46391476356461625,4
240001,1,5,0.10270692450927846,4
240002,1,5,0.5017041308788224,5
240004,1,5,-0.37768553594351173,2
240006,1,4,0.5535548196201869,4
240010,1,5,0.962459301978833,5
240014,1,4,0.6498505139080986,5
240018,1,5,0.5385969323395225,5
240019,1,3,0.45159681917353567,4
240020,1,5,0.24526574488343278,4
240022,1,4,-0.4525354541465323,2
240030,1,5,0.06915038753622897,4
240036,1,5,0.20490200490505875,4
240038,1,5,0.10168488655715617,4
240040,1,5,-0.18115315907917323,3
240043,1,5,0.16468527460505109,4
240044,1,5,0.48179140056246134,5
240047,1,5,-0.15576247408106206,3
240050,1,5,0.4333673814825414,5
240052,1,5,-0.29326438078083417,3
240053,1,5,0.2546133086837825,4
240056,1,5,0.5880801787723539,5
240057,1,5,0.15896688701085293,4
240059,0,3,0.2935593497956854,NA
240063,1,5,-0.4237849802455568,2
240064,1,5,-0.06263229493331016,3
240066,1,5,0.6357299769566476,5
240069,1,5,0.626014596136763,5
240071,0,3,0.7597046828603985,NA
240075,1,5,0.23057203177053381,4
240076,1,4,0.7535471944137424,5
240078,1,5,0.2752273514056463,4
240080,1,5,-0.5134309900304453,2
240084,1,4,-0.5596613255396711,2
240088,1,5,-0.1612329848751371,3
240093,1,5,0.31215551409714654,4
240100,1,5,-0.017559089839505486,3
240101,1,5,0.19865397285208253,4
240104,1,5,0.2920114350358962,4
240106,1,5,-0.24891374398125005,3
240115,1,5,0.23953680776443903,4
240141,1,4,0.4671676416018928,4
240166,1,4,0.2354865564669512,3
240187,0,3,0.5144876598441847,NA
240206,0,0,0.23362166677852517,NA
240207,1,5,0.2537455297651964,4
240210,1,5,0.2859572723713578,4
240213,1,5,0.6656486259136312,5
240214,1,5,0.6249309558441717,5
241301,0,0,1.5112576625679717,NA
241302,0,0,0.7335074717855194,NA
241303,0,0,0.6647139396426645,NA
241304,0,1,0.21749204271874228,NA
241305,1,4,0.5654137236807025,4
241306,0,2,0.11243389775413562,NA
241308,0,0,0.5399739582387371,NA
241309,0,0,-0.3729191653227156,NA
241311,0,1,-0.48886242983442557,NA
241312,0,0,0.8151326349319392,NA
241313,0,0,1.2520975855593908,NA
241314,0,0,1.1214276470917937,NA
241315,0,0,0.8622675700832125,NA
241316,0,0,0.05200380731865003,NA
241317,0,0,-0.5488974740991499,NA
241318,0,0,-0.5647636390598341,NA
241319,0,0,0.799672171440929,NA
241320,0,1,0.7180109285401012,NA
241321,0,1,0.7280839447444732,NA
241322,0,2,0.8226214278534292,NA
241325,0,3,0.08777601438712185,NA
241326,0,2,0.9937533388226576,NA
241327,0,1,0.30871380077811256,NA
241328,0,0,0.7022380032923716,NA
241329,0,2,1.2425194605590835,NA
241330,0,3,0.2540694493647805,NA
241332,0,2,0.7512765959033523,NA
241333,0,1,0.6990675770243576,NA
241334,0,3,1.159213588255273,NA
241335,0,0,0.5327806218756319,NA
241336,0,0,0.8537125030236032,NA
241337,0,1,0.9435387682206053,NA
241338,0,1,-0.21653741367599322,NA
241339,0,0,0.2003130163721748,NA
241340,0,0,0.9736475745049777,NA
241341,0,0,1.1128725800321844,NA
241342,0,2,0.7639986620670904,NA
241343,0,0,-0.09384739607049589,NA
241344,0,2,0.8233913536852319,NA
241345,0,1,0.4854363826433079,NA
241346,0,1,1.4878847513922058,NA
241347,0,0,0.5123854041834854,NA
241348,0,0,0.9543576404591457,NA
241349,0,2,0.653239209583137,NA
241350,0,1,0.5006899762243009,NA
241351,0,2,0.7439942963383384,NA
241353,0,3,0.9376498047972425,NA
241354,0,2,1.4807588361320865,NA
241355,0,2,0.64665001487914,NA
241356,0,2,0.6133945119864316,NA
241357,0,0,1.1128725800321844,NA
241358,0,0,-0.8705294217723833,NA
241359,0,3,-0.07742436621637547,NA
241360,0,1,-1.3531177838329704,NA
241361,0,2,0.8613405576155521,NA
241362,0,2,1.162205201209761,NA
241363,0,3,0.8420817247855369,NA
241364,1,4,0.4144912126872923,4
241366,0,1,1.1506377264158247,NA
241367,1,4,0.7313328255970648,5
241368,0,2,0.7537465962294946,NA
241369,0,2,0.5378534081762958,NA
241370,0,2,1.1826054060041646,NA
241371,0,1,-0.2206436516595102,NA
241372,0,1,0.29702411246630794,NA
241373,0,3,0.32076601249668063,NA
241374,0,1,-0.15441325188494034,NA
241375,0,1,0.9213228414666123,NA
241376,0,3,-0.48970827531194255,NA
241377,0,2,-0.49254376709357556,NA
241378,0,3,-0.2535870367700919,NA
241379,0,0,-0.37814361453186857,NA
241380,0,3,-0.3392617332052162,NA
241381,0,2,-0.18086782698966022,NA
250001,1,5,-0.7205526980548711,2
250002,0,2,0.5161073886491642,NA
250004,1,5,0.14766891011225367,4
250006,1,5,0.35921074561418115,4
250007,1,5,-0.9784165083531993,1
250009,1,5,-0.6519707361631892,2
250012,0,2,-1.1081839725172602,NA
250017,0,0,0.24339575368102506,NA
250018,0,0,-0.05498133469170822,NA
250019,1,5,-0.8580549219200768,1
250020,1,3,0.4574116018396866,4
250025,1,5,-0.24108119414829127,3
250027,0,2,-0.7148233657444791,NA
250031,1,5,-0.8636530674490642,1
250034,1,5,-0.1741421800143859,3
250036,1,4,-0.24074640331524277,2
250038,1,4,0.2763512504540064,4
250040,1,5,-0.6438061506582786,2
250042,1,4,0.04479028104771003,3
250043,1,4,-0.49626179621857713,2
250044,1,4,0.664551049901424,5
250048,1,5,-0.3898580237165906,2
250049,0,2,-1.0742155129678965,NA
250050,1,5,-0.6410403275268907,2
250057,1,5,0.05878003039837227,4
250058,1,5,-0.38910121834919,2
250060,0,0,0.4584983098393208,NA
250061,0,2,0.3498706684670425,NA
250067,1,4,-0.23425434082295835,2
250069,1,5,-0.6374946940284446,2
250072,1,5,-0.7438150107153412,2
250077,1,4,-0.5790084430476704,2
250078,1,5,-1.4204942773359877,1
250081,0,0,1.8567570077547921,NA
250082,1,5,-1.3082791113327203,1
250084,1,5,-0.5813252354632393,2
250085,1,4,-0.2797699393372593,2
250093,1,5,-0.34385558383227643,2
250094,1,5,-0.4188017216038694,2
250095,1,4,-0.24763749364119705,2
250096,1,4,-0.21669461408574364,2
250097,1,5,-1.2695803955128928,1
250099,1,5,-0.4837096768355576,2
250100,1,5,-0.3921917046304746,2
250102,1,5,-0.050077875959295526,3
250104,1,5,-0.38081114532823385,2
250117,1,5,-0.6754222822839032,2
250123,1,5,0.12054453892694131,4
250124,1,3,-1.6467577041637587,1
250127,0,0,0.25211771341075573,NA
250128,1,3,-0.17502785156370035,2
250134,0,0,-1.5766383893594471,NA
250136,0,1,1.0514556707333156,NA
250138,1,5,-0.39161456811995304,2
250141,1,5,-1.207083398716686,1
250151,0,0,0.42430745452081475,NA
250162,0,3,0.6443612757011922,NA
250167,1,5,0.38459488437593287,5
250168,1,5,-0.4257071908810031,2
251300,0,1,-0.9882803694294282,NA
251302,0,1,0.5486180486545311,NA
251304,0,1,0.05268647807931222,NA
251305,0,1,0.369185730610126,NA
251306,0,0,1.3720326570407653,NA
251308,0,1,0.505459243079603,NA
251309,0,1,-0.567641431869581,NA
251312,0,1,-0.26966746005922504,NA
251313,0,2,0.06864891972662474,NA
251315,1,3,0.5563948060214375,4
251316,0,1,0.47077677085292213,NA
251317,0,2,-0.3477645992274058,NA
251318,0,2,-0.6719807930423423,NA
251319,0,1,-0.22653978327778557,NA
251320,0,1,0.4072047197875805,NA
251322,0,1,0.9252132104683612,NA
251323,0,1,0.3136608670064941,NA
251324,0,0,-0.2540619830183725,NA
251325,1,3,-0.5784472385744794,2
251326,0,0,-4.026932931730652,NA
251327,1,3,0.2626879703466931,4
251330,0,0,0.3043889065237364,NA
251331,0,2,0.4725567328275425,NA
251334,0,0,0.17653740769996537,NA
251335,0,0,1.490035059348386,NA
251336,0,2,-0.24277041403373398,NA
251337,1,3,0.5303401269817962,4
251338,0,0,0.1995133561766255,NA
260001,1,5,-0.4231478989901242,2
260005,1,5,0.06500698131448336,4
260006,1,5,0.024050518120784542,4
260009,1,5,-0.08914343757842931,3
260011,1,5,-0.31114691377999903,3
260017,1,5,-0.2489704453140651,3
260020,1,5,0.6687065745950314,5
260022,1,5,0.16162283930964536,4
260023,1,5,0.03254120463369796,4
260024,1,4,-1.6970580065983865,1
260025,1,5,-0.5607254206438481,2
260027,1,5,-0.37946085880266095,2
260032,1,5,-0.19707839110163844,3
260034,1,3,0.4823660524729238,4
260040,1,5,-0.8961018430214499,1
260047,1,5,0.2513613798864379,4
260048,1,5,-0.5740776686136244,2
260050,1,4,0.016985182975686703,3
260052,1,5,0.04973292024138352,4
260057,1,5,-0.2893913707751838,3
260059,1,5,0.19647174112745902,4
260061,1,4,0.7297510657471855,5
260062,1,5,-0.07987827779862323,3
260064,1,4,-0.24621437436822186,2
260065,1,5,0.012309445220783644,4
260068,1,5,0.33572266397480377,4
260070,1,4,-0.11149111611621873,3
260074,1,5,-0.06458998091906579,3
260077,1,5,-0.26879723906223196,3
260078,1,5,-0.10599452093457881,3
260081,1,5,0.16327196034667685,4
260085,1,5,0.4558043806873462,5
260091,1,5,0.021973339409396664,4
260094,1,5,0.40780496558316676,5
260095,1,5,-0.39612081006445626,2
260096,1,5,-0.10010730572119361,3
260097,1,5,0.4814093727100233,5
260102,1,4,0.5219854935013004,4
260104,1,5,-0.6487243294379197,2
260105,1,5,-1.0841638233585158,1
260108,1,5,0.3834674324962812,5
260110,1,5,-0.31174687856951255,3
260113,1,5,-0.02855987830117176,3
260119,1,5,-0.8925518533925044,1
260137,1,5,-0.7915782841963404,2
260138,1,5,0.1701130500171462,4
260141,1,5,-0.295220207264062,3
260142,1,4,-0.1159455142805668,3
260160,1,4,-0.11231992178891265,3
260162,1,4,-0.00044701488199847504,3
260163,1,5,0.20142777621316152,4
260175,1,5,0.5052708110157327,5
260176,1,5,-0.32987906885129953,3
260177,1,5,-0.24049727304408752,3
260179,1,5,0.6476727968650059,5
260180,1,5,-0.21297429148352212,3
260183,1,5,0.16883841250846204,4
260186,1,5,-0.28880762934672355,3
260190,1,5,0.19283301885893467,4
260191,1,5,0.26295400945082603,4
260193,1,5,0.4324696505975854,5
260195,1,5,-0.06368693810383705,3
260200,1,5,-0.21987929080489,3
260209,0,0,0.22949888159677959,NA
260210,0,3,-0.8344794491318541,NA
260214,1,5,-0.09295303022335748,3
260216,1,5,0.4713774479109068,5
260219,1,5,0.09711758859504324,4
261301,0,0,0.6480626282992912,NA
261302,0,1,0.99562500387271,NA
261303,0,2,-0.1264578234175071,NA
261305,0,0,-0.19383771214193002,NA
261306,0,1,-2.6441514334285086,NA
261307,0,2,0.5270660283111526,NA
261308,1,4,0.1747611128139843,3
261309,0,2,1.31521935935244,NA
261310,0,2,0.5056980169839405,NA
261311,1,4,-1.2501735952857784,1
261312,0,2,0.3476179138978086,NA
261313,0,2,-0.9268477634697434,NA
261314,0,1,0.5160013896661167,NA
261316,0,3,-0.47470976226540496,NA
261317,0,2,0.0775619644553617,NA
261318,1,4,-0.23717367459370625,2
261319,0,3,1.1629229812856943,NA
261320,1,4,0.6570362470604989,5
261321,1,4,0.549048845834131,4
261322,0,1,0.4726783006812435,NA
261323,0,1,-0.4760982026465931,NA
261324,0,3,0.2996228794683571,NA
261325,0,3,0.5316258962898006,NA
261327,1,3,0.8799291729376211,5
261328,0,1,-0.2044359038676224,NA
261329,1,4,0.6693398018045335,5
261330,1,4,0.4553642402853311,4
261331,1,4,-0.6437503979108006,2
261332,0,1,-0.17452824635541825,NA
261333,1,3,0.5192848547836573,4
261335,0,1,0.5904678717665449,NA
261336,0,0,0.5156068211090761,NA
261337,1,4,0.8029560241625042,5
261338,0,3,0.19012116851413308,NA
270003,1,5,0.2521143554763466,4
270004,1,5,0.6028448983608661,5
270012,1,5,0.19335843789245935,4
270014,1,5,0.4303337998825961,5
270017,1,5,-0.2291129415813021,3
270023,1,5,-0.13031503958029525,3
270032,1,5,-0.01409150960428901,3
270049,1,5,-0.02955408365600474,3
270051,1,5,0.2631623345341023,4
270057,1,5,0.3223842792728319,4
270074,0,1,0.8598414067447872,NA
270086,1,4,0.9465888616835593,5
270087,0,3,0.5446760729610634,NA
271300,0,0,1.1214276470917937,NA
271301,0,0,0.5438262878918797,NA
271302,0,0,1.4330900927447596,NA
271304,0,0,1.3720326570407653,NA
271305,0,0,-2.3325150853911825,NA
271306,0,0,0.9717899557536119,NA
271307,0,0,0.7709455030122752,NA
271308,0,0,1.622637666989737,NA
271309,0,1,1.1142613675369524,NA
271311,0,0,1.5669476647788545,NA
271312,0,0,0.4233058892566488,NA
271313,0,0,0.44397774713090515,NA
271314,0,0,-0.36115188483257654,NA
271316,0,2,-1.0389833687397616,NA
271317,1,4,0.4691835726387829,4
271318,0,3,0.8864887512409612,NA
271319,0,0,0.2671049517964731,NA
271320,1,4,0.1914107639293952,3
271321,0,0,0.20911168411802267,NA
271322,0,1,0.427267821610167,NA
271323,0,3,0.4499806951207259,NA
271324,0,0,0.39456651041383,NA
271325,1,4,0.23597432598942086,3
271326,0,0,-0.13745907623619996,NA
271327,0,0,-0.969523823812027,NA
271328,0,0,0.6150585524195737,NA
271329,0,0,0.39921934262174674,NA
271330,0,0,0.633016357663422,NA
271332,0,2,-1.0775959006762137,NA
271334,0,0,0.7022380032923716,NA
271335,1,4,0.3500311236963401,4
271336,0,3,1.0047480066387706,NA
271337,0,0,-0.15135481194661154,NA
271338,0,1,-1.2318570404509344,NA
271339,0,0,-0.7514715710524134,NA
271340,1,3,0.35005615043202143,4
271341,0,0,0.46135277864690266,NA
271343,0,2,0.3619816587775441,NA
271344,1,5,-0.02598919288034906,3
271345,0,2,0.6898719636030424,NA
271346,0,1,0.7700544247721657,NA
271347,1,4,0.19068945721684843,3
271389,0,0,0.6604705016342096,NA
280003,1,5,0.3752009388925544,5
280009,1,5,0.5722339467540252,5
280013,1,5,-0.13796132487966795,3
280020,1,5,-0.21435047300994708,3
280023,1,5,-0.0703877957276107,3
280032,1,5,0.31609766890196367,4
280040,1,5,0.48255081547702733,5
280060,1,5,0.08896150157111479,4
280061,1,5,-0.8052155579142365,1
280065,1,5,0.019628824576730486,4
280077,1,5,0.07990717823377538,4
280081,1,5,0.19780968571713006,4
280105,1,4,0.9067733352860731,5
280111,1,5,-0.1968134660879149,3
280125,1,5,0.24075303678612003,4
280127,0,2,1.0360023229686202,NA
280128,1,3,0.0561816574863717,3
280129,0,3,1.5754787690157812,NA
280130,1,5,0.43991845294724485,5
280131,0,2,1.3214711670334942,NA
280132,1,5,0.38074221864527247,5
280133,0,1,0.8865601555883762,NA
280134,1,5,-0.08775687617282663,3
281300,0,0,1.3171130250588539,NA
281301,0,1,0.5556791758774777,NA
281302,0,0,0.34642203286339485,NA
281303,0,0,1.8732426769387087,NA
281304,0,1,-0.21806749558783511,NA
281305,0,1,0.8358453966763119,NA
281306,0,1,0.6798502234972239,NA
281307,0,2,0.567201584123106,NA
281308,0,1,0.8051823840805363,NA
281309,0,1,0.7097687586290287,NA
281310,0,0,1.2049626504081175,NA
281311,0,0,1.8732426769387087,NA
281312,0,0,1.8732426769387087,NA
281313,0,1,0.8198721493917362,NA
281314,0,1,0.1331897860402529,NA
281315,0,2,0.3684172593034989,NA
281316,0,0,1.5032499207126018,NA
281318,0,1,0.45719131774105787,NA
281319,0,2,-0.3385597044833353,NA
281320,0,1,0.3660060876198383,NA
281321,0,0,0.714044739061027,NA
281322,0,2,-0.8506263802831657,NA
281323,0,0,0.43450414738583903,NA
281324,0,1,0.7837795296522769,NA
281325,0,0,0.73504706162995,NA
281326,0,0,-0.12238156242723269,NA
281327,0,1,-0.11744803873719868,NA
281328,0,1,-0.2397523596668667,NA
281329,1,3,0.2422567429974417,3
281331,0,2,0.5638643768411733,NA
281332,0,1,0.4718168339081965,NA
281333,0,0,0.8712870982446956,NA
281334,1,4,0.7110168887939741,5
281335,0,1,0.5492098631659306,NA
281336,0,3,0.09159300220278323,NA
281338,0,1,0.7341918607784588,NA
281339,0,2,0.42815008231459084,NA
281340,0,1,-0.5203153175018732,NA
281341,0,2,0.44058603791849354,NA
281342,0,0,1.0672486383660043,NA
281343,0,0,0.3350732073985476,NA
281344,0,1,-0.19181229779699127,NA
281345,0,1,-0.32860304586242517,NA
281346,0,0,0.11235400894032865,NA
281347,0,1,0.2432242757486056,NA
281348,0,0,0.6818579556269009,NA
281349,0,0,1.1583301134769388,NA
281350,0,2,-0.2747926149585316,NA
281351,0,0,-0.581898313190264,NA
281352,1,4,0.5498817191740359,4
281353,0,1,0.9522854598117103,NA
281354,0,2,-0.5281743996286672,NA
281355,0,2,-0.44001402656820643,NA
281356,0,2,0.3919905141147804,NA
281357,0,1,-0.36923698448797176,NA
281358,0,1,-0.039026935056164655,NA
281359,0,1,0.3556663716478943,NA
281360,1,3,0.5666282314449277,4
281361,0,1,0.030329162749085786,NA
281362,1,4,0.5052968999443093,4
281363,1,4,-0.2556940678803888,2
281364,1,4,-0.5286614807664674,2
281365,1,3,0.06613362178965367,3
290001,1,5,-0.5016954305423004,2
290003,1,5,-1.2957658827334004,1
290005,1,5,-0.5790985890952756,2
290007,1,5,-0.8504247405258164,1
290008,1,5,-0.6115386225415184,2
290009,1,5,-0.23242585196557708,3
290012,1,4,0.21606520150770592,3
290019,1,5,-0.4883642817458774,2
290021,1,5,-1.0360676245458742,1
290022,1,5,-0.3435572662384158,2
290032,1,5,0.06937178967717328,4
290039,1,5,-0.02857198676417744,3
290041,1,5,-0.6430376691230448,2
290045,1,5,-0.9366477034456158,1
290046,1,5,-1.198335423142554,1
290047,1,5,-0.13480164662611013,3
290049,1,5,0.4424205434807949,5
290053,1,5,-0.16602150667107976,3
290054,1,5,-0.8652477270881112,1
290057,1,5,-0.6460717510261976,2
290058,0,1,0.43782980028031376,NA
291300,0,1,-0.054133591431837574,NA
291301,0,0,0.9597250739522571,NA
291302,0,0,-0.9709324253264767,NA
291304,0,0,1.1407175811376256,NA
291306,1,4,-0.20848799116568606,2
291307,1,4,-0.8136175989037555,2
291308,1,4,-0.3062285651677304,2
291309,0,0,-1.9160991704597405,NA
291311,1,4,0.10516718714165069,3
291312,0,0,1.255341234291288,NA
291313,1,4,-0.015218886122193409,3
291314,0,1,-2.3071817067315417,NA
300001,1,5,0.24613190130330911,4
300003,1,5,-0.05425684938035983,3
300005,1,5,0.1839778293961223,4
300011,1,5,-0.385792364547164,2
300012,1,5,-0.14008634698550138,3
300014,1,5,0.2698416093185795,4
300017,1,5,-0.004310772414031248,3
300018,1,5,0.2468372497089248,4
300019,1,5,-0.016858227765815116,3
300020,1,5,0.1019845564287749,4
300023,1,5,0.34030082568402686,4
300029,1,5,0.01692840252284153,4
300034,1,5,0.1515088203723104,4
301300,0,2,0.39216286412707446,NA
301301,1,4,0.3399326776172419,4
301302,1,4,0.2981452893521564,4
301303,1,3,-0.4407809021356207,2
301304,1,4,0.37329975573670066,4
301305,0,3,1.1155845490456149,NA
301306,1,3,0.4741924604867733,4
301307,1,4,-0.3437758088759107,2
301308,1,3,0.3024528023596257,4
301309,1,4,0.07777761772130898,3
301310,1,4,0.1663967054498813,3
301311,1,5,0.27504886150620805,4
301312,1,5,0.1930858070868024,4
310001,1,5,0.15986979272814228,4
310002,1,5,-0.581751969272451,2
310003,1,5,-0.40888164144729966,2
310005,1,5,0.2048304957817872,4
310006,1,5,-0.3139299215670033,3
310008,1,5,-0.45544318485853963,2
310009,1,5,0.11157793979063713,4
310010,1,5,0.08208702089945112,4
310011,1,5,-0.16259769409783809,3
310012,1,5,0.0756537084162845,4
310014,1,5,-0.7115973327768158,2
310015,1,5,0.7203917389204262,5
310016,1,5,-0.668225434133047,2
310017,1,5,0.16555654888254243,4
310019,1,5,-1.3323948386586395,1
310021,1,5,-0.7544712468715405,2
310022,1,5,-0.23540248433861988,3
310024,1,5,-0.5873269996942387,2
310025,1,5,-0.43431312452663295,2
310027,1,5,-1.1857077831191754,1
310028,1,5,0.45371506989182764,5
310029,1,5,-0.38009252703034846,2
310031,1,4,0.2569136089828963,4
310032,1,5,-0.14219058811813745,3
310034,1,5,-0.21546840657406774,3
310038,1,5,-0.5708254690801978,2
310039,1,5,-0.7581487748880358,2
310040,1,5,-0.9088787649105532,1
310041,1,5,-0.732370719202274,2
310044,1,5,-0.1660066008075125,3
310045,1,5,0.1910160703598571,4
310047,1,5,-0.33443171478958067,3
310048,1,5,-0.3048161588985566,3
310050,1,5,0.24237173613937596,4
310051,1,5,0.38646496061829005,5
310052,1,5,-0.2729098263535126,3
310054,1,5,-0.5446389081080497,2
310057,1,5,-0.42813544084289584,2
310058,1,3,-0.8013450775621138,1
310060,1,5,0.4860777177320671,5
310061,1,5,-0.32672406762069944,3
310064,1,5,0.0034772860003704914,3
310069,1,5,0.3013409813256211,4
310070,1,5,0.03651358790599324,4
310073,1,5,-0.258498152447523,3
310074,1,5,-0.6007273612989281,2
310075,1,5,-0.05272440082025862,3
310076,1,5,-0.0974185677423835,3
310081,1,5,-0.5687315695847567,2
310083,1,5,-0.8518050673155939,1
310084,1,5,-0.11412798966539249,3
310086,1,5,-0.08966508915124745,3
310091,1,4,-0.25445034359767416,2
310092,1,5,-0.5157008228507551,2
310096,1,5,-0.12524683464923594,3
310108,1,5,-0.8494607414381743,1
310110,1,5,-0.039274156870898184,3
310111,1,5,-0.4329099452357571,2
310112,1,5,-0.6569120143468871,2
310113,1,5,-0.2734922722343064,3
310115,1,5,-0.11205499956170463,3
310118,1,4,-0.9995354227471138,1
310119,1,5,-1.2040798349171746,1
310130,1,5,-0.07479423524380564,3
320001,1,5,-0.6865487562814856,2
320002,1,5,-0.2046079989216289,3
320003,1,4,-0.030126043095705733,3
320004,1,5,-0.366389261915372,2
320005,1,5,-0.4831136113856078,2
320006,1,5,-0.8160558786647063,1
320009,1,5,-0.011635705568570562,3
320011,1,5,0.0012152820636555928,3
320017,1,5,-0.6125990878591573,2
320018,1,5,-0.7067447615383702,2
320021,1,5,-0.30403389256087643,3
320022,1,5,-0.00036159628013347767,3
320030,0,3,0.1086799399108943,NA
320033,0,3,-0.247455098321782,NA
320038,1,4,-0.961138123150865,1
320058,0,0,0.2998660158670855,NA
320059,0,2,-0.044005061312744724,NA
320060,0,0,0.7857346716688796,NA
320061,0,3,-0.052712568435645854,NA
320062,0,0,0.6677597785027283,NA
320063,1,4,-1.2727005784105347,1
320065,1,4,-0.5013652722842825,2
320067,0,1,0.12128013959816092,NA
320070,0,0,-0.05498133469170822,NA
320074,1,4,-0.7129698041451741,2
320084,1,3,-0.18904404657624674,2
320085,1,5,-1.2315234009918505,1
320086,1,5,-0.0849974829800885,3
320089,1,4,-0.5166293617031639,2
320090,0,3,0.7176268463259612,NA
321300,0,0,0.24193716078560754,NA
321301,0,1,0.16023087987744425,NA
321302,0,1,0.2573787276623823,NA
321304,0,0,-1.0512438914581124,NA
321305,1,3,0.6152697450709599,4
321306,0,3,0.6754765111123648,NA
321307,0,2,0.14690304258008707,NA
321308,0,2,0.04295243808891426,NA
321309,1,5,-0.0970884327693354,3
321310,1,4,-0.2700895765039546,2
321311,1,3,0.5164926006205957,4
330004,1,5,-0.866534639203304,1
330005,1,5,-0.41068541682663584,2
330006,1,5,-1.1640217357385563,1
330008,1,5,-0.2935873287566593,3
330009,1,5,-0.7202209605280527,2
330011,1,5,-0.20663771426709274,3
330013,1,5,-0.9612182562563134,1
330014,1,5,-1.0870692838790483,1
330019,1,5,-0.9589701725712346,1
330023,1,5,-0.5596148221412871,2
330024,1,5,0.19160260181427688,4
330027,1,5,-1.8471442488555823,1
330028,1,5,-1.023910243041807,1
330030,1,5,-0.3432037835494052,2
330033,1,5,-0.425626347157439,2
330043,1,5,-0.27925958311117627,3
330044,1,5,-1.4591695716640563,1
330045,1,5,0.707278744163912,5
330046,1,5,-0.12441176689385948,3
330047,1,5,-0.1865870168260504,3
330049,1,5,0.795448657164494,5
330055,1,5,0.3910360167698396,5
330056,1,5,-0.8367549634907502,1
330057,1,5,0.16544870914369497,4
330058,1,5,-0.5393994677141213,2
330059,1,5,-1.2819395762086963,1
330065,1,5,-0.44516083988973726,2
330073,1,5,-0.7431414986688498,2
330074,1,5,-0.19063050796951164,3
330078,1,5,-0.01919980500003489,3
330079,1,5,-0.1674880674295332,3
330080,1,5,-0.8590954577060735,1
330084,1,5,0.05439534342830561,4
330085,1,5,0.15786254642984549,4
330086,1,4,-0.9205294182011027,1
330090,1,5,-0.310588097745998,3
330094,1,5,-0.9177315803230346,1
330096,1,5,-0.0679744472123472,3
330100,0,0,0.04706540116746049,NA
330101,1,5,0.08705383205897378,4
330102,1,5,-0.14678107788440103,3
330103,1,5,-1.1432567533946272,1
330104,1,5,-0.6026431195156596,2
330106,1,5,0.14587852080051106,4
330107,1,5,0.1702396271089273,4
330111,1,4,-0.44538287813347005,2
330115,1,5,0.2785303701292065,4
330119,1,5,0.1168334557923362,4
330125,1,5,-0.4615320686333505,2
330126,1,5,-0.08144146739918898,3
330127,1,5,-1.1234978922716348,1
330128,1,5,-1.3047449808110192,1
330135,1,4,0.10962109155970445,3
330136,1,5,-0.918159447078728,1
330140,1,5,-0.35463390496213254,2
330141,1,5,-1.0634033630162614,1
330144,0,2,0.1311541837781247,NA
330151,1,4,-0.35131701977054147,2
330153,1,5,-0.5059793966127083,2
330157,1,5,-0.1956467615996021,3
330158,1,5,-0.15389251151770383,3
330160,1,5,-0.32483658773688723,3
330162,1,5,0.12784996901204854,4
330163,1,5,-1.780042841487023,1
330164,1,5,-0.21107108033514987,3
330166,0,1,0.32689871814327165,NA
330169,1,5,-0.4010199317901505,2
330175,1,5,0.2901330460668237,4
330180,1,5,-0.27534260287995904,3
330181,1,5,0.25737597329073336,4
330182,1,5,0.7532379877307872,5
330184,1,5,-0.9839654518793763,1
330185,1,5,0.05353803226493113,4
330188,1,5,-0.1585729881673068,3
330191,1,5,-0.05074726080747512,3
330193,1,5,-1.9215106474557393,1
330194,1,5,-0.4304325501480671,2
330195,1,5,-0.047689294416654766,3
330196,1,5,-1.0732240102196124,1
330197,1,5,-0.5545480821707806,2
330198,1,5,-0.7104776198682013,2
330199,1,3,-0.10820825008887185,3
330201,1,5,-1.1012853479192881,1
330202,1,5,-1.3494036960105862,1
330203,1,5,-0.7151362990332745,2
330204,1,5,-1.1084750739846128,1
330205,1,5,0.6217138554939869,5
330208,1,5,-0.20013412699909267,3
330211,1,5,-0.7582143355908131,2
330214,1,5,1.1777425670271502,5
330215,1,4,-0.75991851911776,2
330218,1,5,-0.10206347510265074,3
330219,1,5,0.07040657123112742,4
330221,1,5,-1.0216470439757064,1
330222,1,5,0.338212506812445,4
330223,1,5,-0.9780139564420977,1
330224,1,3,0.6387135518193905,4
330226,1,5,-0.6138230601686625,2
330229,1,5,-0.005000380487602263,3
330231,1,5,-0.7932567338569931,2
330233,1,5,-1.5685158554485032,1
330234,1,5,-1.0236776020547542,1
330235,1,5,-0.7093421387098139,2
330236,1,5,0.023875095589007203,4
330238,1,5,-0.27949441199066216,3
330239,1,5,-0.2506787256128048,3
330240,1,5,-1.2401601280665713,1
330241,1,5,-0.7920908872442012,2
330245,1,5,-1.0128015996984945,1
330246,1,5,0.1066098046548708,4
330250,1,5,0.02252557927834585,4
330259,1,5,-0.7697640151954365,2
330261,1,5,-0.2959412757676462,3
330264,1,5,-0.45430906013995254,2
330265,0,3,-0.28362750247849805,NA
330267,1,5,-0.3076029141513632,3
330270,1,3,1.7260722076112507,5
330273,1,5,0.3320203304420995,4
330276,1,5,-0.038211350670875166,3
330277,1,5,-0.11008365820015104,3
330279,1,5,-0.29225388894760107,3
330285,1,5,-0.6025436674200201,2
330286,1,5,-0.9252263954562062,1
330304,1,5,0.37323109565976126,5
330307,1,5,-0.17487906635741696,3
330331,1,5,-0.3725608863129213,2
330332,1,5,-0.46261936566246814,2
330350,1,5,-1.0178614488258821,1
330385,1,3,-0.8783018130187475,1
330386,1,5,-0.5601473468105115,2
330393,1,5,0.14113794036801217,4
330394,1,5,-0.49251927954487146,2
330395,1,5,-1.644389362208314,1
330396,1,5,-0.7373621490582912,2
330397,1,5,-1.6527766094793535,1
330399,1,5,-1.0878748405989052,1
330401,1,5,0.012185178846683402,4
330403,0,0,1.4994963143690974,NA
330406,0,0,1.8988082671176407,NA
331301,0,0,2.31876269462577,NA
331302,0,2,0.10030099403892653,NA
331303,0,0,2.0960026857822394,NA
331304,0,0,-0.0769579760453663,NA
331305,0,0,0.055142780188844304,NA
331307,0,0,0.6279169817321913,NA
331309,0,1,0.49525642008617665,NA
331310,0,2,-0.18642779285126038,NA
331311,1,3,0.4338054756320639,4
331312,0,1,0.6906693669394108,NA
331313,0,1,-0.10543155824057457,NA
331314,0,3,-0.19369345151429684,NA
331315,0,2,-0.19912324932917888,NA
331316,1,4,0.5072849600442817,4
331317,1,4,-1.7575921240481929,1
331319,0,2,-0.3712932062736102,NA
331320,0,2,0.41425890881175453,NA
340001,1,5,0.07586636189131254,4
340002,1,5,0.31510336841772413,4
340003,1,5,0.42947571665422407,5
340004,1,5,-0.12929191890653474,3
340008,1,5,0.02105040387386233,4
340010,1,5,-0.45508785829687104,2
340013,1,5,-0.21981610467500307,3
340014,1,5,-0.10385364416575903,3
340015,1,5,-0.45439268766504454,2
340016,1,5,0.073799131827355,4
340017,1,5,0.1029391399000053,4
340020,1,5,-0.3053675785786447,3
340021,1,5,0.003215789328357928,3
340023,1,5,0.5495265293226335,5
340024,1,5,-0.3768803949253701,2
340027,1,5,-0.313059084552773,3
340028,1,5,-1.0079666104685054,1
340030,1,5,0.2992751547690468,4
340032,1,5,-0.21787294883002986,3
340039,1,5,-0.38394992023581814,2
340040,1,5,-0.7821887348408698,2
340041,1,5,0.3568519616696862,4
340042,1,5,-1.1496046598258183,1
340047,1,5,-0.3339286478649304,3
340049,0,2,0.7980701862129952,NA
340050,1,5,-0.3273592953174725,3
340051,1,5,0.31635524688215444,4
340053,1,5,0.12509044610157133,4
340060,1,5,-0.32188299914842106,3
340061,1,5,0.10721157095884454,4
340064,1,5,-0.08995990610540916,3
340068,1,5,-0.5533363581085655,2
340069,1,5,-0.13906826781800596,3
340070,1,5,0.04827373371582984,4
340071,1,5,-0.4522803762365093,2
340073,1,5,0.2811608510816782,4
340075,1,5,0.014778820392801373,4
340084,0,1,0.3889465272684538,NA
340085,1,5,0.3235214160642158,4
340087,1,5,-0.2599933561706096,3
340090,1,5,0.0897444390132197,4
340091,1,5,-0.02754393969801562,3
340096,1,5,0.3329558132955003,4
340097,1,5,-0.1026468455005057,3
340098,1,5,-0.2488243391948482,3
340099,1,5,0.06408112799936302,4
340107,1,5,-0.15474800745135547,3
340109,1,5,-0.40245399632244194,2
340113,1,5,-0.11377559876140828,3
340114,1,5,0.4991882805828707,5
340115,1,5,0.07050968272938155,4
340116,1,5,-0.15214378346559265,3
340119,1,5,0.31746566642420104,4
340120,1,5,0.45211649398615494,5
340123,1,5,-0.39805548815687275,2
340126,1,5,-0.8580360206497363,1
340127,1,5,-0.3947278497693979,2
340129,1,5,-0.09134250629369667,3
340130,1,5,0.10929269698188739,4
340131,1,5,0.3173541805825355,4
340132,1,5,-0.25121494127570493,3
340133,1,5,-0.15386908905748647,3
340141,1,5,-0.3719371785292582,2
340142,1,5,-0.30764021056162366,3
340143,1,5,0.17075903598225806,4
340144,1,5,-0.14906473899070447,3
340145,1,5,0.4588357752373583,5
340147,1,5,-0.3140444219979981,3
340148,1,3,0.9559223060851948,5
340151,1,5,-0.19392788215040482,3
340155,1,5,0.2695878173339631,4
340156,0,0,-0.33163979138546107,NA
340158,1,5,0.00460008109251275,3
340159,1,4,0.19854853535598127,3
340166,1,5,0.4777014841342335,5
340168,0,0,0.5398312879402166,NA
340171,1,5,0.44377696002605127,5
340173,1,5,-0.2894846073507789,3
340183,1,5,-0.19718969366228734,3
340184,1,5,0.08059620571305026,4
340186,1,5,0.09315689746272635,4
340187,1,4,1.1078748577028887,5
340188,1,5,0.6087969810324741,5
340190,0,2,0.2741105838267054,NA
341303,0,0,0.3062923484155689,NA
341304,1,3,0.4181269247136375,4
341305,0,1,1.3540115852584387,NA
341307,0,1,1.1000566445369984,NA
341311,0,3,0.7125694123178202,NA
341314,0,0,-0.15192693024101486,NA
341315,1,3,0.1450474563984555,3
341316,0,2,0.6875108763419362,NA
341317,0,0,-0.633500175787573,NA
341318,1,4,0.6921844500387015,5
341319,1,5,0.2756508849324689,4
341320,0,1,0.3138538688973868,NA
341322,1,4,0.2683758465318811,4
341323,0,2,0.4677814196748274,NA
341324,1,4,0.5484369716627279,4
341325,1,3,0.7081638026465633,4
341326,1,5,0.3999408191851382,5
341327,1,4,0.38388225400763804,4
341328,1,4,0.03000940790006115,3
341329,1,4,-0.311381437612697,2
350002,1,5,0.07965297570496939,4
350006,1,5,-0.7255372312379639,2
350011,1,5,-0.5128220573603394,2
350015,1,5,0.2526817485144796,4
350019,1,5,-0.15176694634660723,3
350063,0,2,-0.337287318895834,NA
350064,0,0,0.7386172610991063,NA
350070,1,5,0.3534037881786619,4
351300,0,0,-0.6224722510390382,NA
351301,0,1,0.9637782133068495,NA
351302,0,0,-1.7645265435048318,NA
351303,0,1,0.12792092894610588,NA
351304,0,1,0.7849651661587609,NA
351305,0,1,-0.5687481447737212,NA
351306,0,1,-0.13388553448595752,NA
351307,0,2,-0.18512022019488342,NA
351308,0,0,-1.0617017006365796,NA
351309,0,0,0.35346764637163663,NA
351310,0,1,0.04703609678333076,NA
351311,1,3,0.0905176417259678,3
351312,0,1,0.6157684925324642,NA
351313,0,0,0.5171733212915832,NA
351314,0,1,0.03144620613402123,NA
351315,0,1,0.6240336205464572,NA
351316,0,1,1.1736115015978597,NA
351318,0,1,-0.7439814737659448,NA
351319,0,1,0.39543589357161607,NA
351320,0,1,0.13872391030299716,NA
351321,0,1,1.1464784687101452,NA
351322,0,1,-0.7863296352435031,NA
351323,0,0,1.3422185816515213,NA
351324,0,2,0.8108992366030221,NA
351325,0,0,0.23847520352956675,NA
351326,0,1,-0.03828146644264496,NA
351327,0,0,-2.13030529179534,NA
351328,0,0,0.34381395062413933,NA
351329,0,0,-0.2144927774668452,NA
351330,0,2,-0.004193574273825024,NA
351331,0,1,-0.18451637881949007,NA
351332,0,1,-1.1921259542686022,NA
351333,1,3,-0.20958241751666468,2
351334,1,4,-0.8113359595643098,2
351335,1,4,-0.4855370494953243,2
351336,1,5,0.39618128167708105,5
360001,1,5,0.33304255373590275,4
360002,1,5,0.27775389094769337,4
360003,1,5,-0.2930832464731111,3
360006,1,5,0.34159129391649756,4
360008,1,5,0.3603489012294017,4
360009,1,5,-0.3223218924920126,3
360010,1,5,0.2148996886586962,4
360011,1,5,-0.3452111670130328,2
360012,1,5,0.22094119167969542,4
360013,1,5,0.08984578049403211,4
360014,1,5,0.4326006382619511,5
360016,1,5,0.32960737426083714,4
360017,1,5,-0.2600253763841876,3
360020,1,5,-0.32574488654134837,3
360025,1,5,0.005595116972956976,3
360026,1,5,0.2828630677657152,4
360027,1,5,0.18948595563173293,4
360029,1,5,-0.19810814063807713,3
360032,1,5,0.5840516258435432,5
360035,1,5,-0.3941482860415151,2
360036,1,5,0.4646182743041103,5
360037,1,5,-0.28837923514140473,3
360039,1,5,0.08301398300400364,4
360040,1,5,-0.121425668170174,3
360041,1,5,0.30699013685834853,4
360044,1,5,0.3775263542685839,5
360046,1,5,0.2734459924895872,4
360048,1,5,0.06856762027913148,4
360051,1,5,-0.189569478044261,3
360054,1,5,-0.20923235782472935,3
360055,1,5,-0.6631256030577094,2
360056,1,5,0.2648159367491978,4
360058,1,5,0.48548897834895816,5
360059,1,5,-0.17808274995987072,3
360064,1,5,-0.41732991785656637,2
360065,1,5,0.07072572289522466,4
360066,1,5,0.3115171751553909,4
360068,1,5,0.12190633926490019,4
360070,1,5,0.11125298236973699,4
360071,1,5,0.2781678599923972,4
360072,1,5,-0.3338947475331405,3
360075,1,5,0.341594787373953,4
360076,1,5,0.22242366445967,4
360077,1,5,0.4746262889896751,5
360078,1,5,0.1942299646208401,4
360079,1,5,0.24350522068625527,4
360080,0,2,-1.0746055643017525,NA
360081,1,5,0.008790243818915675,4
360082,1,5,0.3247507515194714,4
360084,1,5,-0.22269485087277327,3
360085,1,5,0.18945121035911625,4
360086,1,5,-0.10611429224219288,3
360087,1,5,0.9988978632787981,5
360089,1,5,1.1058531287808133,5
360090,1,5,-0.40437610908810384,2
360091,1,5,0.34017412298859057,4
360092,1,4,0.8815273875270552,5
360095,1,5,0.5047257719156977,5
360096,1,5,0.2655286939201873,4
360098,1,5,-0.2285735212060481,3
360107,1,5,0.25350732066462406,4
360109,1,4,0.2739132521995741,4
360112,1,5,-0.3942014806376525,2
360118,1,5,-0.1040474635798406,3
360121,1,5,-0.24642095361443575,3
360123,1,5,0.3981791411443701,5
360125,1,5,0.06405012834526806,4
360131,1,5,-0.11570769212928086,3
360132,1,5,0.09815570891811926,4
360133,1,5,-0.23696871642442252,3
360134,1,5,0.16401233008552868,4
360137,1,5,-0.14577467083853118,3
360143,1,5,0.6165677986441468,5
360144,1,5,0.3287199274379686,4
360145,1,5,0.18228268651005164,4
360147,1,5,-0.15080854260124166,3
360148,1,4,0.3706118294800739,4
360150,1,5,0.6472970002194604,5
360152,1,5,-0.232463528622458,3
360155,1,5,0.5106656634286463,5
360156,1,5,0.143126869125763,4
360159,1,5,0.3835136278554893,5
360161,1,5,-0.04112433116794822,3
360163,1,5,0.6183555502896031,5
360170,1,5,-0.15418596818776548,3
360172,1,5,0.2726044716249285,4
360174,1,5,-0.043464890373650866,3
360175,1,5,-0.975900404332779,1
360179,1,5,0.03607238207050309,4
360180,1,5,0.608797889638357,5
360185,1,5,-0.05170954720564354,3
360189,1,4,0.2888220476097267,4
360192,1,5,0.21079605207908317,4
360197,1,5,0.7726969533680529,5
360203,1,5,-0.12666113713042298,3
360210,1,5,0.005035488756057971,3
360211,1,5,-0.6613578335410587,2
360218,1,5,0.041762178888924494,4
360230,1,5,0.5212437278526605,5
360234,1,5,0.2072843760138004,4
360236,1,5,0.7353751597654294,5
360239,1,5,0.23714202250270155,4
360245,0,0,0.7971649976019984,NA
360259,1,5,0.15608809697984835,4
360262,1,5,0.3588177877711197,4
360263,0,2,1.3900170830959104,NA
360266,0,2,1.5751223632480904,NA
360270,1,5,0.2249169374737042,4
360276,1,5,-0.03840471662575779,3
360348,1,5,0.586745650377951,5
360351,1,3,1.5881652445992072,5
360352,1,4,0.9739982318998917,5
360354,1,5,-0.0018520880996508449,3
360355,0,2,1.1068830704847454,NA
360358,0,1,0.28444746103904595,NA
360359,1,5,0.535376153760971,5
360360,1,5,-0.38312983424915875,2
360361,0,2,-0.8068936922285618,NA
360362,0,2,0.6343125379247412,NA
360364,1,5,0.997176849608839,5
360365,1,5,0.48253270556486955,5
360367,0,0,0.3455308541687108,NA
360368,0,1,-0.08412240169546309,NA
361300,0,1,-0.2884264041431501,NA
361301,0,1,1.072177313529974,NA
361302,0,0,0.7994705683046486,NA
361303,0,0,0.8225862682259316,NA
361304,0,1,0.5029560271198499,NA
361306,0,2,0.2051375337269088,NA
361307,1,4,0.3745665402014502,4
361308,0,1,0.36088927645018254,NA
361309,1,3,0.2724790661008409,4
361310,1,4,0.850123716499172,5
361311,0,0,1.0303638201219378,NA
361312,1,3,1.0261351527189309,5
361313,0,2,0.6060085516727625,NA
361314,1,4,0.8014741003431674,5
361315,0,2,0.008757215990958724,NA
361316,1,4,-2.018930590962795,1
361318,1,3,0.6776130998147433,4
361319,0,3,1.4571738757686337,NA
361320,1,3,0.5556191244526603,4
361321,1,3,0.06658483868741252,3
361322,0,1,-0.1530533439773646,NA
361323,0,3,0.2607194625100667,NA
361324,1,3,0.8230206327078704,5
361325,1,4,-0.39196830873902044,2
361326,1,3,-1.6222339644632142,1
361328,1,4,-0.022753178167802188,3
361329,1,3,0.6063173207622974,4
361330,0,1,-0.4551445166104538,NA
361331,1,3,-0.20124184209263352,2
361332,0,2,0.5092752760719201,NA
361333,1,4,-0.8579488220528727,2
361334,0,2,0.48156945962548425,NA
370001,1,5,-0.5529256594655435,2
370002,1,4,-0.3360711468032965,2
370004,1,5,0.2972169149405629,4
370006,1,5,-0.5569684974221085,2
370008,1,5,-0.3567531686007412,2
370013,1,5,0.034104440243693926,4
370014,1,5,-0.5587835656401741,2
370015,1,4,0.39608152258352436,4
370016,1,5,0.05359550998403172,4
370018,1,5,-0.16685435347425018,3
370019,1,5,-0.4477343549406821,2
370020,1,5,0.12816563138283515,4
370022,1,5,-0.15932308710127718,3
370023,1,5,0.0476232273796694,4
370025,1,5,-0.497799473824265,2
370026,1,5,0.3821906367493563,5
370028,1,5,-0.4081077860501759,2
370029,1,4,0.19475538209433826,3
370030,1,3,-0.5272257246765352,2
370034,1,5,-0.8147823153796366,1
370037,1,5,-0.14774694616060396,3
370039,1,5,0.24495580204247777,4
370041,0,3,0.032077578926182904,NA
370047,1,5,0.2991849312347746,4
370049,1,5,0.47684309474258524,5
370054,1,4,0.09069389304280481,3
370056,1,5,-0.9200552136398503,1
370057,1,3,-0.2975626169006708,2
370078,1,5,-0.07182341720645186,3
370083,1,3,-0.2956177764650275,2
370089,1,5,-0.3919124340106365,2
370091,1,5,-0.17396433872624772,3
370093,1,5,-1.0493439717460151,1
370094,1,5,-0.8541318445911095,1
370097,1,5,0.07570767937576432,4
370099,1,4,0.5966991407262703,4
370100,1,4,-0.36094992429769873,2
370106,1,5,0.01979275524843544,4
370112,1,3,-0.032480463650983574,3
370113,1,5,0.5512491463950026,5
370114,1,5,-0.3966429244467765,2
370139,0,2,-0.35016213927015105,NA
370149,1,5,-0.5849179427808174,2
370153,1,3,-0.18417325644229296,2
370158,1,3,0.47098987763066247,4
370166,1,3,-0.32693865689269636,2
370170,0,0,-0.05498133469170822,NA
370171,1,4,0.5416946713101495,4
370172,0,1,0.9365687288226491,NA
370173,0,3,0.8443885253565947,NA
370178,1,4,1.198122537664267,5
370180,1,3,0.9170510588008336,5
370183,1,3,0.18870101605793205,3
370190,1,4,1.1647971873122267,5
370192,0,0,-1.2903582563455505,NA
370199,0,2,1.2450306462463545,NA
370201,0,2,0.5140474897914795,NA
370202,1,5,0.0627251349755441,4
370203,1,4,1.3031218611947317,5
370206,0,2,1.3957003739803848,NA
370210,1,3,0.7331672136796028,4
370211,1,5,-0.21189990668543052,3
370212,0,2,1.3716610294618747,NA
370214,0,0,0.10401999970809278,NA
370215,1,5,0.9523558313852372,5
370216,0,3,0.660584425273703,NA
370218,1,5,-0.01337408485666014,3
370220,0,1,-0.1803321668649203,NA
370222,1,4,0.9455725673015443,5
370225,0,1,0.4316556799695384,NA
370227,1,5,0.2930651984531248,4
370228,1,4,0.014528558208493011,3
370229,0,2,0.5911678715813532,NA
370234,1,5,1.0614719602998677,5
370235,1,4,1.106993255201023,5
370236,1,5,0.04067426511983609,4
370237,1,4,0.768889769874621,5
370240,0,1,0.36416790282836875,NA
371300,0,2,0.8863122280851664,NA
371302,0,1,1.3438172146193974,NA
371304,0,1,1.3910352675754158,NA
371305,0,1,0.7891307618065229,NA
371306,0,1,0.7001835567984536,NA
371307,0,0,0.8198624548205129,NA
371310,0,1,0.9881208070544917,NA
371311,0,1,1.1069561821695546,NA
371312,0,1,-0.1640786849961693,NA
371313,0,2,0.9801472338788213,NA
371314,0,2,0.0697893143514731,NA
371316,0,0,0.6677838321288323,NA
371317,0,1,1.4113352123465126,NA
371319,0,2,-0.02562983604378194,NA
371320,0,1,0.7930140545946515,NA
371321,0,2,-0.03464731313929331,NA
371322,0,1,0.1658081077006571,NA
371323,0,1,-0.6732951365070265,NA
371324,0,0,0.33267053749676473,NA
371325,0,1,0.6209404187647987,NA
371326,0,2,-0.8325373251323643,NA
371327,0,1,0.8377878381502886,NA
371328,0,2,-0.20403183621827667,NA
371329,0,2,-0.16191536545611498,NA
371330,0,0,0.16208910608359647,NA
371331,0,0,-0.7514715710524134,NA
371332,0,0,-0.032789505258290164,NA
371333,0,2,0.2710649272822379,NA
371334,0,1,0.0488957476987292,NA
371335,0,0,-2.1583362548746683,NA
371336,0,0,0.6227690387608746,NA
371337,1,3,-0.10298610559123064,3
371338,0,1,0.26751098096439907,NA
371340,0,2,0.17435313184226522,NA
371341,0,1,-0.45002372816285896,NA
371342,0,1,-0.7987221035183191,NA
380001,1,5,-0.1807942722697273,3
380002,1,5,0.44392348850798,5
380004,1,5,0.6758399542997506,5
380005,1,4,1.3415585733846522,5
380007,1,5,-0.12114689528187608,3
380009,1,5,0.2663683355391181,4
380014,1,5,-0.1735726499076799,3
380017,1,5,0.2928610981269736,4
380018,1,5,0.7441338373394115,5
380020,1,5,-0.14693189992769154,3
380021,1,5,0.11324304248874889,4
380022,1,5,-0.046189240107415645,3
380025,1,5,0.24671423710845197,4
380027,1,5,0.12319829102579491,4
380029,1,4,0.257633642717715,4
380033,0,3,0.15634948142531702,NA
380037,1,5,0.4733795527157805,5
380038,1,5,-0.3739397702393856,2
380040,1,5,0.08934021982658272,4
380047,1,5,0.14003859569254104,4
380050,1,5,0.12392461947096085,4
380051,1,5,-0.26717186301031315,3
380052,1,5,0.7512182224509055,5
380056,0,3,0.23524579058374315,NA
380060,1,5,-0.06001459059038911,3
380061,1,5,0.3096339522760141,4
380071,1,5,0.2756321353959344,4
380075,1,5,-0.3880216978936232,2
380082,1,5,0.41047468814801263,5
380089,1,5,0.43718357187780305,5
380090,1,5,-0.3730341423178116,2
380091,1,4,0.8582862169611061,5
380102,1,5,-0.3169828144736266,3
380103,1,3,-0.01235012946934265,3
381301,0,1,0.12329320714856876,NA
381302,1,4,0.4122117411144649,4
381303,0,3,0.4352586461798702,NA
381304,0,2,-0.20727558130603138,NA
381305,0,1,0.11619030368422581,NA
381306,0,3,0.18332701757590109,NA
381307,0,2,0.15106718337217845,NA
381308,0,0,0.47829501638477323,NA
381309,0,1,0.02952773684282671,NA
381310,0,0,-1.0094460382066108,NA
381311,0,0,0.9862579156557917,NA
381312,1,4,-0.013649815022976727,3
381313,1,3,0.24616159445290883,3
381314,1,4,0.4761033583875367,4
381315,1,3,0.263293681268621,4
381316,1,4,0.6170094049188841,4
381317,1,3,-0.09047256055742493,3
381318,1,4,0.22991501868960254,3
381319,1,5,0.6376279208640371,5
381320,1,4,-0.4218082651734043,2
381321,1,4,0.3369286748638636,4
381322,0,1,-0.5510716310147914,NA
381323,1,4,-0.5539690660388564,2
381324,1,4,0.08558110940141447,3
381325,1,5,-0.2772584734063658,3
390001,1,5,-0.1145420513522621,3
390002,1,5,0.11312391384669679,4
390003,1,4,0.026394232924008887,3
390004,1,5,0.4343380348430173,5
390006,1,5,0.2577293289174441,4
390009,1,5,0.2652643858940036,4
390012,1,5,-0.011215394700622428,3
390013,1,5,0.3396858609161029,4
390016,1,5,-0.25284707286262686,3
390025,0,0,-0.05498133469170822,NA
390026,1,5,-0.256181165210903,3
390027,1,5,-0.14685801313081898,3
390028,1,5,-0.2840415191887926,3
390030,1,5,-0.5610351989800694,2
390032,1,5,0.03529002785619663,4
390035,1,5,0.15350645407998165,4
390036,1,5,0.06600365236050831,4
390037,1,5,-0.0037010868424585883,3
390039,1,5,0.10218470470593553,4
390041,1,5,-0.5569227892476099,2
390042,1,5,0.14556614732563122,4
390044,1,5,0.07274748554032755,4
390045,1,5,0.15682197747617818,4
390046,1,5,0.1330635374285557,4
390048,1,5,0.24623487465394486,4
390049,1,5,0.5236891670456073,5
390050,1,5,-0.2599905012022488,3
390052,1,5,-0.2929374101417684,3
390056,1,4,0.11108721573557366,3
390057,1,5,0.5717562074617787,5
390058,1,5,-0.5286385572919503,2
390062,0,3,0.2461364796977014,NA
390063,1,5,0.014178154114110046,4
390065,1,5,0.3455616640313922,4
390066,1,5,0.395764327738173,5
390067,1,5,0.44267570985706156,5
390068,1,5,0.15228285340930398,4
390070,1,4,-0.591764273153161,2
390071,1,4,0.20581477206318963,3
390072,1,5,0.4787579568579055,5
390073,1,5,0.06924825969346919,4
390076,1,5,-0.5258262937248485,2
390079,1,5,-0.6981227246133621,2
390081,1,5,0.009407489646369917,4
390084,1,3,0.460462224996675,4
390086,1,5,-0.13117600049533745,3
390090,1,5,-0.009035521617052289,3
390091,1,5,0.46823416740419976,5
390093,1,4,-0.0462577802518746,3
390096,1,5,0.0918320327036159,4
390097,1,5,-0.018453347415928918,3
390100,1,5,0.8760045123429729,5
390101,1,5,-0.19014465028027408,3
390102,1,5,0.4255749689234484,5
390104,1,3,0.0718084255569968,3
390107,1,5,0.1275516127076347,4
390110,1,5,-0.2941034374356629,3
390111,1,5,0.47476265939787937,5
390112,1,4,0.8472005618766831,5
390113,1,5,0.09370152673878335,4
390114,1,5,0.00744182335605887,4
390115,1,5,-0.25252876093948934,3
390116,1,5,0.11127603797929896,4
390117,1,4,-0.0010788353954874555,3
390119,1,5,-0.5017752246206009,2
390123,1,5,-0.7611281010101814,2
390125,1,5,0.25134965015636335,4
390127,1,5,-0.5587937937595567,2
390133,1,5,0.34461527681658555,4
390137,1,5,-0.44297912207702667,2
390138,1,4,0.7162354092171137,5
390139,1,5,0.4126150553445764,5
390142,1,5,-0.4103771931752326,2
390145,1,5,0.15985289849332976,4
390146,1,5,-0.45466222955136426,2
390147,1,5,0.32982159773328434,4
390150,1,4,0.3173224776877398,4
390151,1,5,0.5882687365189262,5
390153,1,5,0.5303807705083432,5
390156,1,5,-0.36420042680931486,2
390157,1,5,-0.4864738304756642,2
390160,1,5,-0.2168242900099025,3
390162,1,5,-0.09265617967432593,3
390163,1,5,0.21542178854965907,4
390164,1,5,-0.34302180738460086,2
390168,1,5,0.12697299677044352,4
390173,1,5,-0.1527004138068708,3
390174,1,5,0.18830837854210525,4
390178,1,5,0.520840664878059,5
390179,1,5,0.6302520682392306,5
390180,1,5,-0.17033448844757973,3
390183,1,4,0.4681926907084356,4
390184,0,1,0.14295021894083404,NA
390185,1,5,0.045220625252039924,4
390192,0,2,0.28615051767796534,NA
390194,1,5,0.08239380513546544,4
390195,1,5,0.5043847473359074,5
390198,1,5,-0.19518957358808509,3
390199,1,4,0.031034060055389265,3
390201,1,5,-0.07066185721969799,3
390203,1,5,-0.13966485840645837,3
390204,1,5,-1.100649841483352,1
390211,1,5,0.042188709047120666,4
390217,1,4,0.4794208261042891,4
390219,1,5,-0.21074256973564692,3
390220,1,4,-0.18877745782567146,3
390222,1,5,0.06767513638196049,4
390223,1,5,0.5371767142556272,5
390225,1,5,0.41360176857468667,5
390226,1,5,0.26661343994754033,4
390228,1,5,0.3814456121162105,5
390231,1,5,-0.11788541055894623,3
390233,1,5,-0.0943417017766527,3
390236,1,4,0.4654660924311639,4
390237,1,5,-0.32378669413883904,3
390256,1,5,-0.14828196115173878,3
390258,1,5,0.00803530240716966,4
390265,1,5,-0.5155866332211081,2
390266,1,5,0.25138519853699387,4
390267,1,5,-0.1742480569358347,3
390268,1,5,0.4182806881880749,5
390270,1,5,0.4062735038299869,5
390272,0,0,0.9008878365315419,NA
390278,0,0,0.9446286161267216,NA
390304,1,4,0.4620155160159528,4
390307,0,0,-1.7940251682187307,NA
390312,0,2,-0.29015386107562935,NA
390314,0,2,1.9790422529798084,NA
390316,0,2,0.43377409315435,NA
390321,0,2,2.3512964680880892,NA
390322,0,2,1.8030992356431272,NA
390323,0,2,0.9798470785835278,NA
390324,0,2,0.9726087071394063,NA
390325,0,2,2.0274028391451284,NA
390326,1,5,0.6500828463956648,5
390327,0,2,0.7347517085647456,NA
390328,1,5,0.028269953270844896,4
390329,1,5,-0.4308661010785651,2
390330,1,5,0.2582959234810479,4
390331,0,1,0.29802992038393283,NA
390332,0,0,0.9522996456367956,NA
391300,1,4,0.47754145405682674,4
391301,1,4,0.14852218207824933,3
391302,0,1,0.6268107585315124,NA
391303,1,4,0.5622058934532593,4
391304,0,0,1.2057330206370889,NA
391305,1,4,-0.18800426728206796,3
391306,1,3,-0.41039552186848643,2
391307,0,3,0.7244829069962866,NA
391308,1,3,-0.0364210496555277,3
391309,1,3,-0.26097870163456627,2
391312,1,4,0.5322450434602031,4
391313,1,4,-0.06082836399305275,3
391314,1,3,-0.07512691546998079,3
391315,1,4,-0.20209373031852115,2
391316,1,5,0.344810344618234,4
400001,0,1,-0.9678011815529074,NA
400003,0,0,-2.212475422559867,NA
400004,0,1,-2.2261702620447945,NA
400005,0,0,-1.0511796593791303,NA
400006,0,1,-1.4442311620460333,NA
400007,0,0,-2.0430621150046004,NA
400011,0,0,-0.15192693024101486,NA
400013,0,1,-0.10405352087586564,NA
400014,0,0,-0.3534385224591478,NA
400015,0,0,-1.0512438914581124,NA
400016,1,3,-0.481979785187853,2
400018,0,0,-0.6102922084316668,NA
400019,1,3,-1.3679788863763287,1
400021,1,3,-0.8954085442029192,1
400022,0,0,-0.395105759068723,NA
400032,0,0,-7.555010309760556,NA
400044,1,3,-0.6185922955245844,2
400048,0,0,-0.4073014050474203,NA
400061,0,0,-0.7514715710524134,NA
400079,0,1,-2.9600286064155283,NA
400087,0,0,-2.018505097591474,NA
400098,0,0,-1.7863261844563794,NA
400102,0,1,-3.2376173836715028,NA
400103,0,2,-2.268925659785567,NA
400104,0,1,-1.590822353548432,NA
400105,0,0,-1.0512438914581124,NA
400106,0,1,-1.5039756500790298,NA
400109,0,2,-1.7856089320271402,NA
400110,0,0,-0.15192693024101486,NA
400111,0,0,-3.205849154018027,NA
400112,0,0,-0.7776128436057635,NA
400113,0,0,0.14784539016468434,NA
400114,1,4,-1.1003850069532017,1
400115,0,0,-0.7514715710524134,NA
400117,0,0,-0.3990025478891003,NA
400118,1,4,-1.3107791503392119,1
400120,0,2,-1.0999899445257981,NA
400123,0,0,-0.8915435128184633,NA
400124,0,2,-0.9689280602142656,NA
400125,0,0,-1.7268508911446308,NA
400126,0,0,-0.4516992506467141,NA
400128,0,0,-0.1186315645252343,NA
400132,0,0,-4.781712587261763,NA
410004,1,5,-0.26020265182537367,3
410005,1,5,-0.44826582443797963,2
410006,1,5,-0.019463690514486057,3
410007,1,5,-0.35298334807008586,2
410008,1,5,0.7107233367029675,5
410009,1,5,0.134624692164041,4
410010,1,4,-0.02795489405760097,3
410011,1,5,0.08224365409310565,4
410012,1,5,0.39707780193737985,5
410013,1,5,0.05986228931810318,4
420002,1,5,-0.5649782474618541,2
420004,1,5,-0.6812765709996611,2
420005,1,4,-0.2749974896282036,2
420007,1,5,-0.5431757764494691,2
420009,1,5,-0.02465965263645878,3
420010,1,5,0.003361388199669954,3
420011,0,2,0.6609616068242969,NA
420015,1,5,-0.4441830060397124,2
420018,1,5,-0.2628044936578222,3
420019,1,3,-0.3016887125602814,2
420020,1,5,-0.7422426250383254,2
420023,1,5,0.21959972660774757,4
420026,1,5,-0.5127694947949156,2
420027,1,5,-0.1617097855071917,3
420030,1,5,-0.1654883258940507,3
420033,1,5,0.41474898336983573,5
420036,1,5,-0.2945480315061904,3
420037,1,4,0.7496113973092859,5
420038,1,5,-0.1667944351034325,3
420043,1,4,-0.4345398807952591,2
420048,1,5,-0.04966142608869565,3
420049,1,5,-0.09503105728976358,3
420051,1,5,-0.13631589071929726,3
420053,1,5,0.45591861605087525,5
420055,1,4,-0.08219308437633302,3
420065,1,5,0.2259720065597315,4
420066,0,2,-0.22000738254067814,NA
420067,1,5,-0.15016386734389642,3
420068,1,5,-1.6855174871431957,1
420070,1,5,-0.5016034182131791,2
420071,1,5,-0.32987850660325085,3
420072,0,3,-0.10543366263794823,NA
420073,1,5,-0.21580673771790443,3
420078,1,5,-0.5845409131833188,2
420079,1,5,-0.8478979519755339,1
420080,1,5,0.10194487207205193,4
420082,1,5,-0.3166835363806827,3
420085,1,5,0.016660002274736747,4
420086,1,5,0.2611284217490081,4
420087,1,5,-0.317744721165642,3
420089,1,5,0.1051828822402055,4
420091,1,5,-0.17509742952175078,3
420098,1,5,-0.020389801756883416,3
420101,1,4,-0.05898341961228695,3
420102,1,4,1.9295564742758917,5
420103,1,5,0.1971463303948387,4
420104,1,5,0.4561656303841673,5
420105,1,5,-0.0883601907304952,3
420106,1,5,0.3994704743894775,5
420107,1,5,-0.29954588790054054,3
420108,0,2,0.047917540376388075,NA
420109,1,4,0.22497505019737493,3
420110,0,1,-0.9884042310258812,NA
421300,0,0,-4.346665824038948,NA
421301,0,2,-0.07948000237776601,NA
421303,0,2,-0.3627263167864554,NA
421304,0,1,0.14332988279763026,NA
430005,1,5,0.269035616503266,4
430008,1,5,-0.1826252399569945,3
430012,1,5,0.6833750673526414,5
430013,1,5,0.5605085672877825,5
430014,1,5,0.7437001919357281,5
430015,1,5,0.18486847589158584,4
430016,1,5,0.5671601824122047,5
430027,1,5,0.43105149691747663,5
430048,1,4,0.42350121386148626,4
430077,1,5,-0.9844927245523629,1
430083,0,0,0.2998660158670855,NA
430084,0,0,-0.059713352871181985,NA
430089,0,2,1.065218432490882,NA
430090,0,2,1.6053080039356977,NA
430091,0,2,1.627531402320666,NA
430093,0,0,-0.1261064565287865,NA
430095,1,4,0.7841037188028342,5
430097,1,5,-0.31583326466556055,3
431300,0,2,0.747329710801127,NA
431301,0,0,1.5849899618607488,NA
431302,0,0,0.5362728815478518,NA
431305,0,0,-0.43877955443265404,NA
431306,0,2,0.3473921747851011,NA
431308,0,1,0.5193271111041634,NA
431309,0,1,0.8828342284873351,NA
431310,0,0,0.5540204620179227,NA
431311,0,0,0.3619618346143369,NA
431312,0,0,1.0888741271897755,NA
431313,0,0,0.5277268273222921,NA
431315,0,0,0.5656350702303512,NA
431316,0,2,1.079190123120128,NA
431317,0,0,-0.04806239933674143,NA
431318,0,1,0.7309818827667467,NA
431319,0,0,0.865843753974385,NA
431320,0,1,-0.10420125803506854,NA
431321,0,2,0.7228698378315002,NA
431322,0,2,-0.2033867014808861,NA
431323,0,1,1.1981495859893085,NA
431324,0,1,0.5306942217364802,NA
431325,0,1,0.7656725122789547,NA
431326,0,2,0.13003023571693728,NA
431327,0,1,0.14370005721593826,NA
431328,0,1,-0.06423977130828118,NA
431329,0,0,-0.5463279747503843,NA
431330,0,2,0.3015491546428113,NA
431331,0,1,0.22251810047160084,NA
431332,0,1,0.964078583958649,NA
431333,0,0,0.6934788850557398,NA
431334,0,1,-0.18934891761756809,NA
431335,1,4,-0.6753528001195032,2
431336,0,1,0.6336451890993222,NA
431337,0,1,0.7107872536306508,NA
431338,0,2,0.22013741824567484,NA
431339,0,1,-0.2919944094445232,NA
440001,1,3,0.283873584423309,4
440002,1,5,-0.6484007061692145,2
440003,1,5,-0.6434155272632482,2
440006,1,5,-0.42118173746644416,2
440007,1,4,0.671089232251282,5
440008,1,3,-0.2219411351855387,2
440009,1,5,0.19816482941643493,4
440010,0,2,0.15929367779110534,NA
440011,1,5,-0.16983106940278853,3
440012,1,5,-0.6527309195173617,2
440015,1,5,0.05096561103925466,4
440016,1,3,0.13989799681383203,3
440017,1,5,-0.611304880706821,2
440018,1,5,-0.04710641150066114,3
440020,1,5,0.29537785384251486,4
440029,1,5,0.3512246508833691,4
440030,1,5,-0.3954134248351199,2
440031,1,5,0.11247386474365871,4
440032,0,3,0.3338820188749657,NA
440033,1,5,0.004865760427380534,3
440034,1,5,-0.41048180123481137,2
440035,1,5,-1.0288559753527995,1
440039,1,5,0.14667379261775707,4
440040,0,2,-0.2925705934998831,NA
440046,1,5,-0.009636153785776369,3
440048,1,5,-0.45621016230073275,2
440049,1,5,0.16541263940323567,4
440050,1,5,-0.4498354564803876,2
440053,1,5,-0.09131128375419782,3
440056,1,5,0.33464993487979106,4
440057,1,4,0.43809225747991665,4
440058,1,5,-0.06421270210578459,3
440059,1,5,-0.10527123318216425,3
440060,0,2,0.27066522327714326,NA
440061,1,4,-0.34202182647971413,2
440063,1,5,-0.8283816944685949,1
440065,1,5,-0.29094995764732157,3
440068,1,5,-0.3924020296449665,2
440072,1,5,-0.6819424128220806,2
440073,1,5,0.21046941619799897,4
440081,1,5,0.16340055289091832,4
440082,1,5,0.28654440925082025,4
440084,1,5,-0.09462595890873983,3
440091,1,5,0.6409754604608896,5
440102,1,5,0.26886183815910725,4
440104,1,5,-0.8942004500468953,1
440109,1,4,0.19348353644146404,3
440110,1,5,-0.0828373586842785,3
440111,1,3,-1.2729934166790013,1
440120,1,5,-0.2890336661988284,3
440125,1,5,-0.1340444046830102,3
440130,1,5,0.39403333326644185,5
440131,1,3,-0.15269508039299484,3
440132,1,5,0.37483735273100033,5
440137,1,4,0.07498413912872892,3
440144,1,5,-0.20726414044358704,3
440148,0,3,0.7484731264027003,NA
440150,1,5,-0.34541462965525455,2
440151,1,5,0.32793783743973437,4
440152,1,5,-1.3765576681139606,1
440153,1,5,0.03178373828784284,4
440156,1,5,-0.20323259591911805,3
440159,0,0,0.9008878365315419,NA
440161,1,5,-0.05841458300675942,3
440173,1,5,-0.07602341785163376,3
440175,1,4,0.008145641492467388,3
440176,1,5,0.0970824416271123,4
440180,0,2,-0.01892907541899158,NA
440183,1,5,-0.16243647844164305,3
440184,1,5,-0.04679190249397669,3
440185,1,5,-0.37681511288849673,2
440187,1,4,0.39957375701238235,4
440192,1,4,0.3878112720989191,4
440193,1,5,-0.45456227804787536,2
440194,1,5,0.2528528878557536,4
440197,1,5,0.07388160467697799,4
440200,0,2,0.3828767079066529,NA
440218,0,2,0.7458079373308287,NA
440227,1,5,0.11507808265121328,4
440228,1,5,0.09935912714946371,4
440231,0,0,0.1539292010995179,NA
440235,0,2,-0.6408930569668146,NA
441300,0,1,0.27992227954191207,NA
441301,0,0,0.15215900743425748,NA
441303,0,2,0.2761740697958145,NA
441304,0,0,0.924998012135902,NA
441305,1,4,0.756400638547034,5
441306,0,0,0.26872261401519487,NA
441307,1,4,-0.26128533009524574,2
441309,0,0,0.3735128920240968,NA
441310,1,3,-0.557594712175356,2
441311,0,1,0.4206825529089601,NA
441313,0,1,0.5733131206922272,NA
441314,0,1,0.618091054551936,NA
441316,0,1,0.4134707198176204,NA
441320,0,1,-0.2826872733134409,NA
441322,0,0,-0.018244511569537658,NA
450002,1,5,-0.08982544382521464,3
450007,1,5,0.21124354908393322,4
450010,1,5,0.052002917923656314,4
450011,1,5,0.328205856460786,4
450015,1,5,-0.41193736312916873,2
450018,1,5,-0.4461452288181721,2
450021,1,5,-0.0014294663487191689,3
450023,1,5,0.010338879009086015,4
450024,1,5,-0.5533219790127887,2
450028,1,5,-0.14524456981941722,3
450029,1,5,-0.4327074236190118,2
450032,1,5,-0.5969164776611318,2
450033,1,5,-0.462077016655084,2
450034,1,5,-0.5492024511793401,2
450035,1,5,0.04831320989627649,4
450039,1,5,-0.05264243494100352,3
450040,1,5,-0.2865925670975658,3
450042,1,5,0.025520665755802703,4
450044,1,5,0.4785192606197572,5
450046,1,5,-0.6081356515365807,2
450051,1,5,-0.2035619958643916,3
450054,1,5,0.3775427244776252,5
450055,1,4,0.09893442054798696,3
450056,1,5,-0.09574302895761791,3
450058,1,5,-0.007753197180178732,3
450064,1,5,-0.40318366146332296,2
450068,1,5,-0.29032222923868767,3
450072,1,5,0.3819870116141299,5
450078,0,1,-0.09613364374913332,NA
450079,1,5,0.05293086219014777,4
450080,1,5,0.09892338699544213,4
450082,1,4,0.5624598133555906,4
450083,1,5,-0.21761389685179602,3
450085,1,3,0.3769321662158313,4
450087,1,5,-0.23819942673761266,3
450090,1,4,-0.06677661001986972,3
450092,1,5,0.25100893156521814,4
450097,1,5,-0.4264084442714882,2
450099,1,4,0.5862633180204915,4
450101,1,5,-0.04415400562423058,3
450102,1,5,0.14436912479662237,4
450104,1,5,0.524133750545201,5
450107,1,5,-0.41029432898560053,2
450108,1,3,0.2950991444478293,4
450119,1,5,0.11378082290778042,4
450124,1,5,-0.045666498170018076,3
450128,1,5,-0.36000702370876403,2
450132,1,5,-0.9105015320586074,1
450133,1,5,-0.4425944332004391,2
450135,1,5,-0.48056680586311024,2
450137,1,5,-0.10198980399149594,3
450143,0,1,-0.14677685394684775,NA
450144,1,3,-0.06423691291003988,3
450147,1,5,-0.2134961021556922,3
450148,1,5,0.16715851492329634,4
450152,1,5,-0.05180961050455655,3
450154,1,4,0.09860109726972346,3
450155,0,2,-0.47706789925055193,NA
450162,1,4,0.06564921980944793,3
450163,1,5,-0.28866750165966115,3
450165,1,5,0.5820181538900037,5
450176,1,5,0.24136707670457536,4
450184,1,5,-0.08196166649989589,3
450187,1,4,0.5561631812105556,4
450193,1,5,0.11883934958180824,4
450194,1,4,0.35288662201068466,4
450196,1,5,-0.18231583845451177,3
450200,1,5,-0.37930315636763146,2
450203,1,5,0.312555226940602,4
450209,1,5,-0.6037412752763014,2
450210,1,3,-0.33162212272245983,2
450211,1,5,-0.5634894649819083,2
450213,1,5,-0.43062078706255796,2
450219,0,2,0.2918264419755645,NA
450222,1,5,-0.7462877884084493,2
450229,1,5,0.22225143198408684,4
450231,1,5,-0.13098552496671717,3
450235,0,2,-0.15209078242104637,NA
450236,1,5,-0.08737600034769097,3
450237,1,5,-0.45374688085908216,2
450241,0,1,0.41840376179916833,NA
450253,0,1,-0.17896248732957992,NA
450271,1,5,-0.11871751384856287,3
450272,1,5,0.0030702810666323205,3
450289,1,5,-0.442468374288914,2
450292,1,4,0.3397020368268051,4
450324,1,5,-0.4427341517583344,2
450330,1,5,-0.08987746821183772,3
450346,1,5,-0.5106584921373657,2
450347,1,5,-0.9325642658697157,1
450348,0,0,1.1477147186097914,NA
450351,1,5,0.5062216657323135,5
450352,1,5,-0.4539556846255128,2
450358,1,5,0.5891271215343831,5
450369,0,2,-0.05347210344846426,NA
450370,1,4,0.5010704741003478,4
450372,1,5,0.19861056049362036,4
450379,1,5,0.03713948584224678,4
450388,1,5,-0.4256912109909167,2
450389,1,5,-0.004438185318699071,3
450395,1,5,0.3707064521409685,5
450399,0,2,-0.4643805397844256,NA
450400,1,4,0.8226695826594522,5
450403,1,5,0.03577318876508135,4
450411,1,4,-0.06439608800224059,3
450419,1,4,-0.6160160155136363,2
450422,0,2,0.21557687015456453,NA
450424,1,5,-0.06673541584493942,3
450431,1,5,0.530266635395975,5
450447,1,5,-0.006860540332814975,3
450451,0,2,-0.5592848364158793,NA
450460,1,3,0.20378857964724575,3
450462,1,5,-0.16521218237255028,3
450465,1,4,0.19863726681332633,3
450469,1,5,-0.23132792434222277,3
450475,1,4,0.044409090715666164,3
450484,1,5,-0.05308981824315229,3
450489,0,1,-0.35359711217555256,NA
450498,0,1,-0.1685957382625708,NA
450508,1,5,0.0959461980149634,4
450518,1,5,-0.27582942943213046,3
450537,1,5,-0.5010802224100153,2
450539,1,5,0.1483648973830028,4
450563,1,5,0.1628459934627532,4
450565,1,5,-0.7729177895692587,2
450571,1,5,0.18168802503099873,4
450573,0,2,0.1992252300461676,NA
450578,0,1,-0.1531753647870415,NA
450584,1,4,0.13809509442600448,3
450586,0,2,0.6485174937416769,NA
450587,1,5,-0.16302635807794835,3
450596,1,5,-0.07664970967661663,3
450597,1,4,0.7410620484418907,5
450604,1,5,0.7585527429925218,5
450610,1,5,0.08244245177977613,4
450617,1,5,-0.5334898723942055,2
450634,1,5,-0.15886465921721643,3
450638,1,5,-0.5411967190593079,2
450639,1,5,0.05771134883857395,4
450641,0,2,0.21480389980759013,NA
450643,1,5,0.08699937422063245,4
450644,1,5,-0.4910529278292034,2
450647,1,5,0.07085047865366301,4
450651,1,5,-0.44766563561908485,2
450653,1,5,-0.45293872946224484,2
450654,1,3,-0.23488850663732458,2
450656,1,5,-0.4221835596471516,2
450658,0,2,-0.12435295115810542,NA
450659,1,5,-0.1064869700129798,3
450661,1,5,-0.36517290699364285,2
450662,1,5,-0.6836684524518288,2
450668,1,5,-0.4416933638101806,2
450669,1,5,0.13346562113846494,4
450670,1,5,-0.6467870389404383,2
450672,1,5,0.07416109661147557,4
450674,1,3,0.09250777446199424,3
450675,1,5,-0.48857016687046617,2
450677,1,5,0.5487947680771581,5
450678,1,5,-0.48314513136433657,2
450684,1,5,-0.2015672858945799,3
450686,1,5,-0.22216722635261765,3
450688,1,5,0.1262483071674727,4
450690,1,4,0.7281262962243952,5
450694,1,3,-0.5002730414048261,2
450697,1,5,-0.4655926142617672,2
450698,0,1,-0.04115033487371502,NA
450702,1,5,-0.69349471582591,2
450709,1,5,0.15232509825617951,4
450711,1,5,-0.1565686465257204,3
450713,1,5,0.07684583709359484,4
450718,1,5,0.33068475039083456,4
450723,1,5,-0.4009823568205512,2
450730,1,5,-0.007527748636547878,3
450742,1,5,-0.06702097771879495,3
450743,1,5,-0.13092809350058277,3
450747,1,5,0.04284335280532614,4
450755,0,2,-0.9213450771787209,NA
450771,1,5,-0.16147362107697588,3
450774,0,2,1.1748160891964206,NA
450775,1,5,-0.3506960998339058,2
450779,1,5,0.5797922653936534,5
450788,1,5,-0.27091157588510295,3
450801,1,5,0.14916903440268028,4
450803,0,1,-0.42127322908672504,NA
450804,1,4,0.9970971506208024,5
450808,0,1,-0.2654661152880341,NA
450809,1,5,0.132733522169955,4
450820,1,5,0.4708423446646012,5
450822,1,5,-0.1080974506998172,3
450825,0,1,-0.7258780694569784,NA
450827,0,2,0.4965220687625702,NA
450828,1,4,0.7360591117288188,5
450831,0,0,-0.7133519065128581,NA
450833,1,4,-0.3296025705223857,2
450834,0,3,0.9876566626522709,NA
450840,1,5,-0.234478928276114,3
450844,1,5,0.29214671422057226,4
450847,1,5,0.1687846411982338,4
450848,1,5,0.40389047420414115,5
450851,1,3,0.9315058016541008,5
450853,1,4,0.8260718942438158,5
450855,1,5,0.29119307226105606,4
450856,0,2,0.4186485559578968,NA
450860,0,2,0.6424029054472851,NA
450862,1,5,0.2361480448538281,4
450864,1,3,0.9973353457604884,5
450865,0,2,0.3044543912234886,NA
450867,1,5,0.3636220169287582,4
450869,1,5,0.0008491525814531787,3
450871,0,1,1.0963235800738957,NA
450872,1,4,-0.1624645659639832,3
450874,0,2,0.431571075560219,NA
450875,0,2,1.3304104599453876,NA
450876,1,5,-0.42525820889600685,2
450877,1,4,0.2203749639143747,3
450880,0,2,0.36674696355638486,NA
450883,0,3,0.1477430611812983,NA
450885,1,5,0.07729768380520692,4
450888,0,3,1.480455761207368,NA
450889,0,2,1.6767265347096454,NA
450890,1,5,-0.053315623361558255,3
450891,1,4,0.44877227565800226,4
450893,1,4,1.1321367206644448,5
451300,0,1,0.45146023003190955,NA
451303,0,0,-0.06348177565926033,NA
451304,0,0,1.275345523400692,NA
451305,0,0,2.235227691309446,NA
451306,0,0,0.24967754576350365,NA
451308,0,0,0.08412188916949564,NA
451310,0,0,1.2144300602075486,NA
451311,0,1,-0.8491233688072375,NA
451312,0,0,0.3681954763636217,NA
451313,0,0,1.2884976537244415,NA
451314,0,0,1.539102663673413,NA
451316,0,0,0.89115239368641,NA
451317,0,0,1.5112576625679717,NA
451318,0,0,1.177117649302676,NA
451319,0,2,0.16041820125596792,NA
451320,0,0,1.1492726481972348,NA
451322,0,0,1.8175526747278263,NA
451323,1,3,0.2259225056722341,3
451324,0,0,1.1492726481972348,NA
451325,0,0,0.45314762056120217,NA
451329,0,0,1.622637666989737,NA
451330,0,2,0.9752610655398583,NA
451331,0,0,0.01892245442580104,NA
451333,0,0,0.8429776360373805,NA
451334,0,0,0.3150127995142396,NA
451337,0,1,-0.18316956168919202,NA
451338,0,0,-0.19855243952852408,NA
451341,0,0,0.3766564100508204,NA
451342,0,1,-0.009816315277375531,NA
451343,0,1,0.578756274675506,NA
451344,0,0,0.1849719593812504,NA
451346,1,3,-0.008878773263800039,3
451347,0,2,-1.236787762402179,NA
451349,0,0,1.0696985666402656,NA
451350,0,0,-0.036559529045522864,NA
451352,0,0,0.3237917804870751,NA
451353,0,0,1.0935826459863522,NA
451354,0,2,0.42429726025567616,NA
451355,0,0,1.469381639411179,NA
451356,1,3,0.6835966690174657,4
451359,0,2,-0.6620299491638553,NA
451361,0,1,0.6372654911778453,NA
451362,0,0,-0.13506731709972764,NA
451363,0,0,0.2064580713410875,NA
451364,0,0,0.11799048115112779,NA
451365,0,3,0.7840462368894974,NA
451367,1,4,0.5282387161982418,4
451369,0,2,0.2980386491133814,NA
451370,1,3,-0.34666651062648196,2
451371,1,4,0.6007129814784213,4
451372,0,0,0.6442618927509093,NA
451373,0,2,0.30066506243930957,NA
451374,0,0,0.9729181843679433,NA
451375,0,0,0.17376865735937494,NA
451376,0,1,-0.2784791945294023,NA
451377,0,1,-0.764348312344264,NA
451378,0,3,0.8137975046259227,NA
451379,0,3,0.5394496092948013,NA
451380,1,4,1.090551950271338,5
451382,1,4,0.23633931218114218,3
451384,0,2,-0.035322021918210544,NA
451385,0,2,-0.9498339346899765,NA
451386,1,4,-0.38300398603067015,2
451387,1,4,-0.13244323226753413,3
451389,0,0,0.03317502779296799,NA
451390,0,0,-0.32305050092894255,NA
451391,0,0,-1.131753116913611,NA
451392,1,4,1.0504724044192073,5
451394,0,0,0.1995133561766255,NA
451395,0,1,0.04517927948895724,NA
460001,1,5,0.05325790870492085,4
460003,1,5,0.034420866910689435,4
460004,1,5,0.17850985319016105,4
460005,1,5,-0.4189658262364098,2
460006,1,4,0.769241838318112,5
460007,1,5,0.7192762120897924,5
460009,1,5,0.4745021321095589,5
460010,1,5,0.5707853104611909,5
460011,1,5,0.4721296220918343,5
460013,1,5,0.1647789041387308,4
460014,0,3,-0.2974844021828419,NA
460015,1,5,0.23677918794204536,4
460017,0,3,0.41168304891038754,NA
460019,1,5,0.0984924538592314,4
460021,1,5,0.4955601082213834,5
460023,1,4,0.24796802116538022,4
460026,0,3,0.7444048943149904,NA
460030,1,5,0.40190959423092887,5
460039,0,2,0.26008074593752406,NA
460041,1,5,0.018467015282007913,4
460042,1,5,0.2623609064438709,4
460043,0,2,0.3292688755831362,NA
460044,1,4,0.686088163314996,5
460047,1,5,-0.0016835373196857125,3
460049,0,3,0.8980064525349262,NA
460051,1,5,-0.40556999985415343,2
460052,1,5,-0.03887699499767764,3
460054,0,3,0.3333878554561981,NA
460057,1,4,1.080665709564991,5
460058,1,4,0.5538325960263091,4
460060,1,4,0.37565856094549926,4
460061,0,3,0.3110701531490374,NA
461300,0,1,0.8865588426011382,NA
461301,0,1,0.6226855657773722,NA
461302,0,0,-0.043627023208097276,NA
461303,0,2,0.8300911648427358,NA
461304,0,2,0.31245309353182205,NA
461305,0,0,1.1584866299533787,NA
461306,0,2,0.33082393400413146,NA
461307,0,3,0.8276179820704155,NA
461308,0,0,-0.6751179805872665,NA
461309,0,2,0.2715303937749335,NA
461310,0,0,0.32275162462503326,NA
461333,0,1,0.8428080408811487,NA
461335,0,0,-0.2705014571665459,NA
470001,1,5,0.6258052222348168,5
470003,1,5,0.6949851426541789,5
470005,1,5,0.5428347719875801,5
470011,1,5,-0.21273024551676722,3
470012,1,5,0.05774358181175348,4
470024,1,5,-0.5968975559655547,2
471300,0,1,1.3122557456362633,NA
471301,1,4,0.5559059215582042,4
471302,1,3,0.5798351049802013,4
471303,1,4,0.0643249876370543,3
471304,1,3,0.15363791694271495,3
471305,1,3,0.9547597254223597,5
471306,0,2,0.7014889033943638,NA
471307,1,4,0.3196510168771723,4
480001,1,5,-1.7832541970817202,1
480002,1,3,-0.8140652055518508,1
490001,1,5,0.04756109472717403,4
490002,1,3,-0.2670470978492628,2
490004,1,5,0.13545380938954577,4
490005,1,5,-0.05543336074082739,3
490007,1,5,0.20023623941062516,4
490009,1,5,0.2751585505839773,4
490011,0,0,0.6084675302642936,NA
490013,1,5,0.2943077880332279,4
490017,1,5,-0.07880551334676739,3
490018,1,5,0.2614639220585503,4
490019,1,5,-0.2435462033728302,3
490020,1,5,0.14417588335543757,4
490021,1,5,-0.08666382407014551,3
490022,1,5,-0.5062920234505682,2
490023,1,5,-0.7376895202274258,2
490024,1,5,-0.4603590583059592,2
490032,1,5,-0.006160711387717802,3
490033,1,4,-0.008685407445104383,3
490037,1,4,0.2882611954569146,4
490038,1,5,0.6715149531397535,5
490040,1,5,0.08486656792083025,4
490041,1,5,0.3034400379567381,4
490042,1,5,-0.00947139773043744,3
490043,1,5,0.43272336013822493,5
490044,1,5,-0.04093861327515833,3
490045,1,5,0.008740850208809166,4
490046,1,5,0.2550509555168721,4
490048,1,5,-0.12481060439655815,3
490050,1,5,0.1755913799063365,4
490052,1,5,-0.6705797979973089,2
490053,1,5,-0.2793738209471396,3
490057,1,5,-0.556324938251181,2
490059,1,5,0.2029289103293599,4
490060,1,5,-0.016033151426277745,3
490063,1,5,0.30379271248847556,4
490066,1,5,0.3923951407272445,5
490067,1,5,-0.6131619941632156,2
490069,1,5,-0.48316404599713914,2
490075,1,5,-0.45155592260442545,2
490077,1,5,0.3750621714827575,5
490084,1,5,-0.04207743462118626,3
490088,1,4,0.13176300260939497,3
490089,1,4,-0.6656224204962358,2
490090,1,5,0.009384048671899512,4
490092,1,5,-0.7441917875645188,2
490093,1,5,0.1126015163089181,4
490094,0,2,0.6206396717252257,NA
490097,1,4,-0.16007899006950393,3
490098,1,5,-0.08347042367560077,3
490101,1,5,0.7779565203117551,5
490107,1,5,0.1881039466017312,4
490110,1,5,0.02999293801568572,4
490111,1,5,-0.194512634146495,3
490112,1,5,0.035224447423581995,4
490113,1,5,0.06329224927974253,4
490114,1,4,-0.01576238584299991,3
490115,1,4,-0.37154082439416103,2
490116,1,5,-0.24781378712436042,3
490117,1,3,-1.8792720751544674,1
490118,1,5,0.3139129462717193,4
490119,1,5,0.17683698721638047,4
490120,1,5,0.09823718680646558,4
490122,1,5,0.7650760829916884,5
490126,1,5,0.5949034065206098,5
490127,1,4,0.21072070142748833,3
490130,1,5,0.0644930358049532,4
490136,1,5,0.250133334191166,4
490140,1,5,0.1427598688058851,4
490141,1,5,-0.45404364957675125,2
490143,1,5,0.40890873562774027,5
490144,1,5,-0.35157468493049077,2
490145,0,3,0.2882550663458498,NA
491300,0,1,0.35204169342181935,NA
491302,1,4,0.7220341907154847,5
491303,0,1,0.762429608976436,NA
491304,1,4,-0.7554086143334654,2
491305,1,4,0.3279422343794586,4
491307,1,3,-0.8618089601123728,1
491308,1,4,-0.5554988275706777,2
500001,1,5,-0.040980477967229104,3
500002,1,5,0.18744162318960145,4
500003,1,5,-0.25623455987713073,3
500005,1,5,0.789154540909117,5
500007,1,5,0.37395190685255014,5
500008,1,5,0.1153817413107338,4
500011,1,5,-0.4662028758336758,2
500014,1,5,-0.3032536494827042,3
500015,1,5,-0.49476767502909624,2
500016,1,5,0.017032749058926204,4
500019,1,5,0.013533026630352718,4
500021,1,5,0.08973401218913563,4
500024,1,5,-0.2077022417969388,3
500025,1,5,0.49988418824594316,5
500026,1,5,-0.22314534573742642,3
500027,1,5,0.4022038839002942,5
500030,1,5,0.258180736059958,4
500031,1,5,-0.6309782170712116,2
500033,1,5,0.09270904815079418,4
500036,1,5,-0.7894410748771357,2
500037,0,3,0.5193404855909898,NA
500039,1,5,-0.3416505039030745,3
500041,1,5,-0.7390880983234123,2
500044,1,5,0.021116133853509092,4
500050,1,5,-0.28763430851814137,3
500051,1,5,0.22413325366228612,4
500052,0,1,0.6370419562351164,NA
500053,1,5,-0.3752217713001343,2
500054,1,5,0.009170522697638246,4
500058,1,5,0.1463122068005874,4
500060,1,4,-0.21445480438659129,2
500064,1,5,-0.9789082092740935,1
500072,1,5,0.06488999331722413,4
500077,1,5,-0.38529477888221647,2
500079,1,5,-0.32785522410101303,3
500084,1,4,-0.8347209698167872,2
500088,1,5,0.13893563945192505,4
500108,1,5,-0.20386946754750834,3
500119,1,5,-0.0077115444357834005,3
500124,1,5,0.47868092612075835,5
500129,1,5,0.10578394222692959,4
500139,1,5,0.1031622584355896,4
500141,1,5,-0.20381715111723583,3
500148,0,2,0.5389642364666309,NA
500150,1,5,0.7010807825013446,5
500151,1,5,0.41135176972394105,5
500152,1,5,-0.08385956678272234,3
500154,0,3,0.7441788606502074,NA
501303,0,1,0.8820642275785195,NA
501304,1,3,-1.6430778207583707,1
501305,0,2,-0.35015824097401715,NA
501307,0,0,1.4873835361283407,NA
501308,0,2,0.3200072909481463,NA
501309,0,2,1.1296536785657083,NA
501310,0,2,-0.48361055269148173,NA
501311,0,0,0.7037526305101739,NA
501312,1,4,0.1141835578696628,3
501313,0,1,1.1142767885671983,NA
501314,0,2,-0.5294052223518216,NA
501315,0,1,0.51669539462601,NA
501316,0,1,0.6746373314012326,NA
501317,0,0,-0.2936618176332288,NA
501319,0,1,-1.4185952981472005,NA
501320,0,0,0.1513619624492156,NA
501321,0,2,0.4362837691852997,NA
501322,0,0,0.851346970042775,NA
501323,1,4,0.31269968016059824,4
501324,0,0,-0.47751711370136923,NA
501325,0,2,-0.5880486824722237,NA
501326,1,4,0.920611115155439,5
501327,1,3,-0.025383540848625305,3
501328,0,1,-0.4307731171735497,NA
501329,1,4,0.25270229074158,4
501330,1,4,-0.024750397349290985,3
501331,1,4,0.49328439294335896,4
501332,1,4,-0.8269805313323343,2
501333,0,3,0.6400289963183725,NA
501334,0,0,1.3200027683466817,NA
501335,1,4,0.04723574326359932,3
501336,1,4,-0.32733309827389767,2
501337,1,4,0.629053815417554,4
501338,0,1,1.2802522702825452,NA
501339,1,4,-0.7000129805983046,2
501340,0,2,0.3579132475517398,NA
510001,1,5,-0.5399227700532857,2
510002,1,5,-0.04384872915868589,3
510006,1,5,0.1749118704434488,4
510007,1,5,-0.7204482890708477,2
510008,1,5,-0.627856784592912,2
510012,1,5,-0.2472789157969088,3
510013,1,5,-0.5418019083147055,2
510022,1,5,-1.0805800566295005,1
510023,1,5,-0.34718627538940305,2
510024,1,5,0.15766188627204314,4
510029,1,5,-0.4153343567483931,2
510030,1,5,-0.28275847181065705,3
510031,0,0,0.35211467394710205,NA
510038,1,5,0.6498723796141684,5
510039,1,4,-0.8124040355984588,2
510046,1,5,-0.5252086463670835,2
510047,1,4,-0.4047794743679214,2
510048,1,5,0.09950146900515708,4
510050,1,5,-1.0341125861556757,1
510055,1,5,-0.5339255212440159,2
510058,1,5,-0.36143590301670914,2
510062,1,5,-0.5070281245643543,2
510070,1,5,-0.8540774819740001,1
510072,0,2,-0.04795707291040831,NA
510086,0,3,0.06992386007257637,NA
510091,0,2,1.3663809735194803,NA
511300,0,0,-1.1929293894855622,NA
511301,0,0,-1.1269849907910996,NA
511303,0,2,0.5720630575677172,NA
511304,0,0,-0.68382511142932,NA
511306,0,1,-0.7274076895935795,NA
511307,0,2,0.5187720474556577,NA
511308,0,2,0.16274511884378762,NA
511309,0,3,0.9809123670746129,NA
511310,0,2,0.39773150725204565,NA
511311,0,2,0.00789533242494822,NA
511312,0,3,0.897186055091778,NA
511313,1,4,0.5667748378258273,4
511314,0,1,1.0575287959331345,NA
511315,1,3,-0.4547063379576478,2
511316,1,4,0.37901102298983586,4
511317,1,4,0.4015743438078052,4
511318,0,0,-0.32907100913039056,NA
511319,1,4,-0.5514149214127928,2
511320,1,4,0.571511793528507,4
511321,0,3,-0.505143422925504,NA
511322,0,1,0.1615436047381439,NA
520002,1,5,0.27270837127373854,4
520004,1,5,0.6570388199063466,5
520008,1,5,-0.01778912279590964,3
520009,1,5,-0.04411868517169514,3
520011,1,5,0.31827254958456147,4
520013,1,5,0.08335564077375551,4
520017,1,5,0.5226967061625681,5
520019,1,5,0.13069254997756136,4
520021,1,5,-0.7919325752895549,2
520027,1,5,0.33443979246214867,4
520028,1,5,0.7628990269234389,5
520030,1,5,-0.23699266990179343,3
520033,1,5,-0.21966939100080785,3
520034,1,5,0.31308100919900467,4
520035,1,5,0.44706641293406474,5
520037,1,5,-0.4867609993844164,2
520038,1,5,0.2100459059885064,4
520041,1,5,-0.0566259664839142,3
520044,1,5,-0.2978032373008335,3
520045,1,5,-0.11371630972925217,3
520049,1,5,0.5722293688332888,5
520051,1,5,-0.02972387666894577,3
520057,1,5,0.44267412688292307,5
520059,1,5,-0.29431297676589807,3
520062,1,5,0.3534898658688864,4
520063,1,5,0.5950800951531595,5
520066,1,5,0.038444102268443636,4
520070,1,5,0.47477006011750544,5
520071,1,5,0.5927483416577618,5
520075,1,5,0.36083467999172897,4
520076,1,5,-0.31483008751331953,3
520078,1,5,-0.5181238394701561,2
520083,1,5,0.6205107317669766,5
520087,1,5,0.056543689943673967,4
520088,1,5,-0.1407231454013695,3
520089,1,5,0.5816134518261394,5
520091,1,5,0.5502866765245752,5
520095,0,3,1.333250134175717,NA
520096,1,5,-0.24910073194986254,3
520097,1,5,-0.2596261376661903,3
520098,1,5,0.4817686249467014,5
520100,1,5,0.06645316582719127,4
520102,1,5,0.5508230069734378,5
520103,1,5,0.49577986816990416,5
520107,1,5,-0.1447144950492956,3
520109,1,4,0.5209837433418243,4
520113,1,5,0.743794006462546,5
520116,1,5,0.07821341908855564,4
520136,1,5,-0.42477278298912297,2
520138,1,5,0.1736040505619149,4
520139,1,5,-0.16203149030375175,3
520160,1,5,0.0177465931251182,4
520177,1,5,-0.062374256339626885,3
520189,1,5,0.4094443257957943,5
520193,1,5,0.1646048467760177,4
520194,0,2,1.93102015271891,NA
520196,0,2,1.455418061685783,NA
520198,1,5,0.33371409147998893,4
520202,1,5,0.27695792782385154,4
520205,0,2,0.8955375658814332,NA
520206,1,5,0.10474065220640738,4
520207,1,5,0.40316598315086305,5
520208,1,5,0.3756638385195157,5
520210,1,5,0.1510508892292277,4
521300,0,2,0.576432809832134,NA
521302,0,2,-0.6250430717339663,NA
521303,0,1,0.6857028812909174,NA
521304,0,1,0.5127012333693912,NA
521305,0,2,1.3245212602338106,NA
521307,0,1,0.220916663488716,NA
521308,1,4,0.5194460065111162,4
521309,0,1,0.961951916965,NA
521310,0,2,-0.23741057480233638,NA
521311,0,2,0.42278267200140995,NA
521312,0,2,0.8264989924153383,NA
521313,0,2,-0.11397689586396925,NA
521314,0,2,0.16530103208703167,NA
521315,1,4,-0.4342621603694056,2
521316,0,2,0.20423263608868458,NA
521317,0,1,-0.06039636912523774,NA
521318,0,1,0.48551391674415867,NA
521319,0,1,0.9621932146106345,NA
521320,0,3,0.21521451054462548,NA
521321,0,3,0.7259792651864929,NA
521322,0,3,0.5651642334935075,NA
521323,0,0,0.21153131437952413,NA
521324,0,3,0.15685656122183,NA
521325,1,3,-0.18351143412954574,2
521326,0,3,0.2648057522083413,NA
521327,1,4,0.46613307166703116,4
521328,0,2,0.4709410388534647,NA
521329,0,3,0.24626613650631785,NA
521330,1,4,0.7262256404981628,5
521331,0,0,0.011826672165843127,NA
521332,0,1,0.20852161444082135,NA
521333,1,4,-0.3623138458414479,2
521334,0,3,-0.37979992648001115,NA
521335,0,3,0.623523747276405,NA
521336,0,3,-0.28627997179434894,NA
521337,1,4,0.6735727824929381,5
521338,0,3,0.08370815738935972,NA
521339,0,2,0.806743496993076,NA
521340,1,4,0.34660208407918824,4
521341,1,4,0.0520616749171077,3
521342,0,0,0.37278060834527216,NA
521343,0,3,0.887937094147016,NA
521344,0,1,0.5648629610984884,NA
521345,0,3,0.6121545702871987,NA
521346,1,4,0.4808417713379214,4
521347,0,1,1.023200962890142,NA
521348,0,3,0.9556502494081338,NA
521349,1,3,0.41251701130727153,4
521350,1,4,0.748394592820669,5
521351,0,1,0.7169569618297663,NA
521352,0,1,-0.01760060424117532,NA
521353,0,1,0.044698164553047204,NA
521354,0,3,1.4138731825760074,NA
521355,1,4,0.10606994039067544,3
521356,0,1,0.779408627178142,NA
521357,1,4,0.13996318041025177,3
521358,1,4,0.8494805277448055,5
521359,1,4,0.7050083697144333,5
530002,1,5,0.03783301560398146,4
530006,1,5,0.650577745082404,5
530008,1,5,-0.6314960684130317,2
530011,1,4,-0.34690887137129633,2
530012,1,5,-0.12372383953890793,3
530014,1,5,-0.11647003972701245,3
530015,1,5,0.5308295653737465,5
530025,1,5,0.0028802223039721894,3
530032,0,3,-0.03689637146217813,NA
530034,0,1,0.6033578774478464,NA
531301,0,0,0.9690505112408377,NA
531302,1,3,-0.0027139991354088455,3
531303,0,0,0.30015274087527954,NA
531304,1,3,-0.7950661930168005,1
531305,0,2,-0.3880697207473416,NA
531306,1,3,-0.13978472813605225,3
531307,1,3,-0.5404654485936935,2
531308,0,1,0.4197232030149528,NA
531309,1,3,-0.34878737676406557,2
531310,0,3,0.4963642281648988,NA
531312,1,5,0.17151984004410994,4
531313,0,2,0.16614569590099948,NA
531315,0,0,0.43545195457862135,NA
531316,0,2,-0.34640246023775234,NA
650001,1,3,-0.06618550930727476,3
660001,0,1,-0.07639370029968273,NA
670004,1,4,0.36572974719677004,4
670005,0,2,-0.5454685033789315,NA
670006,0,2,0.0013440648344097972,NA
670008,0,3,-0.07466918406964523,NA
670023,1,5,-0.1587182185875021,3
670025,1,5,0.8505096902214122,5
670031,1,5,0.1360479151629077,4
670034,1,5,0.2519141369662197,4
670041,1,5,-0.017485015377908975,3
670043,1,5,-0.05369843557301911,3
670044,1,5,0.6423193364508213,5
670047,1,5,-0.47026872565106403,2
670049,0,2,2.4534270000673657,NA
670053,1,5,-0.31318852374799244,3
670054,0,3,0.5914666961753695,NA
670055,1,5,-0.2671399456746119,3
670056,1,5,0.46358163231649085,5
670059,0,3,0.5402017588686427,NA
670060,1,5,-0.39871998956080534,2
670061,0,3,1.0447049933567596,NA
670062,0,1,0.9075108419116762,NA
670067,0,2,1.3031031230056171,NA
670068,1,5,0.304088297439459,4
670069,0,2,0.011734393664646126,NA
670071,1,4,0.9329704920512948,5
670073,1,3,0.6786919283410355,4
670075,1,5,0.2527345022271469,4
670076,0,3,0.12766872102203353,NA
670077,1,5,0.30177597228023617,4
670078,0,3,1.2616006280151761,NA
670080,1,5,0.2544035510579301,4
670082,1,5,-0.2374850647107082,3
670085,1,5,0.5701145876265501,5
670088,1,5,0.03611953333834608,4
670090,0,2,-0.28792103166243216,NA
670093,0,0,-2.5590726535835793,NA
670098,1,5,-0.3870391259369487,2
670102,0,0,0.11998178368901007,NA
670103,1,5,0.34143582740899436,4
670106,1,5,-1.1751645382597573,1
670107,0,1,0.8409785391633403,NA
670108,1,5,1.0326361083639688,5
670109,0,0,-1.3073391472049123,NA
670112,0,3,0.8010468406631235,NA
670116,0,2,0.3022589293681389,NA
670118,0,0,0.635395963920948,NA
670120,1,5,-0.1207380477955213,3
670121,0,0,-12.89521340500786,NA
670122,1,5,0.08069383543167699,4
670124,0,1,-0.07055839364472985,NA
670128,0,2,0.12223679654039134,NA
670131,0,1,0.414535496887639,NA
670132,0,0,0.3974576183503195,NA
670136,0,0,0.4253026194557608,NA
670143,0,0,-0.24297740707483062,NA
670265,0,0,2.151692687993122,NA
