PROVIDER_ID,report_indicator,Total_measure_group_cnt,summary_score,star
010001,1,5,-0.03096795077625481,3
010005,1,5,-0.2925772029272676,2
010006,1,5,-0.7511706673097558,1
010007,1,4,-0.9656307578585579,1
010008,0,1,-0.15824598501424783,NA
010011,1,5,-0.24936729036416136,3
010012,1,5,-0.36245763155032895,2
010016,1,5,-0.20584548870993485,3
010018,0,1,0.6699586573618129,NA
010019,1,5,-0.5440789445188567,2
010021,1,4,-0.11007020135884932,2
010022,0,2,0.7039085479587702,NA
010023,1,5,-0.500594913970556,2
010024,1,5,-0.6301414530832895,2
010029,1,5,-0.34547822843537224,2
010033,1,5,-0.13423921281792894,3
010034,0,1,0.5464260886822161,NA
010035,1,5,0.024802592482236825,3
010036,1,5,-0.27166565972479306,3
010039,1,5,-0.4761161118543465,2
010040,1,5,-0.5648807274832215,2
010044,0,2,0.44858901982749383,NA
010045,1,4,0.3553258295124101,4
010046,1,5,-0.1253909487475798,3
010049,1,5,-0.34271029062920205,2
010051,0,1,1.3907802080983918,NA
010052,0,1,0.35991223431705227,NA
010055,1,5,-0.5299754388624177,2
010056,1,5,0.15408259035629804,4
010058,0,1,0.4458901563497217,NA
010059,0,1,0.5874331421651884,NA
010061,1,5,-0.5691391356797207,2
010062,0,2,-0.2898230645500476,NA
010065,1,5,0.08106408467593841,4
010069,0,3,0.04746434317199677,NA
010073,0,2,0.10290210205563001,NA
010078,1,5,-0.29364147610046376,2
010079,1,5,-0.27910587106119933,2
010083,1,5,0.49825947389664704,5
010085,1,5,-0.251721907611898,3
010086,1,4,-0.02699061553338669,3
010087,1,5,-0.1862658893261805,3
010089,1,5,-0.3122524789605524,2
010090,1,5,-0.2087997746472746,3
010091,0,1,-0.20085063013860702,NA
010092,1,5,-0.6907146321092962,1
010095,0,1,0.5183264415862074,NA
010097,0,2,-0.3131608651627583,NA
010099,0,3,-0.3228988325613302,NA
010100,1,5,0.03136765187728583,3
010101,0,3,-0.9881840913087789,NA
010102,0,1,-0.3499990931291711,NA
010103,1,5,-0.20925356197776177,3
010104,1,5,-0.5736657347715534,2
010108,1,5,0.2491266255214205,4
010110,0,1,-0.4483975831953194,NA
010112,0,3,-0.7825192424179527,NA
010113,1,5,-0.26743122914460615,3
010114,1,5,-0.3047380727284348,2
010118,1,5,-0.26912519416182523,3
010120,0,3,-0.7961943347103144,NA
010125,1,4,0.9675637408852087,5
010126,0,3,-0.020870014380598295,NA
010128,0,2,-0.9524536593675732,NA
010129,0,3,0.0488040535246163,NA
010130,1,4,-0.30894033093198264,2
010131,1,5,-0.2633574731995162,3
010138,0,1,-1.5094299092460395,NA
010139,1,5,-0.4142272749612676,2
010144,1,5,-0.4646482487737529,2
010148,1,4,-0.5333046645743589,1
010149,1,5,-0.17436743220779063,3
01014F,1,5,-0.0773065958712302,3
010150,0,2,0.17296405448781943,NA
010157,0,1,0.009343029210272913,NA
010158,0,3,-0.25099502903141085,NA
010164,1,5,0.10371672584697839,4
010168,1,4,0.21731045152050177,3
010169,0,3,0.3404922393080856,NA
010173,0,2,0.3865387853044782,NA
010174,0,1,-1.1820492638844708,NA
010175,0,1,0.0294951457789739,NA
01019F,1,4,0.9015894472905321,5
01021F,0,0,-0.31721135883936014,NA
011300,0,0,0.48006438865977197,NA
011302,0,1,0.47274834105050006,NA
011304,0,1,1.5905243862078733,NA
011305,0,3,-0.5105446463211357,NA
011306,0,1,-0.057723610046405624,NA
020001,1,5,-0.032293220764155334,3
020006,1,5,-0.12298778514629552,3
020008,1,5,0.3880222032864605,4
020012,1,5,-0.5466233087976249,2
020017,1,5,-0.374176183965688,2
020018,0,2,0.5927412194804738,NA
020024,1,5,-0.6606518382702803,1
020026,1,5,-0.16075547882609575,3
021301,0,1,0.11956210895937555,NA
021302,0,1,-0.0934778128447503,NA
021304,0,0,-1.2114158727359352,NA
021305,0,1,0.11389160839036655,NA
021306,0,1,-0.07897127536779971,NA
021307,0,1,1.3684935965201732,NA
021308,0,0,-0.05082399988413511,NA
021309,0,0,0.5614769227493651,NA
021310,0,0,1.4757086936844306,NA
021311,0,3,0.9014495445156323,NA
021312,0,0,-0.3391717577827794,NA
021313,0,3,0.04562966351744355,NA
021314,0,2,-0.10389208849742393,NA
030002,1,5,-0.10374568357854631,3
030006,1,5,-0.029378192663842416,3
030007,1,5,0.37558391461010504,4
030010,1,5,-0.43746576012659505,2
030011,1,5,-0.31225374644376735,2
030012,1,5,-0.38125154380982557,2
030013,1,5,-0.32415445561018025,2
030014,1,5,-0.16298888538858503,3
030016,1,5,-0.1852281670663828,3
030022,1,4,-0.22605197099026442,2
030023,1,5,0.20804498162775595,4
030024,1,5,0.12502256082899554,4
030030,1,5,-0.6024889562573319,2
030036,1,5,0.1812711466942029,4
030037,1,4,-0.69686591924829,1
030038,1,5,-0.3228521646441537,2
030043,1,5,-0.44020732892240816,2
030055,1,5,0.14096065411111572,4
030061,1,5,-0.20524972773019193,3
030062,1,5,0.133686939950054,4
030064,1,5,-0.23582499628427986,3
030065,1,5,-0.4000030408913183,2
030069,1,5,-0.701098401177773,1
030071,0,3,0.2850047012573158,NA
030073,0,2,-0.25784640390821756,NA
030074,0,0,-2.6625487968407673,NA
030078,0,2,-0.05526260410733554,NA
030083,1,5,-0.8559525010205598,1
030084,0,2,-0.44991532609608476,NA
030085,1,5,-0.4020382027221311,2
030087,1,5,-0.1936742454348473,3
030088,1,5,-0.29924048508145806,2
030089,1,5,-0.0394828061286357,3
030092,1,5,-0.3692521115751866,2
030093,1,5,-0.020447223817607777,3
030094,1,5,-0.538710748256427,2
030101,1,5,-0.5647026784961734,2
030103,1,5,1.2411379691925817,5
030105,1,4,0.30562019493850306,4
030107,0,2,1.0477411835646924,NA
030108,0,2,0.4927066441594917,NA
030110,1,5,-0.7849029149591807,1
030111,1,5,-0.11103408067791926,3
030112,0,2,-1.7944344792777143,NA
030113,0,2,0.023607845302382743,NA
030114,1,5,0.029187038727548714,3
030115,1,5,-0.22153127800840458,3
030117,1,4,-0.6267038356332328,1
030119,1,5,0.3477749345609723,4
030121,1,5,-0.6090717208209558,2
030122,1,5,0.34208958818543433,4
030123,1,5,0.5060619431666694,5
03012F,1,5,0.10819903656302393,4
030130,1,5,-0.40593922888701073,2
030131,0,2,-1.4081448969232468,NA
030134,0,3,0.4037319789545416,NA
030136,0,1,0.05143780282441289,NA
030138,1,4,1.1056434628436687,5
030139,0,3,0.47863931169843815,NA
03013F,1,5,-0.769146529892293,1
030146,1,4,0.3657502381571163,4
030147,0,3,-0.40420906272508517,NA
030148,0,3,-0.5115952995234265,NA
03033F,1,4,1.1288648919742237,5
031300,0,1,0.06672285127550735,NA
031301,0,1,-0.9472457688473922,NA
031302,0,0,0.3711402144709446,NA
031304,0,1,0.9330860182987222,NA
031305,0,0,0.6439672013731343,NA
031308,0,0,1.0542565513920583,NA
031309,0,1,-0.591801410253654,NA
031311,0,3,-0.7806740956178624,NA
031312,0,1,-0.2392086432366785,NA
031313,0,1,0.6974320133319541,NA
031314,1,4,-0.04844223532081453,3
031315,0,2,0.34483514419525474,NA
031317,0,0,-1.370744823671719,NA
031318,1,4,0.6955135085362169,5
031319,0,1,0.6407577519130486,NA
031320,0,0,2.1631624283937634,NA
040001,1,4,0.2780674143763791,4
040002,1,4,0.4535655216048241,4
040004,1,5,0.17276485401742822,4
040007,1,5,-0.31439923275050236,2
040010,1,5,0.4317536264630999,5
040011,1,4,0.4675377653257402,4
040014,1,5,-0.19079881818392147,3
040015,0,2,-1.0685574835201201,NA
040016,1,5,-0.4258533150301226,2
040017,1,5,0.1159047620599339,4
040018,0,1,1.143715900307504,NA
040019,0,3,0.0661881709385727,NA
040020,1,5,-0.7541050478823004,1
040022,1,5,-0.29668219729767287,2
040026,1,5,0.18257833557538022,4
040027,1,5,-0.857045402361355,1
040029,1,5,-0.20783775873107796,3
040036,1,5,-0.8844700601418634,1
040039,1,5,-0.30654673972968405,2
040041,1,5,-0.3714092888493292,2
040047,1,3,-1.0582160906912377,2
040050,1,3,0.28556027667592615,4
040051,1,4,-0.047544096204464814,3
040055,1,5,-0.5824496860597156,2
040062,1,5,0.01922972543628727,3
040067,0,3,-0.4986784811414018,NA
040069,1,5,-0.5039930663870956,2
040071,1,5,-0.3933930153879184,2
040072,1,3,-0.017693213404050976,3
040076,0,1,0.03174509215124538,NA
040078,1,5,-1.2328047086398475,1
040084,1,5,-0.48812118643944696,2
040085,0,2,-0.9687163090633579,NA
040088,1,5,0.1857344669238673,4
04009F,1,4,1.5329524168256978,5
04010F,1,5,-0.41520550503539,2
040114,1,5,-0.4339602423055817,2
040118,1,5,-0.1679136406580978,3
040119,1,5,-0.09387115848056385,3
040132,0,0,1.7439388268656162,NA
040134,1,5,-0.27539346950752625,3
040137,1,5,0.25279756877914905,4
040147,0,3,1.4307623348157343,NA
040152,0,1,0.2874316964155332,NA
040153,0,2,0.6340515454748762,NA
040154,1,5,-0.0512012207019998,3
040156,0,2,0.1857023106924392,NA
040161,1,4,0.3654008863358006,4
041300,0,1,0.7047069376879863,NA
041302,0,1,1.6346286003854404,NA
041303,0,1,1.2732114239068342,NA
041304,0,0,-0.011343357684887784,NA
041305,0,1,0.14329016747340145,NA
041306,0,1,-0.5915940016914255,NA
041307,0,2,-1.3896252787258374,NA
041308,0,1,-0.15865028057743766,NA
041309,0,2,0.03062138230956834,NA
041310,0,2,0.5402899034978275,NA
041311,0,2,-0.6424777338500227,NA
041312,0,2,0.2557671412227828,NA
041313,0,2,0.6804405912644759,NA
041314,0,1,-0.2077210390216248,NA
041316,0,1,-0.19618471143492275,NA
041317,0,1,0.31791728940110675,NA
041318,0,1,1.4362701788025705,NA
041320,0,1,-1.5150504703071268,NA
041321,0,2,0.764021759530708,NA
041322,0,2,-0.5050517088107107,NA
041323,1,3,0.04975849744942597,4
041324,0,2,0.907086498119464,NA
041326,0,0,0.37984498922143545,NA
041327,0,1,-1.3174986347840414,NA
041328,0,2,-0.8748449402294604,NA
041329,0,2,0.4651147302972527,NA
041330,0,2,-0.23952688284165496,NA
041331,0,0,1.4379779757513984,NA
041332,0,2,-0.6064767368952939,NA
050002,1,5,-0.5117918523833472,2
050006,1,5,0.10705416688759806,4
050007,1,5,0.907934066349585,5
050008,1,5,0.06934072350790908,4
050009,1,5,0.19926029199531525,4
050013,1,5,0.43471253690627887,5
050014,1,5,-0.09182129618542956,3
050017,1,5,0.3543797344995196,4
050022,1,5,-0.42520269869041316,2
050024,1,5,0.052282441553117495,4
050025,1,5,0.49726946763732127,5
050026,1,5,0.05398193960174384,4
050028,0,3,0.02148903656317875,NA
050030,1,5,-1.3921021471031356,1
050036,1,5,-0.5415773714151879,2
050038,1,5,-0.4203079866643967,2
050039,1,5,-0.3189978580461702,2
050040,1,4,-0.45638148595450123,2
050042,1,4,0.42502147617664454,4
050043,1,5,0.2947493856027125,4
050045,1,5,-1.1870538407759834,1
050047,1,5,0.0846825117134728,4
050054,1,5,0.11058918551246755,4
050055,1,5,0.6410957929799456,5
050056,1,5,-0.4072204543645662,2
050057,1,5,-0.4651187894775634,2
050058,1,5,0.022757917617980475,3
050060,1,5,-1.066383760197143,1
050063,1,5,-0.6916962450770356,1
050067,0,2,0.3062232286032099,NA
050069,1,5,0.21803114249799516,4
050070,1,3,0.5457808331710987,5
050071,1,3,0.16707162824197422,4
050072,1,3,-0.7650516827903803,2
050073,1,3,-0.2609403167889498,3
050075,1,5,-0.2035241633843016,3
050076,1,3,0.40099324654043667,4
050077,1,5,-0.247440446983402,3
050078,1,5,-0.4415022475448818,2
050082,1,5,0.03698362614958234,3
050084,1,5,-0.023001529909092634,3
050089,1,4,0.20362606408088577,3
050090,1,4,-0.20828897218620473,2
050091,0,3,-0.9953672351464922,NA
050093,1,5,-0.847045081646329,1
050096,0,1,1.3330684028626667,NA
050099,1,5,0.18219280426950601,4
050100,1,5,0.1608495480819287,4
050101,1,5,0.26536053150572814,4
050102,1,5,-0.10648137342769996,3
050103,1,5,-0.24356204118100572,3
050104,1,5,-0.5831379170538802,2
050107,1,5,-0.12214921119661404,3
050108,1,5,0.08624752313267214,4
050110,1,5,-0.6131522460849111,2
050112,1,5,0.37324283518371093,4
050113,1,3,-0.14228903157908862,3
050115,1,5,-0.020016822554194885,3
050116,1,5,0.341868581429888,4
050118,1,5,-0.590886747517458,2
050121,1,5,-0.7668797288412627,1
050122,1,5,-0.5832853697754314,2
050124,1,5,0.06136314050044095,4
050125,1,5,-0.3569282940736371,2
050126,1,5,-0.21863724054106864,3
050127,1,5,0.2660498642323007,4
050128,1,5,-0.14760737943931468,3
050129,1,5,-0.07819377685456674,3
050131,1,5,0.5173483410124255,5
050132,1,5,-0.1352031834016392,3
050133,1,5,-0.5741226886360897,2
050135,1,5,0.05993055730045441,4
050136,1,5,-0.3459515178475606,2
050137,1,3,0.06515436782823553,4
050138,1,3,0.4151312771214458,4
050139,1,3,-0.6403589368818438,2
050140,1,3,-0.29538681564698677,3
050145,1,5,0.05342880592805396,4
050149,1,5,-0.213587482285263,3
050150,1,5,0.4295449599366578,5
050152,1,5,-0.2592189185847553,3
050158,1,4,0.19822197839692315,3
050159,1,5,-0.6085570037694017,2
050167,1,5,-0.5519301444825567,2
050168,1,5,0.37803633479251847,4
050169,1,5,0.05445850600355301,4
050174,1,5,-0.28471775985047587,2
050179,1,5,-0.8128665848978127,1
050180,1,5,-0.22706619670384284,3
050191,1,5,0.03113549687507757,3
050192,0,2,-0.15781519919679973,NA
050194,1,4,-0.9377606722663823,1
050195,1,5,-0.23641243406313706,3
050197,1,5,0.9102763604340469,5
050204,1,5,-0.4599695552937032,2
050211,1,5,0.12099158043226649,4
050222,1,5,0.2042670308591682,4
050224,1,5,0.6257977034434292,5
050226,1,5,-0.13527409322533007,3
050228,1,5,-0.633175547099268,2
050230,1,5,-0.5203844048187468,2
050231,1,5,0.08410432371682748,4
050232,1,5,0.7869603226123383,5
050234,1,5,0.3388915702049869,4
050235,1,5,0.089974997741322,4
050236,1,5,-0.5593461301554005,2
050238,1,5,-0.1503981202902041,3
050239,1,5,0.48102965738646175,5
050242,1,5,0.34139080064465366,4
050243,1,5,-0.4751075603895685,2
050245,1,5,-0.7937320124286141,1
050248,1,5,-0.04883623318719936,3
050254,1,5,0.0586301106398658,4
050257,0,1,1.032162479617324,NA
05025F,1,5,-0.17208968100592514,3
050261,1,5,-0.6732758027583677,1
050262,1,5,0.5429690918290349,5
050272,1,5,0.12954455254074515,4
050276,1,5,-0.1437782071308049,3
050278,1,5,0.3988260894556056,4
050279,0,3,-0.2750911790246132,NA
05027F,1,5,-0.14461784961040125,3
050280,1,5,-0.3848617219794526,2
050281,1,5,-0.1789432384424886,3
050283,1,5,0.34566160132691937,4
050289,1,5,-0.8935031280256913,1
050290,1,5,0.27779572667137065,4
050291,1,5,0.4497916011590041,5
050292,1,5,-0.4308441426411963,2
050295,1,5,-0.03447101789116066,3
050298,1,4,-0.13436101126087363,2
050300,1,5,-0.8400822965909329,1
050301,1,5,0.4298434335542686,5
050305,1,5,0.1804820741368406,4
050308,1,5,0.23056424666404776,4
050309,1,5,0.04280505231711946,3
05030F,1,5,0.8383223091126072,5
050313,1,5,0.36586720632103076,4
050315,1,4,-0.801122819954756,1
05031F,1,5,0.5898626352789154,5
050320,1,5,-0.7138477128995113,1
050324,1,5,0.5193408547501555,5
050327,1,5,-0.20398889891827207,3
050329,1,5,-0.21806618119244714,3
050334,1,5,0.5514827791664499,5
050335,1,5,-0.38959643798325,2
050336,1,5,-0.1641098773124308,3
050342,1,5,-0.12774869974635386,3
050348,1,5,0.21237905159990877,4
050350,1,5,-0.6409104811488026,2
050351,1,5,0.5229298941729524,5
050352,1,4,0.13094854163108233,3
050353,1,5,0.3747912384679906,4
050357,1,4,0.9069187828406697,5
050360,1,5,0.3581354678316502,4
050367,1,5,-0.02415357512889783,3
050373,1,5,-0.53091251974441,2
050376,1,5,-0.86290398611377,1
050378,1,3,-2.5549636492902383,1
050380,1,5,-0.2766349048479858,2
050382,1,5,-0.6321131119674845,2
050390,1,5,-0.689399203607482,1
050393,1,5,-0.11908122082854514,3
050394,1,5,0.06726431022342336,4
050396,1,5,0.4161057767479538,5
050407,1,4,0.24727238616214298,3
050411,1,3,0.19516129512659763,4
050414,1,5,-0.45926603126639043,2
050417,1,5,-0.5050401240439986,2
050423,0,1,-0.6454275762009785,NA
050424,1,5,0.8623867979409444,5
050425,1,5,-0.6784423233483187,1
050426,1,5,-0.23644226717444863,3
050438,1,5,-0.15361476355051584,3
050441,1,5,0.8103144019877913,5
050444,1,5,-0.12826576955997748,3
050454,1,5,0.6257117335761855,5
050455,1,5,-0.4016672672279355,2
050457,1,5,-0.11752988072069344,3
050464,1,5,-0.690956202490609,1
050468,1,5,-1.002820184522397,1
050471,1,5,-0.5278100516826537,2
050481,1,5,-0.7937904780089634,1
050485,1,5,-0.430870583951819,2
050488,1,5,0.3530792890644183,4
050492,1,5,-0.4843527563397295,2
050496,1,5,0.44343027025392145,5
050498,1,5,0.6072564997326934,5
050503,1,5,0.44019964284024166,5
050506,1,5,-0.14483399133407707,3
050510,1,3,0.14150925502294526,4
050512,1,3,-0.33179601193023317,3
050515,1,3,0.46600159680547126,5
050516,1,5,-0.12488175233454603,3
050517,1,4,-0.7225274490931438,1
050523,1,5,-0.18068385904934603,3
050526,0,3,-0.7618124269058186,NA
050528,0,3,-0.1316212868315603,NA
050534,1,5,-0.2291630189781907,3
050537,1,5,0.5195625157054437,5
050541,1,3,0.20896625890681259,4
050543,0,1,1.1195202846916332,NA
050549,1,5,0.035439617611248364,3
050551,1,5,-0.670429859634023,1
050557,1,5,-0.37714238532008626,2
050561,1,3,-0.4337564493639107,3
050567,1,5,0.1602970027650445,4
050570,1,5,-0.46393115242971417,2
050573,1,5,0.22856833882022132,4
050580,1,5,0.08725944162337912,4
050581,1,5,-0.5687775309674038,2
050586,0,3,0.44400172802400506,NA
050588,1,4,-1.0132263484606958,1
050589,1,4,-0.2262312873549469,2
050590,1,5,-0.041796710043794774,3
050597,1,5,-0.011324758344887123,3
050599,1,5,0.056312430179762105,4
050603,1,5,-0.05285159727326154,3
050604,1,3,0.31788486351753603,4
050608,0,3,-0.521531933575879,NA
050609,1,3,0.005100084414081829,4
050624,1,5,-0.23567026238552252,3
050625,1,5,0.4262470412861316,5
050633,1,5,-0.545877249824252,2
050636,1,5,-0.1806051905412672,3
050641,0,3,-0.5499562241159955,NA
050663,1,5,-0.054269689929570875,3
050668,0,1,-1.8370273743967616,NA
050674,1,5,0.24039543540002084,4
050677,1,3,-0.40289603985521105,3
050678,1,5,0.18301029905826902,4
050684,0,2,-0.3896461411882085,NA
050686,1,3,-0.09468716636501709,3
050689,1,5,-0.09735103801009644,3
050690,1,3,0.6635260935252321,5
050696,1,5,0.4183275188998417,5
050697,0,0,-0.13972986618896005,NA
050701,1,5,-0.1837629153008203,3
050704,1,5,-0.6043437673539244,2
050708,0,2,0.7503016794228499,NA
050709,1,5,-0.4030784566756368,2
050710,1,3,-0.4178915803423936,3
050714,0,3,0.8387784727840722,NA
050717,1,3,-0.2423572980113265,3
050723,1,3,-0.12351396409822246,3
050724,1,5,-0.05259644259659456,3
050726,0,3,1.200862710962852,NA
050735,1,5,-0.1384651455798934,3
050736,1,4,-0.19834197634378856,2
050737,1,5,-0.8291652889540704,1
050738,1,3,-0.07989518734857912,3
050739,1,5,-0.3197937985543957,2
050740,1,5,0.07311354471899095,4
050744,0,2,-0.014524020692576703,NA
050745,1,4,-0.9769199554885755,1
050746,1,5,-0.677273481730481,1
050747,0,2,-0.4059857835991798,NA
050748,1,3,0.39218497547409836,4
050755,1,5,-0.3289108497627657,2
050757,1,5,-0.5977667213991857,2
050758,1,4,-0.37092322796409943,2
050760,1,3,0.29282955070018335,4
050761,1,5,0.009564613016126773,3
050763,1,3,0.2758960684308659,4
050764,1,5,-1.0757284019996811,1
050765,1,3,0.17976074645668227,4
050766,0,1,-0.7841117944319494,NA
050767,1,3,0.49371841312131937,5
050769,0,2,1.0620815730071247,NA
050770,1,5,-0.6826730205251126,1
050771,1,4,-0.31974810770967615,2
050772,1,3,-0.6364686737997278,2
050775,1,5,-0.04887600717217657,3
050776,1,5,-0.8366045305667115,1
050777,1,3,-0.4800345607176191,3
050778,1,3,-0.2745414744583261,3
050779,1,4,0.3111543834684961,4
050780,0,3,-0.0005147701471370703,NA
050782,1,4,0.5110473217805074,4
050783,1,3,0.16492628411106047,4
050784,0,3,0.1276770690446837,NA
050785,0,1,1.295237610969707,NA
05114F,1,5,0.42813425859045656,5
05127F,1,5,-0.09820037580121099,3
05128F,1,5,-0.05158827856546329,3
051300,0,0,-0.6942134666778974,NA
051301,0,3,0.6885477080450871,NA
051302,0,0,-1.7832952319059467,NA
051303,0,2,0.23789589231328465,NA
051304,0,2,0.43292359004036385,NA
051305,0,0,-0.29975193860462546,NA
051306,0,1,0.6905717753583434,NA
051307,0,1,0.9263436235447805,NA
051308,0,0,-3.0587369570903906,NA
051309,0,0,-0.6329576065327617,NA
05130F,1,5,-0.03039724214822516,3
051310,1,5,0.4661212737525312,5
051311,0,2,-0.7841658643206886,NA
051312,0,1,-0.138685235724275,NA
051314,0,1,0.09750645062632274,NA
051315,0,1,-0.03761865806208309,NA
051316,1,4,-0.94141323812692,1
051317,1,4,0.2540390787779115,3
051318,0,2,0.2531659267480095,NA
051319,1,4,0.36439542810778675,4
051320,0,3,-0.23770632280391818,NA
051321,0,2,-0.4223940980152966,NA
051323,0,1,-1.198743853283568,NA
051324,0,3,0.27238551320274396,NA
051325,0,3,-0.8125611501511274,NA
051326,0,1,-0.5628345254270343,NA
051327,0,1,-0.013555430928955559,NA
051328,0,3,-0.12272180057560574,NA
051329,1,4,0.7724641503937307,5
051330,0,0,0.1110193115020639,NA
051331,0,1,0.5185580016644437,NA
051332,1,4,0.05169590442990825,3
051333,0,2,-0.9015453159560252,NA
051334,0,1,1.055885412140425,NA
051335,0,1,0.01022160681238319,NA
051336,0,1,0.793762877038376,NA
051337,0,1,-0.13172856194285631,NA
060001,1,5,0.16938164742365758,4
060003,1,5,0.33273297187261114,4
060004,1,4,-0.2248102355150599,2
060006,1,5,0.2883896072103304,4
060008,1,4,-0.5584931297187947,1
060009,1,5,0.15616315451529483,4
060010,1,5,0.5505342413985645,5
060011,1,5,-0.39425879239584594,2
060012,1,4,0.2243260086956777,3
060013,1,5,0.783614407194164,5
060014,1,5,-0.13887067649437296,3
060015,1,5,0.5306337443831848,5
060020,1,5,-0.3958971777139927,2
060022,1,5,0.15311600399793773,4
060023,1,5,0.3509738925951519,4
060024,1,5,0.7384146476363277,5
060027,1,5,-0.013738052644602816,3
060028,1,5,0.7947073519385486,5
060030,1,5,0.031165577880374593,3
060031,1,5,0.34762775658520206,4
060032,1,5,0.27521338821275376,4
060034,1,5,0.5014826728569889,5
060044,0,3,0.7663691483467414,NA
060049,1,4,0.4987544509318187,4
060054,1,4,0.669675628495766,5
06005F,1,5,0.16012791715531555,4
060064,1,5,0.49743933324747763,5
060065,1,5,-0.3068422450120363,2
060071,1,4,0.05335459720507265,3
060075,1,5,0.7702237853072966,5
060076,0,3,0.4812178201464733,NA
06007F,1,4,0.8455881937321572,5
060096,1,4,0.825984776830772,5
060100,1,5,0.3342496438645239,4
060103,1,4,0.37968029327921493,4
060104,1,5,0.3941822456035785,4
060107,0,2,0.05513618007440135,NA
060112,1,5,0.636123732949727,5
060113,1,5,0.12532566941493745,4
060114,1,5,0.557862405201365,5
060116,1,5,0.6927441374727569,5
060117,0,3,1.2468960954113726,NA
060118,0,2,0.3619397912624356,NA
060119,1,5,0.38238410470093204,4
060124,0,2,1.7123796060201633,NA
060125,1,5,0.29347951588307153,4
060126,0,3,0.41179242367050195,NA
060128,1,5,0.2930307846959944,4
060129,1,3,0.6621391516718639,5
060130,0,3,0.8464453688669007,NA
060131,1,5,0.2591115346878725,4
060132,1,5,0.5999612496684994,5
061300,0,0,1.5599991221429048,NA
061301,1,4,0.9020668918888524,5
061302,0,1,0.007082660244984912,NA
061303,0,2,0.3709265961064241,NA
061304,0,0,1.0969727941542573,NA
061305,0,1,-0.8678154340234558,NA
061306,0,0,-2.443714762413304,NA
061307,0,0,1.5850995944079722,NA
061308,0,1,1.0950485497559228,NA
061309,0,2,0.5337777887417385,NA
061310,0,2,-0.5286517142582005,NA
061311,0,1,-0.0656871120788724,NA
061312,0,0,0.4172974692014739,NA
061313,0,1,0.775507611390452,NA
061314,0,2,0.3305747127510318,NA
061315,0,1,0.5759653174729757,NA
061316,0,1,0.3020793957201885,NA
061317,0,1,-0.9906095775152082,NA
061318,0,2,-0.24374797081962674,NA
061319,0,1,0.05874798063224301,NA
061320,0,2,-0.5471868051988689,NA
061321,0,1,1.4858420041186522,NA
061322,0,3,-0.043948863189708,NA
061324,0,2,-0.6013957724531294,NA
061325,0,2,1.3137865272287712,NA
061326,0,1,0.11709558570010475,NA
061327,0,2,-1.364032316071596,NA
061328,0,1,0.1864910752245319,NA
061336,0,0,-0.5606063279672886,NA
061343,0,0,1.540837343231523,NA
061344,1,4,0.3142258779131768,4
070002,1,5,-0.38222669893207956,2
070003,1,5,-0.40972795068686657,2
070004,1,5,0.7080499448941023,5
070005,1,5,-0.1654616883339605,3
070006,1,5,0.23979853604608958,4
070007,1,5,-0.484170072417035,2
070008,1,4,0.09092973156495336,3
070010,1,5,-0.13270278715763198,3
070011,1,5,0.01688264894238721,3
070012,0,1,0.27257059256353683,NA
070016,1,5,0.15257360568868122,4
070017,1,5,0.25172876882144085,4
070018,1,5,0.10901909943154733,4
070020,1,5,-0.1525715317037341,3
070021,1,5,0.33603506186113274,4
070022,1,5,0.08420864141954858,4
070024,1,5,0.04409565315423758,3
070025,1,5,0.1331023731472429,4
070027,1,5,-0.0990799698696162,3
070028,1,5,0.013315923662725992,3
070029,1,5,0.10308361538824083,4
070031,1,5,0.007971892909968994,3
070033,1,5,-0.048775051786835485,3
070034,1,5,-0.04294588718674501,3
070035,1,5,-0.1787948937650382,3
070036,1,5,-0.12909213099772665,3
07003F,1,5,-0.0737759615438614,3
080001,1,5,0.3275469823071023,4
080003,1,5,-0.2096628342443902,3
080004,1,5,-0.3881372419729864,2
080006,1,5,0.41155339162189286,5
080007,1,5,-0.037704229615221255,3
080009,1,5,0.3267539668637933,4
08002F,1,4,0.35373399918259596,4
090001,1,5,-0.7531838969275015,1
090003,1,5,-1.1691872436960091,1
090004,1,5,-0.18791292632833195,3
090005,1,5,0.0016908068596302103,3
090008,1,4,-0.26817995840493625,2
090011,1,5,-0.13345480585686018,3
09002F,1,5,-0.0306086725717733,3
100001,1,5,-0.2279881717528232,3
100002,1,5,-0.28318326934137844,2
100006,1,5,-0.292135824736492,2
100007,1,5,-0.17546627803620105,3
100008,1,5,0.3231331113172927,4
100012,1,5,0.45595041753703436,5
100014,1,5,-0.050218596192653814,3
100017,1,5,-0.8303909848960682,1
100018,1,5,-0.14154328599192623,3
100019,1,5,0.03218545832852129,3
100022,1,5,-1.13982438957404,1
100023,1,5,-0.4435001645677062,2
100025,1,5,0.2706643524809463,4
100026,1,5,-0.137255989905853,3
100028,1,5,-0.5978967857537064,2
100029,1,5,-0.9308710041898379,1
100030,1,5,-0.38777497633664065,2
100032,1,5,-0.7306269393675374,1
100034,1,5,-0.27645638724995225,2
100035,1,5,-0.586981647443855,2
100038,1,5,-0.1887531774762783,3
100039,1,5,-0.23593155605521465,3
100040,1,5,-0.38559251261148425,2
100043,1,5,0.43706109972068086,5
100044,1,5,-0.5910836629257809,2
100045,1,5,0.08291298797841834,4
100046,1,5,0.6799660386976605,5
100047,1,5,-0.7656354250170041,1
100048,0,2,-0.23230404232535473,NA
100049,1,5,-0.9564853828542168,1
100050,1,5,-0.2172945665874071,3
100051,1,5,-0.27353473659632743,3
100052,1,5,-0.586780149111889,2
100053,1,5,-0.7923739040574325,1
100054,1,5,0.3507425673681185,4
100055,1,5,-0.14531991001022396,3
100057,1,5,0.2352347144738952,4
100062,1,5,-0.028480599710463437,3
100063,1,5,-0.1047445845320718,3
100067,1,5,0.1615705064757692,4
100068,1,5,0.7150291603160689,5
100069,1,5,0.08850844820938733,4
100071,1,5,-1.0463653205095285,1
100072,1,5,0.3121002111980098,4
100073,1,5,0.005654874329685505,3
100075,1,5,0.3472287704272626,4
100077,1,5,-1.0123970152507633,1
100080,1,5,-0.3891409161805942,2
100084,1,5,-0.5848192322225672,2
100086,1,5,-0.4323009805677496,2
100087,1,5,0.8974516318379816,5
100088,1,5,0.2972197176138978,4
100090,1,5,-0.17834130213383115,3
100092,1,5,0.6442059088970765,5
100093,1,5,0.19468386912312155,4
100099,1,5,-0.7015801163064366,1
10009F,1,5,-0.8260914430032901,1
100105,1,5,0.38885627095898967,4
100106,0,2,0.07213038482219078,NA
100107,1,4,0.01295092198650303,3
100109,1,5,-0.1206160025581344,3
100110,1,5,-0.6150743359509467,2
100113,1,5,0.2670784476485667,4
100117,1,5,0.12148227415752166,4
100118,1,5,-0.013818442912016025,3
100121,1,5,-0.23102462192816364,3
100122,1,5,0.004896532949664301,3
100124,1,5,0.19320765819007452,4
100125,1,5,0.22938850844390735,4
100126,1,5,-0.229448395786784,3
100127,1,5,0.15699078528253724,4
100128,1,5,-0.23195989774941034,3
100130,0,1,0.6331117719742972,NA
100131,1,5,-0.3741498350580945,2
100132,1,5,0.09113532015080203,4
100134,0,2,-0.635684557421627,NA
100135,1,5,-0.4072795881831657,2
100137,1,5,-0.9153571697937922,1
100140,1,5,0.35911166773106457,4
100142,1,5,-0.9804258697863758,1
100150,1,5,-0.06279079503867427,3
100151,1,5,0.9042755412454146,5
100154,1,5,0.40609473368184595,5
100156,1,5,-0.15793865158078432,3
100157,1,5,-0.907729553234833,1
10015F,0,2,0.24893367334244962,NA
100161,1,5,-0.39969373151969656,2
100166,1,5,0.23875613700931042,4
100167,1,5,-0.9770085290766097,1
100168,1,5,-0.3860496131041326,2
100173,1,5,-0.3850696089591235,2
100175,0,3,-0.3482408044200309,NA
100176,1,5,-0.6869877264470419,1
100177,1,5,0.25513386205904454,4
100179,1,5,-0.4435139198028888,2
100180,1,5,-0.3990418634164672,2
100181,0,2,-0.9703521856663715,NA
100183,1,4,-0.06316475175410806,3
100187,1,5,-0.7700354712128404,1
100189,1,5,-0.7735779184849977,1
100191,1,5,-0.2508068766340283,3
100200,1,5,-0.2800443869435673,2
100204,1,5,-0.4636453601889076,2
100206,1,5,0.040398006213442667,3
100209,1,5,-0.2910883555335338,2
100211,1,5,0.08730581543865269,4
100212,1,5,-0.6620466763060193,1
100213,1,5,-0.7036498938932887,1
100217,1,5,-0.2257480756713846,3
100220,1,5,0.20210541107152216,4
100223,1,5,-0.04851602123749617,3
100224,1,5,-0.796522411801819,1
100226,1,5,-0.35173546896067825,2
100228,1,5,-0.18748051621055528,3
100230,1,5,-0.4715680492663918,2
100231,1,5,-0.34959582494611346,2
100232,1,5,-0.7050853485660051,1
100236,1,5,-0.5810247826618558,2
100238,1,5,-0.701034162473998,1
100242,1,5,-0.19264230047617548,3
100243,1,5,-0.14470809293429265,3
100244,1,5,0.21315279691208047,4
100246,1,5,-0.9119028301916985,1
100248,1,5,-0.5173025639178257,2
100249,1,5,-0.8097559091351929,1
100252,1,5,-0.10595483411709328,3
100253,1,5,0.2869451672341975,4
100254,1,5,-0.7413420956707044,1
100256,1,5,-0.6091247309888166,2
100258,1,5,-0.6132125811409954,2
100259,1,5,-0.2947720293393784,2
100260,1,5,-0.997650109189294,1
100264,1,5,-0.15542413358589846,3
100265,1,5,0.42690578234890586,5
100266,1,5,0.5632641081877818,5
100267,1,5,-0.22264014455789288,3
100268,1,5,-0.4401809952248471,2
100269,1,5,-0.22871987355244977,3
100275,1,5,-0.9423921235915003,1
100276,1,5,-0.5415067516414467,2
100277,0,0,2.1987724550951713,NA
100281,1,5,-0.05266481413886942,3
100284,1,5,-0.7616047176484312,1
100285,1,4,0.3329413761062645,4
100286,1,5,-0.7748686285235522,1
100287,1,5,-0.8235951081498809,1
100288,1,5,-0.7636257878139804,1
100289,1,5,-0.012614605582808431,3
100290,1,5,-0.9284464732962371,1
100291,1,5,-0.45819670078855707,2
100292,1,5,0.4958326085050085,5
100296,1,5,0.5664125278489116,5
100299,1,5,-0.07637394993490841,3
100302,1,5,-0.3933619407323755,2
100307,1,5,0.1868853834408295,4
100313,0,2,0.5994262265596518,NA
100314,1,5,0.5081288774054726,5
100315,1,5,0.5818861744574959,5
100316,1,5,0.13570565683562788,4
100319,1,5,0.3612395196279974,4
100320,1,4,-0.061805846054670044,3
100321,1,5,0.003925884753570277,3
100329,1,5,0.1333374157197222,4
100330,0,2,0.16634417179131913,NA
100350,0,2,0.36287949777457446,NA
100359,1,5,0.15917943506785995,4
100360,1,3,-0.3602090726268487,3
100361,0,1,0.9564043101691513,NA
10057F,1,5,-0.3318397776360537,2
10063F,1,5,0.06132933003025399,4
10064F,1,5,-0.21156972673194804,3
10065F,1,5,-1.3013093192450338,1
10099F,1,5,0.48804302293104707,5
101300,0,2,-0.1615706105571875,NA
101303,0,0,2.1140122567491493,NA
101304,0,1,0.10911751872862989,NA
101307,0,2,-1.261176144100645,NA
101308,0,2,-1.3525999765906291,NA
101309,0,1,0.5256754413324396,NA
101311,0,1,0.8115542227319713,NA
101312,0,2,0.803171739334377,NA
101313,0,2,0.14991111754837297,NA
110001,1,5,-0.38895586487436423,2
110002,1,5,-0.3017873062058012,2
110003,1,5,0.1260107341763408,4
110005,1,5,0.16383751466000435,4
110006,1,5,-0.020231615086111876,3
110007,1,5,-0.5350958534627361,2
110008,1,5,0.1555627653323647,4
110010,1,5,0.08294620311988975,4
110011,1,5,-0.20834465716832504,3
110015,1,5,-0.9951061897770427,1
110016,1,5,-0.11616331371525589,3
110018,1,5,-0.05627853426095103,3
110023,1,5,0.12385635156415882,4
110024,1,5,-0.9783861282035422,1
110025,1,5,-0.7940086280647768,1
110027,1,4,-0.46358660932533297,2
110028,1,5,-0.2703966516827271,3
110029,1,5,-0.045079971286157754,3
110030,1,5,-0.2999985369762592,2
110031,1,5,-0.738971858351471,1
110032,1,4,-0.4812494545840511,2
110034,1,5,-0.5495221239392054,2
110035,1,5,0.05662898562246005,4
110036,1,5,-0.8017990240945688,1
110038,1,5,0.187653789945432,4
110041,1,4,-0.02647374510745,3
110042,1,5,0.24340988808743394,4
110043,1,5,-0.288967706232693,2
110044,1,5,-1.2663109524108944,1
110045,0,3,-0.3697904536681559,NA
110046,1,5,0.1636622983775916,4
110050,0,2,1.4452641185695907,NA
110051,1,5,-0.11673085310039678,3
110054,1,5,-0.5049319315116266,2
110064,1,5,-0.33944099609828254,2
110069,1,5,-0.36777991295182344,2
110071,0,1,-1.0114943749812397,NA
110073,0,3,-1.3093739138035256,NA
110074,1,5,0.26869047340951757,4
110075,1,5,-0.09403007677021412,3
110076,1,5,-0.6152339697815412,2
110078,1,5,-0.5527626870941379,2
110079,1,5,-0.6551885380700545,1
110082,1,5,-0.08117931483602077,3
110083,1,5,0.3359747262226942,4
110086,0,2,-0.837628737076854,NA
110087,1,5,-0.31756461713839623,2
110089,1,5,-0.34997755992169277,2
110091,1,5,-0.3905604848926435,2
110092,0,3,-0.16865162087305757,NA
110095,1,5,-0.5619586646956412,2
110100,0,2,0.22593607919578101,NA
110101,0,2,0.3020267280072402,NA
110104,1,5,-0.10200185309673798,3
110105,1,5,-0.24839832456725508,3
110107,1,5,-0.6835739114245644,1
110109,1,4,0.5164424672332094,4
110111,0,3,0.43117828536466757,NA
110113,0,1,0.2636357858067297,NA
110121,0,3,0.2531149548741003,NA
110122,1,5,-0.5240760276007755,2
110124,1,5,-0.30779549111569404,2
110125,1,5,0.471853647557905,5
110128,1,4,0.6603481859083477,5
110129,1,5,-0.2834983096403577,2
110132,0,2,-0.5141557948592999,NA
110135,0,2,-0.9507970257150664,NA
110142,0,3,0.473113599219982,NA
110143,1,5,-0.39782799382696893,2
110146,0,3,0.89368107436659,NA
110150,1,5,-0.7719222821039139,1
110153,1,5,0.08355394097356529,4
110161,1,5,-0.07778206977510764,3
110164,1,5,0.04118554014425739,3
110165,1,5,-0.9980427791485095,1
110168,1,5,0.21793412810853732,4
110177,1,5,-0.060930242074571844,3
110184,1,5,0.0170302114100822,3
110189,1,4,-0.0618530182188405,3
110190,0,0,-0.03542573687916255,NA
110191,1,5,-0.5393793119532726,2
110192,1,5,-0.6316731621763747,2
110194,0,2,0.09401774737659857,NA
110198,1,5,-0.6080116568649034,2
110200,1,5,0.3881533424015937,4
110201,1,5,0.35182687536710283,4
110209,0,0,1.2352620268518808,NA
110215,1,5,-0.05889161962215421,3
110225,1,5,0.2442901276809074,4
110226,1,4,-0.8369965617128957,1
110229,1,5,-0.007357408759269372,3
110230,1,5,-0.04269931541171193,3
110233,1,4,0.8032936014784678,5
110234,0,1,1.2042285959701258,NA
110236,0,2,0.12694376768664992,NA
110237,0,3,0.45601991602745895,NA
110252,1,4,0.3337785700555701,4
11029F,1,5,-0.5638743615486703,2
11030F,1,5,-0.43116974956693677,2
11031F,0,2,0.862970524408078,NA
111302,0,1,1.1440229659574244,NA
111303,0,1,1.7175072535826212,NA
111304,0,2,0.3634604340741526,NA
111305,0,1,-0.20308951474815634,NA
111306,0,2,-0.21066666051923166,NA
111308,0,1,0.26966155591491847,NA
111310,0,3,0.28982714977531354,NA
111311,0,1,1.3120307539342644,NA
111312,0,1,-0.27292283596344896,NA
111313,0,2,-0.029476062582793575,NA
111314,0,0,1.7981542862242723,NA
111316,0,1,-0.3935313366762721,NA
111318,0,1,-3.649672564818198,NA
111319,0,1,1.0606946889990452,NA
111320,0,2,0.01139933163590396,NA
111323,0,3,0.7439861614755029,NA
111324,0,1,-0.11418911592652414,NA
111325,0,1,0.4089245468511328,NA
111326,0,1,1.6402028272839488,NA
111327,0,3,-0.8479981211083669,NA
111328,0,1,-0.8201868045884678,NA
111329,1,4,0.5341467368037018,4
111330,0,1,-0.036871993870385145,NA
111331,0,1,1.5153402350983012,NA
111332,0,1,2.219571396420729,NA
111333,0,2,-0.928855036956499,NA
111334,0,1,-0.25866842632681075,NA
111335,0,2,-0.1998516505587773,NA
111336,0,2,0.6154438241801662,NA
111337,0,3,0.12274882562023304,NA
120001,1,5,0.17650486468522142,4
120002,1,5,-0.1677811606871562,3
120004,0,2,0.8765529080481618,NA
120005,1,5,-0.3397104352830297,2
120006,1,5,0.5623202895155514,5
120007,1,5,0.011222365525793022,3
120011,1,4,0.2681527919006206,3
120014,1,5,-0.5676578993027693,2
120019,1,5,-0.953105296866472,1
120022,1,5,0.32852728382286195,4
120026,1,5,0.16310601287002469,4
120028,1,4,-0.1521784608405917,2
121300,0,2,0.6157078789290725,NA
121301,0,1,0.21009168717842666,NA
121302,0,1,1.839660488415051,NA
121303,0,1,1.0446939314073351,NA
121304,0,0,2.9831777863404274,NA
121305,0,0,2.2994511993577937,NA
121306,0,1,1.284273120053762,NA
121307,0,1,1.1996899494679827,NA
121308,0,1,1.0750023805759552,NA
130002,1,5,0.4701235291558336,5
130003,1,5,-0.027309292209850622,3
130006,1,5,0.5632732107930121,5
130007,1,5,0.0676075396486141,4
130013,1,5,-0.01345652231664474,3
130014,1,4,0.8075722831293017,5
130018,1,5,-0.19025268575547627,3
130025,1,4,0.6891842528337486,5
130028,1,5,0.2010228245911017,4
13003F,1,4,0.8712356418013619,5
130049,1,5,0.3473707063594618,4
130063,0,0,0.11498120248923227,NA
130065,1,4,-0.6168983517011472,1
130066,0,3,0.718484892112704,NA
130071,1,5,0.7806174803825539,5
130073,0,1,0.7480551599463141,NA
130074,1,5,-0.005397722487529649,3
131301,0,1,-0.8272391623667636,NA
131302,0,2,1.3057042987817764,NA
131303,0,1,0.6129279359692962,NA
131304,0,0,1.07377563939466,NA
131305,0,1,-0.828236537546446,NA
131307,0,2,0.5030904264472117,NA
131308,0,0,1.971692644838734,NA
131309,0,1,0.5943528821809357,NA
131310,0,1,0.5342141240352428,NA
131311,0,3,0.7093846600799372,NA
131312,0,2,0.8470629197312877,NA
131313,0,0,-0.11255095821693173,NA
131314,0,1,-0.46804976780076185,NA
131315,0,1,0.6010159337300104,NA
131316,0,0,-0.3681720234277256,NA
131317,0,0,-0.3216014359476099,NA
131318,0,1,1.0179947157326679,NA
131319,0,2,0.44898007864735034,NA
131320,0,2,0.06294374810892128,NA
131321,0,1,-0.5703654794181154,NA
131322,0,3,0.12955536119730943,NA
131323,0,3,0.6047683217432295,NA
131324,0,1,1.2231165720032429,NA
131325,0,3,0.5748226443941874,NA
131326,1,4,0.6307126581443532,4
131327,1,4,0.22788876619750167,3
131328,0,3,-0.19970317251238914,NA
140001,1,5,-0.5640844404934702,2
140002,1,5,0.13722721883378905,4
140007,1,5,-0.4657341709870233,2
140008,1,5,-0.2439549848334439,3
140010,1,5,0.5547883067878436,5
140011,1,5,-0.8141477054408902,1
140012,1,4,0.13586753928901468,3
140013,1,5,0.21851443315655633,4
140015,1,5,0.29375838367185786,4
140018,1,5,-0.7082808740368451,1
140019,0,2,0.5521288078249972,NA
140029,1,5,0.1782584675950888,4
140030,1,5,0.31919944499494385,4
140032,1,5,-0.1319606143455801,3
140034,1,4,0.009925340379035478,3
14003F,1,5,0.30427162256313034,4
140043,1,5,-0.3790939748249647,2
140046,1,5,-0.6287784733350691,2
140048,1,5,-0.5546615605568369,2
140049,1,5,-1.427887142047818,1
14004F,0,2,0.4770329595979376,NA
140052,1,5,-0.5243393099569924,2
140053,1,5,-0.17726255113058847,3
140054,1,5,-0.2945963595846116,2
140059,1,4,-0.011211194857973762,3
140062,1,5,-0.20993487620493123,3
140063,1,5,0.15676549879851878,4
140064,1,5,-0.26079174986627773,3
140065,1,5,0.3945214570356408,4
140067,1,5,-0.6944173935904279,1
140068,1,4,-1.4104502890234818,1
140077,0,1,0.49037837130103196,NA
14007F,1,5,-0.3534546397854882,2
140080,1,5,-0.48199028207009703,2
140082,1,5,-0.7883637530875875,1
140083,0,2,-0.6705257460575562,NA
140084,1,5,-0.5648764905700083,2
140088,1,5,0.03924786791731498,3
140089,1,4,0.3282868072940252,4
14008F,1,4,0.08646243136637596,3
140091,1,5,-0.13761868140369427,3
140093,1,5,-0.6897408689286135,1
140095,1,4,0.009123658420990007,3
140100,1,4,0.7840495310536136,5
140101,1,5,-0.020289758538953005,3
140103,1,5,-1.2058388023434696,1
140110,1,5,-0.21271684316407893,3
140113,1,5,-0.3606618057900629,2
140114,1,5,-0.473911215457654,2
140115,0,3,0.22894518321772775,NA
140116,1,5,0.6121493853236597,5
140117,1,5,0.2090440180718791,4
140119,1,5,0.7757227372536373,5
140120,1,4,0.07392567088515758,3
140122,1,5,0.30146757169865446,4
140124,1,5,-0.5507202384796792,2
140125,1,5,-1.2160159945309732,1
140127,1,5,0.09014289921511397,4
140130,1,5,0.7619963642678544,5
140133,1,4,-0.8386943437382852,1
140135,1,5,-0.03448709091018336,3
140137,0,2,-0.06465441703227649,NA
140143,1,5,0.0864721960016566,4
140145,0,3,0.5039613025645169,NA
140147,1,4,-0.04522815356851404,3
140148,1,5,-0.37111468477315207,2
140150,1,5,-0.2876875405482542,2
140155,1,5,0.35576234656205796,4
140158,1,4,-0.655649200585271,1
140160,1,5,-0.17711779936669308,3
140161,1,5,0.04081116367580174,3
140162,1,5,-0.6275307027586957,2
140164,1,5,-0.28854675849020806,2
140166,1,5,-0.582781665033518,2
140167,0,2,-0.3318090783065134,NA
140172,1,5,-0.6264426379569912,2
140174,1,5,-0.16866814413147968,3
140177,0,2,-0.31147604601027273,NA
140179,1,5,-0.1868347175543277,3
140180,1,5,-0.14385694019870846,3
140181,0,2,-1.5418502654117612,NA
140182,1,5,0.002813696457852004,3
140184,1,5,-0.4256725792747031,2
140185,1,5,0.20154357701984005,4
140186,1,5,0.229452899028189,4
140187,1,5,0.3078557016885005,4
140189,1,5,-0.7747046287222042,1
140191,1,5,-0.6164249866983531,2
140197,0,1,0.09735490495140893,NA
140200,1,5,0.3565240917533882,4
140202,1,5,0.30534107721046055,4
140206,1,5,-0.6937485902002176,1
140208,1,5,-0.4067345299205682,2
140209,1,5,-0.29422890586092865,2
140210,1,4,0.2341888898207552,3
140211,1,5,0.6328592134973473,5
140213,1,5,0.3929546144835194,4
140217,1,5,-0.2459604213022148,3
140223,1,5,0.44210116552487816,5
140224,1,5,0.19468466484214042,4
140228,1,5,-0.16217204882864683,3
140231,1,5,0.47501132787672384,5
140233,1,5,-0.57254577725624,2
140234,1,4,0.17383029716554238,3
140239,1,5,-0.17080479092298967,3
140242,1,5,0.6667973565792364,5
140251,1,5,-0.8741209705200831,1
140252,1,5,0.3030450900183687,4
140258,1,5,0.4342991821134434,5
140275,1,5,-0.34098771672631323,2
140276,1,5,-0.2637813067247457,3
140280,1,5,-0.5972306671760526,2
140281,1,5,0.7061756001441848,5
140286,1,5,0.5391653900723429,5
140288,1,5,0.03868990126903128,3
140289,1,5,0.34828659391948513,4
140290,1,5,0.2534184759206167,4
140291,1,5,0.3148160341466563,4
140292,1,5,-0.23645909018688727,3
140294,0,3,-0.14268336708523258,NA
140300,0,1,0.04097369878154324,NA
140304,1,5,0.227527194652058,4
14034F,1,4,-0.028795030229255784,3
141300,0,0,-0.33715861282478815,NA
141301,0,2,0.802735666306825,NA
141302,0,1,0.5392060594351472,NA
141303,0,0,0.3010899600640501,NA
141304,0,1,1.002699310252752,NA
141305,0,3,0.48661621592687326,NA
141306,0,0,0.08680763378562695,NA
141307,0,1,0.5455709588283263,NA
141308,0,1,0.9436507813750649,NA
141309,0,1,0.23616785941733467,NA
141310,0,2,0.2443938459395596,NA
141311,1,3,-0.6180996904988592,2
141312,0,0,0.34148864311558447,NA
141313,0,1,0.6945074947675407,NA
141315,0,2,0.7335463302765346,NA
141316,0,2,0.7124111304819682,NA
141317,0,3,0.5900798822531633,NA
141318,0,1,-0.2884613782700806,NA
141319,0,3,0.29274843242250975,NA
141320,1,4,-0.4599955832713442,2
141321,0,0,0.13320151180466386,NA
141322,1,4,-0.29494350586232687,2
141323,0,2,-0.19249494867012312,NA
141324,0,3,-0.29852226534718984,NA
141325,0,2,1.0840109569773477,NA
141326,1,3,-0.8114770406414032,2
141327,0,3,0.12070015167145527,NA
141328,0,2,-0.30175587386174113,NA
141329,0,1,0.5873030947158917,NA
141330,0,2,-0.29820260264263176,NA
141331,0,1,-0.37763909592360395,NA
141332,0,2,-0.6125209603765187,NA
141333,0,0,-0.3083704143767098,NA
141334,0,3,1.2122592432346122,NA
141335,0,1,0.6201246833914935,NA
141336,1,4,-0.04767225629619444,3
141337,0,2,0.5435906977154529,NA
141338,0,2,-0.007807639084319515,NA
141339,1,4,-0.16321540734699402,2
141340,0,2,-0.47454750376171656,NA
141341,0,1,0.666065615422808,NA
141342,0,2,-0.6783112132217605,NA
141343,0,3,0.7424163823395074,NA
141344,0,0,0.9783425308601161,NA
141345,1,4,0.25550524412089565,3
141346,0,1,-0.25821828767057364,NA
141347,0,1,-0.01121014468861627,NA
141348,0,3,0.7516273757160343,NA
141349,0,2,0.3365390502685915,NA
141350,1,4,0.37117484901911146,4
141351,0,2,0.007098141297253273,NA
141352,0,1,-1.6507581217972147,NA
150001,1,5,0.3256716722535027,4
150002,1,5,-0.7694113145363533,1
150005,1,5,0.6785856236000262,5
150006,1,5,-0.15635578991940924,3
150007,1,5,0.07376252256680106,4
150008,1,5,-0.06884610453075538,3
150009,1,5,-0.3580624568809285,2
150010,1,5,0.08484194364235145,4
150011,1,5,-0.18827646615603655,3
150012,1,5,-0.2795885038743084,2
150015,1,5,-0.18781399384848227,3
150017,1,5,-0.27427750939243634,3
150018,1,5,0.14934960382964466,4
150021,1,5,-0.01397066845015249,3
150022,1,4,0.7615040982822614,5
150023,1,5,-0.006831219701220692,3
150024,1,5,0.0160564484262341,3
150026,1,5,-0.10395930770516222,3
15002F,0,2,0.9432266821898699,NA
150030,1,5,0.21833000627546673,4
150034,1,5,0.06851204152842941,4
150035,1,5,-0.05313694707444588,3
150037,1,5,-0.14329328354078033,3
15003F,1,5,0.5308692784971362,5
150042,1,5,-0.04444290802177636,3
150044,1,5,-0.444712866679376,2
150045,0,3,0.9471889351883753,NA
150046,1,5,-0.07961449672569866,3
150047,0,2,0.6283185271377631,NA
150048,1,5,0.13180866475357167,4
15004F,0,2,0.7638532752488306,NA
150051,1,5,0.053137658396938084,4
150056,1,5,-0.17130965113716687,3
150057,1,5,0.5635541158881472,5
150058,1,5,-0.13192967047659837,3
150059,1,5,-0.10107792024388151,3
150061,1,4,-0.024534927183796185,3
150065,1,5,0.585189435566637,5
150069,1,5,-0.14472232398179896,3
150072,1,4,0.29583281026858826,4
150074,1,5,-0.15998815906171238,3
150075,1,4,0.42027814339820624,4
150076,1,4,-0.1895503488493493,2
150082,1,5,-0.3832387128490396,2
150084,1,5,0.07586087826993249,4
150086,1,5,0.48354593800064827,5
150088,1,5,-0.19639627279183733,3
150089,1,5,-0.15221652541531866,3
150090,1,5,-0.40054733575509915,2
150091,0,3,0.3708262201025744,NA
150097,1,5,0.27580965254726864,4
150100,1,5,0.21890689210565856,4
150101,1,4,0.6761641411002212,5
150102,0,2,-0.47135371144818367,NA
150104,1,5,0.15285920791943416,4
150109,1,5,-0.15181574291976285,3
150112,1,5,0.17803785942791678,4
150113,1,5,0.029647458568205276,3
150115,1,5,0.19007971891395117,4
150125,1,5,-0.3074338685469744,2
150126,1,5,-0.44418048474683497,2
150128,1,5,-0.5435718584149117,2
150133,1,5,-0.3954234854495616,2
150146,1,4,0.20647831849403125,3
150149,1,3,0.5928016317540793,5
150150,1,5,0.34096530588498586,4
150153,1,5,1.0441541039608742,5
150157,1,5,0.23440946942424454,4
150158,1,5,0.27793939620385066,4
150160,0,3,2.0647221547768053,NA
150161,1,5,0.4493401614347401,5
150162,1,5,-0.31588461743075724,2
150165,1,5,0.17624657143447248,4
150166,0,3,-0.20149821048266436,NA
150167,0,2,1.034974030348321,NA
150168,0,3,0.7723506346213915,NA
150169,1,5,0.1499506877429428,4
150172,0,3,0.5569719748507935,NA
150173,1,5,0.18417492781374067,4
150177,0,1,-0.061128585593462736,NA
150179,0,0,0.5584564462113301,NA
150181,0,3,0.959080214844949,NA
150183,0,3,0.7481195072040457,NA
150191,0,0,1.4667062937221769,NA
150193,0,0,1.406370548311503,NA
151300,0,2,0.34624134790439987,NA
151301,0,1,-0.0660523142525509,NA
151302,0,2,0.8206555855268731,NA
151303,0,1,0.6334574025036475,NA
151304,0,2,0.47079785811683966,NA
151305,0,1,0.43156397734487356,NA
151306,0,2,0.44051896670933044,NA
151307,0,2,0.6021704067688597,NA
151308,0,1,0.6410739261412014,NA
151309,0,1,-0.16267607880981727,NA
151310,1,4,0.3200536319317936,4
151311,0,2,0.26258840201852135,NA
151312,1,3,0.32979241543137866,4
151313,0,2,0.32949286430536,NA
151314,0,1,-0.8288817628996279,NA
151315,0,3,0.4479014630046059,NA
151316,0,2,0.2450207948931592,NA
151317,1,4,0.5099563482722709,4
151318,1,4,-0.9417598745825303,1
151319,0,1,0.023034534965008985,NA
151320,0,2,0.8574629061875816,NA
151322,1,3,-0.07237653449222242,3
151323,0,3,0.7953709695303876,NA
151324,0,2,0.7107658273040562,NA
151325,0,1,-3.066016351930787,NA
151326,1,3,0.2503538766793795,4
151327,0,2,-0.02212025434705775,NA
151328,1,3,0.5485765191207851,5
151329,1,4,-0.24283573204832798,2
151330,0,3,0.35786842875531877,NA
151331,1,4,0.3729799340788073,4
151332,1,4,-0.19571773830260977,2
151333,1,3,0.6440785405376842,5
151334,1,3,0.06522299282900662,4
160001,0,3,0.15081171322602205,NA
160005,1,5,-0.02824388449670888,3
160013,0,3,-0.004168741476336099,NA
160016,1,5,-0.23352911277751726,3
160028,1,5,0.08678719549684433,4
160029,1,4,-0.07138171309058257,3
160030,1,5,0.3849462028455668,4
160032,0,3,0.6709393852187938,NA
160033,1,5,-0.21892690396628495,3
16003F,1,5,0.5293439356307839,5
160040,0,3,0.6956817945681122,NA
160045,1,5,0.32459255697435363,4
160047,1,5,0.028701167378270317,3
16004F,1,5,0.8119071721884289,5
160057,1,5,0.10291259492590618,4
160058,1,5,-0.0753720868360713,3
160064,1,5,-0.08693975253553526,3
160067,1,5,0.11980923210078845,4
160069,1,5,0.6906671531915142,5
160079,1,5,0.10823029357069153,4
160080,1,5,-0.046116145699029124,3
160082,1,5,-0.23638045186975196,3
160083,1,5,-0.09788825953743749,3
160089,1,4,-0.20004292648243022,2
160101,1,4,-0.2061716868586088,2
160104,1,5,-0.1770301449989532,3
160110,1,5,0.16073821198213617,4
160112,1,5,0.48781751664913575,5
160117,1,5,0.6862989736159859,5
160124,1,5,-0.09859021799788838,3
160146,1,5,-0.5641534765643051,2
160147,1,4,0.39613179740279875,4
160153,1,5,-0.7250521990328562,1
161300,0,1,0.9608417898402679,NA
161301,0,2,0.7230939945095767,NA
161302,0,3,1.0559597049194451,NA
161303,0,2,0.9252862014533887,NA
161304,0,1,1.2954067186337193,NA
161305,0,0,-0.18617842020003347,NA
161306,0,2,0.34091326977262315,NA
161307,0,2,0.707758348844077,NA
161308,0,2,0.231118059075193,NA
161309,0,1,1.0410627468218818,NA
161310,0,1,0.9202740856906626,NA
161311,0,2,0.047597292735204744,NA
161312,0,1,1.311484712741351,NA
161313,0,1,0.08527697866902603,NA
161314,0,1,0.6902703459166308,NA
161315,0,0,0.10401940473022352,NA
161316,0,1,0.602710014577341,NA
161317,0,2,-0.10604987453015535,NA
161318,0,2,-0.052453495172696485,NA
161319,0,1,1.0359793236548662,NA
161320,0,0,0.6980470449438593,NA
161321,0,0,0.9180134175351321,NA
161322,0,1,0.9556120703258137,NA
161323,0,1,0.24874402564086628,NA
161324,0,1,0.5989114213030732,NA
161325,0,2,0.555758843260947,NA
161326,0,2,-0.6846044573652452,NA
161327,0,1,0.6826350617295511,NA
161328,0,2,0.46851636402830316,NA
161329,0,1,0.6417132022204757,NA
161330,0,1,0.47629131612667264,NA
161331,0,1,0.6713921174358495,NA
161332,0,1,0.9879643405125662,NA
161333,0,1,0.9274982344137573,NA
161334,0,2,-0.49388068969976456,NA
161335,0,2,0.8889136005539449,NA
161336,0,1,0.2539750858008115,NA
161337,0,1,1.2542633654453355,NA
161338,0,1,0.9385355311259118,NA
161339,0,3,0.6591711932785591,NA
161340,0,0,0.40222557258794833,NA
161341,0,1,-0.4696510589210665,NA
161342,0,1,-1.3244242334108323,NA
161343,0,3,0.7126720871516818,NA
161344,0,1,0.3103154843773941,NA
161345,0,1,0.3503049499125804,NA
161346,0,3,0.5673759165270231,NA
161347,1,3,-0.27853484028047143,3
161348,0,2,0.49826870192774203,NA
161349,0,2,0.4903611993907939,NA
161350,0,2,-0.9041012259349424,NA
161351,0,2,-0.04094457536648641,NA
161352,1,3,0.31714302338344114,4
161353,1,4,-1.112830201665925,1
161354,0,2,0.8127092343475902,NA
161355,0,1,0.9724016058178291,NA
161356,0,1,-1.2415963412405822,NA
161357,0,2,-0.37527904857721506,NA
161358,0,1,-0.29864027122120235,NA
161359,0,3,-0.2747873369882001,NA
161360,0,3,0.25765772335180476,NA
161361,1,4,1.2480956893198087,5
161362,0,3,-0.421513420850134,NA
161363,1,4,-0.0026768173730245814,3
161364,0,3,-0.2523421126717543,NA
161365,1,4,0.5027970610546142,4
161366,0,2,0.5283589918691527,NA
161367,1,4,0.5622829340119567,4
161368,0,3,0.6983423351411043,NA
161369,0,3,-0.039167271831081096,NA
161370,0,2,0.6099885313657271,NA
161371,0,3,1.018702575853957,NA
161372,0,1,1.2825683566584138,NA
161373,0,0,-0.1306733673710131,NA
161374,1,4,0.7806503079164977,5
161375,1,4,0.35776245851020766,4
161376,1,4,0.5132102429661742,4
161377,0,2,-0.03374986015042561,NA
161378,0,0,0.23787868750562602,NA
161379,1,4,0.3923502865488281,4
161380,0,2,1.3132452190924306,NA
161381,0,1,-0.1853668149180171,NA
170006,1,5,-0.15362185868936096,3
170009,0,3,-0.8006341401196629,NA
170012,1,5,-0.08666580245999629,3
170013,1,5,0.5092808565679422,5
170014,1,4,-0.17984556800359042,2
170016,1,5,-0.43227526369646707,2
170017,1,4,-0.2561054815213357,2
170020,1,5,-0.23071089666416744,3
170023,1,5,-0.41446391358450574,2
170027,1,4,0.8486891326294522,5
170040,1,5,0.4324103160385166,5
170049,1,5,0.34280655586858405,4
17005F,1,4,0.8568524593539868,5
170068,1,5,-1.030953008943716,1
17006F,0,2,0.821245650569852,NA
170074,0,3,-0.17348353386519588,NA
170075,0,2,-0.3885327018392629,NA
170086,1,5,-0.0032658777108449735,3
17008F,1,5,1.3003500395036676,5
170103,1,5,0.16171522556754794,4
170104,1,5,0.27586040814275914,4
170105,0,3,0.43528338877780903,NA
170109,0,3,0.46746446810862335,NA
170110,0,1,0.9874669267328657,NA
170120,1,5,-0.34582654302751026,2
170122,1,5,0.011838396083300853,3
170123,1,5,0.7504665169828248,5
170137,1,5,0.33521056267199867,4
170142,1,5,0.21740597017504404,4
170145,1,5,0.33228185439425656,4
170146,1,5,-0.048905278465473725,3
170150,0,1,-0.041958459786567905,NA
170166,0,1,1.2006419629320813,NA
170175,1,4,-0.2853353337886498,2
170176,1,5,0.10019525849249232,4
170182,1,5,0.0213382052194731,3
170183,0,3,2.5034946123111093,NA
170185,1,5,0.7243063138055778,5
170186,1,4,0.49601443485103824,4
170187,0,3,0.8573818077874826,NA
170188,0,3,1.781527301458223,NA
170190,0,3,1.2564935465515563,NA
170191,1,5,-0.09988776887978265,3
170194,0,0,-5.299974461875104,NA
170196,0,2,-0.03932755397141731,NA
170197,1,5,-0.023041710237437337,3
170198,0,2,-0.12543708793963534,NA
170199,0,0,-0.29405750453681434,NA
170200,1,5,0.38369629298420427,4
170203,0,3,1.3292591684831365,NA
170204,0,3,-0.0028842635206329514,NA
170208,0,3,0.5436237355411846,NA
171300,0,1,1.1575818923029786,NA
171301,0,1,-1.0343785818086633,NA
171303,0,1,0.7354516229849143,NA
171304,0,1,-0.7112357488222223,NA
171306,0,1,0.3190121030468327,NA
171307,0,1,0.5167669173712217,NA
171308,0,1,2.084785202940235,NA
171309,0,0,1.8655850450991096,NA
171310,0,1,0.3366472248237651,NA
171311,0,2,-0.3224019365722811,NA
171312,0,0,-1.0458507400566017,NA
171313,0,1,-0.8436009657200143,NA
171314,0,0,0.8033397101633281,NA
171315,0,2,-0.09270092497189819,NA
171316,0,1,0.7080876740615132,NA
171317,0,1,0.5508066005549838,NA
171318,0,1,1.310186456126004,NA
171319,0,1,0.9775385312076675,NA
171321,0,1,-0.047460348020988946,NA
171322,0,0,-0.21653352092272182,NA
171323,0,1,0.007596326761817701,NA
171324,0,1,0.6843013814096057,NA
171325,0,2,-0.5216973525822012,NA
171326,0,1,-0.8491279981715902,NA
171327,0,2,0.2270783033195487,NA
171328,0,1,0.7058328530722571,NA
171329,0,1,0.17677870736448925,NA
171330,0,2,0.8129255131739797,NA
171331,0,2,0.506494154332711,NA
171332,0,1,1.17717063267028,NA
171333,0,3,-0.505538089254561,NA
171334,0,1,0.397413057007755,NA
171335,0,1,0.3244660445733978,NA
171336,0,1,-0.7771994695921328,NA
171337,0,2,1.2183494120852312,NA
171338,0,2,0.5764040864710632,NA
171339,0,1,-0.9310560148545879,NA
171340,0,1,-0.3369780280950566,NA
171341,1,3,0.33691307927193204,4
171342,0,0,1.106774019976191,NA
171343,0,1,-0.34200799018684097,NA
171344,0,2,-0.025579349802847234,NA
171345,0,1,0.5090728654890594,NA
171346,0,2,0.40506542523692163,NA
171347,0,1,0.3127656846005196,NA
171348,0,1,-0.3491736026280823,NA
171349,0,2,-0.7880655503443896,NA
171350,0,2,0.11136833543420047,NA
171351,0,0,-0.3284690958900043,NA
171352,0,1,0.3392950775451757,NA
171353,0,2,0.038357431317303126,NA
171354,0,1,0.08420297128146143,NA
171355,0,2,-0.10529089093267321,NA
171356,0,1,1.1404956188591682,NA
171357,0,1,0.2270134850340366,NA
171358,0,1,-0.0063385808611832045,NA
171359,0,1,-0.00557219121241978,NA
171360,0,1,0.3538447105113188,NA
171361,0,3,-0.43485832694679477,NA
171362,1,4,-0.15493708498818493,2
171363,1,4,0.263202704974817,3
171364,0,1,0.3707724662478361,NA
171365,0,0,-0.37691017334315885,NA
171367,0,2,-0.4510285048746067,NA
171368,0,1,-0.20866394398820695,NA
171369,0,2,-0.12900793817738523,NA
171370,0,2,0.7409821381859285,NA
171371,1,4,0.4499343469655433,4
171372,0,2,-1.4637731832363627,NA
171373,0,2,0.14899707355429717,NA
171374,0,1,0.5090847623426722,NA
171375,0,3,0.1457294759128544,NA
171376,0,2,-0.1705684373248744,NA
171377,0,3,0.32732503353227166,NA
171378,0,1,0.6133838129504402,NA
171379,0,2,0.253994851930038,NA
171380,1,4,-0.16625135632928148,2
171381,0,2,-0.24717609568906485,NA
171382,0,3,0.6739273532883263,NA
171383,1,4,0.1561771736152386,3
171384,1,4,-0.159861228451681,2
171385,0,2,0.10312212346297411,NA
180001,1,5,0.021575408736936502,3
180002,1,5,-0.25855177879232416,3
180004,1,4,0.10007823177355551,3
180005,1,5,-0.3466716484285263,2
180009,1,5,0.10683945020860615,4
180010,1,5,-0.24751030006334812,3
180011,1,5,0.3104993634821134,4
180012,1,5,-0.22459451991220872,3
180013,1,5,-0.4819097334915005,2
180016,0,2,-0.6259395505213058,NA
180017,1,5,-0.0324246744281402,3
180018,1,5,-0.07045147206283836,3
180019,1,4,0.9596787959621632,5
180020,1,4,-0.12430683938873298,2
180024,1,4,0.320002527490354,4
180025,1,4,-0.3799500554177857,2
180027,1,5,-0.6874578629368515,1
180029,1,5,-0.8476762306012172,1
180035,1,5,0.531336853543063,5
180038,1,5,-0.19425379245491423,3
180040,1,5,-0.6124435931161554,2
180043,0,3,-0.25682509155786404,NA
180044,1,5,-0.8769075276893941,1
180045,1,5,0.15451920390539117,4
180046,1,3,0.5719401713527456,5
180048,1,5,-0.44640847230408987,2
180049,1,5,0.10306573205891172,4
180050,1,5,-0.40320246664374954,2
180051,1,5,-0.8708537786813664,1
180056,1,5,-0.3071623408245174,2
180064,0,3,-0.04742447361148673,NA
180066,0,2,-0.1892077485720432,NA
180067,1,5,-0.10535093507654776,3
180069,1,5,-0.8435047149376419,1
18006F,1,5,0.27023817450672016,4
180070,1,4,-0.3101572269835235,2
180078,1,4,-1.014660329757666,1
180079,1,4,-0.03224120906758434,3
18007F,1,5,0.5245906009406288,5
180080,1,5,-0.21467636034522242,3
180087,1,5,-0.28888576876813843,2
180088,1,5,-0.33086964482683695,2
180092,1,5,-0.17176365952186495,3
180093,1,5,-0.08077980106491514,3
180095,0,2,-0.5651052964008815,NA
180101,0,3,0.0833912066446017,NA
180102,1,5,-0.30650191156787815,2
180103,1,5,0.06184649386433122,4
180104,1,5,0.4419808354641766,5
180105,1,4,-0.9546065359411405,1
180106,0,2,-0.2496862270323023,NA
180115,1,4,-0.7869345382781775,1
180116,1,5,-0.4532058548069662,2
180124,1,5,-0.22613554504985717,3
180127,1,5,-0.7843346723286,1
180128,1,5,-0.25767042642025584,3
180130,1,5,-0.116127489473552,3
180132,1,5,-0.5753442437885752,2
180138,1,5,0.3987652413485525,4
180139,1,4,-0.6856312397776342,1
180141,1,5,-0.9656052851904182,1
180143,1,5,-0.1421854869058476,3
180149,0,1,0.7621097964753403,NA
180154,0,2,-0.3957067344298548,NA
181301,1,4,0.6233439968567902,4
181302,0,2,-0.1410966164252007,NA
181304,0,0,0.3634195283880207,NA
181305,0,1,-0.7975939140530708,NA
181306,0,1,-2.125049513579968,NA
181307,0,1,0.22120928397434303,NA
181308,0,1,0.3520711174455099,NA
181309,0,2,-1.916411285779606,NA
181310,0,0,0.3164709578534251,NA
181311,0,1,-0.26984183370042625,NA
181314,0,1,-0.4560919760546016,NA
181315,0,1,0.6257597879752048,NA
181316,0,1,0.8859638256944596,NA
181317,0,1,-1.603131503007843,NA
181318,0,2,-0.18587282447482228,NA
181319,1,3,-3.838861600226708,1
181320,0,2,0.8387680843317786,NA
181321,0,2,-1.114779625726355,NA
181322,0,0,-0.8432865313467535,NA
181323,0,3,-0.5706604770700233,NA
181324,0,1,0.1997263625072983,NA
181325,0,1,-0.9448543439040336,NA
181327,0,2,0.1197331128913453,NA
181328,0,2,-0.6180266397352514,NA
181329,0,3,1.0017662007333248,NA
181330,0,0,-0.22585179079244797,NA
181331,0,1,0.7470039127231354,NA
181332,0,3,-0.0690879842797654,NA
190002,1,5,-0.10581446719033273,3
190004,1,5,-0.22947838379462626,3
190005,1,5,-0.40419531933613195,2
190006,1,4,-0.5729015011868612,1
190007,1,5,-0.07201213096396919,3
190008,1,5,0.3139763833552577,4
190011,1,4,0.028348048294275216,3
190013,1,5,-0.19767410885180867,3
190014,1,4,-0.12199368985987788,2
190015,1,5,-0.3069009267254112,2
190017,1,5,-0.27194083173832123,3
190019,1,5,-0.6900433913741048,1
190020,1,5,-0.06850259025184881,3
190025,0,2,-0.624505912474777,NA
190026,1,5,-0.35238587925244647,2
190027,1,5,-0.1379459766111262,3
190034,1,4,0.15717252388744515,3
190036,1,5,0.26229588546535426,4
190039,1,5,-0.1343092624797887,3
190040,1,5,-0.1412015854920888,3
190041,1,5,-0.382376685917153,2
190044,1,5,-0.26133396204866916,3
190045,1,5,0.31754387507354115,4
190046,1,5,-0.2642875477563562,3
190050,1,5,0.09667739357260761,4
190053,1,5,-0.8310950874110516,1
190054,1,5,-0.2994358374708608,2
190060,1,5,0.08858257525022709,4
190064,1,5,0.16263762844708612,4
190065,1,5,0.2723003467005604,4
190079,0,2,1.110112483816829,NA
190081,0,2,-0.6398010160495968,NA
190086,1,5,0.24896152546266834,4
190088,0,2,-0.1402361731512877,NA
190090,0,1,-1.7345560995547145,NA
190098,1,5,-0.34599626469361383,2
190099,1,3,-0.7925592999775425,2
190102,1,5,-0.06794462650511351,3
190106,0,2,-0.3994398852249438,NA
190111,1,5,-0.04147990413300513,3
190114,0,3,-0.39174802162760347,NA
190116,0,2,-0.7027831400774258,NA
190118,0,1,0.09044987794021855,NA
190125,1,5,-0.24191686125642436,3
190128,1,4,0.007150206321731321,3
190133,0,1,-0.07074053633394436,NA
190140,0,3,-0.4023320084860723,NA
190144,1,5,-0.06700722566922046,3
190145,0,2,-2.1655034710944934,NA
190151,0,2,-0.2256591651339969,NA
190160,1,5,-0.7713968987926656,1
190164,1,5,0.131728430747085,4
190167,1,3,-0.008779560406816482,3
190176,1,5,-0.11290521634560323,3
190183,0,3,0.2779238668348899,NA
190184,0,2,-0.5593055603226069,NA
190190,0,0,0.7118701666045758,NA
190201,0,3,-0.16137181398038689,NA
190202,1,5,-0.10294341089795504,3
190204,1,5,-0.30187296162472094,2
190208,0,1,-2.0489148257183025,NA
190218,0,1,-0.2691179700229851,NA
190241,0,2,-0.09449333823979655,NA
190245,0,2,-0.8221517111035531,NA
190251,0,2,0.29477780158995925,NA
190255,0,2,-0.4192168284645162,NA
190256,0,1,-1.7131822086737256,NA
190259,0,2,0.8662728920991105,NA
190266,0,1,1.471539912309228,NA
190267,0,3,0.44645581584769134,NA
190270,0,2,-0.3335010427202503,NA
190274,1,5,0.2317752318770285,4
190278,0,2,0.477120827085976,NA
190298,0,3,-0.04673568106517095,NA
190303,0,3,0.5875641129029493,NA
190308,0,3,0.38568710995603317,NA
190312,1,4,0.7641309733719792,5
190313,0,2,0.03876110944719344,NA
190316,0,1,0.4366459715128673,NA
190317,1,4,-0.3834949029565081,2
190318,0,3,-0.30727569560834944,NA
19043F,0,0,-0.07582067247875549,NA
19047F,1,5,-0.3740200960908182,2
19048F,1,5,-1.2101115032616903,1
191300,0,1,-0.7561196937573198,NA
191301,0,1,-0.6300606528382551,NA
191302,0,2,0.9776339591604877,NA
191303,0,1,1.4414388242957994,NA
191304,0,1,0.1999058731752353,NA
191305,0,1,0.012986551008646818,NA
191306,0,1,1.0424749234688833,NA
191307,0,1,1.3579169230047385,NA
191309,0,0,-3.867330073942933,NA
191310,0,1,-1.1269147319926156,NA
191311,0,0,-1.5525445262410555,NA
191312,1,3,-0.6197703226604308,2
191313,0,2,-0.012667543174245899,NA
191315,0,2,-0.9759700410564323,NA
191316,0,1,-0.20273466179526978,NA
191317,0,1,-0.3309835082065376,NA
191318,0,2,-0.3469464013018635,NA
191320,0,0,0.33817765910036124,NA
191321,0,1,-1.43432596998669,NA
191322,0,1,0.10492379080503024,NA
191323,0,2,-0.1383124303176836,NA
191324,0,3,0.42108658860783654,NA
191325,0,1,1.4597786859964432,NA
191326,0,1,-0.20308444895478237,NA
200001,1,5,0.11192103917694712,4
200008,1,5,0.3700614539509601,4
200009,1,5,0.6513611373085988,5
200018,1,4,-0.15615123142444676,2
200019,1,5,-0.24488014372104366,3
200020,1,5,0.041263062811447315,3
200021,1,5,-0.39509325138201873,2
200024,1,5,-0.06632808577065379,3
200031,1,5,-0.00397153875518573,3
200033,1,5,0.23402658421748979,4
200034,1,4,0.23387915816177487,3
200037,0,3,0.33212191467741026,NA
200039,1,5,0.4152010753907351,5
20003F,1,5,0.5181135653183162,5
200041,0,3,0.36904515030188667,NA
200050,1,4,-0.6768857049431513,1
200052,1,4,0.2614550227979299,3
200063,1,5,0.04302517277119175,3
201300,0,2,0.11276614390488171,NA
201301,0,0,2.3205302351440675,NA
201302,1,4,0.6796048010936435,5
201303,0,1,-0.6812516386340999,NA
201304,0,2,0.6034458340557398,NA
201305,0,1,0.31885683470252735,NA
201306,0,1,0.06674012543203808,NA
201307,0,1,0.18950285230566827,NA
201308,1,3,-0.3354963689623736,3
201309,0,3,-0.6995620297910894,NA
201310,0,2,0.26776737322938654,NA
201311,0,2,0.07613137568771489,NA
201312,1,4,0.008496041106447277,3
201313,0,3,-0.2978983822734139,NA
201314,1,4,0.5943015042541494,4
201315,0,3,0.6846410983982777,NA
210001,1,5,-0.28431780246814237,2
210002,1,5,-0.23080432363040998,3
210003,1,5,-0.40447500896735933,2
210004,1,5,-0.5684503048723011,2
210005,1,5,-0.21569928856781018,3
210006,1,5,0.06807332890497317,4
210008,1,5,0.3754242859951663,4
210009,1,5,0.10713739067787455,4
210011,1,5,0.08821465479674126,4
210012,1,5,-0.4702475255327994,2
210015,1,5,-0.05040938613089023,3
210016,1,5,-0.23073322217990969,3
210017,1,5,0.30249098171492045,4
210018,1,5,-0.00642107541773855,3
210019,1,5,0.1360859788058571,4
210022,1,5,-0.0734891779043897,3
210023,1,5,-0.08806295088798158,3
210024,1,5,0.7345733615587415,5
210027,1,5,-0.008159883826610809,3
210028,1,5,0.1286115700370329,4
210029,1,5,0.028004720535877266,3
210030,0,2,0.5519901843017124,NA
210032,1,5,-0.016519811504397762,3
210033,1,5,-0.24313504466554464,3
210034,1,5,0.17297988006019788,4
210035,1,5,0.1710160977173764,4
210037,1,5,-0.2847455784201029,2
210038,1,5,-0.24143763729737086,3
210039,1,5,0.21371037657750586,4
210040,1,5,-0.2878107182852709,2
210043,1,5,0.008835620654476739,3
210044,1,5,0.19144540849015493,4
210048,1,5,-0.012011577290283654,3
210049,1,5,-0.2774156804383691,2
210051,1,5,-0.2811418341675581,2
210056,1,5,7.83586799959074e-05,3
210057,1,5,-0.44084378757121,2
210058,0,0,2.0271378770679953,NA
210060,1,5,-0.5952670125633543,2
210061,1,5,0.22212710983890155,4
210062,1,5,-0.3181080565868294,2
210063,1,5,0.4357785686879687,5
210064,0,0,-0.21010650518805735,NA
210065,1,5,-0.5827471694687822,2
21020F,1,5,0.03845363129459367,3
220001,1,5,-0.4189501149525387,2
220002,1,5,0.5114454968092905,5
220008,1,5,0.09997799193840354,4
220010,1,5,-0.5989246638407177,2
220011,1,5,-0.026163401726358892,3
220012,1,5,-0.05413726214417248,3
220015,1,5,0.010138377823456484,3
220016,1,5,0.164349611557427,4
220017,1,5,-0.17987226201576723,3
220019,1,5,-0.19365824416791722,3
22001F,0,0,-0.5179572844591019,NA
220020,1,5,-0.12096438681972357,3
220024,1,5,-0.5809691747641366,2
220029,1,5,0.09191874065064998,4
220030,1,5,0.36919456081904434,4
220031,1,5,-0.10084441371892959,3
220033,1,5,-0.2398800152688284,3
220035,1,5,0.41793038063760524,5
220036,1,5,-0.31357769905308586,2
220046,1,5,-0.27168948678259963,3
220049,1,5,-0.11088391192720069,3
220052,1,5,-0.2783039546611189,2
220060,1,5,0.37158139924724914,4
220062,0,0,-3.3031686830852243,NA
220063,1,5,-0.15523517340638757,3
220065,1,4,0.22910506540771836,3
220066,1,5,-0.1575827045821187,3
220070,1,5,-0.3210238181132137,2
220071,1,5,0.8314058904146416,5
220073,1,5,-0.6694503461577742,1
220074,1,5,0.017606568244802362,3
220075,0,2,0.28022770149259335,NA
220077,1,5,-0.7077941507583525,1
220080,1,5,-0.5287713985015682,2
220083,1,5,0.23274713160919086,4
220084,1,5,-0.04697723351465492,3
220086,1,5,0.2768207236556499,4
220088,1,4,1.473546529448061,5
220090,1,5,0.1662769204688317,4
220095,1,5,0.08667090898619344,4
220098,1,5,0.09757506947665212,4
22009F,0,0,-0.35587789177819446,NA
220100,1,5,0.20377300093123385,4
220101,1,5,0.4974592848939647,5
220105,1,5,0.30214380836839977,4
220108,1,5,0.15086280660437398,4
22010F,1,5,0.10098653257477185,4
220110,1,5,0.5449236198392554,5
220111,1,5,-0.3769818070132799,2
220116,1,5,-0.1671598663155535,3
220119,1,5,0.8023750534639276,5
220126,0,2,-0.0032924392794494994,NA
220135,1,5,0.3318523925674654,4
220163,1,5,0.06853393413588452,4
220171,1,5,0.4393271881797411,5
220175,1,5,-0.573088265254827,2
220176,1,5,-0.31430137974530803,2
220177,0,3,0.8063670140883673,NA
221300,1,4,0.5466619932484168,4
221302,1,4,0.4744825297213127,4
221303,1,3,0.4028265493977292,4
230002,1,5,-0.317377392219524,2
230003,0,3,0.6460884745357095,NA
230005,1,5,0.10708160381804128,4
230013,0,0,-0.9878676496985037,NA
230015,1,5,0.24985023349956464,4
230017,1,5,0.11829546310618508,4
230019,1,5,0.016729373454324396,3
230020,1,5,-0.8168458535141587,1
230021,1,5,0.34989613597401237,4
230022,1,5,-0.15782158156520254,3
230024,1,5,-1.2768831664597244,1
230029,1,5,-0.39507066071726654,2
230030,1,5,-0.16053527196689438,3
230031,1,5,0.06109309323943939,4
230035,1,4,0.44748777422856983,4
230036,1,5,0.6893188212147842,5
230037,1,4,0.35275567362044974,4
230038,1,5,0.6292828544837502,5
230041,1,5,-0.6317774302052366,2
230046,1,5,0.4289801811621467,5
230047,1,5,-0.3629812200996023,2
230053,1,5,-0.259187542430821,3
230054,1,5,-0.21275752455167585,3
230055,1,5,0.07877866425107513,4
230058,1,5,0.444790901645824,5
230059,1,5,0.18077824786297092,4
23005F,1,3,-0.015701231737326182,3
230066,1,5,-0.28039057417796986,2
230069,1,5,0.482200176830701,5
230070,1,5,-0.5575123722187886,2
230071,0,0,0.22460563360104185,NA
230072,1,5,0.918693718038252,5
230075,1,5,0.13772073802220158,4
230077,1,5,-0.40000502192237164,2
230078,0,1,1.0749665370828119,NA
230080,1,5,0.3514002492279409,4
230081,1,5,0.5635339795070037,5
230085,0,1,0.9433276622455851,NA
230089,1,5,0.10645732793068538,4
230092,1,5,0.0489117619488558,4
230093,1,4,0.5341166299398424,4
230095,1,5,0.3523914824976211,4
230096,1,3,-0.07629557460210021,3
230097,1,5,0.51433824137646,5
230099,1,5,-0.19933747469129554,3
23009F,0,1,-0.4252105999478549,NA
230100,1,4,-0.020698204007760092,3
230104,1,5,-0.8795624083190164,1
230105,1,5,0.23699768876563332,4
230108,0,3,0.5161187293946564,NA
230110,1,4,0.5380681956975467,4
230117,1,5,0.28854686542655467,4
23011F,1,5,0.7679138857507687,5
230121,1,5,0.05026433028780074,4
23012F,0,1,-0.5587611372472064,NA
230130,1,5,-0.2862331972295569,2
230132,1,5,-0.5471943749956751,2
230133,1,5,0.4967053240419843,5
230141,1,5,-0.6164121281249492,2
230142,1,5,-0.7030128265056504,1
230144,0,1,0.6568025285332645,NA
230146,1,5,-0.2719402994865842,3
230151,1,5,-0.4839211041890274,2
230156,1,5,0.19891579904298537,4
230165,1,5,-0.4340900192364164,2
230167,1,5,-0.34756509018381976,2
230174,1,4,0.21271008064531632,3
230176,1,5,-0.10561712277749799,3
230180,1,4,0.30884163728538583,4
230193,1,5,-0.34749457698112063,2
230195,1,5,-0.5233775177048462,2
230197,1,5,-0.138435786040436,3
230207,1,5,-0.6716476277047869,1
230208,1,4,0.6641069875472075,5
230216,1,5,-0.7103339807363154,1
230217,1,5,0.2356000349776767,4
230222,1,5,0.3378755137737848,4
230227,1,5,-0.6272647424446413,2
230230,1,5,-0.29002445801170806,2
230236,1,5,0.3417737777221569,4
230239,1,5,-0.47470045177239867,2
230241,1,4,0.4908566270687896,4
230244,1,5,0.021141627231390542,3
230254,1,5,-0.11968811269699903,3
230259,1,5,0.51041148957915,5
230264,0,0,-0.20929175918603427,NA
230269,1,5,-0.12598079009338675,3
230270,1,5,-0.49622672501375226,2
230273,1,5,-1.685841686660051,1
230275,0,0,-0.2715330579335605,NA
230277,1,5,-0.22144467842158558,3
230279,0,0,2.023828870158524,NA
230297,1,4,0.033534931681541445,3
230301,0,0,-0.579154907501819,NA
230302,1,5,-0.055953463098976614,3
230303,1,4,0.620454949645275,4
23037F,1,5,-0.1110953598977256,3
231300,0,2,0.831328743197157,NA
231301,0,2,1.0350474211198915,NA
231303,0,2,-0.16950464236905435,NA
231304,0,1,0.3112919085440703,NA
231305,0,3,0.6436265517043066,NA
231306,0,2,0.36161982090523936,NA
231307,0,1,0.048792620699632805,NA
231308,0,1,0.810581274035123,NA
231309,0,1,0.3643936444096759,NA
231310,0,2,0.045959717953287,NA
231311,0,1,-0.33595172296439907,NA
231312,0,0,-1.581612548605037,NA
231313,0,1,0.25231230771623625,NA
231314,0,1,-0.13950959081653586,NA
231315,0,1,0.5903770077046638,NA
231316,0,1,-0.4901058519775424,NA
231317,0,1,0.7909644572189932,NA
231318,0,2,-0.10272858227838567,NA
231319,0,2,-0.2730141734090474,NA
231320,0,3,0.6633611106786087,NA
231321,0,3,0.2675799377402214,NA
231322,0,3,0.6297479249406166,NA
231323,0,2,0.764882519846696,NA
231324,0,2,-0.5626361124198815,NA
231325,0,2,-0.00962671273862746,NA
231326,1,4,0.6858006766135472,5
231327,0,3,0.4138529144581606,NA
231328,0,2,0.607415590774842,NA
231329,0,1,-0.39198294938135336,NA
231330,0,1,-1.3495430163062936,NA
231331,1,4,0.7301644072870368,5
231332,0,3,0.5795753470259879,NA
231333,1,4,0.3300256846604024,4
231337,1,4,-0.1165633686317701,2
231338,0,3,0.20627266973865294,NA
231339,1,4,0.5617038539145266,4
231340,0,1,-0.3717042893303093,NA
240001,1,5,-0.2556204854951473,3
240002,1,5,0.5466284691420283,5
240004,1,5,-0.3196810383805492,2
240006,1,4,0.5045884008197358,4
240010,1,5,1.2093957735526442,5
240014,1,4,0.040002283287905095,3
240018,1,4,0.3488398193901773,4
240019,1,4,0.6295815689491407,4
240020,1,4,0.7074853549726213,5
240022,0,3,0.5351003902645389,NA
24002F,0,1,-0.23052912209141135,NA
240030,1,4,0.4525852570434785,4
240036,1,5,0.3490186783664453,4
240038,1,5,0.2852032699287842,4
24003F,1,5,0.5137138856376446,5
240040,0,3,0.18505769384059997,NA
240043,1,5,0.8380828717886107,5
240044,1,4,-0.25142334326054366,2
240047,1,5,-0.04949805238891651,3
240050,1,4,0.07218481471270799,3
240052,1,5,0.463751960047108,5
240053,1,5,-0.21955349940346525,3
240056,1,5,0.39144153555200595,4
240057,1,5,0.23659690863157776,4
240064,0,3,0.22802132741165212,NA
240066,1,5,0.16706029168687092,4
240069,1,5,0.3153057583788298,4
240071,0,3,0.4555718754600861,NA
240075,1,5,0.30307790211554847,4
240076,1,4,0.98713064842686,5
240078,1,5,0.37971110749608533,4
240080,1,5,-0.20888216130176765,3
240084,0,3,0.2969150026275026,NA
240088,1,5,0.06557522716102596,4
240093,1,5,0.721897598268372,5
240100,1,5,0.20614833923277104,4
240101,0,3,0.5260191167262638,NA
240104,1,5,0.27451356223483514,4
240106,1,5,0.029137276646572972,3
240115,1,5,-0.20939340027710812,3
240141,0,3,0.4464623403554623,NA
240166,0,3,0.5586771489759564,NA
240187,0,3,0.6037688242190822,NA
240206,0,1,-0.833054782421561,NA
240207,1,5,0.3539408435196108,4
240210,1,5,0.2322474253655153,4
240213,1,5,0.5167623364337182,5
240214,1,4,0.5734074329680806,4
241301,0,1,1.125541217132049,NA
241302,0,1,1.8159400310309142,NA
241303,0,1,0.41651583833402517,NA
241304,0,0,0.8624130300226974,NA
241305,0,2,1.1972183015317743,NA
241306,0,1,0.2240193497261901,NA
241308,0,1,1.0227817484700674,NA
241309,0,1,0.5432862550954749,NA
241311,0,1,0.16937727484397924,NA
241312,0,1,-0.011475238484224187,NA
241313,0,1,1.7677187611521066,NA
241314,0,1,0.23550225333537744,NA
241315,0,1,0.22625563122862913,NA
241316,0,1,0.11504182144359801,NA
241317,0,1,0.40639829303834635,NA
241318,0,1,0.455239386637359,NA
241319,0,1,-0.18379344263907585,NA
241320,0,2,0.8297954742900291,NA
241321,0,1,1.0070301751807436,NA
241322,0,1,0.5123517567039432,NA
241323,0,1,-0.1700337085675671,NA
241325,0,3,0.3874734321032145,NA
241326,0,2,-0.05974830049253505,NA
241327,0,2,0.22338736702958167,NA
241328,0,1,0.09072541526520356,NA
241329,0,3,-0.16939583168404745,NA
241330,0,3,1.5507969103536738,NA
241332,0,2,-0.0879573447991902,NA
241333,0,1,-0.05629509764256019,NA
241334,0,3,0.7562740226863521,NA
241335,0,1,0.7193283662535903,NA
241336,0,1,0.8716384872057914,NA
241337,0,1,0.8480363784257332,NA
241338,0,1,1.196864850254193,NA
241339,0,0,0.7333396122035181,NA
241340,0,1,1.668410421750063,NA
241341,0,1,0.5045767683289719,NA
241342,0,2,0.4206996481180955,NA
241343,0,1,0.5394158640125037,NA
241344,0,2,0.1449561979477984,NA
241345,0,1,0.5685473307393675,NA
241346,0,1,0.9473466843294103,NA
241347,0,1,0.524222502815275,NA
241348,0,1,0.8494352849774691,NA
241349,0,1,0.25990627760061935,NA
241350,0,1,0.6836120188799755,NA
241351,0,2,1.407918170309003,NA
241353,0,3,0.5896343191410958,NA
241354,0,3,-0.11363797530013171,NA
241355,0,2,-0.06589050661370124,NA
241356,0,1,-0.46983895390932595,NA
241357,0,1,0.3067276082317927,NA
241358,0,1,1.2217029820962564,NA
241359,1,4,0.9898792432976105,5
241360,0,1,-0.5159256920580568,NA
241361,0,3,0.13547107951059267,NA
241362,0,3,-0.713897132664911,NA
241363,0,3,0.417369425317483,NA
241364,0,2,0.019274952841413853,NA
241365,0,1,1.0425731284646407,NA
241366,0,2,-0.7944492267449236,NA
241367,0,3,0.12782213373659437,NA
241368,0,3,0.5360992492747372,NA
241369,0,2,0.9713968344534023,NA
241370,0,3,0.994697033066403,NA
241371,0,1,-0.1250431725592388,NA
241372,0,1,0.85610833092599,NA
241373,0,3,0.10762343967165508,NA
241374,0,1,0.9031359332742623,NA
241375,0,1,1.2319478494658997,NA
241376,0,2,0.24264943266114528,NA
241377,0,2,0.2890482927280418,NA
241378,0,3,0.4419660855832216,NA
241379,0,1,0.08340377275258065,NA
241380,0,3,0.1753295710641732,NA
241381,0,3,1.004942644099338,NA
250001,1,5,-0.43673559427899245,2
250002,1,3,0.38710329403573657,4
250004,1,5,-0.18075797502972474,3
250006,1,4,0.29483637236596455,4
250007,1,5,-0.5643123874956254,2
250009,1,5,-0.07240383017701031,3
250012,0,1,-1.4415731014370166,NA
250017,0,1,-2.7005019104322545,NA
250018,0,0,-1.5154257900669381,NA
250019,1,5,-0.4005952279358372,2
250020,1,3,0.03315216289914469,4
250025,1,5,0.2859413566308404,4
250027,0,2,-0.8990851507349101,NA
250031,1,5,-0.29970765820254375,2
250034,1,5,-0.056653934711518826,3
250036,0,3,-0.6979313310870161,NA
250038,0,3,0.6440568279188058,NA
250040,1,5,-0.5103965079609971,2
250042,0,3,0.11043320920166855,NA
250043,1,3,0.11717611771729057,4
250044,1,3,0.1782238983637095,4
250048,1,5,-0.5885385983544075,2
250049,0,0,-2.1190309598537564,NA
250050,1,4,-0.3574350809040683,2
250057,1,5,-0.03955450624644125,3
250058,1,5,-0.4209826264504787,2
250060,0,1,-1.3122356781076987,NA
250061,0,0,-0.8159680264886799,NA
250067,0,2,-0.0857746505694652,NA
250069,1,5,-0.12448770320620156,3
250072,1,5,-0.283732348081841,2
250077,0,3,-0.3697995313275771,NA
250078,1,5,-0.7284279932459002,1
250081,0,0,0.007849685639873982,NA
250082,1,5,-0.9626899436018206,1
250084,1,4,-0.3667330327489676,2
250085,0,2,0.55350542551723,NA
250093,1,5,-0.21292131870450373,3
250094,1,5,-0.45000931431758917,2
250095,0,2,-0.33767329310641825,NA
250096,1,4,-0.4368009266926225,2
250097,1,5,-0.7458876468976134,1
250099,1,5,-1.0557690379014648,1
250100,1,5,-0.21551673069323643,3
250102,1,5,-0.3120918841525855,2
250104,1,5,-0.5571372229058813,2
250117,1,4,-0.28350239700758095,2
250123,1,5,-0.7055403190629705,1
250124,0,3,-0.05881576320393676,NA
250127,0,1,1.3743912746905567,NA
250128,0,1,-0.5231014717702602,NA
250134,0,0,-1.0745164814572847,NA
250136,0,2,0.31643232491286527,NA
250138,1,5,-0.6622125432610503,1
250141,1,5,-0.7714812689659415,1
250151,0,0,0.7046954160229499,NA
250162,0,2,0.7350613632013877,NA
250167,1,5,0.4251481111946075,5
250168,1,5,0.039255895690826444,3
250172,0,1,-1.6872469708863762,NA
25042F,1,4,0.4432563089522878,4
25043F,1,5,-0.22113478999540373,3
251300,0,1,0.21875201019571336,NA
251302,0,0,0.6425897212025142,NA
251304,0,1,-4.222144182952933,NA
251305,0,0,0.6901100317082272,NA
251306,0,0,-1.1709358290661944,NA
251308,0,1,0.8082961138789738,NA
251309,0,0,-1.0096728622840883,NA
251312,0,1,0.01747660425898173,NA
251313,0,2,-0.5913279224161041,NA
251315,1,3,0.6519599062375206,5
251316,0,1,1.3703065407754198,NA
251317,0,1,-1.0172539975999757,NA
251318,0,2,-1.2784620806255944,NA
251319,0,1,-0.12742810640824603,NA
251320,0,1,0.4449741892566258,NA
251322,0,1,-0.05610959681509113,NA
251323,0,1,1.1616525985216346,NA
251324,0,1,-0.6289924664236481,NA
251325,0,1,-0.5397498905831829,NA
251326,0,1,0.01767317204403223,NA
251327,0,1,-0.08488026070429223,NA
251329,0,0,2.160109051213006,NA
251330,0,0,1.4744262471065444,NA
251331,0,1,0.5973531970089268,NA
251333,0,1,-1.952362198422749,NA
251334,0,0,0.04487407105653926,NA
251335,0,1,0.3657263869480055,NA
251336,0,2,-0.3547245639330468,NA
251337,1,3,0.24558709585237487,4
251338,0,0,-1.6870041690608684,NA
260001,1,5,-0.7604371094916903,1
260005,1,5,-0.24249813154311903,3
260006,1,5,0.11767014473030958,4
260009,1,5,-0.30083538606003374,2
260011,1,5,-0.17856354612055758,3
260017,1,5,-0.17601455721679504,3
260020,1,5,0.08296358847181418,4
260022,1,5,-0.03261413643781742,3
260023,1,5,-0.24134907537002617,3
260024,1,4,-0.1886732085390668,2
260025,1,5,-0.2510539126597148,3
260027,1,5,-0.59570834134799,2
260032,1,5,0.31692175830809777,4
260034,0,2,0.23010634773544417,NA
260040,1,5,-0.09370859631078599,3
260047,1,5,-0.24298447178208976,3
260048,1,5,-0.3217068197183473,2
26004F,1,5,0.45231935699732817,5
260050,0,3,0.5056886342321643,NA
260052,1,5,0.1982952183991687,4
260057,1,5,-0.7977913559430971,1
260059,1,4,0.5153967544404862,4
260061,1,4,-0.15831470053059726,2
260062,1,5,0.48643899586750866,5
260065,1,5,-0.17445013823656386,3
260068,1,5,0.5490560071548873,5
260070,0,2,-1.3484160236780045,NA
260074,1,4,0.13056607590379302,3
260077,1,5,-0.09699130450185624,3
260078,1,5,-0.32048770869786075,2
26007F,1,3,0.5845221759577823,5
260081,1,5,-0.13256022370834236,3
260085,1,5,-0.08298695093720787,3
260091,1,5,-0.25138084799261456,3
260094,1,5,0.502032490613711,5
260095,1,5,-0.007550400914408728,3
260096,1,5,0.3163848419479722,4
260097,1,5,0.4255925175484445,5
26009F,1,5,0.6640530853543577,5
260102,1,4,0.20921010052988182,3
260104,1,5,-0.38199202571799734,2
260105,1,5,-0.715786443650399,1
260108,1,5,0.5760794791228985,5
260110,1,5,-0.7781694034495799,1
260113,1,5,-0.283110609070548,2
260119,1,5,-0.5535287663329844,2
260137,1,5,-0.7434785265690078,1
260138,1,5,0.4612849864156131,5
260141,1,5,-0.33995894072155636,2
260142,1,4,-0.060242228022473684,3
260160,1,3,0.10894309900436021,4
260162,1,4,0.5176422973921231,4
260163,1,5,0.13412197948859783,4
260175,1,5,0.07718918633823496,4
260176,1,5,-0.2328467799460875,3
260177,1,5,0.05400426839254399,4
260179,1,5,0.23253334926420302,4
260180,1,5,-0.11320479934942318,3
260183,1,5,-0.3516026470866887,2
260186,1,5,-0.1465120962876195,3
260190,1,5,0.08240396397181887,4
260191,1,5,0.42722075215151817,5
260193,1,5,0.08318319622024671,4
260195,1,5,0.1250475155203991,4
260200,1,5,-0.17467063488796394,3
260210,0,2,-0.8931976688747422,NA
260214,1,5,-0.4512367956361025,2
260216,1,5,0.3826292557497923,4
260219,1,5,0.28483135181827335,4
26023F,1,5,-0.45174806413639057,2
261301,0,0,0.45725427814368147,NA
261302,0,2,-1.1327589411065702,NA
261303,1,3,-0.15962706372630914,3
261305,0,1,-0.11471020582512736,NA
261306,0,0,0.9446937029009552,NA
261307,0,2,0.08910528704942654,NA
261308,0,2,-0.21813389067728303,NA
261309,0,2,0.4737213232489543,NA
261310,0,2,-0.6810105310167814,NA
261311,1,4,0.07030686066790398,3
261312,0,2,-0.42252371539313077,NA
261313,0,1,-1.4008543133991305,NA
261314,0,1,0.4915089083696518,NA
261316,0,3,-2.2686189519760744,NA
261317,0,2,-0.050449693409866214,NA
261318,1,3,-0.8628155850188797,2
261319,0,3,-1.0528307527807146,NA
261320,0,3,0.3769371924303591,NA
261321,1,4,0.5691389071603379,4
261322,0,1,0.10425045464450083,NA
261323,0,1,-1.170076065820545,NA
261324,0,3,-0.2679661363662647,NA
261325,0,3,1.2077563839311654,NA
261327,0,1,0.5395925571245753,NA
261328,0,1,1.0038294351732837,NA
261329,0,3,0.47810120663155253,NA
261330,0,3,0.1594931906613245,NA
261331,0,3,0.6231134029047011,NA
261332,0,2,0.03391073213041314,NA
261333,0,1,0.016774723863859496,NA
261335,0,1,0.38396865797040913,NA
261336,0,1,1.0057673295451535,NA
261337,1,4,0.3998235228771134,4
261338,0,3,0.3538739063939378,NA
270003,1,5,0.09342107143857831,4
270004,1,5,0.3371886240935279,4
270012,1,5,-0.40038217970648327,2
270014,1,5,0.7244278427918216,5
270017,1,5,-0.7746462175209176,1
270023,1,5,-0.008077251966752776,3
270032,0,3,0.11056308431910629,NA
27003F,1,4,0.5849850647730517,4
270049,1,5,0.23248665225885964,4
270051,1,5,0.20570012494483852,4
270057,1,5,0.3314267160794973,4
270074,0,1,-0.0192957982033109,NA
270086,1,5,0.5256187354163373,5
271300,0,1,-1.3394405234155202,NA
271301,0,1,0.25228602437930947,NA
271302,0,0,-3.766255934336366,NA
271304,0,0,1.4996662454712777,NA
271305,0,0,1.249571922305842,NA
271306,0,1,0.009206496785210181,NA
271307,0,1,0.6929105630787381,NA
271308,0,0,2.376286701439411,NA
271309,0,0,0.9391712647637056,NA
271310,0,0,2.5111513869729705,NA
271311,0,0,0.38363536964558975,NA
271312,0,0,-0.6062382495107851,NA
271313,0,0,1.3673717007156503,NA
271314,0,1,-0.34065311154144523,NA
271316,0,2,-0.23138762526262902,NA
271317,1,4,0.08008609186916463,3
271318,0,3,0.5993269497407969,NA
271319,0,0,0.20291687246008822,NA
271320,0,3,-0.2580518486564064,NA
271321,0,0,0.6619333676116284,NA
271322,0,1,-0.4440885862032305,NA
271323,0,1,-0.3113913679212814,NA
271324,0,0,-1.4415507233853044,NA
271325,0,2,0.5664629752603911,NA
271326,0,1,-1.3562219505673931,NA
271327,0,0,0.458579365261619,NA
271328,0,0,-1.0727598706016224,NA
271329,0,0,0.41959632913451617,NA
271330,0,1,-0.058241279191054346,NA
271331,0,1,0.28259450843369616,NA
271332,0,2,-1.1764044448588176,NA
271333,0,1,0.22120645340022085,NA
271334,0,0,1.408276350917651,NA
271335,0,3,0.6174958212436489,NA
271336,1,4,0.7018079725146623,5
271337,0,0,-0.8956702481755037,NA
271338,0,1,-0.9390310062593327,NA
271339,0,0,-1.5888888228939124,NA
271340,1,4,0.07741492789653698,3
271341,0,0,-0.5301685930868133,NA
271342,0,1,0.33163190380982044,NA
271343,0,1,0.7150522244729562,NA
271344,1,5,0.4530270252797438,5
271345,0,2,1.4133395684988974,NA
271346,0,1,-0.18270550188552848,NA
271347,1,5,0.6094857249416695,5
271389,0,1,0.07183882896448614,NA
280003,1,5,0.20140658800126449,4
280009,1,5,0.4163697655966712,5
280013,1,5,-0.223739667933606,3
280020,1,5,-0.008037219652886923,3
280023,1,5,0.24059278629314365,4
280032,1,5,0.0010293845148855348,3
280040,1,5,0.23965144883456907,4
280060,1,5,0.007355940678386946,3
280061,1,5,-0.7307713818529211,1
280065,1,5,-0.3092235322591902,2
28006F,1,5,1.0084196287882397,5
280077,1,5,-0.0869846019725238,3
280081,1,5,-0.1261477415249366,3
280105,0,3,0.35174133715417644,NA
280111,1,5,0.37280001941044694,4
280125,1,5,0.7036422974128982,5
280127,0,1,1.1005497561786448,NA
280128,1,4,0.10134345512533396,3
280129,0,3,1.5509122582874664,NA
280130,1,5,0.40364787824103254,5
280131,0,3,1.0394602508259958,NA
280132,1,5,0.7838074683451931,5
280133,0,1,0.8860779545195432,NA
280134,1,5,0.28297099395900444,4
280139,1,4,0.2345463506867457,3
281300,0,1,0.2086157864821022,NA
281301,0,2,0.7781698837886396,NA
281302,0,0,0.9017432102712417,NA
281304,0,3,0.12293000757154243,NA
281305,0,1,-0.5414604875855245,NA
281306,0,1,0.49144634692323363,NA
281307,0,2,1.1820233377176748,NA
281308,0,1,0.137735008510172,NA
281309,0,0,0.6557664465460356,NA
281310,0,1,-0.2094805073697416,NA
281311,0,1,0.9704420921457365,NA
281312,0,0,1.495153407143431,NA
281313,0,1,0.9464464123853916,NA
281314,0,1,0.6129873317054112,NA
281315,0,3,0.3039000085019617,NA
281316,0,0,2.282593113666098,NA
281318,0,1,-0.15200182119581712,NA
281319,0,1,0.3917061252291265,NA
281320,0,2,-0.6991920739154484,NA
281322,0,3,0.2274602803494655,NA
281323,0,1,-0.21751094828604767,NA
281324,0,2,-0.4319760329771828,NA
281325,0,0,-0.4964785943716439,NA
281326,0,1,0.47332872078565535,NA
281327,0,2,0.8578722160704737,NA
281328,0,2,0.6295862951964891,NA
281329,0,3,0.34043150669854305,NA
281330,0,0,2.198302685207624,NA
281331,0,1,0.9141584871870595,NA
281332,0,0,-0.2885772418209097,NA
281333,0,0,0.17135050764250093,NA
281334,1,4,0.7257518410435239,5
281335,0,1,0.04720192391466189,NA
281336,1,3,0.09996677139341392,4
281338,0,0,0.4716242585473074,NA
281339,0,2,-0.19660664804192882,NA
281340,0,1,1.0339215369226638,NA
281341,0,2,1.1703008208499899,NA
281342,0,1,1.1418420581188162,NA
281343,0,1,0.36989286976418495,NA
281344,0,1,0.18700604085816533,NA
281345,0,2,-0.9439127499351545,NA
281346,0,1,0.5268239658414362,NA
281347,0,2,1.0364551004572762,NA
281348,0,0,-0.19192702361325967,NA
281349,0,2,0.30856517473304257,NA
281350,0,2,0.07860431393078185,NA
281351,0,1,0.20187776050706657,NA
281352,1,4,0.2991305944013485,4
281353,0,2,0.6754940900040849,NA
281354,0,1,0.09457564401946617,NA
281355,0,2,0.2791027722778063,NA
281356,0,0,0.7168956394819066,NA
281357,0,2,-0.22780283143376717,NA
281358,0,2,0.24333168772956798,NA
281359,0,1,-0.25864901435538523,NA
281360,0,2,-0.030827971217074354,NA
281361,0,2,-0.36581405297391534,NA
281362,0,3,0.33016940868194655,NA
281363,1,3,-0.3422303103536881,3
281364,1,4,-0.5250657252492975,1
281365,0,2,0.3598867613004962,NA
290001,1,5,-0.3384665212054773,2
290003,1,5,-0.7356637071573935,1
290005,1,5,-0.736897603339805,1
290007,1,5,-0.6375274159516598,2
290008,1,5,-0.6958227189328332,1
290009,1,5,-0.17232134478094097,3
290012,0,1,1.527046033307789,NA
290019,1,5,-0.40446402707211127,2
290021,1,5,-0.6122987839985875,2
29002F,1,4,0.844933918068224,5
290032,1,5,0.01346861636544638,3
290039,1,5,0.08759170819074596,4
290041,1,5,-0.6071569531223211,2
290045,1,5,-0.21524599989994456,3
290046,1,5,-0.5219282486460353,2
290047,1,5,0.14533406100016105,4
290049,1,5,-0.17542772582863125,3
29004F,1,5,0.12840094720883083,4
290053,1,5,-0.2319359618245374,3
290054,1,5,-0.735962307507989,1
290057,1,5,-0.12632625328062216,3
290058,0,1,-0.33095741539670614,NA
290061,0,1,0.046674736414180074,NA
291300,0,1,-0.09233886795406115,NA
291301,0,1,0.44109322305695725,NA
291302,0,1,0.501184706079189,NA
291303,0,1,-0.21998708257548344,NA
291304,0,1,0.6604326890007342,NA
291306,1,4,0.4949708483035646,4
291307,1,4,-0.8404001789107729,1
291308,1,4,-0.13722583155330167,2
291309,0,1,0.21705018997964137,NA
291311,1,4,0.052194559289557296,3
291312,0,0,0.27722055229205156,NA
291313,1,4,0.036212317596613086,3
291314,0,1,-0.44843996585540874,NA
300001,1,5,-0.02530498420223909,3
300003,1,5,0.08326259788070348,4
300005,1,5,-0.05412597712357464,3
300011,1,5,0.08897017512073303,4
300012,1,5,-0.16264755446483137,3
300014,1,4,-0.11652364885805346,2
300017,1,5,0.5744051986109853,5
300018,1,5,0.26331893405305495,4
300019,1,5,-0.18076253886398208,3
300020,1,5,-0.05319790432746302,3
300023,1,5,0.6400863773629228,5
300029,1,5,-0.04834778077285575,3
300034,1,5,0.3025906292272908,4
301300,0,0,-0.39508839542312674,NA
301301,0,3,-0.468914633401585,NA
301302,1,4,-0.19835550041702074,2
301303,0,2,-0.7784202050759133,NA
301304,1,4,0.14698788235333587,3
301305,0,3,0.8578975470098376,NA
301306,0,1,0.5000426734398628,NA
301307,1,4,-0.3137389612460743,2
301308,0,2,0.6364653117111877,NA
301309,1,4,-0.2677400776715554,2
301310,1,3,-0.11135579262947545,3
301311,1,4,-0.177278131854885,2
301312,1,4,0.08377145306922174,3
310001,1,5,0.5697028930788016,5
310002,1,5,-0.6395039442898218,2
310003,1,5,-0.32737624592091524,2
310005,1,5,0.43310350084328153,5
310006,1,5,-0.18786111737641198,3
310008,1,5,0.016397255459040902,3
310009,1,5,-0.790608234853777,1
310010,1,5,0.22802868740029603,4
310011,1,5,-0.09225476254238743,3
310012,1,5,0.2251177232000479,4
310014,1,5,-0.18966648897940586,3
310015,1,5,0.9261246217193255,5
310016,1,5,-0.6382073930432822,2
310017,1,5,0.11022144264994162,4
310019,1,5,-0.3215136869597882,2
31001F,1,5,-1.0419569328453842,1
310021,1,3,-0.7337007258911675,2
310022,1,5,-0.28005419379989094,2
310024,1,5,-0.5328817075940829,2
310025,1,5,-0.5719027684379903,2
310027,1,5,-0.861699405841356,1
310028,1,5,0.28762706146438044,4
310029,1,5,-0.7356021317951403,1
310031,1,5,0.30252559772311616,4
310032,1,5,-0.3795064397446701,2
310034,1,5,-0.19195373593349888,3
310038,1,5,-0.5752396041946308,2
310039,1,5,-0.42581424074772173,2
310040,1,5,-0.9732223384908574,1
310041,1,5,-0.8002863819714388,1
310044,1,5,-0.058118669242664775,3
310045,1,5,0.258281791797704,4
310047,1,5,0.1680034109089394,4
310048,1,5,-0.6938443877813495,1
310050,1,5,-0.26441197940302597,3
310051,1,5,0.25936850090967006,4
310052,1,5,-0.19404672517135202,3
310054,1,5,-0.4582800832921027,2
310057,1,5,-0.12005127588982856,3
310058,0,2,-0.8003848061137897,NA
310060,1,5,0.5918159193915398,5
310061,1,5,-0.556920840118173,2
310064,1,5,0.10479427938796745,4
310069,1,5,-0.12579824100821596,3
310070,1,5,0.05273558526708549,4
310073,1,5,-0.09527074557338987,3
310074,1,5,-0.6105019345067454,2
310075,1,5,-0.0850282262700583,3
310076,1,5,-0.47151533065535284,2
310083,1,5,-1.191747085129655,1
310084,1,5,-0.690884906929471,1
310086,1,5,-0.5011905721409541,2
310091,1,3,0.07520401392901756,4
310092,1,5,-0.8259349631786969,1
310096,1,5,-0.19145182693482712,3
310108,1,5,-0.12313200907435629,3
310110,1,5,-0.5108454266628505,2
310111,1,5,-0.397032888881331,2
310112,1,5,-0.23541303573864986,3
310113,1,5,-0.1358933600979214,3
310115,1,5,0.1477174590819219,4
310118,1,4,-1.1007511540058272,1
310119,1,5,-1.3819078259408217,1
310130,1,5,0.34125940874159916,4
320001,1,5,-0.6062748554734075,2
320002,1,5,0.37823013935798416,4
320003,0,2,0.0170308817094611,NA
320004,1,5,-0.33761007972954366,2
320005,1,5,-0.40148910524043707,2
320006,1,5,-0.6532950505324964,1
320009,1,5,-0.10636798574827748,3
320011,1,4,-0.20321983272363614,2
320017,1,4,-0.564186509255353,1
320018,1,5,-0.9448966613424108,1
320021,1,5,-0.3379692144396595,2
320022,1,5,-0.4200553310741737,2
320030,0,2,0.21531637961788408,NA
320033,0,3,0.09460117977411277,NA
320038,0,3,-0.8344992048361949,NA
320059,0,3,0.11607627037594953,NA
32005F,1,5,-0.34350519355134723,2
320060,0,1,1.2972647997566495,NA
320061,1,4,-0.3981080453241539,2
320062,0,0,1.1129028586295004,NA
320063,1,5,-0.8721341036854964,1
320065,1,3,-0.008789295994673707,3
320067,0,1,-0.06109000267027754,NA
320074,1,4,-0.1772947246407317,2
320084,0,2,-0.6983428431604161,NA
320085,1,5,-0.7318427657115038,1
320086,1,4,0.047750326225357076,3
320089,1,4,-0.26347519932467606,2
320090,1,4,-0.03851038071350474,3
320091,0,2,-0.5692180007587708,NA
321300,0,1,0.5661555250046352,NA
321301,0,1,0.09365161414067556,NA
321302,0,1,-0.19870385045028305,NA
321304,0,0,0.34799914334582777,NA
321305,0,2,-0.00975029984317663,NA
321306,0,3,-1.016245238357907,NA
321307,0,1,0.22283607389003737,NA
321308,0,2,-0.01457190293992365,NA
321309,0,3,-0.13441766319693696,NA
321310,1,4,-0.5405134084204248,1
321311,0,3,-0.5246068764509808,NA
330005,1,5,-0.2211398540595202,3
330006,1,5,-0.47628656797807295,2
330008,1,4,-0.3930994426136978,2
330009,1,5,-0.7370204528905144,1
330011,1,5,-0.3716583905127192,2
330013,1,5,-0.6394267419011954,2
330014,1,5,-0.7146451795067542,1
330019,1,4,-1.2524097827264895,1
330023,1,5,-0.18749768249210946,3
330024,1,5,-0.002067287782577823,3
330027,1,5,-1.546055359663185,1
330028,1,5,-0.6843832059490556,1
330030,1,5,-0.25567774658682607,3
330033,1,4,-0.32484754065625754,2
330043,1,5,0.10838725299435381,4
330044,1,5,-0.5930566442203793,2
330045,1,5,0.39509509237127133,4
330046,1,5,-0.026545376366459136,3
330047,1,5,-0.4203023809228894,2
330049,1,5,0.47257187580379423,5
330055,1,5,0.3729652764205841,4
330056,1,5,-0.754598978743531,1
330057,1,5,0.1248032367178943,4
330058,1,5,-0.6081444870122071,2
330059,1,5,-0.293720533663602,2
330065,1,5,-0.3950401492932936,2
330073,1,5,-0.3730639127516908,2
330074,1,5,-0.656619274711829,1
330078,1,5,-0.11426774802108049,3
330079,1,4,-0.08476126018993443,2
330080,1,5,-1.0893086734665431,1
330084,1,4,-0.5310527348084931,1
330085,1,5,-0.5471629638177247,2
330086,0,2,0.30643034635760547,NA
330090,1,5,-0.6886943029877508,1
330094,1,5,-0.5900368019855327,2
330096,1,4,0.4404979930815382,4
33009F,1,5,-0.1284726507414973,3
330100,0,0,1.0230205187512287,NA
330101,1,5,0.6361828915551921,5
330102,1,5,-0.30633787793552514,2
330103,1,5,-0.7185114840063264,1
330104,1,5,-0.585701785359136,2
330106,1,5,0.18981736152707718,4
330107,1,5,-0.09178463822222295,3
330111,0,3,-0.2690191953789474,NA
330115,1,5,-0.2727480207033587,3
330119,1,5,0.09151777025284948,4
33011F,0,1,1.135299467750044,NA
330125,1,5,-0.6162412023803692,2
330126,1,5,-0.051327871523808494,3
330127,1,5,-0.9925808240814938,1
330128,1,5,-0.3667682061458371,2
33012F,1,5,0.09110505991871205,4
330135,1,5,-0.27409163142087944,3
330136,1,5,-0.28440031631844614,2
330140,1,5,-0.36143659650144755,2
330141,1,5,-0.6804225815985441,1
330144,0,1,-0.5919554042979308,NA
33014F,0,2,0.6119625211044664,NA
330151,1,4,-0.09643214157179425,2
330153,1,5,-0.4075449757086789,2
330157,1,5,-0.23201753557345106,3
330158,1,5,-0.1939637502090269,3
33015F,0,2,0.7256465273150086,NA
330160,1,5,-0.7804469654379388,1
330162,1,5,0.6836395471110873,5
330163,1,3,-0.37396824420881447,3
330164,1,5,-0.6332325919150165,2
330166,0,1,0.0799653803768067,NA
330169,1,5,0.01735175326264799,3
33016F,1,5,-0.3018645378072694,2
330175,1,5,0.0734282605458335,4
33017F,1,4,-0.7368412158747424,1
330180,1,5,-0.2176682610589854,3
330181,1,5,0.46685811287622503,5
330182,1,5,0.6317684055957361,5
330184,1,5,-0.7818467008334171,1
330185,1,5,0.49263687813874185,5
330188,1,5,-0.03538100606777446,3
330191,1,5,-0.43168977826820965,2
330193,1,5,-0.658195386699409,1
330194,1,5,-0.6982851749170218,1
330195,1,5,-0.17687833907714895,3
330196,1,5,-0.796527465518485,1
330197,1,5,-0.6075381731009338,2
330198,1,5,-0.4293597297927416,2
330199,1,4,-0.5859045676082261,1
33019F,1,5,-0.6014354934635605,2
330202,1,5,-0.6591323473698358,1
330203,1,5,-0.42442076125144407,2
330204,1,5,-0.5030396958689849,2
330205,1,5,0.6589862323530475,5
330208,1,5,-0.7905095530531597,1
33020F,1,3,-0.7656115785557384,2
330211,1,5,0.09275206413131204,4
330214,1,5,1.329766294628359,5
330215,1,5,-0.6499515950229667,1
330218,1,5,-0.061923174770425436,3
330219,1,5,-0.6342116583954359,2
330221,1,5,-0.8102382755830697,1
330222,1,5,0.04515055163609144,3
330223,1,3,0.11387286081473084,4
330224,1,5,-0.65915012007279,1
330226,1,5,-0.35015323287807704,2
330229,1,5,-0.26954985514295354,3
330231,1,5,-0.8995279741635455,1
330233,1,5,-1.4447290818109284,1
330234,1,5,-0.9260296704145039,1
330235,1,5,-0.11953698174643398,3
330238,1,5,-0.3041600303746339,2
330239,1,5,0.04223873154143917,3
330240,1,5,-0.7692101685373283,1
330241,1,5,-0.22467146344390815,3
330245,1,5,-0.6464688614084129,1
330246,1,5,0.15210365307601706,4
33024F,1,5,-0.9468283735699529,1
330250,1,5,-0.5587861811868843,2
330259,1,5,-0.11047900329594694,3
330261,1,5,-0.17020781098852766,3
330264,1,5,-0.45881315630383546,2
330265,1,4,0.06782340352282545,3
330267,1,5,-0.02308435903125105,3
330270,1,4,2.068203852583934,5
330273,1,5,-0.08111715757342951,3
330276,1,4,-0.23962567690774167,2
330277,1,5,0.05878599614033474,4
330279,1,5,-0.5944486246779049,2
330285,1,5,-0.3394137578505946,2
330286,1,5,-0.705555517094068,1
330304,1,5,0.6569487459673589,5
330307,1,5,0.09913221165963765,4
330331,1,5,-0.12969283368948648,3
330332,1,5,-0.44343730385540586,2
330350,1,5,-0.9892372401274551,1
330386,1,5,-0.12379909445339972,3
330393,1,5,0.13715882045100897,4
330394,1,5,-0.4628908448703631,2
330395,1,5,-1.918624307585875,1
330396,1,4,-0.4088325271849774,2
330399,1,5,-1.061890614028877,1
330401,1,5,0.04110601787994128,3
330405,0,0,0.4805120817835178,NA
330406,0,0,0.3862016348985556,NA
331301,0,0,2.569180570424911,NA
331302,0,1,0.18564078362377784,NA
331303,0,1,1.4682141082631068,NA
331304,0,0,0.33198342964019467,NA
331305,0,1,-0.3719563764220462,NA
331307,0,0,1.114760800795902,NA
331309,0,1,-0.22026147745423955,NA
331310,0,0,-0.7630798079864654,NA
331311,0,3,-0.07405683143535424,NA
331312,0,1,0.6405443208304868,NA
331313,0,0,0.4806154894450129,NA
331314,0,1,1.3394455261200213,NA
331315,0,1,0.3633587000042795,NA
331316,0,3,0.4970216815980877,NA
331317,0,1,0.35527254094464394,NA
331319,0,1,-0.2013852862165814,NA
331320,1,4,-0.11325604360806166,2
340001,1,5,0.17417007268877,4
340002,1,5,0.15523635028721572,4
340003,1,5,0.4900856260678106,5
340004,1,5,-0.4003251589463474,2
340008,1,5,-0.20627000958465413,3
340010,1,5,0.022544151021034724,3
340013,1,5,-0.0828839776066542,3
340014,1,5,-0.02087384099552019,3
340015,1,5,-0.3887892575247205,2
340016,1,5,0.03995360671074398,3
340017,1,5,0.44239710205729993,5
340020,1,5,-0.8869119708055356,1
340021,1,5,-0.2722223132724397,3
340023,1,5,0.5262949525323026,5
340024,1,5,-0.17758886311486607,3
340027,1,5,-0.2606367782162585,3
340028,1,5,-1.1332521504764306,1
340030,1,5,0.46573795790484995,5
340032,1,5,-0.009937897881825045,3
340039,1,5,-0.381599905846012,2
340040,1,5,-0.5007861137830886,2
340041,1,5,-0.5244992485202055,2
340042,1,5,-0.560000526093227,2
340047,1,5,-0.1984312342529185,3
340049,0,2,0.7677973995173368,NA
340050,1,5,-0.6786824231685131,1
340051,1,5,-0.015933086487848434,3
340053,1,5,0.12509638844952212,4
340060,1,5,-0.2974647933220208,2
340061,1,5,0.4350002153982214,5
340064,1,5,-0.3868314164178128,2
340068,1,5,-0.8901291540945965,1
340069,1,5,0.1621265418532934,4
340070,1,5,-0.3684226217708125,2
340071,1,5,-0.33271359856145677,2
340073,1,5,0.85617894847128,5
340075,1,5,-0.19807959431304256,3
340084,0,1,0.56763321744118,NA
340085,1,5,-0.15520018405392685,3
340087,1,5,0.36012052461223154,4
340090,1,5,-0.07218748222473208,3
340091,1,5,0.17409393921251112,4
340096,1,5,-0.024341591407295093,3
340097,1,5,-0.20997614074136473,3
340098,1,5,-0.1608930029638872,3
340099,1,5,-0.4302862558375394,2
340107,1,5,-0.6176300701304214,2
340109,1,5,-0.08078698788682878,3
340113,1,5,-0.3756403069020745,2
340114,1,5,0.5856327455263414,5
340115,1,5,0.3825399567209245,4
340116,1,5,-0.6919638701549229,1
340119,1,5,0.13443608409056304,4
340120,1,5,0.1337251548865416,4
340123,1,5,0.03282340432686312,3
340126,1,5,-1.1322078148932448,1
340127,1,4,-0.713540893120539,1
340129,1,5,-0.3960724047440678,2
34012F,1,5,0.08697120596275125,4
340130,1,5,-0.14452573472053226,3
340131,1,5,0.11232181789855633,4
340132,1,5,-0.5675627265556339,2
340133,1,3,0.3501395542942376,4
34013F,1,4,-0.3444524170759049,2
340141,1,5,-0.4235714654082669,2
340142,1,5,-0.20038171239408886,3
340143,1,5,0.18105877999479741,4
340144,0,2,-0.783615890100083,NA
340145,1,5,0.7754294333503955,5
340147,1,5,0.09308321739391184,4
340148,1,3,1.321005721967324,5
340151,1,5,-0.7684381058137284,1
340155,1,5,0.09537054863248054,4
340156,0,0,0.4911018602028625,NA
340158,1,5,0.13295869042558642,4
340159,0,2,-0.22346466791476385,NA
340166,1,5,0.06817716448320613,4
340168,0,0,0.6652524690856682,NA
340171,1,5,0.2372746365514123,4
340173,1,5,0.43884181362375363,5
34017F,1,4,0.8341184073160667,5
340183,1,5,-0.003663373898383771,3
340184,1,5,-0.12419054088771755,3
340187,1,4,1.012641893636175,5
340188,1,5,0.6085110465992523,5
340190,1,4,0.6363012076600207,4
34036F,1,5,0.9951187732672563,5
341303,0,1,0.7989396498961637,NA
341304,0,2,0.3850548413431559,NA
341305,0,1,0.0723162364190023,NA
341307,0,0,0.6250069270596528,NA
341311,0,2,0.47621758048353335,NA
341314,0,0,-0.1658701608138869,NA
341315,0,2,-1.12451136231959,NA
341316,0,1,0.013999490505937795,NA
341317,0,0,-1.1614758531342164,NA
341318,1,4,-0.4574605559739615,2
341319,1,5,0.01724771199032102,3
341320,0,1,-0.7150173540716876,NA
341322,0,3,0.6084809176523535,NA
341323,0,1,0.772709932706863,NA
341324,1,4,0.5707810508866222,4
341325,1,4,0.183345852918135,3
341326,1,4,-0.05393592615775855,3
341327,0,3,0.10403873617055609,NA
341328,1,5,-0.7272314406697793,1
341329,1,4,0.406713934387865,4
350002,1,5,-0.10842290356954051,3
350006,1,5,-0.40065564773222273,2
350011,1,5,0.447115246222256,5
350015,1,5,0.22670007754705726,4
350019,1,5,-0.07073718228404328,3
35002F,1,4,0.4962655577149816,4
350063,0,1,0.6252816136445556,NA
350070,1,5,0.12979383447759502,4
351300,0,1,-0.47098905473646574,NA
351301,0,1,0.3447828321102491,NA
351302,0,1,0.948641898457153,NA
351303,0,1,0.5157382500485211,NA
351304,0,1,1.0402124013253526,NA
351305,0,0,-1.8458472818115763,NA
351306,0,1,0.7181433063701386,NA
351307,0,2,0.19120113026186014,NA
351308,0,1,0.9511532952060547,NA
351309,0,1,0.7335139793966973,NA
351310,0,1,-0.4686109631719658,NA
351311,0,1,0.8584040573302072,NA
351312,0,1,0.9683890139266328,NA
351313,0,0,0.825342817803482,NA
351314,0,0,-1.1506461782933313,NA
351315,0,2,-0.08424637354538816,NA
351316,0,1,0.8581087315919853,NA
351318,0,1,0.4011696304789088,NA
351319,0,1,-0.18425728055450658,NA
351320,0,1,0.8706859578100262,NA
351321,0,1,0.9190189921185326,NA
351322,0,1,-0.03354540945761895,NA
351323,0,1,0.6248027754721792,NA
351324,0,2,0.39915806187157105,NA
351325,0,1,0.2320336043390264,NA
351326,0,1,0.18584788042253161,NA
351327,0,1,-1.4090787346801754,NA
351328,0,1,-0.17568620634288035,NA
351329,0,1,0.8539342474668696,NA
351330,0,2,-0.05291874046021683,NA
351331,0,1,1.5177916105506113,NA
351332,0,1,0.02015752394111689,NA
351333,0,2,-0.17818555253854926,NA
351334,0,3,-1.2189788061438378,NA
351335,1,4,-0.1636506096998484,2
351336,0,3,0.1860168532547491,NA
351364,0,0,0.7577220886006112,NA
360001,1,5,-0.18464513052044257,3
360002,1,4,0.4035800107508929,4
360003,1,5,-0.09644512324910387,3
360006,1,5,0.5433291844748869,5
360008,1,5,0.16038600293653732,4
360009,1,5,0.0063448636108901346,3
360010,1,4,0.19640070588553699,3
360011,1,5,0.22434721832168134,4
360012,1,5,0.2091059587035432,4
360013,1,4,-0.09962025723003824,2
360014,1,5,0.4808525810155973,5
360016,1,5,0.17595706108542267,4
360017,1,5,-0.17575139003612722,3
36001F,1,5,0.5066262105459277,5
360020,1,5,-0.3248710267581505,2
360025,1,5,0.07169688029022665,4
360026,0,2,0.35390733234668803,NA
360027,1,5,0.16492626524929957,4
360029,1,4,0.29550711492141046,4
360032,1,5,0.37478269370366624,4
360035,1,5,-0.32867825863481615,2
360036,1,5,0.4659760710538141,5
360039,1,5,0.531123862054735,5
36003F,1,5,0.32499720859424786,4
360040,1,5,-0.26709314789731103,3
360041,1,5,0.505237790178948,5
360044,1,4,-0.08722132877951236,2
360046,1,5,0.11210766552816606,4
360048,1,5,-0.10511107500247066,3
360051,1,5,-0.08600398567547896,3
360054,1,5,0.3108156018270951,4
360055,1,5,-0.5327511110705381,2
360056,1,5,-0.2004538035990076,3
360058,1,4,0.4564296883412938,4
360059,1,5,-0.14999293311352802,3
360064,1,5,-0.35707288058361614,2
360065,1,5,0.11956911912333126,4
360066,1,5,0.10313345760748054,4
360068,1,5,0.18566323441358487,4
360070,1,5,-0.40156116755620275,2
360071,1,4,0.9899989746352282,5
360072,1,5,-0.7698069117911734,1
360075,1,5,0.004117267726171436,3
360076,1,5,0.11223169677695591,4
360077,1,5,0.47160054547551467,5
360078,1,5,0.3296366421983076,4
360079,1,5,0.12048652664621598,4
36007F,1,4,0.028647032640131326,3
360080,0,3,-0.0799751405714211,NA
360082,1,5,0.0943688244609695,4
360084,1,5,0.13666152818635238,4
360085,1,5,0.06247995145599941,4
360086,1,5,-0.20483820000782868,3
360087,1,4,-0.004247031887985489,3
360089,1,5,0.4249827877236822,5
36008F,1,3,0.23514764535872534,4
360090,1,5,-0.3879375743661548,2
360091,1,5,0.6473833510213225,5
360092,1,5,0.48743104598197035,5
360095,1,5,0.05141614837287519,4
360096,1,5,0.43083595287579163,5
360098,1,5,-0.09832909128339024,3
360107,1,4,-0.1468276039224034,2
360109,0,3,0.655754845589289,NA
360112,1,5,-0.2093026099172285,3
360118,1,5,-0.23803398633482625,3
360121,1,4,0.05699701170194141,3
360123,1,5,0.4671044230554746,5
360125,1,5,0.028348549936641168,3
360131,1,4,0.4233729613438445,4
360132,1,5,0.18621809890753524,4
360133,1,5,-0.06691207500726193,3
360134,1,5,0.23885376301887445,4
360137,1,5,-0.15397575977733258,3
360143,1,5,0.49990506986905625,5
360144,1,5,0.15663626291692223,4
360145,1,5,0.34398232652985256,4
360147,1,5,0.0833104384344091,4
360148,0,3,-0.1247488193155742,NA
360150,1,5,0.270285923559123,4
360152,1,5,-0.025565621144397664,3
360155,1,5,0.3288985290122343,4
360156,1,4,0.1026214176253834,3
360159,1,5,-0.1868449160452715,3
360161,1,5,-0.15772011500418212,3
360163,1,5,0.5525287549015536,5
360170,1,5,-0.32502407937596195,2
360172,1,5,-0.13042664585686328,3
360174,1,5,-0.16030232670440778,3
360175,1,4,-0.3411782178304416,2
360179,1,5,-0.20114041894258083,3
360180,1,5,0.6876283018623099,5
360185,1,5,-0.16131789300332305,3
360189,0,3,0.34004268731677395,NA
360197,1,4,0.550324241394617,4
360203,1,5,-0.20065625636589612,3
360210,1,5,0.09302535664428856,4
360211,1,5,-0.5608826986243259,2
360218,1,5,-0.24314628750681763,3
360230,1,5,0.3551723443148605,4
360234,1,5,0.29086606934439446,4
360236,1,5,0.14390022816660403,4
360239,1,5,-0.1481251019935546,3
360245,0,0,0.19532171198727766,NA
360259,1,5,0.030033415055415624,3
360263,0,2,0.8793581722529737,NA
360266,0,3,1.157957709841861,NA
360270,1,4,0.3601451941177392,4
360276,1,5,-0.058071831565789454,3
360348,1,5,-0.2663547498575068,3
360351,1,4,1.5384854440286635,5
360352,1,4,0.9449012062916722,5
360354,1,5,0.11030977782212747,4
360355,0,2,0.6062216973565957,NA
360358,0,1,1.1580892352982772,NA
360359,1,5,0.19613390475673925,4
360360,1,5,0.027613540205777713,3
360361,0,2,-0.5814223293861431,NA
360364,1,5,1.0941169991519297,5
360365,1,5,0.08039595890452716,4
360367,0,2,0.6322384888014636,NA
360368,1,4,0.6221062391842868,4
361300,0,2,0.2866700801069011,NA
361301,0,2,-0.059016272046830534,NA
361302,0,1,-2.7561324440318105,NA
361303,0,1,1.2785358218952247,NA
361304,0,1,-0.004336751596791033,NA
361306,0,3,0.9702636997502141,NA
361307,1,4,0.35944609515722425,4
361308,0,1,0.37931461582773646,NA
361309,0,3,0.15809815089754795,NA
361310,0,2,-0.022783433992533186,NA
361311,0,0,0.9316854889658711,NA
361312,1,3,0.9212289952642144,5
361313,0,0,1.1208189613186927,NA
361314,0,3,0.5812501738410533,NA
361315,1,3,-0.20390189415227422,3
361316,0,3,-0.21175363371190226,NA
361318,0,2,0.17880967717079793,NA
361319,0,3,0.6865862053578055,NA
361320,0,2,-0.7014453581315525,NA
361321,0,0,0.07402242323020175,NA
361322,0,2,-0.03960978300807819,NA
361323,0,3,0.5378717324020138,NA
361324,0,2,-0.8688227059498186,NA
361325,1,4,0.1556665609632558,3
361326,1,3,-1.153244116719566,2
361327,0,0,0.9631495913860506,NA
361328,0,3,0.5700699017871264,NA
361329,0,2,0.5954190856456765,NA
361330,0,0,0.8079882944673149,NA
361331,0,2,-1.3379029475323323,NA
361332,1,4,-0.3276691876331694,2
361333,0,3,-0.074526315000957,NA
361334,0,2,-0.3908815175052848,NA
370001,1,5,-0.44287347775845154,2
370002,1,4,-0.28776572884615964,2
370004,0,3,-0.585570371844024,NA
370006,1,5,0.16411491339723547,4
370008,1,5,-0.17540084815789722,3
370013,1,5,0.2127674904020941,4
370014,1,5,-0.9298127634324582,1
370015,0,2,0.5544143489080496,NA
370016,1,5,0.13251286379289676,4
370018,1,5,0.22010304575289397,4
370019,1,4,-0.3115439341318845,2
370020,1,5,0.48117769631186286,5
370022,1,5,-0.025266216077642296,3
370023,1,5,0.03810773711701778,3
370025,1,5,0.1008696397581438,4
370026,1,5,0.12121962083650947,4
370028,1,5,-0.37001614996287613,2
370030,0,1,-0.5440124706575755,NA
370034,1,5,-0.208405155508687,3
370037,1,5,-0.5056951346377483,2
370039,1,5,-0.2766689847162629,2
370041,0,3,1.0338342335553279,NA
370047,1,5,0.06469299787957548,4
370049,1,5,0.2862043424982936,4
370054,1,4,0.18983203814609495,3
370056,1,5,-1.1714252070247388,1
370057,0,2,-0.17522103618782864,NA
370078,1,5,-0.35230346246644173,2
370083,0,2,-0.4361547976089122,NA
370089,1,5,-0.5270087055645144,2
370091,1,5,0.13756813481310604,4
370093,1,5,-0.816039213717603,1
370094,1,5,-0.6547929448274957,1
370097,1,5,0.032387121009099906,3
370099,0,2,0.046528033394169666,NA
370100,1,3,-0.9247224330908297,2
370106,1,5,0.042898620030297936,3
370112,0,2,0.20507702431033162,NA
370113,1,4,0.42996724543708675,4
370114,1,5,-0.4248802595329495,2
37012F,1,5,0.9234617644461334,5
370139,0,2,-0.30407846211465883,NA
370149,1,5,0.008525667570817179,3
37014F,1,5,0.18428957756396097,4
370153,0,2,-0.26938193015800127,NA
370158,0,2,0.8066959360996632,NA
370166,0,2,0.38612369372855965,NA
370170,0,0,0.2425983935685655,NA
370171,1,4,0.15587394310477087,3
370172,0,2,0.3606347605868564,NA
370173,0,2,0.982342611951018,NA
370178,1,3,0.7633929735168357,5
370180,1,4,0.7198141303883152,5
370183,0,2,-0.3580594454539181,NA
370192,0,0,0.7153710123214096,NA
370199,0,2,0.5319045572875374,NA
370201,0,2,0.47633418287335816,NA
370202,1,5,0.29227520110022853,4
370203,1,4,0.8303975439201272,5
370206,0,2,1.4161493445222217,NA
370210,1,4,0.8589367283946556,5
370211,1,5,-0.09848248925022522,3
370212,0,2,0.11072422341570343,NA
370214,0,0,-0.8607503457426195,NA
370215,1,5,0.2746532406699246,4
370216,0,3,0.8465038931406885,NA
370218,1,5,0.36692405151279683,4
370220,0,3,-0.6458601526487936,NA
370222,0,3,1.5425907485340247,NA
370225,0,2,1.0062347725688094,NA
370227,0,3,-0.09153055651830103,NA
370228,0,3,0.2777433821432543,NA
370234,1,4,1.1320792901669667,5
370235,1,4,0.8136739203710681,5
370236,1,5,0.1309343418521856,4
370237,1,4,0.5190089115577489,4
370240,0,1,0.42869386369017237,NA
370243,0,0,-1.723042449777007,NA
371300,0,2,0.42891723706124113,NA
371301,0,1,0.6835317069934091,NA
371302,0,1,0.12928511166968054,NA
371303,0,0,0.926843965109749,NA
371304,0,1,1.4129375557489914,NA
371305,0,0,1.0554705517521377,NA
371306,0,1,0.4591123792094879,NA
371307,0,0,0.9939598840546955,NA
371309,0,1,-0.45844291863386677,NA
371310,0,1,1.268555335999533,NA
371311,0,1,1.127141604358855,NA
371312,0,1,-0.6135956366368871,NA
371313,0,1,0.5887375305194823,NA
371314,0,0,0.7432495321535544,NA
371316,0,0,1.596041610390995,NA
371317,0,1,-0.8138177320701512,NA
371318,0,0,0.3094449879821588,NA
371319,0,2,1.1757638261149166,NA
371320,0,1,-0.7072463363292694,NA
371321,0,1,0.7981029004659655,NA
371322,0,1,-0.12816713392715678,NA
371323,0,2,-0.7484449889872974,NA
371324,0,1,0.15380183386509325,NA
371325,0,1,0.6556300774034949,NA
371326,0,1,-1.7171551177276687,NA
371327,0,1,0.131106548305372,NA
371328,0,2,-0.6744091545391182,NA
371329,0,1,0.7628818461148938,NA
371330,0,1,0.27000698859066996,NA
371331,0,0,0.7740323227427055,NA
371332,0,1,-0.7565768750119677,NA
371333,0,0,1.3455752314552925,NA
371334,0,1,0.36112368014117385,NA
371335,0,0,0.09774641594369382,NA
371336,0,1,-0.4068611301079768,NA
371337,0,1,0.03934452335800834,NA
371338,0,1,0.7625154707033053,NA
371340,0,2,-0.7634016132134467,NA
371341,0,2,-0.6983166852243369,NA
371342,1,3,-0.886773235217388,2
380001,1,4,-0.31873649475365845,2
380002,1,5,0.5614118872011944,5
380004,1,5,0.2810140315045204,4
380005,0,3,0.7226626700685794,NA
380007,1,5,-0.23706695446144255,3
380009,1,5,0.1549369430591434,4
380014,1,5,-0.3538409508323186,2
380017,1,5,0.48754410492684763,5
380018,1,5,0.6304642399403165,5
380020,1,5,0.21466229641753967,4
380021,1,5,-0.016723180323121603,3
380022,1,5,-0.08919710019130306,3
380025,1,5,0.06135990549503915,4
380027,1,5,0.25577392964515283,4
380029,1,4,0.368073074344313,4
380033,0,2,0.7802557907461254,NA
380037,1,4,0.16990058235852434,3
380038,1,5,0.12004585288057805,4
38003F,1,5,0.7527858518342984,5
380047,1,5,0.20298641305402765,4
38004F,0,1,-1.6334793036798108,NA
380050,1,5,0.06463562362131062,4
380051,1,5,0.05368829560948375,4
380052,1,4,0.14066678811460256,3
380056,1,4,0.1007112491708142,3
380060,1,5,-0.30246024886660805,2
380061,1,5,3.842540229134772e-05,3
380071,1,5,-0.2533049406880532,3
380075,1,5,0.006296347308222594,3
380082,1,5,0.15293663778801908,4
380089,1,5,-0.40778840455580617,2
380090,1,5,-0.37994850234884486,2
380091,1,4,0.17980326986439218,3
380102,1,5,0.3907751014008308,4
380103,1,3,0.8612186911384319,5
381301,0,1,1.014718057508407,NA
381302,1,4,0.4345732975889751,4
381303,0,3,-0.17374196120045776,NA
381304,0,2,0.14771530379755538,NA
381305,0,1,-0.7290271914728209,NA
381306,0,2,0.7961898846062718,NA
381307,0,2,0.2641860791093834,NA
381308,0,1,0.11177926512840414,NA
381309,0,1,-1.4348353059658863,NA
381310,0,0,2.9494616149570376,NA
381311,0,0,-0.3097162435054154,NA
381312,0,2,-0.05619590404836186,NA
381313,0,3,0.2898773692281905,NA
381314,1,4,-0.5779108015190931,1
381315,1,3,-0.9329927372615636,2
381316,0,3,0.38087132361027964,NA
381317,1,4,0.2199662481171695,3
381318,1,4,0.6305107734664789,4
381319,1,4,0.22987025942886707,3
381320,0,2,-0.5203748940962977,NA
381321,1,5,0.2371119056625254,4
381322,0,3,0.09177229342311755,NA
381323,1,4,-0.18044236801614577,2
381324,0,1,-0.4257332412835894,NA
381325,1,5,-0.07967522512634648,3
390001,1,5,0.2288815658850159,4
390002,1,5,-0.10908304996087911,3
390003,0,3,0.5750256873007753,NA
390004,1,5,-0.34046215044591743,2
390006,1,5,0.27202202346154764,4
390009,1,5,-0.13277020210922288,3
390012,1,5,-0.7039965156382479,1
390013,1,5,0.39621460811519166,4
390016,1,5,-0.002016899518864683,3
39001F,1,4,0.03576981940747665,3
390025,0,0,1.4660800548775756,NA
390026,1,5,-0.5665654192495754,2
390027,1,5,0.038271459321205153,3
390028,1,5,-0.1852916231761172,3
390030,1,5,-0.09852850518584857,3
390032,1,5,-0.09825622389454121,3
390035,1,5,0.43481011618325804,5
390036,1,5,-0.05110534408243758,3
390037,1,5,0.2216906196263916,4
390039,1,5,0.30261856317266933,4
390041,1,5,-0.8557124488923578,1
390042,1,5,0.060309503566923855,4
390044,1,5,0.039719937568137034,3
390045,1,5,-0.04654979548181898,3
390046,1,5,0.22175354725739174,4
390048,1,5,0.4513315546240946,5
390049,1,5,0.4770607221918608,5
39004F,0,0,-0.4552994626326724,NA
390050,1,5,-0.20234614828869046,3
390056,1,5,-0.0889367350375822,3
390057,1,5,0.49790005762534084,5
390058,1,5,0.14398031016285562,4
39005F,0,1,0.32881100723048895,NA
390062,1,5,0.14531343474750075,4
390063,1,5,-0.06923818606814768,3
390065,1,5,0.4134598332677547,5
390066,1,5,0.49550988548233343,5
390067,1,5,0.5470421451304848,5
390068,1,5,0.17024731389716274,4
39006F,1,4,0.6761302241571553,5
390070,1,4,-0.046266251602426096,3
390071,0,3,0.030317897021974224,NA
390073,1,5,-0.38309463107070624,2
390079,1,5,-0.4613283163055061,2
390081,1,4,-0.04441307619272298,3
390086,1,5,-0.45906003647809146,2
390090,1,5,0.018728965905445292,3
390091,1,5,0.2971951139028096,4
390093,0,3,-0.1820632259007494,NA
390096,1,5,0.10782117367653399,4
390097,1,5,-0.006006206713757458,3
39009F,1,5,0.23439197736831097,4
390100,1,5,1.198110885383065,5
390101,1,5,0.17293299259063583,4
390102,1,5,0.3386601198412734,4
390104,0,2,-0.22025379723774002,NA
390107,1,5,0.37258669012110374,4
390110,1,5,-0.2335758225043785,3
390111,1,5,0.5699826561974921,5
390112,1,4,0.2739879857937961,4
390113,1,5,-0.08039989551556453,3
390114,1,4,0.21987414146925083,3
390115,1,5,-0.7834838127303264,1
390116,1,4,0.5444464533981336,4
390117,0,3,0.35776323824093426,NA
390119,1,5,-0.5445482219964376,2
390123,1,5,-0.26915677318662584,3
390125,1,5,0.0980694975116379,4
390127,1,5,-0.21996686262202855,3
39012F,1,5,-1.1970972008636795,1
390133,1,5,0.1258010181450026,4
390137,1,5,-0.8493101379156172,1
390138,1,4,0.36802143073502064,4
390139,1,5,0.5390668974555441,5
39013F,1,4,0.5825192996517137,4
390142,1,5,-0.1972187454417089,3
390145,1,5,-0.010239099119638037,3
390146,1,5,-0.4286167305193896,2
390147,1,5,-0.9087120801613451,1
390150,0,1,-0.08433047886085272,NA
390151,1,5,0.2781756685827744,4
390153,1,5,0.6538404485377648,5
390156,1,5,-0.30780658309542086,2
390157,1,4,-0.3540962374523574,2
390160,1,4,-0.2693701827564518,2
390162,1,4,0.7472621289369701,5
390163,1,4,-0.6122001742676473,1
390164,1,5,0.2330466889122671,4
390168,1,5,-0.41697487402954564,2
390173,1,5,-0.089783389602312,3
390174,1,5,0.12830658977786338,4
390178,1,5,0.369770413467128,4
390179,1,5,0.5610778161106758,5
390180,1,5,-0.3655573428903039,2
390183,1,4,0.6795575236102791,5
390184,0,1,0.3555490278104145,NA
390185,1,5,-0.1988683899079277,3
390195,1,5,0.24035680421458716,4
390198,1,3,-0.6477377396917514,2
390199,0,3,0.32651187230473466,NA
390201,1,5,-0.09869034838082001,3
390203,1,5,0.17729489389762867,4
390204,1,5,-0.7607065108512284,1
390211,1,5,-0.60324914582449,2
390217,0,3,0.37494390900466246,NA
390219,1,5,0.15236980975884284,4
390222,1,5,0.005081516859886448,3
390223,1,5,0.5200167696759517,5
390225,1,5,0.45938572540307443,5
390226,1,5,0.32009236681407666,4
390228,1,5,0.11643737308063604,4
390231,1,5,-0.604469344125919,2
390233,1,5,0.2961589162091975,4
390237,1,5,-0.4688394264961221,2
390256,1,5,0.04539866057638468,3
390258,1,5,-0.6031183106321851,2
390265,1,5,-0.4658613437404626,2
390266,1,4,0.20298963523625135,3
390267,1,5,-0.07382344505541524,3
390268,1,5,0.4305646887989488,5
390270,1,5,0.03852139550508785,3
390272,0,0,1.4110119356821635,NA
390278,0,0,1.2147575072496084,NA
390304,1,4,0.36819916062461067,4
390307,0,1,0.09083514029712166,NA
390316,0,3,0.5358647794877391,NA
390322,0,2,1.8863607106050322,NA
390323,0,2,0.14031169144929484,NA
390324,0,2,2.1103175480112157,NA
390325,0,3,1.7532483815714814,NA
390326,1,5,0.4968739328153725,5
390327,0,0,0.7703276409097967,NA
390328,1,5,0.07649223124566779,4
390329,1,5,0.15805939267473537,4
390330,1,5,0.42638633810906423,5
390331,0,0,0.7979204745395174,NA
390332,1,4,0.7371600797144572,5
390333,0,2,0.6179952158010055,NA
390334,1,4,0.8431748557012835,5
390335,1,4,0.40647493393781736,4
390336,0,2,0.005166381466426669,NA
390337,0,3,0.44245201530661493,NA
390338,0,1,0.43392800139548504,NA
390339,0,0,0.1728255021794043,NA
391300,0,3,-0.3682475272276876,NA
391301,0,3,-0.3269187860692145,NA
391302,0,1,0.8036293545071825,NA
391303,1,3,0.14817343600852628,4
391304,0,0,0.6186817002624998,NA
391305,0,3,0.15499586019550374,NA
391306,0,1,-0.3810919528545915,NA
391307,0,2,-0.0036650289652390977,NA
391308,0,1,0.09420580325425769,NA
391309,0,1,-0.6466417700850086,NA
391312,0,2,0.2781223295610623,NA
391313,1,4,-0.15672645716787253,2
391314,0,1,-0.5701687772797002,NA
391315,1,4,0.3992673986035402,4
391316,1,4,0.5252151616947861,4
391317,0,1,0.499621674157941,NA
400001,0,0,-0.2582202025082988,NA
400003,0,0,0.12076305614487137,NA
400004,0,0,-1.4219851265965142,NA
400005,0,0,-2.3165614002423913,NA
400006,0,1,-0.8138139061477034,NA
400007,0,0,-1.0836200273629775,NA
400011,0,0,-0.7340628833745205,NA
400012,0,0,-0.9477693682543685,NA
400013,0,0,-0.6933920491192301,NA
400014,0,2,-0.1738589296729415,NA
400015,0,0,-0.3066499136148246,NA
400016,1,3,-0.016304981626671988,3
400018,0,0,-2.0163017926536084,NA
400019,0,1,-0.5515722200434556,NA
400021,1,3,-0.8626133406767554,2
400022,1,3,-1.1077494197480384,2
400032,0,1,-3.632514078890309,NA
40003F,1,5,-1.0502479573686456,1
400044,0,0,-0.01834193695635905,NA
400048,0,1,-3.2089129666336835,NA
400061,0,0,-2.525242606553587,NA
400079,0,0,-0.7340628833745205,NA
400087,0,1,-2.248502412672752,NA
400098,0,0,-0.3783654104678068,NA
400102,0,1,-3.779409524683521,NA
400103,0,2,-2.1315855622488318,NA
400104,0,0,-0.832172111085593,NA
400105,0,0,0.12076305614487137,NA
400106,0,0,-5.343136366711864,NA
400109,1,3,-1.8347449788319088,1
400110,0,0,0.310078656935911,NA
400111,0,0,-0.09294342873497659,NA
400112,0,0,-3.91894976026711,NA
400113,0,0,-0.5203563984946784,NA
400114,1,3,-1.365618744285612,2
400115,0,0,-2.4143215212687243,NA
400117,0,0,-3.399407182772589,NA
400118,1,3,-0.7834416915689736,2
400120,0,1,-4.779502689067462,NA
400123,0,0,-0.7340628833745205,NA
400124,0,0,-0.11533166134596577,NA
400125,0,0,-0.9360292374693873,NA
400126,0,0,-0.3066499136148246,NA
400127,0,0,-3.4571827273206557,NA
400128,0,0,-0.9626148051704951,NA
400132,0,1,-1.0464925387663744,NA
410004,1,5,0.10756490126768735,4
410005,1,5,-0.08032782194771448,3
410006,1,5,0.16506853074991318,4
410007,1,5,0.013259543057931478,3
410008,1,5,0.463888022990444,5
410009,1,5,-0.17687149134507266,3
410010,1,4,0.24822493801400525,3
410011,1,5,-0.09987853695900532,3
410012,1,5,0.4363704310482606,5
410013,1,5,0.5336887538954865,5
41005F,1,5,-0.7801165595464589,1
420002,1,5,-0.5487018616091737,2
420004,1,5,-0.3903877521139979,2
420005,1,5,-0.12571379275806346,3
420007,1,5,-0.3482768300961052,2
420009,1,5,-0.011514004648009609,3
420010,1,4,0.04815277712463992,3
420011,0,2,0.4512625138054336,NA
420015,1,5,-0.2272728693833,3
420018,1,5,-0.07234284364639296,3
420019,0,2,-0.5307309354673932,NA
420020,1,4,-0.36194843345322336,2
420023,1,5,-0.12123915133566453,3
420026,1,5,0.09121446999403128,4
420027,1,5,-0.07941909737792911,3
420030,1,5,-0.10006413784475857,3
420033,1,5,0.22281196399446712,4
420036,1,5,-0.17585729580733472,3
420037,1,5,0.005515002353995685,3
420038,1,4,0.13698426579103867,3
420043,1,3,-0.6206655580802726,2
420048,1,5,0.031056135510153043,3
420049,1,5,0.038016592709574075,3
420051,1,5,-0.37370445696565124,2
420053,1,4,0.3978809269665131,4
420055,1,4,-0.39687811834619735,2
420065,1,5,0.45361319816474105,5
420067,1,5,0.12271614375033568,4
420070,1,5,-0.40275785199271924,2
420071,1,5,-0.29134259289335285,2
420072,0,2,-0.17392842793654237,NA
420073,1,5,-0.07236800282379209,3
420078,1,5,0.013066923293614039,3
420079,1,5,0.04214905648577109,3
420080,1,5,0.07688983217851417,4
420082,1,5,-0.5312793997820663,2
420085,1,5,-0.06243468417759859,3
420086,1,5,0.3161288560450421,4
420087,1,5,0.30926988378823306,4
420089,1,5,0.6842304818611097,5
420091,1,5,-0.2414816113226103,3
420098,1,5,0.013041120140647296,3
420101,1,4,-0.29152246506201146,2
420102,1,4,0.9123675991089009,5
420103,1,5,0.3960373817039764,4
420104,1,5,0.4660965390484199,5
420105,1,5,-0.10431843629945294,3
420106,1,5,0.5923585042362526,5
420107,1,5,0.17434509239602397,4
420108,0,1,0.3386108145115577,NA
420109,1,4,0.3258460231645968,4
420110,1,4,0.3247550292017599,4
42011F,1,5,0.20831309001312392,4
42029F,1,5,0.3905060615806815,4
421300,0,0,-0.09294342873497659,NA
421301,0,2,-0.49067268613715725,NA
421304,0,1,0.08108521129391782,NA
430005,1,5,0.44437210685752704,5
430008,1,4,0.1669639879747431,3
430012,1,5,0.6463908150223794,5
430014,1,5,0.6940816949553689,5
430015,1,5,0.15413809733060516,4
430016,1,5,0.15975942816442995,4
430027,1,5,0.3730430566446748,4
43002F,1,4,0.12341181976770979,3
43003F,0,0,-0.3066499136148246,NA
430048,1,4,0.7975040062838782,5
43005F,1,5,0.9155580577638942,5
430077,1,5,0.01875751332398598,3
430084,0,1,-0.6019419948057497,NA
430089,0,3,0.5409833542941592,NA
430090,0,3,1.0579826530974266,NA
430091,0,3,2.080378069159446,NA
430093,0,0,0.6352942036215713,NA
430095,1,4,0.7979650742729042,5
430097,1,4,0.4676479020921777,4
430098,0,1,0.5177639894386475,NA
431300,0,2,0.2790588430591186,NA
431301,0,0,1.3398853969974043,NA
431302,0,1,0.7286377748675015,NA
431305,0,0,0.9711986176837178,NA
431306,0,2,0.4825222696481742,NA
431307,0,0,1.0335329288729913,NA
431308,0,1,0.7692115947518515,NA
431309,0,0,-0.6447914082570941,NA
431310,0,1,0.4821184941839713,NA
431311,0,0,0.1486305307029121,NA
431312,0,1,0.12785509074653173,NA
431313,0,1,0.21606217139117032,NA
431314,0,0,1.1945717912169236,NA
431315,0,1,-1.9294680305613074,NA
431316,0,1,-0.10725021731048023,NA
431317,0,1,1.8271291717963098,NA
431318,0,0,1.861140971373726,NA
431319,0,1,-0.11902571107724952,NA
431320,0,1,0.8193400067393918,NA
431321,0,1,0.5096655357766613,NA
431322,0,1,0.49796531514541337,NA
431323,0,1,0.12942881407317147,NA
431324,0,1,0.8176491448545844,NA
431325,0,1,-0.358792913188265,NA
431326,0,0,0.5351477126494355,NA
431327,0,1,0.973578863640993,NA
431328,0,0,1.7212056384353096,NA
431329,0,1,-1.216644337963651,NA
431330,0,1,-1.9107144552749329,NA
431331,0,1,1.0801704128751188,NA
431332,0,1,1.7371697984115364,NA
431333,0,1,1.9011981558967306,NA
431334,0,2,-0.008989651972737926,NA
431335,0,3,-0.9981966598224934,NA
431336,0,1,0.7754012565245131,NA
431337,0,2,1.2033634958081334,NA
431338,0,2,0.29983887608383963,NA
431339,0,2,0.7794693743188842,NA
431340,0,1,1.662027667863584,NA
431383,0,0,0.20140526077468,NA
440001,0,1,-0.9761045685074374,NA
440002,1,5,-0.18344143367056642,3
440003,1,5,-0.677042523817686,1
440006,1,5,-0.6843906982538398,1
440007,0,3,0.3418038863886789,NA
440008,0,2,-0.21397346589305044,NA
440009,1,5,0.2550992591705512,4
440010,0,2,-0.46631450764082866,NA
440011,1,5,0.1821862806283132,4
440012,1,5,-0.9943026477379605,1
440015,1,5,-0.042988538832543326,3
440016,1,4,0.31451327276920193,4
440017,1,5,-0.1306459433554882,3
440018,1,5,-0.4102493075056633,2
440020,1,4,-0.10637439865710968,2
440029,1,5,0.2508595487774054,4
440030,1,5,-0.14156742643487216,3
440031,1,5,0.41190771777313284,5
440032,0,1,0.4556634314358898,NA
440033,1,5,-0.3374429914738179,2
440034,1,5,0.11037471398925151,4
440035,1,5,-0.9821774290924105,1
440039,1,5,0.19074247136476163,4
440046,1,5,0.057769177324162334,4
440048,1,5,-0.23899622064245002,3
440049,1,5,0.29820016067848787,4
440050,1,5,-0.629866455978787,2
440053,1,5,-0.4315278641215854,2
440056,1,5,-0.3296609854671935,2
440057,0,3,-0.10061103772305276,NA
440058,1,5,-0.3526708562986385,2
440059,1,5,-0.6536261312598559,1
440060,0,2,0.27663601202534654,NA
440061,1,3,0.23844462494204072,4
440063,1,5,-1.0673211711877466,1
440065,1,5,-0.5457967271943202,2
440068,1,5,0.1093211782477023,4
440072,1,5,-0.06220537384798973,3
440073,1,5,-0.192488933005375,3
440081,1,5,0.39416493607926084,4
440082,1,5,0.03812925289520551,3
440084,1,5,-1.1276337279439457,1
440091,1,5,0.47377200021629096,5
440102,1,3,-0.4298383608802149,3
440104,1,5,-0.41223355937855394,2
440109,0,3,-0.7908002146454712,NA
440110,1,5,0.49199004543147623,5
440111,0,2,-0.21637736867859625,NA
440120,1,5,-0.2759255797207283,2
440125,1,5,0.027833405126157937,3
440130,1,5,0.3715227573610166,4
440131,1,4,0.6122517579715839,4
440132,1,5,0.1760984210904104,4
440137,1,4,0.5372862603229794,4
44013F,1,5,-0.30674744144825866,2
440144,1,5,-0.018607735074449384,3
440148,0,3,0.42407242855839516,NA
440150,1,5,-0.3552047760960539,2
440151,1,4,0.7370240742981071,5
440152,1,4,-0.6154846903716351,1
440153,1,4,-0.03688134497567541,3
440156,1,5,0.05375102756388102,4
440159,0,0,-2.9405304348713375,NA
440161,1,5,0.3681425031077459,4
44016F,1,5,0.08339433437568435,4
440173,1,5,-0.1959805925768914,3
440175,1,4,0.4309075385171516,4
440176,1,4,0.10068119575456559,3
44017F,0,2,1.9065928750600807,NA
440183,1,5,-0.5275407249333258,2
440184,1,5,0.20959939752952864,4
440185,1,5,-0.5844969764157337,2
440187,1,5,-0.41351543221853676,2
44018F,1,5,-0.10817254334878607,3
440192,0,3,0.25270437314237854,NA
440193,1,5,-0.04639707450353539,3
440194,1,5,0.21986608361984256,4
440197,1,5,-0.0021207126869180054,3
440200,0,1,-0.09715188509684625,NA
440218,0,2,0.7965040444556335,NA
440227,1,5,-0.020707438803336732,3
440228,1,5,-0.32800033370963394,2
440231,0,0,-3.411441660745522,NA
441300,0,1,1.0505080882068698,NA
441301,0,1,-0.5464243607287907,NA
441303,0,1,-1.45169757831777,NA
441304,0,1,0.6416068850782469,NA
441305,1,4,0.34781318166399744,4
441306,0,1,-0.20049743946779636,NA
441307,1,4,0.819885022137122,5
441309,0,2,0.33166660284910376,NA
441310,0,2,-0.9156207195627432,NA
441311,0,1,-0.6360526351919737,NA
441313,0,1,1.2702604005270524,NA
441314,0,1,0.11242861791113717,NA
441316,0,1,0.7541472414677903,NA
441320,0,1,0.18767931704077806,NA
441322,0,1,-0.48703277432708336,NA
441323,0,0,1.5470130132420443,NA
450002,1,5,-0.6373557447908073,2
450007,1,5,0.25472848195692616,4
450010,1,5,0.04733406540610596,3
450011,1,5,0.12974282355927982,4
450015,1,5,-0.6024332150676911,2
450018,1,5,-0.12238381769486609,3
450021,1,5,0.3166391670999722,4
450023,1,5,0.2846577095538977,4
450024,1,5,-0.3999747812228161,2
450028,1,5,-0.03834656896392031,3
450029,1,5,-0.5371713962904536,2
450032,1,5,-0.1113830995703407,3
450033,1,5,-0.3281156146146552,2
450034,1,5,-0.08074307016291674,3
450035,1,4,-0.11495544917398366,2
450039,1,5,0.018144306662643054,3
450040,1,5,-0.224473540536276,3
450042,1,5,-0.2967432839362258,2
450044,1,5,0.4537201415329553,5
450046,1,5,-0.2598935801093651,3
450051,1,5,-0.10106934046151893,3
450054,1,5,0.40838341743977613,5
450055,0,3,0.43678404971011847,NA
450056,1,5,0.3317386084349448,4
450058,1,5,0.05679463121450096,4
450064,1,5,-0.281426579637881,2
450068,1,5,-0.11802684728534595,3
450072,1,5,0.2874930524816649,4
450079,1,5,0.5874539344353252,5
450080,1,5,-0.4156852905316673,2
450082,0,3,0.41805363915874294,NA
450083,1,5,-0.7260944432775991,1
450085,0,2,0.22833916756446307,NA
450087,1,5,-0.38501936439433243,2
450090,1,5,0.6955925178338647,5
450092,1,4,0.14658010733991125,3
450097,1,5,0.07831891246305579,4
450101,1,5,0.1902136132793944,4
450102,1,5,0.013119279500889473,3
450104,1,5,-0.18029448290621317,3
450107,1,5,-0.5228121997435432,2
450108,0,3,-0.16864557480815623,NA
450119,1,5,-0.0050448158760997425,3
450124,1,5,-0.2442339501036696,3
450128,1,5,0.13493890405613987,4
450132,1,5,-0.2639732555449345,3
450133,1,5,-0.5794934336789935,2
450135,1,5,-0.16013175748605646,3
450137,1,5,0.3084288850438887,4
450143,0,1,-0.3020378449452394,NA
450144,0,2,-0.26465181487079037,NA
450147,1,5,0.04820010542756889,4
450148,1,5,0.5073831070973192,5
450152,1,5,0.23499030237248028,4
450154,0,3,-0.5991434103132163,NA
450155,0,1,-0.4511777214752019,NA
450162,1,3,-0.19834420668660885,3
450163,1,4,-0.013205481371263983,3
450165,0,3,0.8880740258133513,NA
450176,1,5,0.13733155973308905,4
450184,1,5,-0.27147649372537996,3
450193,1,5,0.1417858289755099,4
450194,0,3,0.16473664105212482,NA
450196,1,5,-0.5979619977877285,2
450200,1,5,-0.10745602306537586,3
450203,1,5,-0.12586669036896747,3
450209,1,5,0.003248717131323294,3
450210,0,2,-0.05339391977109073,NA
450211,1,5,-0.1974843934884106,3
450213,1,5,-0.1645305402992172,3
450222,1,5,-0.3687892716862647,2
450229,1,5,-0.17735429842251785,3
450231,1,5,-0.3244583019879258,2
450235,0,2,-0.19758094049783137,NA
450236,1,5,0.1699221802025808,4
450237,1,5,0.05418767513670154,4
450241,0,1,-0.14536516399844063,NA
450253,0,2,0.1507229954577619,NA
450271,1,5,-0.37136908288524334,2
450272,1,4,-0.15510475737781737,2
450289,1,4,-0.0762257778978371,3
450292,0,3,0.3094033153427962,NA
450324,1,5,-0.23002864643999132,3
450330,1,5,-0.6251283632812265,2
450346,1,5,-0.30475954197059957,2
450347,1,5,-0.12799151796710928,3
450351,1,4,0.2757181498534465,4
450352,1,5,-0.10600197688948448,3
450358,1,5,0.7508858905222925,5
450369,0,2,-0.31223253068211365,NA
450370,0,3,-0.16407228465012103,NA
450372,1,5,0.5576102344359186,5
450379,0,3,0.12117669682304409,NA
450388,1,5,0.05085666132507785,4
450389,1,5,-0.3792301985819539,2
450395,1,4,0.4199004472889204,4
450399,0,1,-0.17144746594380111,NA
450400,0,2,-0.48294547716171204,NA
450403,1,5,0.023545616016958988,3
450411,1,3,-0.045342249099291576,3
450419,0,3,0.5014349129528068,NA
450422,0,2,0.28377134141895033,NA
450424,1,5,0.6987716775118351,5
450431,1,5,0.7875253135473702,5
450447,1,5,0.11874821236357141,4
450451,0,2,0.037177176663540444,NA
450460,0,1,-0.398458099737946,NA
450462,1,5,0.15106292828701515,4
450465,1,4,-0.13581516751487804,2
450469,1,5,-0.06392605163475254,3
450475,0,3,0.21895812035939285,NA
450484,1,5,0.07340455122983686,4
450489,0,1,-0.012885266932516626,NA
450498,0,1,-0.6159600856166041,NA
450508,1,5,-0.8086802564591835,1
450518,1,5,-0.2613220360601194,3
450537,1,5,-0.042650288477541196,3
450539,1,4,0.08508529920438777,3
450563,1,5,0.3678638067646536,4
450565,1,4,-0.49120765446697046,2
450571,1,5,-0.34806233294839756,2
450573,0,2,0.2492831959854417,NA
450578,0,1,0.5754214691831906,NA
450584,0,3,0.370696328984376,NA
450587,1,5,-0.6904475200294311,1
450596,1,5,0.04771045181872857,4
450597,0,2,0.006929188750163018,NA
450604,1,4,0.7666799544497662,5
45060F,1,4,0.4066884327115979,4
450610,1,5,-0.08036557854135437,3
450617,1,5,-0.12306491408757365,3
450634,1,5,0.1537250258935736,4
450638,1,5,-0.23284635393533298,3
450639,1,5,-0.1703950536486607,3
450641,0,2,-0.5759364766410926,NA
450643,1,5,0.18733222587615375,4
450644,1,5,-0.6262434223990707,2
450647,1,5,-0.03954445657657077,3
450651,1,5,-0.06192752003261056,3
450653,0,2,-0.5536341129789325,NA
450654,0,2,-0.7514933946481595,NA
450656,1,5,-0.3359665092205015,2
450658,0,2,-1.2690394184755287,NA
450659,1,5,0.1717709618029845,4
450661,1,5,-0.30575860616099626,2
450662,1,5,-0.4947001867142553,2
450668,1,5,-0.42202619620529613,2
450669,1,5,0.22172223579102124,4
45066F,1,5,-0.20052723858520038,3
450670,1,5,-0.4841779204250525,2
450672,1,5,-0.2983018463252515,2
450674,1,3,-0.28479459924360767,3
450675,1,5,-0.5466541021021237,2
450677,1,5,0.042881444087696424,3
450678,1,5,-0.9387959833533639,1
450684,1,5,-0.29764457201008343,2
450686,1,5,-0.29018634025817225,2
450688,1,5,0.15704289282733966,4
450690,1,4,0.46242400833824343,4
450694,0,3,-0.03310638574607275,NA
450698,0,1,-0.04849414726921452,NA
450702,1,5,-0.3318100755149609,2
450709,1,5,0.8029745130801601,5
450711,1,5,-0.11567347460091848,3
450713,1,5,0.4235449118762395,5
450718,1,5,0.24905333537485227,4
450723,1,5,-0.03154456023060452,3
450730,1,5,-0.6348915341748325,2
450742,1,5,-0.14783190423873863,3
450743,1,5,0.15493362490829257,4
450747,1,5,-0.41805481520094606,2
45074F,1,5,-0.2760679359154253,2
450755,0,1,-0.17302399654135253,NA
450771,1,5,-0.1614433417292208,3
450774,0,3,0.19092425228633952,NA
450775,1,5,-0.12144639454623944,3
450779,1,5,0.4322675372480668,5
450788,1,5,0.027978209348376824,3
450801,1,5,0.2472230017845674,4
450804,0,3,1.8674636223852952,NA
450808,0,3,0.09971813769202237,NA
450809,1,5,0.11302989633597778,4
450820,1,5,0.38917506377535743,4
450822,1,5,-0.3201925936705098,2
450825,0,1,1.0150932813936893,NA
450827,0,3,1.177163033615277,NA
450828,1,4,0.6412048796216618,4
450831,0,1,-1.2303446398935893,NA
450833,0,2,0.18307755744264162,NA
450834,0,3,0.14076962724995223,NA
450840,1,5,0.09584036888539821,4
450844,1,5,0.43032855947790366,5
450847,1,5,0.05721304586133987,4
450848,1,5,-0.13534564012931075,3
450851,1,4,0.7072008397036196,5
450853,1,4,0.047255268289964236,3
450855,1,5,0.38448227959078324,4
450856,0,3,1.0201659752419399,NA
450860,0,2,0.2362005123412962,NA
450862,1,5,0.06110464894589103,4
450864,0,3,1.2305170617941963,NA
450865,0,3,0.4455494841065192,NA
450867,1,5,0.5571946120927956,5
450869,1,5,-0.06684001821586813,3
45086F,1,5,0.4332565482209393,5
450871,0,1,0.359056876729008,NA
450872,0,2,-0.32887055736723164,NA
450874,0,3,0.45396982137470543,NA
450875,0,3,1.2195091210737936,NA
450876,1,5,-0.740167023314266,1
450880,0,3,0.08462389699488376,NA
450883,0,2,0.2613316589695867,NA
450885,1,4,0.46254183801857485,4
450888,0,2,0.15457131387835604,NA
450889,0,2,1.2279484466279333,NA
450890,1,5,0.15464068027358263,4
450891,1,4,0.30448384125869465,4
450893,1,4,0.8073269053961147,5
45090F,1,5,0.03786120847963498,3
451300,0,1,-0.23001237447705541,NA
451301,0,0,0.0926946139604846,NA
451303,0,1,0.21022200017150877,NA
451304,0,0,2.3425705300560216,NA
451305,0,1,1.4264530249522769,NA
451306,0,0,0.7729032652511851,NA
451307,0,0,1.5110392898485556,NA
451308,0,0,-0.29236114053176365,NA
451310,0,0,0.7618825107844154,NA
451311,0,0,0.3721768792776598,NA
451312,0,0,-1.3506722521695518,NA
451313,0,0,1.8021179088361452,NA
451314,0,0,2.2751381872892424,NA
451315,0,0,0.6906344685371385,NA
451316,0,1,0.8566317963108943,NA
451317,0,0,1.1163848258544955,NA
451318,0,0,2.7808807580400887,NA
451319,0,2,0.33570845729653853,NA
451320,0,1,1.6814971716320868,NA
451322,0,1,0.7079801687457691,NA
451323,0,2,0.020507313784407594,NA
451324,0,0,1.3308311151887076,NA
451329,0,0,2.173989673139073,NA
451330,0,1,0.31505810213382884,NA
451331,0,0,0.48423061672239487,NA
451332,0,1,0.42985419033886474,NA
451333,0,1,-0.4285344757821778,NA
451334,0,0,-2.5802596085987752,NA
451337,0,0,0.12076305614487137,NA
451338,0,0,1.7287391341919722,NA
451340,0,0,1.01489418053421,NA
451341,0,0,-0.32185873956661704,NA
451342,0,1,1.139018730640929,NA
451343,0,2,0.1348884481394331,NA
451344,0,1,0.5253583341348287,NA
451346,0,2,0.026533882686137822,NA
451347,0,1,-0.6738842820321779,NA
451349,0,0,0.5833962806054728,NA
451350,0,0,0.46915410333781926,NA
451351,0,1,-0.040512027554774024,NA
451352,0,1,1.8049906603441253,NA
451353,0,0,1.4659500740878875,NA
451354,0,1,-1.8469160744157227,NA
451355,0,1,0.2758846082970216,NA
451356,0,2,-0.15125883441371832,NA
451359,0,1,0.5698196418109727,NA
451360,0,0,-0.5228190082355262,NA
451361,0,1,-0.383427872656436,NA
451362,0,0,0.9755889956642634,NA
451363,0,1,0.31564656314810124,NA
451364,0,1,-0.6799308672435296,NA
451365,0,2,0.4000616050799323,NA
451366,0,0,-2.047689837641002,NA
451367,1,3,-0.08678409058420128,3
451369,0,0,-0.6668856989603268,NA
451370,0,2,0.13004092206274287,NA
451371,0,2,1.2696624557343665,NA
451372,0,0,0.2044925951580321,NA
451373,0,1,-0.053269950909078004,NA
451374,0,0,0.14775352131910421,NA
451375,0,1,0.01451770759049878,NA
451376,0,1,-0.35121718017792036,NA
451377,0,0,-0.8099303954840081,NA
451378,0,2,-0.16480151350449843,NA
451379,0,2,-0.06171395487091477,NA
451380,1,4,1.128047351916526,5
451381,0,0,-1.2544560063190107,NA
451382,0,2,-0.7014794216163293,NA
451384,0,2,-0.4379093762502846,NA
451385,0,1,0.8132883541056899,NA
451386,0,2,-0.34089848548017915,NA
451387,0,3,0.18930043673420777,NA
451389,0,0,0.4787507855087868,NA
451390,0,0,0.4455326156249499,NA
451391,0,1,0.22119757056208894,NA
451392,0,2,-0.5902857184832099,NA
451394,0,0,0.07761527720120501,NA
451395,0,2,0.031964265551631135,NA
451396,0,1,1.4202279053738394,NA
451397,0,0,0.2009399856791003,NA
451398,0,1,-0.02569557923736583,NA
460001,1,5,0.5087497524508638,5
460003,1,4,-0.4414548628734239,2
460004,1,5,0.7405162013448399,5
460005,1,5,-0.06560063616189514,3
460006,1,4,0.7450188452805693,5
460007,1,4,0.5360725494077675,4
460009,1,5,0.6687545956838117,5
460010,1,5,0.808170980756801,5
460011,1,4,0.3608864925400638,4
460013,1,4,0.6389468445551095,4
460014,0,3,0.07975242794854984,NA
460015,1,5,0.7269102671059298,5
460017,0,3,0.3849661651822168,NA
460019,1,3,0.6249619305286935,5
460021,1,5,0.6699203208418197,5
460023,1,4,0.29841641219243786,4
460026,0,3,0.6126755584232881,NA
46002F,1,5,0.794868100521013,5
460030,0,3,0.29197160387012966,NA
460039,0,1,0.5275200673219624,NA
460041,1,5,0.2658601387710764,4
460042,1,5,0.9965115177323405,5
460043,0,1,0.9387234097268715,NA
460044,1,4,0.4604146129544301,4
460047,1,5,-0.10364527515381845,3
460049,0,3,1.0503379728070161,NA
460051,1,5,0.19796306157772964,4
460052,1,4,0.23892047810434536,3
460054,0,2,0.21280281511759852,NA
460057,1,4,0.8178755248447811,5
460058,1,4,0.6299353179297826,4
460060,1,4,0.9259509495004123,5
460061,0,3,0.6026552596181812,NA
460062,0,3,1.0726604687148298,NA
461300,0,1,0.725212608722524,NA
461301,0,1,0.21592637845685042,NA
461302,0,0,0.12076305614487137,NA
461303,0,2,0.06269386519781267,NA
461304,0,3,1.050863269928518,NA
461305,0,0,1.9042603020719542,NA
461306,0,2,-0.8177105933842028,NA
461307,0,3,1.1086050165497645,NA
461308,0,1,0.20712161778361282,NA
461309,0,1,-0.12446543263494769,NA
461310,0,1,0.1038698394860336,NA
461333,0,1,0.6138950513232178,NA
461335,0,1,0.24379397276182355,NA
470001,1,5,-0.09641907053273212,3
470003,1,5,0.12131790907032283,4
470005,1,5,-0.42574629923919044,2
470011,1,5,0.1796898476227487,4
470012,1,5,0.18202713469235826,4
47001F,1,5,0.4680952918970497,5
470024,1,5,-0.022395852822761977,3
471300,0,1,0.6053706167601345,NA
471301,1,4,0.184902658366345,3
471302,0,2,0.6333971455042895,NA
471303,1,4,-0.6072701214498821,1
471304,1,3,-0.1087864295148119,3
471305,1,4,-0.3278721008985563,2
471306,0,2,0.11539843409295351,NA
471307,1,4,-0.0839956924431347,2
480001,1,4,-0.8353600906096745,1
480002,0,2,-1.9353326789756347,NA
490002,1,4,0.36372037314040717,4
490004,1,5,0.08356889832595714,4
490005,1,5,0.15585497497051065,4
490007,1,5,-0.024624297182169172,3
490009,1,5,0.3266482379478026,4
490013,1,5,-0.35749558266174386,2
490017,1,5,-0.22437570647799177,3
490018,1,5,0.09308823206664228,4
490019,1,5,-0.6938752263534744,1
490020,1,5,-0.08082666001491769,3
490021,1,5,0.012926964957814736,3
490022,1,5,-0.5156267626237901,2
490023,1,5,-0.26433647825675466,3
490024,1,5,0.04123101914723737,3
490032,1,5,0.1978484614283171,4
490033,1,4,0.20658179260911988,3
490037,1,4,0.02408356671953757,3
490038,0,3,0.39827877737636597,NA
490040,1,5,0.3664457438716522,4
490041,1,5,-0.01626101245977149,3
490042,1,5,0.2668074039744336,4
490043,1,5,0.7024580621621743,5
490044,1,5,0.11629309442244301,4
490045,1,5,-0.07537541878356566,3
490046,1,5,0.26099022930176907,4
490048,1,5,-0.22406625101649968,3
490050,1,5,0.4210406969551813,5
490052,1,5,-0.2604588158724786,3
490053,1,5,-0.4561985905832618,2
490057,1,5,0.27532401860577443,4
490059,1,5,0.07627970005750877,4
490060,1,5,-0.11455098564923563,3
490063,1,5,0.5430904688726154,5
490066,1,5,0.2678526898627389,4
490067,1,5,-0.6196031406850792,2
490069,1,5,0.13309207767526393,4
49006F,1,4,0.5357976779368507,4
490075,1,5,-0.28618438327572127,2
490077,1,5,0.7531042996475528,5
490084,1,5,0.305330642150738,4
490088,1,4,0.4577281324676492,4
490089,1,4,0.16950751600677832,3
490090,1,5,0.21657615634075672,4
490092,1,4,-0.1664385553833277,2
490093,1,5,0.47135407031952903,5
490094,0,2,0.42783382552516996,NA
490097,0,2,-0.22629543809089336,NA
490098,1,5,-0.01692343119883809,3
490101,1,5,0.47747617577199286,5
490107,1,5,-0.02168956717294533,3
49010F,1,5,0.2116805755495502,4
490110,1,5,-0.025657717519143045,3
490111,1,5,-0.013901425688856448,3
490112,1,5,0.3537582547942692,4
490113,1,5,-0.3498976251600829,2
490114,1,4,0.5266593010055092,4
490115,1,4,-0.42335151421460404,2
490116,1,4,0.22848608106727036,3
490117,0,1,-0.7407335532776855,NA
490118,1,5,0.3133910142440638,4
490119,1,5,0.2842498306413222,4
49011F,1,5,0.7906313077636887,5
490120,1,5,-0.2294865273625005,3
490122,1,5,0.3828903036329272,4
490126,1,4,0.5996736020460699,4
490127,1,4,0.06882477639445456,3
490130,1,5,0.08742096768218972,4
490136,1,5,0.06931289893396213,4
490140,1,5,0.25002333427233475,4
490141,1,5,-0.2863343902326748,2
490143,1,5,0.3101373026789238,4
490144,1,5,-0.20978378502538123,3
490145,0,3,0.14001427798086835,NA
491300,0,2,-0.13619659554681213,NA
491302,1,4,0.5737910219619533,4
491303,0,1,0.9545240089476201,NA
491304,1,4,-0.12053361761516473,2
491305,1,4,0.4404998258667468,4
491307,0,3,1.1219617426919304,NA
491308,1,4,0.4032631114285778,4
491309,0,1,1.1206323033619556,NA
500002,1,5,-0.15337182883353498,3
500003,1,5,-0.06779734766587103,3
500005,1,5,0.8738737981839809,5
500007,1,5,0.6867407865511103,5
500008,1,5,-0.11792012430836857,3
500011,1,5,-0.2651461886392358,3
500014,1,5,-0.154146213567467,3
500015,1,5,-0.9093867459215641,1
500016,1,5,0.3752932414408729,4
500019,1,5,-0.10402089015770989,3
500021,1,5,0.04279866427399517,3
500024,1,5,-0.2400768051280852,3
500025,1,5,0.029459219136811376,3
500026,1,5,-0.5758016787351731,2
500027,1,5,0.5773416728606353,5
500030,1,5,0.3115091050034588,4
500031,1,5,-0.5397067183165303,2
500033,1,5,0.06687011938105084,4
500036,1,5,-0.6936978909801418,1
500037,0,3,0.047728815742561104,NA
500039,1,5,0.03982089735941451,3
500041,1,5,-0.18374090960656658,3
500044,1,5,0.2906485976480626,4
500050,1,5,0.2408323062760554,4
500051,1,5,0.06510695517864946,4
500052,0,0,1.773039099809393,NA
500053,1,5,-0.8972054981283427,1
500054,1,5,-0.25929798503108065,3
500058,1,5,-0.024850382018800833,3
500060,1,4,-0.8848927577643075,1
500064,1,5,-0.904146017851523,1
500072,1,5,0.061267150781150845,4
500077,1,5,-0.20294183832398244,3
500079,1,5,-0.6922857712133987,1
500084,0,1,-0.016360749911977876,NA
500088,1,5,-0.4097333729946696,2
500108,1,5,0.19317935179115658,4
500119,1,5,0.28813288411761934,4
50011F,1,4,1.7098924935301671,5
500124,1,5,0.6602725913186733,5
500129,1,5,-0.4799848336778205,2
500139,1,5,-0.02649713399891178,3
500141,1,5,-0.047072157881376794,3
500148,0,2,0.26254275057520193,NA
500150,1,5,0.13902679217325253,4
500151,1,5,0.0848678852713783,4
500152,1,5,0.3650505596234298,4
500154,1,4,0.7321560086173543,5
50030F,1,5,0.32207690247365633,4
501302,0,0,0.38353791819850747,NA
501303,0,1,0.7122713862651165,NA
501304,0,2,-0.4967238925592707,NA
501305,0,0,0.27570080343221715,NA
501307,0,0,1.3648015599377181,NA
501308,0,1,-1.4850521573459505,NA
501309,0,1,0.028647746186962503,NA
501310,0,1,-0.23310675730082936,NA
501311,0,0,-3.3619593759100943,NA
501312,0,3,0.4123006745743497,NA
501313,0,0,-0.36863338865846706,NA
501314,0,1,-0.5785719502961542,NA
501315,0,0,1.0554136719213019,NA
501316,0,1,0.0583143262236334,NA
501317,0,1,-2.4965113685850917,NA
501318,0,0,-0.11795428770345676,NA
501319,0,1,0.35156416042663874,NA
501320,0,0,1.5768572078345997,NA
501321,0,1,-0.4144454281662122,NA
501322,0,0,0.46084552621978947,NA
501323,1,4,0.4507146066461321,4
501324,0,0,-0.11399501181429114,NA
501325,0,1,-0.7024454181786243,NA
501326,1,4,0.33826265092055097,4
501327,1,3,-0.5258196506487175,2
501328,0,2,0.28503914585227175,NA
501329,1,3,-0.453767762979979,3
501330,1,4,-0.6299660089513628,1
501331,1,4,0.8105170598791593,5
501332,1,4,0.24239207339090085,3
501333,0,3,0.576475620697744,NA
501334,0,1,0.12971960774359687,NA
501335,0,3,0.138051468686251,NA
501336,1,4,-0.5374639296720363,1
501337,1,4,0.27949695770018823,4
501338,0,0,1.3847262911516243,NA
501339,1,4,-0.6250490859049678,1
501340,0,2,0.26985052763721584,NA
510001,1,5,-0.4531002614811476,2
510002,1,5,-0.3482742978470908,2
510006,1,5,0.3772340104876321,4
510007,1,5,-0.5010933340870035,2
510008,1,5,-0.7434312542726571,1
510012,1,4,-0.621094881544876,1
510013,1,5,-0.31105563275892,2
510022,1,5,-0.8073520807123509,1
510023,1,5,-0.43165411574422097,2
510024,1,5,-0.11105536045782857,3
510029,1,5,-0.9445114424579157,1
51002F,1,4,0.8492196811207408,5
510030,1,5,-0.20064049209849694,3
510031,0,1,0.9842444292285869,NA
510038,1,5,0.026660945698222013,3
51003F,1,4,0.6553738646942435,4
510046,1,5,-1.0810779287998236,1
510048,1,5,-0.29212609084779145,2
51004F,1,5,0.44405610159845155,5
510050,1,5,-0.861983048749685,1
510055,1,5,-0.21910712044990802,3
510058,1,5,-0.17382311506047035,3
51005F,1,4,0.8094458609309643,5
510062,1,5,-1.0048287738928732,1
510070,1,5,-1.0424478824478847,1
510072,0,2,0.5660963637915805,NA
510086,0,1,-0.12662203347639786,NA
510091,0,2,0.6397519687691787,NA
510093,0,1,0.9194435830116856,NA
511300,0,1,0.8435910131478523,NA
511301,0,1,0.019589371642323744,NA
511303,0,1,-0.23507740958651752,NA
511304,0,1,0.2763607630887004,NA
511306,0,1,0.22510801180602028,NA
511307,0,2,0.12301711221925388,NA
511308,0,1,0.5451637328434273,NA
511309,0,2,0.8696775834511694,NA
511310,0,1,-0.4518553293230517,NA
511311,0,1,0.9930402565955021,NA
511312,0,1,0.32432526772339404,NA
511313,0,3,-0.9787378885045422,NA
511314,0,1,0.6686475125315895,NA
511315,1,4,0.4229450313550318,4
511316,1,4,0.9871570132185887,5
511317,1,4,0.09334530015167847,3
511318,0,0,-0.07615473687574609,NA
511319,1,4,0.17187826073508056,3
511320,0,3,0.14942874572984333,NA
511321,0,3,-0.3422731272413174,NA
511322,0,0,-0.5985460469276213,NA
520002,1,5,0.35053431876999047,4
520004,1,5,0.5997307280478418,5
520008,1,5,0.3711320096741689,4
520009,1,5,0.31086924429844065,4
520011,1,5,-0.04394338329212116,3
520013,1,5,0.21879323097150588,4
520017,0,2,0.8674788298803932,NA
520019,1,4,0.031156933286190777,3
520021,1,5,-0.7797148476914854,1
520028,1,5,0.22602680221302773,4
52002F,0,0,-1.6298589321852046,NA
520030,1,5,0.13045450281704804,4
520033,1,5,-0.06523112483921908,3
520034,0,3,0.987327125963049,NA
520035,1,5,0.2681343372800254,4
520037,1,5,-0.24031053863621435,3
520038,1,4,0.698852360188008,5
52003F,1,5,-0.04988873295964718,3
520041,1,5,0.18959249961753355,4
520044,1,4,0.11087485477050397,3
520045,1,5,0.5267861043011581,5
520049,1,5,0.5815280650191922,5
52004F,1,5,0.26209187082121493,4
520051,1,5,-0.07718260948936449,3
520057,1,4,0.24362755750183876,3
520059,1,4,0.6154533239494593,4
520062,1,5,0.6540795017941647,5
520063,1,5,0.18887639627747682,4
520066,1,5,-0.24309347915473717,3
520070,1,5,0.905009964985038,5
520071,0,3,-0.25106839684718235,NA
520075,1,5,0.20754615343593857,4
520076,1,4,-0.455842677351748,2
520078,1,5,0.31726766098717585,4
520083,1,5,0.45710872764812327,5
520087,1,5,0.20602963256010548,4
520088,1,5,0.19344643892204086,4
520089,1,5,0.576635480972368,5
520091,1,5,0.5758082551622454,5
520095,1,5,0.7924093127263296,5
520096,1,5,-0.1837742370353257,3
520097,1,5,0.0545513571671922,4
520098,1,5,0.341768422524892,4
520100,1,5,0.1633267384053033,4
520102,1,5,0.4739753790257234,5
520103,1,5,0.01853550426244398,3
520107,1,4,-0.021785492929958183,3
520109,0,3,0.20033263344109248,NA
520113,1,5,0.3057024663147859,4
520116,1,5,0.39312172660717304,4
520136,1,5,0.27099599328465246,4
520138,1,5,-0.0503727159570879,3
520139,1,5,0.29343378528157804,4
520160,1,5,0.3464475500170305,4
520177,1,5,0.4537095089229271,5
520189,1,5,0.3350465198977953,4
520193,1,5,0.4652970771628264,5
520194,0,2,1.6010863223199927,NA
520196,0,3,1.043659565332264,NA
520198,1,5,0.2826690111834773,4
520202,1,5,-0.09852505248671338,3
520205,0,2,0.9980579372037353,NA
520206,1,5,0.3253166642064149,4
520207,1,5,0.6098735808010856,5
520208,1,4,0.3190108027474541,4
520210,1,5,-0.06391811780464941,3
520212,1,4,-0.23057986878232076,2
520213,0,2,1.1467887853550316,NA
520214,0,2,1.377485735309766,NA
520215,0,2,0.2880931419335043,NA
521300,0,1,0.19763348740765235,NA
521302,0,1,0.03257650203560955,NA
521303,0,1,-0.033331989257267075,NA
521304,0,1,0.4239173759141338,NA
521305,0,1,1.2692225289551333,NA
521307,0,1,0.5162633795029365,NA
521308,0,3,0.447628019024273,NA
521309,0,1,0.30071661922692694,NA
521310,0,1,0.22209720202901953,NA
521311,0,2,0.6029518968440205,NA
521312,0,2,1.1587368266298892,NA
521313,0,1,-1.1346358466819917,NA
521314,0,1,-0.6749102565389467,NA
521315,1,4,0.17179318828807516,3
521316,0,0,0.41406904625340674,NA
521317,0,1,0.4534378465251082,NA
521318,0,2,0.7925562576657209,NA
521319,0,2,1.095089632693111,NA
521320,0,3,0.2982166937479841,NA
521321,0,1,0.33822738266832364,NA
521322,0,2,-0.9155414426349704,NA
521323,0,1,0.6237081942528115,NA
521324,0,3,-0.033770821980624685,NA
521325,0,1,-0.6941712652672383,NA
521326,0,3,-1.3130113247987125,NA
521327,0,3,1.0971627407584286,NA
521328,0,1,1.1112259563185052,NA
521329,0,2,0.10281892050328237,NA
521330,0,3,1.1282706195511527,NA
521331,0,1,-0.419347147854598,NA
521332,0,2,0.046343276027292435,NA
521333,0,3,0.5107968353653972,NA
521334,0,3,0.038518443661005944,NA
521335,0,3,0.1402451510271171,NA
521336,0,3,0.6307022304873384,NA
521337,1,4,0.2139613157689198,3
521338,0,3,0.5497069024938914,NA
521339,0,1,0.8768308610996624,NA
521340,1,4,0.6851425864361049,5
521341,0,3,-0.059624571634383935,NA
521342,0,0,-0.35047088315769565,NA
521343,0,3,0.3460334778473393,NA
521344,0,1,-0.007075138505806516,NA
521345,0,3,0.7052999342717757,NA
521346,0,3,0.17109732953355625,NA
521347,0,2,0.3014311898905138,NA
521348,1,4,1.0397607517857888,5
521349,0,2,0.9023658004219925,NA
521350,0,3,-0.9985749216208608,NA
521351,1,4,0.7691700192360805,5
521352,0,3,0.7540794044699654,NA
521353,0,1,0.5478027919614389,NA
521354,0,2,0.4731584650763674,NA
521355,0,3,-0.1687006073375255,NA
521356,0,1,0.8220973366993847,NA
521357,1,4,0.7175329834609283,5
521358,1,4,0.33906858655923666,4
521359,1,4,-0.0012951860588040001,3
530002,1,4,-0.5006051241507732,2
530006,1,5,0.2268161763186517,4
530008,1,5,-1.0494025800637419,1
530011,1,4,0.4164880723250346,4
530012,1,5,-0.1346886281873616,3
530014,1,5,0.29303736352437476,4
530015,1,5,0.7967710440989508,5
530025,0,3,-0.09007889079681522,NA
530032,0,3,0.3947961050541384,NA
530034,0,0,-0.24171239790310722,NA
53004F,1,4,0.7255928295392041,5
53005F,0,0,1.086900515425381,NA
531301,0,1,0.1681307264417157,NA
531302,0,3,0.4644233425610384,NA
531303,0,0,0.5120193251139928,NA
531304,0,2,-0.5704547366471245,NA
531305,0,2,0.021262609424087052,NA
531306,0,2,0.5825562534130108,NA
531307,0,2,-0.05538900356587312,NA
531308,0,0,-1.475059788497111,NA
531309,0,1,0.25901256225730435,NA
531310,0,3,0.6715693472204233,NA
531311,0,0,0.33446954102471343,NA
531312,1,5,-0.40744082352418604,2
531313,0,3,0.9888522263681794,NA
531314,0,0,0.42662738821569074,NA
531315,0,0,-0.4998824981914912,NA
531316,0,1,0.09394006319600107,NA
640001,0,0,2.160109051213006,NA
650001,1,3,-0.6942803941899125,2
660001,0,2,-0.45644156020998317,NA
670005,0,2,0.03002533032364793,NA
670006,0,3,0.439804643601253,NA
670008,0,3,0.9222975354261851,NA
670010,0,0,-2.7886486743409256,NA
670023,1,5,-0.1993953398588782,3
670025,1,5,1.1962339276787264,5
670031,1,5,0.17798741623579195,4
670034,1,5,-0.01462797255862915,3
670041,1,5,0.5053932692700062,5
670043,1,5,0.2847302203850878,4
670044,1,5,0.5967421921863337,5
670047,1,5,-0.1693955967600297,3
670049,0,3,1.3411704190198275,NA
670053,1,4,-0.02401783827977133,3
670054,0,3,0.17325929420195857,NA
670055,1,5,0.13924519111611355,4
670056,1,5,0.4176804527572669,5
670059,0,3,0.9436337755598997,NA
670060,1,5,-0.5243318433252104,2
670061,1,3,-0.3594313074979562,3
670062,0,1,0.45086266382187656,NA
670067,0,3,0.38314996104646654,NA
670068,1,5,0.5250913745379018,5
670069,0,3,-0.3003919999799674,NA
670071,1,3,0.6264020192971866,5
670073,1,4,0.4317570165476431,4
670075,1,5,0.05564234869171604,4
670076,1,4,-0.35917306878488475,2
670077,1,5,0.5619415407215563,5
670078,1,4,0.4584936976330439,4
670080,1,5,0.2736031697264283,4
670082,1,5,0.393367549703182,4
670085,1,5,0.3906644342437513,4
670088,1,5,0.22410640844620905,4
670090,1,3,-0.5926402698414658,2
670093,0,0,-1.3391163511870277,NA
670098,1,5,-0.22826446947347243,3
670102,0,2,-0.098632624422057,NA
670103,1,5,0.5098782769736513,5
670106,1,5,-0.1417486584410874,3
670107,0,1,0.3566395771958009,NA
670108,1,5,1.0062323980022907,5
670109,0,0,0.11137914365315242,NA
670112,0,3,1.1635322405531998,NA
670116,0,2,0.13896784413088165,NA
670120,1,5,-0.8267224116450866,1
670121,0,0,0.11137914365315242,NA
670122,1,5,0.5996240094166286,5
670124,0,1,1.1611208728858724,NA
670128,0,3,0.8425912133748423,NA
670131,0,1,0.004621893444919867,NA
670132,0,2,0.2979044339358178,NA
670134,0,1,0.7191629366132422,NA
670136,0,2,0.43983481658652623,NA
670143,0,1,0.5279189047338205,NA
670259,0,1,0.7932815434192961,NA
670260,1,4,0.057474263333322326,3
670265,0,2,-0.10511801477890653,NA
670266,0,1,-0.009944777129207938,NA
670267,0,1,0.08624260180852662,NA
670285,0,1,0.7251392773235416,NA
670300,1,4,0.5297419226790954,4
670309,1,4,-0.008647864540598516,3
670310,0,1,1.4502946036220854,NA
670314,0,1,1.2362890397885866,NA
670319,0,0,-6.966561511239135,NA
